ISO-10303-21;
HEADER;
FILE_DESCRIPTION(('ViewDefinition[DesignTransferView]'),'2;1');
FILE_NAME('BCN-IVO-ZZ-XX-M3-A-0002.ifc','2026-08-28T00:00:00',('Reference Models'),('IFC Viewer Online'),'IfcOpenShell 0.8.6-alpha260809','Bonsai 0.8.6-alpha260809-f05dd4a (Blender 4.5.12 LTS)','IFC Viewer Online');
FILE_SCHEMA(('IFC4'));
ENDSEC;
DATA;
#1=IFCPROJECT('28rVpZtUPPz8uNKGH3H9YJ',$,'Hotel Vela','Architectural model - sail envelope, podium and roof','Reference model','Sail-form hotel at the entrance to Port Vell, Barcelona - Architecture','REFERENCE',(#10,#22),#5);
#2=IFCSIUNIT(*,.LENGTHUNIT.,$,.METRE.);
#3=IFCSIUNIT(*,.AREAUNIT.,$,.SQUARE_METRE.);
#4=IFCSIUNIT(*,.VOLUMEUNIT.,$,.CUBIC_METRE.);
#5=IFCUNITASSIGNMENT((#2,#3,#4));
#6=IFCCARTESIANPOINT((0.,0.,0.));
#7=IFCDIRECTION((0.,0.,1.));
#8=IFCDIRECTION((1.,0.,0.));
#9=IFCAXIS2PLACEMENT3D(#6,#7,#8);
#10=IFCGEOMETRICREPRESENTATIONCONTEXT($,'Model',3,1.E-05,#9,$);
#11=IFCGEOMETRICREPRESENTATIONSUBCONTEXT('Body','Model',*,*,*,*,#10,$,.MODEL_VIEW.,$);
#12=IFCGEOMETRICREPRESENTATIONSUBCONTEXT('Axis','Model',*,*,*,*,#10,$,.GRAPH_VIEW.,$);
#13=IFCGEOMETRICREPRESENTATIONSUBCONTEXT('Box','Model',*,*,*,*,#10,$,.MODEL_VIEW.,$);
#14=IFCGEOMETRICREPRESENTATIONSUBCONTEXT('Annotation','Model',*,*,*,*,#10,$,.SECTION_VIEW.,$);
#15=IFCGEOMETRICREPRESENTATIONSUBCONTEXT('Annotation','Model',*,*,*,*,#10,$,.ELEVATION_VIEW.,$);
#16=IFCGEOMETRICREPRESENTATIONSUBCONTEXT('Annotation','Model',*,*,*,*,#10,$,.MODEL_VIEW.,$);
#17=IFCGEOMETRICREPRESENTATIONSUBCONTEXT('Annotation','Model',*,*,*,*,#10,$,.PLAN_VIEW.,$);
#18=IFCGEOMETRICREPRESENTATIONSUBCONTEXT('Profile','Model',*,*,*,*,#10,$,.ELEVATION_VIEW.,$);
#19=IFCCARTESIANPOINT((0.,0.));
#20=IFCDIRECTION((1.,0.));
#21=IFCAXIS2PLACEMENT2D(#19,#20);
#22=IFCGEOMETRICREPRESENTATIONCONTEXT($,'Plan',2,1.E-05,#21,$);
#23=IFCGEOMETRICREPRESENTATIONSUBCONTEXT('Axis','Plan',*,*,*,*,#22,$,.GRAPH_VIEW.,$);
#24=IFCGEOMETRICREPRESENTATIONSUBCONTEXT('Body','Plan',*,*,*,*,#22,$,.PLAN_VIEW.,$);
#25=IFCGEOMETRICREPRESENTATIONSUBCONTEXT('Annotation','Plan',*,*,*,*,#22,$,.PLAN_VIEW.,$);
#26=IFCGEOMETRICREPRESENTATIONSUBCONTEXT('Annotation','Plan',*,*,*,*,#22,$,.REFLECTED_PLAN_VIEW.,$);
#27=IFCSITE('0jpXMOmebLghOdW6M8ShtA',$,'Placa de la Rosa dels Vents','Georeferenced to ETRS89 / UTM 31N on the building''s own footprint',$,#50,$,'Seaward tip of the Barceloneta spit, at the entrance to Port Vell',.ELEMENT.,(41,22,7,348800),(2,11,25,18800),2.5,$,$);
#33=IFCBUILDING('34vHgg1xnOyBvd_FJ5v6D7',$,'Hotel Vela',$,$,#56,$,'Sail-form hotel, 27 storeys above ground, 98.80 m',.ELEMENT.,$,$,$);
#39=IFCBUILDINGSTOREY('2jkOoIN19PJBd$EG7Dkkjo',$,'B02',$,$,#62,$,'Basement 2 - parking and plant',.ELEMENT.,-8.4);
#45=IFCRELAGGREGATES('1QYIWRSGXTcBBYfGmre0pM',$,$,$,#1,(#27));
#46=IFCCARTESIANPOINT((0.,0.,0.));
#47=IFCDIRECTION((0.,0.,1.));
#48=IFCDIRECTION((1.,0.,0.));
#49=IFCAXIS2PLACEMENT3D(#46,#47,#48);
#50=IFCLOCALPLACEMENT($,#49);
#51=IFCRELAGGREGATES('3jBXon_f1KuOKiUBhdeeLA',$,$,$,#27,(#33));
#52=IFCCARTESIANPOINT((0.,0.,0.));
#53=IFCDIRECTION((0.,0.,1.));
#54=IFCDIRECTION((1.,0.,0.));
#55=IFCAXIS2PLACEMENT3D(#52,#53,#54);
#56=IFCLOCALPLACEMENT(#50,#55);
#57=IFCRELAGGREGATES('1fahCCHFfPTfOnfoO49Ili',$,$,$,#33,(#39,#65,#72,#79,#86,#93,#100,#107,#114,#121,#128,#135,#142,#149,#156,#163,#170,#177,#184,#191,#198,#205,#212,#219,#226,#233,#240,#247,#254,#261));
#58=IFCCARTESIANPOINT((0.,0.,0.));
#59=IFCDIRECTION((0.,0.,1.));
#60=IFCDIRECTION((1.,0.,0.));
#61=IFCAXIS2PLACEMENT3D(#58,#59,#60);
#62=IFCLOCALPLACEMENT(#56,#61);
#63=IFCPROJECTEDCRS('EPSG:25831','ETRS89 / UTM zone 31N - the CRS Catalan survey is delivered in','ETRS89','EVRF2000',$,$,#2);
#64=IFCMAPCONVERSION(#10,#63,432282.17,4580004.72,2.5,1.,0.,1.);
#65=IFCBUILDINGSTOREY('2ELAp8jCbI1AA9ODPX0LCH',$,'B01',$,$,#71,$,'Basement 1 - parking and plant',.ELEMENT.,-4.2);
#67=IFCCARTESIANPOINT((0.,0.,-4.2));
#68=IFCDIRECTION((0.,0.,1.));
#69=IFCDIRECTION((1.,0.,0.));
#70=IFCAXIS2PLACEMENT3D(#67,#68,#69);
#71=IFCLOCALPLACEMENT(#56,#70);
#72=IFCBUILDINGSTOREY('1VrhlYR6DKzAprbufUrOUB',$,'Ground',$,$,#78,$,'Ground floor - lobby, arrival and beach frontage',.ELEMENT.,0.);
#74=IFCCARTESIANPOINT((0.,0.,0.));
#75=IFCDIRECTION((0.,0.,1.));
#76=IFCDIRECTION((1.,0.,0.));
#77=IFCAXIS2PLACEMENT3D(#74,#75,#76);
#78=IFCLOCALPLACEMENT(#56,#77);
#79=IFCBUILDINGSTOREY('0kgkYluwPIyQfq7cLw9xaa',$,'Level 01',$,$,#85,$,'Level 01 - podium roof, restaurant and pool terrace',.ELEMENT.,6.);
#81=IFCCARTESIANPOINT((0.,0.,6.));
#82=IFCDIRECTION((0.,0.,1.));
#83=IFCDIRECTION((1.,0.,0.));
#84=IFCAXIS2PLACEMENT3D(#81,#82,#83);
#85=IFCLOCALPLACEMENT(#56,#84);
#86=IFCBUILDINGSTOREY('1pzxqMN0fLUQcb9LyWlgWa',$,'Level 02',$,$,#92,$,'Level 02 - guest rooms',.ELEMENT.,9.57);
#88=IFCCARTESIANPOINT((0.,0.,9.57));
#89=IFCDIRECTION((0.,0.,1.));
#90=IFCDIRECTION((1.,0.,0.));
#91=IFCAXIS2PLACEMENT3D(#88,#89,#90);
#92=IFCLOCALPLACEMENT(#56,#91);
#93=IFCBUILDINGSTOREY('0th18MY9TK5e$0ZC0Fz4H3',$,'Level 03',$,$,#99,$,'Level 03 - guest rooms',.ELEMENT.,13.14);
#95=IFCCARTESIANPOINT((0.,0.,13.14));
#96=IFCDIRECTION((0.,0.,1.));
#97=IFCDIRECTION((1.,0.,0.));
#98=IFCAXIS2PLACEMENT3D(#95,#96,#97);
#99=IFCLOCALPLACEMENT(#56,#98);
#100=IFCBUILDINGSTOREY('3wW6HJnL1P0eXSv2lWx_HI',$,'Level 04',$,$,#106,$,'Level 04 - guest rooms',.ELEMENT.,16.71);
#102=IFCCARTESIANPOINT((0.,0.,16.71));
#103=IFCDIRECTION((0.,0.,1.));
#104=IFCDIRECTION((1.,0.,0.));
#105=IFCAXIS2PLACEMENT3D(#102,#103,#104);
#106=IFCLOCALPLACEMENT(#56,#105);
#107=IFCBUILDINGSTOREY('3tpMk9zoPV3gBsFpOZ0Y8_',$,'Level 05',$,$,#113,$,'Level 05 - guest rooms',.ELEMENT.,20.28);
#109=IFCCARTESIANPOINT((0.,0.,20.28));
#110=IFCDIRECTION((0.,0.,1.));
#111=IFCDIRECTION((1.,0.,0.));
#112=IFCAXIS2PLACEMENT3D(#109,#110,#111);
#113=IFCLOCALPLACEMENT(#56,#112);
#114=IFCBUILDINGSTOREY('2PY8eW3VXL2B$lhbMvckO$',$,'Level 06',$,$,#120,$,'Level 06 - guest rooms',.ELEMENT.,23.85);
#116=IFCCARTESIANPOINT((0.,0.,23.85));
#117=IFCDIRECTION((0.,0.,1.));
#118=IFCDIRECTION((1.,0.,0.));
#119=IFCAXIS2PLACEMENT3D(#116,#117,#118);
#120=IFCLOCALPLACEMENT(#56,#119);
#121=IFCBUILDINGSTOREY('0awkNJyCbSMub5mUhjgfwX',$,'Level 07',$,$,#127,$,'Level 07 - guest rooms',.ELEMENT.,27.42);
#123=IFCCARTESIANPOINT((0.,0.,27.42));
#124=IFCDIRECTION((0.,0.,1.));
#125=IFCDIRECTION((1.,0.,0.));
#126=IFCAXIS2PLACEMENT3D(#123,#124,#125);
#127=IFCLOCALPLACEMENT(#56,#126);
#128=IFCBUILDINGSTOREY('0PTk77sxvHtBXQU_N1joH9',$,'Level 08',$,$,#134,$,'Level 08 - guest rooms',.ELEMENT.,30.98);
#130=IFCCARTESIANPOINT((0.,0.,30.98));
#131=IFCDIRECTION((0.,0.,1.));
#132=IFCDIRECTION((1.,0.,0.));
#133=IFCAXIS2PLACEMENT3D(#130,#131,#132);
#134=IFCLOCALPLACEMENT(#56,#133);
#135=IFCBUILDINGSTOREY('27kZMk9xDOqxai7Y8ID$UM',$,'Level 09',$,$,#141,$,'Level 09 - guest rooms',.ELEMENT.,34.55);
#137=IFCCARTESIANPOINT((0.,0.,34.55));
#138=IFCDIRECTION((0.,0.,1.));
#139=IFCDIRECTION((1.,0.,0.));
#140=IFCAXIS2PLACEMENT3D(#137,#138,#139);
#141=IFCLOCALPLACEMENT(#56,#140);
#142=IFCBUILDINGSTOREY('2HgYWKeBPV5v8JxmueV2gc',$,'Level 10',$,$,#148,$,'Level 10 - guest rooms',.ELEMENT.,38.12);
#144=IFCCARTESIANPOINT((0.,0.,38.12));
#145=IFCDIRECTION((0.,0.,1.));
#146=IFCDIRECTION((1.,0.,0.));
#147=IFCAXIS2PLACEMENT3D(#144,#145,#146);
#148=IFCLOCALPLACEMENT(#56,#147);
#149=IFCBUILDINGSTOREY('0OhkgPDerP4RJuuOwKS4_x',$,'Level 11',$,$,#155,$,'Level 11 - guest rooms',.ELEMENT.,41.69);
#151=IFCCARTESIANPOINT((0.,0.,41.69));
#152=IFCDIRECTION((0.,0.,1.));
#153=IFCDIRECTION((1.,0.,0.));
#154=IFCAXIS2PLACEMENT3D(#151,#152,#153);
#155=IFCLOCALPLACEMENT(#56,#154);
#156=IFCBUILDINGSTOREY('28gDH9ORTHcPSMzzq9ozuK',$,'Level 12',$,$,#162,$,'Level 12 - guest rooms',.ELEMENT.,45.26);
#158=IFCCARTESIANPOINT((0.,0.,45.26));
#159=IFCDIRECTION((0.,0.,1.));
#160=IFCDIRECTION((1.,0.,0.));
#161=IFCAXIS2PLACEMENT3D(#158,#159,#160);
#162=IFCLOCALPLACEMENT(#56,#161);
#163=IFCBUILDINGSTOREY('34oHOTmWfIIfjfJzTX4qKP',$,'Level 13',$,$,#169,$,'Level 13 - guest rooms',.ELEMENT.,48.83);
#165=IFCCARTESIANPOINT((0.,0.,48.83));
#166=IFCDIRECTION((0.,0.,1.));
#167=IFCDIRECTION((1.,0.,0.));
#168=IFCAXIS2PLACEMENT3D(#165,#166,#167);
#169=IFCLOCALPLACEMENT(#56,#168);
#170=IFCBUILDINGSTOREY('0VY7d7XgLSRfv7vMGTxjq7',$,'Level 14',$,$,#176,$,'Level 14 - guest rooms',.ELEMENT.,52.4);
#172=IFCCARTESIANPOINT((0.,0.,52.4));
#173=IFCDIRECTION((0.,0.,1.));
#174=IFCDIRECTION((1.,0.,0.));
#175=IFCAXIS2PLACEMENT3D(#172,#173,#174);
#176=IFCLOCALPLACEMENT(#56,#175);
#177=IFCBUILDINGSTOREY('2GrrxQwIzLthcfJPRFzKVA',$,'Level 15',$,$,#183,$,'Level 15 - guest rooms',.ELEMENT.,55.97);
#179=IFCCARTESIANPOINT((0.,0.,55.97));
#180=IFCDIRECTION((0.,0.,1.));
#181=IFCDIRECTION((1.,0.,0.));
#182=IFCAXIS2PLACEMENT3D(#179,#180,#181);
#183=IFCLOCALPLACEMENT(#56,#182);
#184=IFCBUILDINGSTOREY('3TQVDg4NPHwvsM$1UeNu5O',$,'Level 16',$,$,#190,$,'Level 16 - guest rooms',.ELEMENT.,59.54);
#186=IFCCARTESIANPOINT((0.,0.,59.54));
#187=IFCDIRECTION((0.,0.,1.));
#188=IFCDIRECTION((1.,0.,0.));
#189=IFCAXIS2PLACEMENT3D(#186,#187,#188);
#190=IFCLOCALPLACEMENT(#56,#189);
#191=IFCBUILDINGSTOREY('3ZKsA1fhfM1wwfMbEHdJDV',$,'Level 17',$,$,#197,$,'Level 17 - guest rooms',.ELEMENT.,63.11);
#193=IFCCARTESIANPOINT((0.,0.,63.11));
#194=IFCDIRECTION((0.,0.,1.));
#195=IFCDIRECTION((1.,0.,0.));
#196=IFCAXIS2PLACEMENT3D(#193,#194,#195);
#197=IFCLOCALPLACEMENT(#56,#196);
#198=IFCBUILDINGSTOREY('0TBaH2FRvT_9C4LmWz3AcR',$,'Level 18',$,$,#204,$,'Level 18 - guest rooms',.ELEMENT.,66.68);
#200=IFCCARTESIANPOINT((0.,0.,66.68));
#201=IFCDIRECTION((0.,0.,1.));
#202=IFCDIRECTION((1.,0.,0.));
#203=IFCAXIS2PLACEMENT3D(#200,#201,#202);
#204=IFCLOCALPLACEMENT(#56,#203);
#205=IFCBUILDINGSTOREY('2muvAf6hXRWPEnA$ntam5H',$,'Level 19',$,$,#211,$,'Level 19 - guest rooms',.ELEMENT.,70.25);
#207=IFCCARTESIANPOINT((0.,0.,70.25));
#208=IFCDIRECTION((0.,0.,1.));
#209=IFCDIRECTION((1.,0.,0.));
#210=IFCAXIS2PLACEMENT3D(#207,#208,#209);
#211=IFCLOCALPLACEMENT(#56,#210);
#212=IFCBUILDINGSTOREY('2MsjkmS$9KcwDolRWz2Q9l',$,'Level 20',$,$,#218,$,'Level 20 - guest rooms',.ELEMENT.,73.81);
#214=IFCCARTESIANPOINT((0.,0.,73.81));
#215=IFCDIRECTION((0.,0.,1.));
#216=IFCDIRECTION((1.,0.,0.));
#217=IFCAXIS2PLACEMENT3D(#214,#215,#216);
#218=IFCLOCALPLACEMENT(#56,#217);
#219=IFCBUILDINGSTOREY('0gbNNIZavUhApC8ejOmn5A',$,'Level 21',$,$,#225,$,'Level 21 - guest rooms',.ELEMENT.,77.38);
#221=IFCCARTESIANPOINT((0.,0.,77.38));
#222=IFCDIRECTION((0.,0.,1.));
#223=IFCDIRECTION((1.,0.,0.));
#224=IFCAXIS2PLACEMENT3D(#221,#222,#223);
#225=IFCLOCALPLACEMENT(#56,#224);
#226=IFCBUILDINGSTOREY('2oMacZU$bPMOqAGlp$opeN',$,'Level 22',$,$,#232,$,'Level 22 - guest rooms',.ELEMENT.,80.95);
#228=IFCCARTESIANPOINT((0.,0.,80.95));
#229=IFCDIRECTION((0.,0.,1.));
#230=IFCDIRECTION((1.,0.,0.));
#231=IFCAXIS2PLACEMENT3D(#228,#229,#230);
#232=IFCLOCALPLACEMENT(#56,#231);
#233=IFCBUILDINGSTOREY('2b_63PcL9J1hRIBad9nfc8',$,'Level 23',$,$,#239,$,'Level 23 - guest rooms',.ELEMENT.,84.52);
#235=IFCCARTESIANPOINT((0.,0.,84.52));
#236=IFCDIRECTION((0.,0.,1.));
#237=IFCDIRECTION((1.,0.,0.));
#238=IFCAXIS2PLACEMENT3D(#235,#236,#237);
#239=IFCLOCALPLACEMENT(#56,#238);
#240=IFCBUILDINGSTOREY('27hub9jSLIofiodbdZJj1a',$,'Level 24',$,$,#246,$,'Level 24 - guest rooms',.ELEMENT.,88.09);
#242=IFCCARTESIANPOINT((0.,0.,88.09));
#243=IFCDIRECTION((0.,0.,1.));
#244=IFCDIRECTION((1.,0.,0.));
#245=IFCAXIS2PLACEMENT3D(#242,#243,#244);
#246=IFCLOCALPLACEMENT(#56,#245);
#247=IFCBUILDINGSTOREY('0_9wr5RhrNS8F5rB4KAUuv',$,'Level 25',$,$,#253,$,'Level 25 - guest rooms',.ELEMENT.,91.66);
#249=IFCCARTESIANPOINT((0.,0.,91.66));
#250=IFCDIRECTION((0.,0.,1.));
#251=IFCDIRECTION((1.,0.,0.));
#252=IFCAXIS2PLACEMENT3D(#249,#250,#251);
#253=IFCLOCALPLACEMENT(#56,#252);
#254=IFCBUILDINGSTOREY('0idWQP3DPIwPwe7bpvbqVK',$,'Level 26',$,$,#260,$,'Level 26 - guest rooms',.ELEMENT.,95.23);
#256=IFCCARTESIANPOINT((0.,0.,95.23));
#257=IFCDIRECTION((0.,0.,1.));
#258=IFCDIRECTION((1.,0.,0.));
#259=IFCAXIS2PLACEMENT3D(#256,#257,#258);
#260=IFCLOCALPLACEMENT(#56,#259);
#261=IFCBUILDINGSTOREY('1JaAoxD_bRIQ3zV_iZm3Yy',$,'Roof',$,$,#267,$,'Roof - plant, tanks and terrace',.ELEMENT.,98.8);
#263=IFCCARTESIANPOINT((0.,0.,98.8));
#264=IFCDIRECTION((0.,0.,1.));
#265=IFCDIRECTION((1.,0.,0.));
#266=IFCAXIS2PLACEMENT3D(#263,#264,#265);
#267=IFCLOCALPLACEMENT(#56,#266);
#268=IFCCLASSIFICATION('IFC Viewer Online','2026',$,'Reference Element Classification','In-house element codes for the reference models',$,$);
#269=IFCRELASSOCIATESCLASSIFICATION('2_adepvCzIcegUMilH031B',$,$,$,(#1),#268);
#270=IFCMATERIAL('Solar Control Glazing',$,'glass');
#271=IFCMATERIAL('Anodised Aluminium',$,'metal');
#272=IFCMATERIAL('White Render',$,'masonry');
#273=IFCMATERIAL('Concrete C35/45',$,'concrete');
#274=IFCPLATETYPE('3ffszhCjnKBfeMlaX4rsDD',$,'PLT-180-Glazed Unit',$,$,$,$,$,$,.SHEET.);
#275=IFCMATERIALLAYERSET((#276),'PLT-180-Glazed Unit',$);
#276=IFCMATERIALLAYER(#270,0.18,$,'Solar Control Glazing',$,$,$);
#277=IFCRELASSOCIATESMATERIAL('0SkwVoRHvOEujniHcJPt$1',$,$,$,(#274),#275);
#278=IFCPLATETYPE('3QigtQrKfNbBNxYHzunrEr',$,'PLT-320-Spandrel',$,$,$,$,$,$,.SHEET.);
#279=IFCMATERIALLAYERSET((#280),'PLT-320-Spandrel',$);
#280=IFCMATERIALLAYER(#271,0.32,$,'Anodised Aluminium',$,$,$);
#281=IFCRELASSOCIATESMATERIAL('3Po8oq8I9IoxODDBG75gMi',$,$,$,(#278),#279);
#282=IFCWALLTYPE('2FmSaNOjPIo86ckfI2VBWf',$,'WAL-400-Rendered',$,$,$,$,$,$,.SOLIDWALL.);
#283=IFCMATERIALLAYERSET((#284),'WAL-400-Rendered',$);
#284=IFCMATERIALLAYER(#272,0.4,$,'White Render',$,$,$);
#285=IFCRELASSOCIATESMATERIAL('11HUDE_pPHaxP1PT2tsylf',$,$,$,(#282),#283);
#286=IFCROOFTYPE('1x0ubYtS9O1BTI2pJD$YQU',$,'ROF-340-Terrace',$,$,$,$,$,$,.FLAT_ROOF.);
#287=IFCMATERIALLAYERSET((#288),'ROF-340-Terrace',$);
#288=IFCMATERIALLAYER(#273,0.34,$,'Concrete C35/45',$,$,$);
#289=IFCRELASSOCIATESMATERIAL('3bfMEZf5jPJeJhjBZ9UC2L',$,$,$,(#286),#287);
#290=IFCWALL('2Wlzn3DDLGP81g8fweZ2pD',$,'Ground Podium Facade','Rendered podium facade to the esplanade',$,#300,#311,$,$);
#292=IFCRELDEFINESBYTYPE('3H7ybAwD9TyvHo7tSSZiLu',$,$,$,(#290,#315),#282);
#293=IFCMATERIALLAYERSETUSAGE(#283,.AXIS2.,.POSITIVE.,0.,$);
#294=IFCRELASSOCIATESMATERIAL('1tnqSq6a9ObQAG0W95TJPn',$,$,$,(#290),#293);
#295=IFCRELCONTAINEDINSPATIALSTRUCTURE('03hoTEIifUKeynmYCujKkH',$,$,$,(#290),#72);
#296=IFCCARTESIANPOINT((0.,0.,0.));
#297=IFCDIRECTION((0.,0.,1.));
#298=IFCDIRECTION((1.,0.,0.));
#299=IFCAXIS2PLACEMENT3D(#296,#297,#298);
#300=IFCLOCALPLACEMENT(#78,#299);
#301=IFCCARTESIANPOINTLIST2D(((44.12,34.97),(19.36,38.3),(19.44,40.73),(-7.72,44.41),(-7.95,41.98),(-83.22,52.06),(-81.09,47.99),(-83.08,46.95),(-58.21,0.51),(-63.46,-39.19),(8.23,-48.49),(12.53,-38.76),(16.13,-38.11),(15.39,-32.82),(18.46,-32.62),(28.3,-12.01),(25.49,-11.62),(43.54,27.23),(41.05,28.36),(43.77,34.777),(40.685,28.197),(43.169,27.082),(25.153,-11.404),(27.957,-11.804),(18.26,-32.273),(15.212,-32.462),(15.964,-37.746),(12.39,-38.385),(8.139,-48.1),(-63.148,-38.939),(-57.814,0.565),(-82.722,46.771),(-80.736,47.804),(-82.872,51.864),(-7.914,41.582),(-7.689,44.011),(19.202,40.409),(19.111,37.987),(43.77,34.777),(44.12,34.97)));
#302=IFCINDEXEDPOLYCURVE(#301,(IFCLINEINDEX((1,2,3,4,5,6,7,8,9,10,11,12,13,14,15,16,17,18,19,20,21,22,23,24,25,26,27,28,29,30,31,32,33,34,35,36,37,38,39,40,1))),$);
#303=IFCARBITRARYCLOSEDPROFILEDEF(.AREA.,$,#302);
#304=IFCCARTESIANPOINT((0.,0.,0.));
#305=IFCDIRECTION((0.,0.,1.));
#306=IFCDIRECTION((1.,0.,0.));
#307=IFCAXIS2PLACEMENT3D(#304,#305,#306);
#308=IFCDIRECTION((0.,0.,1.));
#309=IFCEXTRUDEDAREASOLID(#303,#307,#308,6.);
#310=IFCSHAPEREPRESENTATION(#11,'Body','SweptSolid',(#309));
#311=IFCPRODUCTDEFINITIONSHAPE($,$,(#310));
#312=IFCPROPERTYSET('0ET2Nf$Z1HxwW6VaaDvu8H',$,'Pset_WallCommon',$,(#314));
#313=IFCRELDEFINESBYPROPERTIES('3ea3BwDjXGaAiVM56$35rO',$,$,$,(#290),#312);
#314=IFCPROPERTYSINGLEVALUE('IsExternal',$,IFCBOOLEAN(.T.),$);
#315=IFCWALL('1dp5unmm1LK9zi5vUwPrt6',$,'Level 01 Podium Facade','Rendered podium facade to the esplanade',$,#324,#335,$,$);
#317=IFCMATERIALLAYERSETUSAGE(#283,.AXIS2.,.POSITIVE.,0.,$);
#318=IFCRELASSOCIATESMATERIAL('1Hxsx7tC1TX9G6FfxaAEvE',$,$,$,(#315),#317);
#319=IFCRELCONTAINEDINSPATIALSTRUCTURE('12e9aAlhHKDv6jUKMPDfmg',$,$,$,(#315,#339,#363),#79);
#320=IFCCARTESIANPOINT((0.,0.,0.));
#321=IFCDIRECTION((0.,0.,1.));
#322=IFCDIRECTION((1.,0.,0.));
#323=IFCAXIS2PLACEMENT3D(#320,#321,#322);
#324=IFCLOCALPLACEMENT(#85,#323);
#325=IFCCARTESIANPOINTLIST2D(((44.12,34.97),(19.36,38.3),(19.44,40.73),(-7.72,44.41),(-7.95,41.98),(-83.22,52.06),(-81.09,47.99),(-83.08,46.95),(-58.21,0.51),(-63.46,-39.19),(8.23,-48.49),(12.53,-38.76),(16.13,-38.11),(15.39,-32.82),(18.46,-32.62),(28.3,-12.01),(25.49,-11.62),(43.54,27.23),(41.05,28.36),(43.77,34.777),(40.685,28.197),(43.169,27.082),(25.153,-11.404),(27.957,-11.804),(18.26,-32.273),(15.212,-32.462),(15.964,-37.746),(12.39,-38.385),(8.139,-48.1),(-63.148,-38.939),(-57.814,0.565),(-82.722,46.771),(-80.736,47.804),(-82.872,51.864),(-7.914,41.582),(-7.689,44.011),(19.202,40.409),(19.111,37.987),(43.77,34.777),(44.12,34.97)));
#326=IFCINDEXEDPOLYCURVE(#325,(IFCLINEINDEX((1,2,3,4,5,6,7,8,9,10,11,12,13,14,15,16,17,18,19,20,21,22,23,24,25,26,27,28,29,30,31,32,33,34,35,36,37,38,39,40,1))),$);
#327=IFCARBITRARYCLOSEDPROFILEDEF(.AREA.,$,#326);
#328=IFCCARTESIANPOINT((0.,0.,0.));
#329=IFCDIRECTION((0.,0.,1.));
#330=IFCDIRECTION((1.,0.,0.));
#331=IFCAXIS2PLACEMENT3D(#328,#329,#330);
#332=IFCDIRECTION((0.,0.,1.));
#333=IFCEXTRUDEDAREASOLID(#327,#331,#332,3.5692);
#334=IFCSHAPEREPRESENTATION(#11,'Body','SweptSolid',(#333));
#335=IFCPRODUCTDEFINITIONSHAPE($,$,(#334));
#336=IFCPROPERTYSET('2Y2vXXia9IfP8SIin_2jp0',$,'Pset_WallCommon',$,(#338));
#337=IFCRELDEFINESBYPROPERTIES('1wiw5HPanMDvgr_COUv0J1',$,$,$,(#315),#336);
#338=IFCPROPERTYSINGLEVALUE('IsExternal',$,IFCBOOLEAN(.T.),$);
#339=IFCPLATE('3f789EOQbSBByhlIUZhB_1',$,'Level 01 Curtain Wall','Unitised solar-control glazing to the sail',$,#348,#359,$,$);
#341=IFCRELDEFINESBYTYPE('0hOCaFMbLPdOthPlWvXOjO',$,$,$,(#339,#387,#434,#481,#528,#575,#622,#669,#716,#763,#810,#857,#904,#951,#998,#1045,#1092,#1139,#1186,#1233,#1280,#1327,#1374,#1421,#1468,#1515),#274);
#342=IFCMATERIALLAYERSETUSAGE(#275,.AXIS2.,.POSITIVE.,0.,$);
#343=IFCRELASSOCIATESMATERIAL('39yWhPT7fOkRqaGmyMeqfa',$,$,$,(#339),#342);
#344=IFCCARTESIANPOINT((0.,0.,0.));
#345=IFCDIRECTION((0.,0.,1.));
#346=IFCDIRECTION((1.,0.,0.));
#347=IFCAXIS2PLACEMENT3D(#344,#345,#346);
#348=IFCLOCALPLACEMENT(#85,#347);
#349=IFCCARTESIANPOINTLIST2D(((-22.019,-4.381),(-58.124,0.459),(-63.363,-39.166),(-27.304,-43.775),(-26.238,-36.263),(-28.942,-35.223),(-28.718,-33.66),(-21.242,-36.187),(-9.134,-38.803),(4.631,-39.389),(16.038,-38.072),(14.952,-31.791),(16.892,-32.051),(17.231,-29.51),(15.261,-29.24),(17.9,-23.48),(9.514,-19.68),(-3.792,-15.848),(-17.321,-14.392),(-25.984,-14.645),(-25.789,-13.07),(-23.127,-12.918),(-21.946,-4.545),(-23.014,-13.058),(-25.661,-13.196),(-25.847,-14.762),(-17.251,-14.558),(-3.904,-15.989),(9.342,-19.733),(17.721,-23.497),(15.082,-29.222),(17.052,-29.491),(16.715,-32.017),(14.775,-31.756),(15.872,-38.003),(4.488,-39.279),(-9.177,-38.628),(-21.12,-36.055),(-28.553,-33.588),(-28.783,-35.139),(-26.091,-36.16),(-27.186,-43.639),(-63.188,-39.122),(-57.969,0.368),(-21.946,-4.545),(-22.019,-4.381)));
#350=IFCINDEXEDPOLYCURVE(#349,(IFCLINEINDEX((1,2,3,4,5,6,7,8,9,10,11,12,13,14,15,16,17,18,19,20,21,22,23,24,25,26,27,28,29,30,31,32,33,34,35,36,37,38,39,40,41,42,43,44,45,46,1))),$);
#351=IFCARBITRARYCLOSEDPROFILEDEF(.AREA.,$,#350);
#352=IFCCARTESIANPOINT((0.,0.,0.));
#353=IFCDIRECTION((0.,0.,1.));
#354=IFCDIRECTION((1.,0.,0.));
#355=IFCAXIS2PLACEMENT3D(#352,#353,#354);
#356=IFCDIRECTION((0.,0.,1.));
#357=IFCEXTRUDEDAREASOLID(#351,#355,#356,3.5692);
#358=IFCSHAPEREPRESENTATION(#11,'Body','SweptSolid',(#357));
#359=IFCPRODUCTDEFINITIONSHAPE($,$,(#358));
#360=IFCPROPERTYSET('0GA6Ch4MfMHuaWc8zLsV30',$,'Pset_PlateCommon',$,(#362));
#361=IFCRELDEFINESBYPROPERTIES('0I83ZbN8jINAPZFmUD4R67',$,$,$,(#339),#360);
#362=IFCPROPERTYSINGLEVALUE('IsExternal',$,IFCBOOLEAN(.T.),$);
#363=IFCPLATE('3DmpH7RzDRmuX7Fz_1Oslh',$,'Level 01 Spandrel','Opaque spandrel band expressing the floor line',$,#372,#383,$,$);
#365=IFCRELDEFINESBYTYPE('21$1TYhhPVWRZDWnQ1gEW0',$,$,$,(#363,#411,#458,#505,#552,#599,#646,#693,#740,#787,#834,#881,#928,#975,#1022,#1069,#1116,#1163,#1210,#1257,#1304,#1351,#1398,#1445,#1492,#1539),#278);
#366=IFCMATERIALLAYERSETUSAGE(#279,.AXIS2.,.POSITIVE.,0.,$);
#367=IFCRELASSOCIATESMATERIAL('2IkHYgx7HRTfpMDanBB7wc',$,$,$,(#363),#366);
#368=IFCCARTESIANPOINT((0.,0.,0.));
#369=IFCDIRECTION((0.,0.,1.));
#370=IFCDIRECTION((1.,0.,0.));
#371=IFCAXIS2PLACEMENT3D(#368,#369,#370);
#372=IFCLOCALPLACEMENT(#85,#371);
#373=IFCCARTESIANPOINTLIST2D(((-22.06,-4.29),(-58.21,0.51),(-63.46,-39.19),(-27.37,-43.85),(-26.32,-36.32),(-29.03,-35.27),(-28.81,-33.7),(-21.31,-36.26),(-9.11,-38.9),(4.71,-39.45),(16.13,-38.11),(15.05,-31.81),(16.99,-32.07),(17.33,-29.52),(15.36,-29.25),(18.,-23.47),(9.61,-19.65),(-3.73,-15.77),(-17.36,-14.3),(-26.06,-14.58),(-25.86,-13.),(-23.19,-12.84),(-21.93,-4.582),(-22.989,-13.089),(-25.632,-13.224),(-25.817,-14.788),(-17.235,-14.595),(-3.929,-16.02),(9.304,-19.745),(17.682,-23.501),(15.042,-29.217),(17.012,-29.487),(16.676,-32.009),(14.736,-31.748),(15.834,-37.988),(4.456,-39.255),(-9.187,-38.589),(-21.093,-36.025),(-28.517,-33.571),(-28.747,-35.121),(-26.058,-36.136),(-27.16,-43.608),(-63.15,-39.113),(-57.934,0.348),(-21.93,-4.582),(-22.06,-4.29)));
#374=IFCINDEXEDPOLYCURVE(#373,(IFCLINEINDEX((1,2,3,4,5,6,7,8,9,10,11,12,13,14,15,16,17,18,19,20,21,22,23,24,25,26,27,28,29,30,31,32,33,34,35,36,37,38,39,40,41,42,43,44,45,46,1))),$);
#375=IFCARBITRARYCLOSEDPROFILEDEF(.AREA.,$,#374);
#376=IFCCARTESIANPOINT((0.,0.,0.));
#377=IFCDIRECTION((0.,0.,1.));
#378=IFCDIRECTION((1.,0.,0.));
#379=IFCAXIS2PLACEMENT3D(#376,#377,#378);
#380=IFCDIRECTION((0.,0.,1.));
#381=IFCEXTRUDEDAREASOLID(#375,#379,#380,1.1);
#382=IFCSHAPEREPRESENTATION(#11,'Body','SweptSolid',(#381));
#383=IFCPRODUCTDEFINITIONSHAPE($,$,(#382));
#384=IFCPROPERTYSET('3AXbaTa9bUL9HjMWAKWrdw',$,'Pset_PlateCommon',$,(#386));
#385=IFCRELDEFINESBYPROPERTIES('1criOhP59TZQtzw3j4$yu8',$,$,$,(#363),#384);
#386=IFCPROPERTYSINGLEVALUE('IsExternal',$,IFCBOOLEAN(.T.),$);
#387=IFCPLATE('00kuyi8uHO2eaW2Lv8zFwG',$,'Level 02 Curtain Wall','Unitised solar-control glazing to the sail',$,#396,#407,$,$);
#389=IFCMATERIALLAYERSETUSAGE(#275,.AXIS2.,.POSITIVE.,0.,$);
#390=IFCRELASSOCIATESMATERIAL('3cKglcF2HVdxrYYjkHDG5k',$,$,$,(#387),#389);
#391=IFCRELCONTAINEDINSPATIALSTRUCTURE('1EMTOlp6fOUQ5cWHwfVw2V',$,$,$,(#387,#411),#86);
#392=IFCCARTESIANPOINT((0.,0.,0.));
#393=IFCDIRECTION((0.,0.,1.));
#394=IFCDIRECTION((1.,0.,0.));
#395=IFCAXIS2PLACEMENT3D(#392,#393,#394);
#396=IFCLOCALPLACEMENT(#92,#395);
#397=IFCCARTESIANPOINTLIST2D(((-21.884,-4.365),(-57.867,0.459),(-63.088,-39.032),(-27.151,-43.625),(-26.088,-36.139),(-28.783,-35.102),(-28.56,-33.545),(-21.109,-36.063),(-9.043,-38.67),(4.676,-39.254),(16.044,-37.942),(14.962,-31.682),(16.895,-31.941),(17.233,-29.409),(15.27,-29.14),(17.9,-23.399),(9.542,-19.612),(-3.719,-15.793),(-17.202,-14.342),(-25.835,-14.594),(-25.641,-13.024),(-22.988,-12.873),(-21.811,-4.529),(-22.875,-13.013),(-25.513,-13.15),(-25.698,-14.711),(-17.132,-14.508),(-3.831,-15.934),(9.37,-19.665),(17.721,-23.416),(15.091,-29.122),(17.054,-29.39),(16.718,-31.907),(14.785,-31.647),(15.878,-37.873),(4.533,-39.144),(-9.086,-38.495),(-20.987,-35.931),(-28.395,-33.473),(-28.624,-35.018),(-25.941,-36.036),(-27.033,-43.489),(-62.913,-38.988),(-57.712,0.368),(-21.811,-4.529),(-21.884,-4.365)));
#398=IFCINDEXEDPOLYCURVE(#397,(IFCLINEINDEX((1,2,3,4,5,6,7,8,9,10,11,12,13,14,15,16,17,18,19,20,21,22,23,24,25,26,27,28,29,30,31,32,33,34,35,36,37,38,39,40,41,42,43,44,45,46,1))),$);
#399=IFCARBITRARYCLOSEDPROFILEDEF(.AREA.,$,#398);
#400=IFCCARTESIANPOINT((0.,0.,0.));
#401=IFCDIRECTION((0.,0.,1.));
#402=IFCDIRECTION((1.,0.,0.));
#403=IFCAXIS2PLACEMENT3D(#400,#401,#402);
#404=IFCDIRECTION((0.,0.,1.));
#405=IFCEXTRUDEDAREASOLID(#399,#403,#404,3.5692);
#406=IFCSHAPEREPRESENTATION(#11,'Body','SweptSolid',(#405));
#407=IFCPRODUCTDEFINITIONSHAPE($,$,(#406));
#408=IFCPROPERTYSET('26kJ4IDd1Sjw0GJA4SqeZr',$,'Pset_PlateCommon',$,(#410));
#409=IFCRELDEFINESBYPROPERTIES('2$23vqGF9S18ISmK$LXI1Y',$,$,$,(#387),#408);
#410=IFCPROPERTYSINGLEVALUE('IsExternal',$,IFCBOOLEAN(.T.),$);
#411=IFCPLATE('3pD_ZlJMzS4xXhjYS1aLr5',$,'Level 02 Spandrel','Opaque spandrel band expressing the floor line',$,#419,#430,$,$);
#413=IFCMATERIALLAYERSETUSAGE(#279,.AXIS2.,.POSITIVE.,0.,$);
#414=IFCRELASSOCIATESMATERIAL('1lr1Slh9zMBwV9gRR0lmEN',$,$,$,(#411),#413);
#415=IFCCARTESIANPOINT((0.,0.,0.));
#416=IFCDIRECTION((0.,0.,1.));
#417=IFCDIRECTION((1.,0.,0.));
#418=IFCAXIS2PLACEMENT3D(#415,#416,#417);
#419=IFCLOCALPLACEMENT(#92,#418);
#420=IFCCARTESIANPOINTLIST2D(((-21.925,-4.274),(-57.953,0.51),(-63.185,-39.056),(-27.217,-43.7),(-26.17,-36.196),(-28.871,-35.149),(-28.652,-33.585),(-21.177,-36.136),(-9.019,-38.767),(4.755,-39.315),(16.136,-37.98),(15.06,-31.701),(16.993,-31.96),(17.332,-29.419),(15.369,-29.15),(18.,-23.389),(9.638,-19.582),(-3.657,-15.715),(-17.241,-14.25),(-25.911,-14.529),(-25.712,-12.954),(-23.051,-12.795),(-21.795,-4.566),(-22.85,-13.044),(-25.484,-13.178),(-25.668,-14.737),(-17.116,-14.545),(-3.856,-15.965),(9.332,-19.677),(17.682,-23.42),(15.051,-29.117),(17.014,-29.386),(16.679,-31.899),(14.746,-31.639),(15.84,-37.858),(4.501,-39.12),(-9.096,-38.456),(-20.96,-35.901),(-28.359,-33.456),(-28.588,-35.),(-25.908,-36.012),(-27.007,-43.458),(-62.875,-38.979),(-57.677,0.348),(-21.795,-4.566),(-21.925,-4.274)));
#421=IFCINDEXEDPOLYCURVE(#420,(IFCLINEINDEX((1,2,3,4,5,6,7,8,9,10,11,12,13,14,15,16,17,18,19,20,21,22,23,24,25,26,27,28,29,30,31,32,33,34,35,36,37,38,39,40,41,42,43,44,45,46,1))),$);
#422=IFCARBITRARYCLOSEDPROFILEDEF(.AREA.,$,#421);
#423=IFCCARTESIANPOINT((0.,0.,0.));
#424=IFCDIRECTION((0.,0.,1.));
#425=IFCDIRECTION((1.,0.,0.));
#426=IFCAXIS2PLACEMENT3D(#423,#424,#425);
#427=IFCDIRECTION((0.,0.,1.));
#428=IFCEXTRUDEDAREASOLID(#422,#426,#427,1.1);
#429=IFCSHAPEREPRESENTATION(#11,'Body','SweptSolid',(#428));
#430=IFCPRODUCTDEFINITIONSHAPE($,$,(#429));
#431=IFCPROPERTYSET('3TzO4MAZ5Qp9Qoq_SZOpKT',$,'Pset_PlateCommon',$,(#433));
#432=IFCRELDEFINESBYPROPERTIES('2gIay4d1fVe9U9pNKiI2m9',$,$,$,(#411),#431);
#433=IFCPROPERTYSINGLEVALUE('IsExternal',$,IFCBOOLEAN(.T.),$);
#434=IFCPLATE('0PM_gi5RnJ3ePY6E9JQqb2',$,'Level 03 Curtain Wall','Unitised solar-control glazing to the sail',$,#443,#454,$,$);
#436=IFCMATERIALLAYERSETUSAGE(#275,.AXIS2.,.POSITIVE.,0.,$);
#437=IFCRELASSOCIATESMATERIAL('3lM$Y9mvjQqeXGPr5je22P',$,$,$,(#434),#436);
#438=IFCRELCONTAINEDINSPATIALSTRUCTURE('2Ptzf48qfLn9kfkSQs_rtK',$,$,$,(#434,#458),#93);
#439=IFCCARTESIANPOINT((0.,0.,0.));
#440=IFCDIRECTION((0.,0.,1.));
#441=IFCDIRECTION((1.,0.,0.));
#442=IFCAXIS2PLACEMENT3D(#439,#440,#441);
#443=IFCLOCALPLACEMENT(#99,#442);
#444=IFCCARTESIANPOINTLIST2D(((-21.65,-4.337),(-57.421,0.459),(-62.612,-38.8),(-26.886,-43.366),(-25.829,-35.923),(-28.508,-34.893),(-28.286,-33.345),(-20.88,-35.848),(-8.884,-38.44),(4.754,-39.021),(16.055,-37.716),(14.979,-31.493),(16.901,-31.751),(17.237,-29.233),(15.285,-28.966),(17.9,-23.259),(9.591,-19.494),(-3.592,-15.698),(-16.995,-14.255),(-25.578,-14.506),(-25.385,-12.945),(-22.747,-12.795),(-21.577,-4.501),(-22.634,-12.935),(-25.257,-13.071),(-25.441,-14.623),(-16.925,-14.421),(-3.704,-15.839),(9.419,-19.547),(17.721,-23.276),(15.106,-28.948),(17.058,-29.214),(16.724,-31.717),(14.802,-31.458),(15.889,-37.647),(4.611,-38.911),(-8.927,-38.265),(-20.758,-35.716),(-28.121,-33.273),(-28.349,-34.809),(-25.682,-35.82),(-26.768,-43.23),(-62.437,-38.756),(-57.266,0.368),(-21.577,-4.501),(-21.65,-4.337)));
#445=IFCINDEXEDPOLYCURVE(#444,(IFCLINEINDEX((1,2,3,4,5,6,7,8,9,10,11,12,13,14,15,16,17,18,19,20,21,22,23,24,25,26,27,28,29,30,31,32,33,34,35,36,37,38,39,40,41,42,43,44,45,46,1))),$);
#446=IFCARBITRARYCLOSEDPROFILEDEF(.AREA.,$,#445);
#447=IFCCARTESIANPOINT((0.,0.,0.));
#448=IFCDIRECTION((0.,0.,1.));
#449=IFCDIRECTION((1.,0.,0.));
#450=IFCAXIS2PLACEMENT3D(#447,#448,#449);
#451=IFCDIRECTION((0.,0.,1.));
#452=IFCEXTRUDEDAREASOLID(#446,#450,#451,3.5692);
#453=IFCSHAPEREPRESENTATION(#11,'Body','SweptSolid',(#452));
#454=IFCPRODUCTDEFINITIONSHAPE($,$,(#453));
#455=IFCPROPERTYSET('1ElC75tdjSBOrEuP0RypQ6',$,'Pset_PlateCommon',$,(#457));
#456=IFCRELDEFINESBYPROPERTIES('0bx6tWeY1PtRNKFti2rMVx',$,$,$,(#434),#455);
#457=IFCPROPERTYSINGLEVALUE('IsExternal',$,IFCBOOLEAN(.T.),$);
#458=IFCPLATE('0ZaxK8W55GNe2p02NOSyss',$,'Level 03 Spandrel','Opaque spandrel band expressing the floor line',$,#466,#477,$,$);
#460=IFCMATERIALLAYERSETUSAGE(#279,.AXIS2.,.POSITIVE.,0.,$);
#461=IFCRELASSOCIATESMATERIAL('0LcNuIyi1Ro9vUxCLo34DJ',$,$,$,(#458),#460);
#462=IFCCARTESIANPOINT((0.,0.,0.));
#463=IFCDIRECTION((0.,0.,1.));
#464=IFCDIRECTION((1.,0.,0.));
#465=IFCAXIS2PLACEMENT3D(#462,#463,#464);
#466=IFCLOCALPLACEMENT(#99,#465);
#467=IFCCARTESIANPOINTLIST2D(((-21.691,-4.246),(-57.507,0.51),(-62.709,-38.824),(-26.952,-43.441),(-25.911,-35.98),(-28.596,-34.94),(-28.378,-33.385),(-20.948,-35.921),(-8.86,-38.537),(4.833,-39.082),(16.147,-37.754),(15.077,-31.512),(16.999,-31.77),(17.336,-29.243),(15.384,-28.976),(18.,-23.249),(9.687,-19.464),(-3.53,-15.62),(-17.034,-14.163),(-25.654,-14.441),(-25.456,-12.875),(-22.81,-12.717),(-21.561,-4.538),(-22.609,-12.966),(-25.228,-13.099),(-25.411,-14.649),(-16.909,-14.458),(-3.729,-15.87),(9.381,-19.559),(17.682,-23.28),(15.066,-28.943),(17.018,-29.21),(16.685,-31.709),(14.763,-31.45),(15.851,-37.632),(4.579,-38.887),(-8.937,-38.226),(-20.731,-35.686),(-28.085,-33.256),(-28.313,-34.791),(-25.649,-35.796),(-26.742,-43.199),(-62.399,-38.747),(-57.231,0.348),(-21.561,-4.538),(-21.691,-4.246)));
#468=IFCINDEXEDPOLYCURVE(#467,(IFCLINEINDEX((1,2,3,4,5,6,7,8,9,10,11,12,13,14,15,16,17,18,19,20,21,22,23,24,25,26,27,28,29,30,31,32,33,34,35,36,37,38,39,40,41,42,43,44,45,46,1))),$);
#469=IFCARBITRARYCLOSEDPROFILEDEF(.AREA.,$,#468);
#470=IFCCARTESIANPOINT((0.,0.,0.));
#471=IFCDIRECTION((0.,0.,1.));
#472=IFCDIRECTION((1.,0.,0.));
#473=IFCAXIS2PLACEMENT3D(#470,#471,#472);
#474=IFCDIRECTION((0.,0.,1.));
#475=IFCEXTRUDEDAREASOLID(#469,#473,#474,1.1);
#476=IFCSHAPEREPRESENTATION(#11,'Body','SweptSolid',(#475));
#477=IFCPRODUCTDEFINITIONSHAPE($,$,(#476));
#478=IFCPROPERTYSET('3p2jhgW_HMkQHI8lCGo0yF',$,'Pset_PlateCommon',$,(#480));
#479=IFCRELDEFINESBYPROPERTIES('3c59GM1GnQeh0TpaZCyqoG',$,$,$,(#458),#478);
#480=IFCPROPERTYSINGLEVALUE('IsExternal',$,IFCBOOLEAN(.T.),$);
#481=IFCPLATE('3kMV_dAurTqBpePyBYaCLO',$,'Level 04 Curtain Wall','Unitised solar-control glazing to the sail',$,#490,#501,$,$);
#483=IFCMATERIALLAYERSETUSAGE(#275,.AXIS2.,.POSITIVE.,0.,$);
#484=IFCRELASSOCIATESMATERIAL('0N_SBkoivOcPqbcvE4DUK3',$,$,$,(#481),#483);
#485=IFCRELCONTAINEDINSPATIALSTRUCTURE('1B8yR3JFfKwh3$tr9h1zTq',$,$,$,(#481,#505),#100);
#486=IFCCARTESIANPOINT((0.,0.,0.));
#487=IFCDIRECTION((0.,0.,1.));
#488=IFCDIRECTION((1.,0.,0.));
#489=IFCAXIS2PLACEMENT3D(#486,#487,#488);
#490=IFCLOCALPLACEMENT(#106,#489);
#491=IFCCARTESIANPOINTLIST2D(((-21.354,-4.301),(-56.859,0.459),(-62.011,-38.507),(-26.551,-43.039),(-25.502,-35.652),(-28.161,-34.629),(-27.941,-33.092),(-20.59,-35.577),(-8.684,-38.149),(4.852,-38.726),(16.069,-37.431),(15.001,-31.255),(16.909,-31.51),(17.242,-29.012),(15.305,-28.746),(17.9,-23.082),(9.653,-19.345),(-3.431,-15.578),(-16.734,-14.146),(-25.253,-14.395),(-25.061,-12.846),(-22.443,-12.696),(-21.281,-4.465),(-22.33,-12.836),(-24.933,-12.972),(-25.116,-14.512),(-16.664,-14.312),(-3.543,-15.719),(9.481,-19.398),(17.721,-23.099),(15.126,-28.728),(17.063,-28.993),(16.732,-31.476),(14.824,-31.22),(15.903,-37.362),(4.709,-38.616),(-8.727,-37.974),(-20.468,-35.445),(-27.776,-33.02),(-28.002,-34.545),(-25.355,-35.549),(-26.433,-42.903),(-61.836,-38.463),(-56.704,0.368),(-21.281,-4.465),(-21.354,-4.301)));
#492=IFCINDEXEDPOLYCURVE(#491,(IFCLINEINDEX((1,2,3,4,5,6,7,8,9,10,11,12,13,14,15,16,17,18,19,20,21,22,23,24,25,26,27,28,29,30,31,32,33,34,35,36,37,38,39,40,41,42,43,44,45,46,1))),$);
#493=IFCARBITRARYCLOSEDPROFILEDEF(.AREA.,$,#492);
#494=IFCCARTESIANPOINT((0.,0.,0.));
#495=IFCDIRECTION((0.,0.,1.));
#496=IFCDIRECTION((1.,0.,0.));
#497=IFCAXIS2PLACEMENT3D(#494,#495,#496);
#498=IFCDIRECTION((0.,0.,1.));
#499=IFCEXTRUDEDAREASOLID(#493,#497,#498,3.5692);
#500=IFCSHAPEREPRESENTATION(#11,'Body','SweptSolid',(#499));
#501=IFCPRODUCTDEFINITIONSHAPE($,$,(#500));
#502=IFCPROPERTYSET('1P28rxZvfHmeSg8kimR7Fz',$,'Pset_PlateCommon',$,(#504));
#503=IFCRELDEFINESBYPROPERTIES('3akLbUhkTMFRlAhyC26Gd6',$,$,$,(#481),#502);
#504=IFCPROPERTYSINGLEVALUE('IsExternal',$,IFCBOOLEAN(.T.),$);
#505=IFCPLATE('1_WopG5frPOvw2aCrb99Ke',$,'Level 04 Spandrel','Opaque spandrel band expressing the floor line',$,#513,#524,$,$);
#507=IFCMATERIALLAYERSETUSAGE(#279,.AXIS2.,.POSITIVE.,0.,$);
#508=IFCRELASSOCIATESMATERIAL('2kY$hR63XJVuJbNZI1Q6ZA',$,$,$,(#505),#507);
#509=IFCCARTESIANPOINT((0.,0.,0.));
#510=IFCDIRECTION((0.,0.,1.));
#511=IFCDIRECTION((1.,0.,0.));
#512=IFCAXIS2PLACEMENT3D(#509,#510,#511);
#513=IFCLOCALPLACEMENT(#106,#512);
#514=IFCCARTESIANPOINTLIST2D(((-21.395,-4.21),(-56.945,0.51),(-62.108,-38.531),(-26.617,-43.114),(-25.584,-35.709),(-28.249,-34.676),(-28.033,-33.132),(-20.658,-35.65),(-8.66,-38.246),(4.931,-38.787),(16.161,-37.469),(15.099,-31.274),(17.007,-31.529),(17.341,-29.022),(15.404,-28.756),(18.,-23.072),(9.749,-19.315),(-3.369,-15.5),(-16.773,-14.054),(-25.329,-14.33),(-25.132,-12.776),(-22.506,-12.618),(-21.265,-4.502),(-22.305,-12.867),(-24.904,-13.),(-25.086,-14.538),(-16.648,-14.349),(-3.568,-15.75),(9.443,-19.41),(17.682,-23.103),(15.086,-28.723),(17.023,-28.989),(16.693,-31.468),(14.785,-31.212),(15.865,-37.347),(4.677,-38.592),(-8.737,-37.935),(-20.441,-35.415),(-27.74,-33.003),(-27.966,-34.527),(-25.322,-35.525),(-26.407,-42.872),(-61.798,-38.454),(-56.669,0.348),(-21.265,-4.502),(-21.395,-4.21)));
#515=IFCINDEXEDPOLYCURVE(#514,(IFCLINEINDEX((1,2,3,4,5,6,7,8,9,10,11,12,13,14,15,16,17,18,19,20,21,22,23,24,25,26,27,28,29,30,31,32,33,34,35,36,37,38,39,40,41,42,43,44,45,46,1))),$);
#516=IFCARBITRARYCLOSEDPROFILEDEF(.AREA.,$,#515);
#517=IFCCARTESIANPOINT((0.,0.,0.));
#518=IFCDIRECTION((0.,0.,1.));
#519=IFCDIRECTION((1.,0.,0.));
#520=IFCAXIS2PLACEMENT3D(#517,#518,#519);
#521=IFCDIRECTION((0.,0.,1.));
#522=IFCEXTRUDEDAREASOLID(#516,#520,#521,1.1);
#523=IFCSHAPEREPRESENTATION(#11,'Body','SweptSolid',(#522));
#524=IFCPRODUCTDEFINITIONSHAPE($,$,(#523));
#525=IFCPROPERTYSET('34t5x$nHDO1w5P0BCG43v8',$,'Pset_PlateCommon',$,(#527));
#526=IFCRELDEFINESBYPROPERTIES('0J1yyZCBTTSesvVuFBfGRL',$,$,$,(#505),#525);
#527=IFCPROPERTYSINGLEVALUE('IsExternal',$,IFCBOOLEAN(.T.),$);
#528=IFCPLATE('3bCdm99EnNdRdvyBvGAn8F',$,'Level 05 Curtain Wall','Unitised solar-control glazing to the sail',$,#537,#548,$,$);
#530=IFCMATERIALLAYERSETUSAGE(#275,.AXIS2.,.POSITIVE.,0.,$);
#531=IFCRELASSOCIATESMATERIAL('0tE7x4eivMoBtLWKb8KIrN',$,$,$,(#528),#530);
#532=IFCRELCONTAINEDINSPATIALSTRUCTURE('2rbRbVVePNGfTmkbAABoqi',$,$,$,(#528,#552),#107);
#533=IFCCARTESIANPOINT((0.,0.,0.));
#534=IFCDIRECTION((0.,0.,1.));
#535=IFCDIRECTION((1.,0.,0.));
#536=IFCAXIS2PLACEMENT3D(#533,#534,#535);
#537=IFCLOCALPLACEMENT(#113,#536);
#538=IFCCARTESIANPOINTLIST2D(((-21.01,-4.26),(-56.204,0.459),(-61.311,-38.166),(-26.161,-42.658),(-25.122,-35.335),(-27.757,-34.322),(-27.539,-32.798),(-20.252,-35.261),(-8.451,-37.81),(4.966,-38.382),(16.085,-37.099),(15.026,-30.977),(16.917,-31.23),(17.248,-28.754),(15.327,-28.49),(17.9,-22.876),(9.725,-19.172),(-3.245,-15.438),(-16.43,-14.019),(-24.874,-14.265),(-24.684,-12.73),(-22.09,-12.582),(-20.937,-4.424),(-21.977,-12.722),(-24.556,-12.856),(-24.737,-14.382),(-16.36,-14.185),(-3.357,-15.579),(9.553,-19.225),(17.721,-22.893),(15.148,-28.472),(17.069,-28.735),(16.74,-31.196),(14.849,-30.942),(15.919,-37.03),(4.823,-38.272),(-8.494,-37.635),(-20.13,-35.129),(-27.374,-32.726),(-27.598,-34.238),(-24.975,-35.232),(-26.043,-42.522),(-61.136,-38.122),(-56.049,0.368),(-20.937,-4.424),(-21.01,-4.26)));
#539=IFCINDEXEDPOLYCURVE(#538,(IFCLINEINDEX((1,2,3,4,5,6,7,8,9,10,11,12,13,14,15,16,17,18,19,20,21,22,23,24,25,26,27,28,29,30,31,32,33,34,35,36,37,38,39,40,41,42,43,44,45,46,1))),$);
#540=IFCARBITRARYCLOSEDPROFILEDEF(.AREA.,$,#539);
#541=IFCCARTESIANPOINT((0.,0.,0.));
#542=IFCDIRECTION((0.,0.,1.));
#543=IFCDIRECTION((1.,0.,0.));
#544=IFCAXIS2PLACEMENT3D(#541,#542,#543);
#545=IFCDIRECTION((0.,0.,1.));
#546=IFCEXTRUDEDAREASOLID(#540,#544,#545,3.5692);
#547=IFCSHAPEREPRESENTATION(#11,'Body','SweptSolid',(#546));
#548=IFCPRODUCTDEFINITIONSHAPE($,$,(#547));
#549=IFCPROPERTYSET('0wTamZt$9Uth7DS1lt4agX',$,'Pset_PlateCommon',$,(#551));
#550=IFCRELDEFINESBYPROPERTIES('3a1Dd6SzXK8uEg4$1QqbXF',$,$,$,(#528),#549);
#551=IFCPROPERTYSINGLEVALUE('IsExternal',$,IFCBOOLEAN(.T.),$);
#552=IFCPLATE('0JgTerMWLK7hCq2QerLJzo',$,'Level 05 Spandrel','Opaque spandrel band expressing the floor line',$,#560,#571,$,$);
#554=IFCMATERIALLAYERSETUSAGE(#279,.AXIS2.,.POSITIVE.,0.,$);
#555=IFCRELASSOCIATESMATERIAL('1en8Y5UBvQvv2CQuaPukGR',$,$,$,(#552),#554);
#556=IFCCARTESIANPOINT((0.,0.,0.));
#557=IFCDIRECTION((0.,0.,1.));
#558=IFCDIRECTION((1.,0.,0.));
#559=IFCAXIS2PLACEMENT3D(#556,#557,#558);
#560=IFCLOCALPLACEMENT(#113,#559);
#561=IFCCARTESIANPOINTLIST2D(((-21.051,-4.169),(-56.29,0.51),(-61.408,-38.19),(-26.227,-42.733),(-25.204,-35.392),(-27.845,-34.369),(-27.631,-32.838),(-20.32,-35.334),(-8.427,-37.907),(5.045,-38.443),(16.177,-37.137),(15.124,-30.996),(17.015,-31.249),(17.347,-28.764),(15.426,-28.5),(18.,-22.866),(9.821,-19.142),(-3.183,-15.36),(-16.469,-13.927),(-24.95,-14.2),(-24.755,-12.66),(-22.153,-12.504),(-20.921,-4.461),(-21.952,-12.753),(-24.527,-12.884),(-24.707,-14.408),(-16.344,-14.222),(-3.382,-15.61),(9.515,-19.237),(17.682,-22.897),(15.108,-28.467),(17.029,-28.731),(16.701,-31.188),(14.81,-30.934),(15.881,-37.015),(4.791,-38.248),(-8.504,-37.596),(-20.103,-35.099),(-27.338,-32.709),(-27.562,-34.22),(-24.942,-35.208),(-26.017,-42.491),(-61.098,-38.113),(-56.014,0.348),(-20.921,-4.461),(-21.051,-4.169)));
#562=IFCINDEXEDPOLYCURVE(#561,(IFCLINEINDEX((1,2,3,4,5,6,7,8,9,10,11,12,13,14,15,16,17,18,19,20,21,22,23,24,25,26,27,28,29,30,31,32,33,34,35,36,37,38,39,40,41,42,43,44,45,46,1))),$);
#563=IFCARBITRARYCLOSEDPROFILEDEF(.AREA.,$,#562);
#564=IFCCARTESIANPOINT((0.,0.,0.));
#565=IFCDIRECTION((0.,0.,1.));
#566=IFCDIRECTION((1.,0.,0.));
#567=IFCAXIS2PLACEMENT3D(#564,#565,#566);
#568=IFCDIRECTION((0.,0.,1.));
#569=IFCEXTRUDEDAREASOLID(#563,#567,#568,1.1);
#570=IFCSHAPEREPRESENTATION(#11,'Body','SweptSolid',(#569));
#571=IFCPRODUCTDEFINITIONSHAPE($,$,(#570));
#572=IFCPROPERTYSET('14x_yf0hfUzwK99EbTj9$K',$,'Pset_PlateCommon',$,(#574));
#573=IFCRELDEFINESBYPROPERTIES('2KVqaTqu5Rb9PWXRgpsW72',$,$,$,(#552),#572);
#574=IFCPROPERTYSINGLEVALUE('IsExternal',$,IFCBOOLEAN(.T.),$);
#575=IFCPLATE('2w9BeDEQvTRxwn46cifBzx',$,'Level 06 Curtain Wall','Unitised solar-control glazing to the sail',$,#584,#595,$,$);
#577=IFCMATERIALLAYERSETUSAGE(#275,.AXIS2.,.POSITIVE.,0.,$);
#578=IFCRELASSOCIATESMATERIAL('00zSGAJv9UIP57oVKc994d',$,$,$,(#575),#577);
#579=IFCRELCONTAINEDINSPATIALSTRUCTURE('38ZxkA_7zLqO6Xfhr$nxzp',$,$,$,(#575,#599),#114);
#580=IFCCARTESIANPOINT((0.,0.,0.));
#581=IFCDIRECTION((0.,0.,1.));
#582=IFCDIRECTION((1.,0.,0.));
#583=IFCAXIS2PLACEMENT3D(#580,#581,#582);
#584=IFCLOCALPLACEMENT(#120,#583);
#585=IFCCARTESIANPOINTLIST2D(((-20.624,-4.214),(-55.471,0.459),(-60.527,-37.784),(-25.725,-42.231),(-24.695,-34.981),(-27.305,-33.977),(-27.089,-32.469),(-19.874,-34.907),(-8.19,-37.431),(5.094,-37.998),(16.103,-36.728),(15.055,-30.666),(16.927,-30.917),(17.254,-28.465),(15.353,-28.204),(17.9,-22.645),(9.806,-18.978),(-3.036,-15.281),(-16.09,-13.876),(-24.45,-14.12),(-24.262,-12.6),(-21.693,-12.453),(-20.551,-4.378),(-21.58,-12.593),(-24.134,-12.726),(-24.313,-14.237),(-16.02,-14.042),(-3.148,-15.422),(9.634,-19.031),(17.721,-22.662),(15.174,-28.186),(17.075,-28.446),(16.75,-30.883),(14.878,-30.631),(15.937,-36.659),(4.951,-37.888),(-8.233,-37.256),(-19.752,-34.775),(-26.924,-32.397),(-27.146,-33.893),(-24.548,-34.878),(-25.607,-42.095),(-60.352,-37.74),(-55.316,0.368),(-20.551,-4.378),(-20.624,-4.214)));
#586=IFCINDEXEDPOLYCURVE(#585,(IFCLINEINDEX((1,2,3,4,5,6,7,8,9,10,11,12,13,14,15,16,17,18,19,20,21,22,23,24,25,26,27,28,29,30,31,32,33,34,35,36,37,38,39,40,41,42,43,44,45,46,1))),$);
#587=IFCARBITRARYCLOSEDPROFILEDEF(.AREA.,$,#586);
#588=IFCCARTESIANPOINT((0.,0.,0.));
#589=IFCDIRECTION((0.,0.,1.));
#590=IFCDIRECTION((1.,0.,0.));
#591=IFCAXIS2PLACEMENT3D(#588,#589,#590);
#592=IFCDIRECTION((0.,0.,1.));
#593=IFCEXTRUDEDAREASOLID(#587,#591,#592,3.5692);
#594=IFCSHAPEREPRESENTATION(#11,'Body','SweptSolid',(#593));
#595=IFCPRODUCTDEFINITIONSHAPE($,$,(#594));
#596=IFCPROPERTYSET('2C3huhEELGyxUXL9MfiIkq',$,'Pset_PlateCommon',$,(#598));
#597=IFCRELDEFINESBYPROPERTIES('0p$Zrv8bTGoAeUoyZ_WM1S',$,$,$,(#575),#596);
#598=IFCPROPERTYSINGLEVALUE('IsExternal',$,IFCBOOLEAN(.T.),$);
#599=IFCPLATE('0roOnP2PjGY8zjGb6YZSEB',$,'Level 06 Spandrel','Opaque spandrel band expressing the floor line',$,#607,#618,$,$);
#601=IFCMATERIALLAYERSETUSAGE(#279,.AXIS2.,.POSITIVE.,0.,$);
#602=IFCRELASSOCIATESMATERIAL('1CyPx0FLzRgOhe74MocVNm',$,$,$,(#599),#601);
#603=IFCCARTESIANPOINT((0.,0.,0.));
#604=IFCDIRECTION((0.,0.,1.));
#605=IFCDIRECTION((1.,0.,0.));
#606=IFCAXIS2PLACEMENT3D(#603,#604,#605);
#607=IFCLOCALPLACEMENT(#120,#606);
#608=IFCCARTESIANPOINTLIST2D(((-20.665,-4.123),(-55.557,0.51),(-60.624,-37.808),(-25.791,-42.306),(-24.777,-35.038),(-27.393,-34.024),(-27.181,-32.509),(-19.942,-34.98),(-8.166,-37.528),(5.173,-38.059),(16.195,-36.766),(15.153,-30.685),(17.025,-30.936),(17.353,-28.475),(15.452,-28.214),(18.,-22.635),(9.902,-18.948),(-2.974,-15.203),(-16.129,-13.784),(-24.526,-14.055),(-24.333,-12.53),(-21.756,-12.375),(-20.535,-4.415),(-21.555,-12.624),(-24.105,-12.754),(-24.283,-14.263),(-16.004,-14.079),(-3.173,-15.453),(9.596,-19.043),(17.682,-22.666),(15.134,-28.181),(17.035,-28.442),(16.711,-30.875),(14.839,-30.623),(15.899,-36.644),(4.919,-37.864),(-8.243,-37.217),(-19.725,-34.745),(-26.888,-32.38),(-27.11,-33.875),(-24.515,-34.854),(-25.581,-42.064),(-60.314,-37.731),(-55.281,0.348),(-20.535,-4.415),(-20.665,-4.123)));
#609=IFCINDEXEDPOLYCURVE(#608,(IFCLINEINDEX((1,2,3,4,5,6,7,8,9,10,11,12,13,14,15,16,17,18,19,20,21,22,23,24,25,26,27,28,29,30,31,32,33,34,35,36,37,38,39,40,41,42,43,44,45,46,1))),$);
#610=IFCARBITRARYCLOSEDPROFILEDEF(.AREA.,$,#609);
#611=IFCCARTESIANPOINT((0.,0.,0.));
#612=IFCDIRECTION((0.,0.,1.));
#613=IFCDIRECTION((1.,0.,0.));
#614=IFCAXIS2PLACEMENT3D(#611,#612,#613);
#615=IFCDIRECTION((0.,0.,1.));
#616=IFCEXTRUDEDAREASOLID(#610,#614,#615,1.1);
#617=IFCSHAPEREPRESENTATION(#11,'Body','SweptSolid',(#616));
#618=IFCPRODUCTDEFINITIONSHAPE($,$,(#617));
#619=IFCPROPERTYSET('1nTucPBsrVGg1kxTeH9s7s',$,'Pset_PlateCommon',$,(#621));
#620=IFCRELDEFINESBYPROPERTIES('2AKvok9wrQb9HTTlBMcDJ1',$,$,$,(#599),#619);
#621=IFCPROPERTYSINGLEVALUE('IsExternal',$,IFCBOOLEAN(.T.),$);
#622=IFCPLATE('21ARokmljIWgRnovz_OagQ',$,'Level 07 Curtain Wall','Unitised solar-control glazing to the sail',$,#631,#642,$,$);
#624=IFCMATERIALLAYERSETUSAGE(#275,.AXIS2.,.POSITIVE.,0.,$);
#625=IFCRELASSOCIATESMATERIAL('2f3YfZz2bV0Ocdn6TAl88r',$,$,$,(#622),#624);
#626=IFCRELCONTAINEDINSPATIALSTRUCTURE('1$xdxzEPfVvfrbFHH5eRDC',$,$,$,(#622,#646),#121);
#627=IFCCARTESIANPOINT((0.,0.,0.));
#628=IFCDIRECTION((0.,0.,1.));
#629=IFCDIRECTION((1.,0.,0.));
#630=IFCAXIS2PLACEMENT3D(#627,#628,#629);
#631=IFCLOCALPLACEMENT(#127,#630);
#632=IFCCARTESIANPOINTLIST2D(((-20.202,-4.163),(-54.668,0.459),(-59.669,-37.366),(-25.247,-41.764),(-24.228,-34.593),(-26.809,-33.601),(-26.595,-32.109),(-19.459,-34.52),(-7.905,-37.016),(5.234,-37.577),(16.123,-36.321),(15.086,-30.325),(16.938,-30.574),(17.261,-28.148),(15.381,-27.891),(17.9,-22.393),(9.894,-18.766),(-2.807,-15.11),(-15.718,-13.72),(-23.986,-13.961),(-23.8,-12.457),(-21.259,-12.313),(-20.129,-4.327),(-21.146,-12.453),(-23.672,-12.583),(-23.849,-14.078),(-15.648,-13.886),(-2.919,-15.251),(9.722,-18.819),(17.721,-22.41),(15.202,-27.873),(17.082,-28.129),(16.761,-30.54),(14.909,-30.29),(15.957,-36.252),(5.091,-37.467),(-7.948,-36.841),(-19.337,-34.388),(-26.43,-32.037),(-26.65,-33.517),(-24.081,-34.49),(-25.129,-41.628),(-59.494,-37.322),(-54.513,0.368),(-20.129,-4.327),(-20.202,-4.163)));
#633=IFCINDEXEDPOLYCURVE(#632,(IFCLINEINDEX((1,2,3,4,5,6,7,8,9,10,11,12,13,14,15,16,17,18,19,20,21,22,23,24,25,26,27,28,29,30,31,32,33,34,35,36,37,38,39,40,41,42,43,44,45,46,1))),$);
#634=IFCARBITRARYCLOSEDPROFILEDEF(.AREA.,$,#633);
#635=IFCCARTESIANPOINT((0.,0.,0.));
#636=IFCDIRECTION((0.,0.,1.));
#637=IFCDIRECTION((1.,0.,0.));
#638=IFCAXIS2PLACEMENT3D(#635,#636,#637);
#639=IFCDIRECTION((0.,0.,1.));
#640=IFCEXTRUDEDAREASOLID(#634,#638,#639,3.5692);
#641=IFCSHAPEREPRESENTATION(#11,'Body','SweptSolid',(#640));
#642=IFCPRODUCTDEFINITIONSHAPE($,$,(#641));
#643=IFCPROPERTYSET('12AUDaBi9PEOlLMFn_cw4s',$,'Pset_PlateCommon',$,(#645));
#644=IFCRELDEFINESBYPROPERTIES('2BCGae27LSvAz7U0yKQ5nL',$,$,$,(#622),#643);
#645=IFCPROPERTYSINGLEVALUE('IsExternal',$,IFCBOOLEAN(.T.),$);
#646=IFCPLATE('2NZASdSxnUofj8DAxe0lgX',$,'Level 07 Spandrel','Opaque spandrel band expressing the floor line',$,#654,#665,$,$);
#648=IFCMATERIALLAYERSETUSAGE(#279,.AXIS2.,.POSITIVE.,0.,$);
#649=IFCRELASSOCIATESMATERIAL('1JMKkQuszMVh2naoG3EBxg',$,$,$,(#646),#648);
#650=IFCCARTESIANPOINT((0.,0.,0.));
#651=IFCDIRECTION((0.,0.,1.));
#652=IFCDIRECTION((1.,0.,0.));
#653=IFCAXIS2PLACEMENT3D(#650,#651,#652);
#654=IFCLOCALPLACEMENT(#127,#653);
#655=IFCCARTESIANPOINTLIST2D(((-20.243,-4.072),(-54.754,0.51),(-59.766,-37.39),(-25.313,-41.839),(-24.31,-34.65),(-26.897,-33.648),(-26.687,-32.149),(-19.527,-34.593),(-7.881,-37.113),(5.313,-37.638),(16.215,-36.359),(15.184,-30.344),(17.036,-30.593),(17.36,-28.158),(15.48,-27.901),(18.,-22.383),(9.99,-18.736),(-2.745,-15.032),(-15.757,-13.628),(-24.062,-13.896),(-23.871,-12.387),(-21.322,-12.235),(-20.113,-4.364),(-21.121,-12.484),(-23.643,-12.611),(-23.819,-14.104),(-15.632,-13.923),(-2.944,-15.282),(9.684,-18.831),(17.682,-22.414),(15.162,-27.868),(17.042,-28.125),(16.722,-30.532),(14.87,-30.282),(15.919,-36.237),(5.059,-37.443),(-7.958,-36.802),(-19.31,-34.358),(-26.394,-32.02),(-26.614,-33.499),(-24.048,-34.466),(-25.103,-41.597),(-59.456,-37.313),(-54.478,0.348),(-20.113,-4.364),(-20.243,-4.072)));
#656=IFCINDEXEDPOLYCURVE(#655,(IFCLINEINDEX((1,2,3,4,5,6,7,8,9,10,11,12,13,14,15,16,17,18,19,20,21,22,23,24,25,26,27,28,29,30,31,32,33,34,35,36,37,38,39,40,41,42,43,44,45,46,1))),$);
#657=IFCARBITRARYCLOSEDPROFILEDEF(.AREA.,$,#656);
#658=IFCCARTESIANPOINT((0.,0.,0.));
#659=IFCDIRECTION((0.,0.,1.));
#660=IFCDIRECTION((1.,0.,0.));
#661=IFCAXIS2PLACEMENT3D(#658,#659,#660);
#662=IFCDIRECTION((0.,0.,1.));
#663=IFCEXTRUDEDAREASOLID(#657,#661,#662,1.1);
#664=IFCSHAPEREPRESENTATION(#11,'Body','SweptSolid',(#663));
#665=IFCPRODUCTDEFINITIONSHAPE($,$,(#664));
#666=IFCPROPERTYSET('3QOpOXQIbPxRdxfP$qa0ir',$,'Pset_PlateCommon',$,(#668));
#667=IFCRELDEFINESBYPROPERTIES('0Sj7hoiC9Sih3wx0hEAU7a',$,$,$,(#646),#666);
#668=IFCPROPERTYSINGLEVALUE('IsExternal',$,IFCBOOLEAN(.T.),$);
#669=IFCPLATE('2kncZjx4jGGxDomgyo_MT5',$,'Level 08 Curtain Wall','Unitised solar-control glazing to the sail',$,#678,#689,$,$);
#671=IFCMATERIALLAYERSETUSAGE(#275,.AXIS2.,.POSITIVE.,0.,$);
#672=IFCRELASSOCIATESMATERIAL('3ShxpaX0TK$O4g9FqPfM9_',$,$,$,(#669),#671);
#673=IFCRELCONTAINEDINSPATIALSTRUCTURE('35zgBk4JjTyAErCecAKKO1',$,$,$,(#669,#693),#128);
#674=IFCCARTESIANPOINT((0.,0.,0.));
#675=IFCDIRECTION((0.,0.,1.));
#676=IFCDIRECTION((1.,0.,0.));
#677=IFCAXIS2PLACEMENT3D(#674,#675,#676);
#678=IFCLOCALPLACEMENT(#134,#677);
#679=IFCCARTESIANPOINTLIST2D(((-19.749,-4.109),(-53.805,0.459),(-58.747,-36.916),(-24.733,-41.261),(-23.726,-34.176),(-26.277,-33.195),(-26.065,-31.721),(-19.014,-34.103),(-7.598,-36.57),(5.384,-37.124),(16.144,-35.883),(15.119,-29.959),(16.949,-30.205),(17.269,-27.808),(15.411,-27.554),(17.9,-22.121),(9.989,-18.538),(-2.561,-14.925),(-15.317,-13.553),(-23.487,-13.79),(-23.303,-12.304),(-20.793,-12.161),(-19.676,-4.273),(-20.68,-12.301),(-23.175,-12.43),(-23.35,-13.907),(-15.247,-13.719),(-2.673,-15.066),(9.817,-18.591),(17.721,-22.138),(15.232,-27.536),(17.09,-27.789),(16.772,-30.171),(14.942,-29.924),(15.978,-35.814),(5.241,-37.014),(-7.641,-36.395),(-18.892,-33.971),(-25.9,-31.649),(-26.118,-33.111),(-23.579,-34.073),(-24.615,-41.125),(-58.572,-36.872),(-53.65,0.368),(-19.676,-4.273),(-19.749,-4.109)));
#680=IFCINDEXEDPOLYCURVE(#679,(IFCLINEINDEX((1,2,3,4,5,6,7,8,9,10,11,12,13,14,15,16,17,18,19,20,21,22,23,24,25,26,27,28,29,30,31,32,33,34,35,36,37,38,39,40,41,42,43,44,45,46,1))),$);
#681=IFCARBITRARYCLOSEDPROFILEDEF(.AREA.,$,#680);
#682=IFCCARTESIANPOINT((0.,0.,0.));
#683=IFCDIRECTION((0.,0.,1.));
#684=IFCDIRECTION((1.,0.,0.));
#685=IFCAXIS2PLACEMENT3D(#682,#683,#684);
#686=IFCDIRECTION((0.,0.,1.));
#687=IFCEXTRUDEDAREASOLID(#681,#685,#686,3.5692);
#688=IFCSHAPEREPRESENTATION(#11,'Body','SweptSolid',(#687));
#689=IFCPRODUCTDEFINITIONSHAPE($,$,(#688));
#690=IFCPROPERTYSET('2zkf8KO75N8OEhPcIRo3oY',$,'Pset_PlateCommon',$,(#692));
#691=IFCRELDEFINESBYPROPERTIES('3OS_yC8yLPhPemkyYQKIK_',$,$,$,(#669),#690);
#692=IFCPROPERTYSINGLEVALUE('IsExternal',$,IFCBOOLEAN(.T.),$);
#693=IFCPLATE('0UJzJ4zl9NNAlHu91TVFq2',$,'Level 08 Spandrel','Opaque spandrel band expressing the floor line',$,#701,#712,$,$);
#695=IFCMATERIALLAYERSETUSAGE(#279,.AXIS2.,.POSITIVE.,0.,$);
#696=IFCRELASSOCIATESMATERIAL('3GohP3XKDJAe2fX$0sUDTH',$,$,$,(#693),#695);
#697=IFCCARTESIANPOINT((0.,0.,0.));
#698=IFCDIRECTION((0.,0.,1.));
#699=IFCDIRECTION((1.,0.,0.));
#700=IFCAXIS2PLACEMENT3D(#697,#698,#699);
#701=IFCLOCALPLACEMENT(#134,#700);
#702=IFCCARTESIANPOINTLIST2D(((-19.79,-4.018),(-53.891,0.51),(-58.844,-36.94),(-24.799,-41.336),(-23.808,-34.233),(-26.365,-33.242),(-26.157,-31.761),(-19.082,-34.176),(-7.574,-36.667),(5.463,-37.185),(16.236,-35.921),(15.217,-29.978),(17.047,-30.224),(17.368,-27.818),(15.51,-27.564),(18.,-22.111),(10.085,-18.508),(-2.499,-14.847),(-15.356,-13.461),(-23.563,-13.725),(-23.374,-12.234),(-20.856,-12.083),(-19.66,-4.31),(-20.655,-12.332),(-23.146,-12.458),(-23.32,-13.933),(-15.231,-13.756),(-2.698,-15.097),(9.779,-18.603),(17.682,-22.142),(15.192,-27.531),(17.05,-27.785),(16.733,-30.163),(14.903,-29.916),(15.94,-35.799),(5.209,-36.99),(-7.651,-36.356),(-18.865,-33.941),(-25.864,-31.632),(-26.082,-33.093),(-23.546,-34.049),(-24.589,-41.094),(-58.534,-36.863),(-53.615,0.348),(-19.66,-4.31),(-19.79,-4.018)));
#703=IFCINDEXEDPOLYCURVE(#702,(IFCLINEINDEX((1,2,3,4,5,6,7,8,9,10,11,12,13,14,15,16,17,18,19,20,21,22,23,24,25,26,27,28,29,30,31,32,33,34,35,36,37,38,39,40,41,42,43,44,45,46,1))),$);
#704=IFCARBITRARYCLOSEDPROFILEDEF(.AREA.,$,#703);
#705=IFCCARTESIANPOINT((0.,0.,0.));
#706=IFCDIRECTION((0.,0.,1.));
#707=IFCDIRECTION((1.,0.,0.));
#708=IFCAXIS2PLACEMENT3D(#705,#706,#707);
#709=IFCDIRECTION((0.,0.,1.));
#710=IFCEXTRUDEDAREASOLID(#704,#708,#709,1.1);
#711=IFCSHAPEREPRESENTATION(#11,'Body','SweptSolid',(#710));
#712=IFCPRODUCTDEFINITIONSHAPE($,$,(#711));
#713=IFCPROPERTYSET('0emE0GuZ5QjgelnkarHtwn',$,'Pset_PlateCommon',$,(#715));
#714=IFCRELDEFINESBYPROPERTIES('3qVLPOew5LvwA4kftr3zfe',$,$,$,(#693),#713);
#715=IFCPROPERTYSINGLEVALUE('IsExternal',$,IFCBOOLEAN(.T.),$);
#716=IFCPLATE('14FhfLfMvOIBD6qGnveM06',$,'Level 09 Curtain Wall','Unitised solar-control glazing to the sail',$,#725,#736,$,$);
#718=IFCMATERIALLAYERSETUSAGE(#275,.AXIS2.,.POSITIVE.,0.,$);
#719=IFCRELASSOCIATESMATERIAL('1Cx6xlVWnPtAYAoqCf4wkh',$,$,$,(#716),#718);
#720=IFCRELCONTAINEDINSPATIALSTRUCTURE('2Ewox1_yDJowIjII1tK35H',$,$,$,(#716,#740),#135);
#721=IFCCARTESIANPOINT((0.,0.,0.));
#722=IFCDIRECTION((0.,0.,1.));
#723=IFCDIRECTION((1.,0.,0.));
#724=IFCAXIS2PLACEMENT3D(#721,#722,#723);
#725=IFCLOCALPLACEMENT(#141,#724);
#726=IFCCARTESIANPOINTLIST2D(((-19.264,-4.051),(-52.882,0.459),(-57.76,-36.435),(-24.183,-40.724),(-23.19,-33.73),(-25.707,-32.762),(-25.498,-31.307),(-18.538,-33.658),(-7.269,-36.092),(5.545,-36.641),(16.167,-35.416),(15.155,-29.568),(16.961,-29.81),(17.277,-27.445),(15.443,-27.193),(17.9,-21.831),(10.091,-18.293),(-2.297,-14.728),(-14.889,-13.373),(-22.954,-13.607),(-22.772,-12.141),(-20.294,-12.),(-19.191,-4.215),(-20.181,-12.14),(-22.644,-12.267),(-22.817,-13.724),(-14.819,-13.539),(-2.409,-14.869),(9.919,-18.346),(17.721,-21.848),(15.264,-27.175),(17.098,-27.426),(16.784,-29.776),(14.978,-29.533),(16.001,-35.347),(5.402,-36.531),(-7.312,-35.917),(-18.416,-33.526),(-25.333,-31.235),(-25.548,-32.678),(-23.043,-33.627),(-24.065,-40.588),(-57.585,-36.391),(-52.727,0.368),(-19.191,-4.215),(-19.264,-4.051)));
#727=IFCINDEXEDPOLYCURVE(#726,(IFCLINEINDEX((1,2,3,4,5,6,7,8,9,10,11,12,13,14,15,16,17,18,19,20,21,22,23,24,25,26,27,28,29,30,31,32,33,34,35,36,37,38,39,40,41,42,43,44,45,46,1))),$);
#728=IFCARBITRARYCLOSEDPROFILEDEF(.AREA.,$,#727);
#729=IFCCARTESIANPOINT((0.,0.,0.));
#730=IFCDIRECTION((0.,0.,1.));
#731=IFCDIRECTION((1.,0.,0.));
#732=IFCAXIS2PLACEMENT3D(#729,#730,#731);
#733=IFCDIRECTION((0.,0.,1.));
#734=IFCEXTRUDEDAREASOLID(#728,#732,#733,3.5692);
#735=IFCSHAPEREPRESENTATION(#11,'Body','SweptSolid',(#734));
#736=IFCPRODUCTDEFINITIONSHAPE($,$,(#735));
#737=IFCPROPERTYSET('3K2mK40VnOjBaBvXnCxxEJ',$,'Pset_PlateCommon',$,(#739));
#738=IFCRELDEFINESBYPROPERTIES('2s_0UiBf9Kc8HEd$qfbdw5',$,$,$,(#716),#737);
#739=IFCPROPERTYSINGLEVALUE('IsExternal',$,IFCBOOLEAN(.T.),$);
#740=IFCPLATE('3McMHQEVHOx9sseNfdVdc$',$,'Level 09 Spandrel','Opaque spandrel band expressing the floor line',$,#748,#759,$,$);
#742=IFCMATERIALLAYERSETUSAGE(#279,.AXIS2.,.POSITIVE.,0.,$);
#743=IFCRELASSOCIATESMATERIAL('2udQjun41NRvnIKSfk4mhB',$,$,$,(#740),#742);
#744=IFCCARTESIANPOINT((0.,0.,0.));
#745=IFCDIRECTION((0.,0.,1.));
#746=IFCDIRECTION((1.,0.,0.));
#747=IFCAXIS2PLACEMENT3D(#744,#745,#746);
#748=IFCLOCALPLACEMENT(#141,#747);
#749=IFCCARTESIANPOINTLIST2D(((-19.305,-3.96),(-52.968,0.51),(-57.857,-36.459),(-24.249,-40.799),(-23.272,-33.787),(-25.795,-32.809),(-25.59,-31.347),(-18.606,-33.731),(-7.245,-36.189),(5.624,-36.702),(16.259,-35.454),(15.253,-29.587),(17.059,-29.829),(17.376,-27.455),(15.542,-27.203),(18.,-21.821),(10.187,-18.263),(-2.235,-14.65),(-14.928,-13.281),(-23.03,-13.542),(-22.843,-12.071),(-20.357,-11.922),(-19.175,-4.252),(-20.156,-12.171),(-22.615,-12.295),(-22.787,-13.75),(-14.803,-13.576),(-2.434,-14.9),(9.881,-18.358),(17.682,-21.852),(15.224,-27.17),(17.058,-27.422),(16.745,-29.768),(14.939,-29.525),(15.963,-35.332),(5.37,-36.507),(-7.322,-35.878),(-18.389,-33.496),(-25.297,-31.218),(-25.512,-32.66),(-23.01,-33.603),(-24.039,-40.557),(-57.547,-36.382),(-52.692,0.348),(-19.175,-4.252),(-19.305,-3.96)));
#750=IFCINDEXEDPOLYCURVE(#749,(IFCLINEINDEX((1,2,3,4,5,6,7,8,9,10,11,12,13,14,15,16,17,18,19,20,21,22,23,24,25,26,27,28,29,30,31,32,33,34,35,36,37,38,39,40,41,42,43,44,45,46,1))),$);
#751=IFCARBITRARYCLOSEDPROFILEDEF(.AREA.,$,#750);
#752=IFCCARTESIANPOINT((0.,0.,0.));
#753=IFCDIRECTION((0.,0.,1.));
#754=IFCDIRECTION((1.,0.,0.));
#755=IFCAXIS2PLACEMENT3D(#752,#753,#754);
#756=IFCDIRECTION((0.,0.,1.));
#757=IFCEXTRUDEDAREASOLID(#751,#755,#756,1.1);
#758=IFCSHAPEREPRESENTATION(#11,'Body','SweptSolid',(#757));
#759=IFCPRODUCTDEFINITIONSHAPE($,$,(#758));
#760=IFCPROPERTYSET('1sN3EdMHLIQ88hPhNDG8SJ',$,'Pset_PlateCommon',$,(#762));
#761=IFCRELDEFINESBYPROPERTIES('3G1qjBJYPQZewxAb5ikqvu',$,$,$,(#740),#760);
#762=IFCPROPERTYSINGLEVALUE('IsExternal',$,IFCBOOLEAN(.T.),$);
#763=IFCPLATE('1eyteJw_TUef79i54X6Ynf',$,'Level 10 Curtain Wall','Unitised solar-control glazing to the sail',$,#772,#783,$,$);
#765=IFCMATERIALLAYERSETUSAGE(#275,.AXIS2.,.POSITIVE.,0.,$);
#766=IFCRELASSOCIATESMATERIAL('0WQecKXMnUaw7cx7K4UpES',$,$,$,(#763),#765);
#767=IFCRELCONTAINEDINSPATIALSTRUCTURE('1G_Qo1wjrP0w09aKGkAU74',$,$,$,(#763,#787),#142);
#768=IFCCARTESIANPOINT((0.,0.,0.));
#769=IFCDIRECTION((0.,0.,1.));
#770=IFCDIRECTION((1.,0.,0.));
#771=IFCAXIS2PLACEMENT3D(#768,#769,#770);
#772=IFCLOCALPLACEMENT(#148,#771);
#773=IFCCARTESIANPOINTLIST2D(((-18.75,-3.989),(-51.906,0.459),(-56.716,-35.927),(-23.602,-40.155),(-22.622,-33.258),(-25.105,-32.304),(-24.899,-30.869),(-18.035,-33.187),(-6.922,-35.587),(5.715,-36.128),(16.191,-34.921),(15.193,-29.154),(16.974,-29.393),(17.286,-27.06),(15.476,-26.812),(17.9,-21.523),(10.199,-18.035),(-2.019,-14.52),(-14.436,-13.184),(-22.389,-13.414),(-22.21,-11.968),(-19.766,-11.829),(-18.677,-4.153),(-19.653,-11.969),(-22.082,-12.094),(-22.252,-13.531),(-14.366,-13.35),(-2.131,-14.661),(10.027,-18.088),(17.721,-21.54),(15.297,-26.794),(17.107,-27.041),(16.797,-29.359),(15.016,-29.119),(16.025,-34.852),(5.572,-36.018),(-6.965,-35.412),(-17.913,-33.055),(-24.734,-30.797),(-24.946,-32.22),(-22.475,-33.155),(-23.484,-40.019),(-56.541,-35.883),(-51.751,0.368),(-18.677,-4.153),(-18.75,-3.989)));
#774=IFCINDEXEDPOLYCURVE(#773,(IFCLINEINDEX((1,2,3,4,5,6,7,8,9,10,11,12,13,14,15,16,17,18,19,20,21,22,23,24,25,26,27,28,29,30,31,32,33,34,35,36,37,38,39,40,41,42,43,44,45,46,1))),$);
#775=IFCARBITRARYCLOSEDPROFILEDEF(.AREA.,$,#774);
#776=IFCCARTESIANPOINT((0.,0.,0.));
#777=IFCDIRECTION((0.,0.,1.));
#778=IFCDIRECTION((1.,0.,0.));
#779=IFCAXIS2PLACEMENT3D(#776,#777,#778);
#780=IFCDIRECTION((0.,0.,1.));
#781=IFCEXTRUDEDAREASOLID(#775,#779,#780,3.5692);
#782=IFCSHAPEREPRESENTATION(#11,'Body','SweptSolid',(#781));
#783=IFCPRODUCTDEFINITIONSHAPE($,$,(#782));
#784=IFCPROPERTYSET('1I4U$tTzXT1uPC9$Qvwq9R',$,'Pset_PlateCommon',$,(#786));
#785=IFCRELDEFINESBYPROPERTIES('2gcJfA0q5HBxruDV$$7iKx',$,$,$,(#763),#784);
#786=IFCPROPERTYSINGLEVALUE('IsExternal',$,IFCBOOLEAN(.T.),$);
#787=IFCPLATE('2xW2evZzjL9gZ4gqPAZrF_',$,'Level 10 Spandrel','Opaque spandrel band expressing the floor line',$,#795,#806,$,$);
#789=IFCMATERIALLAYERSETUSAGE(#279,.AXIS2.,.POSITIVE.,0.,$);
#790=IFCRELASSOCIATESMATERIAL('3tHHwclBzR4PILw4hAOcDV',$,$,$,(#787),#789);
#791=IFCCARTESIANPOINT((0.,0.,0.));
#792=IFCDIRECTION((0.,0.,1.));
#793=IFCDIRECTION((1.,0.,0.));
#794=IFCAXIS2PLACEMENT3D(#791,#792,#793);
#795=IFCLOCALPLACEMENT(#148,#794);
#796=IFCCARTESIANPOINTLIST2D(((-18.791,-3.898),(-51.992,0.51),(-56.813,-35.951),(-23.668,-40.23),(-22.704,-33.315),(-25.193,-32.351),(-24.991,-30.909),(-18.103,-33.26),(-6.898,-35.684),(5.794,-36.189),(16.283,-34.959),(15.291,-29.173),(17.072,-29.412),(17.385,-27.07),(15.575,-26.822),(18.,-21.513),(10.295,-18.005),(-1.957,-14.442),(-14.475,-13.092),(-22.465,-13.349),(-22.281,-11.898),(-19.829,-11.751),(-18.661,-4.19),(-19.628,-12.),(-22.053,-12.122),(-22.222,-13.557),(-14.35,-13.387),(-2.156,-14.692),(9.989,-18.1),(17.682,-21.544),(15.257,-26.789),(17.067,-27.037),(16.758,-29.351),(14.977,-29.111),(15.987,-34.837),(5.54,-35.994),(-6.975,-35.373),(-17.886,-33.025),(-24.698,-30.78),(-24.91,-32.202),(-22.442,-33.131),(-23.458,-39.988),(-56.503,-35.874),(-51.716,0.348),(-18.661,-4.19),(-18.791,-3.898)));
#797=IFCINDEXEDPOLYCURVE(#796,(IFCLINEINDEX((1,2,3,4,5,6,7,8,9,10,11,12,13,14,15,16,17,18,19,20,21,22,23,24,25,26,27,28,29,30,31,32,33,34,35,36,37,38,39,40,41,42,43,44,45,46,1))),$);
#798=IFCARBITRARYCLOSEDPROFILEDEF(.AREA.,$,#797);
#799=IFCCARTESIANPOINT((0.,0.,0.));
#800=IFCDIRECTION((0.,0.,1.));
#801=IFCDIRECTION((1.,0.,0.));
#802=IFCAXIS2PLACEMENT3D(#799,#800,#801);
#803=IFCDIRECTION((0.,0.,1.));
#804=IFCEXTRUDEDAREASOLID(#798,#802,#803,1.1);
#805=IFCSHAPEREPRESENTATION(#11,'Body','SweptSolid',(#804));
#806=IFCPRODUCTDEFINITIONSHAPE($,$,(#805));
#807=IFCPROPERTYSET('30iNZmGX9PaQg_JArYk1FD',$,'Pset_PlateCommon',$,(#809));
#808=IFCRELDEFINESBYPROPERTIES('0euHri5vXL$wA1mWF3S1br',$,$,$,(#787),#807);
#809=IFCPROPERTYSINGLEVALUE('IsExternal',$,IFCBOOLEAN(.T.),$);
#810=IFCPLATE('2oFKktxlLGAeJ1jg7lXc$P',$,'Level 11 Curtain Wall','Unitised solar-control glazing to the sail',$,#819,#830,$,$);
#812=IFCMATERIALLAYERSETUSAGE(#275,.AXIS2.,.POSITIVE.,0.,$);
#813=IFCRELASSOCIATESMATERIAL('0OPOUxgiLM$Bc2BymszdnT',$,$,$,(#810),#812);
#814=IFCRELCONTAINEDINSPATIALSTRUCTURE('2vQk5tu5HIFAsp1rWxA3gc',$,$,$,(#810,#834),#149);
#815=IFCCARTESIANPOINT((0.,0.,0.));
#816=IFCDIRECTION((0.,0.,1.));
#817=IFCDIRECTION((1.,0.,0.));
#818=IFCAXIS2PLACEMENT3D(#815,#816,#817);
#819=IFCLOCALPLACEMENT(#155,#818);
#820=IFCCARTESIANPOINTLIST2D(((-18.211,-3.925),(-50.879,0.459),(-55.619,-35.392),(-22.991,-39.558),(-22.025,-32.762),(-24.471,-31.821),(-24.268,-30.408),(-17.505,-32.691),(-6.557,-35.056),(5.894,-35.59),(16.216,-34.4),(15.232,-28.718),(16.988,-28.954),(17.295,-26.655),(15.512,-26.411),(17.9,-21.2),(10.312,-17.763),(-1.726,-14.3),(-13.959,-12.984),(-21.795,-13.21),(-21.619,-11.786),(-19.211,-11.649),(-18.138,-4.089),(-19.098,-11.789),(-21.491,-11.912),(-21.658,-13.327),(-13.889,-13.15),(-1.838,-14.441),(10.14,-17.816),(17.721,-21.217),(15.333,-26.393),(17.116,-26.636),(16.811,-28.92),(15.055,-28.683),(16.05,-34.331),(5.751,-35.48),(-6.6,-34.881),(-17.383,-32.559),(-24.103,-30.336),(-24.312,-31.737),(-21.878,-32.659),(-22.873,-39.422),(-55.444,-35.348),(-50.724,0.368),(-18.138,-4.089),(-18.211,-3.925)));
#821=IFCINDEXEDPOLYCURVE(#820,(IFCLINEINDEX((1,2,3,4,5,6,7,8,9,10,11,12,13,14,15,16,17,18,19,20,21,22,23,24,25,26,27,28,29,30,31,32,33,34,35,36,37,38,39,40,41,42,43,44,45,46,1))),$);
#822=IFCARBITRARYCLOSEDPROFILEDEF(.AREA.,$,#821);
#823=IFCCARTESIANPOINT((0.,0.,0.));
#824=IFCDIRECTION((0.,0.,1.));
#825=IFCDIRECTION((1.,0.,0.));
#826=IFCAXIS2PLACEMENT3D(#823,#824,#825);
#827=IFCDIRECTION((0.,0.,1.));
#828=IFCEXTRUDEDAREASOLID(#822,#826,#827,3.5692);
#829=IFCSHAPEREPRESENTATION(#11,'Body','SweptSolid',(#828));
#830=IFCPRODUCTDEFINITIONSHAPE($,$,(#829));
#831=IFCPROPERTYSET('0l7f_jNwjOU8KebqkOxT98',$,'Pset_PlateCommon',$,(#833));
#832=IFCRELDEFINESBYPROPERTIES('3AVoD5SbHRKfdQbUziZ_Hi',$,$,$,(#810),#831);
#833=IFCPROPERTYSINGLEVALUE('IsExternal',$,IFCBOOLEAN(.T.),$);
#834=IFCPLATE('2OsAvU_iXNqPu8iMM7CU3Z',$,'Level 11 Spandrel','Opaque spandrel band expressing the floor line',$,#842,#853,$,$);
#836=IFCMATERIALLAYERSETUSAGE(#279,.AXIS2.,.POSITIVE.,0.,$);
#837=IFCRELASSOCIATESMATERIAL('0MzcA9IHfJvgi_jbC3NlbT',$,$,$,(#834),#836);
#838=IFCCARTESIANPOINT((0.,0.,0.));
#839=IFCDIRECTION((0.,0.,1.));
#840=IFCDIRECTION((1.,0.,0.));
#841=IFCAXIS2PLACEMENT3D(#838,#839,#840);
#842=IFCLOCALPLACEMENT(#155,#841);
#843=IFCCARTESIANPOINTLIST2D(((-18.252,-3.834),(-50.965,0.51),(-55.716,-35.416),(-23.057,-39.633),(-22.107,-32.819),(-24.559,-31.868),(-24.36,-30.448),(-17.573,-32.764),(-6.533,-35.153),(5.973,-35.651),(16.308,-34.438),(15.33,-28.737),(17.086,-28.973),(17.394,-26.665),(15.611,-26.421),(18.,-21.19),(10.408,-17.733),(-1.664,-14.222),(-13.998,-12.892),(-21.871,-13.145),(-21.69,-11.716),(-19.274,-11.571),(-18.122,-4.126),(-19.073,-11.82),(-21.462,-11.94),(-21.628,-13.353),(-13.873,-13.187),(-1.863,-14.472),(10.102,-17.828),(17.682,-21.221),(15.293,-26.388),(17.076,-26.632),(16.772,-28.912),(15.016,-28.675),(16.012,-34.316),(5.719,-35.456),(-6.61,-34.842),(-17.356,-32.529),(-24.067,-30.319),(-24.276,-31.719),(-21.845,-32.635),(-22.847,-39.391),(-55.406,-35.339),(-50.689,0.348),(-18.122,-4.126),(-18.252,-3.834)));
#844=IFCINDEXEDPOLYCURVE(#843,(IFCLINEINDEX((1,2,3,4,5,6,7,8,9,10,11,12,13,14,15,16,17,18,19,20,21,22,23,24,25,26,27,28,29,30,31,32,33,34,35,36,37,38,39,40,41,42,43,44,45,46,1))),$);
#845=IFCARBITRARYCLOSEDPROFILEDEF(.AREA.,$,#844);
#846=IFCCARTESIANPOINT((0.,0.,0.));
#847=IFCDIRECTION((0.,0.,1.));
#848=IFCDIRECTION((1.,0.,0.));
#849=IFCAXIS2PLACEMENT3D(#846,#847,#848);
#850=IFCDIRECTION((0.,0.,1.));
#851=IFCEXTRUDEDAREASOLID(#845,#849,#850,1.1);
#852=IFCSHAPEREPRESENTATION(#11,'Body','SweptSolid',(#851));
#853=IFCPRODUCTDEFINITIONSHAPE($,$,(#852));
#854=IFCPROPERTYSET('3ui8sZT2rKqg5Xyht9L5gb',$,'Pset_PlateCommon',$,(#856));
#855=IFCRELDEFINESBYPROPERTIES('0t2lGqz8zSog_bjagf7$9p',$,$,$,(#834),#854);
#856=IFCPROPERTYSINGLEVALUE('IsExternal',$,IFCBOOLEAN(.T.),$);
#857=IFCPLATE('3noxDVymHGyuYrVIlRspWu',$,'Level 12 Curtain Wall','Unitised solar-control glazing to the sail',$,#866,#877,$,$);
#859=IFCMATERIALLAYERSETUSAGE(#275,.AXIS2.,.POSITIVE.,0.,$);
#860=IFCRELASSOCIATESMATERIAL('3ffWMjirzJ78jcZEIK1eN5',$,$,$,(#857),#859);
#861=IFCRELCONTAINEDINSPATIALSTRUCTURE('39ezpccPvOTPx9Y_UIww$r',$,$,$,(#857,#881),#156);
#862=IFCCARTESIANPOINT((0.,0.,0.));
#863=IFCDIRECTION((0.,0.,1.));
#864=IFCDIRECTION((1.,0.,0.));
#865=IFCAXIS2PLACEMENT3D(#862,#863,#864);
#866=IFCLOCALPLACEMENT(#162,#865);
#867=IFCCARTESIANPOINTLIST2D(((-17.646,-3.857),(-49.805,0.459),(-54.471,-34.832),(-22.351,-38.933),(-21.4,-32.243),(-23.808,-31.317),(-23.608,-29.926),(-16.951,-32.173),(-6.175,-34.501),(6.082,-35.027),(16.242,-33.856),(15.274,-28.263),(17.002,-28.495),(17.304,-26.232),(15.549,-25.991),(17.9,-20.862),(10.43,-17.479),(-1.42,-14.071),(-13.461,-12.775),(-21.174,-12.998),(-21.001,-11.595),(-18.631,-11.461),(-17.573,-4.021),(-18.518,-11.601),(-20.873,-11.721),(-21.037,-13.115),(-13.391,-12.941),(-1.532,-14.212),(10.258,-17.532),(17.721,-20.879),(15.37,-25.973),(17.125,-26.213),(16.825,-28.461),(15.097,-28.228),(16.076,-33.787),(5.939,-34.917),(-6.218,-34.326),(-16.829,-32.041),(-23.443,-29.854),(-23.649,-31.233),(-21.253,-32.14),(-22.233,-38.797),(-54.296,-34.788),(-49.65,0.368),(-17.573,-4.021),(-17.646,-3.857)));
#868=IFCINDEXEDPOLYCURVE(#867,(IFCLINEINDEX((1,2,3,4,5,6,7,8,9,10,11,12,13,14,15,16,17,18,19,20,21,22,23,24,25,26,27,28,29,30,31,32,33,34,35,36,37,38,39,40,41,42,43,44,45,46,1))),$);
#869=IFCARBITRARYCLOSEDPROFILEDEF(.AREA.,$,#868);
#870=IFCCARTESIANPOINT((0.,0.,0.));
#871=IFCDIRECTION((0.,0.,1.));
#872=IFCDIRECTION((1.,0.,0.));
#873=IFCAXIS2PLACEMENT3D(#870,#871,#872);
#874=IFCDIRECTION((0.,0.,1.));
#875=IFCEXTRUDEDAREASOLID(#869,#873,#874,3.5692);
#876=IFCSHAPEREPRESENTATION(#11,'Body','SweptSolid',(#875));
#877=IFCPRODUCTDEFINITIONSHAPE($,$,(#876));
#878=IFCPROPERTYSET('39Aq0CrlbOIg3fQBoP9T6N',$,'Pset_PlateCommon',$,(#880));
#879=IFCRELDEFINESBYPROPERTIES('0j9m0zZ2fSFPX4QYNj8K6s',$,$,$,(#857),#878);
#880=IFCPROPERTYSINGLEVALUE('IsExternal',$,IFCBOOLEAN(.T.),$);
#881=IFCPLATE('3sHJX0hiXL48nRr5AsmffS',$,'Level 12 Spandrel','Opaque spandrel band expressing the floor line',$,#889,#900,$,$);
#883=IFCMATERIALLAYERSETUSAGE(#279,.AXIS2.,.POSITIVE.,0.,$);
#884=IFCRELASSOCIATESMATERIAL('20lfuBRjfNEgzZAQyqclo_',$,$,$,(#881),#883);
#885=IFCCARTESIANPOINT((0.,0.,0.));
#886=IFCDIRECTION((0.,0.,1.));
#887=IFCDIRECTION((1.,0.,0.));
#888=IFCAXIS2PLACEMENT3D(#885,#886,#887);
#889=IFCLOCALPLACEMENT(#162,#888);
#890=IFCCARTESIANPOINTLIST2D(((-17.687,-3.766),(-49.891,0.51),(-54.568,-34.856),(-22.417,-39.008),(-21.482,-32.3),(-23.896,-31.364),(-23.7,-29.966),(-17.019,-32.246),(-6.151,-34.598),(6.161,-35.088),(16.334,-33.894),(15.372,-28.282),(17.1,-28.514),(17.403,-26.242),(15.648,-26.001),(18.,-20.852),(10.526,-17.449),(-1.358,-13.993),(-13.5,-12.683),(-21.25,-12.933),(-21.072,-11.525),(-18.694,-11.383),(-17.557,-4.058),(-18.493,-11.632),(-20.844,-11.749),(-21.007,-13.141),(-13.375,-12.978),(-1.557,-14.243),(10.22,-17.544),(17.682,-20.883),(15.33,-25.968),(17.085,-26.209),(16.786,-28.453),(15.058,-28.22),(16.038,-33.772),(5.907,-34.893),(-6.228,-34.287),(-16.802,-32.011),(-23.407,-29.837),(-23.613,-31.215),(-21.22,-32.116),(-22.207,-38.766),(-54.258,-34.779),(-49.615,0.348),(-17.557,-4.058),(-17.687,-3.766)));
#891=IFCINDEXEDPOLYCURVE(#890,(IFCLINEINDEX((1,2,3,4,5,6,7,8,9,10,11,12,13,14,15,16,17,18,19,20,21,22,23,24,25,26,27,28,29,30,31,32,33,34,35,36,37,38,39,40,41,42,43,44,45,46,1))),$);
#892=IFCARBITRARYCLOSEDPROFILEDEF(.AREA.,$,#891);
#893=IFCCARTESIANPOINT((0.,0.,0.));
#894=IFCDIRECTION((0.,0.,1.));
#895=IFCDIRECTION((1.,0.,0.));
#896=IFCAXIS2PLACEMENT3D(#893,#894,#895);
#897=IFCDIRECTION((0.,0.,1.));
#898=IFCEXTRUDEDAREASOLID(#892,#896,#897,1.1);
#899=IFCSHAPEREPRESENTATION(#11,'Body','SweptSolid',(#898));
#900=IFCPRODUCTDEFINITIONSHAPE($,$,(#899));
#901=IFCPROPERTYSET('3F56ypo5bL2fLY5Lj8iql9',$,'Pset_PlateCommon',$,(#903));
#902=IFCRELDEFINESBYPROPERTIES('3O2NGL$O5J48xeIpYA8Sd9',$,$,$,(#881),#901);
#903=IFCPROPERTYSINGLEVALUE('IsExternal',$,IFCBOOLEAN(.T.),$);
#904=IFCPLATE('2Pm$85F_1KxuLWpXtx9o5X',$,'Level 13 Curtain Wall','Unitised solar-control glazing to the sail',$,#913,#924,$,$);
#906=IFCMATERIALLAYERSETUSAGE(#275,.AXIS2.,.POSITIVE.,0.,$);
#907=IFCRELASSOCIATESMATERIAL('2jnE4CXUjSmAyl2O91axUh',$,$,$,(#904),#906);
#908=IFCRELCONTAINEDINSPATIALSTRUCTURE('08_OvDTwvOCOpvYjs830Mx',$,$,$,(#904,#928),#163);
#909=IFCCARTESIANPOINT((0.,0.,0.));
#910=IFCDIRECTION((0.,0.,1.));
#911=IFCDIRECTION((1.,0.,0.));
#912=IFCAXIS2PLACEMENT3D(#909,#910,#911);
#913=IFCLOCALPLACEMENT(#169,#912);
#914=IFCCARTESIANPOINTLIST2D(((-17.058,-3.787),(-48.686,0.459),(-53.275,-34.249),(-21.685,-38.281),(-20.749,-31.702),(-23.118,-30.792),(-22.921,-29.423),(-16.374,-31.633),(-5.777,-33.922),(6.277,-34.44),(16.27,-33.289),(15.317,-27.788),(17.017,-28.016),(17.314,-25.791),(15.588,-25.554),(17.9,-20.51),(10.553,-17.183),(-1.101,-13.832),(-12.942,-12.558),(-20.527,-12.776),(-20.357,-11.397),(-18.026,-11.265),(-16.985,-3.951),(-17.913,-11.405),(-20.229,-11.523),(-20.39,-12.893),(-12.872,-12.724),(-1.213,-13.973),(10.381,-17.236),(17.721,-20.527),(15.409,-25.536),(17.135,-25.772),(16.84,-27.982),(15.14,-27.753),(16.104,-33.22),(6.134,-34.33),(-5.82,-33.747),(-16.252,-31.501),(-22.756,-29.351),(-22.959,-30.708),(-20.602,-31.599),(-21.567,-38.145),(-53.1,-34.205),(-48.531,0.368),(-16.985,-3.951),(-17.058,-3.787)));
#915=IFCINDEXEDPOLYCURVE(#914,(IFCLINEINDEX((1,2,3,4,5,6,7,8,9,10,11,12,13,14,15,16,17,18,19,20,21,22,23,24,25,26,27,28,29,30,31,32,33,34,35,36,37,38,39,40,41,42,43,44,45,46,1))),$);
#916=IFCARBITRARYCLOSEDPROFILEDEF(.AREA.,$,#915);
#917=IFCCARTESIANPOINT((0.,0.,0.));
#918=IFCDIRECTION((0.,0.,1.));
#919=IFCDIRECTION((1.,0.,0.));
#920=IFCAXIS2PLACEMENT3D(#917,#918,#919);
#921=IFCDIRECTION((0.,0.,1.));
#922=IFCEXTRUDEDAREASOLID(#916,#920,#921,3.5692);
#923=IFCSHAPEREPRESENTATION(#11,'Body','SweptSolid',(#922));
#924=IFCPRODUCTDEFINITIONSHAPE($,$,(#923));
#925=IFCPROPERTYSET('2iY0JqBOLHTRyYt3pENUo3',$,'Pset_PlateCommon',$,(#927));
#926=IFCRELDEFINESBYPROPERTIES('2AZJFCyk5MYxqMaOSBDob3',$,$,$,(#904),#925);
#927=IFCPROPERTYSINGLEVALUE('IsExternal',$,IFCBOOLEAN(.T.),$);
#928=IFCPLATE('1kZPmM5VjUvuiAuhAp6hfP',$,'Level 13 Spandrel','Opaque spandrel band expressing the floor line',$,#936,#947,$,$);
#930=IFCMATERIALLAYERSETUSAGE(#279,.AXIS2.,.POSITIVE.,0.,$);
#931=IFCRELASSOCIATESMATERIAL('2IM2zy2m1GohQoWZP$T05n',$,$,$,(#928),#930);
#932=IFCCARTESIANPOINT((0.,0.,0.));
#933=IFCDIRECTION((0.,0.,1.));
#934=IFCDIRECTION((1.,0.,0.));
#935=IFCAXIS2PLACEMENT3D(#932,#933,#934);
#936=IFCLOCALPLACEMENT(#169,#935);
#937=IFCCARTESIANPOINTLIST2D(((-17.099,-3.696),(-48.772,0.51),(-53.372,-34.273),(-21.751,-38.356),(-20.831,-31.759),(-23.206,-30.839),(-23.013,-29.463),(-16.442,-31.706),(-5.753,-34.019),(6.356,-34.501),(16.362,-33.327),(15.415,-27.807),(17.115,-28.035),(17.413,-25.801),(15.687,-25.564),(18.,-20.5),(10.649,-17.153),(-1.039,-13.754),(-12.981,-12.466),(-20.603,-12.711),(-20.428,-11.327),(-18.089,-11.187),(-16.969,-3.988),(-17.888,-11.436),(-20.2,-11.551),(-20.36,-12.919),(-12.856,-12.761),(-1.238,-14.004),(10.343,-17.248),(17.682,-20.531),(15.369,-25.531),(17.095,-25.768),(16.801,-27.974),(15.101,-27.745),(16.066,-33.205),(6.102,-34.306),(-5.83,-33.708),(-16.225,-31.471),(-22.72,-29.334),(-22.923,-30.69),(-20.569,-31.575),(-21.541,-38.114),(-53.062,-34.196),(-48.496,0.348),(-16.969,-3.988),(-17.099,-3.696)));
#938=IFCINDEXEDPOLYCURVE(#937,(IFCLINEINDEX((1,2,3,4,5,6,7,8,9,10,11,12,13,14,15,16,17,18,19,20,21,22,23,24,25,26,27,28,29,30,31,32,33,34,35,36,37,38,39,40,41,42,43,44,45,46,1))),$);
#939=IFCARBITRARYCLOSEDPROFILEDEF(.AREA.,$,#938);
#940=IFCCARTESIANPOINT((0.,0.,0.));
#941=IFCDIRECTION((0.,0.,1.));
#942=IFCDIRECTION((1.,0.,0.));
#943=IFCAXIS2PLACEMENT3D(#940,#941,#942);
#944=IFCDIRECTION((0.,0.,1.));
#945=IFCEXTRUDEDAREASOLID(#939,#943,#944,1.1);
#946=IFCSHAPEREPRESENTATION(#11,'Body','SweptSolid',(#945));
#947=IFCPRODUCTDEFINITIONSHAPE($,$,(#946));
#948=IFCPROPERTYSET('102NNDOUjR1OiCsBqImvmV',$,'Pset_PlateCommon',$,(#950));
#949=IFCRELDEFINESBYPROPERTIES('1nwG0YG$9GmOfQJgSkeDki',$,$,$,(#928),#948);
#950=IFCPROPERTYSINGLEVALUE('IsExternal',$,IFCBOOLEAN(.T.),$);
#951=IFCPLATE('1mLtI2M_LIwRmqjPOoVGHl',$,'Level 14 Curtain Wall','Unitised solar-control glazing to the sail',$,#960,#971,$,$);
#953=IFCMATERIALLAYERSETUSAGE(#275,.AXIS2.,.POSITIVE.,0.,$);
#954=IFCRELASSOCIATESMATERIAL('1GU5iTZVjLohKD63C15DQp',$,$,$,(#951),#953);
#955=IFCRELCONTAINEDINSPATIALSTRUCTURE('3a8z98PXTK9RdO402PJ7W8',$,$,$,(#951,#975),#170);
#956=IFCCARTESIANPOINT((0.,0.,0.));
#957=IFCDIRECTION((0.,0.,1.));
#958=IFCDIRECTION((1.,0.,0.));
#959=IFCAXIS2PLACEMENT3D(#956,#957,#958);
#960=IFCLOCALPLACEMENT(#176,#959);
#961=IFCCARTESIANPOINTLIST2D(((-16.447,-3.713),(-47.524,0.459),(-52.033,-33.644),(-20.994,-37.605),(-20.074,-31.14),(-22.401,-30.246),(-22.207,-28.902),(-15.774,-31.073),(-5.363,-33.322),(6.479,-33.831),(16.298,-32.7),(15.362,-27.296),(17.032,-27.52),(17.324,-25.333),(15.628,-25.101),(17.9,-20.145),(10.681,-16.876),(-0.77,-13.584),(-12.403,-12.332),(-19.856,-12.546),(-19.689,-11.191),(-17.398,-11.061),(-16.374,-3.877),(-17.285,-11.201),(-19.561,-11.317),(-19.719,-12.663),(-12.333,-12.498),(-0.882,-13.725),(10.509,-16.929),(17.721,-20.162),(15.449,-25.083),(17.145,-25.314),(16.855,-27.486),(15.185,-27.261),(16.132,-32.631),(6.336,-33.721),(-5.406,-33.147),(-15.652,-30.941),(-22.042,-28.83),(-22.242,-30.162),(-19.927,-31.037),(-20.876,-37.469),(-51.858,-33.6),(-47.369,0.368),(-16.374,-3.877),(-16.447,-3.713)));
#962=IFCINDEXEDPOLYCURVE(#961,(IFCLINEINDEX((1,2,3,4,5,6,7,8,9,10,11,12,13,14,15,16,17,18,19,20,21,22,23,24,25,26,27,28,29,30,31,32,33,34,35,36,37,38,39,40,41,42,43,44,45,46,1))),$);
#963=IFCARBITRARYCLOSEDPROFILEDEF(.AREA.,$,#962);
#964=IFCCARTESIANPOINT((0.,0.,0.));
#965=IFCDIRECTION((0.,0.,1.));
#966=IFCDIRECTION((1.,0.,0.));
#967=IFCAXIS2PLACEMENT3D(#964,#965,#966);
#968=IFCDIRECTION((0.,0.,1.));
#969=IFCEXTRUDEDAREASOLID(#963,#967,#968,3.5692);
#970=IFCSHAPEREPRESENTATION(#11,'Body','SweptSolid',(#969));
#971=IFCPRODUCTDEFINITIONSHAPE($,$,(#970));
#972=IFCPROPERTYSET('0QX1LyqAPMlgJd60TPYAUM',$,'Pset_PlateCommon',$,(#974));
#973=IFCRELDEFINESBYPROPERTIES('0GDGxU4TTGVPvcmFm7VMba',$,$,$,(#951),#972);
#974=IFCPROPERTYSINGLEVALUE('IsExternal',$,IFCBOOLEAN(.T.),$);
#975=IFCPLATE('2dOOygUBXQkgz7sk8Cu9XR',$,'Level 14 Spandrel','Opaque spandrel band expressing the floor line',$,#983,#994,$,$);
#977=IFCMATERIALLAYERSETUSAGE(#279,.AXIS2.,.POSITIVE.,0.,$);
#978=IFCRELASSOCIATESMATERIAL('3TG0TdGEfHKhUkOikQq3VW',$,$,$,(#975),#977);
#979=IFCCARTESIANPOINT((0.,0.,0.));
#980=IFCDIRECTION((0.,0.,1.));
#981=IFCDIRECTION((1.,0.,0.));
#982=IFCAXIS2PLACEMENT3D(#979,#980,#981);
#983=IFCLOCALPLACEMENT(#176,#982);
#984=IFCCARTESIANPOINTLIST2D(((-16.488,-3.622),(-47.61,0.51),(-52.13,-33.668),(-21.06,-37.68),(-20.156,-31.197),(-22.489,-30.293),(-22.299,-28.942),(-15.842,-31.146),(-5.339,-33.419),(6.558,-33.892),(16.39,-32.738),(15.46,-27.315),(17.13,-27.539),(17.423,-25.343),(15.727,-25.111),(18.,-20.135),(10.777,-16.846),(-0.708,-13.506),(-12.442,-12.24),(-19.932,-12.481),(-19.76,-11.121),(-17.461,-10.983),(-16.358,-3.914),(-17.26,-11.232),(-19.532,-11.345),(-19.689,-12.689),(-12.317,-12.535),(-0.907,-13.756),(10.471,-16.941),(17.682,-20.166),(15.409,-25.078),(17.105,-25.31),(16.816,-27.478),(15.146,-27.253),(16.094,-32.616),(6.304,-33.697),(-5.416,-33.108),(-15.625,-30.911),(-22.006,-28.813),(-22.206,-30.144),(-19.894,-31.013),(-20.85,-37.438),(-51.82,-33.591),(-47.334,0.348),(-16.358,-3.914),(-16.488,-3.622)));
#985=IFCINDEXEDPOLYCURVE(#984,(IFCLINEINDEX((1,2,3,4,5,6,7,8,9,10,11,12,13,14,15,16,17,18,19,20,21,22,23,24,25,26,27,28,29,30,31,32,33,34,35,36,37,38,39,40,41,42,43,44,45,46,1))),$);
#986=IFCARBITRARYCLOSEDPROFILEDEF(.AREA.,$,#985);
#987=IFCCARTESIANPOINT((0.,0.,0.));
#988=IFCDIRECTION((0.,0.,1.));
#989=IFCDIRECTION((1.,0.,0.));
#990=IFCAXIS2PLACEMENT3D(#987,#988,#989);
#991=IFCDIRECTION((0.,0.,1.));
#992=IFCEXTRUDEDAREASOLID(#986,#990,#991,1.1);
#993=IFCSHAPEREPRESENTATION(#11,'Body','SweptSolid',(#992));
#994=IFCPRODUCTDEFINITIONSHAPE($,$,(#993));
#995=IFCPROPERTYSET('38v3zPRwTTleCl7CUSzb9P',$,'Pset_PlateCommon',$,(#997));
#996=IFCRELDEFINESBYPROPERTIES('09Ru7mhN9Q$AtN81l0dPZS',$,$,$,(#975),#995);
#997=IFCPROPERTYSINGLEVALUE('IsExternal',$,IFCBOOLEAN(.T.),$);
#998=IFCPLATE('3f6o4p6_XTLgrNYRcnvXdd',$,'Level 15 Curtain Wall','Unitised solar-control glazing to the sail',$,#1007,#1018,$,$);
#1000=IFCMATERIALLAYERSETUSAGE(#275,.AXIS2.,.POSITIVE.,0.,$);
#1001=IFCRELASSOCIATESMATERIAL('0C4bSiYeXQCf4B7rxcKOc2',$,$,$,(#998),#1000);
#1002=IFCRELCONTAINEDINSPATIALSTRUCTURE('0Vc5Sn49XLphz_6h9auTLE',$,$,$,(#998,#1022),#177);
#1003=IFCCARTESIANPOINT((0.,0.,0.));
#1004=IFCDIRECTION((0.,0.,1.));
#1005=IFCDIRECTION((1.,0.,0.));
#1006=IFCAXIS2PLACEMENT3D(#1003,#1004,#1005);
#1007=IFCLOCALPLACEMENT(#183,#1006);
#1008=IFCCARTESIANPOINTLIST2D(((-15.815,-3.638),(-46.321,0.459),(-50.747,-33.018),(-20.278,-36.905),(-19.374,-30.559),(-21.658,-29.682),(-21.469,-28.362),(-15.154,-30.492),(-4.935,-32.7),(6.689,-33.2),(16.328,-32.091),(15.409,-26.786),(17.048,-27.005),(17.335,-24.859),(15.67,-24.631),(17.9,-19.766),(10.813,-16.558),(-0.427,-13.327),(-11.845,-12.098),(-19.16,-12.308),(-18.996,-10.978),(-16.748,-10.85),(-15.742,-3.802),(-16.635,-10.99),(-18.868,-11.104),(-19.023,-12.425),(-11.775,-12.264),(-0.539,-13.468),(10.641,-16.611),(17.721,-19.783),(15.491,-24.613),(17.156,-24.84),(16.871,-26.971),(15.232,-26.751),(16.162,-32.022),(6.546,-33.09),(-4.978,-32.525),(-15.032,-30.36),(-21.304,-28.29),(-21.499,-29.598),(-19.227,-30.456),(-20.16,-36.769),(-50.572,-32.974),(-46.166,0.368),(-15.742,-3.802),(-15.815,-3.638)));
#1009=IFCINDEXEDPOLYCURVE(#1008,(IFCLINEINDEX((1,2,3,4,5,6,7,8,9,10,11,12,13,14,15,16,17,18,19,20,21,22,23,24,25,26,27,28,29,30,31,32,33,34,35,36,37,38,39,40,41,42,43,44,45,46,1))),$);
#1010=IFCARBITRARYCLOSEDPROFILEDEF(.AREA.,$,#1009);
#1011=IFCCARTESIANPOINT((0.,0.,0.));
#1012=IFCDIRECTION((0.,0.,1.));
#1013=IFCDIRECTION((1.,0.,0.));
#1014=IFCAXIS2PLACEMENT3D(#1011,#1012,#1013);
#1015=IFCDIRECTION((0.,0.,1.));
#1016=IFCEXTRUDEDAREASOLID(#1010,#1014,#1015,3.5692);
#1017=IFCSHAPEREPRESENTATION(#11,'Body','SweptSolid',(#1016));
#1018=IFCPRODUCTDEFINITIONSHAPE($,$,(#1017));
#1019=IFCPROPERTYSET('20BtSgSfvUK8MlzUkfUBMp',$,'Pset_PlateCommon',$,(#1021));
#1020=IFCRELDEFINESBYPROPERTIES('1BxZYShGHGFO_TJeNXaPrD',$,$,$,(#998),#1019);
#1021=IFCPROPERTYSINGLEVALUE('IsExternal',$,IFCBOOLEAN(.T.),$);
#1022=IFCPLATE('0BQOx9QwrNMvWTzKjwXXkg',$,'Level 15 Spandrel','Opaque spandrel band expressing the floor line',$,#1030,#1041,$,$);
#1024=IFCMATERIALLAYERSETUSAGE(#279,.AXIS2.,.POSITIVE.,0.,$);
#1025=IFCRELASSOCIATESMATERIAL('0rGqMvGpjMVxzSF1aAQ$BN',$,$,$,(#1022),#1024);
#1026=IFCCARTESIANPOINT((0.,0.,0.));
#1027=IFCDIRECTION((0.,0.,1.));
#1028=IFCDIRECTION((1.,0.,0.));
#1029=IFCAXIS2PLACEMENT3D(#1026,#1027,#1028);
#1030=IFCLOCALPLACEMENT(#183,#1029);
#1031=IFCCARTESIANPOINTLIST2D(((-15.856,-3.547),(-46.407,0.51),(-50.844,-33.042),(-20.344,-36.98),(-19.456,-30.616),(-21.746,-29.729),(-21.561,-28.402),(-15.222,-30.565),(-4.911,-32.797),(6.768,-33.261),(16.42,-32.129),(15.507,-26.805),(17.146,-27.024),(17.434,-24.869),(15.769,-24.641),(18.,-19.756),(10.909,-16.528),(-0.365,-13.249),(-11.884,-12.006),(-19.236,-12.243),(-19.067,-10.908),(-16.811,-10.772),(-15.726,-3.839),(-16.61,-11.021),(-18.839,-11.132),(-18.993,-12.451),(-11.759,-12.301),(-0.564,-13.499),(10.603,-16.623),(17.682,-19.787),(15.451,-24.608),(17.116,-24.836),(16.832,-26.963),(15.193,-26.743),(16.124,-32.007),(6.514,-33.066),(-4.988,-32.486),(-15.005,-30.33),(-21.268,-28.273),(-21.463,-29.58),(-19.194,-30.432),(-20.134,-36.738),(-50.534,-32.965),(-46.131,0.348),(-15.726,-3.839),(-15.856,-3.547)));
#1032=IFCINDEXEDPOLYCURVE(#1031,(IFCLINEINDEX((1,2,3,4,5,6,7,8,9,10,11,12,13,14,15,16,17,18,19,20,21,22,23,24,25,26,27,28,29,30,31,32,33,34,35,36,37,38,39,40,41,42,43,44,45,46,1))),$);
#1033=IFCARBITRARYCLOSEDPROFILEDEF(.AREA.,$,#1032);
#1034=IFCCARTESIANPOINT((0.,0.,0.));
#1035=IFCDIRECTION((0.,0.,1.));
#1036=IFCDIRECTION((1.,0.,0.));
#1037=IFCAXIS2PLACEMENT3D(#1034,#1035,#1036);
#1038=IFCDIRECTION((0.,0.,1.));
#1039=IFCEXTRUDEDAREASOLID(#1033,#1037,#1038,1.1);
#1040=IFCSHAPEREPRESENTATION(#11,'Body','SweptSolid',(#1039));
#1041=IFCPRODUCTDEFINITIONSHAPE($,$,(#1040));
#1042=IFCPROPERTYSET('1TouDiwVXH1wAaxcZk$kYE',$,'Pset_PlateCommon',$,(#1044));
#1043=IFCRELDEFINESBYPROPERTIES('0FHCwOub1QWRey1qhvi22x',$,$,$,(#1022),#1042);
#1044=IFCPROPERTYSINGLEVALUE('IsExternal',$,IFCBOOLEAN(.T.),$);
#1045=IFCPLATE('3WNIOGU4TQURRCXj_kklLW',$,'Level 16 Curtain Wall','Unitised solar-control glazing to the sail',$,#1054,#1065,$,$);
#1047=IFCMATERIALLAYERSETUSAGE(#275,.AXIS2.,.POSITIVE.,0.,$);
#1048=IFCRELASSOCIATESMATERIAL('1zFUwmVx9LmuqECmewi6Js',$,$,$,(#1045),#1047);
#1049=IFCRELCONTAINEDINSPATIALSTRUCTURE('07fyvyPLDI08oIRJR3OK1I',$,$,$,(#1045,#1069),#184);
#1050=IFCCARTESIANPOINT((0.,0.,0.));
#1051=IFCDIRECTION((0.,0.,1.));
#1052=IFCDIRECTION((1.,0.,0.));
#1053=IFCAXIS2PLACEMENT3D(#1050,#1051,#1052);
#1054=IFCLOCALPLACEMENT(#190,#1053);
#1055=IFCCARTESIANPOINTLIST2D(((-15.162,-3.559),(-45.079,0.459),(-49.42,-32.371),(-19.538,-36.182),(-18.652,-29.959),(-20.892,-29.099),(-20.706,-27.804),(-14.513,-29.893),(-4.494,-32.057),(6.906,-32.549),(16.358,-31.461),(15.457,-26.259),(17.065,-26.474),(17.346,-24.37),(15.713,-24.146),(17.9,-19.375),(10.95,-16.229),(-0.073,-13.061),(-11.268,-11.857),(-18.442,-12.062),(-18.282,-10.758),(-16.077,-10.633),(-15.089,-3.723),(-15.964,-10.773),(-18.154,-10.884),(-18.305,-12.179),(-11.198,-12.023),(-0.185,-13.202),(10.778,-16.282),(17.721,-19.392),(15.534,-24.128),(17.167,-24.351),(16.888,-26.44),(15.28,-26.224),(16.192,-31.392),(6.763,-32.439),(-4.537,-31.882),(-14.391,-29.761),(-20.541,-27.732),(-20.733,-29.015),(-18.505,-29.856),(-19.42,-36.046),(-49.245,-32.327),(-44.924,0.368),(-15.089,-3.723),(-15.162,-3.559)));
#1056=IFCINDEXEDPOLYCURVE(#1055,(IFCLINEINDEX((1,2,3,4,5,6,7,8,9,10,11,12,13,14,15,16,17,18,19,20,21,22,23,24,25,26,27,28,29,30,31,32,33,34,35,36,37,38,39,40,41,42,43,44,45,46,1))),$);
#1057=IFCARBITRARYCLOSEDPROFILEDEF(.AREA.,$,#1056);
#1058=IFCCARTESIANPOINT((0.,0.,0.));
#1059=IFCDIRECTION((0.,0.,1.));
#1060=IFCDIRECTION((1.,0.,0.));
#1061=IFCAXIS2PLACEMENT3D(#1058,#1059,#1060);
#1062=IFCDIRECTION((0.,0.,1.));
#1063=IFCEXTRUDEDAREASOLID(#1057,#1061,#1062,3.5692);
#1064=IFCSHAPEREPRESENTATION(#11,'Body','SweptSolid',(#1063));
#1065=IFCPRODUCTDEFINITIONSHAPE($,$,(#1064));
#1066=IFCPROPERTYSET('0ZRESTC4XUSvpLf9ANRNuQ',$,'Pset_PlateCommon',$,(#1068));
#1067=IFCRELDEFINESBYPROPERTIES('1IVHqx9QDUzAsti14CFqd_',$,$,$,(#1045),#1066);
#1068=IFCPROPERTYSINGLEVALUE('IsExternal',$,IFCBOOLEAN(.T.),$);
#1069=IFCPLATE('21Z05_uSjUBeCt4pJ1E4LA',$,'Level 16 Spandrel','Opaque spandrel band expressing the floor line',$,#1077,#1088,$,$);
#1071=IFCMATERIALLAYERSETUSAGE(#279,.AXIS2.,.POSITIVE.,0.,$);
#1072=IFCRELASSOCIATESMATERIAL('3zM35xZqrHPw8xc0ECoUmH',$,$,$,(#1069),#1071);
#1073=IFCCARTESIANPOINT((0.,0.,0.));
#1074=IFCDIRECTION((0.,0.,1.));
#1075=IFCDIRECTION((1.,0.,0.));
#1076=IFCAXIS2PLACEMENT3D(#1073,#1074,#1075);
#1077=IFCLOCALPLACEMENT(#190,#1076);
#1078=IFCCARTESIANPOINTLIST2D(((-15.203,-3.468),(-45.165,0.51),(-49.517,-32.395),(-19.604,-36.257),(-18.734,-30.016),(-20.98,-29.146),(-20.798,-27.844),(-14.581,-29.966),(-4.47,-32.154),(6.985,-32.61),(16.45,-31.499),(15.555,-26.278),(17.163,-26.493),(17.445,-24.38),(15.812,-24.156),(18.,-19.365),(11.046,-16.199),(-0.011,-12.983),(-11.307,-11.765),(-18.518,-11.997),(-18.353,-10.688),(-16.14,-10.555),(-15.073,-3.76),(-15.939,-10.804),(-18.125,-10.912),(-18.275,-12.205),(-11.182,-12.06),(-0.21,-13.233),(10.74,-16.294),(17.682,-19.396),(15.494,-24.123),(17.127,-24.347),(16.849,-26.432),(15.241,-26.216),(16.154,-31.377),(6.731,-32.415),(-4.547,-31.843),(-14.364,-29.731),(-20.505,-27.715),(-20.697,-28.997),(-18.472,-29.832),(-19.394,-36.015),(-49.207,-32.318),(-44.889,0.348),(-15.073,-3.76),(-15.203,-3.468)));
#1079=IFCINDEXEDPOLYCURVE(#1078,(IFCLINEINDEX((1,2,3,4,5,6,7,8,9,10,11,12,13,14,15,16,17,18,19,20,21,22,23,24,25,26,27,28,29,30,31,32,33,34,35,36,37,38,39,40,41,42,43,44,45,46,1))),$);
#1080=IFCARBITRARYCLOSEDPROFILEDEF(.AREA.,$,#1079);
#1081=IFCCARTESIANPOINT((0.,0.,0.));
#1082=IFCDIRECTION((0.,0.,1.));
#1083=IFCDIRECTION((1.,0.,0.));
#1084=IFCAXIS2PLACEMENT3D(#1081,#1082,#1083);
#1085=IFCDIRECTION((0.,0.,1.));
#1086=IFCEXTRUDEDAREASOLID(#1080,#1084,#1085,1.1);
#1087=IFCSHAPEREPRESENTATION(#11,'Body','SweptSolid',(#1086));
#1088=IFCPRODUCTDEFINITIONSHAPE($,$,(#1087));
#1089=IFCPROPERTYSET('0F1jIIOULVrux4saHfTJ3n',$,'Pset_PlateCommon',$,(#1091));
#1090=IFCRELDEFINESBYPROPERTIES('2Q$iZgZ6HRc8jjuwKEvf$j',$,$,$,(#1069),#1089);
#1091=IFCPROPERTYSINGLEVALUE('IsExternal',$,IFCBOOLEAN(.T.),$);
#1092=IFCPLATE('3Szi_IujjUo8qMPGPBeylM',$,'Level 17 Curtain Wall','Unitised solar-control glazing to the sail',$,#1101,#1112,$,$);
#1094=IFCMATERIALLAYERSETUSAGE(#275,.AXIS2.,.POSITIVE.,0.,$);
#1095=IFCRELASSOCIATESMATERIAL('1$g6CWwdzLgB1juobO15ze',$,$,$,(#1092),#1094);
#1096=IFCRELCONTAINEDINSPATIALSTRUCTURE('23M8cqCNHJSPgUKpUe2iwR',$,$,$,(#1092,#1116),#191);
#1097=IFCCARTESIANPOINT((0.,0.,0.));
#1098=IFCDIRECTION((0.,0.,1.));
#1099=IFCDIRECTION((1.,0.,0.));
#1100=IFCAXIS2PLACEMENT3D(#1097,#1098,#1099);
#1101=IFCLOCALPLACEMENT(#197,#1100);
#1102=IFCCARTESIANPOINTLIST2D(((-14.489,-3.479),(-43.799,0.459),(-48.052,-31.704),(-18.776,-35.437),(-17.907,-29.34),(-20.102,-28.498),(-19.919,-27.23),(-13.853,-29.276),(-4.038,-31.395),(7.129,-31.878),(16.389,-30.813),(15.506,-25.716),(17.082,-25.927),(17.357,-23.865),(15.757,-23.646),(17.9,-18.973),(11.091,-15.891),(0.292,-12.788),(-10.675,-11.608),(-17.702,-11.809),(-17.545,-10.531),(-15.385,-10.409),(-14.416,-3.643),(-15.272,-10.549),(-17.417,-10.657),(-17.565,-11.926),(-10.605,-11.774),(0.18,-12.929),(10.919,-15.944),(17.721,-18.99),(15.578,-23.628),(17.178,-23.846),(16.905,-25.893),(15.329,-25.681),(16.223,-30.744),(6.986,-31.768),(-4.081,-31.22),(-13.731,-29.144),(-19.754,-27.158),(-19.943,-28.414),(-17.76,-29.237),(-18.658,-35.301),(-47.877,-31.66),(-43.644,0.368),(-14.416,-3.643),(-14.489,-3.479)));
#1103=IFCINDEXEDPOLYCURVE(#1102,(IFCLINEINDEX((1,2,3,4,5,6,7,8,9,10,11,12,13,14,15,16,17,18,19,20,21,22,23,24,25,26,27,28,29,30,31,32,33,34,35,36,37,38,39,40,41,42,43,44,45,46,1))),$);
#1104=IFCARBITRARYCLOSEDPROFILEDEF(.AREA.,$,#1103);
#1105=IFCCARTESIANPOINT((0.,0.,0.));
#1106=IFCDIRECTION((0.,0.,1.));
#1107=IFCDIRECTION((1.,0.,0.));
#1108=IFCAXIS2PLACEMENT3D(#1105,#1106,#1107);
#1109=IFCDIRECTION((0.,0.,1.));
#1110=IFCEXTRUDEDAREASOLID(#1104,#1108,#1109,3.5692);
#1111=IFCSHAPEREPRESENTATION(#11,'Body','SweptSolid',(#1110));
#1112=IFCPRODUCTDEFINITIONSHAPE($,$,(#1111));
#1113=IFCPROPERTYSET('3sJGbfw9fK$RITQGvKZ0L_',$,'Pset_PlateCommon',$,(#1115));
#1114=IFCRELDEFINESBYPROPERTIES('1JWoNwy5XMtgIaTHNUDRDS',$,$,$,(#1092),#1113);
#1115=IFCPROPERTYSINGLEVALUE('IsExternal',$,IFCBOOLEAN(.T.),$);
#1116=IFCPLATE('0Qak4QIXDGUwqEe62BHtAV',$,'Level 17 Spandrel','Opaque spandrel band expressing the floor line',$,#1124,#1135,$,$);
#1118=IFCMATERIALLAYERSETUSAGE(#279,.AXIS2.,.POSITIVE.,0.,$);
#1119=IFCRELASSOCIATESMATERIAL('3Otg_qhFrQ39TF0lE3ztLd',$,$,$,(#1116),#1118);
#1120=IFCCARTESIANPOINT((0.,0.,0.));
#1121=IFCDIRECTION((0.,0.,1.));
#1122=IFCDIRECTION((1.,0.,0.));
#1123=IFCAXIS2PLACEMENT3D(#1120,#1121,#1122);
#1124=IFCLOCALPLACEMENT(#197,#1123);
#1125=IFCCARTESIANPOINTLIST2D(((-14.53,-3.388),(-43.885,0.51),(-48.149,-31.728),(-18.842,-35.512),(-17.989,-29.397),(-20.19,-28.545),(-20.011,-27.27),(-13.921,-29.349),(-4.014,-31.492),(7.208,-31.939),(16.481,-30.851),(15.604,-25.735),(17.18,-25.946),(17.456,-23.875),(15.856,-23.656),(18.,-18.963),(11.187,-15.861),(0.354,-12.71),(-10.714,-11.516),(-17.778,-11.744),(-17.616,-10.461),(-15.448,-10.331),(-14.4,-3.68),(-15.247,-10.58),(-17.388,-10.685),(-17.535,-11.952),(-10.589,-11.811),(0.155,-12.96),(10.881,-15.956),(17.682,-18.994),(15.538,-23.623),(17.138,-23.842),(16.866,-25.885),(15.29,-25.673),(16.185,-30.729),(6.954,-31.744),(-4.091,-31.181),(-13.704,-29.114),(-19.718,-27.141),(-19.907,-28.396),(-17.727,-29.213),(-18.632,-35.27),(-47.839,-31.651),(-43.609,0.348),(-14.4,-3.68),(-14.53,-3.388)));
#1126=IFCINDEXEDPOLYCURVE(#1125,(IFCLINEINDEX((1,2,3,4,5,6,7,8,9,10,11,12,13,14,15,16,17,18,19,20,21,22,23,24,25,26,27,28,29,30,31,32,33,34,35,36,37,38,39,40,41,42,43,44,45,46,1))),$);
#1127=IFCARBITRARYCLOSEDPROFILEDEF(.AREA.,$,#1126);
#1128=IFCCARTESIANPOINT((0.,0.,0.));
#1129=IFCDIRECTION((0.,0.,1.));
#1130=IFCDIRECTION((1.,0.,0.));
#1131=IFCAXIS2PLACEMENT3D(#1128,#1129,#1130);
#1132=IFCDIRECTION((0.,0.,1.));
#1133=IFCEXTRUDEDAREASOLID(#1127,#1131,#1132,1.1);
#1134=IFCSHAPEREPRESENTATION(#11,'Body','SweptSolid',(#1133));
#1135=IFCPRODUCTDEFINITIONSHAPE($,$,(#1134));
#1136=IFCPROPERTYSET('0vW7NzflXNNgigLLf3a$Ws',$,'Pset_PlateCommon',$,(#1138));
#1137=IFCRELDEFINESBYPROPERTIES('3dQOni3ULGHR_uNPy2K64f',$,$,$,(#1116),#1136);
#1138=IFCPROPERTYSINGLEVALUE('IsExternal',$,IFCBOOLEAN(.T.),$);
#1139=IFCPLATE('20Trbf0wTP3e8GafJNZMuG',$,'Level 18 Curtain Wall','Unitised solar-control glazing to the sail',$,#1148,#1159,$,$);
#1141=IFCMATERIALLAYERSETUSAGE(#275,.AXIS2.,.POSITIVE.,0.,$);
#1142=IFCRELASSOCIATESMATERIAL('1FcUB6Yu1K$BzmMWAKxEvd',$,$,$,(#1139),#1141);
#1143=IFCRELCONTAINEDINSPATIALSTRUCTURE('0t2Xk3LSrS99FQphSZ_0GT',$,$,$,(#1139,#1163),#198);
#1144=IFCCARTESIANPOINT((0.,0.,0.));
#1145=IFCDIRECTION((0.,0.,1.));
#1146=IFCDIRECTION((1.,0.,0.));
#1147=IFCAXIS2PLACEMENT3D(#1144,#1145,#1146);
#1148=IFCLOCALPLACEMENT(#204,#1147);
#1149=IFCCARTESIANPOINTLIST2D(((-13.797,-3.396),(-42.483,0.459),(-46.644,-31.018),(-17.992,-34.671),(-17.142,-28.704),(-19.29,-27.88),(-19.111,-26.639),(-13.174,-28.64),(-3.57,-30.715),(7.359,-31.188),(16.422,-30.146),(15.557,-25.158),(17.099,-25.364),(17.369,-23.347),(15.803,-23.132),(17.9,-18.558),(11.236,-15.542),(0.668,-12.507),(-10.064,-11.352),(-16.941,-11.548),(-16.787,-10.297),(-14.673,-10.178),(-13.724,-3.56),(-14.56,-10.318),(-16.659,-10.423),(-16.804,-11.665),(-9.994,-11.518),(0.556,-12.648),(11.064,-15.595),(17.721,-18.575),(15.624,-23.114),(17.19,-23.328),(16.922,-25.33),(15.38,-25.123),(16.256,-30.077),(7.216,-31.078),(-3.613,-30.54),(-13.052,-28.508),(-18.946,-26.567),(-19.131,-27.796),(-16.995,-28.601),(-17.874,-34.535),(-46.469,-30.974),(-42.328,0.368),(-13.724,-3.56),(-13.797,-3.396)));
#1150=IFCINDEXEDPOLYCURVE(#1149,(IFCLINEINDEX((1,2,3,4,5,6,7,8,9,10,11,12,13,14,15,16,17,18,19,20,21,22,23,24,25,26,27,28,29,30,31,32,33,34,35,36,37,38,39,40,41,42,43,44,45,46,1))),$);
#1151=IFCARBITRARYCLOSEDPROFILEDEF(.AREA.,$,#1150);
#1152=IFCCARTESIANPOINT((0.,0.,0.));
#1153=IFCDIRECTION((0.,0.,1.));
#1154=IFCDIRECTION((1.,0.,0.));
#1155=IFCAXIS2PLACEMENT3D(#1152,#1153,#1154);
#1156=IFCDIRECTION((0.,0.,1.));
#1157=IFCEXTRUDEDAREASOLID(#1151,#1155,#1156,3.5692);
#1158=IFCSHAPEREPRESENTATION(#11,'Body','SweptSolid',(#1157));
#1159=IFCPRODUCTDEFINITIONSHAPE($,$,(#1158));
#1160=IFCPROPERTYSET('0kq2mibCPLE8GIiC0ZXH4A',$,'Pset_PlateCommon',$,(#1162));
#1161=IFCRELDEFINESBYPROPERTIES('05i06l6hbVH9HvggHustPw',$,$,$,(#1139),#1160);
#1162=IFCPROPERTYSINGLEVALUE('IsExternal',$,IFCBOOLEAN(.T.),$);
#1163=IFCPLATE('0iIp0I$8LOTPntlj8vairu',$,'Level 18 Spandrel','Opaque spandrel band expressing the floor line',$,#1171,#1182,$,$);
#1165=IFCMATERIALLAYERSETUSAGE(#279,.AXIS2.,.POSITIVE.,0.,$);
#1166=IFCRELASSOCIATESMATERIAL('17uAJyMMTGBgeJWy2_RDrq',$,$,$,(#1163),#1165);
#1167=IFCCARTESIANPOINT((0.,0.,0.));
#1168=IFCDIRECTION((0.,0.,1.));
#1169=IFCDIRECTION((1.,0.,0.));
#1170=IFCAXIS2PLACEMENT3D(#1167,#1168,#1169);
#1171=IFCLOCALPLACEMENT(#204,#1170);
#1172=IFCCARTESIANPOINTLIST2D(((-13.838,-3.305),(-42.569,0.51),(-46.741,-31.042),(-18.058,-34.746),(-17.224,-28.761),(-19.378,-27.927),(-19.203,-26.679),(-13.242,-28.713),(-3.546,-30.812),(7.438,-31.249),(16.514,-30.184),(15.655,-25.177),(17.197,-25.383),(17.468,-23.357),(15.902,-23.142),(18.,-18.548),(11.332,-15.512),(0.73,-12.429),(-10.103,-11.26),(-17.017,-11.483),(-16.858,-10.227),(-14.736,-10.1),(-13.708,-3.597),(-14.535,-10.349),(-16.63,-10.451),(-16.774,-11.691),(-9.978,-11.555),(0.531,-12.679),(11.026,-15.607),(17.682,-18.579),(15.584,-23.109),(17.15,-23.324),(16.883,-25.322),(15.341,-25.115),(16.218,-30.062),(7.184,-31.054),(-3.623,-30.501),(-13.025,-28.478),(-18.91,-26.55),(-19.095,-27.778),(-16.962,-28.577),(-17.848,-34.504),(-46.431,-30.965),(-42.293,0.348),(-13.708,-3.597),(-13.838,-3.305)));
#1173=IFCINDEXEDPOLYCURVE(#1172,(IFCLINEINDEX((1,2,3,4,5,6,7,8,9,10,11,12,13,14,15,16,17,18,19,20,21,22,23,24,25,26,27,28,29,30,31,32,33,34,35,36,37,38,39,40,41,42,43,44,45,46,1))),$);
#1174=IFCARBITRARYCLOSEDPROFILEDEF(.AREA.,$,#1173);
#1175=IFCCARTESIANPOINT((0.,0.,0.));
#1176=IFCDIRECTION((0.,0.,1.));
#1177=IFCDIRECTION((1.,0.,0.));
#1178=IFCAXIS2PLACEMENT3D(#1175,#1176,#1177);
#1179=IFCDIRECTION((0.,0.,1.));
#1180=IFCEXTRUDEDAREASOLID(#1174,#1178,#1179,1.1);
#1181=IFCSHAPEREPRESENTATION(#11,'Body','SweptSolid',(#1180));
#1182=IFCPRODUCTDEFINITIONSHAPE($,$,(#1181));
#1183=IFCPROPERTYSET('1ZQmn$Wp9Luvhe49Ktzuii',$,'Pset_PlateCommon',$,(#1185));
#1184=IFCRELDEFINESBYPROPERTIES('2mEPEb8JzPQPQAqr8RXjEc',$,$,$,(#1163),#1183);
#1185=IFCPROPERTYSINGLEVALUE('IsExternal',$,IFCBOOLEAN(.T.),$);
#1186=IFCPLATE('3HkqEFfJDNuw$EdNrrUhrC',$,'Level 19 Curtain Wall','Unitised solar-control glazing to the sail',$,#1195,#1206,$,$);
#1188=IFCMATERIALLAYERSETUSAGE(#275,.AXIS2.,.POSITIVE.,0.,$);
#1189=IFCRELASSOCIATESMATERIAL('08lkdVwfDPYPESCy0frqQw',$,$,$,(#1186),#1188);
#1190=IFCRELCONTAINEDINSPATIALSTRUCTURE('3aNA9HeCTL4BUM4HP8RJYJ',$,$,$,(#1186,#1210),#205);
#1191=IFCCARTESIANPOINT((0.,0.,0.));
#1192=IFCDIRECTION((0.,0.,1.));
#1193=IFCDIRECTION((1.,0.,0.));
#1194=IFCAXIS2PLACEMENT3D(#1191,#1192,#1193);
#1195=IFCLOCALPLACEMENT(#211,#1194);
#1196=IFCCARTESIANPOINTLIST2D(((-13.087,-3.311),(-41.131,0.459),(-45.2,-30.314),(-17.188,-33.884),(-16.356,-28.051),(-18.456,-27.245),(-18.281,-26.032),(-12.477,-27.988),(-3.089,-30.016),(7.594,-30.479),(16.455,-29.461),(15.61,-24.584),(17.117,-24.786),(17.38,-22.814),(15.85,-22.604),(17.9,-18.133),(11.385,-15.185),(1.053,-12.218),(-9.437,-11.09),(-16.16,-11.28),(-16.009,-10.058),(-13.943,-9.941),(-13.014,-3.475),(-13.83,-10.081),(-15.881,-10.184),(-16.023,-11.397),(-9.367,-11.256),(0.941,-12.359),(11.213,-15.238),(17.721,-18.15),(15.671,-22.586),(17.201,-22.795),(16.94,-24.752),(15.433,-24.549),(16.289,-29.392),(7.451,-30.369),(-3.132,-29.841),(-12.355,-27.856),(-18.116,-25.96),(-18.297,-27.161),(-16.209,-27.948),(-17.07,-33.748),(-45.025,-30.27),(-40.976,0.368),(-13.014,-3.475),(-13.087,-3.311)));
#1197=IFCINDEXEDPOLYCURVE(#1196,(IFCLINEINDEX((1,2,3,4,5,6,7,8,9,10,11,12,13,14,15,16,17,18,19,20,21,22,23,24,25,26,27,28,29,30,31,32,33,34,35,36,37,38,39,40,41,42,43,44,45,46,1))),$);
#1198=IFCARBITRARYCLOSEDPROFILEDEF(.AREA.,$,#1197);
#1199=IFCCARTESIANPOINT((0.,0.,0.));
#1200=IFCDIRECTION((0.,0.,1.));
#1201=IFCDIRECTION((1.,0.,0.));
#1202=IFCAXIS2PLACEMENT3D(#1199,#1200,#1201);
#1203=IFCDIRECTION((0.,0.,1.));
#1204=IFCEXTRUDEDAREASOLID(#1198,#1202,#1203,3.5692);
#1205=IFCSHAPEREPRESENTATION(#11,'Body','SweptSolid',(#1204));
#1206=IFCPRODUCTDEFINITIONSHAPE($,$,(#1205));
#1207=IFCPROPERTYSET('1K9s0FQynIwB6$Z3sqIWAG',$,'Pset_PlateCommon',$,(#1209));
#1208=IFCRELDEFINESBYPROPERTIES('0oxkjoTMTKrvVgzBKAgOoL',$,$,$,(#1186),#1207);
#1209=IFCPROPERTYSINGLEVALUE('IsExternal',$,IFCBOOLEAN(.T.),$);
#1210=IFCPLATE('0M$dhtdZPMZ9WV5gK54H7H',$,'Level 19 Spandrel','Opaque spandrel band expressing the floor line',$,#1218,#1229,$,$);
#1212=IFCMATERIALLAYERSETUSAGE(#279,.AXIS2.,.POSITIVE.,0.,$);
#1213=IFCRELASSOCIATESMATERIAL('3_cxmmUOPM8A8OzPk2I1LI',$,$,$,(#1210),#1212);
#1214=IFCCARTESIANPOINT((0.,0.,0.));
#1215=IFCDIRECTION((0.,0.,1.));
#1216=IFCDIRECTION((1.,0.,0.));
#1217=IFCAXIS2PLACEMENT3D(#1214,#1215,#1216);
#1218=IFCLOCALPLACEMENT(#211,#1217);
#1219=IFCCARTESIANPOINTLIST2D(((-13.128,-3.22),(-41.217,0.51),(-45.297,-30.338),(-17.254,-33.959),(-16.438,-28.108),(-18.544,-27.292),(-18.373,-26.072),(-12.545,-28.061),(-3.065,-30.113),(7.673,-30.54),(16.547,-29.499),(15.708,-24.603),(17.215,-24.805),(17.479,-22.824),(15.949,-22.614),(18.,-18.123),(11.481,-15.155),(1.115,-12.14),(-9.476,-10.998),(-16.236,-11.215),(-16.08,-9.988),(-14.006,-9.863),(-12.998,-3.512),(-13.805,-10.112),(-15.852,-10.212),(-15.993,-11.423),(-9.351,-11.293),(0.916,-12.39),(11.175,-15.25),(17.682,-18.154),(15.631,-22.581),(17.161,-22.791),(16.901,-24.744),(15.394,-24.541),(16.251,-29.377),(7.419,-30.345),(-3.142,-29.802),(-12.328,-27.826),(-18.08,-25.943),(-18.261,-27.143),(-16.176,-27.924),(-17.044,-33.717),(-44.987,-30.261),(-40.941,0.348),(-12.998,-3.512),(-13.128,-3.22)));
#1220=IFCINDEXEDPOLYCURVE(#1219,(IFCLINEINDEX((1,2,3,4,5,6,7,8,9,10,11,12,13,14,15,16,17,18,19,20,21,22,23,24,25,26,27,28,29,30,31,32,33,34,35,36,37,38,39,40,41,42,43,44,45,46,1))),$);
#1221=IFCARBITRARYCLOSEDPROFILEDEF(.AREA.,$,#1220);
#1222=IFCCARTESIANPOINT((0.,0.,0.));
#1223=IFCDIRECTION((0.,0.,1.));
#1224=IFCDIRECTION((1.,0.,0.));
#1225=IFCAXIS2PLACEMENT3D(#1222,#1223,#1224);
#1226=IFCDIRECTION((0.,0.,1.));
#1227=IFCEXTRUDEDAREASOLID(#1221,#1225,#1226,1.1);
#1228=IFCSHAPEREPRESENTATION(#11,'Body','SweptSolid',(#1227));
#1229=IFCPRODUCTDEFINITIONSHAPE($,$,(#1228));
#1230=IFCPROPERTYSET('3lr_$saOnOchy4Cb5WDlB1',$,'Pset_PlateCommon',$,(#1232));
#1231=IFCRELDEFINESBYPROPERTIES('3q5BBEc05TRPxU4Oq5nDQ_',$,$,$,(#1210),#1230);
#1232=IFCPROPERTYSINGLEVALUE('IsExternal',$,IFCBOOLEAN(.T.),$);
#1233=IFCPLATE('3rR2ZxG2DRkermAMKB_DvL',$,'Level 20 Curtain Wall','Unitised solar-control glazing to the sail',$,#1242,#1253,$,$);
#1235=IFCMATERIALLAYERSETUSAGE(#275,.AXIS2.,.POSITIVE.,0.,$);
#1236=IFCRELASSOCIATESMATERIAL('1xbx5xeEHUGfxwVVSxmOMr',$,$,$,(#1233),#1235);
#1237=IFCRELCONTAINEDINSPATIALSTRUCTURE('1vyLfA0YTGCvkMIJ7QSgg1',$,$,$,(#1233,#1257),#212);
#1238=IFCCARTESIANPOINT((0.,0.,0.));
#1239=IFCDIRECTION((0.,0.,1.));
#1240=IFCDIRECTION((1.,0.,0.));
#1241=IFCAXIS2PLACEMENT3D(#1238,#1239,#1240);
#1242=IFCLOCALPLACEMENT(#218,#1241);
#1243=IFCCARTESIANPOINTLIST2D(((-12.36,-3.224),(-39.749,0.459),(-43.722,-29.594),(-16.365,-33.079),(-15.552,-27.383),(-17.603,-26.596),(-17.432,-25.412),(-11.764,-27.321),(-2.598,-29.301),(7.835,-29.754),(16.489,-28.76),(15.663,-23.998),(17.136,-24.196),(17.393,-22.269),(15.898,-22.065),(17.9,-17.698),(11.537,-14.819),(1.447,-11.923),(-8.795,-10.821),(-15.361,-11.007),(-15.214,-9.813),(-13.196,-9.699),(-12.287,-3.388),(-13.083,-9.839),(-15.086,-9.939),(-15.224,-11.124),(-8.725,-10.987),(1.335,-12.064),(11.365,-14.872),(17.721,-17.715),(15.719,-22.047),(17.214,-22.25),(16.959,-24.162),(15.486,-23.963),(16.323,-28.691),(7.692,-29.644),(-2.641,-29.126),(-11.642,-27.189),(-17.267,-25.34),(-17.444,-26.512),(-15.405,-27.28),(-16.247,-32.943),(-43.547,-29.55),(-39.594,0.368),(-12.287,-3.388),(-12.36,-3.224)));
#1244=IFCINDEXEDPOLYCURVE(#1243,(IFCLINEINDEX((1,2,3,4,5,6,7,8,9,10,11,12,13,14,15,16,17,18,19,20,21,22,23,24,25,26,27,28,29,30,31,32,33,34,35,36,37,38,39,40,41,42,43,44,45,46,1))),$);
#1245=IFCARBITRARYCLOSEDPROFILEDEF(.AREA.,$,#1244);
#1246=IFCCARTESIANPOINT((0.,0.,0.));
#1247=IFCDIRECTION((0.,0.,1.));
#1248=IFCDIRECTION((1.,0.,0.));
#1249=IFCAXIS2PLACEMENT3D(#1246,#1247,#1248);
#1250=IFCDIRECTION((0.,0.,1.));
#1251=IFCEXTRUDEDAREASOLID(#1245,#1249,#1250,3.5692);
#1252=IFCSHAPEREPRESENTATION(#11,'Body','SweptSolid',(#1251));
#1253=IFCPRODUCTDEFINITIONSHAPE($,$,(#1252));
#1254=IFCPROPERTYSET('1Qx1syhUnLYRcJEeztp$4D',$,'Pset_PlateCommon',$,(#1256));
#1255=IFCRELDEFINESBYPROPERTIES('1g0H6xrKjTigeRIdyqr$m0',$,$,$,(#1233),#1254);
#1256=IFCPROPERTYSINGLEVALUE('IsExternal',$,IFCBOOLEAN(.T.),$);
#1257=IFCPLATE('1fuGnNpI9RSho6UkMC3fOT',$,'Level 20 Spandrel','Opaque spandrel band expressing the floor line',$,#1265,#1276,$,$);
#1259=IFCMATERIALLAYERSETUSAGE(#279,.AXIS2.,.POSITIVE.,0.,$);
#1260=IFCRELASSOCIATESMATERIAL('13tKhKIV5OVPyrCHh8Irvt',$,$,$,(#1257),#1259);
#1261=IFCCARTESIANPOINT((0.,0.,0.));
#1262=IFCDIRECTION((0.,0.,1.));
#1263=IFCDIRECTION((1.,0.,0.));
#1264=IFCAXIS2PLACEMENT3D(#1261,#1262,#1263);
#1265=IFCLOCALPLACEMENT(#218,#1264);
#1266=IFCCARTESIANPOINTLIST2D(((-12.401,-3.133),(-39.835,0.51),(-43.819,-29.618),(-16.431,-33.154),(-15.634,-27.44),(-17.691,-26.643),(-17.524,-25.452),(-11.832,-27.394),(-2.574,-29.398),(7.914,-29.815),(16.581,-28.798),(15.761,-24.017),(17.234,-24.215),(17.492,-22.279),(15.997,-22.075),(18.,-17.688),(11.633,-14.789),(1.509,-11.845),(-8.834,-10.729),(-15.437,-10.942),(-15.285,-9.743),(-13.259,-9.621),(-12.271,-3.425),(-13.058,-9.87),(-15.057,-9.967),(-15.194,-11.15),(-8.709,-11.024),(1.31,-12.095),(11.327,-14.884),(17.682,-17.719),(15.679,-22.042),(17.174,-22.246),(16.92,-24.154),(15.447,-23.955),(16.285,-28.676),(7.66,-29.62),(-2.651,-29.087),(-11.615,-27.159),(-17.231,-25.323),(-17.408,-26.494),(-15.372,-27.256),(-16.221,-32.912),(-43.509,-29.541),(-39.559,0.348),(-12.271,-3.425),(-12.401,-3.133)));
#1267=IFCINDEXEDPOLYCURVE(#1266,(IFCLINEINDEX((1,2,3,4,5,6,7,8,9,10,11,12,13,14,15,16,17,18,19,20,21,22,23,24,25,26,27,28,29,30,31,32,33,34,35,36,37,38,39,40,41,42,43,44,45,46,1))),$);
#1268=IFCARBITRARYCLOSEDPROFILEDEF(.AREA.,$,#1267);
#1269=IFCCARTESIANPOINT((0.,0.,0.));
#1270=IFCDIRECTION((0.,0.,1.));
#1271=IFCDIRECTION((1.,0.,0.));
#1272=IFCAXIS2PLACEMENT3D(#1269,#1270,#1271);
#1273=IFCDIRECTION((0.,0.,1.));
#1274=IFCEXTRUDEDAREASOLID(#1268,#1272,#1273,1.1);
#1275=IFCSHAPEREPRESENTATION(#11,'Body','SweptSolid',(#1274));
#1276=IFCPRODUCTDEFINITIONSHAPE($,$,(#1275));
#1277=IFCPROPERTYSET('3hIf21I0POAAJDrxN$d1WF',$,'Pset_PlateCommon',$,(#1279));
#1278=IFCRELDEFINESBYPROPERTIES('0p9V74fIjJtOxJz_s15oEK',$,$,$,(#1257),#1277);
#1279=IFCPROPERTYSINGLEVALUE('IsExternal',$,IFCBOOLEAN(.T.),$);
#1280=IFCPLATE('10_CwCPjrO6PzX094m2o9Y',$,'Level 21 Curtain Wall','Unitised solar-control glazing to the sail',$,#1289,#1300,$,$);
#1282=IFCMATERIALLAYERSETUSAGE(#275,.AXIS2.,.POSITIVE.,0.,$);
#1283=IFCRELASSOCIATESMATERIAL('2q$1M4liTJ5gtyBNKXGfFE',$,$,$,(#1280),#1282);
#1284=IFCRELCONTAINEDINSPATIALSTRUCTURE('17t6soQ4PVKgp5CSQ2L58L',$,$,$,(#1280,#1304),#219);
#1285=IFCCARTESIANPOINT((0.,0.,0.));
#1286=IFCDIRECTION((0.,0.,1.));
#1287=IFCDIRECTION((1.,0.,0.));
#1288=IFCAXIS2PLACEMENT3D(#1285,#1286,#1287);
#1289=IFCLOCALPLACEMENT(#225,#1288);
#1290=IFCCARTESIANPOINTLIST2D(((-11.614,-3.134),(-38.33,0.459),(-42.205,-28.855),(-15.52,-32.253),(-14.727,-26.697),(-16.727,-25.93),(-16.56,-24.775),(-11.032,-26.637),(-2.093,-28.567),(8.083,-29.01),(16.524,-28.041),(15.718,-23.396),(17.154,-23.589),(17.405,-21.71),(15.947,-21.51),(17.9,-17.252),(11.693,-14.444),(1.852,-11.62),(-8.137,-10.545),(-14.54,-10.726),(-14.397,-9.561),(-12.429,-9.451),(-11.541,-3.298),(-12.316,-9.591),(-14.269,-9.687),(-14.403,-10.843),(-8.067,-10.711),(1.74,-11.761),(11.521,-14.497),(17.721,-17.269),(15.768,-21.492),(17.226,-21.691),(16.977,-23.555),(15.541,-23.361),(16.358,-27.972),(7.94,-28.9),(-2.136,-28.392),(-10.91,-26.505),(-16.395,-24.703),(-16.568,-25.846),(-14.58,-26.594),(-15.402,-32.117),(-42.03,-28.811),(-38.175,0.368),(-11.541,-3.298),(-11.614,-3.134)));
#1291=IFCINDEXEDPOLYCURVE(#1290,(IFCLINEINDEX((1,2,3,4,5,6,7,8,9,10,11,12,13,14,15,16,17,18,19,20,21,22,23,24,25,26,27,28,29,30,31,32,33,34,35,36,37,38,39,40,41,42,43,44,45,46,1))),$);
#1292=IFCARBITRARYCLOSEDPROFILEDEF(.AREA.,$,#1291);
#1293=IFCCARTESIANPOINT((0.,0.,0.));
#1294=IFCDIRECTION((0.,0.,1.));
#1295=IFCDIRECTION((1.,0.,0.));
#1296=IFCAXIS2PLACEMENT3D(#1293,#1294,#1295);
#1297=IFCDIRECTION((0.,0.,1.));
#1298=IFCEXTRUDEDAREASOLID(#1292,#1296,#1297,3.5692);
#1299=IFCSHAPEREPRESENTATION(#11,'Body','SweptSolid',(#1298));
#1300=IFCPRODUCTDEFINITIONSHAPE($,$,(#1299));
#1301=IFCPROPERTYSET('0TK09631rVXBKSZVsoxWXo',$,'Pset_PlateCommon',$,(#1303));
#1302=IFCRELDEFINESBYPROPERTIES('11prxm9U1MuugMwCqoukFR',$,$,$,(#1280),#1301);
#1303=IFCPROPERTYSINGLEVALUE('IsExternal',$,IFCBOOLEAN(.T.),$);
#1304=IFCPLATE('2cOOfO$$bTMAS9AYa2NEV8',$,'Level 21 Spandrel','Opaque spandrel band expressing the floor line',$,#1312,#1323,$,$);
#1306=IFCMATERIALLAYERSETUSAGE(#279,.AXIS2.,.POSITIVE.,0.,$);
#1307=IFCRELASSOCIATESMATERIAL('39vYpNezvQPgGjYuYQ_A_b',$,$,$,(#1304),#1306);
#1308=IFCCARTESIANPOINT((0.,0.,0.));
#1309=IFCDIRECTION((0.,0.,1.));
#1310=IFCDIRECTION((1.,0.,0.));
#1311=IFCAXIS2PLACEMENT3D(#1308,#1309,#1310);
#1312=IFCLOCALPLACEMENT(#225,#1311);
#1313=IFCCARTESIANPOINTLIST2D(((-11.655,-3.043),(-38.416,0.51),(-42.302,-28.879),(-15.586,-32.328),(-14.809,-26.754),(-16.815,-25.977),(-16.652,-24.815),(-11.1,-26.71),(-2.069,-28.664),(8.162,-29.071),(16.616,-28.079),(15.816,-23.415),(17.252,-23.608),(17.504,-21.72),(16.046,-21.52),(18.,-17.242),(11.789,-14.414),(1.914,-11.542),(-8.176,-10.453),(-14.616,-10.661),(-14.468,-9.491),(-12.492,-9.373),(-11.525,-3.335),(-12.291,-9.622),(-14.24,-9.715),(-14.373,-10.869),(-8.051,-10.748),(1.715,-11.792),(11.483,-14.509),(17.682,-17.273),(15.728,-21.487),(17.186,-21.687),(16.938,-23.547),(15.502,-23.353),(16.32,-27.957),(7.908,-28.876),(-2.146,-28.353),(-10.883,-26.475),(-16.359,-24.686),(-16.532,-25.828),(-14.547,-26.57),(-15.376,-32.086),(-41.992,-28.802),(-38.14,0.348),(-11.525,-3.335),(-11.655,-3.043)));
#1314=IFCINDEXEDPOLYCURVE(#1313,(IFCLINEINDEX((1,2,3,4,5,6,7,8,9,10,11,12,13,14,15,16,17,18,19,20,21,22,23,24,25,26,27,28,29,30,31,32,33,34,35,36,37,38,39,40,41,42,43,44,45,46,1))),$);
#1315=IFCARBITRARYCLOSEDPROFILEDEF(.AREA.,$,#1314);
#1316=IFCCARTESIANPOINT((0.,0.,0.));
#1317=IFCDIRECTION((0.,0.,1.));
#1318=IFCDIRECTION((1.,0.,0.));
#1319=IFCAXIS2PLACEMENT3D(#1316,#1317,#1318);
#1320=IFCDIRECTION((0.,0.,1.));
#1321=IFCEXTRUDEDAREASOLID(#1315,#1319,#1320,1.1);
#1322=IFCSHAPEREPRESENTATION(#11,'Body','SweptSolid',(#1321));
#1323=IFCPRODUCTDEFINITIONSHAPE($,$,(#1322));
#1324=IFCPROPERTYSET('1W4ZL1TnrMkB_i4Bq4P4XR',$,'Pset_PlateCommon',$,(#1326));
#1325=IFCRELDEFINESBYPROPERTIES('10DnkgkeXHeReOA6IMuabC',$,$,$,(#1304),#1324);
#1326=IFCPROPERTYSINGLEVALUE('IsExternal',$,IFCBOOLEAN(.T.),$);
#1327=IFCPLATE('16xnJJKofT1PGseti7b31t',$,'Level 22 Curtain Wall','Unitised solar-control glazing to the sail',$,#1336,#1347,$,$);
#1329=IFCMATERIALLAYERSETUSAGE(#275,.AXIS2.,.POSITIVE.,0.,$);
#1330=IFCRELASSOCIATESMATERIAL('1Ag15hT5PPb9cNYU52JI9L',$,$,$,(#1327),#1329);
#1331=IFCRELCONTAINEDINSPATIALSTRUCTURE('1$maxJSSfKOQBXbNSnEIYK',$,$,$,(#1327,#1351),#226);
#1332=IFCCARTESIANPOINT((0.,0.,0.));
#1333=IFCDIRECTION((0.,0.,1.));
#1334=IFCDIRECTION((1.,0.,0.));
#1335=IFCAXIS2PLACEMENT3D(#1332,#1333,#1334);
#1336=IFCLOCALPLACEMENT(#232,#1335);
#1337=IFCCARTESIANPOINTLIST2D(((-10.851,-3.043),(-36.878,0.459),(-40.654,-28.099),(-14.656,-31.408),(-13.883,-25.996),(-15.831,-25.248),(-15.668,-24.123),(-10.283,-25.936),(-1.576,-27.816),(8.336,-28.249),(16.559,-27.306),(15.774,-22.781),(17.174,-22.968),(17.418,-21.138),(15.997,-20.944),(17.9,-16.795),(11.853,-14.06),(2.266,-11.31),(-7.463,-10.263),(-13.701,-10.438),(-13.562,-9.304),(-11.644,-9.196),(-10.778,-3.207),(-11.531,-9.336),(-13.434,-9.43),(-13.564,-10.555),(-7.393,-10.429),(2.154,-11.451),(11.681,-14.113),(17.721,-16.812),(15.818,-20.926),(17.239,-21.119),(16.997,-22.934),(15.597,-22.746),(16.393,-27.237),(8.193,-28.139),(-1.619,-27.641),(-10.161,-25.804),(-15.503,-24.051),(-15.672,-25.164),(-13.736,-25.893),(-14.538,-31.272),(-40.479,-28.055),(-36.723,0.368),(-10.778,-3.207),(-10.851,-3.043)));
#1338=IFCINDEXEDPOLYCURVE(#1337,(IFCLINEINDEX((1,2,3,4,5,6,7,8,9,10,11,12,13,14,15,16,17,18,19,20,21,22,23,24,25,26,27,28,29,30,31,32,33,34,35,36,37,38,39,40,41,42,43,44,45,46,1))),$);
#1339=IFCARBITRARYCLOSEDPROFILEDEF(.AREA.,$,#1338);
#1340=IFCCARTESIANPOINT((0.,0.,0.));
#1341=IFCDIRECTION((0.,0.,1.));
#1342=IFCDIRECTION((1.,0.,0.));
#1343=IFCAXIS2PLACEMENT3D(#1340,#1341,#1342);
#1344=IFCDIRECTION((0.,0.,1.));
#1345=IFCEXTRUDEDAREASOLID(#1339,#1343,#1344,3.5692);
#1346=IFCSHAPEREPRESENTATION(#11,'Body','SweptSolid',(#1345));
#1347=IFCPRODUCTDEFINITIONSHAPE($,$,(#1346));
#1348=IFCPROPERTYSET('2nE6CLv0PQX8kHalTCy6NO',$,'Pset_PlateCommon',$,(#1350));
#1349=IFCRELDEFINESBYPROPERTIES('3zEDaMWEfSMR4ySQ5nZv$2',$,$,$,(#1327),#1348);
#1350=IFCPROPERTYSINGLEVALUE('IsExternal',$,IFCBOOLEAN(.T.),$);
#1351=IFCPLATE('219KKooffMxhOT9JggZKk4',$,'Level 22 Spandrel','Opaque spandrel band expressing the floor line',$,#1359,#1370,$,$);
#1353=IFCMATERIALLAYERSETUSAGE(#279,.AXIS2.,.POSITIVE.,0.,$);
#1354=IFCRELASSOCIATESMATERIAL('1ckzxhsJLP0vXKy22OuySb',$,$,$,(#1351),#1353);
#1355=IFCCARTESIANPOINT((0.,0.,0.));
#1356=IFCDIRECTION((0.,0.,1.));
#1357=IFCDIRECTION((1.,0.,0.));
#1358=IFCAXIS2PLACEMENT3D(#1355,#1356,#1357);
#1359=IFCLOCALPLACEMENT(#232,#1358);
#1360=IFCCARTESIANPOINTLIST2D(((-10.892,-2.952),(-36.964,0.51),(-40.751,-28.123),(-14.722,-31.483),(-13.965,-26.053),(-15.919,-25.295),(-15.76,-24.163),(-10.351,-26.009),(-1.552,-27.913),(8.415,-28.31),(16.651,-27.344),(15.872,-22.8),(17.272,-22.987),(17.517,-21.148),(16.096,-20.954),(18.,-16.785),(11.949,-14.03),(2.328,-11.232),(-7.502,-10.171),(-13.777,-10.373),(-13.633,-9.234),(-11.707,-9.118),(-10.762,-3.244),(-11.506,-9.367),(-13.405,-9.458),(-13.534,-10.581),(-7.377,-10.466),(2.129,-11.482),(11.643,-14.125),(17.682,-16.816),(15.778,-20.921),(17.199,-21.115),(16.958,-22.926),(15.558,-22.738),(16.355,-27.222),(8.161,-28.115),(-1.629,-27.602),(-10.134,-25.774),(-15.467,-24.034),(-15.636,-25.146),(-13.703,-25.869),(-14.512,-31.241),(-40.441,-28.046),(-36.688,0.348),(-10.762,-3.244),(-10.892,-2.952)));
#1361=IFCINDEXEDPOLYCURVE(#1360,(IFCLINEINDEX((1,2,3,4,5,6,7,8,9,10,11,12,13,14,15,16,17,18,19,20,21,22,23,24,25,26,27,28,29,30,31,32,33,34,35,36,37,38,39,40,41,42,43,44,45,46,1))),$);
#1362=IFCARBITRARYCLOSEDPROFILEDEF(.AREA.,$,#1361);
#1363=IFCCARTESIANPOINT((0.,0.,0.));
#1364=IFCDIRECTION((0.,0.,1.));
#1365=IFCDIRECTION((1.,0.,0.));
#1366=IFCAXIS2PLACEMENT3D(#1363,#1364,#1365);
#1367=IFCDIRECTION((0.,0.,1.));
#1368=IFCEXTRUDEDAREASOLID(#1362,#1366,#1367,1.1);
#1369=IFCSHAPEREPRESENTATION(#11,'Body','SweptSolid',(#1368));
#1370=IFCPRODUCTDEFINITIONSHAPE($,$,(#1369));
#1371=IFCPROPERTYSET('0ESvbF0ITOIxpz6yil7q6H',$,'Pset_PlateCommon',$,(#1373));
#1372=IFCRELDEFINESBYPROPERTIES('1SrWq427HQgQr548XlAJN4',$,$,$,(#1351),#1371);
#1373=IFCPROPERTYSINGLEVALUE('IsExternal',$,IFCBOOLEAN(.T.),$);
#1374=IFCPLATE('2O18rjZX9KwQttvSzGH7wy',$,'Level 23 Curtain Wall','Unitised solar-control glazing to the sail',$,#1383,#1394,$,$);
#1376=IFCMATERIALLAYERSETUSAGE(#275,.AXIS2.,.POSITIVE.,0.,$);
#1377=IFCRELASSOCIATESMATERIAL('0hmuuq26XTegwcyYoCU1VX',$,$,$,(#1374),#1376);
#1378=IFCRELCONTAINEDINSPATIALSTRUCTURE('20epCoPSrV_OncLynBurtf',$,$,$,(#1374,#1398),#233);
#1379=IFCCARTESIANPOINT((0.,0.,0.));
#1380=IFCDIRECTION((0.,0.,1.));
#1381=IFCDIRECTION((1.,0.,0.));
#1382=IFCAXIS2PLACEMENT3D(#1379,#1380,#1381);
#1383=IFCLOCALPLACEMENT(#239,#1382);
#1384=IFCCARTESIANPOINTLIST2D(((-10.072,-2.949),(-35.395,0.459),(-39.069,-27.326),(-13.773,-30.545),(-13.02,-25.279),(-14.916,-24.552),(-14.758,-23.457),(-9.518,-25.221),(-1.049,-27.05),(8.595,-27.471),(16.596,-26.554),(15.832,-22.152),(17.193,-22.334),(17.431,-20.554),(16.048,-20.364),(17.9,-16.328),(12.016,-13.668),(2.689,-10.993),(-6.775,-9.975),(-12.844,-10.145),(-12.708,-9.041),(-10.843,-8.937),(-9.999,-3.113),(-10.73,-9.077),(-12.58,-9.167),(-12.707,-10.262),(-6.705,-10.141),(2.577,-11.134),(11.844,-13.721),(17.721,-16.345),(15.869,-20.346),(17.252,-20.535),(17.016,-22.3),(15.655,-22.117),(16.43,-26.485),(8.452,-27.361),(-1.092,-26.875),(-9.396,-25.089),(-14.593,-23.385),(-14.757,-24.468),(-12.873,-25.176),(-13.655,-30.409),(-38.894,-27.282),(-35.24,0.368),(-9.999,-3.113),(-10.072,-2.949)));
#1385=IFCINDEXEDPOLYCURVE(#1384,(IFCLINEINDEX((1,2,3,4,5,6,7,8,9,10,11,12,13,14,15,16,17,18,19,20,21,22,23,24,25,26,27,28,29,30,31,32,33,34,35,36,37,38,39,40,41,42,43,44,45,46,1))),$);
#1386=IFCARBITRARYCLOSEDPROFILEDEF(.AREA.,$,#1385);
#1387=IFCCARTESIANPOINT((0.,0.,0.));
#1388=IFCDIRECTION((0.,0.,1.));
#1389=IFCDIRECTION((1.,0.,0.));
#1390=IFCAXIS2PLACEMENT3D(#1387,#1388,#1389);
#1391=IFCDIRECTION((0.,0.,1.));
#1392=IFCEXTRUDEDAREASOLID(#1386,#1390,#1391,3.5692);
#1393=IFCSHAPEREPRESENTATION(#11,'Body','SweptSolid',(#1392));
#1394=IFCPRODUCTDEFINITIONSHAPE($,$,(#1393));
#1395=IFCPROPERTYSET('3qdKOZJ8XLnw4JfhA6Y7af',$,'Pset_PlateCommon',$,(#1397));
#1396=IFCRELDEFINESBYPROPERTIES('1sy0Hdz5vIRwWAnvlRad_y',$,$,$,(#1374),#1395);
#1397=IFCPROPERTYSINGLEVALUE('IsExternal',$,IFCBOOLEAN(.T.),$);
#1398=IFCPLATE('07KJWP4anJNv_PsaRM7uBK',$,'Level 23 Spandrel','Opaque spandrel band expressing the floor line',$,#1406,#1417,$,$);
#1400=IFCMATERIALLAYERSETUSAGE(#279,.AXIS2.,.POSITIVE.,0.,$);
#1401=IFCRELASSOCIATESMATERIAL('2UPlE7RvjGrAfyz4Yb_Ws3',$,$,$,(#1398),#1400);
#1402=IFCCARTESIANPOINT((0.,0.,0.));
#1403=IFCDIRECTION((0.,0.,1.));
#1404=IFCDIRECTION((1.,0.,0.));
#1405=IFCAXIS2PLACEMENT3D(#1402,#1403,#1404);
#1406=IFCLOCALPLACEMENT(#239,#1405);
#1407=IFCCARTESIANPOINTLIST2D(((-10.113,-2.858),(-35.481,0.51),(-39.166,-27.35),(-13.839,-30.62),(-13.102,-25.336),(-15.004,-24.599),(-14.85,-23.497),(-9.586,-25.294),(-1.025,-27.147),(8.674,-27.532),(16.688,-26.592),(15.93,-22.171),(17.291,-22.353),(17.53,-20.564),(16.147,-20.374),(18.,-16.318),(12.112,-13.638),(2.751,-10.915),(-6.814,-9.883),(-12.92,-10.08),(-12.779,-8.971),(-10.906,-8.859),(-9.983,-3.15),(-10.705,-9.108),(-12.551,-9.195),(-12.677,-10.288),(-6.689,-10.178),(2.552,-11.165),(11.806,-13.733),(17.682,-16.349),(15.829,-20.341),(17.212,-20.531),(16.977,-22.292),(15.616,-22.109),(16.392,-26.47),(8.42,-27.337),(-1.102,-26.836),(-9.369,-25.059),(-14.557,-23.368),(-14.721,-24.45),(-12.84,-25.152),(-13.629,-30.378),(-38.856,-27.273),(-35.205,0.348),(-9.983,-3.15),(-10.113,-2.858)));
#1408=IFCINDEXEDPOLYCURVE(#1407,(IFCLINEINDEX((1,2,3,4,5,6,7,8,9,10,11,12,13,14,15,16,17,18,19,20,21,22,23,24,25,26,27,28,29,30,31,32,33,34,35,36,37,38,39,40,41,42,43,44,45,46,1))),$);
#1409=IFCARBITRARYCLOSEDPROFILEDEF(.AREA.,$,#1408);
#1410=IFCCARTESIANPOINT((0.,0.,0.));
#1411=IFCDIRECTION((0.,0.,1.));
#1412=IFCDIRECTION((1.,0.,0.));
#1413=IFCAXIS2PLACEMENT3D(#1410,#1411,#1412);
#1414=IFCDIRECTION((0.,0.,1.));
#1415=IFCEXTRUDEDAREASOLID(#1409,#1413,#1414,1.1);
#1416=IFCSHAPEREPRESENTATION(#11,'Body','SweptSolid',(#1415));
#1417=IFCPRODUCTDEFINITIONSHAPE($,$,(#1416));
#1418=IFCPROPERTYSET('24wXubJhzLSQI2hYk3A3wb',$,'Pset_PlateCommon',$,(#1420));
#1419=IFCRELDEFINESBYPROPERTIES('08svbtAHDL$PACNgpOW0PH',$,$,$,(#1398),#1418);
#1420=IFCPROPERTYSINGLEVALUE('IsExternal',$,IFCBOOLEAN(.T.),$);
#1421=IFCPLATE('3OCZk9hjfLxf8Kp9ttZqOf',$,'Level 24 Curtain Wall','Unitised solar-control glazing to the sail',$,#1430,#1441,$,$);
#1423=IFCMATERIALLAYERSETUSAGE(#275,.AXIS2.,.POSITIVE.,0.,$);
#1424=IFCRELASSOCIATESMATERIAL('1TV74NmeLHTfcRD17q0Y1M',$,$,$,(#1421),#1423);
#1425=IFCRELCONTAINEDINSPATIALSTRUCTURE('3$HccGE6nHWuQcmjo0pgn_',$,$,$,(#1421,#1445),#240);
#1426=IFCCARTESIANPOINT((0.,0.,0.));
#1427=IFCDIRECTION((0.,0.,1.));
#1428=IFCDIRECTION((1.,0.,0.));
#1429=IFCAXIS2PLACEMENT3D(#1426,#1427,#1428);
#1430=IFCLOCALPLACEMENT(#246,#1429);
#1431=IFCCARTESIANPOINTLIST2D(((-9.276,-2.854),(-33.882,0.459),(-37.451,-26.538),(-12.872,-29.664),(-12.14,-24.547),(-13.982,-23.841),(-13.828,-22.778),(-8.738,-24.491),(-0.51,-26.267),(8.859,-26.678),(16.633,-25.787),(15.89,-21.51),(17.213,-21.687),(17.444,-19.958),(16.101,-19.773),(17.9,-15.852),(12.183,-13.267),(3.12,-10.669),(-6.073,-9.681),(-11.969,-9.845),(-11.837,-8.773),(-10.025,-8.671),(-9.203,-3.018),(-9.912,-8.811),(-11.709,-8.899),(-11.832,-9.962),(-6.003,-9.847),(3.008,-10.81),(12.011,-13.32),(17.721,-15.869),(15.922,-19.755),(17.265,-19.939),(17.036,-21.653),(15.713,-21.475),(16.467,-25.718),(8.716,-26.568),(-0.553,-26.092),(-8.616,-24.359),(-13.663,-22.706),(-13.823,-23.757),(-11.993,-24.444),(-12.754,-29.528),(-37.276,-26.494),(-33.727,0.368),(-9.203,-3.018),(-9.276,-2.854)));
#1432=IFCINDEXEDPOLYCURVE(#1431,(IFCLINEINDEX((1,2,3,4,5,6,7,8,9,10,11,12,13,14,15,16,17,18,19,20,21,22,23,24,25,26,27,28,29,30,31,32,33,34,35,36,37,38,39,40,41,42,43,44,45,46,1))),$);
#1433=IFCARBITRARYCLOSEDPROFILEDEF(.AREA.,$,#1432);
#1434=IFCCARTESIANPOINT((0.,0.,0.));
#1435=IFCDIRECTION((0.,0.,1.));
#1436=IFCDIRECTION((1.,0.,0.));
#1437=IFCAXIS2PLACEMENT3D(#1434,#1435,#1436);
#1438=IFCDIRECTION((0.,0.,1.));
#1439=IFCEXTRUDEDAREASOLID(#1433,#1437,#1438,3.5692);
#1440=IFCSHAPEREPRESENTATION(#11,'Body','SweptSolid',(#1439));
#1441=IFCPRODUCTDEFINITIONSHAPE($,$,(#1440));
#1442=IFCPROPERTYSET('3EMwnMO1rNoQwuj97juKO5',$,'Pset_PlateCommon',$,(#1444));
#1443=IFCRELDEFINESBYPROPERTIES('10eGNG3efS2xMtXpGAz7HY',$,$,$,(#1421),#1442);
#1444=IFCPROPERTYSINGLEVALUE('IsExternal',$,IFCBOOLEAN(.T.),$);
#1445=IFCPLATE('0IOoY7vprNd8r1GoQ0t6vq',$,'Level 24 Spandrel','Opaque spandrel band expressing the floor line',$,#1453,#1464,$,$);
#1447=IFCMATERIALLAYERSETUSAGE(#279,.AXIS2.,.POSITIVE.,0.,$);
#1448=IFCRELASSOCIATESMATERIAL('26ncgqMUjO8OZNuGjq7em3',$,$,$,(#1445),#1447);
#1449=IFCCARTESIANPOINT((0.,0.,0.));
#1450=IFCDIRECTION((0.,0.,1.));
#1451=IFCDIRECTION((1.,0.,0.));
#1452=IFCAXIS2PLACEMENT3D(#1449,#1450,#1451);
#1453=IFCLOCALPLACEMENT(#246,#1452);
#1454=IFCCARTESIANPOINTLIST2D(((-9.317,-2.763),(-33.968,0.51),(-37.548,-26.562),(-12.938,-29.739),(-12.222,-24.604),(-14.07,-23.888),(-13.92,-22.818),(-8.806,-24.564),(-0.486,-26.364),(8.938,-26.739),(16.725,-25.825),(15.988,-21.529),(17.311,-21.706),(17.543,-19.968),(16.2,-19.783),(18.,-15.842),(12.279,-13.237),(3.182,-10.591),(-6.112,-9.589),(-12.045,-9.78),(-11.908,-8.703),(-10.088,-8.593),(-9.187,-3.055),(-9.887,-8.842),(-11.68,-8.927),(-11.802,-9.988),(-5.987,-9.884),(2.983,-10.841),(11.973,-13.332),(17.682,-15.873),(15.882,-19.75),(17.225,-19.935),(16.997,-21.645),(15.674,-21.467),(16.429,-25.703),(8.684,-26.544),(-0.563,-26.053),(-8.589,-24.329),(-13.627,-22.689),(-13.787,-23.739),(-11.96,-24.42),(-12.728,-29.497),(-37.238,-26.485),(-33.692,0.348),(-9.187,-3.055),(-9.317,-2.763)));
#1455=IFCINDEXEDPOLYCURVE(#1454,(IFCLINEINDEX((1,2,3,4,5,6,7,8,9,10,11,12,13,14,15,16,17,18,19,20,21,22,23,24,25,26,27,28,29,30,31,32,33,34,35,36,37,38,39,40,41,42,43,44,45,46,1))),$);
#1456=IFCARBITRARYCLOSEDPROFILEDEF(.AREA.,$,#1455);
#1457=IFCCARTESIANPOINT((0.,0.,0.));
#1458=IFCDIRECTION((0.,0.,1.));
#1459=IFCDIRECTION((1.,0.,0.));
#1460=IFCAXIS2PLACEMENT3D(#1457,#1458,#1459);
#1461=IFCDIRECTION((0.,0.,1.));
#1462=IFCEXTRUDEDAREASOLID(#1456,#1460,#1461,1.1);
#1463=IFCSHAPEREPRESENTATION(#11,'Body','SweptSolid',(#1462));
#1464=IFCPRODUCTDEFINITIONSHAPE($,$,(#1463));
#1465=IFCPROPERTYSET('3u72OJT0rO8eA2LTACbDSn',$,'Pset_PlateCommon',$,(#1467));
#1466=IFCRELDEFINESBYPROPERTIES('1UqSePuJDVJwGb65$fhkm3',$,$,$,(#1445),#1465);
#1467=IFCPROPERTYSINGLEVALUE('IsExternal',$,IFCBOOLEAN(.T.),$);
#1468=IFCPLATE('0gFx$1JZvTie08$nAeY12g',$,'Level 25 Curtain Wall','Unitised solar-control glazing to the sail',$,#1477,#1488,$,$);
#1470=IFCMATERIALLAYERSETUSAGE(#275,.AXIS2.,.POSITIVE.,0.,$);
#1471=IFCRELASSOCIATESMATERIAL('1A9tmd0BPMz9tmRLgBE514',$,$,$,(#1468),#1470);
#1472=IFCRELCONTAINEDINSPATIALSTRUCTURE('1wrbl3iy5T8gtErFOG0DFz',$,$,$,(#1468,#1492),#247);
#1473=IFCCARTESIANPOINT((0.,0.,0.));
#1474=IFCDIRECTION((0.,0.,1.));
#1475=IFCDIRECTION((1.,0.,0.));
#1476=IFCAXIS2PLACEMENT3D(#1473,#1474,#1475);
#1477=IFCLOCALPLACEMENT(#253,#1476);
#1478=IFCCARTESIANPOINTLIST2D(((-8.465,-2.757),(-32.338,0.459),(-35.801,-25.733),(-11.953,-28.766),(-11.242,-23.802),(-13.029,-23.117),(-12.88,-22.085),(-7.941,-23.746),(0.039,-25.469),(9.128,-25.869),(16.671,-25.005),(15.95,-20.856),(17.234,-21.028),(17.458,-19.349),(16.154,-19.171),(17.9,-15.366),(12.353,-12.859),(3.56,-10.34),(-5.357,-9.381),(-11.076,-9.539),(-10.949,-8.499),(-9.19,-8.401),(-8.392,-2.921),(-9.077,-8.541),(-10.821,-8.625),(-10.939,-9.656),(-5.287,-9.547),(3.448,-10.481),(12.181,-12.912),(17.721,-15.383),(15.975,-19.153),(17.279,-19.33),(17.057,-20.994),(15.773,-20.821),(16.505,-24.936),(8.985,-25.759),(-0.004,-25.294),(-7.819,-23.614),(-12.715,-22.013),(-12.87,-23.033),(-11.095,-23.699),(-11.835,-28.63),(-35.626,-25.689),(-32.183,0.368),(-8.392,-2.921),(-8.465,-2.757)));
#1479=IFCINDEXEDPOLYCURVE(#1478,(IFCLINEINDEX((1,2,3,4,5,6,7,8,9,10,11,12,13,14,15,16,17,18,19,20,21,22,23,24,25,26,27,28,29,30,31,32,33,34,35,36,37,38,39,40,41,42,43,44,45,46,1))),$);
#1480=IFCARBITRARYCLOSEDPROFILEDEF(.AREA.,$,#1479);
#1481=IFCCARTESIANPOINT((0.,0.,0.));
#1482=IFCDIRECTION((0.,0.,1.));
#1483=IFCDIRECTION((1.,0.,0.));
#1484=IFCAXIS2PLACEMENT3D(#1481,#1482,#1483);
#1485=IFCDIRECTION((0.,0.,1.));
#1486=IFCEXTRUDEDAREASOLID(#1480,#1484,#1485,3.5692);
#1487=IFCSHAPEREPRESENTATION(#11,'Body','SweptSolid',(#1486));
#1488=IFCPRODUCTDEFINITIONSHAPE($,$,(#1487));
#1489=IFCPROPERTYSET('0BrvvQPY9Ni8jNObiuLhAJ',$,'Pset_PlateCommon',$,(#1491));
#1490=IFCRELDEFINESBYPROPERTIES('2dLbRpXfbMnxFkvBssBBsW',$,$,$,(#1468),#1489);
#1491=IFCPROPERTYSINGLEVALUE('IsExternal',$,IFCBOOLEAN(.T.),$);
#1492=IFCPLATE('2AD5uJcrHSxQBNi33V7jqY',$,'Level 25 Spandrel','Opaque spandrel band expressing the floor line',$,#1500,#1511,$,$);
#1494=IFCMATERIALLAYERSETUSAGE(#279,.AXIS2.,.POSITIVE.,0.,$);
#1495=IFCRELASSOCIATESMATERIAL('1$vNEEWGHLHvSdC1wMnbvy',$,$,$,(#1492),#1494);
#1496=IFCCARTESIANPOINT((0.,0.,0.));
#1497=IFCDIRECTION((0.,0.,1.));
#1498=IFCDIRECTION((1.,0.,0.));
#1499=IFCAXIS2PLACEMENT3D(#1496,#1497,#1498);
#1500=IFCLOCALPLACEMENT(#253,#1499);
#1501=IFCCARTESIANPOINTLIST2D(((-8.506,-2.666),(-32.424,0.51),(-35.898,-25.757),(-12.019,-28.841),(-11.324,-23.859),(-13.117,-23.164),(-12.972,-22.125),(-8.009,-23.819),(0.063,-25.566),(9.207,-25.93),(16.763,-25.043),(16.048,-20.875),(17.332,-21.047),(17.557,-19.359),(16.253,-19.181),(18.,-15.356),(12.449,-12.829),(3.622,-10.262),(-5.396,-9.289),(-11.152,-9.474),(-11.02,-8.429),(-9.253,-8.323),(-8.376,-2.958),(-9.052,-8.572),(-10.792,-8.653),(-10.909,-9.682),(-5.271,-9.584),(3.423,-10.512),(12.143,-12.924),(17.682,-15.387),(15.935,-19.148),(17.239,-19.326),(17.018,-20.986),(15.734,-20.813),(16.467,-24.921),(8.953,-25.735),(-0.014,-25.255),(-7.792,-23.584),(-12.679,-21.996),(-12.834,-23.015),(-11.062,-23.675),(-11.809,-28.599),(-35.588,-25.68),(-32.148,0.348),(-8.376,-2.958),(-8.506,-2.666)));
#1502=IFCINDEXEDPOLYCURVE(#1501,(IFCLINEINDEX((1,2,3,4,5,6,7,8,9,10,11,12,13,14,15,16,17,18,19,20,21,22,23,24,25,26,27,28,29,30,31,32,33,34,35,36,37,38,39,40,41,42,43,44,45,46,1))),$);
#1503=IFCARBITRARYCLOSEDPROFILEDEF(.AREA.,$,#1502);
#1504=IFCCARTESIANPOINT((0.,0.,0.));
#1505=IFCDIRECTION((0.,0.,1.));
#1506=IFCDIRECTION((1.,0.,0.));
#1507=IFCAXIS2PLACEMENT3D(#1504,#1505,#1506);
#1508=IFCDIRECTION((0.,0.,1.));
#1509=IFCEXTRUDEDAREASOLID(#1503,#1507,#1508,1.1);
#1510=IFCSHAPEREPRESENTATION(#11,'Body','SweptSolid',(#1509));
#1511=IFCPRODUCTDEFINITIONSHAPE($,$,(#1510));
#1512=IFCPROPERTYSET('1raqHawNrRJx88n$Jkenlr',$,'Pset_PlateCommon',$,(#1514));
#1513=IFCRELDEFINESBYPROPERTIES('3lzOPQZQzODhoq8f$8Js1N',$,$,$,(#1492),#1512);
#1514=IFCPROPERTYSINGLEVALUE('IsExternal',$,IFCBOOLEAN(.T.),$);
#1515=IFCPLATE('0jlCUbohLMeOpdvW_5cVu0',$,'Level 26 Curtain Wall','Unitised solar-control glazing to the sail',$,#1524,#1535,$,$);
#1517=IFCMATERIALLAYERSETUSAGE(#275,.AXIS2.,.POSITIVE.,0.,$);
#1518=IFCRELASSOCIATESMATERIAL('36fD0b9MvUEfi0BEdSVYAZ',$,$,$,(#1515),#1517);
#1519=IFCRELCONTAINEDINSPATIALSTRUCTURE('1s9ac2bJrLlx7WKtNgF5tu',$,$,$,(#1515,#1539),#254);
#1520=IFCCARTESIANPOINT((0.,0.,0.));
#1521=IFCDIRECTION((0.,0.,1.));
#1522=IFCDIRECTION((1.,0.,0.));
#1523=IFCAXIS2PLACEMENT3D(#1520,#1521,#1522);
#1524=IFCLOCALPLACEMENT(#260,#1523);
#1525=IFCCARTESIANPOINTLIST2D(((-7.638,-2.658),(-30.766,0.459),(-34.12,-24.914),(-11.017,-27.85),(-10.328,-23.041),(-12.059,-22.378),(-11.914,-21.379),(-7.13,-22.987),(0.598,-24.655),(9.402,-25.044),(16.709,-24.208),(16.011,-20.189),(17.255,-20.355),(17.472,-18.73),(16.209,-18.557),(17.9,-14.871),(12.526,-12.443),(4.009,-10.004),(-4.627,-9.075),(-10.167,-9.228),(-10.044,-8.22),(-8.34,-8.126),(-7.565,-2.822),(-8.227,-8.266),(-9.916,-8.346),(-10.03,-9.345),(-4.557,-9.241),(3.897,-10.145),(12.354,-12.496),(17.721,-14.888),(16.03,-18.539),(17.293,-18.711),(17.078,-20.321),(15.834,-20.154),(16.543,-24.139),(9.259,-24.934),(0.555,-24.48),(-7.008,-22.855),(-11.749,-21.307),(-11.9,-22.294),(-10.181,-22.938),(-10.899,-27.714),(-33.945,-24.87),(-30.611,0.368),(-7.565,-2.822),(-7.638,-2.658)));
#1526=IFCINDEXEDPOLYCURVE(#1525,(IFCLINEINDEX((1,2,3,4,5,6,7,8,9,10,11,12,13,14,15,16,17,18,19,20,21,22,23,24,25,26,27,28,29,30,31,32,33,34,35,36,37,38,39,40,41,42,43,44,45,46,1))),$);
#1527=IFCARBITRARYCLOSEDPROFILEDEF(.AREA.,$,#1526);
#1528=IFCCARTESIANPOINT((0.,0.,0.));
#1529=IFCDIRECTION((0.,0.,1.));
#1530=IFCDIRECTION((1.,0.,0.));
#1531=IFCAXIS2PLACEMENT3D(#1528,#1529,#1530);
#1532=IFCDIRECTION((0.,0.,1.));
#1533=IFCEXTRUDEDAREASOLID(#1527,#1531,#1532,3.5692);
#1534=IFCSHAPEREPRESENTATION(#11,'Body','SweptSolid',(#1533));
#1535=IFCPRODUCTDEFINITIONSHAPE($,$,(#1534));
#1536=IFCPROPERTYSET('3gVX$7hC1OD9fYz7oU$5B9',$,'Pset_PlateCommon',$,(#1538));
#1537=IFCRELDEFINESBYPROPERTIES('36b4PC5W5LjgSi8sNTsf68',$,$,$,(#1515),#1536);
#1538=IFCPROPERTYSINGLEVALUE('IsExternal',$,IFCBOOLEAN(.T.),$);
#1539=IFCPLATE('0MjmU8invO4AitoAWu7QPD',$,'Level 26 Spandrel','Opaque spandrel band expressing the floor line',$,#1547,#1558,$,$);
#1541=IFCMATERIALLAYERSETUSAGE(#279,.AXIS2.,.POSITIVE.,0.,$);
#1542=IFCRELASSOCIATESMATERIAL('1YplHj5qHNhPuT_vhZlO7Y',$,$,$,(#1539),#1541);
#1543=IFCCARTESIANPOINT((0.,0.,0.));
#1544=IFCDIRECTION((0.,0.,1.));
#1545=IFCDIRECTION((1.,0.,0.));
#1546=IFCAXIS2PLACEMENT3D(#1543,#1544,#1545);
#1547=IFCLOCALPLACEMENT(#260,#1546);
#1548=IFCCARTESIANPOINTLIST2D(((-7.679,-2.567),(-30.852,0.51),(-34.217,-24.938),(-11.083,-27.925),(-10.41,-23.098),(-12.147,-22.425),(-12.006,-21.419),(-7.198,-23.06),(0.622,-24.752),(9.481,-25.105),(16.801,-24.246),(16.109,-20.208),(17.353,-20.374),(17.571,-18.74),(16.308,-18.567),(18.,-14.861),(12.622,-12.413),(4.071,-9.926),(-4.666,-8.983),(-10.243,-9.163),(-10.115,-8.15),(-8.403,-8.048),(-7.549,-2.859),(-8.202,-8.297),(-9.887,-8.374),(-10.,-9.371),(-4.541,-9.278),(3.872,-10.176),(12.316,-12.508),(17.682,-14.892),(15.99,-18.534),(17.253,-18.707),(17.039,-20.313),(15.795,-20.146),(16.505,-24.124),(9.227,-24.91),(0.545,-24.441),(-6.981,-22.825),(-11.713,-21.29),(-11.864,-22.276),(-10.148,-22.914),(-10.873,-27.683),(-33.907,-24.861),(-30.576,0.348),(-7.549,-2.859),(-7.679,-2.567)));
#1549=IFCINDEXEDPOLYCURVE(#1548,(IFCLINEINDEX((1,2,3,4,5,6,7,8,9,10,11,12,13,14,15,16,17,18,19,20,21,22,23,24,25,26,27,28,29,30,31,32,33,34,35,36,37,38,39,40,41,42,43,44,45,46,1))),$);
#1550=IFCARBITRARYCLOSEDPROFILEDEF(.AREA.,$,#1549);
#1551=IFCCARTESIANPOINT((0.,0.,0.));
#1552=IFCDIRECTION((0.,0.,1.));
#1553=IFCDIRECTION((1.,0.,0.));
#1554=IFCAXIS2PLACEMENT3D(#1551,#1552,#1553);
#1555=IFCDIRECTION((0.,0.,1.));
#1556=IFCEXTRUDEDAREASOLID(#1550,#1554,#1555,1.1);
#1557=IFCSHAPEREPRESENTATION(#11,'Body','SweptSolid',(#1556));
#1558=IFCPRODUCTDEFINITIONSHAPE($,$,(#1557));
#1559=IFCPROPERTYSET('1pE1yUC6PQT8zwvEpf59au',$,'Pset_PlateCommon',$,(#1561));
#1560=IFCRELDEFINESBYPROPERTIES('2D94crGvTTaA95$KW$15ge',$,$,$,(#1539),#1559);
#1561=IFCPROPERTYSINGLEVALUE('IsExternal',$,IFCBOOLEAN(.T.),$);
#1562=IFCROOF('1GiDGwbYrVlefZsFYZV2D5',$,'Roof Slab','Roof terrace and plant deck',$,#1572,#1583,$,$);
#1564=IFCRELDEFINESBYTYPE('1IgW6FKaHMbQNwv4EZyU51',$,$,$,(#1562),#286);
#1565=IFCMATERIALLAYERSETUSAGE(#287,.AXIS3.,.POSITIVE.,0.,$);
#1566=IFCRELASSOCIATESMATERIAL('1dMFuEiSXNc9xliLbmiT_M',$,$,$,(#1562),#1565);
#1567=IFCRELCONTAINEDINSPATIALSTRUCTURE('3uqYJXUZPQJ9e6PAGdR_vQ',$,$,$,(#1562),#261);
#1568=IFCCARTESIANPOINT((0.,0.,-0.3400000000000034));
#1569=IFCDIRECTION((0.,0.,1.));
#1570=IFCDIRECTION((1.,0.,0.));
#1571=IFCAXIS2PLACEMENT3D(#1568,#1569,#1570);
#1572=IFCLOCALPLACEMENT(#267,#1571);
#1573=IFCCARTESIANPOINTLIST2D(((-6.837,-2.466),(-29.25,0.51),(-32.505,-24.104),(-10.129,-26.993),(-9.478,-22.325),(-11.159,-21.674),(-11.022,-20.7),(-6.372,-22.287),(1.192,-23.924),(9.76,-24.265),(16.841,-23.434),(16.171,-19.528),(17.374,-19.69),(17.585,-18.109),(16.363,-17.941),(18.,-14.358),(12.798,-11.989),(4.527,-9.584),(-3.923,-8.672),(-9.317,-8.846),(-9.193,-7.866),(-7.538,-7.767)));
#1574=IFCINDEXEDPOLYCURVE(#1573,(IFCLINEINDEX((1,2,3,4,5,6,7,8,9,10,11,12,13,14,15,16,17,18,19,20,21,22,1))),$);
#1575=IFCARBITRARYCLOSEDPROFILEDEF(.AREA.,$,#1574);
#1576=IFCCARTESIANPOINT((0.,0.,0.));
#1577=IFCDIRECTION((0.,0.,1.));
#1578=IFCDIRECTION((1.,0.,0.));
#1579=IFCAXIS2PLACEMENT3D(#1576,#1577,#1578);
#1580=IFCDIRECTION((0.,0.,1.));
#1581=IFCEXTRUDEDAREASOLID(#1575,#1579,#1580,0.34);
#1582=IFCSHAPEREPRESENTATION(#11,'Body','SweptSolid',(#1581));
#1583=IFCPRODUCTDEFINITIONSHAPE($,$,(#1582));
#1584=IFCPROPERTYSET('107yL0AYPJtQN6oVx7jxks',$,'Pset_BuildingCommon',$,(#1586,#1587));
#1585=IFCRELDEFINESBYPROPERTIES('1WHfe2lj9QN9O6jAlIMazX',$,$,$,(#33),#1584);
#1586=IFCPROPERTYSINGLEVALUE('NumberOfStoreys',$,IFCINTEGER(27),$);
#1587=IFCPROPERTYSINGLEVALUE('Reference',$,IFCIDENTIFIER('Sail-form hotel, authored massing on the surveyed footprint'),$);
#1588=IFCCLASSIFICATIONREFERENCE($,'REF-WAL','Walls',#268,$,$);
#1589=IFCRELASSOCIATESCLASSIFICATION('1Zw8kyBHTU6AsbJ97ieAg5',$,$,$,(#290,#315),#1588);
#1590=IFCCLASSIFICATIONREFERENCE($,'REF-CWL','Curtain walling',#268,$,$);
#1591=IFCRELASSOCIATESCLASSIFICATION('0kGSN9icrRsvsWqrFXdD9P',$,$,$,(#339,#363,#387,#411,#434,#458,#481,#505,#528,#552,#575,#599,#622,#646,#669,#693,#716,#740,#763,#787,#810,#834,#857,#881,#904,#928,#951,#975,#998,#1022,#1045,#1069,#1092,#1116,#1139,#1163,#1186,#1210,#1233,#1257,#1280,#1304,#1327,#1351,#1374,#1398,#1421,#1445,#1468,#1492,#1515,#1539),#1590);
#1592=IFCCLASSIFICATIONREFERENCE($,'REF-ROF','Roof',#268,$,$);
#1593=IFCRELASSOCIATESCLASSIFICATION('2ZYsFtz31MofvPWdFU9yBX',$,$,$,(#1562),#1592);
ENDSEC;
END-ISO-10303-21;
