ISO-10303-21;
HEADER;
FILE_DESCRIPTION(('ViewDefinition[DesignTransferView]'),'2;1');
FILE_NAME('BCN-IVO-ZZ-XX-M3-S-0002.ifc','2026-08-28T00:00:00',('Reference Models'),('IFC Viewer Online'),'IfcOpenShell 0.8.6-alpha260809','Bonsai 0.8.6-alpha260809-f05dd4a (Blender 4.5.12 LTS)','IFC Viewer Online');
FILE_SCHEMA(('IFC4'));
ENDSEC;
DATA;
#1=IFCPROJECT('1DPBBMtxvILPs67GX4x_2B',$,'Hotel Vela','Structural model - raft, core, columns and floor plates','Reference model','Sail-form hotel at the entrance to Port Vell, Barcelona - Structure','REFERENCE',(#10,#22),#5);
#2=IFCSIUNIT(*,.LENGTHUNIT.,$,.METRE.);
#3=IFCSIUNIT(*,.AREAUNIT.,$,.SQUARE_METRE.);
#4=IFCSIUNIT(*,.VOLUMEUNIT.,$,.CUBIC_METRE.);
#5=IFCUNITASSIGNMENT((#2,#3,#4));
#6=IFCCARTESIANPOINT((0.,0.,0.));
#7=IFCDIRECTION((0.,0.,1.));
#8=IFCDIRECTION((1.,0.,0.));
#9=IFCAXIS2PLACEMENT3D(#6,#7,#8);
#10=IFCGEOMETRICREPRESENTATIONCONTEXT($,'Model',3,1.E-05,#9,$);
#11=IFCGEOMETRICREPRESENTATIONSUBCONTEXT('Body','Model',*,*,*,*,#10,$,.MODEL_VIEW.,$);
#12=IFCGEOMETRICREPRESENTATIONSUBCONTEXT('Axis','Model',*,*,*,*,#10,$,.GRAPH_VIEW.,$);
#13=IFCGEOMETRICREPRESENTATIONSUBCONTEXT('Box','Model',*,*,*,*,#10,$,.MODEL_VIEW.,$);
#14=IFCGEOMETRICREPRESENTATIONSUBCONTEXT('Annotation','Model',*,*,*,*,#10,$,.SECTION_VIEW.,$);
#15=IFCGEOMETRICREPRESENTATIONSUBCONTEXT('Annotation','Model',*,*,*,*,#10,$,.ELEVATION_VIEW.,$);
#16=IFCGEOMETRICREPRESENTATIONSUBCONTEXT('Annotation','Model',*,*,*,*,#10,$,.MODEL_VIEW.,$);
#17=IFCGEOMETRICREPRESENTATIONSUBCONTEXT('Annotation','Model',*,*,*,*,#10,$,.PLAN_VIEW.,$);
#18=IFCGEOMETRICREPRESENTATIONSUBCONTEXT('Profile','Model',*,*,*,*,#10,$,.ELEVATION_VIEW.,$);
#19=IFCCARTESIANPOINT((0.,0.));
#20=IFCDIRECTION((1.,0.));
#21=IFCAXIS2PLACEMENT2D(#19,#20);
#22=IFCGEOMETRICREPRESENTATIONCONTEXT($,'Plan',2,1.E-05,#21,$);
#23=IFCGEOMETRICREPRESENTATIONSUBCONTEXT('Axis','Plan',*,*,*,*,#22,$,.GRAPH_VIEW.,$);
#24=IFCGEOMETRICREPRESENTATIONSUBCONTEXT('Body','Plan',*,*,*,*,#22,$,.PLAN_VIEW.,$);
#25=IFCGEOMETRICREPRESENTATIONSUBCONTEXT('Annotation','Plan',*,*,*,*,#22,$,.PLAN_VIEW.,$);
#26=IFCGEOMETRICREPRESENTATIONSUBCONTEXT('Annotation','Plan',*,*,*,*,#22,$,.REFLECTED_PLAN_VIEW.,$);
#27=IFCSITE('2uGDWW5YvK4P0NNuoPnuNb',$,'Placa de la Rosa dels Vents','Georeferenced to ETRS89 / UTM 31N on the building''s own footprint',$,#50,$,'Seaward tip of the Barceloneta spit, at the entrance to Port Vell',.ELEMENT.,(41,22,7,348800),(2,11,25,18800),2.5,$,$);
#33=IFCBUILDING('0lf4s_mtbIARBZ3MKpwdv4',$,'Hotel Vela',$,$,#56,$,'Sail-form hotel, 27 storeys above ground, 98.80 m',.ELEMENT.,$,$,$);
#39=IFCBUILDINGSTOREY('2vBOz9qBTRJACi2VxTTorz',$,'B02',$,$,#62,$,'Basement 2 - parking and plant',.ELEMENT.,-8.4);
#45=IFCRELAGGREGATES('1FwTyDyaTR1uQSdDDVWKc4',$,$,$,#1,(#27));
#46=IFCCARTESIANPOINT((0.,0.,0.));
#47=IFCDIRECTION((0.,0.,1.));
#48=IFCDIRECTION((1.,0.,0.));
#49=IFCAXIS2PLACEMENT3D(#46,#47,#48);
#50=IFCLOCALPLACEMENT($,#49);
#51=IFCRELAGGREGATES('1qeFvKLiLRZgkl_T$F0U8L',$,$,$,#27,(#33));
#52=IFCCARTESIANPOINT((0.,0.,0.));
#53=IFCDIRECTION((0.,0.,1.));
#54=IFCDIRECTION((1.,0.,0.));
#55=IFCAXIS2PLACEMENT3D(#52,#53,#54);
#56=IFCLOCALPLACEMENT(#50,#55);
#57=IFCRELAGGREGATES('1exTbZ7HrKCgfUtm8TyXjN',$,$,$,#33,(#39,#65,#72,#79,#86,#93,#100,#107,#114,#121,#128,#135,#142,#149,#156,#163,#170,#177,#184,#191,#198,#205,#212,#219,#226,#233,#240,#247,#254,#261));
#58=IFCCARTESIANPOINT((0.,0.,0.));
#59=IFCDIRECTION((0.,0.,1.));
#60=IFCDIRECTION((1.,0.,0.));
#61=IFCAXIS2PLACEMENT3D(#58,#59,#60);
#62=IFCLOCALPLACEMENT(#56,#61);
#63=IFCPROJECTEDCRS('EPSG:25831','ETRS89 / UTM zone 31N - the CRS Catalan survey is delivered in','ETRS89','EVRF2000',$,$,#2);
#64=IFCMAPCONVERSION(#10,#63,432282.17,4580004.72,2.5,1.,0.,1.);
#65=IFCBUILDINGSTOREY('2wfqrpMpnVDgC7mkqUqiq2',$,'B01',$,$,#71,$,'Basement 1 - parking and plant',.ELEMENT.,-4.2);
#67=IFCCARTESIANPOINT((0.,0.,-4.2));
#68=IFCDIRECTION((0.,0.,1.));
#69=IFCDIRECTION((1.,0.,0.));
#70=IFCAXIS2PLACEMENT3D(#67,#68,#69);
#71=IFCLOCALPLACEMENT(#56,#70);
#72=IFCBUILDINGSTOREY('1eVFRYuMDThAmoFlR$wjML',$,'Ground',$,$,#78,$,'Ground floor - lobby, arrival and beach frontage',.ELEMENT.,0.);
#74=IFCCARTESIANPOINT((0.,0.,0.));
#75=IFCDIRECTION((0.,0.,1.));
#76=IFCDIRECTION((1.,0.,0.));
#77=IFCAXIS2PLACEMENT3D(#74,#75,#76);
#78=IFCLOCALPLACEMENT(#56,#77);
#79=IFCBUILDINGSTOREY('23YrgXEPzLAQwIw3Nhiauw',$,'Level 01',$,$,#85,$,'Level 01 - podium roof, restaurant and pool terrace',.ELEMENT.,6.);
#81=IFCCARTESIANPOINT((0.,0.,6.));
#82=IFCDIRECTION((0.,0.,1.));
#83=IFCDIRECTION((1.,0.,0.));
#84=IFCAXIS2PLACEMENT3D(#81,#82,#83);
#85=IFCLOCALPLACEMENT(#56,#84);
#86=IFCBUILDINGSTOREY('1yg90sUVrNYR05maW3m9Ue',$,'Level 02',$,$,#92,$,'Level 02 - guest rooms',.ELEMENT.,9.57);
#88=IFCCARTESIANPOINT((0.,0.,9.57));
#89=IFCDIRECTION((0.,0.,1.));
#90=IFCDIRECTION((1.,0.,0.));
#91=IFCAXIS2PLACEMENT3D(#88,#89,#90);
#92=IFCLOCALPLACEMENT(#56,#91);
#93=IFCBUILDINGSTOREY('3BRfKwPEbTtuR0y7jT6eed',$,'Level 03',$,$,#99,$,'Level 03 - guest rooms',.ELEMENT.,13.14);
#95=IFCCARTESIANPOINT((0.,0.,13.14));
#96=IFCDIRECTION((0.,0.,1.));
#97=IFCDIRECTION((1.,0.,0.));
#98=IFCAXIS2PLACEMENT3D(#95,#96,#97);
#99=IFCLOCALPLACEMENT(#56,#98);
#100=IFCBUILDINGSTOREY('0rfIcwzjfHeAcQnYT6HmBt',$,'Level 04',$,$,#106,$,'Level 04 - guest rooms',.ELEMENT.,16.71);
#102=IFCCARTESIANPOINT((0.,0.,16.71));
#103=IFCDIRECTION((0.,0.,1.));
#104=IFCDIRECTION((1.,0.,0.));
#105=IFCAXIS2PLACEMENT3D(#102,#103,#104);
#106=IFCLOCALPLACEMENT(#56,#105);
#107=IFCBUILDINGSTOREY('24ghLzQ_nS0wpkCvPSrpoJ',$,'Level 05',$,$,#113,$,'Level 05 - guest rooms',.ELEMENT.,20.28);
#109=IFCCARTESIANPOINT((0.,0.,20.28));
#110=IFCDIRECTION((0.,0.,1.));
#111=IFCDIRECTION((1.,0.,0.));
#112=IFCAXIS2PLACEMENT3D(#109,#110,#111);
#113=IFCLOCALPLACEMENT(#56,#112);
#114=IFCBUILDINGSTOREY('3OLiX$BYrTRQYkfTgmkjbq',$,'Level 06',$,$,#120,$,'Level 06 - guest rooms',.ELEMENT.,23.85);
#116=IFCCARTESIANPOINT((0.,0.,23.85));
#117=IFCDIRECTION((0.,0.,1.));
#118=IFCDIRECTION((1.,0.,0.));
#119=IFCAXIS2PLACEMENT3D(#116,#117,#118);
#120=IFCLOCALPLACEMENT(#56,#119);
#121=IFCBUILDINGSTOREY('1NZK6uwabTiwZzUv4mkhRH',$,'Level 07',$,$,#127,$,'Level 07 - guest rooms',.ELEMENT.,27.42);
#123=IFCCARTESIANPOINT((0.,0.,27.42));
#124=IFCDIRECTION((0.,0.,1.));
#125=IFCDIRECTION((1.,0.,0.));
#126=IFCAXIS2PLACEMENT3D(#123,#124,#125);
#127=IFCLOCALPLACEMENT(#56,#126);
#128=IFCBUILDINGSTOREY('2tI7WQOwXSzgF$KoyO38Uf',$,'Level 08',$,$,#134,$,'Level 08 - guest rooms',.ELEMENT.,30.98);
#130=IFCCARTESIANPOINT((0.,0.,30.98));
#131=IFCDIRECTION((0.,0.,1.));
#132=IFCDIRECTION((1.,0.,0.));
#133=IFCAXIS2PLACEMENT3D(#130,#131,#132);
#134=IFCLOCALPLACEMENT(#56,#133);
#135=IFCBUILDINGSTOREY('0uxFN0IwnO6uakbdeKTwWr',$,'Level 09',$,$,#141,$,'Level 09 - guest rooms',.ELEMENT.,34.55);
#137=IFCCARTESIANPOINT((0.,0.,34.55));
#138=IFCDIRECTION((0.,0.,1.));
#139=IFCDIRECTION((1.,0.,0.));
#140=IFCAXIS2PLACEMENT3D(#137,#138,#139);
#141=IFCLOCALPLACEMENT(#56,#140);
#142=IFCBUILDINGSTOREY('075J8eEArPhw14TCGlYocC',$,'Level 10',$,$,#148,$,'Level 10 - guest rooms',.ELEMENT.,38.12);
#144=IFCCARTESIANPOINT((0.,0.,38.12));
#145=IFCDIRECTION((0.,0.,1.));
#146=IFCDIRECTION((1.,0.,0.));
#147=IFCAXIS2PLACEMENT3D(#144,#145,#146);
#148=IFCLOCALPLACEMENT(#56,#147);
#149=IFCBUILDINGSTOREY('13KouFk7PSnB82ofstjjgP',$,'Level 11',$,$,#155,$,'Level 11 - guest rooms',.ELEMENT.,41.69);
#151=IFCCARTESIANPOINT((0.,0.,41.69));
#152=IFCDIRECTION((0.,0.,1.));
#153=IFCDIRECTION((1.,0.,0.));
#154=IFCAXIS2PLACEMENT3D(#151,#152,#153);
#155=IFCLOCALPLACEMENT(#56,#154);
#156=IFCBUILDINGSTOREY('1p_BEd1i9Rwe2eUMqnc2Ye',$,'Level 12',$,$,#162,$,'Level 12 - guest rooms',.ELEMENT.,45.26);
#158=IFCCARTESIANPOINT((0.,0.,45.26));
#159=IFCDIRECTION((0.,0.,1.));
#160=IFCDIRECTION((1.,0.,0.));
#161=IFCAXIS2PLACEMENT3D(#158,#159,#160);
#162=IFCLOCALPLACEMENT(#56,#161);
#163=IFCBUILDINGSTOREY('3_5Gh4QtPRKRNE8IJruwoy',$,'Level 13',$,$,#169,$,'Level 13 - guest rooms',.ELEMENT.,48.83);
#165=IFCCARTESIANPOINT((0.,0.,48.83));
#166=IFCDIRECTION((0.,0.,1.));
#167=IFCDIRECTION((1.,0.,0.));
#168=IFCAXIS2PLACEMENT3D(#165,#166,#167);
#169=IFCLOCALPLACEMENT(#56,#168);
#170=IFCBUILDINGSTOREY('1jOgKB0frJA8Y8p2DAB6sJ',$,'Level 14',$,$,#176,$,'Level 14 - guest rooms',.ELEMENT.,52.4);
#172=IFCCARTESIANPOINT((0.,0.,52.4));
#173=IFCDIRECTION((0.,0.,1.));
#174=IFCDIRECTION((1.,0.,0.));
#175=IFCAXIS2PLACEMENT3D(#172,#173,#174);
#176=IFCLOCALPLACEMENT(#56,#175);
#177=IFCBUILDINGSTOREY('3aBF1Dn9PO$fwe3bwTj7Nn',$,'Level 15',$,$,#183,$,'Level 15 - guest rooms',.ELEMENT.,55.97);
#179=IFCCARTESIANPOINT((0.,0.,55.97));
#180=IFCDIRECTION((0.,0.,1.));
#181=IFCDIRECTION((1.,0.,0.));
#182=IFCAXIS2PLACEMENT3D(#179,#180,#181);
#183=IFCLOCALPLACEMENT(#56,#182);
#184=IFCBUILDINGSTOREY('1FBQc9a7zJavF_WD9lCUdk',$,'Level 16',$,$,#190,$,'Level 16 - guest rooms',.ELEMENT.,59.54);
#186=IFCCARTESIANPOINT((0.,0.,59.54));
#187=IFCDIRECTION((0.,0.,1.));
#188=IFCDIRECTION((1.,0.,0.));
#189=IFCAXIS2PLACEMENT3D(#186,#187,#188);
#190=IFCLOCALPLACEMENT(#56,#189);
#191=IFCBUILDINGSTOREY('1333EL4zfSpQ6RplU8ias0',$,'Level 17',$,$,#197,$,'Level 17 - guest rooms',.ELEMENT.,63.11);
#193=IFCCARTESIANPOINT((0.,0.,63.11));
#194=IFCDIRECTION((0.,0.,1.));
#195=IFCDIRECTION((1.,0.,0.));
#196=IFCAXIS2PLACEMENT3D(#193,#194,#195);
#197=IFCLOCALPLACEMENT(#56,#196);
#198=IFCBUILDINGSTOREY('0rqtvMONTQBe6GAY5GkFso',$,'Level 18',$,$,#204,$,'Level 18 - guest rooms',.ELEMENT.,66.68);
#200=IFCCARTESIANPOINT((0.,0.,66.68));
#201=IFCDIRECTION((0.,0.,1.));
#202=IFCDIRECTION((1.,0.,0.));
#203=IFCAXIS2PLACEMENT3D(#200,#201,#202);
#204=IFCLOCALPLACEMENT(#56,#203);
#205=IFCBUILDINGSTOREY('3zFezKCl1NNeLNQcK2iKu7',$,'Level 19',$,$,#211,$,'Level 19 - guest rooms',.ELEMENT.,70.25);
#207=IFCCARTESIANPOINT((0.,0.,70.25));
#208=IFCDIRECTION((0.,0.,1.));
#209=IFCDIRECTION((1.,0.,0.));
#210=IFCAXIS2PLACEMENT3D(#207,#208,#209);
#211=IFCLOCALPLACEMENT(#56,#210);
#212=IFCBUILDINGSTOREY('15bZ8tL$HI6QHDJr8umlT$',$,'Level 20',$,$,#218,$,'Level 20 - guest rooms',.ELEMENT.,73.81);
#214=IFCCARTESIANPOINT((0.,0.,73.81));
#215=IFCDIRECTION((0.,0.,1.));
#216=IFCDIRECTION((1.,0.,0.));
#217=IFCAXIS2PLACEMENT3D(#214,#215,#216);
#218=IFCLOCALPLACEMENT(#56,#217);
#219=IFCBUILDINGSTOREY('15eN1s$BvNCA99$FB2cZaw',$,'Level 21',$,$,#225,$,'Level 21 - guest rooms',.ELEMENT.,77.38);
#221=IFCCARTESIANPOINT((0.,0.,77.38));
#222=IFCDIRECTION((0.,0.,1.));
#223=IFCDIRECTION((1.,0.,0.));
#224=IFCAXIS2PLACEMENT3D(#221,#222,#223);
#225=IFCLOCALPLACEMENT(#56,#224);
#226=IFCBUILDINGSTOREY('2uO9Q23ojJrQTU4YqLVMe1',$,'Level 22',$,$,#232,$,'Level 22 - guest rooms',.ELEMENT.,80.95);
#228=IFCCARTESIANPOINT((0.,0.,80.95));
#229=IFCDIRECTION((0.,0.,1.));
#230=IFCDIRECTION((1.,0.,0.));
#231=IFCAXIS2PLACEMENT3D(#228,#229,#230);
#232=IFCLOCALPLACEMENT(#56,#231);
#233=IFCBUILDINGSTOREY('1eAhwgLOfGuBlJPasbFYJJ',$,'Level 23',$,$,#239,$,'Level 23 - guest rooms',.ELEMENT.,84.52);
#235=IFCCARTESIANPOINT((0.,0.,84.52));
#236=IFCDIRECTION((0.,0.,1.));
#237=IFCDIRECTION((1.,0.,0.));
#238=IFCAXIS2PLACEMENT3D(#235,#236,#237);
#239=IFCLOCALPLACEMENT(#56,#238);
#240=IFCBUILDINGSTOREY('25BG1xxnPNoASjTXAXd9UV',$,'Level 24',$,$,#246,$,'Level 24 - guest rooms',.ELEMENT.,88.09);
#242=IFCCARTESIANPOINT((0.,0.,88.09));
#243=IFCDIRECTION((0.,0.,1.));
#244=IFCDIRECTION((1.,0.,0.));
#245=IFCAXIS2PLACEMENT3D(#242,#243,#244);
#246=IFCLOCALPLACEMENT(#56,#245);
#247=IFCBUILDINGSTOREY('1UjsP1PT1V2OFXj4qoB8qQ',$,'Level 25',$,$,#253,$,'Level 25 - guest rooms',.ELEMENT.,91.66);
#249=IFCCARTESIANPOINT((0.,0.,91.66));
#250=IFCDIRECTION((0.,0.,1.));
#251=IFCDIRECTION((1.,0.,0.));
#252=IFCAXIS2PLACEMENT3D(#249,#250,#251);
#253=IFCLOCALPLACEMENT(#56,#252);
#254=IFCBUILDINGSTOREY('3C1tJo_UHTVeIxvANF$GfE',$,'Level 26',$,$,#260,$,'Level 26 - guest rooms',.ELEMENT.,95.23);
#256=IFCCARTESIANPOINT((0.,0.,95.23));
#257=IFCDIRECTION((0.,0.,1.));
#258=IFCDIRECTION((1.,0.,0.));
#259=IFCAXIS2PLACEMENT3D(#256,#257,#258);
#260=IFCLOCALPLACEMENT(#56,#259);
#261=IFCBUILDINGSTOREY('0cpIcK4S5TM926VMMhKgQI',$,'Roof',$,$,#267,$,'Roof - plant, tanks and terrace',.ELEMENT.,98.8);
#263=IFCCARTESIANPOINT((0.,0.,98.8));
#264=IFCDIRECTION((0.,0.,1.));
#265=IFCDIRECTION((1.,0.,0.));
#266=IFCAXIS2PLACEMENT3D(#263,#264,#265);
#267=IFCLOCALPLACEMENT(#56,#266);
#268=IFCCLASSIFICATION('IFC Viewer Online','2026',$,'Reference Element Classification','In-house element codes for the reference models',$,$);
#269=IFCRELASSOCIATESCLASSIFICATION('2ODw$MBLXNefP2$W52Qi9x',$,$,$,(#1),#268);
#270=IFCMATERIAL('Concrete C35/45',$,'concrete');
#271=IFCSLABTYPE('0tNrU_TDPL8QFqAquvSPCD',$,'SLB-1400-Raft',$,$,$,$,$,$,.BASESLAB.);
#272=IFCMATERIALLAYERSET((#273),'SLB-1400-Raft',$);
#273=IFCMATERIALLAYER(#270,1.4,$,'Concrete C35/45',$,$,$);
#274=IFCRELASSOCIATESMATERIAL('1T99cHpvbTtB5A0egytU4B',$,$,$,(#271),#272);
#275=IFCSLABTYPE('3BcC6_cvjMY8z9b8nMkkcI',$,'SLB-340-C35/45',$,$,$,$,$,$,.FLOOR.);
#276=IFCMATERIALLAYERSET((#277),'SLB-340-C35/45',$);
#277=IFCMATERIALLAYER(#270,0.34,$,'Concrete C35/45',$,$,$);
#278=IFCRELASSOCIATESMATERIAL('1b_k1TRynQhe1wz5VhBqQr',$,$,$,(#275),#276);
#279=IFCWALLTYPE('1O8FfFMNDQyBSq1RRs7YxP',$,'WAL-350-Core',$,$,$,$,$,$,.SHEAR.);
#280=IFCMATERIALLAYERSET((#281),'WAL-350-Core',$);
#281=IFCMATERIALLAYER(#270,0.35,$,'Concrete C35/45',$,$,$);
#282=IFCRELASSOCIATESMATERIAL('0OSb$wNsvKoQQiQuoNCPiu',$,$,$,(#279),#280);
#283=IFCRECTANGLEPROFILEDEF(.AREA.,'650x650',$,0.65,0.65);
#284=IFCCOLUMNTYPE('0U$$cUZxjOFfs6_ohvRTdk',$,'COL-650SQ-C35/45',$,$,$,$,$,$,.COLUMN.);
#285=IFCMATERIALPROFILESET('COL-650SQ-C35/45',$,(#286),$);
#286=IFCMATERIALPROFILE($,$,#270,#283,$,$);
#287=IFCRELASSOCIATESMATERIAL('3IFO49mebOyOJDGsyZ4FCp',$,$,$,(#284),#285);
#288=IFCSLAB('0ZNwjMOJrQYAqMcn12FwLH',$,'Raft Foundation','Raft under the whole plot, on reclaimed harbour ground',$,#297,#308,$,$);
#289=IFCRELCONTAINEDINSPATIALSTRUCTURE('31bwemnRTLygs43c6$cwZJ',$,$,$,(#288,#1010,#1034,#1054,#1073,#1092,#1111,#1130,#1149,#1168,#1187,#1206,#1225,#1244,#1263,#1282,#1301,#1320,#1339,#1358,#1377,#1396,#1415,#1434,#1453,#1472,#1491,#1510,#1529,#1548,#1567,#1586,#1605,#1624,#1643,#1662,#1681,#1700,#1719,#1738,#1757,#1776,#1795,#1814,#1833,#1852,#1871),#39);
#290=IFCRELDEFINESBYTYPE('3WzztGsCDUk9UmlSvDaVuG',$,$,$,(#288),#271);
#291=IFCMATERIALLAYERSETUSAGE(#272,.AXIS3.,.POSITIVE.,0.,$);
#292=IFCRELASSOCIATESMATERIAL('2hGeY1MJPGXgu4wp5SCoue',$,$,$,(#288),#291);
#293=IFCCARTESIANPOINT((0.,0.,-9.8));
#294=IFCDIRECTION((0.,0.,1.));
#295=IFCDIRECTION((1.,0.,0.));
#296=IFCAXIS2PLACEMENT3D(#293,#294,#295);
#297=IFCLOCALPLACEMENT(#62,#296);
#298=IFCCARTESIANPOINTLIST2D(((44.12,34.97),(19.36,38.3),(19.44,40.73),(-7.72,44.41),(-7.95,41.98),(-83.22,52.06),(-81.09,47.99),(-83.08,46.95),(-58.21,0.51),(-63.46,-39.19),(8.23,-48.49),(12.53,-38.76),(16.13,-38.11),(15.39,-32.82),(18.46,-32.62),(28.3,-12.01),(25.49,-11.62),(43.54,27.23),(41.05,28.36)));
#299=IFCINDEXEDPOLYCURVE(#298,(IFCLINEINDEX((1,2,3,4,5,6,7,8,9,10,11,12,13,14,15,16,17,18,19,1))),$);
#300=IFCARBITRARYCLOSEDPROFILEDEF(.AREA.,$,#299);
#301=IFCCARTESIANPOINT((0.,0.,0.));
#302=IFCDIRECTION((0.,0.,1.));
#303=IFCDIRECTION((1.,0.,0.));
#304=IFCAXIS2PLACEMENT3D(#301,#302,#303);
#305=IFCDIRECTION((0.,0.,1.));
#306=IFCEXTRUDEDAREASOLID(#300,#304,#305,1.4);
#307=IFCSHAPEREPRESENTATION(#11,'Body','SweptSolid',(#306));
#308=IFCPRODUCTDEFINITIONSHAPE($,$,(#307));
#309=IFCPROPERTYSET('1tl2vJW8zHNw9JNf6UUWZF',$,'Pset_SlabCommon',$,(#311,#312));
#310=IFCRELDEFINESBYPROPERTIES('12IrwGvQHRu862KvU52NCH',$,$,$,(#288),#309);
#311=IFCPROPERTYSINGLEVALUE('IsExternal',$,IFCBOOLEAN(.F.),$);
#312=IFCPROPERTYSINGLEVALUE('LoadBearing',$,IFCBOOLEAN(.T.),$);
#313=IFCSLAB('3ASgxH95TMPvSry04wZPYj',$,'B01 Slab','Floor plate, 127.3 x 100.6 m',$,#322,#333,$,$);
#314=IFCRELDEFINESBYTYPE('0uiPkSkA5Ryu0YHW9Y94J7',$,$,$,(#313,#338,#362,#386,#410,#434,#458,#482,#506,#530,#554,#578,#602,#626,#650,#674,#698,#722,#746,#770,#794,#818,#842,#866,#890,#914,#938,#962,#986),#275);
#315=IFCMATERIALLAYERSETUSAGE(#276,.AXIS3.,.POSITIVE.,0.,$);
#316=IFCRELASSOCIATESMATERIAL('2Snd9jlpDHZOEeyr$I0e_r',$,$,$,(#313),#315);
#317=IFCRELCONTAINEDINSPATIALSTRUCTURE('2R4i1AOp9PVvbAmejuKhuC',$,$,$,(#313,#1890,#1909,#1928,#1947,#1966,#1985,#2004,#2023,#2042,#2061,#2080,#2099,#2118,#2137,#2156,#2175,#2194,#2213,#2232,#2251,#2270,#2289,#2308,#2327,#2346,#2365,#2384,#2403,#2422,#2441,#2460,#2479,#2498,#2517,#2536,#2555,#2574,#2593,#2612,#2631,#2650,#2669,#2688,#2707,#2726),#65);
#318=IFCCARTESIANPOINT((0.,0.,-0.33999999999999986));
#319=IFCDIRECTION((0.,0.,1.));
#320=IFCDIRECTION((1.,0.,0.));
#321=IFCAXIS2PLACEMENT3D(#318,#319,#320);
#322=IFCLOCALPLACEMENT(#71,#321);
#323=IFCCARTESIANPOINTLIST2D(((44.12,34.97),(19.36,38.3),(19.44,40.73),(-7.72,44.41),(-7.95,41.98),(-83.22,52.06),(-81.09,47.99),(-83.08,46.95),(-58.21,0.51),(-63.46,-39.19),(8.23,-48.49),(12.53,-38.76),(16.13,-38.11),(15.39,-32.82),(18.46,-32.62),(28.3,-12.01),(25.49,-11.62),(43.54,27.23),(41.05,28.36)));
#324=IFCINDEXEDPOLYCURVE(#323,(IFCLINEINDEX((1,2,3,4,5,6,7,8,9,10,11,12,13,14,15,16,17,18,19,1))),$);
#325=IFCARBITRARYCLOSEDPROFILEDEF(.AREA.,$,#324);
#326=IFCCARTESIANPOINT((0.,0.,0.));
#327=IFCDIRECTION((0.,0.,1.));
#328=IFCDIRECTION((1.,0.,0.));
#329=IFCAXIS2PLACEMENT3D(#326,#327,#328);
#330=IFCDIRECTION((0.,0.,1.));
#331=IFCEXTRUDEDAREASOLID(#325,#329,#330,0.34);
#332=IFCSHAPEREPRESENTATION(#11,'Body','SweptSolid',(#331));
#333=IFCPRODUCTDEFINITIONSHAPE($,$,(#332));
#334=IFCELEMENTQUANTITY('0ZK6yDdCXOfRqQWSHBCk2G',$,'Qto_SlabBaseQuantities',$,'BaseQuantities',(#336,#337));
#335=IFCRELDEFINESBYPROPERTIES('3958qGZszPuvRVK_9a8lz4',$,$,$,(#313),#334);
#336=IFCQUANTITYLENGTH('Width',$,$,127.34,$);
#337=IFCQUANTITYLENGTH('Depth',$,$,100.55,$);
#338=IFCSLAB('0oWMhl7eDVb8gaaI1I37C6',$,'Ground Slab','Floor plate, 127.3 x 100.6 m',$,#346,#357,$,$);
#339=IFCMATERIALLAYERSETUSAGE(#276,.AXIS3.,.POSITIVE.,0.,$);
#340=IFCRELASSOCIATESMATERIAL('1GbjWF7tDT6ej7SXeNYhHl',$,$,$,(#338),#339);
#341=IFCRELCONTAINEDINSPATIALSTRUCTURE('2Eu_OjalLO5hDbfoIkMHkS',$,$,$,(#338,#2745,#2764,#2783,#2802,#2821,#2840,#2859,#2878,#2897,#2916,#2935,#2954,#2973,#2992,#3011,#3030,#3049,#3068,#3087,#3106,#3125,#3144,#3163,#3182,#3201,#3220,#3239,#3258,#3277,#3296,#3315,#3334,#3353,#3372,#3391,#3410,#3429,#3448,#3467,#3486,#3505,#3524,#3543,#3562,#3581),#72);
#342=IFCCARTESIANPOINT((0.,0.,-0.34));
#343=IFCDIRECTION((0.,0.,1.));
#344=IFCDIRECTION((1.,0.,0.));
#345=IFCAXIS2PLACEMENT3D(#342,#343,#344);
#346=IFCLOCALPLACEMENT(#78,#345);
#347=IFCCARTESIANPOINTLIST2D(((44.12,34.97),(19.36,38.3),(19.44,40.73),(-7.72,44.41),(-7.95,41.98),(-83.22,52.06),(-81.09,47.99),(-83.08,46.95),(-58.21,0.51),(-63.46,-39.19),(8.23,-48.49),(12.53,-38.76),(16.13,-38.11),(15.39,-32.82),(18.46,-32.62),(28.3,-12.01),(25.49,-11.62),(43.54,27.23),(41.05,28.36)));
#348=IFCINDEXEDPOLYCURVE(#347,(IFCLINEINDEX((1,2,3,4,5,6,7,8,9,10,11,12,13,14,15,16,17,18,19,1))),$);
#349=IFCARBITRARYCLOSEDPROFILEDEF(.AREA.,$,#348);
#350=IFCCARTESIANPOINT((0.,0.,0.));
#351=IFCDIRECTION((0.,0.,1.));
#352=IFCDIRECTION((1.,0.,0.));
#353=IFCAXIS2PLACEMENT3D(#350,#351,#352);
#354=IFCDIRECTION((0.,0.,1.));
#355=IFCEXTRUDEDAREASOLID(#349,#353,#354,0.34);
#356=IFCSHAPEREPRESENTATION(#11,'Body','SweptSolid',(#355));
#357=IFCPRODUCTDEFINITIONSHAPE($,$,(#356));
#358=IFCELEMENTQUANTITY('0l4yS6bDbNGweP8HOTHtdg',$,'Qto_SlabBaseQuantities',$,'BaseQuantities',(#360,#361));
#359=IFCRELDEFINESBYPROPERTIES('1Tiiad1W1STAB3Jvvfaq3g',$,$,$,(#338),#358);
#360=IFCQUANTITYLENGTH('Width',$,$,127.34,$);
#361=IFCQUANTITYLENGTH('Depth',$,$,100.55,$);
#362=IFCSLAB('1DL4bCbUzOZwuC89mZevw3',$,'Level 01 Slab','Floor plate, 127.3 x 100.6 m',$,#370,#381,$,$);
#363=IFCMATERIALLAYERSETUSAGE(#276,.AXIS3.,.POSITIVE.,0.,$);
#364=IFCRELASSOCIATESMATERIAL('0heIYt_ijG89tx$KhxSCYk',$,$,$,(#362),#363);
#365=IFCRELCONTAINEDINSPATIALSTRUCTURE('0EeiOsyXjSrhbiJjw$uWXa',$,$,$,(#362,#3600,#3619,#3638,#3657,#3676,#3695,#3714,#3733,#3752,#3771,#3790,#3809,#3828,#3847,#3866,#3885,#3904,#3923,#3942,#3961,#3980,#3999,#4018,#4037,#4056,#4075,#4094),#79);
#366=IFCCARTESIANPOINT((0.,0.,-0.33999999999999986));
#367=IFCDIRECTION((0.,0.,1.));
#368=IFCDIRECTION((1.,0.,0.));
#369=IFCAXIS2PLACEMENT3D(#366,#367,#368);
#370=IFCLOCALPLACEMENT(#85,#369);
#371=IFCCARTESIANPOINTLIST2D(((44.12,34.97),(19.36,38.3),(19.44,40.73),(-7.72,44.41),(-7.95,41.98),(-83.22,52.06),(-81.09,47.99),(-83.08,46.95),(-58.21,0.51),(-63.46,-39.19),(8.23,-48.49),(12.53,-38.76),(16.13,-38.11),(15.39,-32.82),(18.46,-32.62),(28.3,-12.01),(25.49,-11.62),(43.54,27.23),(41.05,28.36)));
#372=IFCINDEXEDPOLYCURVE(#371,(IFCLINEINDEX((1,2,3,4,5,6,7,8,9,10,11,12,13,14,15,16,17,18,19,1))),$);
#373=IFCARBITRARYCLOSEDPROFILEDEF(.AREA.,$,#372);
#374=IFCCARTESIANPOINT((0.,0.,0.));
#375=IFCDIRECTION((0.,0.,1.));
#376=IFCDIRECTION((1.,0.,0.));
#377=IFCAXIS2PLACEMENT3D(#374,#375,#376);
#378=IFCDIRECTION((0.,0.,1.));
#379=IFCEXTRUDEDAREASOLID(#373,#377,#378,0.34);
#380=IFCSHAPEREPRESENTATION(#11,'Body','SweptSolid',(#379));
#381=IFCPRODUCTDEFINITIONSHAPE($,$,(#380));
#382=IFCELEMENTQUANTITY('2iTlaKPBHMWer79W76T6Y_',$,'Qto_SlabBaseQuantities',$,'BaseQuantities',(#384,#385));
#383=IFCRELDEFINESBYPROPERTIES('3UVQE5UVrNahgWjMJdiX3L',$,$,$,(#362),#382);
#384=IFCQUANTITYLENGTH('Width',$,$,127.34,$);
#385=IFCQUANTITYLENGTH('Depth',$,$,100.55,$);
#386=IFCSLAB('1ByXktpzrKsgavEeWLdxSY',$,'Level 02 Slab','Floor plate, 81.2 x 44.2 m',$,#394,#405,$,$);
#387=IFCMATERIALLAYERSETUSAGE(#276,.AXIS3.,.POSITIVE.,0.,$);
#388=IFCRELASSOCIATESMATERIAL('3krwxDrcnHwgAD7bmEJkEr',$,$,$,(#386),#387);
#389=IFCRELCONTAINEDINSPATIALSTRUCTURE('2WCIpRYv5K_u$io2tLgKAf',$,$,$,(#386,#4113,#4132,#4151,#4170,#4189,#4208,#4227,#4246,#4265,#4284,#4303,#4322,#4341,#4360,#4379,#4398,#4417,#4436,#4455,#4474,#4493,#4512,#4531,#4550,#4569,#4588,#4607),#86);
#390=IFCCARTESIANPOINT((0.,0.,-0.33999999999999986));
#391=IFCDIRECTION((0.,0.,1.));
#392=IFCDIRECTION((1.,0.,0.));
#393=IFCAXIS2PLACEMENT3D(#390,#391,#392);
#394=IFCLOCALPLACEMENT(#92,#393);
#395=IFCCARTESIANPOINTLIST2D(((-21.925,-4.274),(-57.953,0.51),(-63.185,-39.056),(-27.217,-43.7),(-26.17,-36.196),(-28.871,-35.149),(-28.652,-33.585),(-21.177,-36.136),(-9.019,-38.767),(4.755,-39.315),(16.136,-37.98),(15.06,-31.701),(16.993,-31.96),(17.332,-29.419),(15.369,-29.15),(18.,-23.389),(9.638,-19.582),(-3.657,-15.715),(-17.241,-14.25),(-25.911,-14.529),(-25.712,-12.954),(-23.051,-12.795)));
#396=IFCINDEXEDPOLYCURVE(#395,(IFCLINEINDEX((1,2,3,4,5,6,7,8,9,10,11,12,13,14,15,16,17,18,19,20,21,22,1))),$);
#397=IFCARBITRARYCLOSEDPROFILEDEF(.AREA.,$,#396);
#398=IFCCARTESIANPOINT((0.,0.,0.));
#399=IFCDIRECTION((0.,0.,1.));
#400=IFCDIRECTION((1.,0.,0.));
#401=IFCAXIS2PLACEMENT3D(#398,#399,#400);
#402=IFCDIRECTION((0.,0.,1.));
#403=IFCEXTRUDEDAREASOLID(#397,#401,#402,0.34);
#404=IFCSHAPEREPRESENTATION(#11,'Body','SweptSolid',(#403));
#405=IFCPRODUCTDEFINITIONSHAPE($,$,(#404));
#406=IFCELEMENTQUANTITY('3Sp4LkS0rPYR_ySEqlcAUp',$,'Qto_SlabBaseQuantities',$,'BaseQuantities',(#408,#409));
#407=IFCRELDEFINESBYPROPERTIES('0W68mG$zHKDgOKNB1yFWJa',$,$,$,(#386),#406);
#408=IFCQUANTITYLENGTH('Width',$,$,81.19,$);
#409=IFCQUANTITYLENGTH('Depth',$,$,44.21,$);
#410=IFCSLAB('0N7rdmBq5M6OStVVKC5HzY',$,'Level 03 Slab','Floor plate, 80.7 x 44.0 m',$,#418,#429,$,$);
#411=IFCMATERIALLAYERSETUSAGE(#276,.AXIS3.,.POSITIVE.,0.,$);
#412=IFCRELASSOCIATESMATERIAL('30G3dZhsDGHflhbXiV3pQU',$,$,$,(#410),#411);
#413=IFCRELCONTAINEDINSPATIALSTRUCTURE('0vvu2_96nMCevuOhWCs6hM',$,$,$,(#410,#4626,#4645,#4664,#4683,#4702,#4721,#4740,#4759,#4778,#4797,#4816,#4835,#4854,#4873,#4892,#4911,#4930,#4949,#4968,#4987,#5006,#5025,#5044,#5063,#5082,#5101,#5120),#93);
#414=IFCCARTESIANPOINT((0.,0.,-0.33999999999999986));
#415=IFCDIRECTION((0.,0.,1.));
#416=IFCDIRECTION((1.,0.,0.));
#417=IFCAXIS2PLACEMENT3D(#414,#415,#416);
#418=IFCLOCALPLACEMENT(#99,#417);
#419=IFCCARTESIANPOINTLIST2D(((-21.691,-4.246),(-57.507,0.51),(-62.709,-38.824),(-26.952,-43.441),(-25.911,-35.98),(-28.596,-34.94),(-28.378,-33.385),(-20.948,-35.921),(-8.86,-38.537),(4.833,-39.082),(16.147,-37.754),(15.077,-31.512),(16.999,-31.77),(17.336,-29.243),(15.384,-28.976),(18.,-23.249),(9.687,-19.464),(-3.53,-15.62),(-17.034,-14.163),(-25.654,-14.441),(-25.456,-12.875),(-22.81,-12.717)));
#420=IFCINDEXEDPOLYCURVE(#419,(IFCLINEINDEX((1,2,3,4,5,6,7,8,9,10,11,12,13,14,15,16,17,18,19,20,21,22,1))),$);
#421=IFCARBITRARYCLOSEDPROFILEDEF(.AREA.,$,#420);
#422=IFCCARTESIANPOINT((0.,0.,0.));
#423=IFCDIRECTION((0.,0.,1.));
#424=IFCDIRECTION((1.,0.,0.));
#425=IFCAXIS2PLACEMENT3D(#422,#423,#424);
#426=IFCDIRECTION((0.,0.,1.));
#427=IFCEXTRUDEDAREASOLID(#421,#425,#426,0.34);
#428=IFCSHAPEREPRESENTATION(#11,'Body','SweptSolid',(#427));
#429=IFCPRODUCTDEFINITIONSHAPE($,$,(#428));
#430=IFCELEMENTQUANTITY('28mjQP9obPPfc_XXLtTGss',$,'Qto_SlabBaseQuantities',$,'BaseQuantities',(#432,#433));
#431=IFCRELDEFINESBYPROPERTIES('0JTHo75yzS3fvjEs2Io$V6',$,$,$,(#410),#430);
#432=IFCQUANTITYLENGTH('Width',$,$,80.71,$);
#433=IFCQUANTITYLENGTH('Depth',$,$,43.95,$);
#434=IFCSLAB('0hbzfjMCvHLRAnRl3tYMoX',$,'Level 04 Slab','Floor plate, 80.1 x 43.6 m',$,#442,#453,$,$);
#435=IFCMATERIALLAYERSETUSAGE(#276,.AXIS3.,.POSITIVE.,0.,$);
#436=IFCRELASSOCIATESMATERIAL('39nFITcsfJ6foBkTbopmDf',$,$,$,(#434),#435);
#437=IFCRELCONTAINEDINSPATIALSTRUCTURE('3IJk4h9o9PzxqWxi3sYMPq',$,$,$,(#434,#5139,#5158,#5177,#5196,#5215,#5234,#5253,#5272,#5291,#5310,#5329,#5348,#5367,#5386,#5405,#5424,#5443,#5462,#5481,#5500,#5519,#5538,#5557,#5576,#5595,#5614,#5633),#100);
#438=IFCCARTESIANPOINT((0.,0.,-0.33999999999999986));
#439=IFCDIRECTION((0.,0.,1.));
#440=IFCDIRECTION((1.,0.,0.));
#441=IFCAXIS2PLACEMENT3D(#438,#439,#440);
#442=IFCLOCALPLACEMENT(#106,#441);
#443=IFCCARTESIANPOINTLIST2D(((-21.395,-4.21),(-56.945,0.51),(-62.108,-38.531),(-26.617,-43.114),(-25.584,-35.709),(-28.249,-34.676),(-28.033,-33.132),(-20.658,-35.65),(-8.66,-38.246),(4.931,-38.787),(16.161,-37.469),(15.099,-31.274),(17.007,-31.529),(17.341,-29.022),(15.404,-28.756),(18.,-23.072),(9.749,-19.315),(-3.369,-15.5),(-16.773,-14.054),(-25.329,-14.33),(-25.132,-12.776),(-22.506,-12.618)));
#444=IFCINDEXEDPOLYCURVE(#443,(IFCLINEINDEX((1,2,3,4,5,6,7,8,9,10,11,12,13,14,15,16,17,18,19,20,21,22,1))),$);
#445=IFCARBITRARYCLOSEDPROFILEDEF(.AREA.,$,#444);
#446=IFCCARTESIANPOINT((0.,0.,0.));
#447=IFCDIRECTION((0.,0.,1.));
#448=IFCDIRECTION((1.,0.,0.));
#449=IFCAXIS2PLACEMENT3D(#446,#447,#448);
#450=IFCDIRECTION((0.,0.,1.));
#451=IFCEXTRUDEDAREASOLID(#445,#449,#450,0.34);
#452=IFCSHAPEREPRESENTATION(#11,'Body','SweptSolid',(#451));
#453=IFCPRODUCTDEFINITIONSHAPE($,$,(#452));
#454=IFCELEMENTQUANTITY('3BRvvmeXrJSRcDFi_D9B_r',$,'Qto_SlabBaseQuantities',$,'BaseQuantities',(#456,#457));
#455=IFCRELDEFINESBYPROPERTIES('1ma67pdHbLohhEf3Hq9k0i',$,$,$,(#434),#454);
#456=IFCQUANTITYLENGTH('Width',$,$,80.11,$);
#457=IFCQUANTITYLENGTH('Depth',$,$,43.62,$);
#458=IFCSLAB('0toNsG6enL6Qjkzk8KBkCw',$,'Level 05 Slab','Floor plate, 79.4 x 43.2 m',$,#466,#477,$,$);
#459=IFCMATERIALLAYERSETUSAGE(#276,.AXIS3.,.POSITIVE.,0.,$);
#460=IFCRELASSOCIATESMATERIAL('36r_QB9PnMxRA7tbPTgBZf',$,$,$,(#458),#459);
#461=IFCRELCONTAINEDINSPATIALSTRUCTURE('3yGE9ohWjSghlBnzuz8eUO',$,$,$,(#458,#5652,#5671,#5690,#5709,#5728,#5747,#5766,#5785,#5804,#5823,#5842,#5861,#5880,#5899,#5918,#5937,#5956,#5975,#5994,#6013,#6032,#6051,#6070,#6089,#6108,#6127,#6146),#107);
#462=IFCCARTESIANPOINT((0.,0.,-0.33999999999999986));
#463=IFCDIRECTION((0.,0.,1.));
#464=IFCDIRECTION((1.,0.,0.));
#465=IFCAXIS2PLACEMENT3D(#462,#463,#464);
#466=IFCLOCALPLACEMENT(#113,#465);
#467=IFCCARTESIANPOINTLIST2D(((-21.051,-4.169),(-56.29,0.51),(-61.408,-38.19),(-26.227,-42.733),(-25.204,-35.392),(-27.845,-34.369),(-27.631,-32.838),(-20.32,-35.334),(-8.427,-37.907),(5.045,-38.443),(16.177,-37.137),(15.124,-30.996),(17.015,-31.249),(17.347,-28.764),(15.426,-28.5),(18.,-22.866),(9.821,-19.142),(-3.183,-15.36),(-16.469,-13.927),(-24.95,-14.2),(-24.755,-12.66),(-22.153,-12.504)));
#468=IFCINDEXEDPOLYCURVE(#467,(IFCLINEINDEX((1,2,3,4,5,6,7,8,9,10,11,12,13,14,15,16,17,18,19,20,21,22,1))),$);
#469=IFCARBITRARYCLOSEDPROFILEDEF(.AREA.,$,#468);
#470=IFCCARTESIANPOINT((0.,0.,0.));
#471=IFCDIRECTION((0.,0.,1.));
#472=IFCDIRECTION((1.,0.,0.));
#473=IFCAXIS2PLACEMENT3D(#470,#471,#472);
#474=IFCDIRECTION((0.,0.,1.));
#475=IFCEXTRUDEDAREASOLID(#469,#473,#474,0.34);
#476=IFCSHAPEREPRESENTATION(#11,'Body','SweptSolid',(#475));
#477=IFCPRODUCTDEFINITIONSHAPE($,$,(#476));
#478=IFCELEMENTQUANTITY('3c0Zl56DDHtAuKQGxI8LPg',$,'Qto_SlabBaseQuantities',$,'BaseQuantities',(#480,#481));
#479=IFCRELDEFINESBYPROPERTIES('2GjpijyBrNHP_Hyi1CEziN',$,$,$,(#458),#478);
#480=IFCQUANTITYLENGTH('Width',$,$,79.41,$);
#481=IFCQUANTITYLENGTH('Depth',$,$,43.24,$);
#482=IFCSLAB('3peTrysXvKpAYRpwvKuTOY',$,'Level 06 Slab','Floor plate, 78.6 x 42.8 m',$,#490,#501,$,$);
#483=IFCMATERIALLAYERSETUSAGE(#276,.AXIS3.,.POSITIVE.,0.,$);
#484=IFCRELASSOCIATESMATERIAL('38NHON2dfIQet0wMRU7bwv',$,$,$,(#482),#483);
#485=IFCRELCONTAINEDINSPATIALSTRUCTURE('1u$FNZ3q5TM9utPU1R$ip8',$,$,$,(#482,#6165,#6184,#6203,#6222,#6241,#6260,#6279,#6298,#6317,#6336,#6355,#6374,#6393,#6412,#6431,#6450,#6469,#6488,#6507,#6526,#6545,#6564,#6583,#6602,#6621,#6640),#114);
#486=IFCCARTESIANPOINT((0.,0.,-0.33999999999999986));
#487=IFCDIRECTION((0.,0.,1.));
#488=IFCDIRECTION((1.,0.,0.));
#489=IFCAXIS2PLACEMENT3D(#486,#487,#488);
#490=IFCLOCALPLACEMENT(#120,#489);
#491=IFCCARTESIANPOINTLIST2D(((-20.665,-4.123),(-55.557,0.51),(-60.624,-37.808),(-25.791,-42.306),(-24.777,-35.038),(-27.393,-34.024),(-27.181,-32.509),(-19.942,-34.98),(-8.166,-37.528),(5.173,-38.059),(16.195,-36.766),(15.153,-30.685),(17.025,-30.936),(17.353,-28.475),(15.452,-28.214),(18.,-22.635),(9.902,-18.948),(-2.974,-15.203),(-16.129,-13.784),(-24.526,-14.055),(-24.333,-12.53),(-21.756,-12.375)));
#492=IFCINDEXEDPOLYCURVE(#491,(IFCLINEINDEX((1,2,3,4,5,6,7,8,9,10,11,12,13,14,15,16,17,18,19,20,21,22,1))),$);
#493=IFCARBITRARYCLOSEDPROFILEDEF(.AREA.,$,#492);
#494=IFCCARTESIANPOINT((0.,0.,0.));
#495=IFCDIRECTION((0.,0.,1.));
#496=IFCDIRECTION((1.,0.,0.));
#497=IFCAXIS2PLACEMENT3D(#494,#495,#496);
#498=IFCDIRECTION((0.,0.,1.));
#499=IFCEXTRUDEDAREASOLID(#493,#497,#498,0.34);
#500=IFCSHAPEREPRESENTATION(#11,'Body','SweptSolid',(#499));
#501=IFCPRODUCTDEFINITIONSHAPE($,$,(#500));
#502=IFCELEMENTQUANTITY('3Ur5J8P8rGcfpsOISMwbBP',$,'Qto_SlabBaseQuantities',$,'BaseQuantities',(#504,#505));
#503=IFCRELDEFINESBYPROPERTIES('10NVblM0DODuMUkMd6A8yQ',$,$,$,(#482),#502);
#504=IFCQUANTITYLENGTH('Width',$,$,78.62,$);
#505=IFCQUANTITYLENGTH('Depth',$,$,42.82,$);
#506=IFCSLAB('2CoQj0SyjNQRttmL3wirx$',$,'Level 07 Slab','Floor plate, 77.8 x 42.3 m',$,#514,#525,$,$);
#507=IFCMATERIALLAYERSETUSAGE(#276,.AXIS3.,.POSITIVE.,0.,$);
#508=IFCRELASSOCIATESMATERIAL('12$yy$KtHN$OIJtpe0uNxB',$,$,$,(#506),#507);
#509=IFCRELCONTAINEDINSPATIALSTRUCTURE('0llrfs$rPU1eSjj6CIcb2u',$,$,$,(#506,#6659,#6678,#6697,#6716,#6735,#6754,#6773,#6792,#6811,#6830,#6849,#6868,#6887,#6906,#6925,#6944,#6963,#6982,#7001,#7020,#7039,#7058,#7077,#7096,#7115,#7134),#121);
#510=IFCCARTESIANPOINT((0.,0.,-0.33999999999999986));
#511=IFCDIRECTION((0.,0.,1.));
#512=IFCDIRECTION((1.,0.,0.));
#513=IFCAXIS2PLACEMENT3D(#510,#511,#512);
#514=IFCLOCALPLACEMENT(#127,#513);
#515=IFCCARTESIANPOINTLIST2D(((-20.243,-4.072),(-54.754,0.51),(-59.766,-37.39),(-25.313,-41.839),(-24.31,-34.65),(-26.897,-33.648),(-26.687,-32.149),(-19.527,-34.593),(-7.881,-37.113),(5.313,-37.638),(16.215,-36.359),(15.184,-30.344),(17.036,-30.593),(17.36,-28.158),(15.48,-27.901),(18.,-22.383),(9.99,-18.736),(-2.745,-15.032),(-15.757,-13.628),(-24.062,-13.896),(-23.871,-12.387),(-21.322,-12.235)));
#516=IFCINDEXEDPOLYCURVE(#515,(IFCLINEINDEX((1,2,3,4,5,6,7,8,9,10,11,12,13,14,15,16,17,18,19,20,21,22,1))),$);
#517=IFCARBITRARYCLOSEDPROFILEDEF(.AREA.,$,#516);
#518=IFCCARTESIANPOINT((0.,0.,0.));
#519=IFCDIRECTION((0.,0.,1.));
#520=IFCDIRECTION((1.,0.,0.));
#521=IFCAXIS2PLACEMENT3D(#518,#519,#520);
#522=IFCDIRECTION((0.,0.,1.));
#523=IFCEXTRUDEDAREASOLID(#517,#521,#522,0.34);
#524=IFCSHAPEREPRESENTATION(#11,'Body','SweptSolid',(#523));
#525=IFCPRODUCTDEFINITIONSHAPE($,$,(#524));
#526=IFCELEMENTQUANTITY('3XybABpQLSCfj5bpQx8hOa',$,'Qto_SlabBaseQuantities',$,'BaseQuantities',(#528,#529));
#527=IFCRELDEFINESBYPROPERTIES('1AFEidXc5GGxe4dvlhmuos',$,$,$,(#506),#526);
#528=IFCQUANTITYLENGTH('Width',$,$,77.77,$);
#529=IFCQUANTITYLENGTH('Depth',$,$,42.35,$);
#530=IFCSLAB('2AGM5SsFjNd81YRgG4mlve',$,'Level 08 Slab','Floor plate, 76.8 x 41.8 m',$,#538,#549,$,$);
#531=IFCMATERIALLAYERSETUSAGE(#276,.AXIS3.,.POSITIVE.,0.,$);
#532=IFCRELASSOCIATESMATERIAL('0Mf6vHh_vVZQxUSUUuBIxd',$,$,$,(#530),#531);
#533=IFCRELCONTAINEDINSPATIALSTRUCTURE('3asF00POXTovJ5gGU4313F',$,$,$,(#530,#7153,#7172,#7191,#7210,#7229,#7248,#7267,#7286,#7305,#7324,#7343,#7362,#7381,#7400,#7419,#7438,#7457,#7476,#7495,#7514,#7533,#7552,#7571,#7590,#7609,#7628),#128);
#534=IFCCARTESIANPOINT((0.,0.,-0.33999999999999986));
#535=IFCDIRECTION((0.,0.,1.));
#536=IFCDIRECTION((1.,0.,0.));
#537=IFCAXIS2PLACEMENT3D(#534,#535,#536);
#538=IFCLOCALPLACEMENT(#134,#537);
#539=IFCCARTESIANPOINTLIST2D(((-19.79,-4.018),(-53.891,0.51),(-58.844,-36.94),(-24.799,-41.336),(-23.808,-34.233),(-26.365,-33.242),(-26.157,-31.761),(-19.082,-34.176),(-7.574,-36.667),(5.463,-37.185),(16.236,-35.921),(15.217,-29.978),(17.047,-30.224),(17.368,-27.818),(15.51,-27.564),(18.,-22.111),(10.085,-18.508),(-2.499,-14.847),(-15.356,-13.461),(-23.563,-13.725),(-23.374,-12.234),(-20.856,-12.083)));
#540=IFCINDEXEDPOLYCURVE(#539,(IFCLINEINDEX((1,2,3,4,5,6,7,8,9,10,11,12,13,14,15,16,17,18,19,20,21,22,1))),$);
#541=IFCARBITRARYCLOSEDPROFILEDEF(.AREA.,$,#540);
#542=IFCCARTESIANPOINT((0.,0.,0.));
#543=IFCDIRECTION((0.,0.,1.));
#544=IFCDIRECTION((1.,0.,0.));
#545=IFCAXIS2PLACEMENT3D(#542,#543,#544);
#546=IFCDIRECTION((0.,0.,1.));
#547=IFCEXTRUDEDAREASOLID(#541,#545,#546,0.34);
#548=IFCSHAPEREPRESENTATION(#11,'Body','SweptSolid',(#547));
#549=IFCPRODUCTDEFINITIONSHAPE($,$,(#548));
#550=IFCELEMENTQUANTITY('2szp9oDOXNfeYB6WVQMCQU',$,'Qto_SlabBaseQuantities',$,'BaseQuantities',(#552,#553));
#551=IFCRELDEFINESBYPROPERTIES('12QCBTVzXHBwRY7dv2bssB',$,$,$,(#530),#550);
#552=IFCQUANTITYLENGTH('Width',$,$,76.84,$);
#553=IFCQUANTITYLENGTH('Depth',$,$,41.85,$);
#554=IFCSLAB('1tpbS5TZjOXP8bCONQt7Co',$,'Level 09 Slab','Floor plate, 75.9 x 41.3 m',$,#562,#573,$,$);
#555=IFCMATERIALLAYERSETUSAGE(#276,.AXIS3.,.POSITIVE.,0.,$);
#556=IFCRELASSOCIATESMATERIAL('1cK4DlQNHVHgnSMK07HsOy',$,$,$,(#554),#555);
#557=IFCRELCONTAINEDINSPATIALSTRUCTURE('3AFh8s79XT_PDU$H_dTyrB',$,$,$,(#554,#7647,#7666,#7685,#7704,#7723,#7742,#7761,#7780,#7799,#7818,#7837,#7856,#7875,#7894,#7913,#7932,#7951,#7970,#7989,#8008,#8027,#8046,#8065,#8084,#8103),#135);
#558=IFCCARTESIANPOINT((0.,0.,-0.3400000000000034));
#559=IFCDIRECTION((0.,0.,1.));
#560=IFCDIRECTION((1.,0.,0.));
#561=IFCAXIS2PLACEMENT3D(#558,#559,#560);
#562=IFCLOCALPLACEMENT(#141,#561);
#563=IFCCARTESIANPOINTLIST2D(((-19.305,-3.96),(-52.968,0.51),(-57.857,-36.459),(-24.249,-40.799),(-23.272,-33.787),(-25.795,-32.809),(-25.59,-31.347),(-18.606,-33.731),(-7.245,-36.189),(5.624,-36.702),(16.259,-35.454),(15.253,-29.587),(17.059,-29.829),(17.376,-27.455),(15.542,-27.203),(18.,-21.821),(10.187,-18.263),(-2.235,-14.65),(-14.928,-13.281),(-23.03,-13.542),(-22.843,-12.071),(-20.357,-11.922)));
#564=IFCINDEXEDPOLYCURVE(#563,(IFCLINEINDEX((1,2,3,4,5,6,7,8,9,10,11,12,13,14,15,16,17,18,19,20,21,22,1))),$);
#565=IFCARBITRARYCLOSEDPROFILEDEF(.AREA.,$,#564);
#566=IFCCARTESIANPOINT((0.,0.,0.));
#567=IFCDIRECTION((0.,0.,1.));
#568=IFCDIRECTION((1.,0.,0.));
#569=IFCAXIS2PLACEMENT3D(#566,#567,#568);
#570=IFCDIRECTION((0.,0.,1.));
#571=IFCEXTRUDEDAREASOLID(#565,#569,#570,0.34);
#572=IFCSHAPEREPRESENTATION(#11,'Body','SweptSolid',(#571));
#573=IFCPRODUCTDEFINITIONSHAPE($,$,(#572));
#574=IFCELEMENTQUANTITY('1OHj2P6MvTVwGpp6Qin$ZS',$,'Qto_SlabBaseQuantities',$,'BaseQuantities',(#576,#577));
#575=IFCRELDEFINESBYPROPERTIES('36HpTaQ1nJ8BQ6JvpgPRw$',$,$,$,(#554),#574);
#576=IFCQUANTITYLENGTH('Width',$,$,75.86,$);
#577=IFCQUANTITYLENGTH('Depth',$,$,41.31,$);
#578=IFCSLAB('04tPjpqJbMpAL8maZ7wS0q',$,'Level 10 Slab','Floor plate, 74.8 x 40.7 m',$,#586,#597,$,$);
#579=IFCMATERIALLAYERSETUSAGE(#276,.AXIS3.,.POSITIVE.,0.,$);
#580=IFCRELASSOCIATESMATERIAL('3uMGzFypPJI8JBUOx$1hPb',$,$,$,(#578),#579);
#581=IFCRELCONTAINEDINSPATIALSTRUCTURE('1ZwNfVfZvMm9sSQJSB9oy9',$,$,$,(#578,#8122,#8141,#8160,#8179,#8198,#8217,#8236,#8255,#8274,#8293,#8312,#8331,#8350,#8369,#8388,#8407,#8426,#8445,#8464,#8483,#8502,#8521,#8540,#8559,#8578),#142);
#582=IFCCARTESIANPOINT((0.,0.,-0.3400000000000034));
#583=IFCDIRECTION((0.,0.,1.));
#584=IFCDIRECTION((1.,0.,0.));
#585=IFCAXIS2PLACEMENT3D(#582,#583,#584);
#586=IFCLOCALPLACEMENT(#148,#585);
#587=IFCCARTESIANPOINTLIST2D(((-18.791,-3.898),(-51.992,0.51),(-56.813,-35.951),(-23.668,-40.23),(-22.704,-33.315),(-25.193,-32.351),(-24.991,-30.909),(-18.103,-33.26),(-6.898,-35.684),(5.794,-36.189),(16.283,-34.959),(15.291,-29.173),(17.072,-29.412),(17.385,-27.07),(15.575,-26.822),(18.,-21.513),(10.295,-18.005),(-1.957,-14.442),(-14.475,-13.092),(-22.465,-13.349),(-22.281,-11.898),(-19.829,-11.751)));
#588=IFCINDEXEDPOLYCURVE(#587,(IFCLINEINDEX((1,2,3,4,5,6,7,8,9,10,11,12,13,14,15,16,17,18,19,20,21,22,1))),$);
#589=IFCARBITRARYCLOSEDPROFILEDEF(.AREA.,$,#588);
#590=IFCCARTESIANPOINT((0.,0.,0.));
#591=IFCDIRECTION((0.,0.,1.));
#592=IFCDIRECTION((1.,0.,0.));
#593=IFCAXIS2PLACEMENT3D(#590,#591,#592);
#594=IFCDIRECTION((0.,0.,1.));
#595=IFCEXTRUDEDAREASOLID(#589,#593,#594,0.34);
#596=IFCSHAPEREPRESENTATION(#11,'Body','SweptSolid',(#595));
#597=IFCPRODUCTDEFINITIONSHAPE($,$,(#596));
#598=IFCELEMENTQUANTITY('3j8YgbzIPReR2QVyuDXZEJ',$,'Qto_SlabBaseQuantities',$,'BaseQuantities',(#600,#601));
#599=IFCRELDEFINESBYPROPERTIES('0cPa1Kt59LwQBVsYiNdl6F',$,$,$,(#578),#598);
#600=IFCQUANTITYLENGTH('Width',$,$,74.81,$);
#601=IFCQUANTITYLENGTH('Depth',$,$,40.74,$);
#602=IFCSLAB('12OxbiHZDInRcu7LzuAj8j',$,'Level 11 Slab','Floor plate, 73.7 x 40.1 m',$,#610,#621,$,$);
#603=IFCMATERIALLAYERSETUSAGE(#276,.AXIS3.,.POSITIVE.,0.,$);
#604=IFCRELASSOCIATESMATERIAL('2RdEHDyA5QYAA71PK3nymu',$,$,$,(#602),#603);
#605=IFCRELCONTAINEDINSPATIALSTRUCTURE('2VaG8nKYHQc8iB7PF$pftO',$,$,$,(#602,#8597,#8616,#8635,#8654,#8673,#8692,#8711,#8730,#8749,#8768,#8787,#8806,#8825,#8844,#8863,#8882,#8901,#8920,#8939,#8958,#8977,#8996,#9015,#9034,#9053),#149);
#606=IFCCARTESIANPOINT((0.,0.,-0.3400000000000034));
#607=IFCDIRECTION((0.,0.,1.));
#608=IFCDIRECTION((1.,0.,0.));
#609=IFCAXIS2PLACEMENT3D(#606,#607,#608);
#610=IFCLOCALPLACEMENT(#155,#609);
#611=IFCCARTESIANPOINTLIST2D(((-18.252,-3.834),(-50.965,0.51),(-55.716,-35.416),(-23.057,-39.633),(-22.107,-32.819),(-24.559,-31.868),(-24.36,-30.448),(-17.573,-32.764),(-6.533,-35.153),(5.973,-35.651),(16.308,-34.438),(15.33,-28.737),(17.086,-28.973),(17.394,-26.665),(15.611,-26.421),(18.,-21.19),(10.408,-17.733),(-1.664,-14.222),(-13.998,-12.892),(-21.871,-13.145),(-21.69,-11.716),(-19.274,-11.571)));
#612=IFCINDEXEDPOLYCURVE(#611,(IFCLINEINDEX((1,2,3,4,5,6,7,8,9,10,11,12,13,14,15,16,17,18,19,20,21,22,1))),$);
#613=IFCARBITRARYCLOSEDPROFILEDEF(.AREA.,$,#612);
#614=IFCCARTESIANPOINT((0.,0.,0.));
#615=IFCDIRECTION((0.,0.,1.));
#616=IFCDIRECTION((1.,0.,0.));
#617=IFCAXIS2PLACEMENT3D(#614,#615,#616);
#618=IFCDIRECTION((0.,0.,1.));
#619=IFCEXTRUDEDAREASOLID(#613,#617,#618,0.34);
#620=IFCSHAPEREPRESENTATION(#11,'Body','SweptSolid',(#619));
#621=IFCPRODUCTDEFINITIONSHAPE($,$,(#620));
#622=IFCELEMENTQUANTITY('3xHAGPY6zTuxZqAYbrovhi',$,'Qto_SlabBaseQuantities',$,'BaseQuantities',(#624,#625));
#623=IFCRELDEFINESBYPROPERTIES('0VE3kapZvJp8N0$r6IpWNT',$,$,$,(#602),#622);
#624=IFCQUANTITYLENGTH('Width',$,$,73.72,$);
#625=IFCQUANTITYLENGTH('Depth',$,$,40.14,$);
#626=IFCSLAB('1x7b9FFiXIcQcbq6DW6iwl',$,'Level 12 Slab','Floor plate, 72.6 x 39.5 m',$,#634,#645,$,$);
#627=IFCMATERIALLAYERSETUSAGE(#276,.AXIS3.,.POSITIVE.,0.,$);
#628=IFCRELASSOCIATESMATERIAL('24IVQtvdPPAfCbGkQezhvz',$,$,$,(#626),#627);
#629=IFCRELCONTAINEDINSPATIALSTRUCTURE('3eeomjYx5KgAKFtlLgMa0$',$,$,$,(#626,#9072,#9091,#9110,#9129,#9148,#9167,#9186,#9205,#9224,#9243,#9262,#9281,#9300,#9319,#9338,#9357,#9376,#9395,#9414,#9433,#9452,#9471,#9490,#9509),#156);
#630=IFCCARTESIANPOINT((0.,0.,-0.3400000000000034));
#631=IFCDIRECTION((0.,0.,1.));
#632=IFCDIRECTION((1.,0.,0.));
#633=IFCAXIS2PLACEMENT3D(#630,#631,#632);
#634=IFCLOCALPLACEMENT(#162,#633);
#635=IFCCARTESIANPOINTLIST2D(((-17.687,-3.766),(-49.891,0.51),(-54.568,-34.856),(-22.417,-39.008),(-21.482,-32.3),(-23.896,-31.364),(-23.7,-29.966),(-17.019,-32.246),(-6.151,-34.598),(6.161,-35.088),(16.334,-33.894),(15.372,-28.282),(17.1,-28.514),(17.403,-26.242),(15.648,-26.001),(18.,-20.852),(10.526,-17.449),(-1.358,-13.993),(-13.5,-12.683),(-21.25,-12.933),(-21.072,-11.525),(-18.694,-11.383)));
#636=IFCINDEXEDPOLYCURVE(#635,(IFCLINEINDEX((1,2,3,4,5,6,7,8,9,10,11,12,13,14,15,16,17,18,19,20,21,22,1))),$);
#637=IFCARBITRARYCLOSEDPROFILEDEF(.AREA.,$,#636);
#638=IFCCARTESIANPOINT((0.,0.,0.));
#639=IFCDIRECTION((0.,0.,1.));
#640=IFCDIRECTION((1.,0.,0.));
#641=IFCAXIS2PLACEMENT3D(#638,#639,#640);
#642=IFCDIRECTION((0.,0.,1.));
#643=IFCEXTRUDEDAREASOLID(#637,#641,#642,0.34);
#644=IFCSHAPEREPRESENTATION(#11,'Body','SweptSolid',(#643));
#645=IFCPRODUCTDEFINITIONSHAPE($,$,(#644));
#646=IFCELEMENTQUANTITY('0ij9Ez6drGePUCkIW8riZX',$,'Qto_SlabBaseQuantities',$,'BaseQuantities',(#648,#649));
#647=IFCRELDEFINESBYPROPERTIES('33j_bhP2bSs8ltlQjfaJi7',$,$,$,(#626),#646);
#648=IFCQUANTITYLENGTH('Width',$,$,72.57,$);
#649=IFCQUANTITYLENGTH('Depth',$,$,39.52,$);
#650=IFCSLAB('2evBTPqqjIZQkxjegX$rTG',$,'Level 13 Slab','Floor plate, 71.4 x 38.9 m',$,#658,#669,$,$);
#651=IFCMATERIALLAYERSETUSAGE(#276,.AXIS3.,.POSITIVE.,0.,$);
#652=IFCRELASSOCIATESMATERIAL('3jBZRmCHHHN8dxfb0Bd5Z1',$,$,$,(#650),#651);
#653=IFCRELCONTAINEDINSPATIALSTRUCTURE('10UGhh_zjSouzykEhb3Qo8',$,$,$,(#650,#9528,#9547,#9566,#9585,#9604,#9623,#9642,#9661,#9680,#9699,#9718,#9737,#9756,#9775,#9794,#9813,#9832,#9851,#9870,#9889,#9908,#9927,#9946,#9965),#163);
#654=IFCCARTESIANPOINT((0.,0.,-0.3400000000000034));
#655=IFCDIRECTION((0.,0.,1.));
#656=IFCDIRECTION((1.,0.,0.));
#657=IFCAXIS2PLACEMENT3D(#654,#655,#656);
#658=IFCLOCALPLACEMENT(#169,#657);
#659=IFCCARTESIANPOINTLIST2D(((-17.099,-3.696),(-48.772,0.51),(-53.372,-34.273),(-21.751,-38.356),(-20.831,-31.759),(-23.206,-30.839),(-23.013,-29.463),(-16.442,-31.706),(-5.753,-34.019),(6.356,-34.501),(16.362,-33.327),(15.415,-27.807),(17.115,-28.035),(17.413,-25.801),(15.687,-25.564),(18.,-20.5),(10.649,-17.153),(-1.039,-13.754),(-12.981,-12.466),(-20.603,-12.711),(-20.428,-11.327),(-18.089,-11.187)));
#660=IFCINDEXEDPOLYCURVE(#659,(IFCLINEINDEX((1,2,3,4,5,6,7,8,9,10,11,12,13,14,15,16,17,18,19,20,21,22,1))),$);
#661=IFCARBITRARYCLOSEDPROFILEDEF(.AREA.,$,#660);
#662=IFCCARTESIANPOINT((0.,0.,0.));
#663=IFCDIRECTION((0.,0.,1.));
#664=IFCDIRECTION((1.,0.,0.));
#665=IFCAXIS2PLACEMENT3D(#662,#663,#664);
#666=IFCDIRECTION((0.,0.,1.));
#667=IFCEXTRUDEDAREASOLID(#661,#665,#666,0.34);
#668=IFCSHAPEREPRESENTATION(#11,'Body','SweptSolid',(#667));
#669=IFCPRODUCTDEFINITIONSHAPE($,$,(#668));
#670=IFCELEMENTQUANTITY('32ywHy_qrP8AgyhZpkZHeb',$,'Qto_SlabBaseQuantities',$,'BaseQuantities',(#672,#673));
#671=IFCRELDEFINESBYPROPERTIES('3we4AnCzPHJATxUfz1umD_',$,$,$,(#650),#670);
#672=IFCQUANTITYLENGTH('Width',$,$,71.37,$);
#673=IFCQUANTITYLENGTH('Depth',$,$,38.87,$);
#674=IFCSLAB('0vxmyIt7jL5OE7EMm8wN2y',$,'Level 14 Slab','Floor plate, 70.1 x 38.2 m',$,#682,#693,$,$);
#675=IFCMATERIALLAYERSETUSAGE(#276,.AXIS3.,.POSITIVE.,0.,$);
#676=IFCRELASSOCIATESMATERIAL('0S3oxspyHKvOHE0e$Sszim',$,$,$,(#674),#675);
#677=IFCRELCONTAINEDINSPATIALSTRUCTURE('1WmaMUACfUWvKDxlrhGUpc',$,$,$,(#674,#9984,#10003,#10022,#10041,#10060,#10079,#10098,#10117,#10136,#10155,#10174,#10193,#10212,#10231,#10250,#10269,#10288,#10307,#10326,#10345,#10364,#10383,#10402),#170);
#678=IFCCARTESIANPOINT((0.,0.,-0.3400000000000034));
#679=IFCDIRECTION((0.,0.,1.));
#680=IFCDIRECTION((1.,0.,0.));
#681=IFCAXIS2PLACEMENT3D(#678,#679,#680);
#682=IFCLOCALPLACEMENT(#176,#681);
#683=IFCCARTESIANPOINTLIST2D(((-16.488,-3.622),(-47.61,0.51),(-52.13,-33.668),(-21.06,-37.68),(-20.156,-31.197),(-22.489,-30.293),(-22.299,-28.942),(-15.842,-31.146),(-5.339,-33.419),(6.558,-33.892),(16.39,-32.738),(15.46,-27.315),(17.13,-27.539),(17.423,-25.343),(15.727,-25.111),(18.,-20.135),(10.777,-16.846),(-0.708,-13.506),(-12.442,-12.24),(-19.932,-12.481),(-19.76,-11.121),(-17.461,-10.983)));
#684=IFCINDEXEDPOLYCURVE(#683,(IFCLINEINDEX((1,2,3,4,5,6,7,8,9,10,11,12,13,14,15,16,17,18,19,20,21,22,1))),$);
#685=IFCARBITRARYCLOSEDPROFILEDEF(.AREA.,$,#684);
#686=IFCCARTESIANPOINT((0.,0.,0.));
#687=IFCDIRECTION((0.,0.,1.));
#688=IFCDIRECTION((1.,0.,0.));
#689=IFCAXIS2PLACEMENT3D(#686,#687,#688);
#690=IFCDIRECTION((0.,0.,1.));
#691=IFCEXTRUDEDAREASOLID(#685,#689,#690,0.34);
#692=IFCSHAPEREPRESENTATION(#11,'Body','SweptSolid',(#691));
#693=IFCPRODUCTDEFINITIONSHAPE($,$,(#692));
#694=IFCELEMENTQUANTITY('3YT0uvAEvJWRi81pUZvJp9',$,'Qto_SlabBaseQuantities',$,'BaseQuantities',(#696,#697));
#695=IFCRELDEFINESBYPROPERTIES('31IcwN8IPLmO6JUIDnhoxY',$,$,$,(#674),#694);
#696=IFCQUANTITYLENGTH('Width',$,$,70.13,$);
#697=IFCQUANTITYLENGTH('Depth',$,$,38.19,$);
#698=IFCSLAB('2bi5gL$Y5SSfPwsXP0izee',$,'Level 15 Slab','Floor plate, 68.8 x 37.5 m',$,#706,#717,$,$);
#699=IFCMATERIALLAYERSETUSAGE(#276,.AXIS3.,.POSITIVE.,0.,$);
#700=IFCRELASSOCIATESMATERIAL('1gcq3$A0HKqADfdB8MVzRt',$,$,$,(#698),#699);
#701=IFCRELCONTAINEDINSPATIALSTRUCTURE('3CyyFdiujHsQhi23Z_WeDk',$,$,$,(#698,#10421,#10440,#10459,#10478,#10497,#10516,#10535,#10554,#10573,#10592,#10611,#10630,#10649,#10668,#10687,#10706,#10725,#10744,#10763,#10782,#10801,#10820,#10839),#177);
#702=IFCCARTESIANPOINT((0.,0.,-0.3400000000000034));
#703=IFCDIRECTION((0.,0.,1.));
#704=IFCDIRECTION((1.,0.,0.));
#705=IFCAXIS2PLACEMENT3D(#702,#703,#704);
#706=IFCLOCALPLACEMENT(#183,#705);
#707=IFCCARTESIANPOINTLIST2D(((-15.856,-3.547),(-46.407,0.51),(-50.844,-33.042),(-20.344,-36.98),(-19.456,-30.616),(-21.746,-29.729),(-21.561,-28.402),(-15.222,-30.565),(-4.911,-32.797),(6.768,-33.261),(16.42,-32.129),(15.507,-26.805),(17.146,-27.024),(17.434,-24.869),(15.769,-24.641),(18.,-19.756),(10.909,-16.528),(-0.365,-13.249),(-11.884,-12.006),(-19.236,-12.243),(-19.067,-10.908),(-16.811,-10.772)));
#708=IFCINDEXEDPOLYCURVE(#707,(IFCLINEINDEX((1,2,3,4,5,6,7,8,9,10,11,12,13,14,15,16,17,18,19,20,21,22,1))),$);
#709=IFCARBITRARYCLOSEDPROFILEDEF(.AREA.,$,#708);
#710=IFCCARTESIANPOINT((0.,0.,0.));
#711=IFCDIRECTION((0.,0.,1.));
#712=IFCDIRECTION((1.,0.,0.));
#713=IFCAXIS2PLACEMENT3D(#710,#711,#712);
#714=IFCDIRECTION((0.,0.,1.));
#715=IFCEXTRUDEDAREASOLID(#709,#713,#714,0.34);
#716=IFCSHAPEREPRESENTATION(#11,'Body','SweptSolid',(#715));
#717=IFCPRODUCTDEFINITIONSHAPE($,$,(#716));
#718=IFCELEMENTQUANTITY('3gA3oarSbN28FiLMQP9OL2',$,'Qto_SlabBaseQuantities',$,'BaseQuantities',(#720,#721));
#719=IFCRELDEFINESBYPROPERTIES('00HghYlhrMCAdYX4hxA9d_',$,$,$,(#698),#718);
#720=IFCQUANTITYLENGTH('Width',$,$,68.84,$);
#721=IFCQUANTITYLENGTH('Depth',$,$,37.49,$);
#722=IFCSLAB('2luzoTr2vQ0w2gBN0GHNxj',$,'Level 16 Slab','Floor plate, 67.5 x 36.8 m',$,#730,#741,$,$);
#723=IFCMATERIALLAYERSETUSAGE(#276,.AXIS3.,.POSITIVE.,0.,$);
#724=IFCRELASSOCIATESMATERIAL('1EFvRYtuHK3vMu6GustJsH',$,$,$,(#722),#723);
#725=IFCRELCONTAINEDINSPATIALSTRUCTURE('03ad05JLrS69eeQ3bQlpJk',$,$,$,(#722,#10858,#10877,#10896,#10915,#10934,#10953,#10972,#10991,#11010,#11029,#11048,#11067,#11086,#11105,#11124,#11143,#11162,#11181,#11200,#11219,#11238,#11257,#11276),#184);
#726=IFCCARTESIANPOINT((0.,0.,-0.3400000000000034));
#727=IFCDIRECTION((0.,0.,1.));
#728=IFCDIRECTION((1.,0.,0.));
#729=IFCAXIS2PLACEMENT3D(#726,#727,#728);
#730=IFCLOCALPLACEMENT(#190,#729);
#731=IFCCARTESIANPOINTLIST2D(((-15.203,-3.468),(-45.165,0.51),(-49.517,-32.395),(-19.604,-36.257),(-18.734,-30.016),(-20.98,-29.146),(-20.798,-27.844),(-14.581,-29.966),(-4.47,-32.154),(6.985,-32.61),(16.45,-31.499),(15.555,-26.278),(17.163,-26.493),(17.445,-24.38),(15.812,-24.156),(18.,-19.365),(11.046,-16.199),(-0.011,-12.983),(-11.307,-11.765),(-18.518,-11.997),(-18.353,-10.688),(-16.14,-10.555)));
#732=IFCINDEXEDPOLYCURVE(#731,(IFCLINEINDEX((1,2,3,4,5,6,7,8,9,10,11,12,13,14,15,16,17,18,19,20,21,22,1))),$);
#733=IFCARBITRARYCLOSEDPROFILEDEF(.AREA.,$,#732);
#734=IFCCARTESIANPOINT((0.,0.,0.));
#735=IFCDIRECTION((0.,0.,1.));
#736=IFCDIRECTION((1.,0.,0.));
#737=IFCAXIS2PLACEMENT3D(#734,#735,#736);
#738=IFCDIRECTION((0.,0.,1.));
#739=IFCEXTRUDEDAREASOLID(#733,#737,#738,0.34);
#740=IFCSHAPEREPRESENTATION(#11,'Body','SweptSolid',(#739));
#741=IFCPRODUCTDEFINITIONSHAPE($,$,(#740));
#742=IFCELEMENTQUANTITY('3ny5O6rgvHeBP2BS6s1MpD',$,'Qto_SlabBaseQuantities',$,'BaseQuantities',(#744,#745));
#743=IFCRELDEFINESBYPROPERTIES('3cWEIBuCbGUeyFqj7ySL5n',$,$,$,(#722),#742);
#744=IFCQUANTITYLENGTH('Width',$,$,67.52,$);
#745=IFCQUANTITYLENGTH('Depth',$,$,36.77,$);
#746=IFCSLAB('3PEbUJHBzIAA7nD6zBo3WT',$,'Level 17 Slab','Floor plate, 66.1 x 36.0 m',$,#754,#765,$,$);
#747=IFCMATERIALLAYERSETUSAGE(#276,.AXIS3.,.POSITIVE.,0.,$);
#748=IFCRELASSOCIATESMATERIAL('0FS9E9gsXQQRiP0Zd2h42u',$,$,$,(#746),#747);
#749=IFCRELCONTAINEDINSPATIALSTRUCTURE('1ek4yATojGgxC0Wa1zXf$w',$,$,$,(#746,#11295,#11314,#11333,#11352,#11371,#11390,#11409,#11428,#11447,#11466,#11485,#11504,#11523,#11542,#11561,#11580,#11599,#11618,#11637,#11656,#11675,#11694),#191);
#750=IFCCARTESIANPOINT((0.,0.,-0.3400000000000034));
#751=IFCDIRECTION((0.,0.,1.));
#752=IFCDIRECTION((1.,0.,0.));
#753=IFCAXIS2PLACEMENT3D(#750,#751,#752);
#754=IFCLOCALPLACEMENT(#197,#753);
#755=IFCCARTESIANPOINTLIST2D(((-14.53,-3.388),(-43.885,0.51),(-48.149,-31.728),(-18.842,-35.512),(-17.989,-29.397),(-20.19,-28.545),(-20.011,-27.27),(-13.921,-29.349),(-4.014,-31.492),(7.208,-31.939),(16.481,-30.851),(15.604,-25.735),(17.18,-25.946),(17.456,-23.875),(15.856,-23.656),(18.,-18.963),(11.187,-15.861),(0.354,-12.71),(-10.714,-11.516),(-17.778,-11.744),(-17.616,-10.461),(-15.448,-10.331)));
#756=IFCINDEXEDPOLYCURVE(#755,(IFCLINEINDEX((1,2,3,4,5,6,7,8,9,10,11,12,13,14,15,16,17,18,19,20,21,22,1))),$);
#757=IFCARBITRARYCLOSEDPROFILEDEF(.AREA.,$,#756);
#758=IFCCARTESIANPOINT((0.,0.,0.));
#759=IFCDIRECTION((0.,0.,1.));
#760=IFCDIRECTION((1.,0.,0.));
#761=IFCAXIS2PLACEMENT3D(#758,#759,#760);
#762=IFCDIRECTION((0.,0.,1.));
#763=IFCEXTRUDEDAREASOLID(#757,#761,#762,0.34);
#764=IFCSHAPEREPRESENTATION(#11,'Body','SweptSolid',(#763));
#765=IFCPRODUCTDEFINITIONSHAPE($,$,(#764));
#766=IFCELEMENTQUANTITY('0kQtv6POPHxegpgXTdWz3W',$,'Qto_SlabBaseQuantities',$,'BaseQuantities',(#768,#769));
#767=IFCRELDEFINESBYPROPERTIES('0OdVSijKXMZvW1OT_FXetY',$,$,$,(#746),#766);
#768=IFCQUANTITYLENGTH('Width',$,$,66.15,$);
#769=IFCQUANTITYLENGTH('Depth',$,$,36.02,$);
#770=IFCSLAB('0UqCNMrA5PHx2mHohk3z0A',$,'Level 18 Slab','Floor plate, 64.7 x 35.3 m',$,#778,#789,$,$);
#771=IFCMATERIALLAYERSETUSAGE(#276,.AXIS3.,.POSITIVE.,0.,$);
#772=IFCRELASSOCIATESMATERIAL('30g3KOL4jJsxcI3KpBqnD7',$,$,$,(#770),#771);
#773=IFCRELCONTAINEDINSPATIALSTRUCTURE('27vX8F_NLGEADWmDFdBBuy',$,$,$,(#770,#11713,#11732,#11751,#11770,#11789,#11808,#11827,#11846,#11865,#11884,#11903,#11922,#11941,#11960,#11979,#11998,#12017,#12036,#12055,#12074,#12093,#12112),#198);
#774=IFCCARTESIANPOINT((0.,0.,-0.3400000000000034));
#775=IFCDIRECTION((0.,0.,1.));
#776=IFCDIRECTION((1.,0.,0.));
#777=IFCAXIS2PLACEMENT3D(#774,#775,#776);
#778=IFCLOCALPLACEMENT(#204,#777);
#779=IFCCARTESIANPOINTLIST2D(((-13.838,-3.305),(-42.569,0.51),(-46.741,-31.042),(-18.058,-34.746),(-17.224,-28.761),(-19.378,-27.927),(-19.203,-26.679),(-13.242,-28.713),(-3.546,-30.812),(7.438,-31.249),(16.514,-30.184),(15.655,-25.177),(17.197,-25.383),(17.468,-23.357),(15.902,-23.142),(18.,-18.548),(11.332,-15.512),(0.73,-12.429),(-10.103,-11.26),(-17.017,-11.483),(-16.858,-10.227),(-14.736,-10.1)));
#780=IFCINDEXEDPOLYCURVE(#779,(IFCLINEINDEX((1,2,3,4,5,6,7,8,9,10,11,12,13,14,15,16,17,18,19,20,21,22,1))),$);
#781=IFCARBITRARYCLOSEDPROFILEDEF(.AREA.,$,#780);
#782=IFCCARTESIANPOINT((0.,0.,0.));
#783=IFCDIRECTION((0.,0.,1.));
#784=IFCDIRECTION((1.,0.,0.));
#785=IFCAXIS2PLACEMENT3D(#782,#783,#784);
#786=IFCDIRECTION((0.,0.,1.));
#787=IFCEXTRUDEDAREASOLID(#781,#785,#786,0.34);
#788=IFCSHAPEREPRESENTATION(#11,'Body','SweptSolid',(#787));
#789=IFCPRODUCTDEFINITIONSHAPE($,$,(#788));
#790=IFCELEMENTQUANTITY('0hxnkARWXNpRCq8ot5sx4b',$,'Qto_SlabBaseQuantities',$,'BaseQuantities',(#792,#793));
#791=IFCRELDEFINESBYPROPERTIES('3S35i7XwjGufzj5ngy36Lu',$,$,$,(#770),#790);
#792=IFCQUANTITYLENGTH('Width',$,$,64.74,$);
#793=IFCQUANTITYLENGTH('Depth',$,$,35.26,$);
#794=IFCSLAB('0wxDGiNy5ViwvTPM4$2oAG',$,'Level 19 Slab','Floor plate, 63.3 x 34.5 m',$,#802,#813,$,$);
#795=IFCMATERIALLAYERSETUSAGE(#276,.AXIS3.,.POSITIVE.,0.,$);
#796=IFCRELASSOCIATESMATERIAL('0hzTbSyqjNqOl8ZIb4Eoz7',$,$,$,(#794),#795);
#797=IFCRELCONTAINEDINSPATIALSTRUCTURE('0ioaCxvFXSGByiYLjoTFEq',$,$,$,(#794,#12131,#12150,#12169,#12188,#12207,#12226,#12245,#12264,#12283,#12302,#12321,#12340,#12359,#12378,#12397,#12416,#12435,#12454,#12473,#12492,#12511),#205);
#798=IFCCARTESIANPOINT((0.,0.,-0.3400000000000034));
#799=IFCDIRECTION((0.,0.,1.));
#800=IFCDIRECTION((1.,0.,0.));
#801=IFCAXIS2PLACEMENT3D(#798,#799,#800);
#802=IFCLOCALPLACEMENT(#211,#801);
#803=IFCCARTESIANPOINTLIST2D(((-13.128,-3.22),(-41.217,0.51),(-45.297,-30.338),(-17.254,-33.959),(-16.438,-28.108),(-18.544,-27.292),(-18.373,-26.072),(-12.545,-28.061),(-3.065,-30.113),(7.673,-30.54),(16.547,-29.499),(15.708,-24.603),(17.215,-24.805),(17.479,-22.824),(15.949,-22.614),(18.,-18.123),(11.481,-15.155),(1.115,-12.14),(-9.476,-10.998),(-16.236,-11.215),(-16.08,-9.988),(-14.006,-9.863)));
#804=IFCINDEXEDPOLYCURVE(#803,(IFCLINEINDEX((1,2,3,4,5,6,7,8,9,10,11,12,13,14,15,16,17,18,19,20,21,22,1))),$);
#805=IFCARBITRARYCLOSEDPROFILEDEF(.AREA.,$,#804);
#806=IFCCARTESIANPOINT((0.,0.,0.));
#807=IFCDIRECTION((0.,0.,1.));
#808=IFCDIRECTION((1.,0.,0.));
#809=IFCAXIS2PLACEMENT3D(#806,#807,#808);
#810=IFCDIRECTION((0.,0.,1.));
#811=IFCEXTRUDEDAREASOLID(#805,#809,#810,0.34);
#812=IFCSHAPEREPRESENTATION(#11,'Body','SweptSolid',(#811));
#813=IFCPRODUCTDEFINITIONSHAPE($,$,(#812));
#814=IFCELEMENTQUANTITY('0hRyuM4jDTaxaMAnI12Z3N',$,'Qto_SlabBaseQuantities',$,'BaseQuantities',(#816,#817));
#815=IFCRELDEFINESBYPROPERTIES('1MHIW_A2jJcOhQHW_yH7rs',$,$,$,(#794),#814);
#816=IFCQUANTITYLENGTH('Width',$,$,63.3,$);
#817=IFCQUANTITYLENGTH('Depth',$,$,34.47,$);
#818=IFCSLAB('1pefdQfb1Q2w4AQoENJfXK',$,'Level 20 Slab','Floor plate, 61.8 x 33.7 m',$,#826,#837,$,$);
#819=IFCMATERIALLAYERSETUSAGE(#276,.AXIS3.,.POSITIVE.,0.,$);
#820=IFCRELASSOCIATESMATERIAL('0nKGl58r1RIB2FLtmoDBxw',$,$,$,(#818),#819);
#821=IFCRELCONTAINEDINSPATIALSTRUCTURE('3KF5Mq42bN_gSSoXDSb$Q6',$,$,$,(#818,#12530,#12549,#12568,#12587,#12606,#12625,#12644,#12663,#12682,#12701,#12720,#12739,#12758,#12777,#12796,#12815,#12834,#12853,#12872,#12891,#12910),#212);
#822=IFCCARTESIANPOINT((0.,0.,-0.3400000000000034));
#823=IFCDIRECTION((0.,0.,1.));
#824=IFCDIRECTION((1.,0.,0.));
#825=IFCAXIS2PLACEMENT3D(#822,#823,#824);
#826=IFCLOCALPLACEMENT(#218,#825);
#827=IFCCARTESIANPOINTLIST2D(((-12.401,-3.133),(-39.835,0.51),(-43.819,-29.618),(-16.431,-33.154),(-15.634,-27.44),(-17.691,-26.643),(-17.524,-25.452),(-11.832,-27.394),(-2.574,-29.398),(7.914,-29.815),(16.581,-28.798),(15.761,-24.017),(17.234,-24.215),(17.492,-22.279),(15.997,-22.075),(18.,-17.688),(11.633,-14.789),(1.509,-11.845),(-8.834,-10.729),(-15.437,-10.942),(-15.285,-9.743),(-13.259,-9.621)));
#828=IFCINDEXEDPOLYCURVE(#827,(IFCLINEINDEX((1,2,3,4,5,6,7,8,9,10,11,12,13,14,15,16,17,18,19,20,21,22,1))),$);
#829=IFCARBITRARYCLOSEDPROFILEDEF(.AREA.,$,#828);
#830=IFCCARTESIANPOINT((0.,0.,0.));
#831=IFCDIRECTION((0.,0.,1.));
#832=IFCDIRECTION((1.,0.,0.));
#833=IFCAXIS2PLACEMENT3D(#830,#831,#832);
#834=IFCDIRECTION((0.,0.,1.));
#835=IFCEXTRUDEDAREASOLID(#829,#833,#834,0.34);
#836=IFCSHAPEREPRESENTATION(#11,'Body','SweptSolid',(#835));
#837=IFCPRODUCTDEFINITIONSHAPE($,$,(#836));
#838=IFCELEMENTQUANTITY('3CpwFuoBHKwBT0unU42hoP',$,'Qto_SlabBaseQuantities',$,'BaseQuantities',(#840,#841));
#839=IFCRELDEFINESBYPROPERTIES('00nCX6BsHSK8kCM$Uu1YEp',$,$,$,(#818),#838);
#840=IFCQUANTITYLENGTH('Width',$,$,61.82,$);
#841=IFCQUANTITYLENGTH('Depth',$,$,33.66,$);
#842=IFCSLAB('3BGXKsCv5GkPe0FEwLwq$O',$,'Level 21 Slab','Floor plate, 60.3 x 32.8 m',$,#850,#861,$,$);
#843=IFCMATERIALLAYERSETUSAGE(#276,.AXIS3.,.POSITIVE.,0.,$);
#844=IFCRELASSOCIATESMATERIAL('2SSAb1fyHOYfWNS6VSGUnD',$,$,$,(#842),#843);
#845=IFCRELCONTAINEDINSPATIALSTRUCTURE('0WvXmeaP9L3eu63vRQ8x6F',$,$,$,(#842,#12929,#12948,#12967,#12986,#13005,#13024,#13043,#13062,#13081,#13100,#13119,#13138,#13157,#13176,#13195,#13214,#13233,#13252,#13271,#13290),#219);
#846=IFCCARTESIANPOINT((0.,0.,-0.3400000000000034));
#847=IFCDIRECTION((0.,0.,1.));
#848=IFCDIRECTION((1.,0.,0.));
#849=IFCAXIS2PLACEMENT3D(#846,#847,#848);
#850=IFCLOCALPLACEMENT(#225,#849);
#851=IFCCARTESIANPOINTLIST2D(((-11.655,-3.043),(-38.416,0.51),(-42.302,-28.879),(-15.586,-32.328),(-14.809,-26.754),(-16.815,-25.977),(-16.652,-24.815),(-11.1,-26.71),(-2.069,-28.664),(8.162,-29.071),(16.616,-28.079),(15.816,-23.415),(17.252,-23.608),(17.504,-21.72),(16.046,-21.52),(18.,-17.242),(11.789,-14.414),(1.914,-11.542),(-8.176,-10.453),(-14.616,-10.661),(-14.468,-9.491),(-12.492,-9.373)));
#852=IFCINDEXEDPOLYCURVE(#851,(IFCLINEINDEX((1,2,3,4,5,6,7,8,9,10,11,12,13,14,15,16,17,18,19,20,21,22,1))),$);
#853=IFCARBITRARYCLOSEDPROFILEDEF(.AREA.,$,#852);
#854=IFCCARTESIANPOINT((0.,0.,0.));
#855=IFCDIRECTION((0.,0.,1.));
#856=IFCDIRECTION((1.,0.,0.));
#857=IFCAXIS2PLACEMENT3D(#854,#855,#856);
#858=IFCDIRECTION((0.,0.,1.));
#859=IFCEXTRUDEDAREASOLID(#853,#857,#858,0.34);
#860=IFCSHAPEREPRESENTATION(#11,'Body','SweptSolid',(#859));
#861=IFCPRODUCTDEFINITIONSHAPE($,$,(#860));
#862=IFCELEMENTQUANTITY('23yPtx9x9Pyg4x0HgUhBgW',$,'Qto_SlabBaseQuantities',$,'BaseQuantities',(#864,#865));
#863=IFCRELDEFINESBYPROPERTIES('0sR8bAPQ1VxBn$BLZND2eF',$,$,$,(#842),#862);
#864=IFCQUANTITYLENGTH('Width',$,$,60.3,$);
#865=IFCQUANTITYLENGTH('Depth',$,$,32.84,$);
#866=IFCSLAB('3q9qdsLTLTcxLI84za9ViM',$,'Level 22 Slab','Floor plate, 58.8 x 32.0 m',$,#874,#885,$,$);
#867=IFCMATERIALLAYERSETUSAGE(#276,.AXIS3.,.POSITIVE.,0.,$);
#868=IFCRELASSOCIATESMATERIAL('2YD3ogGunKsAun6D5R6ghd',$,$,$,(#866),#867);
#869=IFCRELCONTAINEDINSPATIALSTRUCTURE('3mfR0TFhXLMv9X5bjNaWQT',$,$,$,(#866,#13309,#13328,#13347,#13366,#13385,#13404,#13423,#13442,#13461,#13480,#13499,#13518,#13537,#13556,#13575,#13594,#13613,#13632,#13651,#13670),#226);
#870=IFCCARTESIANPOINT((0.,0.,-0.3400000000000034));
#871=IFCDIRECTION((0.,0.,1.));
#872=IFCDIRECTION((1.,0.,0.));
#873=IFCAXIS2PLACEMENT3D(#870,#871,#872);
#874=IFCLOCALPLACEMENT(#232,#873);
#875=IFCCARTESIANPOINTLIST2D(((-10.892,-2.952),(-36.964,0.51),(-40.751,-28.123),(-14.722,-31.483),(-13.965,-26.053),(-15.919,-25.295),(-15.76,-24.163),(-10.351,-26.009),(-1.552,-27.913),(8.415,-28.31),(16.651,-27.344),(15.872,-22.8),(17.272,-22.987),(17.517,-21.148),(16.096,-20.954),(18.,-16.785),(11.949,-14.03),(2.328,-11.232),(-7.502,-10.171),(-13.777,-10.373),(-13.633,-9.234),(-11.707,-9.118)));
#876=IFCINDEXEDPOLYCURVE(#875,(IFCLINEINDEX((1,2,3,4,5,6,7,8,9,10,11,12,13,14,15,16,17,18,19,20,21,22,1))),$);
#877=IFCARBITRARYCLOSEDPROFILEDEF(.AREA.,$,#876);
#878=IFCCARTESIANPOINT((0.,0.,0.));
#879=IFCDIRECTION((0.,0.,1.));
#880=IFCDIRECTION((1.,0.,0.));
#881=IFCAXIS2PLACEMENT3D(#878,#879,#880);
#882=IFCDIRECTION((0.,0.,1.));
#883=IFCEXTRUDEDAREASOLID(#877,#881,#882,0.34);
#884=IFCSHAPEREPRESENTATION(#11,'Body','SweptSolid',(#883));
#885=IFCPRODUCTDEFINITIONSHAPE($,$,(#884));
#886=IFCELEMENTQUANTITY('1_7xljyLzTaQxgv1mkTSS_',$,'Qto_SlabBaseQuantities',$,'BaseQuantities',(#888,#889));
#887=IFCRELDEFINESBYPROPERTIES('0l0j8dEMjPnvxPWzt_funj',$,$,$,(#866),#886);
#888=IFCQUANTITYLENGTH('Width',$,$,58.75,$);
#889=IFCQUANTITYLENGTH('Depth',$,$,31.99,$);
#890=IFCSLAB('0jTkZo3lfKafupXqmPCXfT',$,'Level 23 Slab','Floor plate, 57.2 x 31.1 m',$,#898,#909,$,$);
#891=IFCMATERIALLAYERSETUSAGE(#276,.AXIS3.,.POSITIVE.,0.,$);
#892=IFCRELASSOCIATESMATERIAL('0J7UOC2bvHk9Ztvvzfq0xB',$,$,$,(#890),#891);
#893=IFCRELCONTAINEDINSPATIALSTRUCTURE('1AIG9l4ADVb9GNuY23$5Sw',$,$,$,(#890,#13689,#13708,#13727,#13746,#13765,#13784,#13803,#13822,#13841,#13860,#13879,#13898,#13917,#13936,#13955,#13974,#13993,#14012,#14031),#233);
#894=IFCCARTESIANPOINT((0.,0.,-0.3400000000000034));
#895=IFCDIRECTION((0.,0.,1.));
#896=IFCDIRECTION((1.,0.,0.));
#897=IFCAXIS2PLACEMENT3D(#894,#895,#896);
#898=IFCLOCALPLACEMENT(#239,#897);
#899=IFCCARTESIANPOINTLIST2D(((-10.113,-2.858),(-35.481,0.51),(-39.166,-27.35),(-13.839,-30.62),(-13.102,-25.336),(-15.004,-24.599),(-14.85,-23.497),(-9.586,-25.294),(-1.025,-27.147),(8.674,-27.532),(16.688,-26.592),(15.93,-22.171),(17.291,-22.353),(17.53,-20.564),(16.147,-20.374),(18.,-16.318),(12.112,-13.638),(2.751,-10.915),(-6.814,-9.883),(-12.92,-10.08),(-12.779,-8.971),(-10.906,-8.859)));
#900=IFCINDEXEDPOLYCURVE(#899,(IFCLINEINDEX((1,2,3,4,5,6,7,8,9,10,11,12,13,14,15,16,17,18,19,20,21,22,1))),$);
#901=IFCARBITRARYCLOSEDPROFILEDEF(.AREA.,$,#900);
#902=IFCCARTESIANPOINT((0.,0.,0.));
#903=IFCDIRECTION((0.,0.,1.));
#904=IFCDIRECTION((1.,0.,0.));
#905=IFCAXIS2PLACEMENT3D(#902,#903,#904);
#906=IFCDIRECTION((0.,0.,1.));
#907=IFCEXTRUDEDAREASOLID(#901,#905,#906,0.34);
#908=IFCSHAPEREPRESENTATION(#11,'Body','SweptSolid',(#907));
#909=IFCPRODUCTDEFINITIONSHAPE($,$,(#908));
#910=IFCELEMENTQUANTITY('24ubRfUXrU4BXfZwtlKxtH',$,'Qto_SlabBaseQuantities',$,'BaseQuantities',(#912,#913));
#911=IFCRELDEFINESBYPROPERTIES('1lE9zUahvQlRj4xm036d7g',$,$,$,(#890),#910);
#912=IFCQUANTITYLENGTH('Width',$,$,57.17,$);
#913=IFCQUANTITYLENGTH('Depth',$,$,31.13,$);
#914=IFCSLAB('1$1nWtJ0LJCRELsIzmpH7H',$,'Level 24 Slab','Floor plate, 55.5 x 30.2 m',$,#922,#933,$,$);
#915=IFCMATERIALLAYERSETUSAGE(#276,.AXIS3.,.POSITIVE.,0.,$);
#916=IFCRELASSOCIATESMATERIAL('19KeAR_UPUewd69Y7LGA0P',$,$,$,(#914),#915);
#917=IFCRELCONTAINEDINSPATIALSTRUCTURE('2t$qzonjvR6ASXjCA31zJC',$,$,$,(#914,#14050,#14069,#14088,#14107,#14126,#14145,#14164,#14183,#14202,#14221,#14240,#14259,#14278,#14297,#14316,#14335,#14354,#14373),#240);
#918=IFCCARTESIANPOINT((0.,0.,-0.3400000000000034));
#919=IFCDIRECTION((0.,0.,1.));
#920=IFCDIRECTION((1.,0.,0.));
#921=IFCAXIS2PLACEMENT3D(#918,#919,#920);
#922=IFCLOCALPLACEMENT(#246,#921);
#923=IFCCARTESIANPOINTLIST2D(((-9.317,-2.763),(-33.968,0.51),(-37.548,-26.562),(-12.938,-29.739),(-12.222,-24.604),(-14.07,-23.888),(-13.92,-22.818),(-8.806,-24.564),(-0.486,-26.364),(8.938,-26.739),(16.725,-25.825),(15.988,-21.529),(17.311,-21.706),(17.543,-19.968),(16.2,-19.783),(18.,-15.842),(12.279,-13.237),(3.182,-10.591),(-6.112,-9.589),(-12.045,-9.78),(-11.908,-8.703),(-10.088,-8.593)));
#924=IFCINDEXEDPOLYCURVE(#923,(IFCLINEINDEX((1,2,3,4,5,6,7,8,9,10,11,12,13,14,15,16,17,18,19,20,21,22,1))),$);
#925=IFCARBITRARYCLOSEDPROFILEDEF(.AREA.,$,#924);
#926=IFCCARTESIANPOINT((0.,0.,0.));
#927=IFCDIRECTION((0.,0.,1.));
#928=IFCDIRECTION((1.,0.,0.));
#929=IFCAXIS2PLACEMENT3D(#926,#927,#928);
#930=IFCDIRECTION((0.,0.,1.));
#931=IFCEXTRUDEDAREASOLID(#925,#929,#930,0.34);
#932=IFCSHAPEREPRESENTATION(#11,'Body','SweptSolid',(#931));
#933=IFCPRODUCTDEFINITIONSHAPE($,$,(#932));
#934=IFCELEMENTQUANTITY('1cJHKNKP9LTeAiKnyoo5iL',$,'Qto_SlabBaseQuantities',$,'BaseQuantities',(#936,#937));
#935=IFCRELDEFINESBYPROPERTIES('3sTw4niObG2QxbrMbgBNkX',$,$,$,(#914),#934);
#936=IFCQUANTITYLENGTH('Width',$,$,55.55,$);
#937=IFCQUANTITYLENGTH('Depth',$,$,30.25,$);
#938=IFCSLAB('3VabYGTfbSkhayQQ5DtfrY',$,'Level 25 Slab','Floor plate, 53.9 x 29.4 m',$,#946,#957,$,$);
#939=IFCMATERIALLAYERSETUSAGE(#276,.AXIS3.,.POSITIVE.,0.,$);
#940=IFCRELASSOCIATESMATERIAL('0VPGNfoKnQfuMIUr8yM5TJ',$,$,$,(#938),#939);
#941=IFCRELCONTAINEDINSPATIALSTRUCTURE('01o43QkL5R1QLzvlEZT3mW',$,$,$,(#938,#14392,#14411,#14430,#14449,#14468,#14487,#14506,#14525,#14544,#14563,#14582,#14601,#14620,#14639,#14658,#14677,#14696,#14715),#247);
#942=IFCCARTESIANPOINT((0.,0.,-0.3400000000000034));
#943=IFCDIRECTION((0.,0.,1.));
#944=IFCDIRECTION((1.,0.,0.));
#945=IFCAXIS2PLACEMENT3D(#942,#943,#944);
#946=IFCLOCALPLACEMENT(#253,#945);
#947=IFCCARTESIANPOINTLIST2D(((-8.506,-2.666),(-32.424,0.51),(-35.898,-25.757),(-12.019,-28.841),(-11.324,-23.859),(-13.117,-23.164),(-12.972,-22.125),(-8.009,-23.819),(0.063,-25.566),(9.207,-25.93),(16.763,-25.043),(16.048,-20.875),(17.332,-21.047),(17.557,-19.359),(16.253,-19.181),(18.,-15.356),(12.449,-12.829),(3.622,-10.262),(-5.396,-9.289),(-11.152,-9.474),(-11.02,-8.429),(-9.253,-8.323)));
#948=IFCINDEXEDPOLYCURVE(#947,(IFCLINEINDEX((1,2,3,4,5,6,7,8,9,10,11,12,13,14,15,16,17,18,19,20,21,22,1))),$);
#949=IFCARBITRARYCLOSEDPROFILEDEF(.AREA.,$,#948);
#950=IFCCARTESIANPOINT((0.,0.,0.));
#951=IFCDIRECTION((0.,0.,1.));
#952=IFCDIRECTION((1.,0.,0.));
#953=IFCAXIS2PLACEMENT3D(#950,#951,#952);
#954=IFCDIRECTION((0.,0.,1.));
#955=IFCEXTRUDEDAREASOLID(#949,#953,#954,0.34);
#956=IFCSHAPEREPRESENTATION(#11,'Body','SweptSolid',(#955));
#957=IFCPRODUCTDEFINITIONSHAPE($,$,(#956));
#958=IFCELEMENTQUANTITY('1w9XpegcfUS8wLqqR7GacE',$,'Qto_SlabBaseQuantities',$,'BaseQuantities',(#960,#961));
#959=IFCRELDEFINESBYPROPERTIES('3M95PAFg5RZAc1DgxmaRRl',$,$,$,(#938),#958);
#960=IFCQUANTITYLENGTH('Width',$,$,53.9,$);
#961=IFCQUANTITYLENGTH('Depth',$,$,29.35,$);
#962=IFCSLAB('1$Ek3hxAzTtxe84Iub9766',$,'Level 26 Slab','Floor plate, 52.2 x 28.4 m',$,#970,#981,$,$);
#963=IFCMATERIALLAYERSETUSAGE(#276,.AXIS3.,.POSITIVE.,0.,$);
#964=IFCRELASSOCIATESMATERIAL('2MPY8sSgHGIR4KxdvCSLzb',$,$,$,(#962),#963);
#965=IFCRELCONTAINEDINSPATIALSTRUCTURE('3f$Vn2PYjPggC7I05wgOu1',$,$,$,(#962,#14734,#14753,#14772,#14791,#14810,#14829,#14848,#14867,#14886,#14905,#14924,#14943,#14962,#14981,#15000,#15019,#15038),#254);
#966=IFCCARTESIANPOINT((0.,0.,-0.3400000000000034));
#967=IFCDIRECTION((0.,0.,1.));
#968=IFCDIRECTION((1.,0.,0.));
#969=IFCAXIS2PLACEMENT3D(#966,#967,#968);
#970=IFCLOCALPLACEMENT(#260,#969);
#971=IFCCARTESIANPOINTLIST2D(((-7.679,-2.567),(-30.852,0.51),(-34.217,-24.938),(-11.083,-27.925),(-10.41,-23.098),(-12.147,-22.425),(-12.006,-21.419),(-7.198,-23.06),(0.622,-24.752),(9.481,-25.105),(16.801,-24.246),(16.109,-20.208),(17.353,-20.374),(17.571,-18.74),(16.308,-18.567),(18.,-14.861),(12.622,-12.413),(4.071,-9.926),(-4.666,-8.983),(-10.243,-9.163),(-10.115,-8.15),(-8.403,-8.048)));
#972=IFCINDEXEDPOLYCURVE(#971,(IFCLINEINDEX((1,2,3,4,5,6,7,8,9,10,11,12,13,14,15,16,17,18,19,20,21,22,1))),$);
#973=IFCARBITRARYCLOSEDPROFILEDEF(.AREA.,$,#972);
#974=IFCCARTESIANPOINT((0.,0.,0.));
#975=IFCDIRECTION((0.,0.,1.));
#976=IFCDIRECTION((1.,0.,0.));
#977=IFCAXIS2PLACEMENT3D(#974,#975,#976);
#978=IFCDIRECTION((0.,0.,1.));
#979=IFCEXTRUDEDAREASOLID(#973,#977,#978,0.34);
#980=IFCSHAPEREPRESENTATION(#11,'Body','SweptSolid',(#979));
#981=IFCPRODUCTDEFINITIONSHAPE($,$,(#980));
#982=IFCELEMENTQUANTITY('3gw_ATTvjVE90Ra1GXQMXn',$,'Qto_SlabBaseQuantities',$,'BaseQuantities',(#984,#985));
#983=IFCRELDEFINESBYPROPERTIES('0$jiUJTrbG3QXHSg15UtbM',$,$,$,(#962),#982);
#984=IFCQUANTITYLENGTH('Width',$,$,52.22,$);
#985=IFCQUANTITYLENGTH('Depth',$,$,28.44,$);
#986=IFCSLAB('0I5pfjgbTHqPTpnF_mwy_b',$,'Roof Slab','Floor plate, 50.5 x 27.5 m',$,#994,#1005,$,$);
#987=IFCMATERIALLAYERSETUSAGE(#276,.AXIS3.,.POSITIVE.,0.,$);
#988=IFCRELASSOCIATESMATERIAL('2BnB$U23bHRe2NZp8qCM2V',$,$,$,(#986),#987);
#989=IFCRELCONTAINEDINSPATIALSTRUCTURE('2LaJnpYlLUBxHxxK6cnaDc',$,$,$,(#986),#261);
#990=IFCCARTESIANPOINT((0.,0.,-0.3400000000000034));
#991=IFCDIRECTION((0.,0.,1.));
#992=IFCDIRECTION((1.,0.,0.));
#993=IFCAXIS2PLACEMENT3D(#990,#991,#992);
#994=IFCLOCALPLACEMENT(#267,#993);
#995=IFCCARTESIANPOINTLIST2D(((-6.837,-2.466),(-29.25,0.51),(-32.505,-24.104),(-10.129,-26.993),(-9.478,-22.325),(-11.159,-21.674),(-11.022,-20.7),(-6.372,-22.287),(1.192,-23.924),(9.76,-24.265),(16.841,-23.434),(16.171,-19.528),(17.374,-19.69),(17.585,-18.109),(16.363,-17.941),(18.,-14.358),(12.798,-11.989),(4.527,-9.584),(-3.923,-8.672),(-9.317,-8.846),(-9.193,-7.866),(-7.538,-7.767)));
#996=IFCINDEXEDPOLYCURVE(#995,(IFCLINEINDEX((1,2,3,4,5,6,7,8,9,10,11,12,13,14,15,16,17,18,19,20,21,22,1))),$);
#997=IFCARBITRARYCLOSEDPROFILEDEF(.AREA.,$,#996);
#998=IFCCARTESIANPOINT((0.,0.,0.));
#999=IFCDIRECTION((0.,0.,1.));
#1000=IFCDIRECTION((1.,0.,0.));
#1001=IFCAXIS2PLACEMENT3D(#998,#999,#1000);
#1002=IFCDIRECTION((0.,0.,1.));
#1003=IFCEXTRUDEDAREASOLID(#997,#1001,#1002,0.34);
#1004=IFCSHAPEREPRESENTATION(#11,'Body','SweptSolid',(#1003));
#1005=IFCPRODUCTDEFINITIONSHAPE($,$,(#1004));
#1006=IFCELEMENTQUANTITY('2cR7Kz2Y9L_w5jfC5dS8sI',$,'Qto_SlabBaseQuantities',$,'BaseQuantities',(#1008,#1009));
#1007=IFCRELDEFINESBYPROPERTIES('0WZ201iNXGUhu8Xi6ps2XB',$,$,$,(#986),#1006);
#1008=IFCQUANTITYLENGTH('Width',$,$,50.51,$);
#1009=IFCQUANTITYLENGTH('Depth',$,$,27.5,$);
#1010=IFCWALL('3ljvPLw41IoOsHy1rezEkV',$,'Service Core','Lift and stair core, foundation to roof',$,#1018,#1029,$,$);
#1011=IFCRELDEFINESBYTYPE('2KDm3nGBfMrP2l96Qo3kUl',$,$,$,(#1010),#279);
#1012=IFCMATERIALLAYERSETUSAGE(#280,.AXIS2.,.POSITIVE.,0.,$);
#1013=IFCRELASSOCIATESMATERIAL('0nQ3wMqpLKZvny5Jmm5wFI',$,$,$,(#1010),#1012);
#1014=IFCCARTESIANPOINT((0.,0.,-8.4));
#1015=IFCDIRECTION((0.,0.,1.));
#1016=IFCDIRECTION((1.,0.,0.));
#1017=IFCAXIS2PLACEMENT3D(#1014,#1015,#1016);
#1018=IFCLOCALPLACEMENT(#62,#1017);
#1019=IFCCARTESIANPOINTLIST2D(((-11.732363636363639,-22.182363636363633),(10.267636363636361,-22.182363636363633),(10.267636363636361,-10.182363636363633),(-11.732363636363639,-10.182363636363633),(-11.425,-22.015),(-11.425,-10.35),(9.96,-10.35),(9.96,-22.015),(-11.425,-22.015),(-11.732363636363639,-22.182363636363633)));
#1020=IFCINDEXEDPOLYCURVE(#1019,(IFCLINEINDEX((1,2,3,4,5,6,7,8,9,10,1))),$);
#1021=IFCARBITRARYCLOSEDPROFILEDEF(.AREA.,$,#1020);
#1022=IFCCARTESIANPOINT((0.,0.,0.));
#1023=IFCDIRECTION((0.,0.,1.));
#1024=IFCDIRECTION((1.,0.,0.));
#1025=IFCAXIS2PLACEMENT3D(#1022,#1023,#1024);
#1026=IFCDIRECTION((0.,0.,1.));
#1027=IFCEXTRUDEDAREASOLID(#1021,#1025,#1026,107.2);
#1028=IFCSHAPEREPRESENTATION(#11,'Body','SweptSolid',(#1027));
#1029=IFCPRODUCTDEFINITIONSHAPE($,$,(#1028));
#1030=IFCPROPERTYSET('3CXt83M_1LVBFolxHpfPWn',$,'Pset_WallCommon',$,(#1032,#1033));
#1031=IFCRELDEFINESBYPROPERTIES('2_Q7uQVm5ITh$AC9LWzHMN',$,$,$,(#1010),#1030);
#1032=IFCPROPERTYSINGLEVALUE('IsExternal',$,IFCBOOLEAN(.F.),$);
#1033=IFCPROPERTYSINGLEVALUE('LoadBearing',$,IFCBOOLEAN(.T.),$);
#1034=IFCCOLUMN('1lB1gsXsDHE8C_IaYvmX8W',$,'Column B02 01','Perimeter column',$,#1042,#1053,$,$);
#1035=IFCRELDEFINESBYTYPE('09EnOcQyrTnOxvUZ8QIZIK',$,$,$,(#1034,#1054,#1073,#1092,#1111,#1130,#1149,#1168,#1187,#1206,#1225,#1244,#1263,#1282,#1301,#1320,#1339,#1358,#1377,#1396,#1415,#1434,#1453,#1472,#1491,#1510,#1529,#1548,#1567,#1586,#1605,#1624,#1643,#1662,#1681,#1700,#1719,#1738,#1757,#1776,#1795,#1814,#1833,#1852,#1871,#1890,#1909,#1928,#1947,#1966,#1985,#2004,#2023,#2042,#2061,#2080,#2099,#2118,#2137,#2156,#2175,#2194,#2213,#2232,#2251,#2270,#2289,#2308,#2327,#2346,#2365,#2384,#2403,#2422,#2441,#2460,#2479,#2498,#2517,#2536,#2555,#2574,#2593,#2612,#2631,#2650,#2669,#2688,#2707,#2726,#2745,#2764,#2783,#2802,#2821,#2840,#2859,#2878,#2897,#2916,#2935,#2954,#2973,#2992,#3011,#3030,#3049,#3068,#3087,#3106,#3125,#3144,#3163,#3182,#3201,#3220,#3239,#3258,#3277,#3296,#3315,#3334,#3353,#3372,#3391,#3410,#3429,#3448,#3467,#3486,#3505,#3524,#3543,#3562,#3581,#3600,#3619,#3638,#3657,#3676,#3695,#3714,#3733,#3752,#3771,#3790,#3809,#3828,#3847,#3866,#3885,#3904,#3923,#3942,#3961,#3980,#3999,#4018,#4037,#4056,#4075,#4094,#4113,#4132,#4151,#4170,#4189,#4208,#4227,#4246,#4265,#4284,#4303,#4322,#4341,#4360,#4379,#4398,#4417,#4436,#4455,#4474,#4493,#4512,#4531,#4550,#4569,#4588,#4607,#4626,#4645,#4664,#4683,#4702,#4721,#4740,#4759,#4778,#4797,#4816,#4835,#4854,#4873,#4892,#4911,#4930,#4949,#4968,#4987,#5006,#5025,#5044,#5063,#5082,#5101,#5120,#5139,#5158,#5177,#5196,#5215,#5234,#5253,#5272,#5291,#5310,#5329,#5348,#5367,#5386,#5405,#5424,#5443,#5462,#5481,#5500,#5519,#5538,#5557,#5576,#5595,#5614,#5633,#5652,#5671,#5690,#5709,#5728,#5747,#5766,#5785,#5804,#5823,#5842,#5861,#5880,#5899,#5918,#5937,#5956,#5975,#5994,#6013,#6032,#6051,#6070,#6089,#6108,#6127,#6146,#6165,#6184,#6203,#6222,#6241,#6260,#6279,#6298,#6317,#6336,#6355,#6374,#6393,#6412,#6431,#6450,#6469,#6488,#6507,#6526,#6545,#6564,#6583,#6602,#6621,#6640,#6659,#6678,#6697,#6716,#6735,#6754,#6773,#6792,#6811,#6830,#6849,#6868,#6887,#6906,#6925,#6944,#6963,#6982,#7001,#7020,#7039,#7058,#7077,#7096,#7115,#7134,#7153,#7172,#7191,#7210,#7229,#7248,#7267,#7286,#7305,#7324,#7343,#7362,#7381,#7400,#7419,#7438,#7457,#7476,#7495,#7514,#7533,#7552,#7571,#7590,#7609,#7628,#7647,#7666,#7685,#7704,#7723,#7742,#7761,#7780,#7799,#7818,#7837,#7856,#7875,#7894,#7913,#7932,#7951,#7970,#7989,#8008,#8027,#8046,#8065,#8084,#8103,#8122,#8141,#8160,#8179,#8198,#8217,#8236,#8255,#8274,#8293,#8312,#8331,#8350,#8369,#8388,#8407,#8426,#8445,#8464,#8483,#8502,#8521,#8540,#8559,#8578,#8597,#8616,#8635,#8654,#8673,#8692,#8711,#8730,#8749,#8768,#8787,#8806,#8825,#8844,#8863,#8882,#8901,#8920,#8939,#8958,#8977,#8996,#9015,#9034,#9053,#9072,#9091,#9110,#9129,#9148,#9167,#9186,#9205,#9224,#9243,#9262,#9281,#9300,#9319,#9338,#9357,#9376,#9395,#9414,#9433,#9452,#9471,#9490,#9509,#9528,#9547,#9566,#9585,#9604,#9623,#9642,#9661,#9680,#9699,#9718,#9737,#9756,#9775,#9794,#9813,#9832,#9851,#9870,#9889,#9908,#9927,#9946,#9965,#9984,#10003,#10022,#10041,#10060,#10079,#10098,#10117,#10136,#10155,#10174,#10193,#10212,#10231,#10250,#10269,#10288,#10307,#10326,#10345,#10364,#10383,#10402,#10421,#10440,#10459,#10478,#10497,#10516,#10535,#10554,#10573,#10592,#10611,#10630,#10649,#10668,#10687,#10706,#10725,#10744,#10763,#10782,#10801,#10820,#10839,#10858,#10877,#10896,#10915,#10934,#10953,#10972,#10991,#11010,#11029,#11048,#11067,#11086,#11105,#11124,#11143,#11162,#11181,#11200,#11219,#11238,#11257,#11276,#11295,#11314,#11333,#11352,#11371,#11390,#11409,#11428,#11447,#11466,#11485,#11504,#11523,#11542,#11561,#11580,#11599,#11618,#11637,#11656,#11675,#11694,#11713,#11732,#11751,#11770,#11789,#11808,#11827,#11846,#11865,#11884,#11903,#11922,#11941,#11960,#11979,#11998,#12017,#12036,#12055,#12074,#12093,#12112,#12131,#12150,#12169,#12188,#12207,#12226,#12245,#12264,#12283,#12302,#12321,#12340,#12359,#12378,#12397,#12416,#12435,#12454,#12473,#12492,#12511,#12530,#12549,#12568,#12587,#12606,#12625,#12644,#12663,#12682,#12701,#12720,#12739,#12758,#12777,#12796,#12815,#12834,#12853,#12872,#12891,#12910,#12929,#12948,#12967,#12986,#13005,#13024,#13043,#13062,#13081,#13100,#13119,#13138,#13157,#13176,#13195,#13214,#13233,#13252,#13271,#13290,#13309,#13328,#13347,#13366,#13385,#13404,#13423,#13442,#13461,#13480,#13499,#13518,#13537,#13556,#13575,#13594,#13613,#13632,#13651,#13670,#13689,#13708,#13727,#13746,#13765,#13784,#13803,#13822,#13841,#13860,#13879,#13898,#13917,#13936,#13955,#13974,#13993,#14012,#14031,#14050,#14069,#14088,#14107,#14126,#14145,#14164,#14183,#14202,#14221,#14240,#14259,#14278,#14297,#14316,#14335,#14354,#14373,#14392,#14411,#14430,#14449,#14468,#14487,#14506,#14525,#14544,#14563,#14582,#14601,#14620,#14639,#14658,#14677,#14696,#14715,#14734,#14753,#14772,#14791,#14810,#14829,#14848,#14867,#14886,#14905,#14924,#14943,#14962,#14981,#15000,#15019,#15038),#284);
#1036=IFCMATERIALPROFILESETUSAGE(#285,$,$);
#1037=IFCRELASSOCIATESMATERIAL('1QN6kHVbPSSujVcMNuBLaJ',$,$,$,(#1034),#1036);
#1038=IFCCARTESIANPOINT((42.745,34.065,-8.4));
#1039=IFCDIRECTION((0.,0.,1.));
#1040=IFCDIRECTION((1.,0.,0.));
#1041=IFCAXIS2PLACEMENT3D(#1038,#1039,#1040);
#1042=IFCLOCALPLACEMENT(#62,#1041);
#1043=IFCCARTESIANPOINTLIST2D(((0.,0.),(0.65,0.),(0.65,0.65),(0.,0.65)));
#1044=IFCINDEXEDPOLYCURVE(#1043,(IFCLINEINDEX((1,2,3,4,1))),$);
#1045=IFCARBITRARYCLOSEDPROFILEDEF(.AREA.,$,#1044);
#1046=IFCCARTESIANPOINT((0.,0.,0.));
#1047=IFCDIRECTION((0.,0.,1.));
#1048=IFCDIRECTION((1.,0.,0.));
#1049=IFCAXIS2PLACEMENT3D(#1046,#1047,#1048);
#1050=IFCDIRECTION((0.,0.,1.));
#1051=IFCEXTRUDEDAREASOLID(#1045,#1049,#1050,3.8600000000000003);
#1052=IFCSHAPEREPRESENTATION(#11,'Body','SweptSolid',(#1051));
#1053=IFCPRODUCTDEFINITIONSHAPE($,$,(#1052));
#1054=IFCCOLUMN('19SGPqH6vJoO5zPvBR1lDE',$,'Column B02 02','Perimeter column',$,#1061,#1072,$,$);
#1055=IFCMATERIALPROFILESETUSAGE(#285,$,$);
#1056=IFCRELASSOCIATESMATERIAL('13pdrTpqvGTP98WNypiUG0',$,$,$,(#1054),#1055);
#1057=IFCCARTESIANPOINT((33.81071900414887,35.15064408862824,-8.4));
#1058=IFCDIRECTION((0.,0.,1.));
#1059=IFCDIRECTION((1.,0.,0.));
#1060=IFCAXIS2PLACEMENT3D(#1057,#1058,#1059);
#1061=IFCLOCALPLACEMENT(#62,#1060);
#1062=IFCCARTESIANPOINTLIST2D(((0.,0.),(0.65,0.),(0.65,0.65),(0.,0.65)));
#1063=IFCINDEXEDPOLYCURVE(#1062,(IFCLINEINDEX((1,2,3,4,1))),$);
#1064=IFCARBITRARYCLOSEDPROFILEDEF(.AREA.,$,#1063);
#1065=IFCCARTESIANPOINT((0.,0.,0.));
#1066=IFCDIRECTION((0.,0.,1.));
#1067=IFCDIRECTION((1.,0.,0.));
#1068=IFCAXIS2PLACEMENT3D(#1065,#1066,#1067);
#1069=IFCDIRECTION((0.,0.,1.));
#1070=IFCEXTRUDEDAREASOLID(#1064,#1068,#1069,3.8600000000000003);
#1071=IFCSHAPEREPRESENTATION(#11,'Body','SweptSolid',(#1070));
#1072=IFCPRODUCTDEFINITIONSHAPE($,$,(#1071));
#1073=IFCCOLUMN('2WTzcyYffVeeUnKh9RKC1G',$,'Column B02 03','Perimeter column',$,#1080,#1091,$,$);
#1074=IFCMATERIALPROFILESETUSAGE(#285,$,$);
#1075=IFCRELASSOCIATESMATERIAL('2x2Hs5B5HLDxci5qDcbYS_',$,$,$,(#1073),#1074);
#1076=IFCCARTESIANPOINT((24.876438008297754,36.23628817725648,-8.4));
#1077=IFCDIRECTION((0.,0.,1.));
#1078=IFCDIRECTION((1.,0.,0.));
#1079=IFCAXIS2PLACEMENT3D(#1076,#1077,#1078);
#1080=IFCLOCALPLACEMENT(#62,#1079);
#1081=IFCCARTESIANPOINTLIST2D(((0.,0.),(0.65,0.),(0.65,0.65),(0.,0.65)));
#1082=IFCINDEXEDPOLYCURVE(#1081,(IFCLINEINDEX((1,2,3,4,1))),$);
#1083=IFCARBITRARYCLOSEDPROFILEDEF(.AREA.,$,#1082);
#1084=IFCCARTESIANPOINT((0.,0.,0.));
#1085=IFCDIRECTION((0.,0.,1.));
#1086=IFCDIRECTION((1.,0.,0.));
#1087=IFCAXIS2PLACEMENT3D(#1084,#1085,#1086);
#1088=IFCDIRECTION((0.,0.,1.));
#1089=IFCEXTRUDEDAREASOLID(#1083,#1087,#1088,3.8600000000000003);
#1090=IFCSHAPEREPRESENTATION(#11,'Body','SweptSolid',(#1089));
#1091=IFCPRODUCTDEFINITIONSHAPE($,$,(#1090));
#1092=IFCCOLUMN('1MC5PljtvMpO95Wgw7MIVA',$,'Column B02 04','Perimeter column',$,#1099,#1110,$,$);
#1093=IFCMATERIALPROFILESETUSAGE(#285,$,$);
#1094=IFCRELASSOCIATESMATERIAL('1VenrAjm1NkRoddhcC56Xb',$,$,$,(#1092),#1093);
#1095=IFCCARTESIANPOINT((18.39888691413214,39.39643983836554,-8.4));
#1096=IFCDIRECTION((0.,0.,1.));
#1097=IFCDIRECTION((1.,0.,0.));
#1098=IFCAXIS2PLACEMENT3D(#1095,#1096,#1097);
#1099=IFCLOCALPLACEMENT(#62,#1098);
#1100=IFCCARTESIANPOINTLIST2D(((0.,0.),(0.65,0.),(0.65,0.65),(0.,0.65)));
#1101=IFCINDEXEDPOLYCURVE(#1100,(IFCLINEINDEX((1,2,3,4,1))),$);
#1102=IFCARBITRARYCLOSEDPROFILEDEF(.AREA.,$,#1101);
#1103=IFCCARTESIANPOINT((0.,0.,0.));
#1104=IFCDIRECTION((0.,0.,1.));
#1105=IFCDIRECTION((1.,0.,0.));
#1106=IFCAXIS2PLACEMENT3D(#1103,#1104,#1105);
#1107=IFCDIRECTION((0.,0.,1.));
#1108=IFCEXTRUDEDAREASOLID(#1102,#1106,#1107,3.8600000000000003);
#1109=IFCSHAPEREPRESENTATION(#11,'Body','SweptSolid',(#1108));
#1110=IFCPRODUCTDEFINITIONSHAPE($,$,(#1109));
#1111=IFCCOLUMN('0sxSlVV8bG7x2K0X5GPcBy',$,'Column B02 05','Perimeter column',$,#1118,#1129,$,$);
#1112=IFCMATERIALPROFILESETUSAGE(#285,$,$);
#1113=IFCRELASSOCIATESMATERIAL('3px$kY$YHOjOVi27r6PiXt',$,$,$,(#1111),#1112);
#1114=IFCCARTESIANPOINT((9.521292863406574,40.60281194577369,-8.4));
#1115=IFCDIRECTION((0.,0.,1.));
#1116=IFCDIRECTION((1.,0.,0.));
#1117=IFCAXIS2PLACEMENT3D(#1114,#1115,#1116);
#1118=IFCLOCALPLACEMENT(#62,#1117);
#1119=IFCCARTESIANPOINTLIST2D(((0.,0.),(0.65,0.),(0.65,0.65),(0.,0.65)));
#1120=IFCINDEXEDPOLYCURVE(#1119,(IFCLINEINDEX((1,2,3,4,1))),$);
#1121=IFCARBITRARYCLOSEDPROFILEDEF(.AREA.,$,#1120);
#1122=IFCCARTESIANPOINT((0.,0.,0.));
#1123=IFCDIRECTION((0.,0.,1.));
#1124=IFCDIRECTION((1.,0.,0.));
#1125=IFCAXIS2PLACEMENT3D(#1122,#1123,#1124);
#1126=IFCDIRECTION((0.,0.,1.));
#1127=IFCEXTRUDEDAREASOLID(#1121,#1125,#1126,3.8600000000000003);
#1128=IFCSHAPEREPRESENTATION(#11,'Body','SweptSolid',(#1127));
#1129=IFCPRODUCTDEFINITIONSHAPE($,$,(#1128));
#1130=IFCCOLUMN('2X1Ne8u0LVxuZhZsOZpSiV',$,'Column B02 06','Perimeter column',$,#1137,#1148,$,$);
#1131=IFCMATERIALPROFILESETUSAGE(#285,$,$);
#1132=IFCRELASSOCIATESMATERIAL('3Wlt4pzyjSvugKbcfuN3DK',$,$,$,(#1130),#1131);
#1133=IFCCARTESIANPOINT((0.5973524952628992,41.77041132304988,-8.4));
#1134=IFCDIRECTION((0.,0.,1.));
#1135=IFCDIRECTION((1.,0.,0.));
#1136=IFCAXIS2PLACEMENT3D(#1133,#1134,#1135);
#1137=IFCLOCALPLACEMENT(#62,#1136);
#1138=IFCCARTESIANPOINTLIST2D(((0.,0.),(0.65,0.),(0.65,0.65),(0.,0.65)));
#1139=IFCINDEXEDPOLYCURVE(#1138,(IFCLINEINDEX((1,2,3,4,1))),$);
#1140=IFCARBITRARYCLOSEDPROFILEDEF(.AREA.,$,#1139);
#1141=IFCCARTESIANPOINT((0.,0.,0.));
#1142=IFCDIRECTION((0.,0.,1.));
#1143=IFCDIRECTION((1.,0.,0.));
#1144=IFCAXIS2PLACEMENT3D(#1141,#1142,#1143);
#1145=IFCDIRECTION((0.,0.,1.));
#1146=IFCEXTRUDEDAREASOLID(#1140,#1144,#1145,3.8600000000000003);
#1147=IFCSHAPEREPRESENTATION(#11,'Body','SweptSolid',(#1146));
#1148=IFCPRODUCTDEFINITIONSHAPE($,$,(#1147));
#1149=IFCCOLUMN('2NNf7jBCTO5RpUvEpBh0Ef',$,'Column B02 07','Perimeter column',$,#1156,#1167,$,$);
#1150=IFCMATERIALPROFILESETUSAGE(#285,$,$);
#1151=IFCRELASSOCIATESMATERIAL('3e_kvQP5TKGe0YB8OH5XXy',$,$,$,(#1149),#1150);
#1152=IFCCARTESIANPOINT((-7.985308559910617,42.51269073477726,-8.4));
#1153=IFCDIRECTION((0.,0.,1.));
#1154=IFCDIRECTION((1.,0.,0.));
#1155=IFCAXIS2PLACEMENT3D(#1152,#1153,#1154);
#1156=IFCLOCALPLACEMENT(#62,#1155);
#1157=IFCCARTESIANPOINTLIST2D(((0.,0.),(0.65,0.),(0.65,0.65),(0.,0.65)));
#1158=IFCINDEXEDPOLYCURVE(#1157,(IFCLINEINDEX((1,2,3,4,1))),$);
#1159=IFCARBITRARYCLOSEDPROFILEDEF(.AREA.,$,#1158);
#1160=IFCCARTESIANPOINT((0.,0.,0.));
#1161=IFCDIRECTION((0.,0.,1.));
#1162=IFCDIRECTION((1.,0.,0.));
#1163=IFCAXIS2PLACEMENT3D(#1160,#1161,#1162);
#1164=IFCDIRECTION((0.,0.,1.));
#1165=IFCEXTRUDEDAREASOLID(#1159,#1163,#1164,3.8600000000000003);
#1166=IFCSHAPEREPRESENTATION(#11,'Body','SweptSolid',(#1165));
#1167=IFCPRODUCTDEFINITIONSHAPE($,$,(#1166));
#1168=IFCCOLUMN('2LErEt0mDIKBDMGigpZGui',$,'Column B02 08','Perimeter column',$,#1175,#1186,$,$);
#1169=IFCMATERIALPROFILESETUSAGE(#285,$,$);
#1170=IFCRELASSOCIATESMATERIAL('2Xc57DyILLAQKnFv$vbJWH',$,$,$,(#1168),#1169);
#1171=IFCCARTESIANPOINT((-15.035671108773196,41.44742980195001,-8.4));
#1172=IFCDIRECTION((0.,0.,1.));
#1173=IFCDIRECTION((1.,0.,0.));
#1174=IFCAXIS2PLACEMENT3D(#1171,#1172,#1173);
#1175=IFCLOCALPLACEMENT(#62,#1174);
#1176=IFCCARTESIANPOINTLIST2D(((0.,0.),(0.65,0.),(0.65,0.65),(0.,0.65)));
#1177=IFCINDEXEDPOLYCURVE(#1176,(IFCLINEINDEX((1,2,3,4,1))),$);
#1178=IFCARBITRARYCLOSEDPROFILEDEF(.AREA.,$,#1177);
#1179=IFCCARTESIANPOINT((0.,0.,0.));
#1180=IFCDIRECTION((0.,0.,1.));
#1181=IFCDIRECTION((1.,0.,0.));
#1182=IFCAXIS2PLACEMENT3D(#1179,#1180,#1181);
#1183=IFCDIRECTION((0.,0.,1.));
#1184=IFCEXTRUDEDAREASOLID(#1178,#1182,#1183,3.8600000000000003);
#1185=IFCSHAPEREPRESENTATION(#11,'Body','SweptSolid',(#1184));
#1186=IFCPRODUCTDEFINITIONSHAPE($,$,(#1185));
#1187=IFCCOLUMN('3BzrLWONLPc8NQova06YrO',$,'Column B02 09','Perimeter column',$,#1194,#1205,$,$);
#1188=IFCMATERIALPROFILESETUSAGE(#285,$,$);
#1189=IFCRELASSOCIATESMATERIAL('1D6Fel45bInx1R5xdwU2Da',$,$,$,(#1187),#1188);
#1190=IFCCARTESIANPOINT((-23.944088933223615,42.7280905161964,-8.4));
#1191=IFCDIRECTION((0.,0.,1.));
#1192=IFCDIRECTION((1.,0.,0.));
#1193=IFCAXIS2PLACEMENT3D(#1190,#1191,#1192);
#1194=IFCLOCALPLACEMENT(#62,#1193);
#1195=IFCCARTESIANPOINTLIST2D(((0.,0.),(0.65,0.),(0.65,0.65),(0.,0.65)));
#1196=IFCINDEXEDPOLYCURVE(#1195,(IFCLINEINDEX((1,2,3,4,1))),$);
#1197=IFCARBITRARYCLOSEDPROFILEDEF(.AREA.,$,#1196);
#1198=IFCCARTESIANPOINT((0.,0.,0.));
#1199=IFCDIRECTION((0.,0.,1.));
#1200=IFCDIRECTION((1.,0.,0.));
#1201=IFCAXIS2PLACEMENT3D(#1198,#1199,#1200);
#1202=IFCDIRECTION((0.,0.,1.));
#1203=IFCEXTRUDEDAREASOLID(#1197,#1201,#1202,3.8600000000000003);
#1204=IFCSHAPEREPRESENTATION(#11,'Body','SweptSolid',(#1203));
#1205=IFCPRODUCTDEFINITIONSHAPE($,$,(#1204));
#1206=IFCCOLUMN('3_G_td6ljRlBJ_luVe00Mh',$,'Column B02 10','Perimeter column',$,#1213,#1224,$,$);
#1207=IFCMATERIALPROFILESETUSAGE(#285,$,$);
#1208=IFCRELASSOCIATESMATERIAL('2KvGu2Se5OJen8JO$x4zx3',$,$,$,(#1206),#1207);
#1209=IFCCARTESIANPOINT((-32.852506757674035,44.0087512304428,-8.4));
#1210=IFCDIRECTION((0.,0.,1.));
#1211=IFCDIRECTION((1.,0.,0.));
#1212=IFCAXIS2PLACEMENT3D(#1209,#1210,#1211);
#1213=IFCLOCALPLACEMENT(#62,#1212);
#1214=IFCCARTESIANPOINTLIST2D(((0.,0.),(0.65,0.),(0.65,0.65),(0.,0.65)));
#1215=IFCINDEXEDPOLYCURVE(#1214,(IFCLINEINDEX((1,2,3,4,1))),$);
#1216=IFCARBITRARYCLOSEDPROFILEDEF(.AREA.,$,#1215);
#1217=IFCCARTESIANPOINT((0.,0.,0.));
#1218=IFCDIRECTION((0.,0.,1.));
#1219=IFCDIRECTION((1.,0.,0.));
#1220=IFCAXIS2PLACEMENT3D(#1217,#1218,#1219);
#1221=IFCDIRECTION((0.,0.,1.));
#1222=IFCEXTRUDEDAREASOLID(#1216,#1220,#1221,3.8600000000000003);
#1223=IFCSHAPEREPRESENTATION(#11,'Body','SweptSolid',(#1222));
#1224=IFCPRODUCTDEFINITIONSHAPE($,$,(#1223));
#1225=IFCCOLUMN('0K8DbDVSXL3eipAPOpiBqB',$,'Column B02 11','Perimeter column',$,#1232,#1243,$,$);
#1226=IFCMATERIALPROFILESETUSAGE(#285,$,$);
#1227=IFCRELASSOCIATESMATERIAL('0VhIyaUCnGhhcdK8cI6Q8b',$,$,$,(#1225),#1226);
#1228=IFCCARTESIANPOINT((-41.76092458212445,45.28941194468919,-8.4));
#1229=IFCDIRECTION((0.,0.,1.));
#1230=IFCDIRECTION((1.,0.,0.));
#1231=IFCAXIS2PLACEMENT3D(#1228,#1229,#1230);
#1232=IFCLOCALPLACEMENT(#62,#1231);
#1233=IFCCARTESIANPOINTLIST2D(((0.,0.),(0.65,0.),(0.65,0.65),(0.,0.65)));
#1234=IFCINDEXEDPOLYCURVE(#1233,(IFCLINEINDEX((1,2,3,4,1))),$);
#1235=IFCARBITRARYCLOSEDPROFILEDEF(.AREA.,$,#1234);
#1236=IFCCARTESIANPOINT((0.,0.,0.));
#1237=IFCDIRECTION((0.,0.,1.));
#1238=IFCDIRECTION((1.,0.,0.));
#1239=IFCAXIS2PLACEMENT3D(#1236,#1237,#1238);
#1240=IFCDIRECTION((0.,0.,1.));
#1241=IFCEXTRUDEDAREASOLID(#1235,#1239,#1240,3.8600000000000003);
#1242=IFCSHAPEREPRESENTATION(#11,'Body','SweptSolid',(#1241));
#1243=IFCPRODUCTDEFINITIONSHAPE($,$,(#1242));
#1244=IFCCOLUMN('1yqRIh1dfQfReqBCmO38xU',$,'Column B02 12','Perimeter column',$,#1251,#1262,$,$);
#1245=IFCMATERIALPROFILESETUSAGE(#285,$,$);
#1246=IFCRELASSOCIATESMATERIAL('0iI0n$fi1Q$PSFn17hJakx',$,$,$,(#1244),#1245);
#1247=IFCCARTESIANPOINT((-50.66934240657487,46.57007265893558,-8.4));
#1248=IFCDIRECTION((0.,0.,1.));
#1249=IFCDIRECTION((1.,0.,0.));
#1250=IFCAXIS2PLACEMENT3D(#1247,#1248,#1249);
#1251=IFCLOCALPLACEMENT(#62,#1250);
#1252=IFCCARTESIANPOINTLIST2D(((0.,0.),(0.65,0.),(0.65,0.65),(0.,0.65)));
#1253=IFCINDEXEDPOLYCURVE(#1252,(IFCLINEINDEX((1,2,3,4,1))),$);
#1254=IFCARBITRARYCLOSEDPROFILEDEF(.AREA.,$,#1253);
#1255=IFCCARTESIANPOINT((0.,0.,0.));
#1256=IFCDIRECTION((0.,0.,1.));
#1257=IFCDIRECTION((1.,0.,0.));
#1258=IFCAXIS2PLACEMENT3D(#1255,#1256,#1257);
#1259=IFCDIRECTION((0.,0.,1.));
#1260=IFCEXTRUDEDAREASOLID(#1254,#1258,#1259,3.8600000000000003);
#1261=IFCSHAPEREPRESENTATION(#11,'Body','SweptSolid',(#1260));
#1262=IFCPRODUCTDEFINITIONSHAPE($,$,(#1261));
#1263=IFCCOLUMN('3ggpBc46vQovQWZChLYkLC',$,'Column B02 13','Perimeter column',$,#1270,#1281,$,$);
#1264=IFCMATERIALPROFILESETUSAGE(#285,$,$);
#1265=IFCRELASSOCIATESMATERIAL('28_2Jgud1HRh9RaTRfdeH6',$,$,$,(#1263),#1264);
#1266=IFCCARTESIANPOINT((-59.577760231025295,47.850733373181974,-8.4));
#1267=IFCDIRECTION((0.,0.,1.));
#1268=IFCDIRECTION((1.,0.,0.));
#1269=IFCAXIS2PLACEMENT3D(#1266,#1267,#1268);
#1270=IFCLOCALPLACEMENT(#62,#1269);
#1271=IFCCARTESIANPOINTLIST2D(((0.,0.),(0.65,0.),(0.65,0.65),(0.,0.65)));
#1272=IFCINDEXEDPOLYCURVE(#1271,(IFCLINEINDEX((1,2,3,4,1))),$);
#1273=IFCARBITRARYCLOSEDPROFILEDEF(.AREA.,$,#1272);
#1274=IFCCARTESIANPOINT((0.,0.,0.));
#1275=IFCDIRECTION((0.,0.,1.));
#1276=IFCDIRECTION((1.,0.,0.));
#1277=IFCAXIS2PLACEMENT3D(#1274,#1275,#1276);
#1278=IFCDIRECTION((0.,0.,1.));
#1279=IFCEXTRUDEDAREASOLID(#1273,#1277,#1278,3.8600000000000003);
#1280=IFCSHAPEREPRESENTATION(#11,'Body','SweptSolid',(#1279));
#1281=IFCPRODUCTDEFINITIONSHAPE($,$,(#1280));
#1282=IFCCOLUMN('3u0dJJnBjLfOyn7eQTcZPL',$,'Column B02 14','Perimeter column',$,#1289,#1300,$,$);
#1283=IFCMATERIALPROFILESETUSAGE(#285,$,$);
#1284=IFCRELASSOCIATESMATERIAL('1gaebM4qbU9h1BDHz7D_HX',$,$,$,(#1282),#1283);
#1285=IFCCARTESIANPOINT((-68.4861780554757,49.13139408742837,-8.4));
#1286=IFCDIRECTION((0.,0.,1.));
#1287=IFCDIRECTION((1.,0.,0.));
#1288=IFCAXIS2PLACEMENT3D(#1285,#1286,#1287);
#1289=IFCLOCALPLACEMENT(#62,#1288);
#1290=IFCCARTESIANPOINTLIST2D(((0.,0.),(0.65,0.),(0.65,0.65),(0.,0.65)));
#1291=IFCINDEXEDPOLYCURVE(#1290,(IFCLINEINDEX((1,2,3,4,1))),$);
#1292=IFCARBITRARYCLOSEDPROFILEDEF(.AREA.,$,#1291);
#1293=IFCCARTESIANPOINT((0.,0.,0.));
#1294=IFCDIRECTION((0.,0.,1.));
#1295=IFCDIRECTION((1.,0.,0.));
#1296=IFCAXIS2PLACEMENT3D(#1293,#1294,#1295);
#1297=IFCDIRECTION((0.,0.,1.));
#1298=IFCEXTRUDEDAREASOLID(#1292,#1296,#1297,3.8600000000000003);
#1299=IFCSHAPEREPRESENTATION(#11,'Body','SweptSolid',(#1298));
#1300=IFCPRODUCTDEFINITIONSHAPE($,$,(#1299));
#1301=IFCCOLUMN('1_TIckk5nLxBO5hHF9K6Yi',$,'Column B02 15','Perimeter column',$,#1308,#1319,$,$);
#1302=IFCMATERIALPROFILESETUSAGE(#285,$,$);
#1303=IFCRELASSOCIATESMATERIAL('0IPd5tMI5JugbeQffvj1ut',$,$,$,(#1301),#1302);
#1304=IFCCARTESIANPOINT((-77.39459587992613,50.41205480167476,-8.4));
#1305=IFCDIRECTION((0.,0.,1.));
#1306=IFCDIRECTION((1.,0.,0.));
#1307=IFCAXIS2PLACEMENT3D(#1304,#1305,#1306);
#1308=IFCLOCALPLACEMENT(#62,#1307);
#1309=IFCCARTESIANPOINTLIST2D(((0.,0.),(0.65,0.),(0.65,0.65),(0.,0.65)));
#1310=IFCINDEXEDPOLYCURVE(#1309,(IFCLINEINDEX((1,2,3,4,1))),$);
#1311=IFCARBITRARYCLOSEDPROFILEDEF(.AREA.,$,#1310);
#1312=IFCCARTESIANPOINT((0.,0.,0.));
#1313=IFCDIRECTION((0.,0.,1.));
#1314=IFCDIRECTION((1.,0.,0.));
#1315=IFCAXIS2PLACEMENT3D(#1312,#1313,#1314);
#1316=IFCDIRECTION((0.,0.,1.));
#1317=IFCEXTRUDEDAREASOLID(#1311,#1315,#1316,3.8600000000000003);
#1318=IFCSHAPEREPRESENTATION(#11,'Body','SweptSolid',(#1317));
#1319=IFCPRODUCTDEFINITIONSHAPE($,$,(#1318));
#1320=IFCCOLUMN('3o_eZaPkDRRv6rmnFQX6TS',$,'Column B02 16','Perimeter column',$,#1327,#1338,$,$);
#1321=IFCMATERIALPROFILESETUSAGE(#285,$,$);
#1322=IFCRELASSOCIATESMATERIAL('38f0sERYXSOR6M1kaGIT$H',$,$,$,(#1320),#1321);
#1323=IFCCARTESIANPOINT((-80.6969627091795,47.75323304382168,-8.4));
#1324=IFCDIRECTION((0.,0.,1.));
#1325=IFCDIRECTION((1.,0.,0.));
#1326=IFCAXIS2PLACEMENT3D(#1323,#1324,#1325);
#1327=IFCLOCALPLACEMENT(#62,#1326);
#1328=IFCCARTESIANPOINTLIST2D(((0.,0.),(0.65,0.),(0.65,0.65),(0.,0.65)));
#1329=IFCINDEXEDPOLYCURVE(#1328,(IFCLINEINDEX((1,2,3,4,1))),$);
#1330=IFCARBITRARYCLOSEDPROFILEDEF(.AREA.,$,#1329);
#1331=IFCCARTESIANPOINT((0.,0.,0.));
#1332=IFCDIRECTION((0.,0.,1.));
#1333=IFCDIRECTION((1.,0.,0.));
#1334=IFCAXIS2PLACEMENT3D(#1331,#1332,#1333);
#1335=IFCDIRECTION((0.,0.,1.));
#1336=IFCEXTRUDEDAREASOLID(#1330,#1334,#1335,3.8600000000000003);
#1337=IFCSHAPEREPRESENTATION(#11,'Body','SweptSolid',(#1336));
#1338=IFCPRODUCTDEFINITIONSHAPE($,$,(#1337));
#1339=IFCCOLUMN('13_U1LrAnTchZDxUuDex3Q',$,'Column B02 17','Perimeter column',$,#1346,#1357,$,$);
#1340=IFCMATERIALPROFILESETUSAGE(#285,$,$);
#1341=IFCRELASSOCIATESMATERIAL('2sGvBQE_XMsfIMMtumFHw1',$,$,$,(#1339),#1340);
#1342=IFCCARTESIANPOINT((-79.43413036793393,40.78570534437854,-8.4));
#1343=IFCDIRECTION((0.,0.,1.));
#1344=IFCDIRECTION((1.,0.,0.));
#1345=IFCAXIS2PLACEMENT3D(#1342,#1343,#1344);
#1346=IFCLOCALPLACEMENT(#62,#1345);
#1347=IFCCARTESIANPOINTLIST2D(((0.,0.),(0.65,0.),(0.65,0.65),(0.,0.65)));
#1348=IFCINDEXEDPOLYCURVE(#1347,(IFCLINEINDEX((1,2,3,4,1))),$);
#1349=IFCARBITRARYCLOSEDPROFILEDEF(.AREA.,$,#1348);
#1350=IFCCARTESIANPOINT((0.,0.,0.));
#1351=IFCDIRECTION((0.,0.,1.));
#1352=IFCDIRECTION((1.,0.,0.));
#1353=IFCAXIS2PLACEMENT3D(#1350,#1351,#1352);
#1354=IFCDIRECTION((0.,0.,1.));
#1355=IFCEXTRUDEDAREASOLID(#1349,#1353,#1354,3.8600000000000003);
#1356=IFCSHAPEREPRESENTATION(#11,'Body','SweptSolid',(#1355));
#1357=IFCPRODUCTDEFINITIONSHAPE($,$,(#1356));
#1358=IFCCOLUMN('1amfYDlkHUv9$wCLKdkjsM',$,'Column B02 18','Perimeter column',$,#1365,#1376,$,$);
#1359=IFCMATERIALPROFILESETUSAGE(#285,$,$);
#1360=IFCRELASSOCIATESMATERIAL('08d1bkQTnJHwKQ4iK86rt9',$,$,$,(#1358),#1359);
#1361=IFCCARTESIANPOINT((-75.11968299203309,32.88725335423627,-8.4));
#1362=IFCDIRECTION((0.,0.,1.));
#1363=IFCDIRECTION((1.,0.,0.));
#1364=IFCAXIS2PLACEMENT3D(#1361,#1362,#1363);
#1365=IFCLOCALPLACEMENT(#62,#1364);
#1366=IFCCARTESIANPOINTLIST2D(((0.,0.),(0.65,0.),(0.65,0.65),(0.,0.65)));
#1367=IFCINDEXEDPOLYCURVE(#1366,(IFCLINEINDEX((1,2,3,4,1))),$);
#1368=IFCARBITRARYCLOSEDPROFILEDEF(.AREA.,$,#1367);
#1369=IFCCARTESIANPOINT((0.,0.,0.));
#1370=IFCDIRECTION((0.,0.,1.));
#1371=IFCDIRECTION((1.,0.,0.));
#1372=IFCAXIS2PLACEMENT3D(#1369,#1370,#1371);
#1373=IFCDIRECTION((0.,0.,1.));
#1374=IFCEXTRUDEDAREASOLID(#1368,#1372,#1373,3.8600000000000003);
#1375=IFCSHAPEREPRESENTATION(#11,'Body','SweptSolid',(#1374));
#1376=IFCPRODUCTDEFINITIONSHAPE($,$,(#1375));
#1377=IFCCOLUMN('38aXpjHR5MtuzMcHq_iStZ',$,'Column B02 19','Perimeter column',$,#1384,#1395,$,$);
#1378=IFCMATERIALPROFILESETUSAGE(#285,$,$);
#1379=IFCRELASSOCIATESMATERIAL('3Y_WB0$6PJeR40zeGjDU3S',$,$,$,(#1377),#1378);
#1380=IFCCARTESIANPOINT((-70.80523561613225,24.98880136409401,-8.4));
#1381=IFCDIRECTION((0.,0.,1.));
#1382=IFCDIRECTION((1.,0.,0.));
#1383=IFCAXIS2PLACEMENT3D(#1380,#1381,#1382);
#1384=IFCLOCALPLACEMENT(#62,#1383);
#1385=IFCCARTESIANPOINTLIST2D(((0.,0.),(0.65,0.),(0.65,0.65),(0.,0.65)));
#1386=IFCINDEXEDPOLYCURVE(#1385,(IFCLINEINDEX((1,2,3,4,1))),$);
#1387=IFCARBITRARYCLOSEDPROFILEDEF(.AREA.,$,#1386);
#1388=IFCCARTESIANPOINT((0.,0.,0.));
#1389=IFCDIRECTION((0.,0.,1.));
#1390=IFCDIRECTION((1.,0.,0.));
#1391=IFCAXIS2PLACEMENT3D(#1388,#1389,#1390);
#1392=IFCDIRECTION((0.,0.,1.));
#1393=IFCEXTRUDEDAREASOLID(#1387,#1391,#1392,3.8600000000000003);
#1394=IFCSHAPEREPRESENTATION(#11,'Body','SweptSolid',(#1393));
#1395=IFCPRODUCTDEFINITIONSHAPE($,$,(#1394));
#1396=IFCCOLUMN('2jZlssFeDRVQuHu_1Lid8S',$,'Column B02 20','Perimeter column',$,#1403,#1414,$,$);
#1397=IFCMATERIALPROFILESETUSAGE(#285,$,$);
#1398=IFCRELASSOCIATESMATERIAL('2RjYdLDezKbhITxEy9K9Ua',$,$,$,(#1396),#1397);
#1399=IFCCARTESIANPOINT((-66.49078824023141,17.090349373951742,-8.4));
#1400=IFCDIRECTION((0.,0.,1.));
#1401=IFCDIRECTION((1.,0.,0.));
#1402=IFCAXIS2PLACEMENT3D(#1399,#1400,#1401);
#1403=IFCLOCALPLACEMENT(#62,#1402);
#1404=IFCCARTESIANPOINTLIST2D(((0.,0.),(0.65,0.),(0.65,0.65),(0.,0.65)));
#1405=IFCINDEXEDPOLYCURVE(#1404,(IFCLINEINDEX((1,2,3,4,1))),$);
#1406=IFCARBITRARYCLOSEDPROFILEDEF(.AREA.,$,#1405);
#1407=IFCCARTESIANPOINT((0.,0.,0.));
#1408=IFCDIRECTION((0.,0.,1.));
#1409=IFCDIRECTION((1.,0.,0.));
#1410=IFCAXIS2PLACEMENT3D(#1407,#1408,#1409);
#1411=IFCDIRECTION((0.,0.,1.));
#1412=IFCEXTRUDEDAREASOLID(#1406,#1410,#1411,3.8600000000000003);
#1413=IFCSHAPEREPRESENTATION(#11,'Body','SweptSolid',(#1412));
#1414=IFCPRODUCTDEFINITIONSHAPE($,$,(#1413));
#1415=IFCCOLUMN('0NjpVALMDJ8OCzusoebvvK',$,'Column B02 21','Perimeter column',$,#1422,#1433,$,$);
#1416=IFCMATERIALPROFILESETUSAGE(#285,$,$);
#1417=IFCRELASSOCIATESMATERIAL('0faaTJza5U4PlwQJh3S$2c',$,$,$,(#1415),#1416);
#1418=IFCCARTESIANPOINT((-62.17634086433056,9.191897383809472,-8.4));
#1419=IFCDIRECTION((0.,0.,1.));
#1420=IFCDIRECTION((1.,0.,0.));
#1421=IFCAXIS2PLACEMENT3D(#1418,#1419,#1420);
#1422=IFCLOCALPLACEMENT(#62,#1421);
#1423=IFCCARTESIANPOINTLIST2D(((0.,0.),(0.65,0.),(0.65,0.65),(0.,0.65)));
#1424=IFCINDEXEDPOLYCURVE(#1423,(IFCLINEINDEX((1,2,3,4,1))),$);
#1425=IFCARBITRARYCLOSEDPROFILEDEF(.AREA.,$,#1424);
#1426=IFCCARTESIANPOINT((0.,0.,0.));
#1427=IFCDIRECTION((0.,0.,1.));
#1428=IFCDIRECTION((1.,0.,0.));
#1429=IFCAXIS2PLACEMENT3D(#1426,#1427,#1428);
#1430=IFCDIRECTION((0.,0.,1.));
#1431=IFCEXTRUDEDAREASOLID(#1425,#1429,#1430,3.8600000000000003);
#1432=IFCSHAPEREPRESENTATION(#11,'Body','SweptSolid',(#1431));
#1433=IFCPRODUCTDEFINITIONSHAPE($,$,(#1432));
#1434=IFCCOLUMN('0ejw7d4nnHK8HIPP$xFdhV',$,'Column B02 22','Perimeter column',$,#1441,#1452,$,$);
#1435=IFCMATERIALPROFILESETUSAGE(#285,$,$);
#1436=IFCRELASSOCIATESMATERIAL('27HbLRx75Hien2e3Gu8vjb',$,$,$,(#1434),#1435);
#1437=IFCCARTESIANPOINT((-57.861893488429715,1.2934453936672086,-8.4));
#1438=IFCDIRECTION((0.,0.,1.));
#1439=IFCDIRECTION((1.,0.,0.));
#1440=IFCAXIS2PLACEMENT3D(#1437,#1438,#1439);
#1441=IFCLOCALPLACEMENT(#62,#1440);
#1442=IFCCARTESIANPOINTLIST2D(((0.,0.),(0.65,0.),(0.65,0.65),(0.,0.65)));
#1443=IFCINDEXEDPOLYCURVE(#1442,(IFCLINEINDEX((1,2,3,4,1))),$);
#1444=IFCARBITRARYCLOSEDPROFILEDEF(.AREA.,$,#1443);
#1445=IFCCARTESIANPOINT((0.,0.,0.));
#1446=IFCDIRECTION((0.,0.,1.));
#1447=IFCDIRECTION((1.,0.,0.));
#1448=IFCAXIS2PLACEMENT3D(#1445,#1446,#1447);
#1449=IFCDIRECTION((0.,0.,1.));
#1450=IFCEXTRUDEDAREASOLID(#1444,#1448,#1449,3.8600000000000003);
#1451=IFCSHAPEREPRESENTATION(#11,'Body','SweptSolid',(#1450));
#1452=IFCPRODUCTDEFINITIONSHAPE($,$,(#1451));
#1453=IFCCOLUMN('3hhsGJdDXI_xjTiQOI49fV',$,'Column B02 23','Perimeter column',$,#1460,#1471,$,$);
#1454=IFCMATERIALPROFILESETUSAGE(#285,$,$);
#1455=IFCRELASSOCIATESMATERIAL('3VXRTGFiPNV8tUKNHIZt3k',$,$,$,(#1453),#1454);
#1456=IFCCARTESIANPOINT((-58.45019512900164,-7.497526141989824,-8.4));
#1457=IFCDIRECTION((0.,0.,1.));
#1458=IFCDIRECTION((1.,0.,0.));
#1459=IFCAXIS2PLACEMENT3D(#1456,#1457,#1458);
#1460=IFCLOCALPLACEMENT(#62,#1459);
#1461=IFCCARTESIANPOINTLIST2D(((0.,0.),(0.65,0.),(0.65,0.65),(0.,0.65)));
#1462=IFCINDEXEDPOLYCURVE(#1461,(IFCLINEINDEX((1,2,3,4,1))),$);
#1463=IFCARBITRARYCLOSEDPROFILEDEF(.AREA.,$,#1462);
#1464=IFCCARTESIANPOINT((0.,0.,0.));
#1465=IFCDIRECTION((0.,0.,1.));
#1466=IFCDIRECTION((1.,0.,0.));
#1467=IFCAXIS2PLACEMENT3D(#1464,#1465,#1466);
#1468=IFCDIRECTION((0.,0.,1.));
#1469=IFCEXTRUDEDAREASOLID(#1463,#1467,#1468,3.8600000000000003);
#1470=IFCSHAPEREPRESENTATION(#11,'Body','SweptSolid',(#1469));
#1471=IFCPRODUCTDEFINITIONSHAPE($,$,(#1470));
#1472=IFCCOLUMN('1RUCFWQ6bHxA$qvEWr7_ZH',$,'Column B02 24','Perimeter column',$,#1479,#1490,$,$);
#1473=IFCMATERIALPROFILESETUSAGE(#285,$,$);
#1474=IFCRELASSOCIATESMATERIAL('10pCP$KYPGY8wG0Jt3Miux',$,$,$,(#1472),#1473);
#1475=IFCCARTESIANPOINT((-59.70435445329524,-16.40971354965173,-8.4));
#1476=IFCDIRECTION((0.,0.,1.));
#1477=IFCDIRECTION((1.,0.,0.));
#1478=IFCAXIS2PLACEMENT3D(#1475,#1476,#1477);
#1479=IFCLOCALPLACEMENT(#62,#1478);
#1480=IFCCARTESIANPOINTLIST2D(((0.,0.),(0.65,0.),(0.65,0.65),(0.,0.65)));
#1481=IFCINDEXEDPOLYCURVE(#1480,(IFCLINEINDEX((1,2,3,4,1))),$);
#1482=IFCARBITRARYCLOSEDPROFILEDEF(.AREA.,$,#1481);
#1483=IFCCARTESIANPOINT((0.,0.,0.));
#1484=IFCDIRECTION((0.,0.,1.));
#1485=IFCDIRECTION((1.,0.,0.));
#1486=IFCAXIS2PLACEMENT3D(#1483,#1484,#1485);
#1487=IFCDIRECTION((0.,0.,1.));
#1488=IFCEXTRUDEDAREASOLID(#1482,#1486,#1487,3.8600000000000003);
#1489=IFCSHAPEREPRESENTATION(#11,'Body','SweptSolid',(#1488));
#1490=IFCPRODUCTDEFINITIONSHAPE($,$,(#1489));
#1491=IFCCOLUMN('3jOlaM_SfGNgGQmDtbk4Yr',$,'Column B02 25','Perimeter column',$,#1498,#1509,$,$);
#1492=IFCMATERIALPROFILESETUSAGE(#285,$,$);
#1493=IFCRELASSOCIATESMATERIAL('2E7yxtIxrMHBgDa101A2R4',$,$,$,(#1491),#1492);
#1494=IFCCARTESIANPOINT((-60.95851377758883,-25.321900957313634,-8.4));
#1495=IFCDIRECTION((0.,0.,1.));
#1496=IFCDIRECTION((1.,0.,0.));
#1497=IFCAXIS2PLACEMENT3D(#1494,#1495,#1496);
#1498=IFCLOCALPLACEMENT(#62,#1497);
#1499=IFCCARTESIANPOINTLIST2D(((0.,0.),(0.65,0.),(0.65,0.65),(0.,0.65)));
#1500=IFCINDEXEDPOLYCURVE(#1499,(IFCLINEINDEX((1,2,3,4,1))),$);
#1501=IFCARBITRARYCLOSEDPROFILEDEF(.AREA.,$,#1500);
#1502=IFCCARTESIANPOINT((0.,0.,0.));
#1503=IFCDIRECTION((0.,0.,1.));
#1504=IFCDIRECTION((1.,0.,0.));
#1505=IFCAXIS2PLACEMENT3D(#1502,#1503,#1504);
#1506=IFCDIRECTION((0.,0.,1.));
#1507=IFCEXTRUDEDAREASOLID(#1501,#1505,#1506,3.8600000000000003);
#1508=IFCSHAPEREPRESENTATION(#11,'Body','SweptSolid',(#1507));
#1509=IFCPRODUCTDEFINITIONSHAPE($,$,(#1508));
#1510=IFCCOLUMN('18Yc8Bv99J1BkqMBdfwxlT',$,'Column B02 26','Perimeter column',$,#1517,#1528,$,$);
#1511=IFCMATERIALPROFILESETUSAGE(#285,$,$);
#1512=IFCRELASSOCIATESMATERIAL('3_cT3gqqXVoxF0vXPMtvbn',$,$,$,(#1510),#1511);
#1513=IFCCARTESIANPOINT((-62.21267310188242,-34.23408836497555,-8.4));
#1514=IFCDIRECTION((0.,0.,1.));
#1515=IFCDIRECTION((1.,0.,0.));
#1516=IFCAXIS2PLACEMENT3D(#1513,#1514,#1515);
#1517=IFCLOCALPLACEMENT(#62,#1516);
#1518=IFCCARTESIANPOINTLIST2D(((0.,0.),(0.65,0.),(0.65,0.65),(0.,0.65)));
#1519=IFCINDEXEDPOLYCURVE(#1518,(IFCLINEINDEX((1,2,3,4,1))),$);
#1520=IFCARBITRARYCLOSEDPROFILEDEF(.AREA.,$,#1519);
#1521=IFCCARTESIANPOINT((0.,0.,0.));
#1522=IFCDIRECTION((0.,0.,1.));
#1523=IFCDIRECTION((1.,0.,0.));
#1524=IFCAXIS2PLACEMENT3D(#1521,#1522,#1523);
#1525=IFCDIRECTION((0.,0.,1.));
#1526=IFCEXTRUDEDAREASOLID(#1520,#1524,#1525,3.8600000000000003);
#1527=IFCSHAPEREPRESENTATION(#11,'Body','SweptSolid',(#1526));
#1528=IFCPRODUCTDEFINITIONSHAPE($,$,(#1527));
#1529=IFCCOLUMN('3b5Q7usubKRBsbqgver8FF',$,'Column B02 27','Perimeter column',$,#1536,#1547,$,$);
#1530=IFCMATERIALPROFILESETUSAGE(#285,$,$);
#1531=IFCRELASSOCIATESMATERIAL('2Ah$Qsb1nVr9tpjUkKL57G',$,$,$,(#1529),#1530);
#1532=IFCCARTESIANPOINT((-58.45827632443749,-39.316490648951124,-8.4));
#1533=IFCDIRECTION((0.,0.,1.));
#1534=IFCDIRECTION((1.,0.,0.));
#1535=IFCAXIS2PLACEMENT3D(#1532,#1533,#1534);
#1536=IFCLOCALPLACEMENT(#62,#1535);
#1537=IFCCARTESIANPOINTLIST2D(((0.,0.),(0.65,0.),(0.65,0.65),(0.,0.65)));
#1538=IFCINDEXEDPOLYCURVE(#1537,(IFCLINEINDEX((1,2,3,4,1))),$);
#1539=IFCARBITRARYCLOSEDPROFILEDEF(.AREA.,$,#1538);
#1540=IFCCARTESIANPOINT((0.,0.,0.));
#1541=IFCDIRECTION((0.,0.,1.));
#1542=IFCDIRECTION((1.,0.,0.));
#1543=IFCAXIS2PLACEMENT3D(#1540,#1541,#1542);
#1544=IFCDIRECTION((0.,0.,1.));
#1545=IFCEXTRUDEDAREASOLID(#1539,#1543,#1544,3.8600000000000003);
#1546=IFCSHAPEREPRESENTATION(#11,'Body','SweptSolid',(#1545));
#1547=IFCPRODUCTDEFINITIONSHAPE($,$,(#1546));
#1548=IFCCOLUMN('2Z_eRM0lnU6B0URCuVxn9w',$,'Column B02 28','Perimeter column',$,#1555,#1566,$,$);
#1549=IFCMATERIALPROFILESETUSAGE(#285,$,$);
#1550=IFCRELASSOCIATESMATERIAL('32tvpYjuDS4go0K2QLEEek',$,$,$,(#1548),#1549);
#1551=IFCCARTESIANPOINT((-49.52891242641195,-40.44186186621147,-8.4));
#1552=IFCDIRECTION((0.,0.,1.));
#1553=IFCDIRECTION((1.,0.,0.));
#1554=IFCAXIS2PLACEMENT3D(#1551,#1552,#1553);
#1555=IFCLOCALPLACEMENT(#62,#1554);
#1556=IFCCARTESIANPOINTLIST2D(((0.,0.),(0.65,0.),(0.65,0.65),(0.,0.65)));
#1557=IFCINDEXEDPOLYCURVE(#1556,(IFCLINEINDEX((1,2,3,4,1))),$);
#1558=IFCARBITRARYCLOSEDPROFILEDEF(.AREA.,$,#1557);
#1559=IFCCARTESIANPOINT((0.,0.,0.));
#1560=IFCDIRECTION((0.,0.,1.));
#1561=IFCDIRECTION((1.,0.,0.));
#1562=IFCAXIS2PLACEMENT3D(#1559,#1560,#1561);
#1563=IFCDIRECTION((0.,0.,1.));
#1564=IFCEXTRUDEDAREASOLID(#1558,#1562,#1563,3.8600000000000003);
#1565=IFCSHAPEREPRESENTATION(#11,'Body','SweptSolid',(#1564));
#1566=IFCPRODUCTDEFINITIONSHAPE($,$,(#1565));
#1567=IFCCOLUMN('28mWrF93HJdOiGJmPUsyU7',$,'Column B02 29','Perimeter column',$,#1574,#1585,$,$);
#1568=IFCMATERIALPROFILESETUSAGE(#285,$,$);
#1569=IFCRELASSOCIATESMATERIAL('0NZ4b7No5MZ98WRiGlJ$pF',$,$,$,(#1567),#1568);
#1570=IFCCARTESIANPOINT((-40.59954852838641,-41.56723308347181,-8.4));
#1571=IFCDIRECTION((0.,0.,1.));
#1572=IFCDIRECTION((1.,0.,0.));
#1573=IFCAXIS2PLACEMENT3D(#1570,#1571,#1572);
#1574=IFCLOCALPLACEMENT(#62,#1573);
#1575=IFCCARTESIANPOINTLIST2D(((0.,0.),(0.65,0.),(0.65,0.65),(0.,0.65)));
#1576=IFCINDEXEDPOLYCURVE(#1575,(IFCLINEINDEX((1,2,3,4,1))),$);
#1577=IFCARBITRARYCLOSEDPROFILEDEF(.AREA.,$,#1576);
#1578=IFCCARTESIANPOINT((0.,0.,0.));
#1579=IFCDIRECTION((0.,0.,1.));
#1580=IFCDIRECTION((1.,0.,0.));
#1581=IFCAXIS2PLACEMENT3D(#1578,#1579,#1580);
#1582=IFCDIRECTION((0.,0.,1.));
#1583=IFCEXTRUDEDAREASOLID(#1577,#1581,#1582,3.8600000000000003);
#1584=IFCSHAPEREPRESENTATION(#11,'Body','SweptSolid',(#1583));
#1585=IFCPRODUCTDEFINITIONSHAPE($,$,(#1584));
#1586=IFCCOLUMN('1jzukRWybIMudesk8PTK$L',$,'Column B02 30','Perimeter column',$,#1593,#1604,$,$);
#1587=IFCMATERIALPROFILESETUSAGE(#285,$,$);
#1588=IFCRELASSOCIATESMATERIAL('1xKdFc1wnL4xm2v5ISiNJ5',$,$,$,(#1586),#1587);
#1589=IFCCARTESIANPOINT((-31.670184630360854,-42.69260430073216,-8.4));
#1590=IFCDIRECTION((0.,0.,1.));
#1591=IFCDIRECTION((1.,0.,0.));
#1592=IFCAXIS2PLACEMENT3D(#1589,#1590,#1591);
#1593=IFCLOCALPLACEMENT(#62,#1592);
#1594=IFCCARTESIANPOINTLIST2D(((0.,0.),(0.65,0.),(0.65,0.65),(0.,0.65)));
#1595=IFCINDEXEDPOLYCURVE(#1594,(IFCLINEINDEX((1,2,3,4,1))),$);
#1596=IFCARBITRARYCLOSEDPROFILEDEF(.AREA.,$,#1595);
#1597=IFCCARTESIANPOINT((0.,0.,0.));
#1598=IFCDIRECTION((0.,0.,1.));
#1599=IFCDIRECTION((1.,0.,0.));
#1600=IFCAXIS2PLACEMENT3D(#1597,#1598,#1599);
#1601=IFCDIRECTION((0.,0.,1.));
#1602=IFCEXTRUDEDAREASOLID(#1596,#1600,#1601,3.8600000000000003);
#1603=IFCSHAPEREPRESENTATION(#11,'Body','SweptSolid',(#1602));
#1604=IFCPRODUCTDEFINITIONSHAPE($,$,(#1603));
#1605=IFCCOLUMN('0WGxrP2qfI0v7zFooLRTvv',$,'Column B02 31','Perimeter column',$,#1612,#1623,$,$);
#1606=IFCMATERIALPROFILESETUSAGE(#285,$,$);
#1607=IFCRELASSOCIATESMATERIAL('0xJDIgLeDUkxBs8Dh_mCN0',$,$,$,(#1605),#1606);
#1608=IFCCARTESIANPOINT((-22.74082073233531,-43.8179755179925,-8.4));
#1609=IFCDIRECTION((0.,0.,1.));
#1610=IFCDIRECTION((1.,0.,0.));
#1611=IFCAXIS2PLACEMENT3D(#1608,#1609,#1610);
#1612=IFCLOCALPLACEMENT(#62,#1611);
#1613=IFCCARTESIANPOINTLIST2D(((0.,0.),(0.65,0.),(0.65,0.65),(0.,0.65)));
#1614=IFCINDEXEDPOLYCURVE(#1613,(IFCLINEINDEX((1,2,3,4,1))),$);
#1615=IFCARBITRARYCLOSEDPROFILEDEF(.AREA.,$,#1614);
#1616=IFCCARTESIANPOINT((0.,0.,0.));
#1617=IFCDIRECTION((0.,0.,1.));
#1618=IFCDIRECTION((1.,0.,0.));
#1619=IFCAXIS2PLACEMENT3D(#1616,#1617,#1618);
#1620=IFCDIRECTION((0.,0.,1.));
#1621=IFCEXTRUDEDAREASOLID(#1615,#1619,#1620,3.8600000000000003);
#1622=IFCSHAPEREPRESENTATION(#11,'Body','SweptSolid',(#1621));
#1623=IFCPRODUCTDEFINITIONSHAPE($,$,(#1622));
#1624=IFCCOLUMN('3bIUEz7VjSJgFMKsFyV8QI',$,'Column B02 32','Perimeter column',$,#1631,#1642,$,$);
#1625=IFCMATERIALPROFILESETUSAGE(#285,$,$);
#1626=IFCRELASSOCIATESMATERIAL('3p$kRovAHHVgwzI2FZf$OR',$,$,$,(#1624),#1625);
#1627=IFCCARTESIANPOINT((-13.81145683430977,-44.943346735252845,-8.4));
#1628=IFCDIRECTION((0.,0.,1.));
#1629=IFCDIRECTION((1.,0.,0.));
#1630=IFCAXIS2PLACEMENT3D(#1627,#1628,#1629);
#1631=IFCLOCALPLACEMENT(#62,#1630);
#1632=IFCCARTESIANPOINTLIST2D(((0.,0.),(0.65,0.),(0.65,0.65),(0.,0.65)));
#1633=IFCINDEXEDPOLYCURVE(#1632,(IFCLINEINDEX((1,2,3,4,1))),$);
#1634=IFCARBITRARYCLOSEDPROFILEDEF(.AREA.,$,#1633);
#1635=IFCCARTESIANPOINT((0.,0.,0.));
#1636=IFCDIRECTION((0.,0.,1.));
#1637=IFCDIRECTION((1.,0.,0.));
#1638=IFCAXIS2PLACEMENT3D(#1635,#1636,#1637);
#1639=IFCDIRECTION((0.,0.,1.));
#1640=IFCEXTRUDEDAREASOLID(#1634,#1638,#1639,3.8600000000000003);
#1641=IFCSHAPEREPRESENTATION(#11,'Body','SweptSolid',(#1640));
#1642=IFCPRODUCTDEFINITIONSHAPE($,$,(#1641));
#1643=IFCCOLUMN('35XWZnh6nGFQcZHTUC12qD',$,'Column B02 33','Perimeter column',$,#1650,#1661,$,$);
#1644=IFCMATERIALPROFILESETUSAGE(#285,$,$);
#1645=IFCRELASSOCIATESMATERIAL('3eGtOuUMDM$w5w5M15IPWt',$,$,$,(#1643),#1644);
#1646=IFCCARTESIANPOINT((-4.882092936284214,-46.0687179525132,-8.4));
#1647=IFCDIRECTION((0.,0.,1.));
#1648=IFCDIRECTION((1.,0.,0.));
#1649=IFCAXIS2PLACEMENT3D(#1646,#1647,#1648);
#1650=IFCLOCALPLACEMENT(#62,#1649);
#1651=IFCCARTESIANPOINTLIST2D(((0.,0.),(0.65,0.),(0.65,0.65),(0.,0.65)));
#1652=IFCINDEXEDPOLYCURVE(#1651,(IFCLINEINDEX((1,2,3,4,1))),$);
#1653=IFCARBITRARYCLOSEDPROFILEDEF(.AREA.,$,#1652);
#1654=IFCCARTESIANPOINT((0.,0.,0.));
#1655=IFCDIRECTION((0.,0.,1.));
#1656=IFCDIRECTION((1.,0.,0.));
#1657=IFCAXIS2PLACEMENT3D(#1654,#1655,#1656);
#1658=IFCDIRECTION((0.,0.,1.));
#1659=IFCEXTRUDEDAREASOLID(#1653,#1657,#1658,3.8600000000000003);
#1660=IFCSHAPEREPRESENTATION(#11,'Body','SweptSolid',(#1659));
#1661=IFCPRODUCTDEFINITIONSHAPE($,$,(#1660));
#1662=IFCCOLUMN('2O9_jHRZbT09qLNmjus6lO',$,'Column B02 34','Perimeter column',$,#1669,#1680,$,$);
#1663=IFCMATERIALPROFILESETUSAGE(#285,$,$);
#1664=IFCRELASSOCIATESMATERIAL('2WaSm0hY5SCeaaDtw0PziF',$,$,$,(#1662),#1663);
#1665=IFCCARTESIANPOINT((4.047270961741314,-47.194089169773534,-8.4));
#1666=IFCDIRECTION((0.,0.,1.));
#1667=IFCDIRECTION((1.,0.,0.));
#1668=IFCAXIS2PLACEMENT3D(#1665,#1666,#1667);
#1669=IFCLOCALPLACEMENT(#62,#1668);
#1670=IFCCARTESIANPOINTLIST2D(((0.,0.),(0.65,0.),(0.65,0.65),(0.,0.65)));
#1671=IFCINDEXEDPOLYCURVE(#1670,(IFCLINEINDEX((1,2,3,4,1))),$);
#1672=IFCARBITRARYCLOSEDPROFILEDEF(.AREA.,$,#1671);
#1673=IFCCARTESIANPOINT((0.,0.,0.));
#1674=IFCDIRECTION((0.,0.,1.));
#1675=IFCDIRECTION((1.,0.,0.));
#1676=IFCAXIS2PLACEMENT3D(#1673,#1674,#1675);
#1677=IFCDIRECTION((0.,0.,1.));
#1678=IFCEXTRUDEDAREASOLID(#1672,#1676,#1677,3.8600000000000003);
#1679=IFCSHAPEREPRESENTATION(#11,'Body','SweptSolid',(#1678));
#1680=IFCPRODUCTDEFINITIONSHAPE($,$,(#1679));
#1681=IFCCOLUMN('0uFBHe5GHOVeIFc6XV4iZp',$,'Column B02 35','Perimeter column',$,#1688,#1699,$,$);
#1682=IFCMATERIALPROFILESETUSAGE(#285,$,$);
#1683=IFCRELASSOCIATESMATERIAL('38NtdpnlDVz8SLeN7Uj9RX',$,$,$,(#1681),#1682);
#1684=IFCCARTESIANPOINT((9.75516744393736,-42.69580932212589,-8.4));
#1685=IFCDIRECTION((0.,0.,1.));
#1686=IFCDIRECTION((1.,0.,0.));
#1687=IFCAXIS2PLACEMENT3D(#1684,#1685,#1686);
#1688=IFCLOCALPLACEMENT(#62,#1687);
#1689=IFCCARTESIANPOINTLIST2D(((0.,0.),(0.65,0.),(0.65,0.65),(0.,0.65)));
#1690=IFCINDEXEDPOLYCURVE(#1689,(IFCLINEINDEX((1,2,3,4,1))),$);
#1691=IFCARBITRARYCLOSEDPROFILEDEF(.AREA.,$,#1690);
#1692=IFCCARTESIANPOINT((0.,0.,0.));
#1693=IFCDIRECTION((0.,0.,1.));
#1694=IFCDIRECTION((1.,0.,0.));
#1695=IFCAXIS2PLACEMENT3D(#1692,#1693,#1694);
#1696=IFCDIRECTION((0.,0.,1.));
#1697=IFCEXTRUDEDAREASOLID(#1691,#1695,#1696,3.8600000000000003);
#1698=IFCSHAPEREPRESENTATION(#11,'Body','SweptSolid',(#1697));
#1699=IFCPRODUCTDEFINITIONSHAPE($,$,(#1698));
#1700=IFCCOLUMN('0ZrAegv1nR8RdGNk8q6xdN',$,'Column B02 36','Perimeter column',$,#1707,#1718,$,$);
#1701=IFCMATERIALPROFILESETUSAGE(#285,$,$);
#1702=IFCRELASSOCIATESMATERIAL('2_BSUNVcPSXukZjqNCcqui',$,$,$,(#1700),#1701);
#1703=IFCCARTESIANPOINT((15.266155982504156,-37.07230713886844,-8.4));
#1704=IFCDIRECTION((0.,0.,1.));
#1705=IFCDIRECTION((1.,0.,0.));
#1706=IFCAXIS2PLACEMENT3D(#1703,#1704,#1705);
#1707=IFCLOCALPLACEMENT(#62,#1706);
#1708=IFCCARTESIANPOINTLIST2D(((0.,0.),(0.65,0.),(0.65,0.65),(0.,0.65)));
#1709=IFCINDEXEDPOLYCURVE(#1708,(IFCLINEINDEX((1,2,3,4,1))),$);
#1710=IFCARBITRARYCLOSEDPROFILEDEF(.AREA.,$,#1709);
#1711=IFCCARTESIANPOINT((0.,0.,0.));
#1712=IFCDIRECTION((0.,0.,1.));
#1713=IFCDIRECTION((1.,0.,0.));
#1714=IFCAXIS2PLACEMENT3D(#1711,#1712,#1713);
#1715=IFCDIRECTION((0.,0.,1.));
#1716=IFCEXTRUDEDAREASOLID(#1710,#1714,#1715,3.8600000000000003);
#1717=IFCSHAPEREPRESENTATION(#11,'Body','SweptSolid',(#1716));
#1718=IFCPRODUCTDEFINITIONSHAPE($,$,(#1717));
#1719=IFCCOLUMN('3WlfYaNojOIugaJ6eXBeog',$,'Column B02 37','Perimeter column',$,#1726,#1737,$,$);
#1720=IFCMATERIALPROFILESETUSAGE(#285,$,$);
#1721=IFCRELASSOCIATESMATERIAL('0usE8OrRHGD9lDZeeEr8yG',$,$,$,(#1719),#1720);
#1722=IFCCARTESIANPOINT((17.930704931459303,-31.05825096159735,-8.4));
#1723=IFCDIRECTION((0.,0.,1.));
#1724=IFCDIRECTION((1.,0.,0.));
#1725=IFCAXIS2PLACEMENT3D(#1722,#1723,#1724);
#1726=IFCLOCALPLACEMENT(#62,#1725);
#1727=IFCCARTESIANPOINTLIST2D(((0.,0.),(0.65,0.),(0.65,0.65),(0.,0.65)));
#1728=IFCINDEXEDPOLYCURVE(#1727,(IFCLINEINDEX((1,2,3,4,1))),$);
#1729=IFCARBITRARYCLOSEDPROFILEDEF(.AREA.,$,#1728);
#1730=IFCCARTESIANPOINT((0.,0.,0.));
#1731=IFCDIRECTION((0.,0.,1.));
#1732=IFCDIRECTION((1.,0.,0.));
#1733=IFCAXIS2PLACEMENT3D(#1730,#1731,#1732);
#1734=IFCDIRECTION((0.,0.,1.));
#1735=IFCEXTRUDEDAREASOLID(#1729,#1733,#1734,3.8600000000000003);
#1736=IFCSHAPEREPRESENTATION(#11,'Body','SweptSolid',(#1735));
#1737=IFCPRODUCTDEFINITIONSHAPE($,$,(#1736));
#1738=IFCCOLUMN('3HgbIoVmTKbuaaNvR4se38',$,'Column B02 38','Perimeter column',$,#1745,#1756,$,$);
#1739=IFCMATERIALPROFILESETUSAGE(#285,$,$);
#1740=IFCRELASSOCIATESMATERIAL('1jH$t7bVLPVx91XadbTekP',$,$,$,(#1738),#1739);
#1741=IFCCARTESIANPOINT((21.73315644548457,-22.900962044102332,-8.4));
#1742=IFCDIRECTION((0.,0.,1.));
#1743=IFCDIRECTION((1.,0.,0.));
#1744=IFCAXIS2PLACEMENT3D(#1741,#1742,#1743);
#1745=IFCLOCALPLACEMENT(#62,#1744);
#1746=IFCCARTESIANPOINTLIST2D(((0.,0.),(0.65,0.),(0.65,0.65),(0.,0.65)));
#1747=IFCINDEXEDPOLYCURVE(#1746,(IFCLINEINDEX((1,2,3,4,1))),$);
#1748=IFCARBITRARYCLOSEDPROFILEDEF(.AREA.,$,#1747);
#1749=IFCCARTESIANPOINT((0.,0.,0.));
#1750=IFCDIRECTION((0.,0.,1.));
#1751=IFCDIRECTION((1.,0.,0.));
#1752=IFCAXIS2PLACEMENT3D(#1749,#1750,#1751);
#1753=IFCDIRECTION((0.,0.,1.));
#1754=IFCEXTRUDEDAREASOLID(#1748,#1752,#1753,3.8600000000000003);
#1755=IFCSHAPEREPRESENTATION(#11,'Body','SweptSolid',(#1754));
#1756=IFCPRODUCTDEFINITIONSHAPE($,$,(#1755));
#1757=IFCCOLUMN('1bUwAWgjzUIxL4mvWNDaiK',$,'Column B02 39','Perimeter column',$,#1764,#1775,$,$);
#1758=IFCMATERIALPROFILESETUSAGE(#285,$,$);
#1759=IFCRELASSOCIATESMATERIAL('10Ka2HVffP2uZOzrz1jfWK',$,$,$,(#1757),#1758);
#1760=IFCCARTESIANPOINT((25.53560795950984,-14.743673126607323,-8.4));
#1761=IFCDIRECTION((0.,0.,1.));
#1762=IFCDIRECTION((1.,0.,0.));
#1763=IFCAXIS2PLACEMENT3D(#1760,#1761,#1762);
#1764=IFCLOCALPLACEMENT(#62,#1763);
#1765=IFCCARTESIANPOINTLIST2D(((0.,0.),(0.65,0.),(0.65,0.65),(0.,0.65)));
#1766=IFCINDEXEDPOLYCURVE(#1765,(IFCLINEINDEX((1,2,3,4,1))),$);
#1767=IFCARBITRARYCLOSEDPROFILEDEF(.AREA.,$,#1766);
#1768=IFCCARTESIANPOINT((0.,0.,0.));
#1769=IFCDIRECTION((0.,0.,1.));
#1770=IFCDIRECTION((1.,0.,0.));
#1771=IFCAXIS2PLACEMENT3D(#1768,#1769,#1770);
#1772=IFCDIRECTION((0.,0.,1.));
#1773=IFCEXTRUDEDAREASOLID(#1767,#1771,#1772,3.8600000000000003);
#1774=IFCSHAPEREPRESENTATION(#11,'Body','SweptSolid',(#1773));
#1775=IFCPRODUCTDEFINITIONSHAPE($,$,(#1774));
#1776=IFCCOLUMN('24CxevKv1HgBDL8KqEtgMi',$,'Column B02 40','Perimeter column',$,#1783,#1794,$,$);
#1777=IFCMATERIALPROFILESETUSAGE(#285,$,$);
#1778=IFCRELASSOCIATESMATERIAL('18TzRoIqjTWQdC0WcW_XIu',$,$,$,(#1776),#1777);
#1779=IFCCARTESIANPOINT((25.373763848963062,-8.731882765995248,-8.4));
#1780=IFCDIRECTION((0.,0.,1.));
#1781=IFCDIRECTION((1.,0.,0.));
#1782=IFCAXIS2PLACEMENT3D(#1779,#1780,#1781);
#1783=IFCLOCALPLACEMENT(#62,#1782);
#1784=IFCCARTESIANPOINTLIST2D(((0.,0.),(0.65,0.),(0.65,0.65),(0.,0.65)));
#1785=IFCINDEXEDPOLYCURVE(#1784,(IFCLINEINDEX((1,2,3,4,1))),$);
#1786=IFCARBITRARYCLOSEDPROFILEDEF(.AREA.,$,#1785);
#1787=IFCCARTESIANPOINT((0.,0.,0.));
#1788=IFCDIRECTION((0.,0.,1.));
#1789=IFCDIRECTION((1.,0.,0.));
#1790=IFCAXIS2PLACEMENT3D(#1787,#1788,#1789);
#1791=IFCDIRECTION((0.,0.,1.));
#1792=IFCEXTRUDEDAREASOLID(#1786,#1790,#1791,3.8600000000000003);
#1793=IFCSHAPEREPRESENTATION(#11,'Body','SweptSolid',(#1792));
#1794=IFCPRODUCTDEFINITIONSHAPE($,$,(#1793));
#1795=IFCCOLUMN('0g9dUtlWfRMvR9Krj$nwRu',$,'Column B02 41','Perimeter column',$,#1802,#1813,$,$);
#1796=IFCMATERIALPROFILESETUSAGE(#285,$,$);
#1797=IFCRELASSOCIATESMATERIAL('1kaD_7xJrMYh5Q1bMzUrQn',$,$,$,(#1795),#1796);
#1798=IFCCARTESIANPOINT((29.237365378395825,-0.6033784003837759,-8.4));
#1799=IFCDIRECTION((0.,0.,1.));
#1800=IFCDIRECTION((1.,0.,0.));
#1801=IFCAXIS2PLACEMENT3D(#1798,#1799,#1800);
#1802=IFCLOCALPLACEMENT(#62,#1801);
#1803=IFCCARTESIANPOINTLIST2D(((0.,0.),(0.65,0.),(0.65,0.65),(0.,0.65)));
#1804=IFCINDEXEDPOLYCURVE(#1803,(IFCLINEINDEX((1,2,3,4,1))),$);
#1805=IFCARBITRARYCLOSEDPROFILEDEF(.AREA.,$,#1804);
#1806=IFCCARTESIANPOINT((0.,0.,0.));
#1807=IFCDIRECTION((0.,0.,1.));
#1808=IFCDIRECTION((1.,0.,0.));
#1809=IFCAXIS2PLACEMENT3D(#1806,#1807,#1808);
#1810=IFCDIRECTION((0.,0.,1.));
#1811=IFCEXTRUDEDAREASOLID(#1805,#1809,#1810,3.8600000000000003);
#1812=IFCSHAPEREPRESENTATION(#11,'Body','SweptSolid',(#1811));
#1813=IFCPRODUCTDEFINITIONSHAPE($,$,(#1812));
#1814=IFCCOLUMN('0sKkwIjn1MRAuZeOqXStAF',$,'Column B02 42','Perimeter column',$,#1821,#1832,$,$);
#1815=IFCMATERIALPROFILESETUSAGE(#285,$,$);
#1816=IFCRELASSOCIATESMATERIAL('1e7UeDFFDQFO545pdpr92q',$,$,$,(#1814),#1815);
#1817=IFCCARTESIANPOINT((33.10096690782859,7.525125965227697,-8.4));
#1818=IFCDIRECTION((0.,0.,1.));
#1819=IFCDIRECTION((1.,0.,0.));
#1820=IFCAXIS2PLACEMENT3D(#1817,#1818,#1819);
#1821=IFCLOCALPLACEMENT(#62,#1820);
#1822=IFCCARTESIANPOINTLIST2D(((0.,0.),(0.65,0.),(0.65,0.65),(0.,0.65)));
#1823=IFCINDEXEDPOLYCURVE(#1822,(IFCLINEINDEX((1,2,3,4,1))),$);
#1824=IFCARBITRARYCLOSEDPROFILEDEF(.AREA.,$,#1823);
#1825=IFCCARTESIANPOINT((0.,0.,0.));
#1826=IFCDIRECTION((0.,0.,1.));
#1827=IFCDIRECTION((1.,0.,0.));
#1828=IFCAXIS2PLACEMENT3D(#1825,#1826,#1827);
#1829=IFCDIRECTION((0.,0.,1.));
#1830=IFCEXTRUDEDAREASOLID(#1824,#1828,#1829,3.8600000000000003);
#1831=IFCSHAPEREPRESENTATION(#11,'Body','SweptSolid',(#1830));
#1832=IFCPRODUCTDEFINITIONSHAPE($,$,(#1831));
#1833=IFCCOLUMN('2SEOn8xzXRng5evw171kKb',$,'Column B02 43','Perimeter column',$,#1840,#1851,$,$);
#1834=IFCMATERIALPROFILESETUSAGE(#285,$,$);
#1835=IFCRELASSOCIATESMATERIAL('3bAkgPXYLLf8TI$jbZ8lEQ',$,$,$,(#1833),#1834);
#1836=IFCCARTESIANPOINT((36.964568437261356,15.65363033083917,-8.4));
#1837=IFCDIRECTION((0.,0.,1.));
#1838=IFCDIRECTION((1.,0.,0.));
#1839=IFCAXIS2PLACEMENT3D(#1836,#1837,#1838);
#1840=IFCLOCALPLACEMENT(#62,#1839);
#1841=IFCCARTESIANPOINTLIST2D(((0.,0.),(0.65,0.),(0.65,0.65),(0.,0.65)));
#1842=IFCINDEXEDPOLYCURVE(#1841,(IFCLINEINDEX((1,2,3,4,1))),$);
#1843=IFCARBITRARYCLOSEDPROFILEDEF(.AREA.,$,#1842);
#1844=IFCCARTESIANPOINT((0.,0.,0.));
#1845=IFCDIRECTION((0.,0.,1.));
#1846=IFCDIRECTION((1.,0.,0.));
#1847=IFCAXIS2PLACEMENT3D(#1844,#1845,#1846);
#1848=IFCDIRECTION((0.,0.,1.));
#1849=IFCEXTRUDEDAREASOLID(#1843,#1847,#1848,3.8600000000000003);
#1850=IFCSHAPEREPRESENTATION(#11,'Body','SweptSolid',(#1849));
#1851=IFCPRODUCTDEFINITIONSHAPE($,$,(#1850));
#1852=IFCCOLUMN('1cPcOscebTOfXfrFGueTlZ',$,'Column B02 44','Perimeter column',$,#1859,#1870,$,$);
#1853=IFCMATERIALPROFILESETUSAGE(#285,$,$);
#1854=IFCRELASSOCIATESMATERIAL('04U3Pqd_HL2uXFSL8GH8Sn',$,$,$,(#1852),#1853);
#1855=IFCCARTESIANPOINT((40.82816996669412,23.78213469645064,-8.4));
#1856=IFCDIRECTION((0.,0.,1.));
#1857=IFCDIRECTION((1.,0.,0.));
#1858=IFCAXIS2PLACEMENT3D(#1855,#1856,#1857);
#1859=IFCLOCALPLACEMENT(#62,#1858);
#1860=IFCCARTESIANPOINTLIST2D(((0.,0.),(0.65,0.),(0.65,0.65),(0.,0.65)));
#1861=IFCINDEXEDPOLYCURVE(#1860,(IFCLINEINDEX((1,2,3,4,1))),$);
#1862=IFCARBITRARYCLOSEDPROFILEDEF(.AREA.,$,#1861);
#1863=IFCCARTESIANPOINT((0.,0.,0.));
#1864=IFCDIRECTION((0.,0.,1.));
#1865=IFCDIRECTION((1.,0.,0.));
#1866=IFCAXIS2PLACEMENT3D(#1863,#1864,#1865);
#1867=IFCDIRECTION((0.,0.,1.));
#1868=IFCEXTRUDEDAREASOLID(#1862,#1866,#1867,3.8600000000000003);
#1869=IFCSHAPEREPRESENTATION(#11,'Body','SweptSolid',(#1868));
#1870=IFCPRODUCTDEFINITIONSHAPE($,$,(#1869));
#1871=IFCCOLUMN('0rQx1fb7jP_ARLV4i5fs$H',$,'Column B02 45','Perimeter column',$,#1878,#1889,$,$);
#1872=IFCMATERIALPROFILESETUSAGE(#285,$,$);
#1873=IFCRELASSOCIATESMATERIAL('01ZVAJaKLG8OKTsy_rIXBh',$,$,$,(#1871),#1872);
#1874=IFCCARTESIANPOINT((41.06723213066488,30.554933010206785,-8.4));
#1875=IFCDIRECTION((0.,0.,1.));
#1876=IFCDIRECTION((1.,0.,0.));
#1877=IFCAXIS2PLACEMENT3D(#1874,#1875,#1876);
#1878=IFCLOCALPLACEMENT(#62,#1877);
#1879=IFCCARTESIANPOINTLIST2D(((0.,0.),(0.65,0.),(0.65,0.65),(0.,0.65)));
#1880=IFCINDEXEDPOLYCURVE(#1879,(IFCLINEINDEX((1,2,3,4,1))),$);
#1881=IFCARBITRARYCLOSEDPROFILEDEF(.AREA.,$,#1880);
#1882=IFCCARTESIANPOINT((0.,0.,0.));
#1883=IFCDIRECTION((0.,0.,1.));
#1884=IFCDIRECTION((1.,0.,0.));
#1885=IFCAXIS2PLACEMENT3D(#1882,#1883,#1884);
#1886=IFCDIRECTION((0.,0.,1.));
#1887=IFCEXTRUDEDAREASOLID(#1881,#1885,#1886,3.8600000000000003);
#1888=IFCSHAPEREPRESENTATION(#11,'Body','SweptSolid',(#1887));
#1889=IFCPRODUCTDEFINITIONSHAPE($,$,(#1888));
#1890=IFCCOLUMN('36MkZwZQHGefdx0d5AuR_N',$,'Column B01 01','Perimeter column',$,#1897,#1908,$,$);
#1891=IFCMATERIALPROFILESETUSAGE(#285,$,$);
#1892=IFCRELASSOCIATESMATERIAL('14IUV1qCzLuhPzZGfsqMfH',$,$,$,(#1890),#1891);
#1893=IFCCARTESIANPOINT((42.745,34.065,0.));
#1894=IFCDIRECTION((0.,0.,1.));
#1895=IFCDIRECTION((1.,0.,0.));
#1896=IFCAXIS2PLACEMENT3D(#1893,#1894,#1895);
#1897=IFCLOCALPLACEMENT(#71,#1896);
#1898=IFCCARTESIANPOINTLIST2D(((0.,0.),(0.65,0.),(0.65,0.65),(0.,0.65)));
#1899=IFCINDEXEDPOLYCURVE(#1898,(IFCLINEINDEX((1,2,3,4,1))),$);
#1900=IFCARBITRARYCLOSEDPROFILEDEF(.AREA.,$,#1899);
#1901=IFCCARTESIANPOINT((0.,0.,0.));
#1902=IFCDIRECTION((0.,0.,1.));
#1903=IFCDIRECTION((1.,0.,0.));
#1904=IFCAXIS2PLACEMENT3D(#1901,#1902,#1903);
#1905=IFCDIRECTION((0.,0.,1.));
#1906=IFCEXTRUDEDAREASOLID(#1900,#1904,#1905,3.8600000000000003);
#1907=IFCSHAPEREPRESENTATION(#11,'Body','SweptSolid',(#1906));
#1908=IFCPRODUCTDEFINITIONSHAPE($,$,(#1907));
#1909=IFCCOLUMN('33snJP4WDNTQ_B6ipfKY7Y',$,'Column B01 02','Perimeter column',$,#1916,#1927,$,$);
#1910=IFCMATERIALPROFILESETUSAGE(#285,$,$);
#1911=IFCRELASSOCIATESMATERIAL('1MHc5jrhjIAOvu4babT98c',$,$,$,(#1909),#1910);
#1912=IFCCARTESIANPOINT((33.81071900414887,35.15064408862824,0.));
#1913=IFCDIRECTION((0.,0.,1.));
#1914=IFCDIRECTION((1.,0.,0.));
#1915=IFCAXIS2PLACEMENT3D(#1912,#1913,#1914);
#1916=IFCLOCALPLACEMENT(#71,#1915);
#1917=IFCCARTESIANPOINTLIST2D(((0.,0.),(0.65,0.),(0.65,0.65),(0.,0.65)));
#1918=IFCINDEXEDPOLYCURVE(#1917,(IFCLINEINDEX((1,2,3,4,1))),$);
#1919=IFCARBITRARYCLOSEDPROFILEDEF(.AREA.,$,#1918);
#1920=IFCCARTESIANPOINT((0.,0.,0.));
#1921=IFCDIRECTION((0.,0.,1.));
#1922=IFCDIRECTION((1.,0.,0.));
#1923=IFCAXIS2PLACEMENT3D(#1920,#1921,#1922);
#1924=IFCDIRECTION((0.,0.,1.));
#1925=IFCEXTRUDEDAREASOLID(#1919,#1923,#1924,3.8600000000000003);
#1926=IFCSHAPEREPRESENTATION(#11,'Body','SweptSolid',(#1925));
#1927=IFCPRODUCTDEFINITIONSHAPE($,$,(#1926));
#1928=IFCCOLUMN('2YqC0TFRPPQR4hNXKS2O88',$,'Column B01 03','Perimeter column',$,#1935,#1946,$,$);
#1929=IFCMATERIALPROFILESETUSAGE(#285,$,$);
#1930=IFCRELASSOCIATESMATERIAL('39GTQnTJXHwBK3tvrQ9sh0',$,$,$,(#1928),#1929);
#1931=IFCCARTESIANPOINT((24.876438008297754,36.23628817725648,0.));
#1932=IFCDIRECTION((0.,0.,1.));
#1933=IFCDIRECTION((1.,0.,0.));
#1934=IFCAXIS2PLACEMENT3D(#1931,#1932,#1933);
#1935=IFCLOCALPLACEMENT(#71,#1934);
#1936=IFCCARTESIANPOINTLIST2D(((0.,0.),(0.65,0.),(0.65,0.65),(0.,0.65)));
#1937=IFCINDEXEDPOLYCURVE(#1936,(IFCLINEINDEX((1,2,3,4,1))),$);
#1938=IFCARBITRARYCLOSEDPROFILEDEF(.AREA.,$,#1937);
#1939=IFCCARTESIANPOINT((0.,0.,0.));
#1940=IFCDIRECTION((0.,0.,1.));
#1941=IFCDIRECTION((1.,0.,0.));
#1942=IFCAXIS2PLACEMENT3D(#1939,#1940,#1941);
#1943=IFCDIRECTION((0.,0.,1.));
#1944=IFCEXTRUDEDAREASOLID(#1938,#1942,#1943,3.8600000000000003);
#1945=IFCSHAPEREPRESENTATION(#11,'Body','SweptSolid',(#1944));
#1946=IFCPRODUCTDEFINITIONSHAPE($,$,(#1945));
#1947=IFCCOLUMN('21w6oklvHOEALJvPvYGRZu',$,'Column B01 04','Perimeter column',$,#1954,#1965,$,$);
#1948=IFCMATERIALPROFILESETUSAGE(#285,$,$);
#1949=IFCRELASSOCIATESMATERIAL('1jgXthP49P0BYUsfCrNH_G',$,$,$,(#1947),#1948);
#1950=IFCCARTESIANPOINT((18.39888691413214,39.39643983836554,0.));
#1951=IFCDIRECTION((0.,0.,1.));
#1952=IFCDIRECTION((1.,0.,0.));
#1953=IFCAXIS2PLACEMENT3D(#1950,#1951,#1952);
#1954=IFCLOCALPLACEMENT(#71,#1953);
#1955=IFCCARTESIANPOINTLIST2D(((0.,0.),(0.65,0.),(0.65,0.65),(0.,0.65)));
#1956=IFCINDEXEDPOLYCURVE(#1955,(IFCLINEINDEX((1,2,3,4,1))),$);
#1957=IFCARBITRARYCLOSEDPROFILEDEF(.AREA.,$,#1956);
#1958=IFCCARTESIANPOINT((0.,0.,0.));
#1959=IFCDIRECTION((0.,0.,1.));
#1960=IFCDIRECTION((1.,0.,0.));
#1961=IFCAXIS2PLACEMENT3D(#1958,#1959,#1960);
#1962=IFCDIRECTION((0.,0.,1.));
#1963=IFCEXTRUDEDAREASOLID(#1957,#1961,#1962,3.8600000000000003);
#1964=IFCSHAPEREPRESENTATION(#11,'Body','SweptSolid',(#1963));
#1965=IFCPRODUCTDEFINITIONSHAPE($,$,(#1964));
#1966=IFCCOLUMN('2$TOsfM6bLuv_u3h8vzoUQ',$,'Column B01 05','Perimeter column',$,#1973,#1984,$,$);
#1967=IFCMATERIALPROFILESETUSAGE(#285,$,$);
#1968=IFCRELASSOCIATESMATERIAL('1kgBxoLCLRCgne03pfLjHU',$,$,$,(#1966),#1967);
#1969=IFCCARTESIANPOINT((9.521292863406574,40.60281194577369,0.));
#1970=IFCDIRECTION((0.,0.,1.));
#1971=IFCDIRECTION((1.,0.,0.));
#1972=IFCAXIS2PLACEMENT3D(#1969,#1970,#1971);
#1973=IFCLOCALPLACEMENT(#71,#1972);
#1974=IFCCARTESIANPOINTLIST2D(((0.,0.),(0.65,0.),(0.65,0.65),(0.,0.65)));
#1975=IFCINDEXEDPOLYCURVE(#1974,(IFCLINEINDEX((1,2,3,4,1))),$);
#1976=IFCARBITRARYCLOSEDPROFILEDEF(.AREA.,$,#1975);
#1977=IFCCARTESIANPOINT((0.,0.,0.));
#1978=IFCDIRECTION((0.,0.,1.));
#1979=IFCDIRECTION((1.,0.,0.));
#1980=IFCAXIS2PLACEMENT3D(#1977,#1978,#1979);
#1981=IFCDIRECTION((0.,0.,1.));
#1982=IFCEXTRUDEDAREASOLID(#1976,#1980,#1981,3.8600000000000003);
#1983=IFCSHAPEREPRESENTATION(#11,'Body','SweptSolid',(#1982));
#1984=IFCPRODUCTDEFINITIONSHAPE($,$,(#1983));
#1985=IFCCOLUMN('0prg2Z3tfJThmxfQu8GLq_',$,'Column B01 06','Perimeter column',$,#1992,#2003,$,$);
#1986=IFCMATERIALPROFILESETUSAGE(#285,$,$);
#1987=IFCRELASSOCIATESMATERIAL('3pru2d8MXOSe9Ot$YouwM5',$,$,$,(#1985),#1986);
#1988=IFCCARTESIANPOINT((0.5973524952628992,41.77041132304988,0.));
#1989=IFCDIRECTION((0.,0.,1.));
#1990=IFCDIRECTION((1.,0.,0.));
#1991=IFCAXIS2PLACEMENT3D(#1988,#1989,#1990);
#1992=IFCLOCALPLACEMENT(#71,#1991);
#1993=IFCCARTESIANPOINTLIST2D(((0.,0.),(0.65,0.),(0.65,0.65),(0.,0.65)));
#1994=IFCINDEXEDPOLYCURVE(#1993,(IFCLINEINDEX((1,2,3,4,1))),$);
#1995=IFCARBITRARYCLOSEDPROFILEDEF(.AREA.,$,#1994);
#1996=IFCCARTESIANPOINT((0.,0.,0.));
#1997=IFCDIRECTION((0.,0.,1.));
#1998=IFCDIRECTION((1.,0.,0.));
#1999=IFCAXIS2PLACEMENT3D(#1996,#1997,#1998);
#2000=IFCDIRECTION((0.,0.,1.));
#2001=IFCEXTRUDEDAREASOLID(#1995,#1999,#2000,3.8600000000000003);
#2002=IFCSHAPEREPRESENTATION(#11,'Body','SweptSolid',(#2001));
#2003=IFCPRODUCTDEFINITIONSHAPE($,$,(#2002));
#2004=IFCCOLUMN('0zJcklZd5JmwE4Dc6osa9R',$,'Column B01 07','Perimeter column',$,#2011,#2022,$,$);
#2005=IFCMATERIALPROFILESETUSAGE(#285,$,$);
#2006=IFCRELASSOCIATESMATERIAL('0NPlDYj8rIr9wEdkyfRtN5',$,$,$,(#2004),#2005);
#2007=IFCCARTESIANPOINT((-7.985308559910617,42.51269073477726,0.));
#2008=IFCDIRECTION((0.,0.,1.));
#2009=IFCDIRECTION((1.,0.,0.));
#2010=IFCAXIS2PLACEMENT3D(#2007,#2008,#2009);
#2011=IFCLOCALPLACEMENT(#71,#2010);
#2012=IFCCARTESIANPOINTLIST2D(((0.,0.),(0.65,0.),(0.65,0.65),(0.,0.65)));
#2013=IFCINDEXEDPOLYCURVE(#2012,(IFCLINEINDEX((1,2,3,4,1))),$);
#2014=IFCARBITRARYCLOSEDPROFILEDEF(.AREA.,$,#2013);
#2015=IFCCARTESIANPOINT((0.,0.,0.));
#2016=IFCDIRECTION((0.,0.,1.));
#2017=IFCDIRECTION((1.,0.,0.));
#2018=IFCAXIS2PLACEMENT3D(#2015,#2016,#2017);
#2019=IFCDIRECTION((0.,0.,1.));
#2020=IFCEXTRUDEDAREASOLID(#2014,#2018,#2019,3.8600000000000003);
#2021=IFCSHAPEREPRESENTATION(#11,'Body','SweptSolid',(#2020));
#2022=IFCPRODUCTDEFINITIONSHAPE($,$,(#2021));
#2023=IFCCOLUMN('0ofRVpk9jRNOAEEN4CFT1R',$,'Column B01 08','Perimeter column',$,#2030,#2041,$,$);
#2024=IFCMATERIALPROFILESETUSAGE(#285,$,$);
#2025=IFCRELASSOCIATESMATERIAL('3NKN4hcfvS6B9uMvn_TEB6',$,$,$,(#2023),#2024);
#2026=IFCCARTESIANPOINT((-15.035671108773196,41.44742980195001,0.));
#2027=IFCDIRECTION((0.,0.,1.));
#2028=IFCDIRECTION((1.,0.,0.));
#2029=IFCAXIS2PLACEMENT3D(#2026,#2027,#2028);
#2030=IFCLOCALPLACEMENT(#71,#2029);
#2031=IFCCARTESIANPOINTLIST2D(((0.,0.),(0.65,0.),(0.65,0.65),(0.,0.65)));
#2032=IFCINDEXEDPOLYCURVE(#2031,(IFCLINEINDEX((1,2,3,4,1))),$);
#2033=IFCARBITRARYCLOSEDPROFILEDEF(.AREA.,$,#2032);
#2034=IFCCARTESIANPOINT((0.,0.,0.));
#2035=IFCDIRECTION((0.,0.,1.));
#2036=IFCDIRECTION((1.,0.,0.));
#2037=IFCAXIS2PLACEMENT3D(#2034,#2035,#2036);
#2038=IFCDIRECTION((0.,0.,1.));
#2039=IFCEXTRUDEDAREASOLID(#2033,#2037,#2038,3.8600000000000003);
#2040=IFCSHAPEREPRESENTATION(#11,'Body','SweptSolid',(#2039));
#2041=IFCPRODUCTDEFINITIONSHAPE($,$,(#2040));
#2042=IFCCOLUMN('2k52Q69O1RqxZPIXYcey$c',$,'Column B01 09','Perimeter column',$,#2049,#2060,$,$);
#2043=IFCMATERIALPROFILESETUSAGE(#285,$,$);
#2044=IFCRELASSOCIATESMATERIAL('2sV8_E5hfOOgGcVZUXbBXW',$,$,$,(#2042),#2043);
#2045=IFCCARTESIANPOINT((-23.944088933223615,42.7280905161964,0.));
#2046=IFCDIRECTION((0.,0.,1.));
#2047=IFCDIRECTION((1.,0.,0.));
#2048=IFCAXIS2PLACEMENT3D(#2045,#2046,#2047);
#2049=IFCLOCALPLACEMENT(#71,#2048);
#2050=IFCCARTESIANPOINTLIST2D(((0.,0.),(0.65,0.),(0.65,0.65),(0.,0.65)));
#2051=IFCINDEXEDPOLYCURVE(#2050,(IFCLINEINDEX((1,2,3,4,1))),$);
#2052=IFCARBITRARYCLOSEDPROFILEDEF(.AREA.,$,#2051);
#2053=IFCCARTESIANPOINT((0.,0.,0.));
#2054=IFCDIRECTION((0.,0.,1.));
#2055=IFCDIRECTION((1.,0.,0.));
#2056=IFCAXIS2PLACEMENT3D(#2053,#2054,#2055);
#2057=IFCDIRECTION((0.,0.,1.));
#2058=IFCEXTRUDEDAREASOLID(#2052,#2056,#2057,3.8600000000000003);
#2059=IFCSHAPEREPRESENTATION(#11,'Body','SweptSolid',(#2058));
#2060=IFCPRODUCTDEFINITIONSHAPE($,$,(#2059));
#2061=IFCCOLUMN('1FHSQGlZPRMAP15to0_44g',$,'Column B01 10','Perimeter column',$,#2068,#2079,$,$);
#2062=IFCMATERIALPROFILESETUSAGE(#285,$,$);
#2063=IFCRELASSOCIATESMATERIAL('36eEBzVNLMCeHZUaGWYe0x',$,$,$,(#2061),#2062);
#2064=IFCCARTESIANPOINT((-32.852506757674035,44.0087512304428,0.));
#2065=IFCDIRECTION((0.,0.,1.));
#2066=IFCDIRECTION((1.,0.,0.));
#2067=IFCAXIS2PLACEMENT3D(#2064,#2065,#2066);
#2068=IFCLOCALPLACEMENT(#71,#2067);
#2069=IFCCARTESIANPOINTLIST2D(((0.,0.),(0.65,0.),(0.65,0.65),(0.,0.65)));
#2070=IFCINDEXEDPOLYCURVE(#2069,(IFCLINEINDEX((1,2,3,4,1))),$);
#2071=IFCARBITRARYCLOSEDPROFILEDEF(.AREA.,$,#2070);
#2072=IFCCARTESIANPOINT((0.,0.,0.));
#2073=IFCDIRECTION((0.,0.,1.));
#2074=IFCDIRECTION((1.,0.,0.));
#2075=IFCAXIS2PLACEMENT3D(#2072,#2073,#2074);
#2076=IFCDIRECTION((0.,0.,1.));
#2077=IFCEXTRUDEDAREASOLID(#2071,#2075,#2076,3.8600000000000003);
#2078=IFCSHAPEREPRESENTATION(#11,'Body','SweptSolid',(#2077));
#2079=IFCPRODUCTDEFINITIONSHAPE($,$,(#2078));
#2080=IFCCOLUMN('0WN7he0kTSPuqrPXoxLTK9',$,'Column B01 11','Perimeter column',$,#2087,#2098,$,$);
#2081=IFCMATERIALPROFILESETUSAGE(#285,$,$);
#2082=IFCRELASSOCIATESMATERIAL('0soRjMfArS$OOdMQbj105x',$,$,$,(#2080),#2081);
#2083=IFCCARTESIANPOINT((-41.76092458212445,45.28941194468919,0.));
#2084=IFCDIRECTION((0.,0.,1.));
#2085=IFCDIRECTION((1.,0.,0.));
#2086=IFCAXIS2PLACEMENT3D(#2083,#2084,#2085);
#2087=IFCLOCALPLACEMENT(#71,#2086);
#2088=IFCCARTESIANPOINTLIST2D(((0.,0.),(0.65,0.),(0.65,0.65),(0.,0.65)));
#2089=IFCINDEXEDPOLYCURVE(#2088,(IFCLINEINDEX((1,2,3,4,1))),$);
#2090=IFCARBITRARYCLOSEDPROFILEDEF(.AREA.,$,#2089);
#2091=IFCCARTESIANPOINT((0.,0.,0.));
#2092=IFCDIRECTION((0.,0.,1.));
#2093=IFCDIRECTION((1.,0.,0.));
#2094=IFCAXIS2PLACEMENT3D(#2091,#2092,#2093);
#2095=IFCDIRECTION((0.,0.,1.));
#2096=IFCEXTRUDEDAREASOLID(#2090,#2094,#2095,3.8600000000000003);
#2097=IFCSHAPEREPRESENTATION(#11,'Body','SweptSolid',(#2096));
#2098=IFCPRODUCTDEFINITIONSHAPE($,$,(#2097));
#2099=IFCCOLUMN('0ElT$1kCbHFQXKgjOf8kBd',$,'Column B01 12','Perimeter column',$,#2106,#2117,$,$);
#2100=IFCMATERIALPROFILESETUSAGE(#285,$,$);
#2101=IFCRELASSOCIATESMATERIAL('1olyE6KAPRXeimAJqnCTSF',$,$,$,(#2099),#2100);
#2102=IFCCARTESIANPOINT((-50.66934240657487,46.57007265893558,0.));
#2103=IFCDIRECTION((0.,0.,1.));
#2104=IFCDIRECTION((1.,0.,0.));
#2105=IFCAXIS2PLACEMENT3D(#2102,#2103,#2104);
#2106=IFCLOCALPLACEMENT(#71,#2105);
#2107=IFCCARTESIANPOINTLIST2D(((0.,0.),(0.65,0.),(0.65,0.65),(0.,0.65)));
#2108=IFCINDEXEDPOLYCURVE(#2107,(IFCLINEINDEX((1,2,3,4,1))),$);
#2109=IFCARBITRARYCLOSEDPROFILEDEF(.AREA.,$,#2108);
#2110=IFCCARTESIANPOINT((0.,0.,0.));
#2111=IFCDIRECTION((0.,0.,1.));
#2112=IFCDIRECTION((1.,0.,0.));
#2113=IFCAXIS2PLACEMENT3D(#2110,#2111,#2112);
#2114=IFCDIRECTION((0.,0.,1.));
#2115=IFCEXTRUDEDAREASOLID(#2109,#2113,#2114,3.8600000000000003);
#2116=IFCSHAPEREPRESENTATION(#11,'Body','SweptSolid',(#2115));
#2117=IFCPRODUCTDEFINITIONSHAPE($,$,(#2116));
#2118=IFCCOLUMN('2ULmh4opnKrvOtuDJnjQ3I',$,'Column B01 13','Perimeter column',$,#2125,#2136,$,$);
#2119=IFCMATERIALPROFILESETUSAGE(#285,$,$);
#2120=IFCRELASSOCIATESMATERIAL('2L_14F9dzH6B0MrClpU$2X',$,$,$,(#2118),#2119);
#2121=IFCCARTESIANPOINT((-59.577760231025295,47.850733373181974,0.));
#2122=IFCDIRECTION((0.,0.,1.));
#2123=IFCDIRECTION((1.,0.,0.));
#2124=IFCAXIS2PLACEMENT3D(#2121,#2122,#2123);
#2125=IFCLOCALPLACEMENT(#71,#2124);
#2126=IFCCARTESIANPOINTLIST2D(((0.,0.),(0.65,0.),(0.65,0.65),(0.,0.65)));
#2127=IFCINDEXEDPOLYCURVE(#2126,(IFCLINEINDEX((1,2,3,4,1))),$);
#2128=IFCARBITRARYCLOSEDPROFILEDEF(.AREA.,$,#2127);
#2129=IFCCARTESIANPOINT((0.,0.,0.));
#2130=IFCDIRECTION((0.,0.,1.));
#2131=IFCDIRECTION((1.,0.,0.));
#2132=IFCAXIS2PLACEMENT3D(#2129,#2130,#2131);
#2133=IFCDIRECTION((0.,0.,1.));
#2134=IFCEXTRUDEDAREASOLID(#2128,#2132,#2133,3.8600000000000003);
#2135=IFCSHAPEREPRESENTATION(#11,'Body','SweptSolid',(#2134));
#2136=IFCPRODUCTDEFINITIONSHAPE($,$,(#2135));
#2137=IFCCOLUMN('2uXZvLAIXUKe_ubEn$j58s',$,'Column B01 14','Perimeter column',$,#2144,#2155,$,$);
#2138=IFCMATERIALPROFILESETUSAGE(#285,$,$);
#2139=IFCRELASSOCIATESMATERIAL('25yzQymqnQe80QWkU7EdjS',$,$,$,(#2137),#2138);
#2140=IFCCARTESIANPOINT((-68.4861780554757,49.13139408742837,0.));
#2141=IFCDIRECTION((0.,0.,1.));
#2142=IFCDIRECTION((1.,0.,0.));
#2143=IFCAXIS2PLACEMENT3D(#2140,#2141,#2142);
#2144=IFCLOCALPLACEMENT(#71,#2143);
#2145=IFCCARTESIANPOINTLIST2D(((0.,0.),(0.65,0.),(0.65,0.65),(0.,0.65)));
#2146=IFCINDEXEDPOLYCURVE(#2145,(IFCLINEINDEX((1,2,3,4,1))),$);
#2147=IFCARBITRARYCLOSEDPROFILEDEF(.AREA.,$,#2146);
#2148=IFCCARTESIANPOINT((0.,0.,0.));
#2149=IFCDIRECTION((0.,0.,1.));
#2150=IFCDIRECTION((1.,0.,0.));
#2151=IFCAXIS2PLACEMENT3D(#2148,#2149,#2150);
#2152=IFCDIRECTION((0.,0.,1.));
#2153=IFCEXTRUDEDAREASOLID(#2147,#2151,#2152,3.8600000000000003);
#2154=IFCSHAPEREPRESENTATION(#11,'Body','SweptSolid',(#2153));
#2155=IFCPRODUCTDEFINITIONSHAPE($,$,(#2154));
#2156=IFCCOLUMN('0ZTiOSbBPHefr1CkZjyh_D',$,'Column B01 15','Perimeter column',$,#2163,#2174,$,$);
#2157=IFCMATERIALPROFILESETUSAGE(#285,$,$);
#2158=IFCRELASSOCIATESMATERIAL('1m3gXdzSHQx8H30ySRPWiJ',$,$,$,(#2156),#2157);
#2159=IFCCARTESIANPOINT((-77.39459587992613,50.41205480167476,0.));
#2160=IFCDIRECTION((0.,0.,1.));
#2161=IFCDIRECTION((1.,0.,0.));
#2162=IFCAXIS2PLACEMENT3D(#2159,#2160,#2161);
#2163=IFCLOCALPLACEMENT(#71,#2162);
#2164=IFCCARTESIANPOINTLIST2D(((0.,0.),(0.65,0.),(0.65,0.65),(0.,0.65)));
#2165=IFCINDEXEDPOLYCURVE(#2164,(IFCLINEINDEX((1,2,3,4,1))),$);
#2166=IFCARBITRARYCLOSEDPROFILEDEF(.AREA.,$,#2165);
#2167=IFCCARTESIANPOINT((0.,0.,0.));
#2168=IFCDIRECTION((0.,0.,1.));
#2169=IFCDIRECTION((1.,0.,0.));
#2170=IFCAXIS2PLACEMENT3D(#2167,#2168,#2169);
#2171=IFCDIRECTION((0.,0.,1.));
#2172=IFCEXTRUDEDAREASOLID(#2166,#2170,#2171,3.8600000000000003);
#2173=IFCSHAPEREPRESENTATION(#11,'Body','SweptSolid',(#2172));
#2174=IFCPRODUCTDEFINITIONSHAPE($,$,(#2173));
#2175=IFCCOLUMN('2iYabVYaDJawKJRA9nDd4I',$,'Column B01 16','Perimeter column',$,#2182,#2193,$,$);
#2176=IFCMATERIALPROFILESETUSAGE(#285,$,$);
#2177=IFCRELASSOCIATESMATERIAL('0yweiXBn9V2x2fS3TTvmcJ',$,$,$,(#2175),#2176);
#2178=IFCCARTESIANPOINT((-80.6969627091795,47.75323304382168,0.));
#2179=IFCDIRECTION((0.,0.,1.));
#2180=IFCDIRECTION((1.,0.,0.));
#2181=IFCAXIS2PLACEMENT3D(#2178,#2179,#2180);
#2182=IFCLOCALPLACEMENT(#71,#2181);
#2183=IFCCARTESIANPOINTLIST2D(((0.,0.),(0.65,0.),(0.65,0.65),(0.,0.65)));
#2184=IFCINDEXEDPOLYCURVE(#2183,(IFCLINEINDEX((1,2,3,4,1))),$);
#2185=IFCARBITRARYCLOSEDPROFILEDEF(.AREA.,$,#2184);
#2186=IFCCARTESIANPOINT((0.,0.,0.));
#2187=IFCDIRECTION((0.,0.,1.));
#2188=IFCDIRECTION((1.,0.,0.));
#2189=IFCAXIS2PLACEMENT3D(#2186,#2187,#2188);
#2190=IFCDIRECTION((0.,0.,1.));
#2191=IFCEXTRUDEDAREASOLID(#2185,#2189,#2190,3.8600000000000003);
#2192=IFCSHAPEREPRESENTATION(#11,'Body','SweptSolid',(#2191));
#2193=IFCPRODUCTDEFINITIONSHAPE($,$,(#2192));
#2194=IFCCOLUMN('1X$l55GevKtvrwzaA_hWIZ',$,'Column B01 17','Perimeter column',$,#2201,#2212,$,$);
#2195=IFCMATERIALPROFILESETUSAGE(#285,$,$);
#2196=IFCRELASSOCIATESMATERIAL('1JEc73auLUGesaebBx2WU3',$,$,$,(#2194),#2195);
#2197=IFCCARTESIANPOINT((-79.43413036793393,40.78570534437854,0.));
#2198=IFCDIRECTION((0.,0.,1.));
#2199=IFCDIRECTION((1.,0.,0.));
#2200=IFCAXIS2PLACEMENT3D(#2197,#2198,#2199);
#2201=IFCLOCALPLACEMENT(#71,#2200);
#2202=IFCCARTESIANPOINTLIST2D(((0.,0.),(0.65,0.),(0.65,0.65),(0.,0.65)));
#2203=IFCINDEXEDPOLYCURVE(#2202,(IFCLINEINDEX((1,2,3,4,1))),$);
#2204=IFCARBITRARYCLOSEDPROFILEDEF(.AREA.,$,#2203);
#2205=IFCCARTESIANPOINT((0.,0.,0.));
#2206=IFCDIRECTION((0.,0.,1.));
#2207=IFCDIRECTION((1.,0.,0.));
#2208=IFCAXIS2PLACEMENT3D(#2205,#2206,#2207);
#2209=IFCDIRECTION((0.,0.,1.));
#2210=IFCEXTRUDEDAREASOLID(#2204,#2208,#2209,3.8600000000000003);
#2211=IFCSHAPEREPRESENTATION(#11,'Body','SweptSolid',(#2210));
#2212=IFCPRODUCTDEFINITIONSHAPE($,$,(#2211));
#2213=IFCCOLUMN('11FtUuSl5Tdh816tNboPmW',$,'Column B01 18','Perimeter column',$,#2220,#2231,$,$);
#2214=IFCMATERIALPROFILESETUSAGE(#285,$,$);
#2215=IFCRELASSOCIATESMATERIAL('1XF3Yym4HJ4A1RVUF9mmvU',$,$,$,(#2213),#2214);
#2216=IFCCARTESIANPOINT((-75.11968299203309,32.88725335423627,0.));
#2217=IFCDIRECTION((0.,0.,1.));
#2218=IFCDIRECTION((1.,0.,0.));
#2219=IFCAXIS2PLACEMENT3D(#2216,#2217,#2218);
#2220=IFCLOCALPLACEMENT(#71,#2219);
#2221=IFCCARTESIANPOINTLIST2D(((0.,0.),(0.65,0.),(0.65,0.65),(0.,0.65)));
#2222=IFCINDEXEDPOLYCURVE(#2221,(IFCLINEINDEX((1,2,3,4,1))),$);
#2223=IFCARBITRARYCLOSEDPROFILEDEF(.AREA.,$,#2222);
#2224=IFCCARTESIANPOINT((0.,0.,0.));
#2225=IFCDIRECTION((0.,0.,1.));
#2226=IFCDIRECTION((1.,0.,0.));
#2227=IFCAXIS2PLACEMENT3D(#2224,#2225,#2226);
#2228=IFCDIRECTION((0.,0.,1.));
#2229=IFCEXTRUDEDAREASOLID(#2223,#2227,#2228,3.8600000000000003);
#2230=IFCSHAPEREPRESENTATION(#11,'Body','SweptSolid',(#2229));
#2231=IFCPRODUCTDEFINITIONSHAPE($,$,(#2230));
#2232=IFCCOLUMN('3g900teIjLIBiujDfSP_6g',$,'Column B01 19','Perimeter column',$,#2239,#2250,$,$);
#2233=IFCMATERIALPROFILESETUSAGE(#285,$,$);
#2234=IFCRELASSOCIATESMATERIAL('3K8CSbnXvI$fzsVz4WCKHv',$,$,$,(#2232),#2233);
#2235=IFCCARTESIANPOINT((-70.80523561613225,24.98880136409401,0.));
#2236=IFCDIRECTION((0.,0.,1.));
#2237=IFCDIRECTION((1.,0.,0.));
#2238=IFCAXIS2PLACEMENT3D(#2235,#2236,#2237);
#2239=IFCLOCALPLACEMENT(#71,#2238);
#2240=IFCCARTESIANPOINTLIST2D(((0.,0.),(0.65,0.),(0.65,0.65),(0.,0.65)));
#2241=IFCINDEXEDPOLYCURVE(#2240,(IFCLINEINDEX((1,2,3,4,1))),$);
#2242=IFCARBITRARYCLOSEDPROFILEDEF(.AREA.,$,#2241);
#2243=IFCCARTESIANPOINT((0.,0.,0.));
#2244=IFCDIRECTION((0.,0.,1.));
#2245=IFCDIRECTION((1.,0.,0.));
#2246=IFCAXIS2PLACEMENT3D(#2243,#2244,#2245);
#2247=IFCDIRECTION((0.,0.,1.));
#2248=IFCEXTRUDEDAREASOLID(#2242,#2246,#2247,3.8600000000000003);
#2249=IFCSHAPEREPRESENTATION(#11,'Body','SweptSolid',(#2248));
#2250=IFCPRODUCTDEFINITIONSHAPE($,$,(#2249));
#2251=IFCCOLUMN('2ZTuEQkV1GSxeR3QHaQF95',$,'Column B01 20','Perimeter column',$,#2258,#2269,$,$);
#2252=IFCMATERIALPROFILESETUSAGE(#285,$,$);
#2253=IFCRELASSOCIATESMATERIAL('0Hn97iNs5GvR1XaEB$PDJv',$,$,$,(#2251),#2252);
#2254=IFCCARTESIANPOINT((-66.49078824023141,17.090349373951742,0.));
#2255=IFCDIRECTION((0.,0.,1.));
#2256=IFCDIRECTION((1.,0.,0.));
#2257=IFCAXIS2PLACEMENT3D(#2254,#2255,#2256);
#2258=IFCLOCALPLACEMENT(#71,#2257);
#2259=IFCCARTESIANPOINTLIST2D(((0.,0.),(0.65,0.),(0.65,0.65),(0.,0.65)));
#2260=IFCINDEXEDPOLYCURVE(#2259,(IFCLINEINDEX((1,2,3,4,1))),$);
#2261=IFCARBITRARYCLOSEDPROFILEDEF(.AREA.,$,#2260);
#2262=IFCCARTESIANPOINT((0.,0.,0.));
#2263=IFCDIRECTION((0.,0.,1.));
#2264=IFCDIRECTION((1.,0.,0.));
#2265=IFCAXIS2PLACEMENT3D(#2262,#2263,#2264);
#2266=IFCDIRECTION((0.,0.,1.));
#2267=IFCEXTRUDEDAREASOLID(#2261,#2265,#2266,3.8600000000000003);
#2268=IFCSHAPEREPRESENTATION(#11,'Body','SweptSolid',(#2267));
#2269=IFCPRODUCTDEFINITIONSHAPE($,$,(#2268));
#2270=IFCCOLUMN('1eJcJgKKnKNvILCPdNO$8W',$,'Column B01 21','Perimeter column',$,#2277,#2288,$,$);
#2271=IFCMATERIALPROFILESETUSAGE(#285,$,$);
#2272=IFCRELASSOCIATESMATERIAL('2oGi88D0XRPeZXv$YbFCuX',$,$,$,(#2270),#2271);
#2273=IFCCARTESIANPOINT((-62.17634086433056,9.191897383809472,0.));
#2274=IFCDIRECTION((0.,0.,1.));
#2275=IFCDIRECTION((1.,0.,0.));
#2276=IFCAXIS2PLACEMENT3D(#2273,#2274,#2275);
#2277=IFCLOCALPLACEMENT(#71,#2276);
#2278=IFCCARTESIANPOINTLIST2D(((0.,0.),(0.65,0.),(0.65,0.65),(0.,0.65)));
#2279=IFCINDEXEDPOLYCURVE(#2278,(IFCLINEINDEX((1,2,3,4,1))),$);
#2280=IFCARBITRARYCLOSEDPROFILEDEF(.AREA.,$,#2279);
#2281=IFCCARTESIANPOINT((0.,0.,0.));
#2282=IFCDIRECTION((0.,0.,1.));
#2283=IFCDIRECTION((1.,0.,0.));
#2284=IFCAXIS2PLACEMENT3D(#2281,#2282,#2283);
#2285=IFCDIRECTION((0.,0.,1.));
#2286=IFCEXTRUDEDAREASOLID(#2280,#2284,#2285,3.8600000000000003);
#2287=IFCSHAPEREPRESENTATION(#11,'Body','SweptSolid',(#2286));
#2288=IFCPRODUCTDEFINITIONSHAPE($,$,(#2287));
#2289=IFCCOLUMN('344dPfOD9GFuY$vNTEleWJ',$,'Column B01 22','Perimeter column',$,#2296,#2307,$,$);
#2290=IFCMATERIALPROFILESETUSAGE(#285,$,$);
#2291=IFCRELASSOCIATESMATERIAL('3RUQXjcuPUnwH4X6JgJ4vD',$,$,$,(#2289),#2290);
#2292=IFCCARTESIANPOINT((-57.861893488429715,1.2934453936672086,0.));
#2293=IFCDIRECTION((0.,0.,1.));
#2294=IFCDIRECTION((1.,0.,0.));
#2295=IFCAXIS2PLACEMENT3D(#2292,#2293,#2294);
#2296=IFCLOCALPLACEMENT(#71,#2295);
#2297=IFCCARTESIANPOINTLIST2D(((0.,0.),(0.65,0.),(0.65,0.65),(0.,0.65)));
#2298=IFCINDEXEDPOLYCURVE(#2297,(IFCLINEINDEX((1,2,3,4,1))),$);
#2299=IFCARBITRARYCLOSEDPROFILEDEF(.AREA.,$,#2298);
#2300=IFCCARTESIANPOINT((0.,0.,0.));
#2301=IFCDIRECTION((0.,0.,1.));
#2302=IFCDIRECTION((1.,0.,0.));
#2303=IFCAXIS2PLACEMENT3D(#2300,#2301,#2302);
#2304=IFCDIRECTION((0.,0.,1.));
#2305=IFCEXTRUDEDAREASOLID(#2299,#2303,#2304,3.8600000000000003);
#2306=IFCSHAPEREPRESENTATION(#11,'Body','SweptSolid',(#2305));
#2307=IFCPRODUCTDEFINITIONSHAPE($,$,(#2306));
#2308=IFCCOLUMN('3pMFFz_YHPwBpphN6oRfLG',$,'Column B01 23','Perimeter column',$,#2315,#2326,$,$);
#2309=IFCMATERIALPROFILESETUSAGE(#285,$,$);
#2310=IFCRELASSOCIATESMATERIAL('0risd0AY5NsR4nsEIYrOvO',$,$,$,(#2308),#2309);
#2311=IFCCARTESIANPOINT((-58.45019512900164,-7.497526141989824,0.));
#2312=IFCDIRECTION((0.,0.,1.));
#2313=IFCDIRECTION((1.,0.,0.));
#2314=IFCAXIS2PLACEMENT3D(#2311,#2312,#2313);
#2315=IFCLOCALPLACEMENT(#71,#2314);
#2316=IFCCARTESIANPOINTLIST2D(((0.,0.),(0.65,0.),(0.65,0.65),(0.,0.65)));
#2317=IFCINDEXEDPOLYCURVE(#2316,(IFCLINEINDEX((1,2,3,4,1))),$);
#2318=IFCARBITRARYCLOSEDPROFILEDEF(.AREA.,$,#2317);
#2319=IFCCARTESIANPOINT((0.,0.,0.));
#2320=IFCDIRECTION((0.,0.,1.));
#2321=IFCDIRECTION((1.,0.,0.));
#2322=IFCAXIS2PLACEMENT3D(#2319,#2320,#2321);
#2323=IFCDIRECTION((0.,0.,1.));
#2324=IFCEXTRUDEDAREASOLID(#2318,#2322,#2323,3.8600000000000003);
#2325=IFCSHAPEREPRESENTATION(#11,'Body','SweptSolid',(#2324));
#2326=IFCPRODUCTDEFINITIONSHAPE($,$,(#2325));
#2327=IFCCOLUMN('1y5GoAOPTPSPB$70GaKEzq',$,'Column B01 24','Perimeter column',$,#2334,#2345,$,$);
#2328=IFCMATERIALPROFILESETUSAGE(#285,$,$);
#2329=IFCRELASSOCIATESMATERIAL('2ZA9ikfNvSIf4NLY3QkZzp',$,$,$,(#2327),#2328);
#2330=IFCCARTESIANPOINT((-59.70435445329524,-16.40971354965173,0.));
#2331=IFCDIRECTION((0.,0.,1.));
#2332=IFCDIRECTION((1.,0.,0.));
#2333=IFCAXIS2PLACEMENT3D(#2330,#2331,#2332);
#2334=IFCLOCALPLACEMENT(#71,#2333);
#2335=IFCCARTESIANPOINTLIST2D(((0.,0.),(0.65,0.),(0.65,0.65),(0.,0.65)));
#2336=IFCINDEXEDPOLYCURVE(#2335,(IFCLINEINDEX((1,2,3,4,1))),$);
#2337=IFCARBITRARYCLOSEDPROFILEDEF(.AREA.,$,#2336);
#2338=IFCCARTESIANPOINT((0.,0.,0.));
#2339=IFCDIRECTION((0.,0.,1.));
#2340=IFCDIRECTION((1.,0.,0.));
#2341=IFCAXIS2PLACEMENT3D(#2338,#2339,#2340);
#2342=IFCDIRECTION((0.,0.,1.));
#2343=IFCEXTRUDEDAREASOLID(#2337,#2341,#2342,3.8600000000000003);
#2344=IFCSHAPEREPRESENTATION(#11,'Body','SweptSolid',(#2343));
#2345=IFCPRODUCTDEFINITIONSHAPE($,$,(#2344));
#2346=IFCCOLUMN('2lCcqrD1LHueNUVtFUYDTC',$,'Column B01 25','Perimeter column',$,#2353,#2364,$,$);
#2347=IFCMATERIALPROFILESETUSAGE(#285,$,$);
#2348=IFCRELASSOCIATESMATERIAL('3LBidYos9HiuPnaXkp4hHe',$,$,$,(#2346),#2347);
#2349=IFCCARTESIANPOINT((-60.95851377758883,-25.321900957313634,0.));
#2350=IFCDIRECTION((0.,0.,1.));
#2351=IFCDIRECTION((1.,0.,0.));
#2352=IFCAXIS2PLACEMENT3D(#2349,#2350,#2351);
#2353=IFCLOCALPLACEMENT(#71,#2352);
#2354=IFCCARTESIANPOINTLIST2D(((0.,0.),(0.65,0.),(0.65,0.65),(0.,0.65)));
#2355=IFCINDEXEDPOLYCURVE(#2354,(IFCLINEINDEX((1,2,3,4,1))),$);
#2356=IFCARBITRARYCLOSEDPROFILEDEF(.AREA.,$,#2355);
#2357=IFCCARTESIANPOINT((0.,0.,0.));
#2358=IFCDIRECTION((0.,0.,1.));
#2359=IFCDIRECTION((1.,0.,0.));
#2360=IFCAXIS2PLACEMENT3D(#2357,#2358,#2359);
#2361=IFCDIRECTION((0.,0.,1.));
#2362=IFCEXTRUDEDAREASOLID(#2356,#2360,#2361,3.8600000000000003);
#2363=IFCSHAPEREPRESENTATION(#11,'Body','SweptSolid',(#2362));
#2364=IFCPRODUCTDEFINITIONSHAPE($,$,(#2363));
#2365=IFCCOLUMN('1_N_LCBHzUdeHycuuu7N$c',$,'Column B01 26','Perimeter column',$,#2372,#2383,$,$);
#2366=IFCMATERIALPROFILESETUSAGE(#285,$,$);
#2367=IFCRELASSOCIATESMATERIAL('09aTNGX79KChnkPqO0lkNh',$,$,$,(#2365),#2366);
#2368=IFCCARTESIANPOINT((-62.21267310188242,-34.23408836497555,0.));
#2369=IFCDIRECTION((0.,0.,1.));
#2370=IFCDIRECTION((1.,0.,0.));
#2371=IFCAXIS2PLACEMENT3D(#2368,#2369,#2370);
#2372=IFCLOCALPLACEMENT(#71,#2371);
#2373=IFCCARTESIANPOINTLIST2D(((0.,0.),(0.65,0.),(0.65,0.65),(0.,0.65)));
#2374=IFCINDEXEDPOLYCURVE(#2373,(IFCLINEINDEX((1,2,3,4,1))),$);
#2375=IFCARBITRARYCLOSEDPROFILEDEF(.AREA.,$,#2374);
#2376=IFCCARTESIANPOINT((0.,0.,0.));
#2377=IFCDIRECTION((0.,0.,1.));
#2378=IFCDIRECTION((1.,0.,0.));
#2379=IFCAXIS2PLACEMENT3D(#2376,#2377,#2378);
#2380=IFCDIRECTION((0.,0.,1.));
#2381=IFCEXTRUDEDAREASOLID(#2375,#2379,#2380,3.8600000000000003);
#2382=IFCSHAPEREPRESENTATION(#11,'Body','SweptSolid',(#2381));
#2383=IFCPRODUCTDEFINITIONSHAPE($,$,(#2382));
#2384=IFCCOLUMN('2a857ox3vLWAON0UR_dEP_',$,'Column B01 27','Perimeter column',$,#2391,#2402,$,$);
#2385=IFCMATERIALPROFILESETUSAGE(#285,$,$);
#2386=IFCRELASSOCIATESMATERIAL('2iJ8_fBDjP_wczygZuTIA6',$,$,$,(#2384),#2385);
#2387=IFCCARTESIANPOINT((-58.45827632443749,-39.316490648951124,0.));
#2388=IFCDIRECTION((0.,0.,1.));
#2389=IFCDIRECTION((1.,0.,0.));
#2390=IFCAXIS2PLACEMENT3D(#2387,#2388,#2389);
#2391=IFCLOCALPLACEMENT(#71,#2390);
#2392=IFCCARTESIANPOINTLIST2D(((0.,0.),(0.65,0.),(0.65,0.65),(0.,0.65)));
#2393=IFCINDEXEDPOLYCURVE(#2392,(IFCLINEINDEX((1,2,3,4,1))),$);
#2394=IFCARBITRARYCLOSEDPROFILEDEF(.AREA.,$,#2393);
#2395=IFCCARTESIANPOINT((0.,0.,0.));
#2396=IFCDIRECTION((0.,0.,1.));
#2397=IFCDIRECTION((1.,0.,0.));
#2398=IFCAXIS2PLACEMENT3D(#2395,#2396,#2397);
#2399=IFCDIRECTION((0.,0.,1.));
#2400=IFCEXTRUDEDAREASOLID(#2394,#2398,#2399,3.8600000000000003);
#2401=IFCSHAPEREPRESENTATION(#11,'Body','SweptSolid',(#2400));
#2402=IFCPRODUCTDEFINITIONSHAPE($,$,(#2401));
#2403=IFCCOLUMN('1IrgSSfzrSugM5e0D$MCSC',$,'Column B01 28','Perimeter column',$,#2410,#2421,$,$);
#2404=IFCMATERIALPROFILESETUSAGE(#285,$,$);
#2405=IFCRELASSOCIATESMATERIAL('17KeqL9u5MAwLA0rE9hXjq',$,$,$,(#2403),#2404);
#2406=IFCCARTESIANPOINT((-49.52891242641195,-40.44186186621147,0.));
#2407=IFCDIRECTION((0.,0.,1.));
#2408=IFCDIRECTION((1.,0.,0.));
#2409=IFCAXIS2PLACEMENT3D(#2406,#2407,#2408);
#2410=IFCLOCALPLACEMENT(#71,#2409);
#2411=IFCCARTESIANPOINTLIST2D(((0.,0.),(0.65,0.),(0.65,0.65),(0.,0.65)));
#2412=IFCINDEXEDPOLYCURVE(#2411,(IFCLINEINDEX((1,2,3,4,1))),$);
#2413=IFCARBITRARYCLOSEDPROFILEDEF(.AREA.,$,#2412);
#2414=IFCCARTESIANPOINT((0.,0.,0.));
#2415=IFCDIRECTION((0.,0.,1.));
#2416=IFCDIRECTION((1.,0.,0.));
#2417=IFCAXIS2PLACEMENT3D(#2414,#2415,#2416);
#2418=IFCDIRECTION((0.,0.,1.));
#2419=IFCEXTRUDEDAREASOLID(#2413,#2417,#2418,3.8600000000000003);
#2420=IFCSHAPEREPRESENTATION(#11,'Body','SweptSolid',(#2419));
#2421=IFCPRODUCTDEFINITIONSHAPE($,$,(#2420));
#2422=IFCCOLUMN('2gFBcAqMTK6RArjCy6vlaA',$,'Column B01 29','Perimeter column',$,#2429,#2440,$,$);
#2423=IFCMATERIALPROFILESETUSAGE(#285,$,$);
#2424=IFCRELASSOCIATESMATERIAL('0oDFQd7sDMNQEgNzZA7idN',$,$,$,(#2422),#2423);
#2425=IFCCARTESIANPOINT((-40.59954852838641,-41.56723308347181,0.));
#2426=IFCDIRECTION((0.,0.,1.));
#2427=IFCDIRECTION((1.,0.,0.));
#2428=IFCAXIS2PLACEMENT3D(#2425,#2426,#2427);
#2429=IFCLOCALPLACEMENT(#71,#2428);
#2430=IFCCARTESIANPOINTLIST2D(((0.,0.),(0.65,0.),(0.65,0.65),(0.,0.65)));
#2431=IFCINDEXEDPOLYCURVE(#2430,(IFCLINEINDEX((1,2,3,4,1))),$);
#2432=IFCARBITRARYCLOSEDPROFILEDEF(.AREA.,$,#2431);
#2433=IFCCARTESIANPOINT((0.,0.,0.));
#2434=IFCDIRECTION((0.,0.,1.));
#2435=IFCDIRECTION((1.,0.,0.));
#2436=IFCAXIS2PLACEMENT3D(#2433,#2434,#2435);
#2437=IFCDIRECTION((0.,0.,1.));
#2438=IFCEXTRUDEDAREASOLID(#2432,#2436,#2437,3.8600000000000003);
#2439=IFCSHAPEREPRESENTATION(#11,'Body','SweptSolid',(#2438));
#2440=IFCPRODUCTDEFINITIONSHAPE($,$,(#2439));
#2441=IFCCOLUMN('03pqcVaYjTVh6sLrZ3w332',$,'Column B01 30','Perimeter column',$,#2448,#2459,$,$);
#2442=IFCMATERIALPROFILESETUSAGE(#285,$,$);
#2443=IFCRELASSOCIATESMATERIAL('1h7JKLyQ1GjOvhpgRbfxgg',$,$,$,(#2441),#2442);
#2444=IFCCARTESIANPOINT((-31.670184630360854,-42.69260430073216,0.));
#2445=IFCDIRECTION((0.,0.,1.));
#2446=IFCDIRECTION((1.,0.,0.));
#2447=IFCAXIS2PLACEMENT3D(#2444,#2445,#2446);
#2448=IFCLOCALPLACEMENT(#71,#2447);
#2449=IFCCARTESIANPOINTLIST2D(((0.,0.),(0.65,0.),(0.65,0.65),(0.,0.65)));
#2450=IFCINDEXEDPOLYCURVE(#2449,(IFCLINEINDEX((1,2,3,4,1))),$);
#2451=IFCARBITRARYCLOSEDPROFILEDEF(.AREA.,$,#2450);
#2452=IFCCARTESIANPOINT((0.,0.,0.));
#2453=IFCDIRECTION((0.,0.,1.));
#2454=IFCDIRECTION((1.,0.,0.));
#2455=IFCAXIS2PLACEMENT3D(#2452,#2453,#2454);
#2456=IFCDIRECTION((0.,0.,1.));
#2457=IFCEXTRUDEDAREASOLID(#2451,#2455,#2456,3.8600000000000003);
#2458=IFCSHAPEREPRESENTATION(#11,'Body','SweptSolid',(#2457));
#2459=IFCPRODUCTDEFINITIONSHAPE($,$,(#2458));
#2460=IFCCOLUMN('32DoIbH$vRuvwfbR173EwT',$,'Column B01 31','Perimeter column',$,#2467,#2478,$,$);
#2461=IFCMATERIALPROFILESETUSAGE(#285,$,$);
#2462=IFCRELASSOCIATESMATERIAL('0KugkMPOrGY8Bnyf$OxM7K',$,$,$,(#2460),#2461);
#2463=IFCCARTESIANPOINT((-22.74082073233531,-43.8179755179925,0.));
#2464=IFCDIRECTION((0.,0.,1.));
#2465=IFCDIRECTION((1.,0.,0.));
#2466=IFCAXIS2PLACEMENT3D(#2463,#2464,#2465);
#2467=IFCLOCALPLACEMENT(#71,#2466);
#2468=IFCCARTESIANPOINTLIST2D(((0.,0.),(0.65,0.),(0.65,0.65),(0.,0.65)));
#2469=IFCINDEXEDPOLYCURVE(#2468,(IFCLINEINDEX((1,2,3,4,1))),$);
#2470=IFCARBITRARYCLOSEDPROFILEDEF(.AREA.,$,#2469);
#2471=IFCCARTESIANPOINT((0.,0.,0.));
#2472=IFCDIRECTION((0.,0.,1.));
#2473=IFCDIRECTION((1.,0.,0.));
#2474=IFCAXIS2PLACEMENT3D(#2471,#2472,#2473);
#2475=IFCDIRECTION((0.,0.,1.));
#2476=IFCEXTRUDEDAREASOLID(#2470,#2474,#2475,3.8600000000000003);
#2477=IFCSHAPEREPRESENTATION(#11,'Body','SweptSolid',(#2476));
#2478=IFCPRODUCTDEFINITIONSHAPE($,$,(#2477));
#2479=IFCCOLUMN('3Lz6eRaTTItO8hjnEp4DaF',$,'Column B01 32','Perimeter column',$,#2486,#2497,$,$);
#2480=IFCMATERIALPROFILESETUSAGE(#285,$,$);
#2481=IFCRELASSOCIATESMATERIAL('0NFjDDQGnH3vG13n2YxoBT',$,$,$,(#2479),#2480);
#2482=IFCCARTESIANPOINT((-13.81145683430977,-44.943346735252845,0.));
#2483=IFCDIRECTION((0.,0.,1.));
#2484=IFCDIRECTION((1.,0.,0.));
#2485=IFCAXIS2PLACEMENT3D(#2482,#2483,#2484);
#2486=IFCLOCALPLACEMENT(#71,#2485);
#2487=IFCCARTESIANPOINTLIST2D(((0.,0.),(0.65,0.),(0.65,0.65),(0.,0.65)));
#2488=IFCINDEXEDPOLYCURVE(#2487,(IFCLINEINDEX((1,2,3,4,1))),$);
#2489=IFCARBITRARYCLOSEDPROFILEDEF(.AREA.,$,#2488);
#2490=IFCCARTESIANPOINT((0.,0.,0.));
#2491=IFCDIRECTION((0.,0.,1.));
#2492=IFCDIRECTION((1.,0.,0.));
#2493=IFCAXIS2PLACEMENT3D(#2490,#2491,#2492);
#2494=IFCDIRECTION((0.,0.,1.));
#2495=IFCEXTRUDEDAREASOLID(#2489,#2493,#2494,3.8600000000000003);
#2496=IFCSHAPEREPRESENTATION(#11,'Body','SweptSolid',(#2495));
#2497=IFCPRODUCTDEFINITIONSHAPE($,$,(#2496));
#2498=IFCCOLUMN('2Rp0cSW3jR7RUjcnmPy3zi',$,'Column B01 33','Perimeter column',$,#2505,#2516,$,$);
#2499=IFCMATERIALPROFILESETUSAGE(#285,$,$);
#2500=IFCRELASSOCIATESMATERIAL('3JomUGCNvQbwRG3LuDT702',$,$,$,(#2498),#2499);
#2501=IFCCARTESIANPOINT((-4.882092936284214,-46.0687179525132,0.));
#2502=IFCDIRECTION((0.,0.,1.));
#2503=IFCDIRECTION((1.,0.,0.));
#2504=IFCAXIS2PLACEMENT3D(#2501,#2502,#2503);
#2505=IFCLOCALPLACEMENT(#71,#2504);
#2506=IFCCARTESIANPOINTLIST2D(((0.,0.),(0.65,0.),(0.65,0.65),(0.,0.65)));
#2507=IFCINDEXEDPOLYCURVE(#2506,(IFCLINEINDEX((1,2,3,4,1))),$);
#2508=IFCARBITRARYCLOSEDPROFILEDEF(.AREA.,$,#2507);
#2509=IFCCARTESIANPOINT((0.,0.,0.));
#2510=IFCDIRECTION((0.,0.,1.));
#2511=IFCDIRECTION((1.,0.,0.));
#2512=IFCAXIS2PLACEMENT3D(#2509,#2510,#2511);
#2513=IFCDIRECTION((0.,0.,1.));
#2514=IFCEXTRUDEDAREASOLID(#2508,#2512,#2513,3.8600000000000003);
#2515=IFCSHAPEREPRESENTATION(#11,'Body','SweptSolid',(#2514));
#2516=IFCPRODUCTDEFINITIONSHAPE($,$,(#2515));
#2517=IFCCOLUMN('0zMMMMYlnOqR9nXVOvmsTb',$,'Column B01 34','Perimeter column',$,#2524,#2535,$,$);
#2518=IFCMATERIALPROFILESETUSAGE(#285,$,$);
#2519=IFCRELASSOCIATESMATERIAL('0WYRnxLjXOVeridjRY9YnY',$,$,$,(#2517),#2518);
#2520=IFCCARTESIANPOINT((4.047270961741314,-47.194089169773534,0.));
#2521=IFCDIRECTION((0.,0.,1.));
#2522=IFCDIRECTION((1.,0.,0.));
#2523=IFCAXIS2PLACEMENT3D(#2520,#2521,#2522);
#2524=IFCLOCALPLACEMENT(#71,#2523);
#2525=IFCCARTESIANPOINTLIST2D(((0.,0.),(0.65,0.),(0.65,0.65),(0.,0.65)));
#2526=IFCINDEXEDPOLYCURVE(#2525,(IFCLINEINDEX((1,2,3,4,1))),$);
#2527=IFCARBITRARYCLOSEDPROFILEDEF(.AREA.,$,#2526);
#2528=IFCCARTESIANPOINT((0.,0.,0.));
#2529=IFCDIRECTION((0.,0.,1.));
#2530=IFCDIRECTION((1.,0.,0.));
#2531=IFCAXIS2PLACEMENT3D(#2528,#2529,#2530);
#2532=IFCDIRECTION((0.,0.,1.));
#2533=IFCEXTRUDEDAREASOLID(#2527,#2531,#2532,3.8600000000000003);
#2534=IFCSHAPEREPRESENTATION(#11,'Body','SweptSolid',(#2533));
#2535=IFCPRODUCTDEFINITIONSHAPE($,$,(#2534));
#2536=IFCCOLUMN('0tUqndvF5SpR8XhZXjH2z0',$,'Column B01 35','Perimeter column',$,#2543,#2554,$,$);
#2537=IFCMATERIALPROFILESETUSAGE(#285,$,$);
#2538=IFCRELASSOCIATESMATERIAL('14i5HgCRDQ9vqspvxcKk1I',$,$,$,(#2536),#2537);
#2539=IFCCARTESIANPOINT((9.75516744393736,-42.69580932212589,0.));
#2540=IFCDIRECTION((0.,0.,1.));
#2541=IFCDIRECTION((1.,0.,0.));
#2542=IFCAXIS2PLACEMENT3D(#2539,#2540,#2541);
#2543=IFCLOCALPLACEMENT(#71,#2542);
#2544=IFCCARTESIANPOINTLIST2D(((0.,0.),(0.65,0.),(0.65,0.65),(0.,0.65)));
#2545=IFCINDEXEDPOLYCURVE(#2544,(IFCLINEINDEX((1,2,3,4,1))),$);
#2546=IFCARBITRARYCLOSEDPROFILEDEF(.AREA.,$,#2545);
#2547=IFCCARTESIANPOINT((0.,0.,0.));
#2548=IFCDIRECTION((0.,0.,1.));
#2549=IFCDIRECTION((1.,0.,0.));
#2550=IFCAXIS2PLACEMENT3D(#2547,#2548,#2549);
#2551=IFCDIRECTION((0.,0.,1.));
#2552=IFCEXTRUDEDAREASOLID(#2546,#2550,#2551,3.8600000000000003);
#2553=IFCSHAPEREPRESENTATION(#11,'Body','SweptSolid',(#2552));
#2554=IFCPRODUCTDEFINITIONSHAPE($,$,(#2553));
#2555=IFCCOLUMN('2DQoVCHlTQshN_9zb96HCT',$,'Column B01 36','Perimeter column',$,#2562,#2573,$,$);
#2556=IFCMATERIALPROFILESETUSAGE(#285,$,$);
#2557=IFCRELASSOCIATESMATERIAL('1gNaJFFGfVWAQWl_11XSVh',$,$,$,(#2555),#2556);
#2558=IFCCARTESIANPOINT((15.266155982504156,-37.07230713886844,0.));
#2559=IFCDIRECTION((0.,0.,1.));
#2560=IFCDIRECTION((1.,0.,0.));
#2561=IFCAXIS2PLACEMENT3D(#2558,#2559,#2560);
#2562=IFCLOCALPLACEMENT(#71,#2561);
#2563=IFCCARTESIANPOINTLIST2D(((0.,0.),(0.65,0.),(0.65,0.65),(0.,0.65)));
#2564=IFCINDEXEDPOLYCURVE(#2563,(IFCLINEINDEX((1,2,3,4,1))),$);
#2565=IFCARBITRARYCLOSEDPROFILEDEF(.AREA.,$,#2564);
#2566=IFCCARTESIANPOINT((0.,0.,0.));
#2567=IFCDIRECTION((0.,0.,1.));
#2568=IFCDIRECTION((1.,0.,0.));
#2569=IFCAXIS2PLACEMENT3D(#2566,#2567,#2568);
#2570=IFCDIRECTION((0.,0.,1.));
#2571=IFCEXTRUDEDAREASOLID(#2565,#2569,#2570,3.8600000000000003);
#2572=IFCSHAPEREPRESENTATION(#11,'Body','SweptSolid',(#2571));
#2573=IFCPRODUCTDEFINITIONSHAPE($,$,(#2572));
#2574=IFCCOLUMN('2NNAFPtSDIVP8kr_tgx69B',$,'Column B01 37','Perimeter column',$,#2581,#2592,$,$);
#2575=IFCMATERIALPROFILESETUSAGE(#285,$,$);
#2576=IFCRELASSOCIATESMATERIAL('2RRsfy_oHRaehG$aYTaDyR',$,$,$,(#2574),#2575);
#2577=IFCCARTESIANPOINT((17.930704931459303,-31.05825096159735,0.));
#2578=IFCDIRECTION((0.,0.,1.));
#2579=IFCDIRECTION((1.,0.,0.));
#2580=IFCAXIS2PLACEMENT3D(#2577,#2578,#2579);
#2581=IFCLOCALPLACEMENT(#71,#2580);
#2582=IFCCARTESIANPOINTLIST2D(((0.,0.),(0.65,0.),(0.65,0.65),(0.,0.65)));
#2583=IFCINDEXEDPOLYCURVE(#2582,(IFCLINEINDEX((1,2,3,4,1))),$);
#2584=IFCARBITRARYCLOSEDPROFILEDEF(.AREA.,$,#2583);
#2585=IFCCARTESIANPOINT((0.,0.,0.));
#2586=IFCDIRECTION((0.,0.,1.));
#2587=IFCDIRECTION((1.,0.,0.));
#2588=IFCAXIS2PLACEMENT3D(#2585,#2586,#2587);
#2589=IFCDIRECTION((0.,0.,1.));
#2590=IFCEXTRUDEDAREASOLID(#2584,#2588,#2589,3.8600000000000003);
#2591=IFCSHAPEREPRESENTATION(#11,'Body','SweptSolid',(#2590));
#2592=IFCPRODUCTDEFINITIONSHAPE($,$,(#2591));
#2593=IFCCOLUMN('3iDv4Bd7fLvwYznTNnIRnJ',$,'Column B01 38','Perimeter column',$,#2600,#2611,$,$);
#2594=IFCMATERIALPROFILESETUSAGE(#285,$,$);
#2595=IFCRELASSOCIATESMATERIAL('0QCcSesmDKbA$XLJfLbXDs',$,$,$,(#2593),#2594);
#2596=IFCCARTESIANPOINT((21.73315644548457,-22.900962044102332,0.));
#2597=IFCDIRECTION((0.,0.,1.));
#2598=IFCDIRECTION((1.,0.,0.));
#2599=IFCAXIS2PLACEMENT3D(#2596,#2597,#2598);
#2600=IFCLOCALPLACEMENT(#71,#2599);
#2601=IFCCARTESIANPOINTLIST2D(((0.,0.),(0.65,0.),(0.65,0.65),(0.,0.65)));
#2602=IFCINDEXEDPOLYCURVE(#2601,(IFCLINEINDEX((1,2,3,4,1))),$);
#2603=IFCARBITRARYCLOSEDPROFILEDEF(.AREA.,$,#2602);
#2604=IFCCARTESIANPOINT((0.,0.,0.));
#2605=IFCDIRECTION((0.,0.,1.));
#2606=IFCDIRECTION((1.,0.,0.));
#2607=IFCAXIS2PLACEMENT3D(#2604,#2605,#2606);
#2608=IFCDIRECTION((0.,0.,1.));
#2609=IFCEXTRUDEDAREASOLID(#2603,#2607,#2608,3.8600000000000003);
#2610=IFCSHAPEREPRESENTATION(#11,'Body','SweptSolid',(#2609));
#2611=IFCPRODUCTDEFINITIONSHAPE($,$,(#2610));
#2612=IFCCOLUMN('10JwFoxA5Tofr$nrf59hj$',$,'Column B01 39','Perimeter column',$,#2619,#2630,$,$);
#2613=IFCMATERIALPROFILESETUSAGE(#285,$,$);
#2614=IFCRELASSOCIATESMATERIAL('1rOFYusIvOzAz8KJNNi6GD',$,$,$,(#2612),#2613);
#2615=IFCCARTESIANPOINT((25.53560795950984,-14.743673126607323,0.));
#2616=IFCDIRECTION((0.,0.,1.));
#2617=IFCDIRECTION((1.,0.,0.));
#2618=IFCAXIS2PLACEMENT3D(#2615,#2616,#2617);
#2619=IFCLOCALPLACEMENT(#71,#2618);
#2620=IFCCARTESIANPOINTLIST2D(((0.,0.),(0.65,0.),(0.65,0.65),(0.,0.65)));
#2621=IFCINDEXEDPOLYCURVE(#2620,(IFCLINEINDEX((1,2,3,4,1))),$);
#2622=IFCARBITRARYCLOSEDPROFILEDEF(.AREA.,$,#2621);
#2623=IFCCARTESIANPOINT((0.,0.,0.));
#2624=IFCDIRECTION((0.,0.,1.));
#2625=IFCDIRECTION((1.,0.,0.));
#2626=IFCAXIS2PLACEMENT3D(#2623,#2624,#2625);
#2627=IFCDIRECTION((0.,0.,1.));
#2628=IFCEXTRUDEDAREASOLID(#2622,#2626,#2627,3.8600000000000003);
#2629=IFCSHAPEREPRESENTATION(#11,'Body','SweptSolid',(#2628));
#2630=IFCPRODUCTDEFINITIONSHAPE($,$,(#2629));
#2631=IFCCOLUMN('2ia3OXtCLUtPyPrfBqlMQY',$,'Column B01 40','Perimeter column',$,#2638,#2649,$,$);
#2632=IFCMATERIALPROFILESETUSAGE(#285,$,$);
#2633=IFCRELASSOCIATESMATERIAL('35qVlU0DfQF8HuiLKSCo_l',$,$,$,(#2631),#2632);
#2634=IFCCARTESIANPOINT((25.373763848963062,-8.731882765995248,0.));
#2635=IFCDIRECTION((0.,0.,1.));
#2636=IFCDIRECTION((1.,0.,0.));
#2637=IFCAXIS2PLACEMENT3D(#2634,#2635,#2636);
#2638=IFCLOCALPLACEMENT(#71,#2637);
#2639=IFCCARTESIANPOINTLIST2D(((0.,0.),(0.65,0.),(0.65,0.65),(0.,0.65)));
#2640=IFCINDEXEDPOLYCURVE(#2639,(IFCLINEINDEX((1,2,3,4,1))),$);
#2641=IFCARBITRARYCLOSEDPROFILEDEF(.AREA.,$,#2640);
#2642=IFCCARTESIANPOINT((0.,0.,0.));
#2643=IFCDIRECTION((0.,0.,1.));
#2644=IFCDIRECTION((1.,0.,0.));
#2645=IFCAXIS2PLACEMENT3D(#2642,#2643,#2644);
#2646=IFCDIRECTION((0.,0.,1.));
#2647=IFCEXTRUDEDAREASOLID(#2641,#2645,#2646,3.8600000000000003);
#2648=IFCSHAPEREPRESENTATION(#11,'Body','SweptSolid',(#2647));
#2649=IFCPRODUCTDEFINITIONSHAPE($,$,(#2648));
#2650=IFCCOLUMN('3TZndu1XbGvQTyhm04QsCm',$,'Column B01 41','Perimeter column',$,#2657,#2668,$,$);
#2651=IFCMATERIALPROFILESETUSAGE(#285,$,$);
#2652=IFCRELASSOCIATESMATERIAL('37xQHgspnPoPRKydBbWvT8',$,$,$,(#2650),#2651);
#2653=IFCCARTESIANPOINT((29.237365378395825,-0.6033784003837759,0.));
#2654=IFCDIRECTION((0.,0.,1.));
#2655=IFCDIRECTION((1.,0.,0.));
#2656=IFCAXIS2PLACEMENT3D(#2653,#2654,#2655);
#2657=IFCLOCALPLACEMENT(#71,#2656);
#2658=IFCCARTESIANPOINTLIST2D(((0.,0.),(0.65,0.),(0.65,0.65),(0.,0.65)));
#2659=IFCINDEXEDPOLYCURVE(#2658,(IFCLINEINDEX((1,2,3,4,1))),$);
#2660=IFCARBITRARYCLOSEDPROFILEDEF(.AREA.,$,#2659);
#2661=IFCCARTESIANPOINT((0.,0.,0.));
#2662=IFCDIRECTION((0.,0.,1.));
#2663=IFCDIRECTION((1.,0.,0.));
#2664=IFCAXIS2PLACEMENT3D(#2661,#2662,#2663);
#2665=IFCDIRECTION((0.,0.,1.));
#2666=IFCEXTRUDEDAREASOLID(#2660,#2664,#2665,3.8600000000000003);
#2667=IFCSHAPEREPRESENTATION(#11,'Body','SweptSolid',(#2666));
#2668=IFCPRODUCTDEFINITIONSHAPE($,$,(#2667));
#2669=IFCCOLUMN('2QkXrqlNXMNA7jJQBru$eS',$,'Column B01 42','Perimeter column',$,#2676,#2687,$,$);
#2670=IFCMATERIALPROFILESETUSAGE(#285,$,$);
#2671=IFCRELASSOCIATESMATERIAL('3Y5RvRxw1V$fA1lpVxLGjU',$,$,$,(#2669),#2670);
#2672=IFCCARTESIANPOINT((33.10096690782859,7.525125965227697,0.));
#2673=IFCDIRECTION((0.,0.,1.));
#2674=IFCDIRECTION((1.,0.,0.));
#2675=IFCAXIS2PLACEMENT3D(#2672,#2673,#2674);
#2676=IFCLOCALPLACEMENT(#71,#2675);
#2677=IFCCARTESIANPOINTLIST2D(((0.,0.),(0.65,0.),(0.65,0.65),(0.,0.65)));
#2678=IFCINDEXEDPOLYCURVE(#2677,(IFCLINEINDEX((1,2,3,4,1))),$);
#2679=IFCARBITRARYCLOSEDPROFILEDEF(.AREA.,$,#2678);
#2680=IFCCARTESIANPOINT((0.,0.,0.));
#2681=IFCDIRECTION((0.,0.,1.));
#2682=IFCDIRECTION((1.,0.,0.));
#2683=IFCAXIS2PLACEMENT3D(#2680,#2681,#2682);
#2684=IFCDIRECTION((0.,0.,1.));
#2685=IFCEXTRUDEDAREASOLID(#2679,#2683,#2684,3.8600000000000003);
#2686=IFCSHAPEREPRESENTATION(#11,'Body','SweptSolid',(#2685));
#2687=IFCPRODUCTDEFINITIONSHAPE($,$,(#2686));
#2688=IFCCOLUMN('19X0U8osnU6QuYic0NbWOi',$,'Column B01 43','Perimeter column',$,#2695,#2706,$,$);
#2689=IFCMATERIALPROFILESETUSAGE(#285,$,$);
#2690=IFCRELASSOCIATESMATERIAL('0dLQFt5EjJNvLo047MF1yI',$,$,$,(#2688),#2689);
#2691=IFCCARTESIANPOINT((36.964568437261356,15.65363033083917,0.));
#2692=IFCDIRECTION((0.,0.,1.));
#2693=IFCDIRECTION((1.,0.,0.));
#2694=IFCAXIS2PLACEMENT3D(#2691,#2692,#2693);
#2695=IFCLOCALPLACEMENT(#71,#2694);
#2696=IFCCARTESIANPOINTLIST2D(((0.,0.),(0.65,0.),(0.65,0.65),(0.,0.65)));
#2697=IFCINDEXEDPOLYCURVE(#2696,(IFCLINEINDEX((1,2,3,4,1))),$);
#2698=IFCARBITRARYCLOSEDPROFILEDEF(.AREA.,$,#2697);
#2699=IFCCARTESIANPOINT((0.,0.,0.));
#2700=IFCDIRECTION((0.,0.,1.));
#2701=IFCDIRECTION((1.,0.,0.));
#2702=IFCAXIS2PLACEMENT3D(#2699,#2700,#2701);
#2703=IFCDIRECTION((0.,0.,1.));
#2704=IFCEXTRUDEDAREASOLID(#2698,#2702,#2703,3.8600000000000003);
#2705=IFCSHAPEREPRESENTATION(#11,'Body','SweptSolid',(#2704));
#2706=IFCPRODUCTDEFINITIONSHAPE($,$,(#2705));
#2707=IFCCOLUMN('3liu_iQgDKReQthXUiPxGZ',$,'Column B01 44','Perimeter column',$,#2714,#2725,$,$);
#2708=IFCMATERIALPROFILESETUSAGE(#285,$,$);
#2709=IFCRELASSOCIATESMATERIAL('04oeFGNiPLqxkv9Z$nORe1',$,$,$,(#2707),#2708);
#2710=IFCCARTESIANPOINT((40.82816996669412,23.78213469645064,0.));
#2711=IFCDIRECTION((0.,0.,1.));
#2712=IFCDIRECTION((1.,0.,0.));
#2713=IFCAXIS2PLACEMENT3D(#2710,#2711,#2712);
#2714=IFCLOCALPLACEMENT(#71,#2713);
#2715=IFCCARTESIANPOINTLIST2D(((0.,0.),(0.65,0.),(0.65,0.65),(0.,0.65)));
#2716=IFCINDEXEDPOLYCURVE(#2715,(IFCLINEINDEX((1,2,3,4,1))),$);
#2717=IFCARBITRARYCLOSEDPROFILEDEF(.AREA.,$,#2716);
#2718=IFCCARTESIANPOINT((0.,0.,0.));
#2719=IFCDIRECTION((0.,0.,1.));
#2720=IFCDIRECTION((1.,0.,0.));
#2721=IFCAXIS2PLACEMENT3D(#2718,#2719,#2720);
#2722=IFCDIRECTION((0.,0.,1.));
#2723=IFCEXTRUDEDAREASOLID(#2717,#2721,#2722,3.8600000000000003);
#2724=IFCSHAPEREPRESENTATION(#11,'Body','SweptSolid',(#2723));
#2725=IFCPRODUCTDEFINITIONSHAPE($,$,(#2724));
#2726=IFCCOLUMN('2t9uASPJDSTBbcGtEi_Q61',$,'Column B01 45','Perimeter column',$,#2733,#2744,$,$);
#2727=IFCMATERIALPROFILESETUSAGE(#285,$,$);
#2728=IFCRELASSOCIATESMATERIAL('0GK2tgSK5LpAcuUWxzO9lp',$,$,$,(#2726),#2727);
#2729=IFCCARTESIANPOINT((41.06723213066488,30.554933010206785,0.));
#2730=IFCDIRECTION((0.,0.,1.));
#2731=IFCDIRECTION((1.,0.,0.));
#2732=IFCAXIS2PLACEMENT3D(#2729,#2730,#2731);
#2733=IFCLOCALPLACEMENT(#71,#2732);
#2734=IFCCARTESIANPOINTLIST2D(((0.,0.),(0.65,0.),(0.65,0.65),(0.,0.65)));
#2735=IFCINDEXEDPOLYCURVE(#2734,(IFCLINEINDEX((1,2,3,4,1))),$);
#2736=IFCARBITRARYCLOSEDPROFILEDEF(.AREA.,$,#2735);
#2737=IFCCARTESIANPOINT((0.,0.,0.));
#2738=IFCDIRECTION((0.,0.,1.));
#2739=IFCDIRECTION((1.,0.,0.));
#2740=IFCAXIS2PLACEMENT3D(#2737,#2738,#2739);
#2741=IFCDIRECTION((0.,0.,1.));
#2742=IFCEXTRUDEDAREASOLID(#2736,#2740,#2741,3.8600000000000003);
#2743=IFCSHAPEREPRESENTATION(#11,'Body','SweptSolid',(#2742));
#2744=IFCPRODUCTDEFINITIONSHAPE($,$,(#2743));
#2745=IFCCOLUMN('3VJI$Ycv1HwuiRWjDe9nxM',$,'Column Ground 01','Perimeter column',$,#2752,#2763,$,$);
#2746=IFCMATERIALPROFILESETUSAGE(#285,$,$);
#2747=IFCRELASSOCIATESMATERIAL('0Ii_FlHeXJ7eDQP5qwiVrH',$,$,$,(#2745),#2746);
#2748=IFCCARTESIANPOINT((42.745,34.065,0.));
#2749=IFCDIRECTION((0.,0.,1.));
#2750=IFCDIRECTION((1.,0.,0.));
#2751=IFCAXIS2PLACEMENT3D(#2748,#2749,#2750);
#2752=IFCLOCALPLACEMENT(#78,#2751);
#2753=IFCCARTESIANPOINTLIST2D(((0.,0.),(0.65,0.),(0.65,0.65),(0.,0.65)));
#2754=IFCINDEXEDPOLYCURVE(#2753,(IFCLINEINDEX((1,2,3,4,1))),$);
#2755=IFCARBITRARYCLOSEDPROFILEDEF(.AREA.,$,#2754);
#2756=IFCCARTESIANPOINT((0.,0.,0.));
#2757=IFCDIRECTION((0.,0.,1.));
#2758=IFCDIRECTION((1.,0.,0.));
#2759=IFCAXIS2PLACEMENT3D(#2756,#2757,#2758);
#2760=IFCDIRECTION((0.,0.,1.));
#2761=IFCEXTRUDEDAREASOLID(#2755,#2759,#2760,5.66);
#2762=IFCSHAPEREPRESENTATION(#11,'Body','SweptSolid',(#2761));
#2763=IFCPRODUCTDEFINITIONSHAPE($,$,(#2762));
#2764=IFCCOLUMN('0Eap8lsoHR7AkKs79UwaF6',$,'Column Ground 02','Perimeter column',$,#2771,#2782,$,$);
#2765=IFCMATERIALPROFILESETUSAGE(#285,$,$);
#2766=IFCRELASSOCIATESMATERIAL('2_C_ufmyvPrhh8JJ4sny2G',$,$,$,(#2764),#2765);
#2767=IFCCARTESIANPOINT((33.81071900414887,35.15064408862824,0.));
#2768=IFCDIRECTION((0.,0.,1.));
#2769=IFCDIRECTION((1.,0.,0.));
#2770=IFCAXIS2PLACEMENT3D(#2767,#2768,#2769);
#2771=IFCLOCALPLACEMENT(#78,#2770);
#2772=IFCCARTESIANPOINTLIST2D(((0.,0.),(0.65,0.),(0.65,0.65),(0.,0.65)));
#2773=IFCINDEXEDPOLYCURVE(#2772,(IFCLINEINDEX((1,2,3,4,1))),$);
#2774=IFCARBITRARYCLOSEDPROFILEDEF(.AREA.,$,#2773);
#2775=IFCCARTESIANPOINT((0.,0.,0.));
#2776=IFCDIRECTION((0.,0.,1.));
#2777=IFCDIRECTION((1.,0.,0.));
#2778=IFCAXIS2PLACEMENT3D(#2775,#2776,#2777);
#2779=IFCDIRECTION((0.,0.,1.));
#2780=IFCEXTRUDEDAREASOLID(#2774,#2778,#2779,5.66);
#2781=IFCSHAPEREPRESENTATION(#11,'Body','SweptSolid',(#2780));
#2782=IFCPRODUCTDEFINITIONSHAPE($,$,(#2781));
#2783=IFCCOLUMN('3wRpEJiJvTCu6S00LorYiX',$,'Column Ground 03','Perimeter column',$,#2790,#2801,$,$);
#2784=IFCMATERIALPROFILESETUSAGE(#285,$,$);
#2785=IFCRELASSOCIATESMATERIAL('0we_0UKf9HwB4BEiXCAnCD',$,$,$,(#2783),#2784);
#2786=IFCCARTESIANPOINT((24.876438008297754,36.23628817725648,0.));
#2787=IFCDIRECTION((0.,0.,1.));
#2788=IFCDIRECTION((1.,0.,0.));
#2789=IFCAXIS2PLACEMENT3D(#2786,#2787,#2788);
#2790=IFCLOCALPLACEMENT(#78,#2789);
#2791=IFCCARTESIANPOINTLIST2D(((0.,0.),(0.65,0.),(0.65,0.65),(0.,0.65)));
#2792=IFCINDEXEDPOLYCURVE(#2791,(IFCLINEINDEX((1,2,3,4,1))),$);
#2793=IFCARBITRARYCLOSEDPROFILEDEF(.AREA.,$,#2792);
#2794=IFCCARTESIANPOINT((0.,0.,0.));
#2795=IFCDIRECTION((0.,0.,1.));
#2796=IFCDIRECTION((1.,0.,0.));
#2797=IFCAXIS2PLACEMENT3D(#2794,#2795,#2796);
#2798=IFCDIRECTION((0.,0.,1.));
#2799=IFCEXTRUDEDAREASOLID(#2793,#2797,#2798,5.66);
#2800=IFCSHAPEREPRESENTATION(#11,'Body','SweptSolid',(#2799));
#2801=IFCPRODUCTDEFINITIONSHAPE($,$,(#2800));
#2802=IFCCOLUMN('1uRMz9_$rSNg2APH6F1fMR',$,'Column Ground 04','Perimeter column',$,#2809,#2820,$,$);
#2803=IFCMATERIALPROFILESETUSAGE(#285,$,$);
#2804=IFCRELASSOCIATESMATERIAL('3XYiqpS9DRhRMjo00ghquN',$,$,$,(#2802),#2803);
#2805=IFCCARTESIANPOINT((18.39888691413214,39.39643983836554,0.));
#2806=IFCDIRECTION((0.,0.,1.));
#2807=IFCDIRECTION((1.,0.,0.));
#2808=IFCAXIS2PLACEMENT3D(#2805,#2806,#2807);
#2809=IFCLOCALPLACEMENT(#78,#2808);
#2810=IFCCARTESIANPOINTLIST2D(((0.,0.),(0.65,0.),(0.65,0.65),(0.,0.65)));
#2811=IFCINDEXEDPOLYCURVE(#2810,(IFCLINEINDEX((1,2,3,4,1))),$);
#2812=IFCARBITRARYCLOSEDPROFILEDEF(.AREA.,$,#2811);
#2813=IFCCARTESIANPOINT((0.,0.,0.));
#2814=IFCDIRECTION((0.,0.,1.));
#2815=IFCDIRECTION((1.,0.,0.));
#2816=IFCAXIS2PLACEMENT3D(#2813,#2814,#2815);
#2817=IFCDIRECTION((0.,0.,1.));
#2818=IFCEXTRUDEDAREASOLID(#2812,#2816,#2817,5.66);
#2819=IFCSHAPEREPRESENTATION(#11,'Body','SweptSolid',(#2818));
#2820=IFCPRODUCTDEFINITIONSHAPE($,$,(#2819));
#2821=IFCCOLUMN('3HnJQkjGzL5OQXlMhvOk5u',$,'Column Ground 05','Perimeter column',$,#2828,#2839,$,$);
#2822=IFCMATERIALPROFILESETUSAGE(#285,$,$);
#2823=IFCRELASSOCIATESMATERIAL('3TV_$Il2vSYQ7Xiaem9XVq',$,$,$,(#2821),#2822);
#2824=IFCCARTESIANPOINT((9.521292863406574,40.60281194577369,0.));
#2825=IFCDIRECTION((0.,0.,1.));
#2826=IFCDIRECTION((1.,0.,0.));
#2827=IFCAXIS2PLACEMENT3D(#2824,#2825,#2826);
#2828=IFCLOCALPLACEMENT(#78,#2827);
#2829=IFCCARTESIANPOINTLIST2D(((0.,0.),(0.65,0.),(0.65,0.65),(0.,0.65)));
#2830=IFCINDEXEDPOLYCURVE(#2829,(IFCLINEINDEX((1,2,3,4,1))),$);
#2831=IFCARBITRARYCLOSEDPROFILEDEF(.AREA.,$,#2830);
#2832=IFCCARTESIANPOINT((0.,0.,0.));
#2833=IFCDIRECTION((0.,0.,1.));
#2834=IFCDIRECTION((1.,0.,0.));
#2835=IFCAXIS2PLACEMENT3D(#2832,#2833,#2834);
#2836=IFCDIRECTION((0.,0.,1.));
#2837=IFCEXTRUDEDAREASOLID(#2831,#2835,#2836,5.66);
#2838=IFCSHAPEREPRESENTATION(#11,'Body','SweptSolid',(#2837));
#2839=IFCPRODUCTDEFINITIONSHAPE($,$,(#2838));
#2840=IFCCOLUMN('179L_BG7nN2Po7ga3Y9_44',$,'Column Ground 06','Perimeter column',$,#2847,#2858,$,$);
#2841=IFCMATERIALPROFILESETUSAGE(#285,$,$);
#2842=IFCRELASSOCIATESMATERIAL('2b$xAu3uzM0fq$d8xaE7oZ',$,$,$,(#2840),#2841);
#2843=IFCCARTESIANPOINT((0.5973524952628992,41.77041132304988,0.));
#2844=IFCDIRECTION((0.,0.,1.));
#2845=IFCDIRECTION((1.,0.,0.));
#2846=IFCAXIS2PLACEMENT3D(#2843,#2844,#2845);
#2847=IFCLOCALPLACEMENT(#78,#2846);
#2848=IFCCARTESIANPOINTLIST2D(((0.,0.),(0.65,0.),(0.65,0.65),(0.,0.65)));
#2849=IFCINDEXEDPOLYCURVE(#2848,(IFCLINEINDEX((1,2,3,4,1))),$);
#2850=IFCARBITRARYCLOSEDPROFILEDEF(.AREA.,$,#2849);
#2851=IFCCARTESIANPOINT((0.,0.,0.));
#2852=IFCDIRECTION((0.,0.,1.));
#2853=IFCDIRECTION((1.,0.,0.));
#2854=IFCAXIS2PLACEMENT3D(#2851,#2852,#2853);
#2855=IFCDIRECTION((0.,0.,1.));
#2856=IFCEXTRUDEDAREASOLID(#2850,#2854,#2855,5.66);
#2857=IFCSHAPEREPRESENTATION(#11,'Body','SweptSolid',(#2856));
#2858=IFCPRODUCTDEFINITIONSHAPE($,$,(#2857));
#2859=IFCCOLUMN('2EZGQDrJ1MH92rqNb49JC9',$,'Column Ground 07','Perimeter column',$,#2866,#2877,$,$);
#2860=IFCMATERIALPROFILESETUSAGE(#285,$,$);
#2861=IFCRELASSOCIATESMATERIAL('3eDpXhmqfLjffkt6m7GWnq',$,$,$,(#2859),#2860);
#2862=IFCCARTESIANPOINT((-7.985308559910617,42.51269073477726,0.));
#2863=IFCDIRECTION((0.,0.,1.));
#2864=IFCDIRECTION((1.,0.,0.));
#2865=IFCAXIS2PLACEMENT3D(#2862,#2863,#2864);
#2866=IFCLOCALPLACEMENT(#78,#2865);
#2867=IFCCARTESIANPOINTLIST2D(((0.,0.),(0.65,0.),(0.65,0.65),(0.,0.65)));
#2868=IFCINDEXEDPOLYCURVE(#2867,(IFCLINEINDEX((1,2,3,4,1))),$);
#2869=IFCARBITRARYCLOSEDPROFILEDEF(.AREA.,$,#2868);
#2870=IFCCARTESIANPOINT((0.,0.,0.));
#2871=IFCDIRECTION((0.,0.,1.));
#2872=IFCDIRECTION((1.,0.,0.));
#2873=IFCAXIS2PLACEMENT3D(#2870,#2871,#2872);
#2874=IFCDIRECTION((0.,0.,1.));
#2875=IFCEXTRUDEDAREASOLID(#2869,#2873,#2874,5.66);
#2876=IFCSHAPEREPRESENTATION(#11,'Body','SweptSolid',(#2875));
#2877=IFCPRODUCTDEFINITIONSHAPE($,$,(#2876));
#2878=IFCCOLUMN('11LHSwsDHNdON3XIMETJXN',$,'Column Ground 08','Perimeter column',$,#2885,#2896,$,$);
#2879=IFCMATERIALPROFILESETUSAGE(#285,$,$);
#2880=IFCRELASSOCIATESMATERIAL('1UInGxBYLM$PQ5MhEK4_rt',$,$,$,(#2878),#2879);
#2881=IFCCARTESIANPOINT((-15.035671108773196,41.44742980195001,0.));
#2882=IFCDIRECTION((0.,0.,1.));
#2883=IFCDIRECTION((1.,0.,0.));
#2884=IFCAXIS2PLACEMENT3D(#2881,#2882,#2883);
#2885=IFCLOCALPLACEMENT(#78,#2884);
#2886=IFCCARTESIANPOINTLIST2D(((0.,0.),(0.65,0.),(0.65,0.65),(0.,0.65)));
#2887=IFCINDEXEDPOLYCURVE(#2886,(IFCLINEINDEX((1,2,3,4,1))),$);
#2888=IFCARBITRARYCLOSEDPROFILEDEF(.AREA.,$,#2887);
#2889=IFCCARTESIANPOINT((0.,0.,0.));
#2890=IFCDIRECTION((0.,0.,1.));
#2891=IFCDIRECTION((1.,0.,0.));
#2892=IFCAXIS2PLACEMENT3D(#2889,#2890,#2891);
#2893=IFCDIRECTION((0.,0.,1.));
#2894=IFCEXTRUDEDAREASOLID(#2888,#2892,#2893,5.66);
#2895=IFCSHAPEREPRESENTATION(#11,'Body','SweptSolid',(#2894));
#2896=IFCPRODUCTDEFINITIONSHAPE($,$,(#2895));
#2897=IFCCOLUMN('2oTFKZDz9SjeGtp46pcUpZ',$,'Column Ground 09','Perimeter column',$,#2904,#2915,$,$);
#2898=IFCMATERIALPROFILESETUSAGE(#285,$,$);
#2899=IFCRELASSOCIATESMATERIAL('3JGwiK6IHTluQeznnF3S6R',$,$,$,(#2897),#2898);
#2900=IFCCARTESIANPOINT((-23.944088933223615,42.7280905161964,0.));
#2901=IFCDIRECTION((0.,0.,1.));
#2902=IFCDIRECTION((1.,0.,0.));
#2903=IFCAXIS2PLACEMENT3D(#2900,#2901,#2902);
#2904=IFCLOCALPLACEMENT(#78,#2903);
#2905=IFCCARTESIANPOINTLIST2D(((0.,0.),(0.65,0.),(0.65,0.65),(0.,0.65)));
#2906=IFCINDEXEDPOLYCURVE(#2905,(IFCLINEINDEX((1,2,3,4,1))),$);
#2907=IFCARBITRARYCLOSEDPROFILEDEF(.AREA.,$,#2906);
#2908=IFCCARTESIANPOINT((0.,0.,0.));
#2909=IFCDIRECTION((0.,0.,1.));
#2910=IFCDIRECTION((1.,0.,0.));
#2911=IFCAXIS2PLACEMENT3D(#2908,#2909,#2910);
#2912=IFCDIRECTION((0.,0.,1.));
#2913=IFCEXTRUDEDAREASOLID(#2907,#2911,#2912,5.66);
#2914=IFCSHAPEREPRESENTATION(#11,'Body','SweptSolid',(#2913));
#2915=IFCPRODUCTDEFINITIONSHAPE($,$,(#2914));
#2916=IFCCOLUMN('0SbNUZrUzG4BPGfpHu0qWo',$,'Column Ground 10','Perimeter column',$,#2923,#2934,$,$);
#2917=IFCMATERIALPROFILESETUSAGE(#285,$,$);
#2918=IFCRELASSOCIATESMATERIAL('2N9RgU769PGB5rBpFQCeoE',$,$,$,(#2916),#2917);
#2919=IFCCARTESIANPOINT((-32.852506757674035,44.0087512304428,0.));
#2920=IFCDIRECTION((0.,0.,1.));
#2921=IFCDIRECTION((1.,0.,0.));
#2922=IFCAXIS2PLACEMENT3D(#2919,#2920,#2921);
#2923=IFCLOCALPLACEMENT(#78,#2922);
#2924=IFCCARTESIANPOINTLIST2D(((0.,0.),(0.65,0.),(0.65,0.65),(0.,0.65)));
#2925=IFCINDEXEDPOLYCURVE(#2924,(IFCLINEINDEX((1,2,3,4,1))),$);
#2926=IFCARBITRARYCLOSEDPROFILEDEF(.AREA.,$,#2925);
#2927=IFCCARTESIANPOINT((0.,0.,0.));
#2928=IFCDIRECTION((0.,0.,1.));
#2929=IFCDIRECTION((1.,0.,0.));
#2930=IFCAXIS2PLACEMENT3D(#2927,#2928,#2929);
#2931=IFCDIRECTION((0.,0.,1.));
#2932=IFCEXTRUDEDAREASOLID(#2926,#2930,#2931,5.66);
#2933=IFCSHAPEREPRESENTATION(#11,'Body','SweptSolid',(#2932));
#2934=IFCPRODUCTDEFINITIONSHAPE($,$,(#2933));
#2935=IFCCOLUMN('0n7QeONMzL9gemeMU$UMFn',$,'Column Ground 11','Perimeter column',$,#2942,#2953,$,$);
#2936=IFCMATERIALPROFILESETUSAGE(#285,$,$);
#2937=IFCRELASSOCIATESMATERIAL('2suvJN15TTkOIMZFoMpIIJ',$,$,$,(#2935),#2936);
#2938=IFCCARTESIANPOINT((-41.76092458212445,45.28941194468919,0.));
#2939=IFCDIRECTION((0.,0.,1.));
#2940=IFCDIRECTION((1.,0.,0.));
#2941=IFCAXIS2PLACEMENT3D(#2938,#2939,#2940);
#2942=IFCLOCALPLACEMENT(#78,#2941);
#2943=IFCCARTESIANPOINTLIST2D(((0.,0.),(0.65,0.),(0.65,0.65),(0.,0.65)));
#2944=IFCINDEXEDPOLYCURVE(#2943,(IFCLINEINDEX((1,2,3,4,1))),$);
#2945=IFCARBITRARYCLOSEDPROFILEDEF(.AREA.,$,#2944);
#2946=IFCCARTESIANPOINT((0.,0.,0.));
#2947=IFCDIRECTION((0.,0.,1.));
#2948=IFCDIRECTION((1.,0.,0.));
#2949=IFCAXIS2PLACEMENT3D(#2946,#2947,#2948);
#2950=IFCDIRECTION((0.,0.,1.));
#2951=IFCEXTRUDEDAREASOLID(#2945,#2949,#2950,5.66);
#2952=IFCSHAPEREPRESENTATION(#11,'Body','SweptSolid',(#2951));
#2953=IFCPRODUCTDEFINITIONSHAPE($,$,(#2952));
#2954=IFCCOLUMN('3poEbVem1ISgWFjDZ0CBvS',$,'Column Ground 12','Perimeter column',$,#2961,#2972,$,$);
#2955=IFCMATERIALPROFILESETUSAGE(#285,$,$);
#2956=IFCRELASSOCIATESMATERIAL('1jStS1iD1OlOTK7DAmSyHh',$,$,$,(#2954),#2955);
#2957=IFCCARTESIANPOINT((-50.66934240657487,46.57007265893558,0.));
#2958=IFCDIRECTION((0.,0.,1.));
#2959=IFCDIRECTION((1.,0.,0.));
#2960=IFCAXIS2PLACEMENT3D(#2957,#2958,#2959);
#2961=IFCLOCALPLACEMENT(#78,#2960);
#2962=IFCCARTESIANPOINTLIST2D(((0.,0.),(0.65,0.),(0.65,0.65),(0.,0.65)));
#2963=IFCINDEXEDPOLYCURVE(#2962,(IFCLINEINDEX((1,2,3,4,1))),$);
#2964=IFCARBITRARYCLOSEDPROFILEDEF(.AREA.,$,#2963);
#2965=IFCCARTESIANPOINT((0.,0.,0.));
#2966=IFCDIRECTION((0.,0.,1.));
#2967=IFCDIRECTION((1.,0.,0.));
#2968=IFCAXIS2PLACEMENT3D(#2965,#2966,#2967);
#2969=IFCDIRECTION((0.,0.,1.));
#2970=IFCEXTRUDEDAREASOLID(#2964,#2968,#2969,5.66);
#2971=IFCSHAPEREPRESENTATION(#11,'Body','SweptSolid',(#2970));
#2972=IFCPRODUCTDEFINITIONSHAPE($,$,(#2971));
#2973=IFCCOLUMN('1dMvScJyTM2uNpztXHnU4P',$,'Column Ground 13','Perimeter column',$,#2980,#2991,$,$);
#2974=IFCMATERIALPROFILESETUSAGE(#285,$,$);
#2975=IFCRELASSOCIATESMATERIAL('2ijPIZxEzI1fNWs2iFXhrJ',$,$,$,(#2973),#2974);
#2976=IFCCARTESIANPOINT((-59.577760231025295,47.850733373181974,0.));
#2977=IFCDIRECTION((0.,0.,1.));
#2978=IFCDIRECTION((1.,0.,0.));
#2979=IFCAXIS2PLACEMENT3D(#2976,#2977,#2978);
#2980=IFCLOCALPLACEMENT(#78,#2979);
#2981=IFCCARTESIANPOINTLIST2D(((0.,0.),(0.65,0.),(0.65,0.65),(0.,0.65)));
#2982=IFCINDEXEDPOLYCURVE(#2981,(IFCLINEINDEX((1,2,3,4,1))),$);
#2983=IFCARBITRARYCLOSEDPROFILEDEF(.AREA.,$,#2982);
#2984=IFCCARTESIANPOINT((0.,0.,0.));
#2985=IFCDIRECTION((0.,0.,1.));
#2986=IFCDIRECTION((1.,0.,0.));
#2987=IFCAXIS2PLACEMENT3D(#2984,#2985,#2986);
#2988=IFCDIRECTION((0.,0.,1.));
#2989=IFCEXTRUDEDAREASOLID(#2983,#2987,#2988,5.66);
#2990=IFCSHAPEREPRESENTATION(#11,'Body','SweptSolid',(#2989));
#2991=IFCPRODUCTDEFINITIONSHAPE($,$,(#2990));
#2992=IFCCOLUMN('3jfJ6OlMfKC8$$8Sg$VJWc',$,'Column Ground 14','Perimeter column',$,#2999,#3010,$,$);
#2993=IFCMATERIALPROFILESETUSAGE(#285,$,$);
#2994=IFCRELASSOCIATESMATERIAL('0PJOYJowzGVQR0OlGm703K',$,$,$,(#2992),#2993);
#2995=IFCCARTESIANPOINT((-68.4861780554757,49.13139408742837,0.));
#2996=IFCDIRECTION((0.,0.,1.));
#2997=IFCDIRECTION((1.,0.,0.));
#2998=IFCAXIS2PLACEMENT3D(#2995,#2996,#2997);
#2999=IFCLOCALPLACEMENT(#78,#2998);
#3000=IFCCARTESIANPOINTLIST2D(((0.,0.),(0.65,0.),(0.65,0.65),(0.,0.65)));
#3001=IFCINDEXEDPOLYCURVE(#3000,(IFCLINEINDEX((1,2,3,4,1))),$);
#3002=IFCARBITRARYCLOSEDPROFILEDEF(.AREA.,$,#3001);
#3003=IFCCARTESIANPOINT((0.,0.,0.));
#3004=IFCDIRECTION((0.,0.,1.));
#3005=IFCDIRECTION((1.,0.,0.));
#3006=IFCAXIS2PLACEMENT3D(#3003,#3004,#3005);
#3007=IFCDIRECTION((0.,0.,1.));
#3008=IFCEXTRUDEDAREASOLID(#3002,#3006,#3007,5.66);
#3009=IFCSHAPEREPRESENTATION(#11,'Body','SweptSolid',(#3008));
#3010=IFCPRODUCTDEFINITIONSHAPE($,$,(#3009));
#3011=IFCCOLUMN('32QYED_PXKNvEyBER0LCjW',$,'Column Ground 15','Perimeter column',$,#3018,#3029,$,$);
#3012=IFCMATERIALPROFILESETUSAGE(#285,$,$);
#3013=IFCRELASSOCIATESMATERIAL('1w42$xY8vNV9X$e_$V$gby',$,$,$,(#3011),#3012);
#3014=IFCCARTESIANPOINT((-77.39459587992613,50.41205480167476,0.));
#3015=IFCDIRECTION((0.,0.,1.));
#3016=IFCDIRECTION((1.,0.,0.));
#3017=IFCAXIS2PLACEMENT3D(#3014,#3015,#3016);
#3018=IFCLOCALPLACEMENT(#78,#3017);
#3019=IFCCARTESIANPOINTLIST2D(((0.,0.),(0.65,0.),(0.65,0.65),(0.,0.65)));
#3020=IFCINDEXEDPOLYCURVE(#3019,(IFCLINEINDEX((1,2,3,4,1))),$);
#3021=IFCARBITRARYCLOSEDPROFILEDEF(.AREA.,$,#3020);
#3022=IFCCARTESIANPOINT((0.,0.,0.));
#3023=IFCDIRECTION((0.,0.,1.));
#3024=IFCDIRECTION((1.,0.,0.));
#3025=IFCAXIS2PLACEMENT3D(#3022,#3023,#3024);
#3026=IFCDIRECTION((0.,0.,1.));
#3027=IFCEXTRUDEDAREASOLID(#3021,#3025,#3026,5.66);
#3028=IFCSHAPEREPRESENTATION(#11,'Body','SweptSolid',(#3027));
#3029=IFCPRODUCTDEFINITIONSHAPE($,$,(#3028));
#3030=IFCCOLUMN('0YNkRUBxjL7BoCh70t9D3L',$,'Column Ground 16','Perimeter column',$,#3037,#3048,$,$);
#3031=IFCMATERIALPROFILESETUSAGE(#285,$,$);
#3032=IFCRELASSOCIATESMATERIAL('293TdGET5RgOsK2mQpBrlb',$,$,$,(#3030),#3031);
#3033=IFCCARTESIANPOINT((-80.6969627091795,47.75323304382168,0.));
#3034=IFCDIRECTION((0.,0.,1.));
#3035=IFCDIRECTION((1.,0.,0.));
#3036=IFCAXIS2PLACEMENT3D(#3033,#3034,#3035);
#3037=IFCLOCALPLACEMENT(#78,#3036);
#3038=IFCCARTESIANPOINTLIST2D(((0.,0.),(0.65,0.),(0.65,0.65),(0.,0.65)));
#3039=IFCINDEXEDPOLYCURVE(#3038,(IFCLINEINDEX((1,2,3,4,1))),$);
#3040=IFCARBITRARYCLOSEDPROFILEDEF(.AREA.,$,#3039);
#3041=IFCCARTESIANPOINT((0.,0.,0.));
#3042=IFCDIRECTION((0.,0.,1.));
#3043=IFCDIRECTION((1.,0.,0.));
#3044=IFCAXIS2PLACEMENT3D(#3041,#3042,#3043);
#3045=IFCDIRECTION((0.,0.,1.));
#3046=IFCEXTRUDEDAREASOLID(#3040,#3044,#3045,5.66);
#3047=IFCSHAPEREPRESENTATION(#11,'Body','SweptSolid',(#3046));
#3048=IFCPRODUCTDEFINITIONSHAPE($,$,(#3047));
#3049=IFCCOLUMN('0DM60egf9LGvnYwxaoKzNP',$,'Column Ground 17','Perimeter column',$,#3056,#3067,$,$);
#3050=IFCMATERIALPROFILESETUSAGE(#285,$,$);
#3051=IFCRELASSOCIATESMATERIAL('3SLpuM39DGZQMBXfnyxwBK',$,$,$,(#3049),#3050);
#3052=IFCCARTESIANPOINT((-79.43413036793393,40.78570534437854,0.));
#3053=IFCDIRECTION((0.,0.,1.));
#3054=IFCDIRECTION((1.,0.,0.));
#3055=IFCAXIS2PLACEMENT3D(#3052,#3053,#3054);
#3056=IFCLOCALPLACEMENT(#78,#3055);
#3057=IFCCARTESIANPOINTLIST2D(((0.,0.),(0.65,0.),(0.65,0.65),(0.,0.65)));
#3058=IFCINDEXEDPOLYCURVE(#3057,(IFCLINEINDEX((1,2,3,4,1))),$);
#3059=IFCARBITRARYCLOSEDPROFILEDEF(.AREA.,$,#3058);
#3060=IFCCARTESIANPOINT((0.,0.,0.));
#3061=IFCDIRECTION((0.,0.,1.));
#3062=IFCDIRECTION((1.,0.,0.));
#3063=IFCAXIS2PLACEMENT3D(#3060,#3061,#3062);
#3064=IFCDIRECTION((0.,0.,1.));
#3065=IFCEXTRUDEDAREASOLID(#3059,#3063,#3064,5.66);
#3066=IFCSHAPEREPRESENTATION(#11,'Body','SweptSolid',(#3065));
#3067=IFCPRODUCTDEFINITIONSHAPE($,$,(#3066));
#3068=IFCCOLUMN('0cvdGlXpnO2vV84cyq3OOx',$,'Column Ground 18','Perimeter column',$,#3075,#3086,$,$);
#3069=IFCMATERIALPROFILESETUSAGE(#285,$,$);
#3070=IFCRELASSOCIATESMATERIAL('015csxkTrLTQ1lkKsBjP2f',$,$,$,(#3068),#3069);
#3071=IFCCARTESIANPOINT((-75.11968299203309,32.88725335423627,0.));
#3072=IFCDIRECTION((0.,0.,1.));
#3073=IFCDIRECTION((1.,0.,0.));
#3074=IFCAXIS2PLACEMENT3D(#3071,#3072,#3073);
#3075=IFCLOCALPLACEMENT(#78,#3074);
#3076=IFCCARTESIANPOINTLIST2D(((0.,0.),(0.65,0.),(0.65,0.65),(0.,0.65)));
#3077=IFCINDEXEDPOLYCURVE(#3076,(IFCLINEINDEX((1,2,3,4,1))),$);
#3078=IFCARBITRARYCLOSEDPROFILEDEF(.AREA.,$,#3077);
#3079=IFCCARTESIANPOINT((0.,0.,0.));
#3080=IFCDIRECTION((0.,0.,1.));
#3081=IFCDIRECTION((1.,0.,0.));
#3082=IFCAXIS2PLACEMENT3D(#3079,#3080,#3081);
#3083=IFCDIRECTION((0.,0.,1.));
#3084=IFCEXTRUDEDAREASOLID(#3078,#3082,#3083,5.66);
#3085=IFCSHAPEREPRESENTATION(#11,'Body','SweptSolid',(#3084));
#3086=IFCPRODUCTDEFINITIONSHAPE($,$,(#3085));
#3087=IFCCOLUMN('2QWRz73g1KQfoDgXwJtn$L',$,'Column Ground 19','Perimeter column',$,#3094,#3105,$,$);
#3088=IFCMATERIALPROFILESETUSAGE(#285,$,$);
#3089=IFCRELASSOCIATESMATERIAL('2j8QSfdFvI7QJZnjCUc3dl',$,$,$,(#3087),#3088);
#3090=IFCCARTESIANPOINT((-70.80523561613225,24.98880136409401,0.));
#3091=IFCDIRECTION((0.,0.,1.));
#3092=IFCDIRECTION((1.,0.,0.));
#3093=IFCAXIS2PLACEMENT3D(#3090,#3091,#3092);
#3094=IFCLOCALPLACEMENT(#78,#3093);
#3095=IFCCARTESIANPOINTLIST2D(((0.,0.),(0.65,0.),(0.65,0.65),(0.,0.65)));
#3096=IFCINDEXEDPOLYCURVE(#3095,(IFCLINEINDEX((1,2,3,4,1))),$);
#3097=IFCARBITRARYCLOSEDPROFILEDEF(.AREA.,$,#3096);
#3098=IFCCARTESIANPOINT((0.,0.,0.));
#3099=IFCDIRECTION((0.,0.,1.));
#3100=IFCDIRECTION((1.,0.,0.));
#3101=IFCAXIS2PLACEMENT3D(#3098,#3099,#3100);
#3102=IFCDIRECTION((0.,0.,1.));
#3103=IFCEXTRUDEDAREASOLID(#3097,#3101,#3102,5.66);
#3104=IFCSHAPEREPRESENTATION(#11,'Body','SweptSolid',(#3103));
#3105=IFCPRODUCTDEFINITIONSHAPE($,$,(#3104));
#3106=IFCCOLUMN('0wQgS2yk1GAOvKMRMcufB5',$,'Column Ground 20','Perimeter column',$,#3113,#3124,$,$);
#3107=IFCMATERIALPROFILESETUSAGE(#285,$,$);
#3108=IFCRELASSOCIATESMATERIAL('1e2eH3bCHUGgAtf$MjAHtk',$,$,$,(#3106),#3107);
#3109=IFCCARTESIANPOINT((-66.49078824023141,17.090349373951742,0.));
#3110=IFCDIRECTION((0.,0.,1.));
#3111=IFCDIRECTION((1.,0.,0.));
#3112=IFCAXIS2PLACEMENT3D(#3109,#3110,#3111);
#3113=IFCLOCALPLACEMENT(#78,#3112);
#3114=IFCCARTESIANPOINTLIST2D(((0.,0.),(0.65,0.),(0.65,0.65),(0.,0.65)));
#3115=IFCINDEXEDPOLYCURVE(#3114,(IFCLINEINDEX((1,2,3,4,1))),$);
#3116=IFCARBITRARYCLOSEDPROFILEDEF(.AREA.,$,#3115);
#3117=IFCCARTESIANPOINT((0.,0.,0.));
#3118=IFCDIRECTION((0.,0.,1.));
#3119=IFCDIRECTION((1.,0.,0.));
#3120=IFCAXIS2PLACEMENT3D(#3117,#3118,#3119);
#3121=IFCDIRECTION((0.,0.,1.));
#3122=IFCEXTRUDEDAREASOLID(#3116,#3120,#3121,5.66);
#3123=IFCSHAPEREPRESENTATION(#11,'Body','SweptSolid',(#3122));
#3124=IFCPRODUCTDEFINITIONSHAPE($,$,(#3123));
#3125=IFCCOLUMN('3mNXgKIJ5OH8F_6tQWPVik',$,'Column Ground 21','Perimeter column',$,#3132,#3143,$,$);
#3126=IFCMATERIALPROFILESETUSAGE(#285,$,$);
#3127=IFCRELASSOCIATESMATERIAL('0NJMC7CuvLwx4h7Or0aM76',$,$,$,(#3125),#3126);
#3128=IFCCARTESIANPOINT((-62.17634086433056,9.191897383809472,0.));
#3129=IFCDIRECTION((0.,0.,1.));
#3130=IFCDIRECTION((1.,0.,0.));
#3131=IFCAXIS2PLACEMENT3D(#3128,#3129,#3130);
#3132=IFCLOCALPLACEMENT(#78,#3131);
#3133=IFCCARTESIANPOINTLIST2D(((0.,0.),(0.65,0.),(0.65,0.65),(0.,0.65)));
#3134=IFCINDEXEDPOLYCURVE(#3133,(IFCLINEINDEX((1,2,3,4,1))),$);
#3135=IFCARBITRARYCLOSEDPROFILEDEF(.AREA.,$,#3134);
#3136=IFCCARTESIANPOINT((0.,0.,0.));
#3137=IFCDIRECTION((0.,0.,1.));
#3138=IFCDIRECTION((1.,0.,0.));
#3139=IFCAXIS2PLACEMENT3D(#3136,#3137,#3138);
#3140=IFCDIRECTION((0.,0.,1.));
#3141=IFCEXTRUDEDAREASOLID(#3135,#3139,#3140,5.66);
#3142=IFCSHAPEREPRESENTATION(#11,'Body','SweptSolid',(#3141));
#3143=IFCPRODUCTDEFINITIONSHAPE($,$,(#3142));
#3144=IFCCOLUMN('21Jt1LMX5M1AuIAn4OCZFM',$,'Column Ground 22','Perimeter column',$,#3151,#3162,$,$);
#3145=IFCMATERIALPROFILESETUSAGE(#285,$,$);
#3146=IFCRELASSOCIATESMATERIAL('0MI3SK5SbT7u9NslLpzdFz',$,$,$,(#3144),#3145);
#3147=IFCCARTESIANPOINT((-57.861893488429715,1.2934453936672086,0.));
#3148=IFCDIRECTION((0.,0.,1.));
#3149=IFCDIRECTION((1.,0.,0.));
#3150=IFCAXIS2PLACEMENT3D(#3147,#3148,#3149);
#3151=IFCLOCALPLACEMENT(#78,#3150);
#3152=IFCCARTESIANPOINTLIST2D(((0.,0.),(0.65,0.),(0.65,0.65),(0.,0.65)));
#3153=IFCINDEXEDPOLYCURVE(#3152,(IFCLINEINDEX((1,2,3,4,1))),$);
#3154=IFCARBITRARYCLOSEDPROFILEDEF(.AREA.,$,#3153);
#3155=IFCCARTESIANPOINT((0.,0.,0.));
#3156=IFCDIRECTION((0.,0.,1.));
#3157=IFCDIRECTION((1.,0.,0.));
#3158=IFCAXIS2PLACEMENT3D(#3155,#3156,#3157);
#3159=IFCDIRECTION((0.,0.,1.));
#3160=IFCEXTRUDEDAREASOLID(#3154,#3158,#3159,5.66);
#3161=IFCSHAPEREPRESENTATION(#11,'Body','SweptSolid',(#3160));
#3162=IFCPRODUCTDEFINITIONSHAPE($,$,(#3161));
#3163=IFCCOLUMN('2tBd6tQnvUWxC3e2jjLaI_',$,'Column Ground 23','Perimeter column',$,#3170,#3181,$,$);
#3164=IFCMATERIALPROFILESETUSAGE(#285,$,$);
#3165=IFCRELASSOCIATESMATERIAL('0Jt3fRIubSeQ_6TfgDUOHI',$,$,$,(#3163),#3164);
#3166=IFCCARTESIANPOINT((-58.45019512900164,-7.497526141989824,0.));
#3167=IFCDIRECTION((0.,0.,1.));
#3168=IFCDIRECTION((1.,0.,0.));
#3169=IFCAXIS2PLACEMENT3D(#3166,#3167,#3168);
#3170=IFCLOCALPLACEMENT(#78,#3169);
#3171=IFCCARTESIANPOINTLIST2D(((0.,0.),(0.65,0.),(0.65,0.65),(0.,0.65)));
#3172=IFCINDEXEDPOLYCURVE(#3171,(IFCLINEINDEX((1,2,3,4,1))),$);
#3173=IFCARBITRARYCLOSEDPROFILEDEF(.AREA.,$,#3172);
#3174=IFCCARTESIANPOINT((0.,0.,0.));
#3175=IFCDIRECTION((0.,0.,1.));
#3176=IFCDIRECTION((1.,0.,0.));
#3177=IFCAXIS2PLACEMENT3D(#3174,#3175,#3176);
#3178=IFCDIRECTION((0.,0.,1.));
#3179=IFCEXTRUDEDAREASOLID(#3173,#3177,#3178,5.66);
#3180=IFCSHAPEREPRESENTATION(#11,'Body','SweptSolid',(#3179));
#3181=IFCPRODUCTDEFINITIONSHAPE($,$,(#3180));
#3182=IFCCOLUMN('3G5t8rp6HICBSZ2pEjCZx6',$,'Column Ground 24','Perimeter column',$,#3189,#3200,$,$);
#3183=IFCMATERIALPROFILESETUSAGE(#285,$,$);
#3184=IFCRELASSOCIATESMATERIAL('1fB68IyIvKjBFyoGjAk2n0',$,$,$,(#3182),#3183);
#3185=IFCCARTESIANPOINT((-59.70435445329524,-16.40971354965173,0.));
#3186=IFCDIRECTION((0.,0.,1.));
#3187=IFCDIRECTION((1.,0.,0.));
#3188=IFCAXIS2PLACEMENT3D(#3185,#3186,#3187);
#3189=IFCLOCALPLACEMENT(#78,#3188);
#3190=IFCCARTESIANPOINTLIST2D(((0.,0.),(0.65,0.),(0.65,0.65),(0.,0.65)));
#3191=IFCINDEXEDPOLYCURVE(#3190,(IFCLINEINDEX((1,2,3,4,1))),$);
#3192=IFCARBITRARYCLOSEDPROFILEDEF(.AREA.,$,#3191);
#3193=IFCCARTESIANPOINT((0.,0.,0.));
#3194=IFCDIRECTION((0.,0.,1.));
#3195=IFCDIRECTION((1.,0.,0.));
#3196=IFCAXIS2PLACEMENT3D(#3193,#3194,#3195);
#3197=IFCDIRECTION((0.,0.,1.));
#3198=IFCEXTRUDEDAREASOLID(#3192,#3196,#3197,5.66);
#3199=IFCSHAPEREPRESENTATION(#11,'Body','SweptSolid',(#3198));
#3200=IFCPRODUCTDEFINITIONSHAPE($,$,(#3199));
#3201=IFCCOLUMN('3cyNIeAPjRiRFJPB53Cryb',$,'Column Ground 25','Perimeter column',$,#3208,#3219,$,$);
#3202=IFCMATERIALPROFILESETUSAGE(#285,$,$);
#3203=IFCRELASSOCIATESMATERIAL('080kHe_2bJFv4LctCRiYbI',$,$,$,(#3201),#3202);
#3204=IFCCARTESIANPOINT((-60.95851377758883,-25.321900957313634,0.));
#3205=IFCDIRECTION((0.,0.,1.));
#3206=IFCDIRECTION((1.,0.,0.));
#3207=IFCAXIS2PLACEMENT3D(#3204,#3205,#3206);
#3208=IFCLOCALPLACEMENT(#78,#3207);
#3209=IFCCARTESIANPOINTLIST2D(((0.,0.),(0.65,0.),(0.65,0.65),(0.,0.65)));
#3210=IFCINDEXEDPOLYCURVE(#3209,(IFCLINEINDEX((1,2,3,4,1))),$);
#3211=IFCARBITRARYCLOSEDPROFILEDEF(.AREA.,$,#3210);
#3212=IFCCARTESIANPOINT((0.,0.,0.));
#3213=IFCDIRECTION((0.,0.,1.));
#3214=IFCDIRECTION((1.,0.,0.));
#3215=IFCAXIS2PLACEMENT3D(#3212,#3213,#3214);
#3216=IFCDIRECTION((0.,0.,1.));
#3217=IFCEXTRUDEDAREASOLID(#3211,#3215,#3216,5.66);
#3218=IFCSHAPEREPRESENTATION(#11,'Body','SweptSolid',(#3217));
#3219=IFCPRODUCTDEFINITIONSHAPE($,$,(#3218));
#3220=IFCCOLUMN('21EPEcG9jPjwqVpM7oF8Od',$,'Column Ground 26','Perimeter column',$,#3227,#3238,$,$);
#3221=IFCMATERIALPROFILESETUSAGE(#285,$,$);
#3222=IFCRELASSOCIATESMATERIAL('2xu_6n_BnHxQdSafyd0qjH',$,$,$,(#3220),#3221);
#3223=IFCCARTESIANPOINT((-62.21267310188242,-34.23408836497555,0.));
#3224=IFCDIRECTION((0.,0.,1.));
#3225=IFCDIRECTION((1.,0.,0.));
#3226=IFCAXIS2PLACEMENT3D(#3223,#3224,#3225);
#3227=IFCLOCALPLACEMENT(#78,#3226);
#3228=IFCCARTESIANPOINTLIST2D(((0.,0.),(0.65,0.),(0.65,0.65),(0.,0.65)));
#3229=IFCINDEXEDPOLYCURVE(#3228,(IFCLINEINDEX((1,2,3,4,1))),$);
#3230=IFCARBITRARYCLOSEDPROFILEDEF(.AREA.,$,#3229);
#3231=IFCCARTESIANPOINT((0.,0.,0.));
#3232=IFCDIRECTION((0.,0.,1.));
#3233=IFCDIRECTION((1.,0.,0.));
#3234=IFCAXIS2PLACEMENT3D(#3231,#3232,#3233);
#3235=IFCDIRECTION((0.,0.,1.));
#3236=IFCEXTRUDEDAREASOLID(#3230,#3234,#3235,5.66);
#3237=IFCSHAPEREPRESENTATION(#11,'Body','SweptSolid',(#3236));
#3238=IFCPRODUCTDEFINITIONSHAPE($,$,(#3237));
#3239=IFCCOLUMN('3N2aadNjnVTPRoOb2IqRJD',$,'Column Ground 27','Perimeter column',$,#3246,#3257,$,$);
#3240=IFCMATERIALPROFILESETUSAGE(#285,$,$);
#3241=IFCRELASSOCIATESMATERIAL('1K7m1fKmTHZBK4ASTvTDI3',$,$,$,(#3239),#3240);
#3242=IFCCARTESIANPOINT((-58.45827632443749,-39.316490648951124,0.));
#3243=IFCDIRECTION((0.,0.,1.));
#3244=IFCDIRECTION((1.,0.,0.));
#3245=IFCAXIS2PLACEMENT3D(#3242,#3243,#3244);
#3246=IFCLOCALPLACEMENT(#78,#3245);
#3247=IFCCARTESIANPOINTLIST2D(((0.,0.),(0.65,0.),(0.65,0.65),(0.,0.65)));
#3248=IFCINDEXEDPOLYCURVE(#3247,(IFCLINEINDEX((1,2,3,4,1))),$);
#3249=IFCARBITRARYCLOSEDPROFILEDEF(.AREA.,$,#3248);
#3250=IFCCARTESIANPOINT((0.,0.,0.));
#3251=IFCDIRECTION((0.,0.,1.));
#3252=IFCDIRECTION((1.,0.,0.));
#3253=IFCAXIS2PLACEMENT3D(#3250,#3251,#3252);
#3254=IFCDIRECTION((0.,0.,1.));
#3255=IFCEXTRUDEDAREASOLID(#3249,#3253,#3254,5.66);
#3256=IFCSHAPEREPRESENTATION(#11,'Body','SweptSolid',(#3255));
#3257=IFCPRODUCTDEFINITIONSHAPE($,$,(#3256));
#3258=IFCCOLUMN('366Omxa8jI0QCAVTmh3Nr_',$,'Column Ground 28','Perimeter column',$,#3265,#3276,$,$);
#3259=IFCMATERIALPROFILESETUSAGE(#285,$,$);
#3260=IFCRELASSOCIATESMATERIAL('2JGMiCbZrQZeNNn0tJAJE5',$,$,$,(#3258),#3259);
#3261=IFCCARTESIANPOINT((-49.52891242641195,-40.44186186621147,0.));
#3262=IFCDIRECTION((0.,0.,1.));
#3263=IFCDIRECTION((1.,0.,0.));
#3264=IFCAXIS2PLACEMENT3D(#3261,#3262,#3263);
#3265=IFCLOCALPLACEMENT(#78,#3264);
#3266=IFCCARTESIANPOINTLIST2D(((0.,0.),(0.65,0.),(0.65,0.65),(0.,0.65)));
#3267=IFCINDEXEDPOLYCURVE(#3266,(IFCLINEINDEX((1,2,3,4,1))),$);
#3268=IFCARBITRARYCLOSEDPROFILEDEF(.AREA.,$,#3267);
#3269=IFCCARTESIANPOINT((0.,0.,0.));
#3270=IFCDIRECTION((0.,0.,1.));
#3271=IFCDIRECTION((1.,0.,0.));
#3272=IFCAXIS2PLACEMENT3D(#3269,#3270,#3271);
#3273=IFCDIRECTION((0.,0.,1.));
#3274=IFCEXTRUDEDAREASOLID(#3268,#3272,#3273,5.66);
#3275=IFCSHAPEREPRESENTATION(#11,'Body','SweptSolid',(#3274));
#3276=IFCPRODUCTDEFINITIONSHAPE($,$,(#3275));
#3277=IFCCOLUMN('3K$cV$XYrOoBOUjq0SdNvm',$,'Column Ground 29','Perimeter column',$,#3284,#3295,$,$);
#3278=IFCMATERIALPROFILESETUSAGE(#285,$,$);
#3279=IFCRELASSOCIATESMATERIAL('16ddzGfEjQqhznDEK9k5uy',$,$,$,(#3277),#3278);
#3280=IFCCARTESIANPOINT((-40.59954852838641,-41.56723308347181,0.));
#3281=IFCDIRECTION((0.,0.,1.));
#3282=IFCDIRECTION((1.,0.,0.));
#3283=IFCAXIS2PLACEMENT3D(#3280,#3281,#3282);
#3284=IFCLOCALPLACEMENT(#78,#3283);
#3285=IFCCARTESIANPOINTLIST2D(((0.,0.),(0.65,0.),(0.65,0.65),(0.,0.65)));
#3286=IFCINDEXEDPOLYCURVE(#3285,(IFCLINEINDEX((1,2,3,4,1))),$);
#3287=IFCARBITRARYCLOSEDPROFILEDEF(.AREA.,$,#3286);
#3288=IFCCARTESIANPOINT((0.,0.,0.));
#3289=IFCDIRECTION((0.,0.,1.));
#3290=IFCDIRECTION((1.,0.,0.));
#3291=IFCAXIS2PLACEMENT3D(#3288,#3289,#3290);
#3292=IFCDIRECTION((0.,0.,1.));
#3293=IFCEXTRUDEDAREASOLID(#3287,#3291,#3292,5.66);
#3294=IFCSHAPEREPRESENTATION(#11,'Body','SweptSolid',(#3293));
#3295=IFCPRODUCTDEFINITIONSHAPE($,$,(#3294));
#3296=IFCCOLUMN('2_YmXczizODQra1PetEYXD',$,'Column Ground 30','Perimeter column',$,#3303,#3314,$,$);
#3297=IFCMATERIALPROFILESETUSAGE(#285,$,$);
#3298=IFCRELASSOCIATESMATERIAL('3a4x1AJaHMRhnXy0XNUwTP',$,$,$,(#3296),#3297);
#3299=IFCCARTESIANPOINT((-31.670184630360854,-42.69260430073216,0.));
#3300=IFCDIRECTION((0.,0.,1.));
#3301=IFCDIRECTION((1.,0.,0.));
#3302=IFCAXIS2PLACEMENT3D(#3299,#3300,#3301);
#3303=IFCLOCALPLACEMENT(#78,#3302);
#3304=IFCCARTESIANPOINTLIST2D(((0.,0.),(0.65,0.),(0.65,0.65),(0.,0.65)));
#3305=IFCINDEXEDPOLYCURVE(#3304,(IFCLINEINDEX((1,2,3,4,1))),$);
#3306=IFCARBITRARYCLOSEDPROFILEDEF(.AREA.,$,#3305);
#3307=IFCCARTESIANPOINT((0.,0.,0.));
#3308=IFCDIRECTION((0.,0.,1.));
#3309=IFCDIRECTION((1.,0.,0.));
#3310=IFCAXIS2PLACEMENT3D(#3307,#3308,#3309);
#3311=IFCDIRECTION((0.,0.,1.));
#3312=IFCEXTRUDEDAREASOLID(#3306,#3310,#3311,5.66);
#3313=IFCSHAPEREPRESENTATION(#11,'Body','SweptSolid',(#3312));
#3314=IFCPRODUCTDEFINITIONSHAPE($,$,(#3313));
#3315=IFCCOLUMN('0srOO$ZPjR$xXmrYV6oupK',$,'Column Ground 31','Perimeter column',$,#3322,#3333,$,$);
#3316=IFCMATERIALPROFILESETUSAGE(#285,$,$);
#3317=IFCRELASSOCIATESMATERIAL('0u6mLo3efIPwu38WfzBGHB',$,$,$,(#3315),#3316);
#3318=IFCCARTESIANPOINT((-22.74082073233531,-43.8179755179925,0.));
#3319=IFCDIRECTION((0.,0.,1.));
#3320=IFCDIRECTION((1.,0.,0.));
#3321=IFCAXIS2PLACEMENT3D(#3318,#3319,#3320);
#3322=IFCLOCALPLACEMENT(#78,#3321);
#3323=IFCCARTESIANPOINTLIST2D(((0.,0.),(0.65,0.),(0.65,0.65),(0.,0.65)));
#3324=IFCINDEXEDPOLYCURVE(#3323,(IFCLINEINDEX((1,2,3,4,1))),$);
#3325=IFCARBITRARYCLOSEDPROFILEDEF(.AREA.,$,#3324);
#3326=IFCCARTESIANPOINT((0.,0.,0.));
#3327=IFCDIRECTION((0.,0.,1.));
#3328=IFCDIRECTION((1.,0.,0.));
#3329=IFCAXIS2PLACEMENT3D(#3326,#3327,#3328);
#3330=IFCDIRECTION((0.,0.,1.));
#3331=IFCEXTRUDEDAREASOLID(#3325,#3329,#3330,5.66);
#3332=IFCSHAPEREPRESENTATION(#11,'Body','SweptSolid',(#3331));
#3333=IFCPRODUCTDEFINITIONSHAPE($,$,(#3332));
#3334=IFCCOLUMN('0b0UYz8DrU4RZvsMq2UQbW',$,'Column Ground 32','Perimeter column',$,#3341,#3352,$,$);
#3335=IFCMATERIALPROFILESETUSAGE(#285,$,$);
#3336=IFCRELASSOCIATESMATERIAL('1Nwzm86$bTkAxewes7o6YP',$,$,$,(#3334),#3335);
#3337=IFCCARTESIANPOINT((-13.81145683430977,-44.943346735252845,0.));
#3338=IFCDIRECTION((0.,0.,1.));
#3339=IFCDIRECTION((1.,0.,0.));
#3340=IFCAXIS2PLACEMENT3D(#3337,#3338,#3339);
#3341=IFCLOCALPLACEMENT(#78,#3340);
#3342=IFCCARTESIANPOINTLIST2D(((0.,0.),(0.65,0.),(0.65,0.65),(0.,0.65)));
#3343=IFCINDEXEDPOLYCURVE(#3342,(IFCLINEINDEX((1,2,3,4,1))),$);
#3344=IFCARBITRARYCLOSEDPROFILEDEF(.AREA.,$,#3343);
#3345=IFCCARTESIANPOINT((0.,0.,0.));
#3346=IFCDIRECTION((0.,0.,1.));
#3347=IFCDIRECTION((1.,0.,0.));
#3348=IFCAXIS2PLACEMENT3D(#3345,#3346,#3347);
#3349=IFCDIRECTION((0.,0.,1.));
#3350=IFCEXTRUDEDAREASOLID(#3344,#3348,#3349,5.66);
#3351=IFCSHAPEREPRESENTATION(#11,'Body','SweptSolid',(#3350));
#3352=IFCPRODUCTDEFINITIONSHAPE($,$,(#3351));
#3353=IFCCOLUMN('26H07cs2nLTh3XsKmYPkHU',$,'Column Ground 33','Perimeter column',$,#3360,#3371,$,$);
#3354=IFCMATERIALPROFILESETUSAGE(#285,$,$);
#3355=IFCRELASSOCIATESMATERIAL('1Nksemt6HKDPDj094Pn77v',$,$,$,(#3353),#3354);
#3356=IFCCARTESIANPOINT((-4.882092936284214,-46.0687179525132,0.));
#3357=IFCDIRECTION((0.,0.,1.));
#3358=IFCDIRECTION((1.,0.,0.));
#3359=IFCAXIS2PLACEMENT3D(#3356,#3357,#3358);
#3360=IFCLOCALPLACEMENT(#78,#3359);
#3361=IFCCARTESIANPOINTLIST2D(((0.,0.),(0.65,0.),(0.65,0.65),(0.,0.65)));
#3362=IFCINDEXEDPOLYCURVE(#3361,(IFCLINEINDEX((1,2,3,4,1))),$);
#3363=IFCARBITRARYCLOSEDPROFILEDEF(.AREA.,$,#3362);
#3364=IFCCARTESIANPOINT((0.,0.,0.));
#3365=IFCDIRECTION((0.,0.,1.));
#3366=IFCDIRECTION((1.,0.,0.));
#3367=IFCAXIS2PLACEMENT3D(#3364,#3365,#3366);
#3368=IFCDIRECTION((0.,0.,1.));
#3369=IFCEXTRUDEDAREASOLID(#3363,#3367,#3368,5.66);
#3370=IFCSHAPEREPRESENTATION(#11,'Body','SweptSolid',(#3369));
#3371=IFCPRODUCTDEFINITIONSHAPE($,$,(#3370));
#3372=IFCCOLUMN('21kww_IDrS3xUekPbb2gFV',$,'Column Ground 34','Perimeter column',$,#3379,#3390,$,$);
#3373=IFCMATERIALPROFILESETUSAGE(#285,$,$);
#3374=IFCRELASSOCIATESMATERIAL('3nGhVWltzLdOn29sWQ9Sx4',$,$,$,(#3372),#3373);
#3375=IFCCARTESIANPOINT((4.047270961741314,-47.194089169773534,0.));
#3376=IFCDIRECTION((0.,0.,1.));
#3377=IFCDIRECTION((1.,0.,0.));
#3378=IFCAXIS2PLACEMENT3D(#3375,#3376,#3377);
#3379=IFCLOCALPLACEMENT(#78,#3378);
#3380=IFCCARTESIANPOINTLIST2D(((0.,0.),(0.65,0.),(0.65,0.65),(0.,0.65)));
#3381=IFCINDEXEDPOLYCURVE(#3380,(IFCLINEINDEX((1,2,3,4,1))),$);
#3382=IFCARBITRARYCLOSEDPROFILEDEF(.AREA.,$,#3381);
#3383=IFCCARTESIANPOINT((0.,0.,0.));
#3384=IFCDIRECTION((0.,0.,1.));
#3385=IFCDIRECTION((1.,0.,0.));
#3386=IFCAXIS2PLACEMENT3D(#3383,#3384,#3385);
#3387=IFCDIRECTION((0.,0.,1.));
#3388=IFCEXTRUDEDAREASOLID(#3382,#3386,#3387,5.66);
#3389=IFCSHAPEREPRESENTATION(#11,'Body','SweptSolid',(#3388));
#3390=IFCPRODUCTDEFINITIONSHAPE($,$,(#3389));
#3391=IFCCOLUMN('0k8s6bPcrIaeDYnwDoUuW6',$,'Column Ground 35','Perimeter column',$,#3398,#3409,$,$);
#3392=IFCMATERIALPROFILESETUSAGE(#285,$,$);
#3393=IFCRELASSOCIATESMATERIAL('2jF7KZEkfTSP03UucipZS8',$,$,$,(#3391),#3392);
#3394=IFCCARTESIANPOINT((9.75516744393736,-42.69580932212589,0.));
#3395=IFCDIRECTION((0.,0.,1.));
#3396=IFCDIRECTION((1.,0.,0.));
#3397=IFCAXIS2PLACEMENT3D(#3394,#3395,#3396);
#3398=IFCLOCALPLACEMENT(#78,#3397);
#3399=IFCCARTESIANPOINTLIST2D(((0.,0.),(0.65,0.),(0.65,0.65),(0.,0.65)));
#3400=IFCINDEXEDPOLYCURVE(#3399,(IFCLINEINDEX((1,2,3,4,1))),$);
#3401=IFCARBITRARYCLOSEDPROFILEDEF(.AREA.,$,#3400);
#3402=IFCCARTESIANPOINT((0.,0.,0.));
#3403=IFCDIRECTION((0.,0.,1.));
#3404=IFCDIRECTION((1.,0.,0.));
#3405=IFCAXIS2PLACEMENT3D(#3402,#3403,#3404);
#3406=IFCDIRECTION((0.,0.,1.));
#3407=IFCEXTRUDEDAREASOLID(#3401,#3405,#3406,5.66);
#3408=IFCSHAPEREPRESENTATION(#11,'Body','SweptSolid',(#3407));
#3409=IFCPRODUCTDEFINITIONSHAPE($,$,(#3408));
#3410=IFCCOLUMN('370eRpAyzUceuRgSjXFiaY',$,'Column Ground 36','Perimeter column',$,#3417,#3428,$,$);
#3411=IFCMATERIALPROFILESETUSAGE(#285,$,$);
#3412=IFCRELASSOCIATESMATERIAL('3YIvSUY6HLwPraDzwePz09',$,$,$,(#3410),#3411);
#3413=IFCCARTESIANPOINT((15.266155982504156,-37.07230713886844,0.));
#3414=IFCDIRECTION((0.,0.,1.));
#3415=IFCDIRECTION((1.,0.,0.));
#3416=IFCAXIS2PLACEMENT3D(#3413,#3414,#3415);
#3417=IFCLOCALPLACEMENT(#78,#3416);
#3418=IFCCARTESIANPOINTLIST2D(((0.,0.),(0.65,0.),(0.65,0.65),(0.,0.65)));
#3419=IFCINDEXEDPOLYCURVE(#3418,(IFCLINEINDEX((1,2,3,4,1))),$);
#3420=IFCARBITRARYCLOSEDPROFILEDEF(.AREA.,$,#3419);
#3421=IFCCARTESIANPOINT((0.,0.,0.));
#3422=IFCDIRECTION((0.,0.,1.));
#3423=IFCDIRECTION((1.,0.,0.));
#3424=IFCAXIS2PLACEMENT3D(#3421,#3422,#3423);
#3425=IFCDIRECTION((0.,0.,1.));
#3426=IFCEXTRUDEDAREASOLID(#3420,#3424,#3425,5.66);
#3427=IFCSHAPEREPRESENTATION(#11,'Body','SweptSolid',(#3426));
#3428=IFCPRODUCTDEFINITIONSHAPE($,$,(#3427));
#3429=IFCCOLUMN('2MyTYtmnnTvR1UYI_2Ke8e',$,'Column Ground 37','Perimeter column',$,#3436,#3447,$,$);
#3430=IFCMATERIALPROFILESETUSAGE(#285,$,$);
#3431=IFCRELASSOCIATESMATERIAL('3SjBR9be1RNvkpOJ66sHiQ',$,$,$,(#3429),#3430);
#3432=IFCCARTESIANPOINT((17.930704931459303,-31.05825096159735,0.));
#3433=IFCDIRECTION((0.,0.,1.));
#3434=IFCDIRECTION((1.,0.,0.));
#3435=IFCAXIS2PLACEMENT3D(#3432,#3433,#3434);
#3436=IFCLOCALPLACEMENT(#78,#3435);
#3437=IFCCARTESIANPOINTLIST2D(((0.,0.),(0.65,0.),(0.65,0.65),(0.,0.65)));
#3438=IFCINDEXEDPOLYCURVE(#3437,(IFCLINEINDEX((1,2,3,4,1))),$);
#3439=IFCARBITRARYCLOSEDPROFILEDEF(.AREA.,$,#3438);
#3440=IFCCARTESIANPOINT((0.,0.,0.));
#3441=IFCDIRECTION((0.,0.,1.));
#3442=IFCDIRECTION((1.,0.,0.));
#3443=IFCAXIS2PLACEMENT3D(#3440,#3441,#3442);
#3444=IFCDIRECTION((0.,0.,1.));
#3445=IFCEXTRUDEDAREASOLID(#3439,#3443,#3444,5.66);
#3446=IFCSHAPEREPRESENTATION(#11,'Body','SweptSolid',(#3445));
#3447=IFCPRODUCTDEFINITIONSHAPE($,$,(#3446));
#3448=IFCCOLUMN('1Tqz1clqPOy83mFy86WqzQ',$,'Column Ground 38','Perimeter column',$,#3455,#3466,$,$);
#3449=IFCMATERIALPROFILESETUSAGE(#285,$,$);
#3450=IFCRELASSOCIATESMATERIAL('2k074uHyHH1BlIJu4pUy4t',$,$,$,(#3448),#3449);
#3451=IFCCARTESIANPOINT((21.73315644548457,-22.900962044102332,0.));
#3452=IFCDIRECTION((0.,0.,1.));
#3453=IFCDIRECTION((1.,0.,0.));
#3454=IFCAXIS2PLACEMENT3D(#3451,#3452,#3453);
#3455=IFCLOCALPLACEMENT(#78,#3454);
#3456=IFCCARTESIANPOINTLIST2D(((0.,0.),(0.65,0.),(0.65,0.65),(0.,0.65)));
#3457=IFCINDEXEDPOLYCURVE(#3456,(IFCLINEINDEX((1,2,3,4,1))),$);
#3458=IFCARBITRARYCLOSEDPROFILEDEF(.AREA.,$,#3457);
#3459=IFCCARTESIANPOINT((0.,0.,0.));
#3460=IFCDIRECTION((0.,0.,1.));
#3461=IFCDIRECTION((1.,0.,0.));
#3462=IFCAXIS2PLACEMENT3D(#3459,#3460,#3461);
#3463=IFCDIRECTION((0.,0.,1.));
#3464=IFCEXTRUDEDAREASOLID(#3458,#3462,#3463,5.66);
#3465=IFCSHAPEREPRESENTATION(#11,'Body','SweptSolid',(#3464));
#3466=IFCPRODUCTDEFINITIONSHAPE($,$,(#3465));
#3467=IFCCOLUMN('2BhnczXy1TWxbnjxqgP2DL',$,'Column Ground 39','Perimeter column',$,#3474,#3485,$,$);
#3468=IFCMATERIALPROFILESETUSAGE(#285,$,$);
#3469=IFCRELASSOCIATESMATERIAL('3zPKoHQDbODB3UHdVCBcXx',$,$,$,(#3467),#3468);
#3470=IFCCARTESIANPOINT((25.53560795950984,-14.743673126607323,0.));
#3471=IFCDIRECTION((0.,0.,1.));
#3472=IFCDIRECTION((1.,0.,0.));
#3473=IFCAXIS2PLACEMENT3D(#3470,#3471,#3472);
#3474=IFCLOCALPLACEMENT(#78,#3473);
#3475=IFCCARTESIANPOINTLIST2D(((0.,0.),(0.65,0.),(0.65,0.65),(0.,0.65)));
#3476=IFCINDEXEDPOLYCURVE(#3475,(IFCLINEINDEX((1,2,3,4,1))),$);
#3477=IFCARBITRARYCLOSEDPROFILEDEF(.AREA.,$,#3476);
#3478=IFCCARTESIANPOINT((0.,0.,0.));
#3479=IFCDIRECTION((0.,0.,1.));
#3480=IFCDIRECTION((1.,0.,0.));
#3481=IFCAXIS2PLACEMENT3D(#3478,#3479,#3480);
#3482=IFCDIRECTION((0.,0.,1.));
#3483=IFCEXTRUDEDAREASOLID(#3477,#3481,#3482,5.66);
#3484=IFCSHAPEREPRESENTATION(#11,'Body','SweptSolid',(#3483));
#3485=IFCPRODUCTDEFINITIONSHAPE($,$,(#3484));
#3486=IFCCOLUMN('1epHT5JRjU$9kxP81sa7fg',$,'Column Ground 40','Perimeter column',$,#3493,#3504,$,$);
#3487=IFCMATERIALPROFILESETUSAGE(#285,$,$);
#3488=IFCRELASSOCIATESMATERIAL('09vELCMKHTYexnQuWXpua3',$,$,$,(#3486),#3487);
#3489=IFCCARTESIANPOINT((25.373763848963062,-8.731882765995248,0.));
#3490=IFCDIRECTION((0.,0.,1.));
#3491=IFCDIRECTION((1.,0.,0.));
#3492=IFCAXIS2PLACEMENT3D(#3489,#3490,#3491);
#3493=IFCLOCALPLACEMENT(#78,#3492);
#3494=IFCCARTESIANPOINTLIST2D(((0.,0.),(0.65,0.),(0.65,0.65),(0.,0.65)));
#3495=IFCINDEXEDPOLYCURVE(#3494,(IFCLINEINDEX((1,2,3,4,1))),$);
#3496=IFCARBITRARYCLOSEDPROFILEDEF(.AREA.,$,#3495);
#3497=IFCCARTESIANPOINT((0.,0.,0.));
#3498=IFCDIRECTION((0.,0.,1.));
#3499=IFCDIRECTION((1.,0.,0.));
#3500=IFCAXIS2PLACEMENT3D(#3497,#3498,#3499);
#3501=IFCDIRECTION((0.,0.,1.));
#3502=IFCEXTRUDEDAREASOLID(#3496,#3500,#3501,5.66);
#3503=IFCSHAPEREPRESENTATION(#11,'Body','SweptSolid',(#3502));
#3504=IFCPRODUCTDEFINITIONSHAPE($,$,(#3503));
#3505=IFCCOLUMN('0oC81_Wi5KHvjt_FjCcldv',$,'Column Ground 41','Perimeter column',$,#3512,#3523,$,$);
#3506=IFCMATERIALPROFILESETUSAGE(#285,$,$);
#3507=IFCRELASSOCIATESMATERIAL('2XL3WhOUzVvvCB0WnzsO5P',$,$,$,(#3505),#3506);
#3508=IFCCARTESIANPOINT((29.237365378395825,-0.6033784003837759,0.));
#3509=IFCDIRECTION((0.,0.,1.));
#3510=IFCDIRECTION((1.,0.,0.));
#3511=IFCAXIS2PLACEMENT3D(#3508,#3509,#3510);
#3512=IFCLOCALPLACEMENT(#78,#3511);
#3513=IFCCARTESIANPOINTLIST2D(((0.,0.),(0.65,0.),(0.65,0.65),(0.,0.65)));
#3514=IFCINDEXEDPOLYCURVE(#3513,(IFCLINEINDEX((1,2,3,4,1))),$);
#3515=IFCARBITRARYCLOSEDPROFILEDEF(.AREA.,$,#3514);
#3516=IFCCARTESIANPOINT((0.,0.,0.));
#3517=IFCDIRECTION((0.,0.,1.));
#3518=IFCDIRECTION((1.,0.,0.));
#3519=IFCAXIS2PLACEMENT3D(#3516,#3517,#3518);
#3520=IFCDIRECTION((0.,0.,1.));
#3521=IFCEXTRUDEDAREASOLID(#3515,#3519,#3520,5.66);
#3522=IFCSHAPEREPRESENTATION(#11,'Body','SweptSolid',(#3521));
#3523=IFCPRODUCTDEFINITIONSHAPE($,$,(#3522));
#3524=IFCCOLUMN('1K0a$kvFbUl9GSxppe3Z4j',$,'Column Ground 42','Perimeter column',$,#3531,#3542,$,$);
#3525=IFCMATERIALPROFILESETUSAGE(#285,$,$);
#3526=IFCRELASSOCIATESMATERIAL('1iG2Rg_jPNeQBoEEMXcLu0',$,$,$,(#3524),#3525);
#3527=IFCCARTESIANPOINT((33.10096690782859,7.525125965227697,0.));
#3528=IFCDIRECTION((0.,0.,1.));
#3529=IFCDIRECTION((1.,0.,0.));
#3530=IFCAXIS2PLACEMENT3D(#3527,#3528,#3529);
#3531=IFCLOCALPLACEMENT(#78,#3530);
#3532=IFCCARTESIANPOINTLIST2D(((0.,0.),(0.65,0.),(0.65,0.65),(0.,0.65)));
#3533=IFCINDEXEDPOLYCURVE(#3532,(IFCLINEINDEX((1,2,3,4,1))),$);
#3534=IFCARBITRARYCLOSEDPROFILEDEF(.AREA.,$,#3533);
#3535=IFCCARTESIANPOINT((0.,0.,0.));
#3536=IFCDIRECTION((0.,0.,1.));
#3537=IFCDIRECTION((1.,0.,0.));
#3538=IFCAXIS2PLACEMENT3D(#3535,#3536,#3537);
#3539=IFCDIRECTION((0.,0.,1.));
#3540=IFCEXTRUDEDAREASOLID(#3534,#3538,#3539,5.66);
#3541=IFCSHAPEREPRESENTATION(#11,'Body','SweptSolid',(#3540));
#3542=IFCPRODUCTDEFINITIONSHAPE($,$,(#3541));
#3543=IFCCOLUMN('2G9hLZg25J3A0UALQRex5D',$,'Column Ground 43','Perimeter column',$,#3550,#3561,$,$);
#3544=IFCMATERIALPROFILESETUSAGE(#285,$,$);
#3545=IFCRELASSOCIATESMATERIAL('2sded7ci1G5g74yljab71K',$,$,$,(#3543),#3544);
#3546=IFCCARTESIANPOINT((36.964568437261356,15.65363033083917,0.));
#3547=IFCDIRECTION((0.,0.,1.));
#3548=IFCDIRECTION((1.,0.,0.));
#3549=IFCAXIS2PLACEMENT3D(#3546,#3547,#3548);
#3550=IFCLOCALPLACEMENT(#78,#3549);
#3551=IFCCARTESIANPOINTLIST2D(((0.,0.),(0.65,0.),(0.65,0.65),(0.,0.65)));
#3552=IFCINDEXEDPOLYCURVE(#3551,(IFCLINEINDEX((1,2,3,4,1))),$);
#3553=IFCARBITRARYCLOSEDPROFILEDEF(.AREA.,$,#3552);
#3554=IFCCARTESIANPOINT((0.,0.,0.));
#3555=IFCDIRECTION((0.,0.,1.));
#3556=IFCDIRECTION((1.,0.,0.));
#3557=IFCAXIS2PLACEMENT3D(#3554,#3555,#3556);
#3558=IFCDIRECTION((0.,0.,1.));
#3559=IFCEXTRUDEDAREASOLID(#3553,#3557,#3558,5.66);
#3560=IFCSHAPEREPRESENTATION(#11,'Body','SweptSolid',(#3559));
#3561=IFCPRODUCTDEFINITIONSHAPE($,$,(#3560));
#3562=IFCCOLUMN('3wW$2UQijSlgM6cbSwRUrr',$,'Column Ground 44','Perimeter column',$,#3569,#3580,$,$);
#3563=IFCMATERIALPROFILESETUSAGE(#285,$,$);
#3564=IFCRELASSOCIATESMATERIAL('2_6EUd6qTTmBuDlDuIhzH4',$,$,$,(#3562),#3563);
#3565=IFCCARTESIANPOINT((40.82816996669412,23.78213469645064,0.));
#3566=IFCDIRECTION((0.,0.,1.));
#3567=IFCDIRECTION((1.,0.,0.));
#3568=IFCAXIS2PLACEMENT3D(#3565,#3566,#3567);
#3569=IFCLOCALPLACEMENT(#78,#3568);
#3570=IFCCARTESIANPOINTLIST2D(((0.,0.),(0.65,0.),(0.65,0.65),(0.,0.65)));
#3571=IFCINDEXEDPOLYCURVE(#3570,(IFCLINEINDEX((1,2,3,4,1))),$);
#3572=IFCARBITRARYCLOSEDPROFILEDEF(.AREA.,$,#3571);
#3573=IFCCARTESIANPOINT((0.,0.,0.));
#3574=IFCDIRECTION((0.,0.,1.));
#3575=IFCDIRECTION((1.,0.,0.));
#3576=IFCAXIS2PLACEMENT3D(#3573,#3574,#3575);
#3577=IFCDIRECTION((0.,0.,1.));
#3578=IFCEXTRUDEDAREASOLID(#3572,#3576,#3577,5.66);
#3579=IFCSHAPEREPRESENTATION(#11,'Body','SweptSolid',(#3578));
#3580=IFCPRODUCTDEFINITIONSHAPE($,$,(#3579));
#3581=IFCCOLUMN('2jTXHG64vGhhk8tUp2YsKU',$,'Column Ground 45','Perimeter column',$,#3588,#3599,$,$);
#3582=IFCMATERIALPROFILESETUSAGE(#285,$,$);
#3583=IFCRELASSOCIATESMATERIAL('2Mj6AGgJvSiuUhOp1hVH8L',$,$,$,(#3581),#3582);
#3584=IFCCARTESIANPOINT((41.06723213066488,30.554933010206785,0.));
#3585=IFCDIRECTION((0.,0.,1.));
#3586=IFCDIRECTION((1.,0.,0.));
#3587=IFCAXIS2PLACEMENT3D(#3584,#3585,#3586);
#3588=IFCLOCALPLACEMENT(#78,#3587);
#3589=IFCCARTESIANPOINTLIST2D(((0.,0.),(0.65,0.),(0.65,0.65),(0.,0.65)));
#3590=IFCINDEXEDPOLYCURVE(#3589,(IFCLINEINDEX((1,2,3,4,1))),$);
#3591=IFCARBITRARYCLOSEDPROFILEDEF(.AREA.,$,#3590);
#3592=IFCCARTESIANPOINT((0.,0.,0.));
#3593=IFCDIRECTION((0.,0.,1.));
#3594=IFCDIRECTION((1.,0.,0.));
#3595=IFCAXIS2PLACEMENT3D(#3592,#3593,#3594);
#3596=IFCDIRECTION((0.,0.,1.));
#3597=IFCEXTRUDEDAREASOLID(#3591,#3595,#3596,5.66);
#3598=IFCSHAPEREPRESENTATION(#11,'Body','SweptSolid',(#3597));
#3599=IFCPRODUCTDEFINITIONSHAPE($,$,(#3598));
#3600=IFCCOLUMN('1x7VSyK$fUUwX4l6vL_nFz',$,'Column Level 01 01','Perimeter column',$,#3607,#3618,$,$);
#3601=IFCMATERIALPROFILESETUSAGE(#285,$,$);
#3602=IFCRELASSOCIATESMATERIAL('2rePkyxDrOQQHQyjiamYJG',$,$,$,(#3600),#3601);
#3603=IFCCARTESIANPOINT((-21.897,-5.711,0.));
#3604=IFCDIRECTION((0.,0.,1.));
#3605=IFCDIRECTION((1.,0.,0.));
#3606=IFCAXIS2PLACEMENT3D(#3603,#3604,#3605);
#3607=IFCLOCALPLACEMENT(#85,#3606);
#3608=IFCCARTESIANPOINTLIST2D(((0.,0.),(0.65,0.),(0.65,0.65),(0.,0.65)));
#3609=IFCINDEXEDPOLYCURVE(#3608,(IFCLINEINDEX((1,2,3,4,1))),$);
#3610=IFCARBITRARYCLOSEDPROFILEDEF(.AREA.,$,#3609);
#3611=IFCCARTESIANPOINT((0.,0.,0.));
#3612=IFCDIRECTION((0.,0.,1.));
#3613=IFCDIRECTION((1.,0.,0.));
#3614=IFCAXIS2PLACEMENT3D(#3611,#3612,#3613);
#3615=IFCDIRECTION((0.,0.,1.));
#3616=IFCEXTRUDEDAREASOLID(#3610,#3614,#3615,3.2300000000000004);
#3617=IFCSHAPEREPRESENTATION(#11,'Body','SweptSolid',(#3616));
#3618=IFCPRODUCTDEFINITIONSHAPE($,$,(#3617));
#3619=IFCCOLUMN('1BkpN$7znRUBjFKYHdh$CP',$,'Column Level 01 02','Perimeter column',$,#3626,#3637,$,$);
#3620=IFCMATERIALPROFILESETUSAGE(#285,$,$);
#3621=IFCRELASSOCIATESMATERIAL('1gyVkggY5QWgoLbDPD6h19',$,$,$,(#3619),#3620);
#3622=IFCCARTESIANPOINT((-30.799263784620905,-4.3882379242558125,0.));
#3623=IFCDIRECTION((0.,0.,1.));
#3624=IFCDIRECTION((1.,0.,0.));
#3625=IFCAXIS2PLACEMENT3D(#3622,#3623,#3624);
#3626=IFCLOCALPLACEMENT(#85,#3625);
#3627=IFCCARTESIANPOINTLIST2D(((0.,0.),(0.65,0.),(0.65,0.65),(0.,0.65)));
#3628=IFCINDEXEDPOLYCURVE(#3627,(IFCLINEINDEX((1,2,3,4,1))),$);
#3629=IFCARBITRARYCLOSEDPROFILEDEF(.AREA.,$,#3628);
#3630=IFCCARTESIANPOINT((0.,0.,0.));
#3631=IFCDIRECTION((0.,0.,1.));
#3632=IFCDIRECTION((1.,0.,0.));
#3633=IFCAXIS2PLACEMENT3D(#3630,#3631,#3632);
#3634=IFCDIRECTION((0.,0.,1.));
#3635=IFCEXTRUDEDAREASOLID(#3629,#3633,#3634,3.2300000000000004);
#3636=IFCSHAPEREPRESENTATION(#11,'Body','SweptSolid',(#3635));
#3637=IFCPRODUCTDEFINITIONSHAPE($,$,(#3636));
#3638=IFCCOLUMN('2dobyd7yjSyAs$f4Pykj8$',$,'Column Level 01 03','Perimeter column',$,#3645,#3656,$,$);
#3639=IFCMATERIALPROFILESETUSAGE(#285,$,$);
#3640=IFCRELASSOCIATESMATERIAL('3QcZTNmz1I1xe4ghj3Ux0o',$,$,$,(#3638),#3639);
#3641=IFCCARTESIANPOINT((-39.70152756924182,-3.065475848511624,0.));
#3642=IFCDIRECTION((0.,0.,1.));
#3643=IFCDIRECTION((1.,0.,0.));
#3644=IFCAXIS2PLACEMENT3D(#3641,#3642,#3643);
#3645=IFCLOCALPLACEMENT(#85,#3644);
#3646=IFCCARTESIANPOINTLIST2D(((0.,0.),(0.65,0.),(0.65,0.65),(0.,0.65)));
#3647=IFCINDEXEDPOLYCURVE(#3646,(IFCLINEINDEX((1,2,3,4,1))),$);
#3648=IFCARBITRARYCLOSEDPROFILEDEF(.AREA.,$,#3647);
#3649=IFCCARTESIANPOINT((0.,0.,0.));
#3650=IFCDIRECTION((0.,0.,1.));
#3651=IFCDIRECTION((1.,0.,0.));
#3652=IFCAXIS2PLACEMENT3D(#3649,#3650,#3651);
#3653=IFCDIRECTION((0.,0.,1.));
#3654=IFCEXTRUDEDAREASOLID(#3648,#3652,#3653,3.2300000000000004);
#3655=IFCSHAPEREPRESENTATION(#11,'Body','SweptSolid',(#3654));
#3656=IFCPRODUCTDEFINITIONSHAPE($,$,(#3655));
#3657=IFCCOLUMN('0Qt1Az1XDNUQgIFGmpeAAM',$,'Column Level 01 04','Perimeter column',$,#3664,#3675,$,$);
#3658=IFCMATERIALPROFILESETUSAGE(#285,$,$);
#3659=IFCRELASSOCIATESMATERIAL('33ay1_RZjT3f01APR7Dbj6',$,$,$,(#3657),#3658);
#3660=IFCCARTESIANPOINT((-48.60379135386272,-1.7427137727674353,0.));
#3661=IFCDIRECTION((0.,0.,1.));
#3662=IFCDIRECTION((1.,0.,0.));
#3663=IFCAXIS2PLACEMENT3D(#3660,#3661,#3662);
#3664=IFCLOCALPLACEMENT(#85,#3663);
#3665=IFCCARTESIANPOINTLIST2D(((0.,0.),(0.65,0.),(0.65,0.65),(0.,0.65)));
#3666=IFCINDEXEDPOLYCURVE(#3665,(IFCLINEINDEX((1,2,3,4,1))),$);
#3667=IFCARBITRARYCLOSEDPROFILEDEF(.AREA.,$,#3666);
#3668=IFCCARTESIANPOINT((0.,0.,0.));
#3669=IFCDIRECTION((0.,0.,1.));
#3670=IFCDIRECTION((1.,0.,0.));
#3671=IFCAXIS2PLACEMENT3D(#3668,#3669,#3670);
#3672=IFCDIRECTION((0.,0.,1.));
#3673=IFCEXTRUDEDAREASOLID(#3667,#3671,#3672,3.2300000000000004);
#3674=IFCSHAPEREPRESENTATION(#11,'Body','SweptSolid',(#3673));
#3675=IFCPRODUCTDEFINITIONSHAPE($,$,(#3674));
#3676=IFCCOLUMN('0Aw8d_j4vOjB7FYmKvHYOk',$,'Column Level 01 05','Perimeter column',$,#3683,#3694,$,$);
#3677=IFCMATERIALPROFILESETUSAGE(#285,$,$);
#3678=IFCRELASSOCIATESMATERIAL('3ixFKLbGfNYOui6cNCAvkO',$,$,$,(#3676),#3677);
#3679=IFCCARTESIANPOINT((-57.499933382961075,-0.4280712597464747,0.));
#3680=IFCDIRECTION((0.,0.,1.));
#3681=IFCDIRECTION((1.,0.,0.));
#3682=IFCAXIS2PLACEMENT3D(#3679,#3680,#3681);
#3683=IFCLOCALPLACEMENT(#85,#3682);
#3684=IFCCARTESIANPOINTLIST2D(((0.,0.),(0.65,0.),(0.65,0.65),(0.,0.65)));
#3685=IFCINDEXEDPOLYCURVE(#3684,(IFCLINEINDEX((1,2,3,4,1))),$);
#3686=IFCARBITRARYCLOSEDPROFILEDEF(.AREA.,$,#3685);
#3687=IFCCARTESIANPOINT((0.,0.,0.));
#3688=IFCDIRECTION((0.,0.,1.));
#3689=IFCDIRECTION((1.,0.,0.));
#3690=IFCAXIS2PLACEMENT3D(#3687,#3688,#3689);
#3691=IFCDIRECTION((0.,0.,1.));
#3692=IFCEXTRUDEDAREASOLID(#3686,#3690,#3691,3.2300000000000004);
#3693=IFCSHAPEREPRESENTATION(#11,'Body','SweptSolid',(#3692));
#3694=IFCPRODUCTDEFINITIONSHAPE($,$,(#3693));
#3695=IFCCOLUMN('2ciGkSBh9U1P3tsC1_m30A',$,'Column Level 01 06','Perimeter column',$,#3702,#3713,$,$);
#3696=IFCMATERIALPROFILESETUSAGE(#285,$,$);
#3697=IFCRELASSOCIATESMATERIAL('0y8fZuaknGnRiwm9vxmz1V',$,$,$,(#3695),#3696);
#3698=IFCCARTESIANPOINT((-58.6776879161748,-9.350677059595222,0.));
#3699=IFCDIRECTION((0.,0.,1.));
#3700=IFCDIRECTION((1.,0.,0.));
#3701=IFCAXIS2PLACEMENT3D(#3698,#3699,#3700);
#3702=IFCLOCALPLACEMENT(#85,#3701);
#3703=IFCCARTESIANPOINTLIST2D(((0.,0.),(0.65,0.),(0.65,0.65),(0.,0.65)));
#3704=IFCINDEXEDPOLYCURVE(#3703,(IFCLINEINDEX((1,2,3,4,1))),$);
#3705=IFCARBITRARYCLOSEDPROFILEDEF(.AREA.,$,#3704);
#3706=IFCCARTESIANPOINT((0.,0.,0.));
#3707=IFCDIRECTION((0.,0.,1.));
#3708=IFCDIRECTION((1.,0.,0.));
#3709=IFCAXIS2PLACEMENT3D(#3706,#3707,#3708);
#3710=IFCDIRECTION((0.,0.,1.));
#3711=IFCEXTRUDEDAREASOLID(#3705,#3709,#3710,3.2300000000000004);
#3712=IFCSHAPEREPRESENTATION(#11,'Body','SweptSolid',(#3711));
#3713=IFCPRODUCTDEFINITIONSHAPE($,$,(#3712));
#3714=IFCCOLUMN('3scdt6Af1T8Q8mUXcFwLxB',$,'Column Level 01 07','Perimeter column',$,#3721,#3732,$,$);
#3715=IFCMATERIALPROFILESETUSAGE(#285,$,$);
#3716=IFCRELASSOCIATESMATERIAL('2i6Y5TrmzHWhPTD1TvdD$V',$,$,$,(#3714),#3715);
#3717=IFCCARTESIANPOINT((-59.85544244938852,-18.27328285944397,0.));
#3718=IFCDIRECTION((0.,0.,1.));
#3719=IFCDIRECTION((1.,0.,0.));
#3720=IFCAXIS2PLACEMENT3D(#3717,#3718,#3719);
#3721=IFCLOCALPLACEMENT(#85,#3720);
#3722=IFCCARTESIANPOINTLIST2D(((0.,0.),(0.65,0.),(0.65,0.65),(0.,0.65)));
#3723=IFCINDEXEDPOLYCURVE(#3722,(IFCLINEINDEX((1,2,3,4,1))),$);
#3724=IFCARBITRARYCLOSEDPROFILEDEF(.AREA.,$,#3723);
#3725=IFCCARTESIANPOINT((0.,0.,0.));
#3726=IFCDIRECTION((0.,0.,1.));
#3727=IFCDIRECTION((1.,0.,0.));
#3728=IFCAXIS2PLACEMENT3D(#3725,#3726,#3727);
#3729=IFCDIRECTION((0.,0.,1.));
#3730=IFCEXTRUDEDAREASOLID(#3724,#3728,#3729,3.2300000000000004);
#3731=IFCSHAPEREPRESENTATION(#11,'Body','SweptSolid',(#3730));
#3732=IFCPRODUCTDEFINITIONSHAPE($,$,(#3731));
#3733=IFCCOLUMN('20_wwygFrItfahNX6bopGg',$,'Column Level 01 08','Perimeter column',$,#3740,#3751,$,$);
#3734=IFCMATERIALPROFILESETUSAGE(#285,$,$);
#3735=IFCRELASSOCIATESMATERIAL('1TraVGjmDTfx9jRckWATD9',$,$,$,(#3733),#3734);
#3736=IFCCARTESIANPOINT((-61.03319698260224,-27.19588865929272,0.));
#3737=IFCDIRECTION((0.,0.,1.));
#3738=IFCDIRECTION((1.,0.,0.));
#3739=IFCAXIS2PLACEMENT3D(#3736,#3737,#3738);
#3740=IFCLOCALPLACEMENT(#85,#3739);
#3741=IFCCARTESIANPOINTLIST2D(((0.,0.),(0.65,0.),(0.65,0.65),(0.,0.65)));
#3742=IFCINDEXEDPOLYCURVE(#3741,(IFCLINEINDEX((1,2,3,4,1))),$);
#3743=IFCARBITRARYCLOSEDPROFILEDEF(.AREA.,$,#3742);
#3744=IFCCARTESIANPOINT((0.,0.,0.));
#3745=IFCDIRECTION((0.,0.,1.));
#3746=IFCDIRECTION((1.,0.,0.));
#3747=IFCAXIS2PLACEMENT3D(#3744,#3745,#3746);
#3748=IFCDIRECTION((0.,0.,1.));
#3749=IFCEXTRUDEDAREASOLID(#3743,#3747,#3748,3.2300000000000004);
#3750=IFCSHAPEREPRESENTATION(#11,'Body','SweptSolid',(#3749));
#3751=IFCPRODUCTDEFINITIONSHAPE($,$,(#3750));
#3752=IFCCOLUMN('1XVcLRxfPP_wc2iVpB9Bgo',$,'Column Level 01 09','Perimeter column',$,#3759,#3770,$,$);
#3753=IFCMATERIALPROFILESETUSAGE(#285,$,$);
#3754=IFCRELASSOCIATESMATERIAL('2WYQHuo_HRqQ_vm7r_fOz7',$,$,$,(#3752),#3753);
#3755=IFCCARTESIANPOINT((-62.210951515815964,-36.118494459141466,0.));
#3756=IFCDIRECTION((0.,0.,1.));
#3757=IFCDIRECTION((1.,0.,0.));
#3758=IFCAXIS2PLACEMENT3D(#3755,#3756,#3757);
#3759=IFCLOCALPLACEMENT(#85,#3758);
#3760=IFCCARTESIANPOINTLIST2D(((0.,0.),(0.65,0.),(0.65,0.65),(0.,0.65)));
#3761=IFCINDEXEDPOLYCURVE(#3760,(IFCLINEINDEX((1,2,3,4,1))),$);
#3762=IFCARBITRARYCLOSEDPROFILEDEF(.AREA.,$,#3761);
#3763=IFCCARTESIANPOINT((0.,0.,0.));
#3764=IFCDIRECTION((0.,0.,1.));
#3765=IFCDIRECTION((1.,0.,0.));
#3766=IFCAXIS2PLACEMENT3D(#3763,#3764,#3765);
#3767=IFCDIRECTION((0.,0.,1.));
#3768=IFCEXTRUDEDAREASOLID(#3762,#3766,#3767,3.2300000000000004);
#3769=IFCSHAPEREPRESENTATION(#11,'Body','SweptSolid',(#3768));
#3770=IFCPRODUCTDEFINITIONSHAPE($,$,(#3769));
#3771=IFCCOLUMN('0oAdTvRabKfPpqDABO9XG9',$,'Column Level 01 10','Perimeter column',$,#3778,#3789,$,$);
#3772=IFCMATERIALPROFILESETUSAGE(#285,$,$);
#3773=IFCRELASSOCIATESMATERIAL('0QSXxIGiHVRxfnQRz20Vl4',$,$,$,(#3771),#3772);
#3774=IFCCARTESIANPOINT((-56.79170496417492,-39.8850864986105,0.));
#3775=IFCDIRECTION((0.,0.,1.));
#3776=IFCDIRECTION((1.,0.,0.));
#3777=IFCAXIS2PLACEMENT3D(#3774,#3775,#3776);
#3778=IFCLOCALPLACEMENT(#85,#3777);
#3779=IFCCARTESIANPOINTLIST2D(((0.,0.),(0.65,0.),(0.65,0.65),(0.,0.65)));
#3780=IFCINDEXEDPOLYCURVE(#3779,(IFCLINEINDEX((1,2,3,4,1))),$);
#3781=IFCARBITRARYCLOSEDPROFILEDEF(.AREA.,$,#3780);
#3782=IFCCARTESIANPOINT((0.,0.,0.));
#3783=IFCDIRECTION((0.,0.,1.));
#3784=IFCDIRECTION((1.,0.,0.));
#3785=IFCAXIS2PLACEMENT3D(#3782,#3783,#3784);
#3786=IFCDIRECTION((0.,0.,1.));
#3787=IFCEXTRUDEDAREASOLID(#3781,#3785,#3786,3.2300000000000004);
#3788=IFCSHAPEREPRESENTATION(#11,'Body','SweptSolid',(#3787));
#3789=IFCPRODUCTDEFINITIONSHAPE($,$,(#3788));
#3790=IFCCOLUMN('1tqoOqmSLI5Aq791rLh4xf',$,'Column Level 01 11','Perimeter column',$,#3797,#3808,$,$);
#3791=IFCMATERIALPROFILESETUSAGE(#285,$,$);
#3792=IFCRELASSOCIATESMATERIAL('2bunIdyTbPpu5DCCC7QQIs',$,$,$,(#3790),#3791);
#3793=IFCCARTESIANPOINT((-47.84885677044163,-40.89773954079283,0.));
#3794=IFCDIRECTION((0.,0.,1.));
#3795=IFCDIRECTION((1.,0.,0.));
#3796=IFCAXIS2PLACEMENT3D(#3793,#3794,#3795);
#3797=IFCLOCALPLACEMENT(#85,#3796);
#3798=IFCCARTESIANPOINTLIST2D(((0.,0.),(0.65,0.),(0.65,0.65),(0.,0.65)));
#3799=IFCINDEXEDPOLYCURVE(#3798,(IFCLINEINDEX((1,2,3,4,1))),$);
#3800=IFCARBITRARYCLOSEDPROFILEDEF(.AREA.,$,#3799);
#3801=IFCCARTESIANPOINT((0.,0.,0.));
#3802=IFCDIRECTION((0.,0.,1.));
#3803=IFCDIRECTION((1.,0.,0.));
#3804=IFCAXIS2PLACEMENT3D(#3801,#3802,#3803);
#3805=IFCDIRECTION((0.,0.,1.));
#3806=IFCEXTRUDEDAREASOLID(#3800,#3804,#3805,3.2300000000000004);
#3807=IFCSHAPEREPRESENTATION(#11,'Body','SweptSolid',(#3806));
#3808=IFCPRODUCTDEFINITIONSHAPE($,$,(#3807));
#3809=IFCCOLUMN('0szlaXs2DMGBrZIVj0oLzW',$,'Column Level 01 12','Perimeter column',$,#3816,#3827,$,$);
#3810=IFCMATERIALPROFILESETUSAGE(#285,$,$);
#3811=IFCRELASSOCIATESMATERIAL('19QCt0BrPJFede3LUukFhl',$,$,$,(#3809),#3810);
#3812=IFCCARTESIANPOINT((-38.90600857670833,-41.910392582975156,0.));
#3813=IFCDIRECTION((0.,0.,1.));
#3814=IFCDIRECTION((1.,0.,0.));
#3815=IFCAXIS2PLACEMENT3D(#3812,#3813,#3814);
#3816=IFCLOCALPLACEMENT(#85,#3815);
#3817=IFCCARTESIANPOINTLIST2D(((0.,0.),(0.65,0.),(0.65,0.65),(0.,0.65)));
#3818=IFCINDEXEDPOLYCURVE(#3817,(IFCLINEINDEX((1,2,3,4,1))),$);
#3819=IFCARBITRARYCLOSEDPROFILEDEF(.AREA.,$,#3818);
#3820=IFCCARTESIANPOINT((0.,0.,0.));
#3821=IFCDIRECTION((0.,0.,1.));
#3822=IFCDIRECTION((1.,0.,0.));
#3823=IFCAXIS2PLACEMENT3D(#3820,#3821,#3822);
#3824=IFCDIRECTION((0.,0.,1.));
#3825=IFCEXTRUDEDAREASOLID(#3819,#3823,#3824,3.2300000000000004);
#3826=IFCSHAPEREPRESENTATION(#11,'Body','SweptSolid',(#3825));
#3827=IFCPRODUCTDEFINITIONSHAPE($,$,(#3826));
#3828=IFCCOLUMN('1q3GVoKe1OjREFJNZdkobv',$,'Column Level 01 13','Perimeter column',$,#3835,#3846,$,$);
#3829=IFCMATERIALPROFILESETUSAGE(#285,$,$);
#3830=IFCRELASSOCIATESMATERIAL('3tMN8v7Q5LIfkafsq7K9NX',$,$,$,(#3828),#3829);
#3831=IFCCARTESIANPOINT((-29.96316038297503,-42.923045625157485,0.));
#3832=IFCDIRECTION((0.,0.,1.));
#3833=IFCDIRECTION((1.,0.,0.));
#3834=IFCAXIS2PLACEMENT3D(#3831,#3832,#3833);
#3835=IFCLOCALPLACEMENT(#85,#3834);
#3836=IFCCARTESIANPOINTLIST2D(((0.,0.),(0.65,0.),(0.65,0.65),(0.,0.65)));
#3837=IFCINDEXEDPOLYCURVE(#3836,(IFCLINEINDEX((1,2,3,4,1))),$);
#3838=IFCARBITRARYCLOSEDPROFILEDEF(.AREA.,$,#3837);
#3839=IFCCARTESIANPOINT((0.,0.,0.));
#3840=IFCDIRECTION((0.,0.,1.));
#3841=IFCDIRECTION((1.,0.,0.));
#3842=IFCAXIS2PLACEMENT3D(#3839,#3840,#3841);
#3843=IFCDIRECTION((0.,0.,1.));
#3844=IFCEXTRUDEDAREASOLID(#3838,#3842,#3843,3.2300000000000004);
#3845=IFCSHAPEREPRESENTATION(#11,'Body','SweptSolid',(#3844));
#3846=IFCPRODUCTDEFINITIONSHAPE($,$,(#3845));
#3847=IFCCOLUMN('30_Y0R6QXLSPzWgWvVMAQC',$,'Column Level 01 14','Perimeter column',$,#3854,#3865,$,$);
#3848=IFCMATERIALPROFILESETUSAGE(#285,$,$);
#3849=IFCRELASSOCIATESMATERIAL('1x6x2LszTVJPBiG2tulTPg',$,$,$,(#3847),#3848);
#3850=IFCCARTESIANPOINT((-25.913686506225112,-37.42770771608874,0.));
#3851=IFCDIRECTION((0.,0.,1.));
#3852=IFCDIRECTION((1.,0.,0.));
#3853=IFCAXIS2PLACEMENT3D(#3850,#3851,#3852);
#3854=IFCLOCALPLACEMENT(#85,#3853);
#3855=IFCCARTESIANPOINTLIST2D(((0.,0.),(0.65,0.),(0.65,0.65),(0.,0.65)));
#3856=IFCINDEXEDPOLYCURVE(#3855,(IFCLINEINDEX((1,2,3,4,1))),$);
#3857=IFCARBITRARYCLOSEDPROFILEDEF(.AREA.,$,#3856);
#3858=IFCCARTESIANPOINT((0.,0.,0.));
#3859=IFCDIRECTION((0.,0.,1.));
#3860=IFCDIRECTION((1.,0.,0.));
#3861=IFCAXIS2PLACEMENT3D(#3858,#3859,#3860);
#3862=IFCDIRECTION((0.,0.,1.));
#3863=IFCEXTRUDEDAREASOLID(#3857,#3861,#3862,3.2300000000000004);
#3864=IFCSHAPEREPRESENTATION(#11,'Body','SweptSolid',(#3863));
#3865=IFCPRODUCTDEFINITIONSHAPE($,$,(#3864));
#3866=IFCCOLUMN('1GlqXuMq1HaBAGn6QUfxUL',$,'Column Level 01 15','Perimeter column',$,#3873,#3884,$,$);
#3867=IFCMATERIALPROFILESETUSAGE(#285,$,$);
#3868=IFCRELASSOCIATESMATERIAL('1vEu6Q5yTK1f2JaBePvgeu',$,$,$,(#3866),#3867);
#3869=IFCCARTESIANPOINT((-24.965555431465464,-34.4626438964107,0.));
#3870=IFCDIRECTION((0.,0.,1.));
#3871=IFCDIRECTION((1.,0.,0.));
#3872=IFCAXIS2PLACEMENT3D(#3869,#3870,#3871);
#3873=IFCLOCALPLACEMENT(#85,#3872);
#3874=IFCCARTESIANPOINTLIST2D(((0.,0.),(0.65,0.),(0.65,0.65),(0.,0.65)));
#3875=IFCINDEXEDPOLYCURVE(#3874,(IFCLINEINDEX((1,2,3,4,1))),$);
#3876=IFCARBITRARYCLOSEDPROFILEDEF(.AREA.,$,#3875);
#3877=IFCCARTESIANPOINT((0.,0.,0.));
#3878=IFCDIRECTION((0.,0.,1.));
#3879=IFCDIRECTION((1.,0.,0.));
#3880=IFCAXIS2PLACEMENT3D(#3877,#3878,#3879);
#3881=IFCDIRECTION((0.,0.,1.));
#3882=IFCEXTRUDEDAREASOLID(#3876,#3880,#3881,3.2300000000000004);
#3883=IFCSHAPEREPRESENTATION(#11,'Body','SweptSolid',(#3882));
#3884=IFCPRODUCTDEFINITIONSHAPE($,$,(#3883));
#3885=IFCCOLUMN('2PH6qPBq5VwQE3lBaG_3gX',$,'Column Level 01 16','Perimeter column',$,#3892,#3903,$,$);
#3886=IFCMATERIALPROFILESETUSAGE(#285,$,$);
#3887=IFCRELASSOCIATESMATERIAL('2XNT_liuzK3PgpasrKZGJX',$,$,$,(#3885),#3886);
#3888=IFCCARTESIANPOINT((-16.24936410422694,-36.674602340311914,0.));
#3889=IFCDIRECTION((0.,0.,1.));
#3890=IFCDIRECTION((1.,0.,0.));
#3891=IFCAXIS2PLACEMENT3D(#3888,#3889,#3890);
#3892=IFCLOCALPLACEMENT(#85,#3891);
#3893=IFCCARTESIANPOINTLIST2D(((0.,0.),(0.65,0.),(0.65,0.65),(0.,0.65)));
#3894=IFCINDEXEDPOLYCURVE(#3893,(IFCLINEINDEX((1,2,3,4,1))),$);
#3895=IFCARBITRARYCLOSEDPROFILEDEF(.AREA.,$,#3894);
#3896=IFCCARTESIANPOINT((0.,0.,0.));
#3897=IFCDIRECTION((0.,0.,1.));
#3898=IFCDIRECTION((1.,0.,0.));
#3899=IFCAXIS2PLACEMENT3D(#3896,#3897,#3898);
#3900=IFCDIRECTION((0.,0.,1.));
#3901=IFCEXTRUDEDAREASOLID(#3895,#3899,#3900,3.2300000000000004);
#3902=IFCSHAPEREPRESENTATION(#11,'Body','SweptSolid',(#3901));
#3903=IFCPRODUCTDEFINITIONSHAPE($,$,(#3902));
#3904=IFCCOLUMN('0_2QpUgSLRdO_BWWKfNED7',$,'Column Level 01 17','Perimeter column',$,#3911,#3922,$,$);
#3905=IFCMATERIALPROFILESETUSAGE(#285,$,$);
#3906=IFCRELASSOCIATESMATERIAL('0g7hxTErTTh8qAe5$955cR',$,$,$,(#3904),#3905);
#3907=IFCCARTESIANPOINT((-7.401282550303857,-38.233524187038405,0.));
#3908=IFCDIRECTION((0.,0.,1.));
#3909=IFCDIRECTION((1.,0.,0.));
#3910=IFCAXIS2PLACEMENT3D(#3907,#3908,#3909);
#3911=IFCLOCALPLACEMENT(#85,#3910);
#3912=IFCCARTESIANPOINTLIST2D(((0.,0.),(0.65,0.),(0.65,0.65),(0.,0.65)));
#3913=IFCINDEXEDPOLYCURVE(#3912,(IFCLINEINDEX((1,2,3,4,1))),$);
#3914=IFCARBITRARYCLOSEDPROFILEDEF(.AREA.,$,#3913);
#3915=IFCCARTESIANPOINT((0.,0.,0.));
#3916=IFCDIRECTION((0.,0.,1.));
#3917=IFCDIRECTION((1.,0.,0.));
#3918=IFCAXIS2PLACEMENT3D(#3915,#3916,#3917);
#3919=IFCDIRECTION((0.,0.,1.));
#3920=IFCEXTRUDEDAREASOLID(#3914,#3918,#3919,3.2300000000000004);
#3921=IFCSHAPEREPRESENTATION(#11,'Body','SweptSolid',(#3920));
#3922=IFCPRODUCTDEFINITIONSHAPE($,$,(#3921));
#3923=IFCCOLUMN('0$QsxILXnQsQfRWVty90Pz',$,'Column Level 01 18','Perimeter column',$,#3930,#3941,$,$);
#3924=IFCMATERIALPROFILESETUSAGE(#285,$,$);
#3925=IFCRELASSOCIATESMATERIAL('2u4ig8sQnGnQ4dFTe7QfOo',$,$,$,(#3923),#3924);
#3926=IFCCARTESIANPOINT((1.5737067116714798,-38.904022320836994,0.));
#3927=IFCDIRECTION((0.,0.,1.));
#3928=IFCDIRECTION((1.,0.,0.));
#3929=IFCAXIS2PLACEMENT3D(#3926,#3927,#3928);
#3930=IFCLOCALPLACEMENT(#85,#3929);
#3931=IFCCARTESIANPOINTLIST2D(((0.,0.),(0.65,0.),(0.65,0.65),(0.,0.65)));
#3932=IFCINDEXEDPOLYCURVE(#3931,(IFCLINEINDEX((1,2,3,4,1))),$);
#3933=IFCARBITRARYCLOSEDPROFILEDEF(.AREA.,$,#3932);
#3934=IFCCARTESIANPOINT((0.,0.,0.));
#3935=IFCDIRECTION((0.,0.,1.));
#3936=IFCDIRECTION((1.,0.,0.));
#3937=IFCAXIS2PLACEMENT3D(#3934,#3935,#3936);
#3938=IFCDIRECTION((0.,0.,1.));
#3939=IFCEXTRUDEDAREASOLID(#3933,#3937,#3938,3.2300000000000004);
#3940=IFCSHAPEREPRESENTATION(#11,'Body','SweptSolid',(#3939));
#3941=IFCPRODUCTDEFINITIONSHAPE($,$,(#3940));
#3942=IFCCOLUMN('3NxmgF0vTPI8lfyNeLiffj',$,'Column Level 01 19','Perimeter column',$,#3949,#3960,$,$);
#3943=IFCMATERIALPROFILESETUSAGE(#285,$,$);
#3944=IFCRELASSOCIATESMATERIAL('3IPkLgGmTJYBmcgRRoZLlo',$,$,$,(#3942),#3943);
#3945=IFCCARTESIANPOINT((10.536774930549035,-38.370689746406924,0.));
#3946=IFCDIRECTION((0.,0.,1.));
#3947=IFCDIRECTION((1.,0.,0.));
#3948=IFCAXIS2PLACEMENT3D(#3945,#3946,#3947);
#3949=IFCLOCALPLACEMENT(#85,#3948);
#3950=IFCCARTESIANPOINTLIST2D(((0.,0.),(0.65,0.),(0.65,0.65),(0.,0.65)));
#3951=IFCINDEXEDPOLYCURVE(#3950,(IFCLINEINDEX((1,2,3,4,1))),$);
#3952=IFCARBITRARYCLOSEDPROFILEDEF(.AREA.,$,#3951);
#3953=IFCCARTESIANPOINT((0.,0.,0.));
#3954=IFCDIRECTION((0.,0.,1.));
#3955=IFCDIRECTION((1.,0.,0.));
#3956=IFCAXIS2PLACEMENT3D(#3953,#3954,#3955);
#3957=IFCDIRECTION((0.,0.,1.));
#3958=IFCEXTRUDEDAREASOLID(#3952,#3956,#3957,3.2300000000000004);
#3959=IFCSHAPEREPRESENTATION(#11,'Body','SweptSolid',(#3958));
#3960=IFCPRODUCTDEFINITIONSHAPE($,$,(#3959));
#3961=IFCCOLUMN('1PyBb$FCLTHugLlqZGWeV5',$,'Column Level 01 20','Perimeter column',$,#3968,#3979,$,$);
#3962=IFCMATERIALPROFILESETUSAGE(#285,$,$);
#3963=IFCRELASSOCIATESMATERIAL('3wSAXHya9Qy8xaZQTSu5Ot',$,$,$,(#3961),#3962);
#3964=IFCCARTESIANPOINT((13.8005933942488,-33.238676716081414,0.));
#3965=IFCDIRECTION((0.,0.,1.));
#3966=IFCDIRECTION((1.,0.,0.));
#3967=IFCAXIS2PLACEMENT3D(#3964,#3965,#3966);
#3968=IFCLOCALPLACEMENT(#85,#3967);
#3969=IFCCARTESIANPOINTLIST2D(((0.,0.),(0.65,0.),(0.65,0.65),(0.,0.65)));
#3970=IFCINDEXEDPOLYCURVE(#3969,(IFCLINEINDEX((1,2,3,4,1))),$);
#3971=IFCARBITRARYCLOSEDPROFILEDEF(.AREA.,$,#3970);
#3972=IFCCARTESIANPOINT((0.,0.,0.));
#3973=IFCDIRECTION((0.,0.,1.));
#3974=IFCDIRECTION((1.,0.,0.));
#3975=IFCAXIS2PLACEMENT3D(#3972,#3973,#3974);
#3976=IFCDIRECTION((0.,0.,1.));
#3977=IFCEXTRUDEDAREASOLID(#3971,#3975,#3976,3.2300000000000004);
#3978=IFCSHAPEREPRESENTATION(#11,'Body','SweptSolid',(#3977));
#3979=IFCPRODUCTDEFINITIONSHAPE($,$,(#3978));
#3980=IFCCOLUMN('0knljghCzJfvRowUBuOXTW',$,'Column Level 01 21','Perimeter column',$,#3987,#3998,$,$);
#3981=IFCMATERIALPROFILESETUSAGE(#285,$,$);
#3982=IFCRELASSOCIATESMATERIAL('1tPVeia91MF9ien21NKLxG',$,$,$,(#3980),#3981);
#3983=IFCCARTESIANPOINT((14.367539586740438,-28.34686520828456,0.));
#3984=IFCDIRECTION((0.,0.,1.));
#3985=IFCDIRECTION((1.,0.,0.));
#3986=IFCAXIS2PLACEMENT3D(#3983,#3984,#3985);
#3987=IFCLOCALPLACEMENT(#85,#3986);
#3988=IFCCARTESIANPOINTLIST2D(((0.,0.),(0.65,0.),(0.65,0.65),(0.,0.65)));
#3989=IFCINDEXEDPOLYCURVE(#3988,(IFCLINEINDEX((1,2,3,4,1))),$);
#3990=IFCARBITRARYCLOSEDPROFILEDEF(.AREA.,$,#3989);
#3991=IFCCARTESIANPOINT((0.,0.,0.));
#3992=IFCDIRECTION((0.,0.,1.));
#3993=IFCDIRECTION((1.,0.,0.));
#3994=IFCAXIS2PLACEMENT3D(#3991,#3992,#3993);
#3995=IFCDIRECTION((0.,0.,1.));
#3996=IFCEXTRUDEDAREASOLID(#3990,#3994,#3995,3.2300000000000004);
#3997=IFCSHAPEREPRESENTATION(#11,'Body','SweptSolid',(#3996));
#3998=IFCPRODUCTDEFINITIONSHAPE($,$,(#3997));
#3999=IFCCOLUMN('3T9KlTCdDJOvqMkMi2lY5z',$,'Column Level 01 22','Perimeter column',$,#4006,#4017,$,$);
#4000=IFCMATERIALPROFILESETUSAGE(#285,$,$);
#4001=IFCRELASSOCIATESMATERIAL('3zQfaj6XTHhhpmh2lM89nC',$,$,$,(#3999),#4000);
#4002=IFCCARTESIANPOINT((12.72597504547075,-22.299067086769448,0.));
#4003=IFCDIRECTION((0.,0.,1.));
#4004=IFCDIRECTION((1.,0.,0.));
#4005=IFCAXIS2PLACEMENT3D(#4002,#4003,#4004);
#4006=IFCLOCALPLACEMENT(#85,#4005);
#4007=IFCCARTESIANPOINTLIST2D(((0.,0.),(0.65,0.),(0.65,0.65),(0.,0.65)));
#4008=IFCINDEXEDPOLYCURVE(#4007,(IFCLINEINDEX((1,2,3,4,1))),$);
#4009=IFCARBITRARYCLOSEDPROFILEDEF(.AREA.,$,#4008);
#4010=IFCCARTESIANPOINT((0.,0.,0.));
#4011=IFCDIRECTION((0.,0.,1.));
#4012=IFCDIRECTION((1.,0.,0.));
#4013=IFCAXIS2PLACEMENT3D(#4010,#4011,#4012);
#4014=IFCDIRECTION((0.,0.,1.));
#4015=IFCEXTRUDEDAREASOLID(#4009,#4013,#4014,3.2300000000000004);
#4016=IFCSHAPEREPRESENTATION(#11,'Body','SweptSolid',(#4015));
#4017=IFCPRODUCTDEFINITIONSHAPE($,$,(#4016));
#4018=IFCCOLUMN('1yDca7ZznV5BeMiGU62gD2',$,'Column Level 01 23','Perimeter column',$,#4025,#4036,$,$);
#4019=IFCMATERIALPROFILESETUSAGE(#285,$,$);
#4020=IFCRELASSOCIATESMATERIAL('0ghdFTGbHTF8W_qZqWnyPo',$,$,$,(#4018),#4019);
#4021=IFCCARTESIANPOINT((4.25480781184008,-19.340494386929123,0.));
#4022=IFCDIRECTION((0.,0.,1.));
#4023=IFCDIRECTION((1.,0.,0.));
#4024=IFCAXIS2PLACEMENT3D(#4021,#4022,#4023);
#4025=IFCLOCALPLACEMENT(#85,#4024);
#4026=IFCCARTESIANPOINTLIST2D(((0.,0.),(0.65,0.),(0.65,0.65),(0.,0.65)));
#4027=IFCINDEXEDPOLYCURVE(#4026,(IFCLINEINDEX((1,2,3,4,1))),$);
#4028=IFCARBITRARYCLOSEDPROFILEDEF(.AREA.,$,#4027);
#4029=IFCCARTESIANPOINT((0.,0.,0.));
#4030=IFCDIRECTION((0.,0.,1.));
#4031=IFCDIRECTION((1.,0.,0.));
#4032=IFCAXIS2PLACEMENT3D(#4029,#4030,#4031);
#4033=IFCDIRECTION((0.,0.,1.));
#4034=IFCEXTRUDEDAREASOLID(#4028,#4032,#4033,3.2300000000000004);
#4035=IFCSHAPEREPRESENTATION(#11,'Body','SweptSolid',(#4034));
#4036=IFCPRODUCTDEFINITIONSHAPE($,$,(#4035));
#4037=IFCCOLUMN('2lNTjlPevQbQTWn9zouHr6',$,'Column Level 01 24','Perimeter column',$,#4044,#4055,$,$);
#4038=IFCMATERIALPROFILESETUSAGE(#285,$,$);
#4039=IFCRELASSOCIATESMATERIAL('3dhYuxC5jV19GwZH3bcMkG',$,$,$,(#4037),#4038);
#4040=IFCCARTESIANPOINT((-4.466636021550777,-17.118689386257692,0.));
#4041=IFCDIRECTION((0.,0.,1.));
#4042=IFCDIRECTION((1.,0.,0.));
#4043=IFCAXIS2PLACEMENT3D(#4040,#4041,#4042);
#4044=IFCLOCALPLACEMENT(#85,#4043);
#4045=IFCCARTESIANPOINTLIST2D(((0.,0.),(0.65,0.),(0.65,0.65),(0.,0.65)));
#4046=IFCINDEXEDPOLYCURVE(#4045,(IFCLINEINDEX((1,2,3,4,1))),$);
#4047=IFCARBITRARYCLOSEDPROFILEDEF(.AREA.,$,#4046);
#4048=IFCCARTESIANPOINT((0.,0.,0.));
#4049=IFCDIRECTION((0.,0.,1.));
#4050=IFCDIRECTION((1.,0.,0.));
#4051=IFCAXIS2PLACEMENT3D(#4048,#4049,#4050);
#4052=IFCDIRECTION((0.,0.,1.));
#4053=IFCEXTRUDEDAREASOLID(#4047,#4051,#4052,3.2300000000000004);
#4054=IFCSHAPEREPRESENTATION(#11,'Body','SweptSolid',(#4053));
#4055=IFCPRODUCTDEFINITIONSHAPE($,$,(#4054));
#4056=IFCCOLUMN('3s21UXk5TN_vyxjGsXuTPx',$,'Column Level 01 25','Perimeter column',$,#4063,#4074,$,$);
#4057=IFCMATERIALPROFILESETUSAGE(#285,$,$);
#4058=IFCRELASSOCIATESMATERIAL('0izMGm6n5OERGYQYPYt51q',$,$,$,(#4056),#4057);
#4059=IFCCARTESIANPOINT((-13.408538836773939,-16.12897819679745,0.));
#4060=IFCDIRECTION((0.,0.,1.));
#4061=IFCDIRECTION((1.,0.,0.));
#4062=IFCAXIS2PLACEMENT3D(#4059,#4060,#4061);
#4063=IFCLOCALPLACEMENT(#85,#4062);
#4064=IFCCARTESIANPOINTLIST2D(((0.,0.),(0.65,0.),(0.65,0.65),(0.,0.65)));
#4065=IFCINDEXEDPOLYCURVE(#4064,(IFCLINEINDEX((1,2,3,4,1))),$);
#4066=IFCARBITRARYCLOSEDPROFILEDEF(.AREA.,$,#4065);
#4067=IFCCARTESIANPOINT((0.,0.,0.));
#4068=IFCDIRECTION((0.,0.,1.));
#4069=IFCDIRECTION((1.,0.,0.));
#4070=IFCAXIS2PLACEMENT3D(#4067,#4068,#4069);
#4071=IFCDIRECTION((0.,0.,1.));
#4072=IFCEXTRUDEDAREASOLID(#4066,#4070,#4071,3.2300000000000004);
#4073=IFCSHAPEREPRESENTATION(#11,'Body','SweptSolid',(#4072));
#4074=IFCPRODUCTDEFINITIONSHAPE($,$,(#4073));
#4075=IFCCOLUMN('1YELEeVCTGjvr5jluv1Rh8',$,'Column Level 01 26','Perimeter column',$,#4082,#4093,$,$);
#4076=IFCMATERIALPROFILESETUSAGE(#285,$,$);
#4077=IFCRELASSOCIATESMATERIAL('0C52qlX_jUMPMg51Kvm8xj',$,$,$,(#4075),#4076);
#4078=IFCCARTESIANPOINT((-22.38751397063407,-15.701441974723519,0.));
#4079=IFCDIRECTION((0.,0.,1.));
#4080=IFCDIRECTION((1.,0.,0.));
#4081=IFCAXIS2PLACEMENT3D(#4078,#4079,#4080);
#4082=IFCLOCALPLACEMENT(#85,#4081);
#4083=IFCCARTESIANPOINTLIST2D(((0.,0.),(0.65,0.),(0.65,0.65),(0.,0.65)));
#4084=IFCINDEXEDPOLYCURVE(#4083,(IFCLINEINDEX((1,2,3,4,1))),$);
#4085=IFCARBITRARYCLOSEDPROFILEDEF(.AREA.,$,#4084);
#4086=IFCCARTESIANPOINT((0.,0.,0.));
#4087=IFCDIRECTION((0.,0.,1.));
#4088=IFCDIRECTION((1.,0.,0.));
#4089=IFCAXIS2PLACEMENT3D(#4086,#4087,#4088);
#4090=IFCDIRECTION((0.,0.,1.));
#4091=IFCEXTRUDEDAREASOLID(#4085,#4089,#4090,3.2300000000000004);
#4092=IFCSHAPEREPRESENTATION(#11,'Body','SweptSolid',(#4091));
#4093=IFCPRODUCTDEFINITIONSHAPE($,$,(#4092));
#4094=IFCCOLUMN('2IsLAeTOHHxPZoBSD$i7gl',$,'Column Level 01 27','Perimeter column',$,#4101,#4112,$,$);
#4095=IFCMATERIALPROFILESETUSAGE(#285,$,$);
#4096=IFCRELASSOCIATESMATERIAL('3DtiPycXXUTxu71bFXt7WL',$,$,$,(#4094),#4095);
#4097=IFCCARTESIANPOINT((-22.57383736062989,-12.288792518659243,0.));
#4098=IFCDIRECTION((0.,0.,1.));
#4099=IFCDIRECTION((1.,0.,0.));
#4100=IFCAXIS2PLACEMENT3D(#4097,#4098,#4099);
#4101=IFCLOCALPLACEMENT(#85,#4100);
#4102=IFCCARTESIANPOINTLIST2D(((0.,0.),(0.65,0.),(0.65,0.65),(0.,0.65)));
#4103=IFCINDEXEDPOLYCURVE(#4102,(IFCLINEINDEX((1,2,3,4,1))),$);
#4104=IFCARBITRARYCLOSEDPROFILEDEF(.AREA.,$,#4103);
#4105=IFCCARTESIANPOINT((0.,0.,0.));
#4106=IFCDIRECTION((0.,0.,1.));
#4107=IFCDIRECTION((1.,0.,0.));
#4108=IFCAXIS2PLACEMENT3D(#4105,#4106,#4107);
#4109=IFCDIRECTION((0.,0.,1.));
#4110=IFCEXTRUDEDAREASOLID(#4104,#4108,#4109,3.2300000000000004);
#4111=IFCSHAPEREPRESENTATION(#11,'Body','SweptSolid',(#4110));
#4112=IFCPRODUCTDEFINITIONSHAPE($,$,(#4111));
#4113=IFCCOLUMN('3gOnYzwbjQoBJ$IASdlNXX',$,'Column Level 02 01','Perimeter column',$,#4120,#4131,$,$);
#4114=IFCMATERIALPROFILESETUSAGE(#285,$,$);
#4115=IFCRELASSOCIATESMATERIAL('0tD097OtTNXf2NRJWQLVpl',$,$,$,(#4113),#4114);
#4116=IFCCARTESIANPOINT((-21.762,-5.695,0.));
#4117=IFCDIRECTION((0.,0.,1.));
#4118=IFCDIRECTION((1.,0.,0.));
#4119=IFCAXIS2PLACEMENT3D(#4116,#4117,#4118);
#4120=IFCLOCALPLACEMENT(#92,#4119);
#4121=IFCCARTESIANPOINTLIST2D(((0.,0.),(0.65,0.),(0.65,0.65),(0.,0.65)));
#4122=IFCINDEXEDPOLYCURVE(#4121,(IFCLINEINDEX((1,2,3,4,1))),$);
#4123=IFCARBITRARYCLOSEDPROFILEDEF(.AREA.,$,#4122);
#4124=IFCCARTESIANPOINT((0.,0.,0.));
#4125=IFCDIRECTION((0.,0.,1.));
#4126=IFCDIRECTION((1.,0.,0.));
#4127=IFCAXIS2PLACEMENT3D(#4124,#4125,#4126);
#4128=IFCDIRECTION((0.,0.,1.));
#4129=IFCEXTRUDEDAREASOLID(#4123,#4127,#4128,3.2300000000000004);
#4130=IFCSHAPEREPRESENTATION(#11,'Body','SweptSolid',(#4129));
#4131=IFCPRODUCTDEFINITIONSHAPE($,$,(#4130));
#4132=IFCCOLUMN('0VBXHYfSTQzOODWmmtpXvo',$,'Column Level 02 02','Perimeter column',$,#4139,#4150,$,$);
#4133=IFCMATERIALPROFILESETUSAGE(#285,$,$);
#4134=IFCRELASSOCIATESMATERIAL('3LLQIHIMrUd9KSOhmh81H0',$,$,$,(#4132),#4133);
#4135=IFCCARTESIANPOINT((-30.664186161206008,-4.3717156196674045,0.));
#4136=IFCDIRECTION((0.,0.,1.));
#4137=IFCDIRECTION((1.,0.,0.));
#4138=IFCAXIS2PLACEMENT3D(#4135,#4136,#4137);
#4139=IFCLOCALPLACEMENT(#92,#4138);
#4140=IFCCARTESIANPOINTLIST2D(((0.,0.),(0.65,0.),(0.65,0.65),(0.,0.65)));
#4141=IFCINDEXEDPOLYCURVE(#4140,(IFCLINEINDEX((1,2,3,4,1))),$);
#4142=IFCARBITRARYCLOSEDPROFILEDEF(.AREA.,$,#4141);
#4143=IFCCARTESIANPOINT((0.,0.,0.));
#4144=IFCDIRECTION((0.,0.,1.));
#4145=IFCDIRECTION((1.,0.,0.));
#4146=IFCAXIS2PLACEMENT3D(#4143,#4144,#4145);
#4147=IFCDIRECTION((0.,0.,1.));
#4148=IFCEXTRUDEDAREASOLID(#4142,#4146,#4147,3.2300000000000004);
#4149=IFCSHAPEREPRESENTATION(#11,'Body','SweptSolid',(#4148));
#4150=IFCPRODUCTDEFINITIONSHAPE($,$,(#4149));
#4151=IFCCOLUMN('2gBuEtviDIThJPvLrYLxo3',$,'Column Level 02 03','Perimeter column',$,#4158,#4169,$,$);
#4152=IFCMATERIALPROFILESETUSAGE(#285,$,$);
#4153=IFCRELASSOCIATESMATERIAL('2yB95ybLPOL9I1lWVW13Pb',$,$,$,(#4151),#4152);
#4154=IFCCARTESIANPOINT((-39.56637232241202,-3.0484312393348096,0.));
#4155=IFCDIRECTION((0.,0.,1.));
#4156=IFCDIRECTION((1.,0.,0.));
#4157=IFCAXIS2PLACEMENT3D(#4154,#4155,#4156);
#4158=IFCLOCALPLACEMENT(#92,#4157);
#4159=IFCCARTESIANPOINTLIST2D(((0.,0.),(0.65,0.),(0.65,0.65),(0.,0.65)));
#4160=IFCINDEXEDPOLYCURVE(#4159,(IFCLINEINDEX((1,2,3,4,1))),$);
#4161=IFCARBITRARYCLOSEDPROFILEDEF(.AREA.,$,#4160);
#4162=IFCCARTESIANPOINT((0.,0.,0.));
#4163=IFCDIRECTION((0.,0.,1.));
#4164=IFCDIRECTION((1.,0.,0.));
#4165=IFCAXIS2PLACEMENT3D(#4162,#4163,#4164);
#4166=IFCDIRECTION((0.,0.,1.));
#4167=IFCEXTRUDEDAREASOLID(#4161,#4165,#4166,3.2300000000000004);
#4168=IFCSHAPEREPRESENTATION(#11,'Body','SweptSolid',(#4167));
#4169=IFCPRODUCTDEFINITIONSHAPE($,$,(#4168));
#4170=IFCCOLUMN('0GPmg$zj5Shwl4rAdO_Xse',$,'Column Level 02 04','Perimeter column',$,#4177,#4188,$,$);
#4171=IFCMATERIALPROFILESETUSAGE(#285,$,$);
#4172=IFCRELASSOCIATESMATERIAL('0f3ddsL4zTXeWpUzZbJhOd',$,$,$,(#4170),#4171);
#4173=IFCCARTESIANPOINT((-48.468558483618025,-1.725146859002214,0.));
#4174=IFCDIRECTION((0.,0.,1.));
#4175=IFCDIRECTION((1.,0.,0.));
#4176=IFCAXIS2PLACEMENT3D(#4173,#4174,#4175);
#4177=IFCLOCALPLACEMENT(#92,#4176);
#4178=IFCCARTESIANPOINTLIST2D(((0.,0.),(0.65,0.),(0.65,0.65),(0.,0.65)));
#4179=IFCINDEXEDPOLYCURVE(#4178,(IFCLINEINDEX((1,2,3,4,1))),$);
#4180=IFCARBITRARYCLOSEDPROFILEDEF(.AREA.,$,#4179);
#4181=IFCCARTESIANPOINT((0.,0.,0.));
#4182=IFCDIRECTION((0.,0.,1.));
#4183=IFCDIRECTION((1.,0.,0.));
#4184=IFCAXIS2PLACEMENT3D(#4181,#4182,#4183);
#4185=IFCDIRECTION((0.,0.,1.));
#4186=IFCEXTRUDEDAREASOLID(#4180,#4184,#4185,3.2300000000000004);
#4187=IFCSHAPEREPRESENTATION(#11,'Body','SweptSolid',(#4186));
#4188=IFCPRODUCTDEFINITIONSHAPE($,$,(#4187));
#4189=IFCCOLUMN('0o3M2XeHHPN9mXXue8zhZN',$,'Column Level 02 05','Perimeter column',$,#4196,#4207,$,$);
#4190=IFCMATERIALPROFILESETUSAGE(#285,$,$);
#4191=IFCRELASSOCIATESMATERIAL('2DWZcztBjRP9w3Bgwp4NNt',$,$,$,(#4189),#4190);
#4192=IFCCARTESIANPOINT((-57.25903182384582,-0.5500400917157988,0.));
#4193=IFCDIRECTION((0.,0.,1.));
#4194=IFCDIRECTION((1.,0.,0.));
#4195=IFCAXIS2PLACEMENT3D(#4192,#4193,#4194);
#4196=IFCLOCALPLACEMENT(#92,#4195);
#4197=IFCCARTESIANPOINTLIST2D(((0.,0.),(0.65,0.),(0.65,0.65),(0.,0.65)));
#4198=IFCINDEXEDPOLYCURVE(#4197,(IFCLINEINDEX((1,2,3,4,1))),$);
#4199=IFCARBITRARYCLOSEDPROFILEDEF(.AREA.,$,#4198);
#4200=IFCCARTESIANPOINT((0.,0.,0.));
#4201=IFCDIRECTION((0.,0.,1.));
#4202=IFCDIRECTION((1.,0.,0.));
#4203=IFCAXIS2PLACEMENT3D(#4200,#4201,#4202);
#4204=IFCDIRECTION((0.,0.,1.));
#4205=IFCEXTRUDEDAREASOLID(#4199,#4203,#4204,3.2300000000000004);
#4206=IFCSHAPEREPRESENTATION(#11,'Body','SweptSolid',(#4205));
#4207=IFCPRODUCTDEFINITIONSHAPE($,$,(#4206));
#4208=IFCCOLUMN('3EIu4oOk1P_xhBUpn2OIVH',$,'Column Level 02 06','Perimeter column',$,#4215,#4226,$,$);
#4209=IFCMATERIALPROFILESETUSAGE(#285,$,$);
#4210=IFCRELASSOCIATESMATERIAL('2KB_Hn9pPHYB$LZhvRkqTI',$,$,$,(#4208),#4209);
#4211=IFCCARTESIANPOINT((-58.436715499524105,-9.472655244239236,0.));
#4212=IFCDIRECTION((0.,0.,1.));
#4213=IFCDIRECTION((1.,0.,0.));
#4214=IFCAXIS2PLACEMENT3D(#4211,#4212,#4213);
#4215=IFCLOCALPLACEMENT(#92,#4214);
#4216=IFCCARTESIANPOINTLIST2D(((0.,0.),(0.65,0.),(0.65,0.65),(0.,0.65)));
#4217=IFCINDEXEDPOLYCURVE(#4216,(IFCLINEINDEX((1,2,3,4,1))),$);
#4218=IFCARBITRARYCLOSEDPROFILEDEF(.AREA.,$,#4217);
#4219=IFCCARTESIANPOINT((0.,0.,0.));
#4220=IFCDIRECTION((0.,0.,1.));
#4221=IFCDIRECTION((1.,0.,0.));
#4222=IFCAXIS2PLACEMENT3D(#4219,#4220,#4221);
#4223=IFCDIRECTION((0.,0.,1.));
#4224=IFCEXTRUDEDAREASOLID(#4218,#4222,#4223,3.2300000000000004);
#4225=IFCSHAPEREPRESENTATION(#11,'Body','SweptSolid',(#4224));
#4226=IFCPRODUCTDEFINITIONSHAPE($,$,(#4225));
#4227=IFCCOLUMN('24vj1gi9XLxxExDm8_fRU8',$,'Column Level 02 07','Perimeter column',$,#4234,#4245,$,$);
#4228=IFCMATERIALPROFILESETUSAGE(#285,$,$);
#4229=IFCRELASSOCIATESMATERIAL('07NM8OOYjIc82tziXd6YQ$',$,$,$,(#4227),#4228);
#4230=IFCCARTESIANPOINT((-59.6143991752024,-18.395270396762676,0.));
#4231=IFCDIRECTION((0.,0.,1.));
#4232=IFCDIRECTION((1.,0.,0.));
#4233=IFCAXIS2PLACEMENT3D(#4230,#4231,#4232);
#4234=IFCLOCALPLACEMENT(#92,#4233);
#4235=IFCCARTESIANPOINTLIST2D(((0.,0.),(0.65,0.),(0.65,0.65),(0.,0.65)));
#4236=IFCINDEXEDPOLYCURVE(#4235,(IFCLINEINDEX((1,2,3,4,1))),$);
#4237=IFCARBITRARYCLOSEDPROFILEDEF(.AREA.,$,#4236);
#4238=IFCCARTESIANPOINT((0.,0.,0.));
#4239=IFCDIRECTION((0.,0.,1.));
#4240=IFCDIRECTION((1.,0.,0.));
#4241=IFCAXIS2PLACEMENT3D(#4238,#4239,#4240);
#4242=IFCDIRECTION((0.,0.,1.));
#4243=IFCEXTRUDEDAREASOLID(#4237,#4241,#4242,3.2300000000000004);
#4244=IFCSHAPEREPRESENTATION(#11,'Body','SweptSolid',(#4243));
#4245=IFCPRODUCTDEFINITIONSHAPE($,$,(#4244));
#4246=IFCCOLUMN('0jifvJe2rG5e8eT21VQMUk',$,'Column Level 02 08','Perimeter column',$,#4253,#4264,$,$);
#4247=IFCMATERIALPROFILESETUSAGE(#285,$,$);
#4248=IFCRELASSOCIATESMATERIAL('1m0rqoQiPLp893TIX1Hui1',$,$,$,(#4246),#4247);
#4249=IFCCARTESIANPOINT((-60.792082850880696,-27.317885549286114,0.));
#4250=IFCDIRECTION((0.,0.,1.));
#4251=IFCDIRECTION((1.,0.,0.));
#4252=IFCAXIS2PLACEMENT3D(#4249,#4250,#4251);
#4253=IFCLOCALPLACEMENT(#92,#4252);
#4254=IFCCARTESIANPOINTLIST2D(((0.,0.),(0.65,0.),(0.65,0.65),(0.,0.65)));
#4255=IFCINDEXEDPOLYCURVE(#4254,(IFCLINEINDEX((1,2,3,4,1))),$);
#4256=IFCARBITRARYCLOSEDPROFILEDEF(.AREA.,$,#4255);
#4257=IFCCARTESIANPOINT((0.,0.,0.));
#4258=IFCDIRECTION((0.,0.,1.));
#4259=IFCDIRECTION((1.,0.,0.));
#4260=IFCAXIS2PLACEMENT3D(#4257,#4258,#4259);
#4261=IFCDIRECTION((0.,0.,1.));
#4262=IFCEXTRUDEDAREASOLID(#4256,#4260,#4261,3.2300000000000004);
#4263=IFCSHAPEREPRESENTATION(#11,'Body','SweptSolid',(#4262));
#4264=IFCPRODUCTDEFINITIONSHAPE($,$,(#4263));
#4265=IFCCOLUMN('0MMNPFdk5HOPy19uH4BM6N',$,'Column Level 02 09','Perimeter column',$,#4272,#4283,$,$);
#4266=IFCMATERIALPROFILESETUSAGE(#285,$,$);
#4267=IFCRELASSOCIATESMATERIAL('34NyY50LvI0fDrl$Ddj0Sv',$,$,$,(#4265),#4266);
#4268=IFCCARTESIANPOINT((-61.96976652655899,-36.24050070180955,0.));
#4269=IFCDIRECTION((0.,0.,1.));
#4270=IFCDIRECTION((1.,0.,0.));
#4271=IFCAXIS2PLACEMENT3D(#4268,#4269,#4270);
#4272=IFCLOCALPLACEMENT(#92,#4271);
#4273=IFCCARTESIANPOINTLIST2D(((0.,0.),(0.65,0.),(0.65,0.65),(0.,0.65)));
#4274=IFCINDEXEDPOLYCURVE(#4273,(IFCLINEINDEX((1,2,3,4,1))),$);
#4275=IFCARBITRARYCLOSEDPROFILEDEF(.AREA.,$,#4274);
#4276=IFCCARTESIANPOINT((0.,0.,0.));
#4277=IFCDIRECTION((0.,0.,1.));
#4278=IFCDIRECTION((1.,0.,0.));
#4279=IFCAXIS2PLACEMENT3D(#4276,#4277,#4278);
#4280=IFCDIRECTION((0.,0.,1.));
#4281=IFCEXTRUDEDAREASOLID(#4275,#4279,#4280,3.2300000000000004);
#4282=IFCSHAPEREPRESENTATION(#11,'Body','SweptSolid',(#4281));
#4283=IFCPRODUCTDEFINITIONSHAPE($,$,(#4282));
#4284=IFCCOLUMN('3JJNrsgS1Oqw967F3gogUK',$,'Column Level 02 10','Perimeter column',$,#4291,#4302,$,$);
#4285=IFCMATERIALPROFILESETUSAGE(#285,$,$);
#4286=IFCRELASSOCIATESMATERIAL('0H2_CbRP5QxPhdqL01PJLR',$,$,$,(#4284),#4285);
#4287=IFCCARTESIANPOINT((-56.260073169689754,-39.779772815388434,0.));
#4288=IFCDIRECTION((0.,0.,1.));
#4289=IFCDIRECTION((1.,0.,0.));
#4290=IFCAXIS2PLACEMENT3D(#4287,#4288,#4289);
#4291=IFCLOCALPLACEMENT(#92,#4290);
#4292=IFCCARTESIANPOINTLIST2D(((0.,0.),(0.65,0.),(0.65,0.65),(0.,0.65)));
#4293=IFCINDEXEDPOLYCURVE(#4292,(IFCLINEINDEX((1,2,3,4,1))),$);
#4294=IFCARBITRARYCLOSEDPROFILEDEF(.AREA.,$,#4293);
#4295=IFCCARTESIANPOINT((0.,0.,0.));
#4296=IFCDIRECTION((0.,0.,1.));
#4297=IFCDIRECTION((1.,0.,0.));
#4298=IFCAXIS2PLACEMENT3D(#4295,#4296,#4297);
#4299=IFCDIRECTION((0.,0.,1.));
#4300=IFCEXTRUDEDAREASOLID(#4294,#4298,#4299,3.2300000000000004);
#4301=IFCSHAPEREPRESENTATION(#11,'Body','SweptSolid',(#4300));
#4302=IFCPRODUCTDEFINITIONSHAPE($,$,(#4301));
#4303=IFCCOLUMN('23ddL523bUjh9121l5fKfW',$,'Column Level 02 11','Perimeter column',$,#4310,#4321,$,$);
#4304=IFCMATERIALPROFILESETUSAGE(#285,$,$);
#4305=IFCRELASSOCIATESMATERIAL('15owvKnGvGBhRwxrydFeSl',$,$,$,(#4303),#4304);
#4306=IFCCARTESIANPOINT((-47.31716360472722,-40.79188373465648,0.));
#4307=IFCDIRECTION((0.,0.,1.));
#4308=IFCDIRECTION((1.,0.,0.));
#4309=IFCAXIS2PLACEMENT3D(#4306,#4307,#4308);
#4310=IFCLOCALPLACEMENT(#92,#4309);
#4311=IFCCARTESIANPOINTLIST2D(((0.,0.),(0.65,0.),(0.65,0.65),(0.,0.65)));
#4312=IFCINDEXEDPOLYCURVE(#4311,(IFCLINEINDEX((1,2,3,4,1))),$);
#4313=IFCARBITRARYCLOSEDPROFILEDEF(.AREA.,$,#4312);
#4314=IFCCARTESIANPOINT((0.,0.,0.));
#4315=IFCDIRECTION((0.,0.,1.));
#4316=IFCDIRECTION((1.,0.,0.));
#4317=IFCAXIS2PLACEMENT3D(#4314,#4315,#4316);
#4318=IFCDIRECTION((0.,0.,1.));
#4319=IFCEXTRUDEDAREASOLID(#4313,#4317,#4318,3.2300000000000004);
#4320=IFCSHAPEREPRESENTATION(#11,'Body','SweptSolid',(#4319));
#4321=IFCPRODUCTDEFINITIONSHAPE($,$,(#4320));
#4322=IFCCOLUMN('37jQFYzpvMWAzyAFl8c2bJ',$,'Column Level 02 12','Perimeter column',$,#4329,#4340,$,$);
#4323=IFCMATERIALPROFILESETUSAGE(#285,$,$);
#4324=IFCRELASSOCIATESMATERIAL('02kpdBDQLQJ9vplLlj4rdn',$,$,$,(#4322),#4323);
#4325=IFCCARTESIANPOINT((-38.374254039764686,-41.803994653924526,0.));
#4326=IFCDIRECTION((0.,0.,1.));
#4327=IFCDIRECTION((1.,0.,0.));
#4328=IFCAXIS2PLACEMENT3D(#4325,#4326,#4327);
#4329=IFCLOCALPLACEMENT(#92,#4328);
#4330=IFCCARTESIANPOINTLIST2D(((0.,0.),(0.65,0.),(0.65,0.65),(0.,0.65)));
#4331=IFCINDEXEDPOLYCURVE(#4330,(IFCLINEINDEX((1,2,3,4,1))),$);
#4332=IFCARBITRARYCLOSEDPROFILEDEF(.AREA.,$,#4331);
#4333=IFCCARTESIANPOINT((0.,0.,0.));
#4334=IFCDIRECTION((0.,0.,1.));
#4335=IFCDIRECTION((1.,0.,0.));
#4336=IFCAXIS2PLACEMENT3D(#4333,#4334,#4335);
#4337=IFCDIRECTION((0.,0.,1.));
#4338=IFCEXTRUDEDAREASOLID(#4332,#4336,#4337,3.2300000000000004);
#4339=IFCSHAPEREPRESENTATION(#11,'Body','SweptSolid',(#4338));
#4340=IFCPRODUCTDEFINITIONSHAPE($,$,(#4339));
#4341=IFCCOLUMN('3vfJaUsKfOHR4kZCfgeN20',$,'Column Level 02 13','Perimeter column',$,#4348,#4359,$,$);
#4342=IFCMATERIALPROFILESETUSAGE(#285,$,$);
#4343=IFCRELASSOCIATESMATERIAL('2FZEBmrfXI0w5agEHvCcod',$,$,$,(#4341),#4342);
#4344=IFCCARTESIANPOINT((-29.43134447480215,-42.81610557319257,0.));
#4345=IFCDIRECTION((0.,0.,1.));
#4346=IFCDIRECTION((1.,0.,0.));
#4347=IFCAXIS2PLACEMENT3D(#4344,#4345,#4346);
#4348=IFCLOCALPLACEMENT(#92,#4347);
#4349=IFCCARTESIANPOINTLIST2D(((0.,0.),(0.65,0.),(0.65,0.65),(0.,0.65)));
#4350=IFCINDEXEDPOLYCURVE(#4349,(IFCLINEINDEX((1,2,3,4,1))),$);
#4351=IFCARBITRARYCLOSEDPROFILEDEF(.AREA.,$,#4350);
#4352=IFCCARTESIANPOINT((0.,0.,0.));
#4353=IFCDIRECTION((0.,0.,1.));
#4354=IFCDIRECTION((1.,0.,0.));
#4355=IFCAXIS2PLACEMENT3D(#4352,#4353,#4354);
#4356=IFCDIRECTION((0.,0.,1.));
#4357=IFCEXTRUDEDAREASOLID(#4351,#4355,#4356,3.2300000000000004);
#4358=IFCSHAPEREPRESENTATION(#11,'Body','SweptSolid',(#4357));
#4359=IFCPRODUCTDEFINITIONSHAPE($,$,(#4358));
#4360=IFCCOLUMN('2DgXpHvOPNk9oqOx7NgusY',$,'Column Level 02 14','Perimeter column',$,#4367,#4378,$,$);
#4361=IFCMATERIALPROFILESETUSAGE(#285,$,$);
#4362=IFCRELASSOCIATESMATERIAL('2_spdypHfPYgJKDjS3LcoD',$,$,$,(#4360),#4361);
#4363=IFCCARTESIANPOINT((-25.695526965051766,-36.90206000104452,0.));
#4364=IFCDIRECTION((0.,0.,1.));
#4365=IFCDIRECTION((1.,0.,0.));
#4366=IFCAXIS2PLACEMENT3D(#4363,#4364,#4365);
#4367=IFCLOCALPLACEMENT(#92,#4366);
#4368=IFCCARTESIANPOINTLIST2D(((0.,0.),(0.65,0.),(0.65,0.65),(0.,0.65)));
#4369=IFCINDEXEDPOLYCURVE(#4368,(IFCLINEINDEX((1,2,3,4,1))),$);
#4370=IFCARBITRARYCLOSEDPROFILEDEF(.AREA.,$,#4369);
#4371=IFCCARTESIANPOINT((0.,0.,0.));
#4372=IFCDIRECTION((0.,0.,1.));
#4373=IFCDIRECTION((1.,0.,0.));
#4374=IFCAXIS2PLACEMENT3D(#4371,#4372,#4373);
#4375=IFCDIRECTION((0.,0.,1.));
#4376=IFCEXTRUDEDAREASOLID(#4370,#4374,#4375,3.2300000000000004);
#4377=IFCSHAPEREPRESENTATION(#11,'Body','SweptSolid',(#4376));
#4378=IFCPRODUCTDEFINITIONSHAPE($,$,(#4377));
#4379=IFCCOLUMN('26g8J3Rc9SWv_fw0p9l5Jt',$,'Column Level 02 15','Perimeter column',$,#4386,#4397,$,$);
#4380=IFCMATERIALPROFILESETUSAGE(#285,$,$);
#4381=IFCRELASSOCIATESMATERIAL('2y9WDaFsHIOP1mP4Zn9wnh',$,$,$,(#4379),#4380);
#4382=IFCCARTESIANPOINT((-24.402179802516354,-34.468328938106374,0.));
#4383=IFCDIRECTION((0.,0.,1.));
#4384=IFCDIRECTION((1.,0.,0.));
#4385=IFCAXIS2PLACEMENT3D(#4382,#4383,#4384);
#4386=IFCLOCALPLACEMENT(#92,#4385);
#4387=IFCCARTESIANPOINTLIST2D(((0.,0.),(0.65,0.),(0.65,0.65),(0.,0.65)));
#4388=IFCINDEXEDPOLYCURVE(#4387,(IFCLINEINDEX((1,2,3,4,1))),$);
#4389=IFCARBITRARYCLOSEDPROFILEDEF(.AREA.,$,#4388);
#4390=IFCCARTESIANPOINT((0.,0.,0.));
#4391=IFCDIRECTION((0.,0.,1.));
#4392=IFCDIRECTION((1.,0.,0.));
#4393=IFCAXIS2PLACEMENT3D(#4390,#4391,#4392);
#4394=IFCDIRECTION((0.,0.,1.));
#4395=IFCEXTRUDEDAREASOLID(#4389,#4393,#4394,3.2300000000000004);
#4396=IFCSHAPEREPRESENTATION(#11,'Body','SweptSolid',(#4395));
#4397=IFCPRODUCTDEFINITIONSHAPE($,$,(#4396));
#4398=IFCCOLUMN('2rJIS5ExDGePlio9pp05Tw',$,'Column Level 02 16','Perimeter column',$,#4405,#4416,$,$);
#4399=IFCMATERIALPROFILESETUSAGE(#285,$,$);
#4400=IFCRELASSOCIATESMATERIAL('2ZuNwYz9HNCQzolhVpFXn5',$,$,$,(#4398),#4399);
#4401=IFCCARTESIANPOINT((-15.676667364725784,-36.6439165712337,0.));
#4402=IFCDIRECTION((0.,0.,1.));
#4403=IFCDIRECTION((1.,0.,0.));
#4404=IFCAXIS2PLACEMENT3D(#4401,#4402,#4403);
#4405=IFCLOCALPLACEMENT(#92,#4404);
#4406=IFCCARTESIANPOINTLIST2D(((0.,0.),(0.65,0.),(0.65,0.65),(0.,0.65)));
#4407=IFCINDEXEDPOLYCURVE(#4406,(IFCLINEINDEX((1,2,3,4,1))),$);
#4408=IFCARBITRARYCLOSEDPROFILEDEF(.AREA.,$,#4407);
#4409=IFCCARTESIANPOINT((0.,0.,0.));
#4410=IFCDIRECTION((0.,0.,1.));
#4411=IFCDIRECTION((1.,0.,0.));
#4412=IFCAXIS2PLACEMENT3D(#4409,#4410,#4411);
#4413=IFCDIRECTION((0.,0.,1.));
#4414=IFCEXTRUDEDAREASOLID(#4408,#4412,#4413,3.2300000000000004);
#4415=IFCSHAPEREPRESENTATION(#11,'Body','SweptSolid',(#4414));
#4416=IFCPRODUCTDEFINITIONSHAPE($,$,(#4415));
#4417=IFCCOLUMN('1YTWCegp1JAAAwB5dzykOC',$,'Column Level 02 17','Perimeter column',$,#4424,#4435,$,$);
#4418=IFCMATERIALPROFILESETUSAGE(#285,$,$);
#4419=IFCRELASSOCIATESMATERIAL('080xMh7ZHV9enghIp97qHU',$,$,$,(#4417),#4418);
#4420=IFCCARTESIANPOINT((-6.8192311159979715,-38.13751763843853,0.));
#4421=IFCDIRECTION((0.,0.,1.));
#4422=IFCDIRECTION((1.,0.,0.));
#4423=IFCAXIS2PLACEMENT3D(#4420,#4421,#4422);
#4424=IFCLOCALPLACEMENT(#92,#4423);
#4425=IFCCARTESIANPOINTLIST2D(((0.,0.),(0.65,0.),(0.65,0.65),(0.,0.65)));
#4426=IFCINDEXEDPOLYCURVE(#4425,(IFCLINEINDEX((1,2,3,4,1))),$);
#4427=IFCARBITRARYCLOSEDPROFILEDEF(.AREA.,$,#4426);
#4428=IFCCARTESIANPOINT((0.,0.,0.));
#4429=IFCDIRECTION((0.,0.,1.));
#4430=IFCDIRECTION((1.,0.,0.));
#4431=IFCAXIS2PLACEMENT3D(#4428,#4429,#4430);
#4432=IFCDIRECTION((0.,0.,1.));
#4433=IFCEXTRUDEDAREASOLID(#4427,#4431,#4432,3.2300000000000004);
#4434=IFCSHAPEREPRESENTATION(#11,'Body','SweptSolid',(#4433));
#4435=IFCPRODUCTDEFINITIONSHAPE($,$,(#4434));
#4436=IFCCOLUMN('1_KmRnXLPJ_APaqa5uoQa_',$,'Column Level 02 18','Perimeter column',$,#4443,#4454,$,$);
#4437=IFCMATERIALPROFILESETUSAGE(#285,$,$);
#4438=IFCRELASSOCIATESMATERIAL('3aOlx2XpTVJ89yU1fZ3W3H',$,$,$,(#4436),#4437);
#4439=IFCCARTESIANPOINT((2.1556850417667563,-38.80899359563554,0.));
#4440=IFCDIRECTION((0.,0.,1.));
#4441=IFCDIRECTION((1.,0.,0.));
#4442=IFCAXIS2PLACEMENT3D(#4439,#4440,#4441);
#4443=IFCLOCALPLACEMENT(#92,#4442);
#4444=IFCCARTESIANPOINTLIST2D(((0.,0.),(0.65,0.),(0.65,0.65),(0.,0.65)));
#4445=IFCINDEXEDPOLYCURVE(#4444,(IFCLINEINDEX((1,2,3,4,1))),$);
#4446=IFCARBITRARYCLOSEDPROFILEDEF(.AREA.,$,#4445);
#4447=IFCCARTESIANPOINT((0.,0.,0.));
#4448=IFCDIRECTION((0.,0.,1.));
#4449=IFCDIRECTION((1.,0.,0.));
#4450=IFCAXIS2PLACEMENT3D(#4447,#4448,#4449);
#4451=IFCDIRECTION((0.,0.,1.));
#4452=IFCEXTRUDEDAREASOLID(#4446,#4450,#4451,3.2300000000000004);
#4453=IFCSHAPEREPRESENTATION(#11,'Body','SweptSolid',(#4452));
#4454=IFCPRODUCTDEFINITIONSHAPE($,$,(#4453));
#4455=IFCCOLUMN('3cT77defzMRwNvIdqFZun3',$,'Column Level 02 19','Perimeter column',$,#4462,#4473,$,$);
#4456=IFCMATERIALPROFILESETUSAGE(#285,$,$);
#4457=IFCRELASSOCIATESMATERIAL('0dNy2tDbHU1RB6H4DU5w1r',$,$,$,(#4455),#4456);
#4458=IFCCARTESIANPOINT((11.117926265388997,-38.185831171025775,0.));
#4459=IFCDIRECTION((0.,0.,1.));
#4460=IFCDIRECTION((1.,0.,0.));
#4461=IFCAXIS2PLACEMENT3D(#4458,#4459,#4460);
#4462=IFCLOCALPLACEMENT(#92,#4461);
#4463=IFCCARTESIANPOINTLIST2D(((0.,0.),(0.65,0.),(0.65,0.65),(0.,0.65)));
#4464=IFCINDEXEDPOLYCURVE(#4463,(IFCLINEINDEX((1,2,3,4,1))),$);
#4465=IFCARBITRARYCLOSEDPROFILEDEF(.AREA.,$,#4464);
#4466=IFCCARTESIANPOINT((0.,0.,0.));
#4467=IFCDIRECTION((0.,0.,1.));
#4468=IFCDIRECTION((1.,0.,0.));
#4469=IFCAXIS2PLACEMENT3D(#4466,#4467,#4468);
#4470=IFCDIRECTION((0.,0.,1.));
#4471=IFCEXTRUDEDAREASOLID(#4465,#4469,#4470,3.2300000000000004);
#4472=IFCSHAPEREPRESENTATION(#11,'Body','SweptSolid',(#4471));
#4473=IFCPRODUCTDEFINITIONSHAPE($,$,(#4472));
#4474=IFCCOLUMN('18106X1tnTu89yKzL7Zccj',$,'Column Level 02 20','Perimeter column',$,#4481,#4492,$,$);
#4475=IFCMATERIALPROFILESETUSAGE(#285,$,$);
#4476=IFCRELASSOCIATESMATERIAL('06qTBK5V9O29H5iga9TgYT',$,$,$,(#4474),#4475);
#4477=IFCCARTESIANPOINT((13.699338580312507,-32.540957836723706,0.));
#4478=IFCDIRECTION((0.,0.,1.));
#4479=IFCDIRECTION((1.,0.,0.));
#4480=IFCAXIS2PLACEMENT3D(#4477,#4478,#4479);
#4481=IFCLOCALPLACEMENT(#92,#4480);
#4482=IFCCARTESIANPOINTLIST2D(((0.,0.),(0.65,0.),(0.65,0.65),(0.,0.65)));
#4483=IFCINDEXEDPOLYCURVE(#4482,(IFCLINEINDEX((1,2,3,4,1))),$);
#4484=IFCARBITRARYCLOSEDPROFILEDEF(.AREA.,$,#4483);
#4485=IFCCARTESIANPOINT((0.,0.,0.));
#4486=IFCDIRECTION((0.,0.,1.));
#4487=IFCDIRECTION((1.,0.,0.));
#4488=IFCAXIS2PLACEMENT3D(#4485,#4486,#4487);
#4489=IFCDIRECTION((0.,0.,1.));
#4490=IFCEXTRUDEDAREASOLID(#4484,#4488,#4489,3.2300000000000004);
#4491=IFCSHAPEREPRESENTATION(#11,'Body','SweptSolid',(#4490));
#4492=IFCPRODUCTDEFINITIONSHAPE($,$,(#4491));
#4493=IFCCOLUMN('32TwmK1PzKgB1e35iMJ_Ez',$,'Column Level 02 21','Perimeter column',$,#4500,#4511,$,$);
#4494=IFCMATERIALPROFILESETUSAGE(#285,$,$);
#4495=IFCRELASSOCIATESMATERIAL('0L3FuT6PTIDB421RhxAwnX',$,$,$,(#4493),#4494);
#4496=IFCCARTESIANPOINT((14.644232923050584,-27.685046673855826,0.));
#4497=IFCDIRECTION((0.,0.,1.));
#4498=IFCDIRECTION((1.,0.,0.));
#4499=IFCAXIS2PLACEMENT3D(#4496,#4497,#4498);
#4500=IFCLOCALPLACEMENT(#92,#4499);
#4501=IFCCARTESIANPOINTLIST2D(((0.,0.),(0.65,0.),(0.65,0.65),(0.,0.65)));
#4502=IFCINDEXEDPOLYCURVE(#4501,(IFCLINEINDEX((1,2,3,4,1))),$);
#4503=IFCARBITRARYCLOSEDPROFILEDEF(.AREA.,$,#4502);
#4504=IFCCARTESIANPOINT((0.,0.,0.));
#4505=IFCDIRECTION((0.,0.,1.));
#4506=IFCDIRECTION((1.,0.,0.));
#4507=IFCAXIS2PLACEMENT3D(#4504,#4505,#4506);
#4508=IFCDIRECTION((0.,0.,1.));
#4509=IFCEXTRUDEDAREASOLID(#4503,#4507,#4508,3.2300000000000004);
#4510=IFCSHAPEREPRESENTATION(#11,'Body','SweptSolid',(#4509));
#4511=IFCPRODUCTDEFINITIONSHAPE($,$,(#4510));
#4512=IFCCOLUMN('12Cs4KG29URQf1czlGdFgT',$,'Column Level 02 22','Perimeter column',$,#4519,#4530,$,$);
#4513=IFCMATERIALPROFILESETUSAGE(#285,$,$);
#4514=IFCRELASSOCIATESMATERIAL('0OkfHsco5MWPKece5FITuz',$,$,$,(#4512),#4513);
#4515=IFCCARTESIANPOINT((12.134600486540114,-21.964718130379495,0.));
#4516=IFCDIRECTION((0.,0.,1.));
#4517=IFCDIRECTION((1.,0.,0.));
#4518=IFCAXIS2PLACEMENT3D(#4515,#4516,#4517);
#4519=IFCLOCALPLACEMENT(#92,#4518);
#4520=IFCCARTESIANPOINTLIST2D(((0.,0.),(0.65,0.),(0.65,0.65),(0.,0.65)));
#4521=IFCINDEXEDPOLYCURVE(#4520,(IFCLINEINDEX((1,2,3,4,1))),$);
#4522=IFCARBITRARYCLOSEDPROFILEDEF(.AREA.,$,#4521);
#4523=IFCCARTESIANPOINT((0.,0.,0.));
#4524=IFCDIRECTION((0.,0.,1.));
#4525=IFCDIRECTION((1.,0.,0.));
#4526=IFCAXIS2PLACEMENT3D(#4523,#4524,#4525);
#4527=IFCDIRECTION((0.,0.,1.));
#4528=IFCEXTRUDEDAREASOLID(#4522,#4526,#4527,3.2300000000000004);
#4529=IFCSHAPEREPRESENTATION(#11,'Body','SweptSolid',(#4528));
#4530=IFCPRODUCTDEFINITIONSHAPE($,$,(#4529));
#4531=IFCCOLUMN('2ZNqCTVZvPIxEZLI_vAs5m',$,'Column Level 02 23','Perimeter column',$,#4538,#4549,$,$);
#4532=IFCMATERIALPROFILESETUSAGE(#285,$,$);
#4533=IFCRELASSOCIATESMATERIAL('2k7RLXxebUjw2az_7lZZyX',$,$,$,(#4531),#4532);
#4534=IFCCARTESIANPOINT((3.6293305773382203,-19.106560255561657,0.));
#4535=IFCDIRECTION((0.,0.,1.));
#4536=IFCDIRECTION((1.,0.,0.));
#4537=IFCAXIS2PLACEMENT3D(#4534,#4535,#4536);
#4538=IFCLOCALPLACEMENT(#92,#4537);
#4539=IFCCARTESIANPOINTLIST2D(((0.,0.),(0.65,0.),(0.65,0.65),(0.,0.65)));
#4540=IFCINDEXEDPOLYCURVE(#4539,(IFCLINEINDEX((1,2,3,4,1))),$);
#4541=IFCARBITRARYCLOSEDPROFILEDEF(.AREA.,$,#4540);
#4542=IFCCARTESIANPOINT((0.,0.,0.));
#4543=IFCDIRECTION((0.,0.,1.));
#4544=IFCDIRECTION((1.,0.,0.));
#4545=IFCAXIS2PLACEMENT3D(#4542,#4543,#4544);
#4546=IFCDIRECTION((0.,0.,1.));
#4547=IFCEXTRUDEDAREASOLID(#4541,#4545,#4546,3.2300000000000004);
#4548=IFCSHAPEREPRESENTATION(#11,'Body','SweptSolid',(#4547));
#4549=IFCPRODUCTDEFINITIONSHAPE($,$,(#4548));
#4550=IFCCOLUMN('2MNs8kJu1MzgJC3EYUZgpa',$,'Column Level 02 24','Perimeter column',$,#4557,#4568,$,$);
#4551=IFCMATERIALPROFILESETUSAGE(#285,$,$);
#4552=IFCRELASSOCIATESMATERIAL('0_0hI1E5fJ7PTNUUyvOaJY',$,$,$,(#4550),#4551);
#4553=IFCCARTESIANPOINT((-5.101878796971098,-16.93893874365121,0.));
#4554=IFCDIRECTION((0.,0.,1.));
#4555=IFCDIRECTION((1.,0.,0.));
#4556=IFCAXIS2PLACEMENT3D(#4553,#4554,#4555);
#4557=IFCLOCALPLACEMENT(#92,#4556);
#4558=IFCCARTESIANPOINTLIST2D(((0.,0.),(0.65,0.),(0.65,0.65),(0.,0.65)));
#4559=IFCINDEXEDPOLYCURVE(#4558,(IFCLINEINDEX((1,2,3,4,1))),$);
#4560=IFCARBITRARYCLOSEDPROFILEDEF(.AREA.,$,#4559);
#4561=IFCCARTESIANPOINT((0.,0.,0.));
#4562=IFCDIRECTION((0.,0.,1.));
#4563=IFCDIRECTION((1.,0.,0.));
#4564=IFCAXIS2PLACEMENT3D(#4561,#4562,#4563);
#4565=IFCDIRECTION((0.,0.,1.));
#4566=IFCEXTRUDEDAREASOLID(#4560,#4564,#4565,3.2300000000000004);
#4567=IFCSHAPEREPRESENTATION(#11,'Body','SweptSolid',(#4566));
#4568=IFCPRODUCTDEFINITIONSHAPE($,$,(#4567));
#4569=IFCCOLUMN('2r4PbsvYjNF9qsA8BuxeGB',$,'Column Level 02 25','Perimeter column',$,#4576,#4587,$,$);
#4570=IFCMATERIALPROFILESETUSAGE(#285,$,$);
#4571=IFCRELASSOCIATESMATERIAL('1bh_2rGAXSfgT9KNpK_RiA',$,$,$,(#4569),#4570);
#4572=IFCCARTESIANPOINT((-14.052637838815407,-15.998772495138576,0.));
#4573=IFCDIRECTION((0.,0.,1.));
#4574=IFCDIRECTION((1.,0.,0.));
#4575=IFCAXIS2PLACEMENT3D(#4572,#4573,#4574);
#4576=IFCLOCALPLACEMENT(#92,#4575);
#4577=IFCCARTESIANPOINTLIST2D(((0.,0.),(0.65,0.),(0.65,0.65),(0.,0.65)));
#4578=IFCINDEXEDPOLYCURVE(#4577,(IFCLINEINDEX((1,2,3,4,1))),$);
#4579=IFCARBITRARYCLOSEDPROFILEDEF(.AREA.,$,#4578);
#4580=IFCCARTESIANPOINT((0.,0.,0.));
#4581=IFCDIRECTION((0.,0.,1.));
#4582=IFCDIRECTION((1.,0.,0.));
#4583=IFCAXIS2PLACEMENT3D(#4580,#4581,#4582);
#4584=IFCDIRECTION((0.,0.,1.));
#4585=IFCEXTRUDEDAREASOLID(#4579,#4583,#4584,3.2300000000000004);
#4586=IFCSHAPEREPRESENTATION(#11,'Body','SweptSolid',(#4585));
#4587=IFCPRODUCTDEFINITIONSHAPE($,$,(#4586));
#4588=IFCCOLUMN('3_5lZBNKXJufQMp26gfyFi',$,'Column Level 02 26','Perimeter column',$,#4595,#4606,$,$);
#4589=IFCMATERIALPROFILESETUSAGE(#285,$,$);
#4590=IFCRELASSOCIATESMATERIAL('2l9MlaYuDIJQvR4au8u2xx',$,$,$,(#4588),#4589);
#4591=IFCCARTESIANPOINT((-23.035800999312816,-15.646515978489232,0.));
#4592=IFCDIRECTION((0.,0.,1.));
#4593=IFCDIRECTION((1.,0.,0.));
#4594=IFCAXIS2PLACEMENT3D(#4591,#4592,#4593);
#4595=IFCLOCALPLACEMENT(#92,#4594);
#4596=IFCCARTESIANPOINTLIST2D(((0.,0.),(0.65,0.),(0.65,0.65),(0.,0.65)));
#4597=IFCINDEXEDPOLYCURVE(#4596,(IFCLINEINDEX((1,2,3,4,1))),$);
#4598=IFCARBITRARYCLOSEDPROFILEDEF(.AREA.,$,#4597);
#4599=IFCCARTESIANPOINT((0.,0.,0.));
#4600=IFCDIRECTION((0.,0.,1.));
#4601=IFCDIRECTION((1.,0.,0.));
#4602=IFCAXIS2PLACEMENT3D(#4599,#4600,#4601);
#4603=IFCDIRECTION((0.,0.,1.));
#4604=IFCEXTRUDEDAREASOLID(#4598,#4602,#4603,3.2300000000000004);
#4605=IFCSHAPEREPRESENTATION(#11,'Body','SweptSolid',(#4604));
#4606=IFCPRODUCTDEFINITIONSHAPE($,$,(#4605));
#4607=IFCCOLUMN('0RBVA05nPTBPBOaKAlypgm',$,'Column Level 02 27','Perimeter column',$,#4614,#4625,$,$);
#4608=IFCMATERIALPROFILESETUSAGE(#285,$,$);
#4609=IFCRELASSOCIATESMATERIAL('1QPOdNx6TRkP82aThR$naw',$,$,$,(#4607),#4608);
#4610=IFCCARTESIANPOINT((-22.352100525350643,-11.436630024308139,0.));
#4611=IFCDIRECTION((0.,0.,1.));
#4612=IFCDIRECTION((1.,0.,0.));
#4613=IFCAXIS2PLACEMENT3D(#4610,#4611,#4612);
#4614=IFCLOCALPLACEMENT(#92,#4613);
#4615=IFCCARTESIANPOINTLIST2D(((0.,0.),(0.65,0.),(0.65,0.65),(0.,0.65)));
#4616=IFCINDEXEDPOLYCURVE(#4615,(IFCLINEINDEX((1,2,3,4,1))),$);
#4617=IFCARBITRARYCLOSEDPROFILEDEF(.AREA.,$,#4616);
#4618=IFCCARTESIANPOINT((0.,0.,0.));
#4619=IFCDIRECTION((0.,0.,1.));
#4620=IFCDIRECTION((1.,0.,0.));
#4621=IFCAXIS2PLACEMENT3D(#4618,#4619,#4620);
#4622=IFCDIRECTION((0.,0.,1.));
#4623=IFCEXTRUDEDAREASOLID(#4617,#4621,#4622,3.2300000000000004);
#4624=IFCSHAPEREPRESENTATION(#11,'Body','SweptSolid',(#4623));
#4625=IFCPRODUCTDEFINITIONSHAPE($,$,(#4624));
#4626=IFCCOLUMN('0zSzibl5fKdhAY9WJgau9N',$,'Column Level 03 01','Perimeter column',$,#4633,#4644,$,$);
#4627=IFCMATERIALPROFILESETUSAGE(#285,$,$);
#4628=IFCRELASSOCIATESMATERIAL('3pTlDJ6uLUkBFt5cyZl8gv',$,$,$,(#4626),#4627);
#4629=IFCCARTESIANPOINT((-21.528,-5.667,0.));
#4630=IFCDIRECTION((0.,0.,1.));
#4631=IFCDIRECTION((1.,0.,0.));
#4632=IFCAXIS2PLACEMENT3D(#4629,#4630,#4631);
#4633=IFCLOCALPLACEMENT(#99,#4632);
#4634=IFCCARTESIANPOINTLIST2D(((0.,0.),(0.65,0.),(0.65,0.65),(0.,0.65)));
#4635=IFCINDEXEDPOLYCURVE(#4634,(IFCLINEINDEX((1,2,3,4,1))),$);
#4636=IFCARBITRARYCLOSEDPROFILEDEF(.AREA.,$,#4635);
#4637=IFCCARTESIANPOINT((0.,0.,0.));
#4638=IFCDIRECTION((0.,0.,1.));
#4639=IFCDIRECTION((1.,0.,0.));
#4640=IFCAXIS2PLACEMENT3D(#4637,#4638,#4639);
#4641=IFCDIRECTION((0.,0.,1.));
#4642=IFCEXTRUDEDAREASOLID(#4636,#4640,#4641,3.2300000000000004);
#4643=IFCSHAPEREPRESENTATION(#11,'Body','SweptSolid',(#4642));
#4644=IFCPRODUCTDEFINITIONSHAPE($,$,(#4643));
#4645=IFCCOLUMN('2wypNF$IfTVO0tOwzte5wY',$,'Column Level 03 02','Perimeter column',$,#4652,#4663,$,$);
#4646=IFCMATERIALPROFILESETUSAGE(#285,$,$);
#4647=IFCRELASSOCIATESMATERIAL('2AP35TuC1Hdw85Fy75JmYV',$,$,$,(#4645),#4646);
#4648=IFCCARTESIANPOINT((-30.430057152673175,-4.342848025889659,0.));
#4649=IFCDIRECTION((0.,0.,1.));
#4650=IFCDIRECTION((1.,0.,0.));
#4651=IFCAXIS2PLACEMENT3D(#4648,#4649,#4650);
#4652=IFCLOCALPLACEMENT(#99,#4651);
#4653=IFCCARTESIANPOINTLIST2D(((0.,0.),(0.65,0.),(0.65,0.65),(0.,0.65)));
#4654=IFCINDEXEDPOLYCURVE(#4653,(IFCLINEINDEX((1,2,3,4,1))),$);
#4655=IFCARBITRARYCLOSEDPROFILEDEF(.AREA.,$,#4654);
#4656=IFCCARTESIANPOINT((0.,0.,0.));
#4657=IFCDIRECTION((0.,0.,1.));
#4658=IFCDIRECTION((1.,0.,0.));
#4659=IFCAXIS2PLACEMENT3D(#4656,#4657,#4658);
#4660=IFCDIRECTION((0.,0.,1.));
#4661=IFCEXTRUDEDAREASOLID(#4655,#4659,#4660,3.2300000000000004);
#4662=IFCSHAPEREPRESENTATION(#11,'Body','SweptSolid',(#4661));
#4663=IFCPRODUCTDEFINITIONSHAPE($,$,(#4662));
#4664=IFCCOLUMN('2Nr3vfzB1H7fAHrkisNugm',$,'Column Level 03 03','Perimeter column',$,#4671,#4682,$,$);
#4665=IFCMATERIALPROFILESETUSAGE(#285,$,$);
#4666=IFCRELASSOCIATESMATERIAL('0RRmc2LJrNAPc8tZQRoXV9',$,$,$,(#4664),#4665);
#4667=IFCCARTESIANPOINT((-39.33211430534636,-3.018696051779319,0.));
#4668=IFCDIRECTION((0.,0.,1.));
#4669=IFCDIRECTION((1.,0.,0.));
#4670=IFCAXIS2PLACEMENT3D(#4667,#4668,#4669);
#4671=IFCLOCALPLACEMENT(#99,#4670);
#4672=IFCCARTESIANPOINTLIST2D(((0.,0.),(0.65,0.),(0.65,0.65),(0.,0.65)));
#4673=IFCINDEXEDPOLYCURVE(#4672,(IFCLINEINDEX((1,2,3,4,1))),$);
#4674=IFCARBITRARYCLOSEDPROFILEDEF(.AREA.,$,#4673);
#4675=IFCCARTESIANPOINT((0.,0.,0.));
#4676=IFCDIRECTION((0.,0.,1.));
#4677=IFCDIRECTION((1.,0.,0.));
#4678=IFCAXIS2PLACEMENT3D(#4675,#4676,#4677);
#4679=IFCDIRECTION((0.,0.,1.));
#4680=IFCEXTRUDEDAREASOLID(#4674,#4678,#4679,3.2300000000000004);
#4681=IFCSHAPEREPRESENTATION(#11,'Body','SweptSolid',(#4680));
#4682=IFCPRODUCTDEFINITIONSHAPE($,$,(#4681));
#4683=IFCCOLUMN('0uPfNTGiPS1Q5j7McQydTK',$,'Column Level 03 04','Perimeter column',$,#4690,#4701,$,$);
#4684=IFCMATERIALPROFILESETUSAGE(#285,$,$);
#4685=IFCRELASSOCIATESMATERIAL('1NEV6kRHHQYAPGjnNysG1p',$,$,$,(#4683),#4684);
#4686=IFCCARTESIANPOINT((-48.23417145801954,-1.6945440776689777,0.));
#4687=IFCDIRECTION((0.,0.,1.));
#4688=IFCDIRECTION((1.,0.,0.));
#4689=IFCAXIS2PLACEMENT3D(#4686,#4687,#4688);
#4690=IFCLOCALPLACEMENT(#99,#4689);
#4691=IFCCARTESIANPOINTLIST2D(((0.,0.),(0.65,0.),(0.65,0.65),(0.,0.65)));
#4692=IFCINDEXEDPOLYCURVE(#4691,(IFCLINEINDEX((1,2,3,4,1))),$);
#4693=IFCARBITRARYCLOSEDPROFILEDEF(.AREA.,$,#4692);
#4694=IFCCARTESIANPOINT((0.,0.,0.));
#4695=IFCDIRECTION((0.,0.,1.));
#4696=IFCDIRECTION((1.,0.,0.));
#4697=IFCAXIS2PLACEMENT3D(#4694,#4695,#4696);
#4698=IFCDIRECTION((0.,0.,1.));
#4699=IFCEXTRUDEDAREASOLID(#4693,#4697,#4698,3.2300000000000004);
#4700=IFCSHAPEREPRESENTATION(#11,'Body','SweptSolid',(#4699));
#4701=IFCPRODUCTDEFINITIONSHAPE($,$,(#4700));
#4702=IFCCOLUMN('3Thpn$egXQfBMy69F$cpik',$,'Column Level 03 05','Perimeter column',$,#4709,#4720,$,$);
#4703=IFCMATERIALPROFILESETUSAGE(#285,$,$);
#4704=IFCRELASSOCIATESMATERIAL('3GUPqTVcXI2OJt2Xxl1eKs',$,$,$,(#4702),#4703);
#4705=IFCCARTESIANPOINT((-56.8410154281043,-0.762013603759,0.));
#4706=IFCDIRECTION((0.,0.,1.));
#4707=IFCDIRECTION((1.,0.,0.));
#4708=IFCAXIS2PLACEMENT3D(#4705,#4706,#4707);
#4709=IFCLOCALPLACEMENT(#99,#4708);
#4710=IFCCARTESIANPOINTLIST2D(((0.,0.),(0.65,0.),(0.65,0.65),(0.,0.65)));
#4711=IFCINDEXEDPOLYCURVE(#4710,(IFCLINEINDEX((1,2,3,4,1))),$);
#4712=IFCARBITRARYCLOSEDPROFILEDEF(.AREA.,$,#4711);
#4713=IFCCARTESIANPOINT((0.,0.,0.));
#4714=IFCDIRECTION((0.,0.,1.));
#4715=IFCDIRECTION((1.,0.,0.));
#4716=IFCAXIS2PLACEMENT3D(#4713,#4714,#4715);
#4717=IFCDIRECTION((0.,0.,1.));
#4718=IFCEXTRUDEDAREASOLID(#4712,#4716,#4717,3.2300000000000004);
#4719=IFCSHAPEREPRESENTATION(#11,'Body','SweptSolid',(#4718));
#4720=IFCPRODUCTDEFINITIONSHAPE($,$,(#4719));
#4721=IFCCOLUMN('1$M8SplNzN7eMStaYpKexM',$,'Column Level 03 06','Perimeter column',$,#4728,#4739,$,$);
#4722=IFCMATERIALPROFILESETUSAGE(#285,$,$);
#4723=IFCRELASSOCIATESMATERIAL('3g0_5EeIXRHBYd1Vo3X49C',$,$,$,(#4721),#4722);
#4724=IFCCARTESIANPOINT((-58.01884087000542,-9.684610043608245,0.));
#4725=IFCDIRECTION((0.,0.,1.));
#4726=IFCDIRECTION((1.,0.,0.));
#4727=IFCAXIS2PLACEMENT3D(#4724,#4725,#4726);
#4728=IFCLOCALPLACEMENT(#99,#4727);
#4729=IFCCARTESIANPOINTLIST2D(((0.,0.),(0.65,0.),(0.65,0.65),(0.,0.65)));
#4730=IFCINDEXEDPOLYCURVE(#4729,(IFCLINEINDEX((1,2,3,4,1))),$);
#4731=IFCARBITRARYCLOSEDPROFILEDEF(.AREA.,$,#4730);
#4732=IFCCARTESIANPOINT((0.,0.,0.));
#4733=IFCDIRECTION((0.,0.,1.));
#4734=IFCDIRECTION((1.,0.,0.));
#4735=IFCAXIS2PLACEMENT3D(#4732,#4733,#4734);
#4736=IFCDIRECTION((0.,0.,1.));
#4737=IFCEXTRUDEDAREASOLID(#4731,#4735,#4736,3.2300000000000004);
#4738=IFCSHAPEREPRESENTATION(#11,'Body','SweptSolid',(#4737));
#4739=IFCPRODUCTDEFINITIONSHAPE($,$,(#4738));
#4740=IFCCOLUMN('1dQu1onMTJzRnNio$DOFac',$,'Column Level 03 07','Perimeter column',$,#4747,#4758,$,$);
#4741=IFCMATERIALPROFILESETUSAGE(#285,$,$);
#4742=IFCRELASSOCIATESMATERIAL('2oKBwf50zHDPYeY5EWZ5gr',$,$,$,(#4740),#4741);
#4743=IFCCARTESIANPOINT((-59.19666631190653,-18.607206483457492,0.));
#4744=IFCDIRECTION((0.,0.,1.));
#4745=IFCDIRECTION((1.,0.,0.));
#4746=IFCAXIS2PLACEMENT3D(#4743,#4744,#4745);
#4747=IFCLOCALPLACEMENT(#99,#4746);
#4748=IFCCARTESIANPOINTLIST2D(((0.,0.),(0.65,0.),(0.65,0.65),(0.,0.65)));
#4749=IFCINDEXEDPOLYCURVE(#4748,(IFCLINEINDEX((1,2,3,4,1))),$);
#4750=IFCARBITRARYCLOSEDPROFILEDEF(.AREA.,$,#4749);
#4751=IFCCARTESIANPOINT((0.,0.,0.));
#4752=IFCDIRECTION((0.,0.,1.));
#4753=IFCDIRECTION((1.,0.,0.));
#4754=IFCAXIS2PLACEMENT3D(#4751,#4752,#4753);
#4755=IFCDIRECTION((0.,0.,1.));
#4756=IFCEXTRUDEDAREASOLID(#4750,#4754,#4755,3.2300000000000004);
#4757=IFCSHAPEREPRESENTATION(#11,'Body','SweptSolid',(#4756));
#4758=IFCPRODUCTDEFINITIONSHAPE($,$,(#4757));
#4759=IFCCOLUMN('1PXdxpgWPTxPoyTKhozxYX',$,'Column Level 03 08','Perimeter column',$,#4766,#4777,$,$);
#4760=IFCMATERIALPROFILESETUSAGE(#285,$,$);
#4761=IFCRELASSOCIATESMATERIAL('2L0x1jSkrTUxNOP7YHe83Z',$,$,$,(#4759),#4760);
#4762=IFCCARTESIANPOINT((-60.37449175380765,-27.529802923306736,0.));
#4763=IFCDIRECTION((0.,0.,1.));
#4764=IFCDIRECTION((1.,0.,0.));
#4765=IFCAXIS2PLACEMENT3D(#4762,#4763,#4764);
#4766=IFCLOCALPLACEMENT(#99,#4765);
#4767=IFCCARTESIANPOINTLIST2D(((0.,0.),(0.65,0.),(0.65,0.65),(0.,0.65)));
#4768=IFCINDEXEDPOLYCURVE(#4767,(IFCLINEINDEX((1,2,3,4,1))),$);
#4769=IFCARBITRARYCLOSEDPROFILEDEF(.AREA.,$,#4768);
#4770=IFCCARTESIANPOINT((0.,0.,0.));
#4771=IFCDIRECTION((0.,0.,1.));
#4772=IFCDIRECTION((1.,0.,0.));
#4773=IFCAXIS2PLACEMENT3D(#4770,#4771,#4772);
#4774=IFCDIRECTION((0.,0.,1.));
#4775=IFCEXTRUDEDAREASOLID(#4769,#4773,#4774,3.2300000000000004);
#4776=IFCSHAPEREPRESENTATION(#11,'Body','SweptSolid',(#4775));
#4777=IFCPRODUCTDEFINITIONSHAPE($,$,(#4776));
#4778=IFCCOLUMN('2s13kdMlTJ3BY7yydzMOEr',$,'Column Level 03 09','Perimeter column',$,#4785,#4796,$,$);
#4779=IFCMATERIALPROFILESETUSAGE(#285,$,$);
#4780=IFCRELASSOCIATESMATERIAL('1ckFdMo$zRzeK3H3fWO4K_',$,$,$,(#4778),#4779);
#4781=IFCCARTESIANPOINT((-61.55231719570877,-36.45239936315598,0.));
#4782=IFCDIRECTION((0.,0.,1.));
#4783=IFCDIRECTION((1.,0.,0.));
#4784=IFCAXIS2PLACEMENT3D(#4781,#4782,#4783);
#4785=IFCLOCALPLACEMENT(#99,#4784);
#4786=IFCCARTESIANPOINTLIST2D(((0.,0.),(0.65,0.),(0.65,0.65),(0.,0.65)));
#4787=IFCINDEXEDPOLYCURVE(#4786,(IFCLINEINDEX((1,2,3,4,1))),$);
#4788=IFCARBITRARYCLOSEDPROFILEDEF(.AREA.,$,#4787);
#4789=IFCCARTESIANPOINT((0.,0.,0.));
#4790=IFCDIRECTION((0.,0.,1.));
#4791=IFCDIRECTION((1.,0.,0.));
#4792=IFCAXIS2PLACEMENT3D(#4789,#4790,#4791);
#4793=IFCDIRECTION((0.,0.,1.));
#4794=IFCEXTRUDEDAREASOLID(#4788,#4792,#4793,3.2300000000000004);
#4795=IFCSHAPEREPRESENTATION(#11,'Body','SweptSolid',(#4794));
#4796=IFCPRODUCTDEFINITIONSHAPE($,$,(#4795));
#4797=IFCCOLUMN('3rfrdrghvGGhk1Sq7cmV3b',$,'Column Level 03 10','Perimeter column',$,#4804,#4815,$,$);
#4798=IFCMATERIALPROFILESETUSAGE(#285,$,$);
#4799=IFCRELASSOCIATESMATERIAL('0uMlGczqzIbwYgyTwX3qCe',$,$,$,(#4797),#4798);
#4800=IFCCARTESIANPOINT((-55.339105588734654,-39.59755592254021,0.));
#4801=IFCDIRECTION((0.,0.,1.));
#4802=IFCDIRECTION((1.,0.,0.));
#4803=IFCAXIS2PLACEMENT3D(#4800,#4801,#4802);
#4804=IFCLOCALPLACEMENT(#99,#4803);
#4805=IFCCARTESIANPOINTLIST2D(((0.,0.),(0.65,0.),(0.65,0.65),(0.,0.65)));
#4806=IFCINDEXEDPOLYCURVE(#4805,(IFCLINEINDEX((1,2,3,4,1))),$);
#4807=IFCARBITRARYCLOSEDPROFILEDEF(.AREA.,$,#4806);
#4808=IFCCARTESIANPOINT((0.,0.,0.));
#4809=IFCDIRECTION((0.,0.,1.));
#4810=IFCDIRECTION((1.,0.,0.));
#4811=IFCAXIS2PLACEMENT3D(#4808,#4809,#4810);
#4812=IFCDIRECTION((0.,0.,1.));
#4813=IFCEXTRUDEDAREASOLID(#4807,#4811,#4812,3.2300000000000004);
#4814=IFCSHAPEREPRESENTATION(#11,'Body','SweptSolid',(#4813));
#4815=IFCPRODUCTDEFINITIONSHAPE($,$,(#4814));
#4816=IFCCOLUMN('12S2WAFO1KJQraHzzYK0oB',$,'Column Level 03 11','Perimeter column',$,#4823,#4834,$,$);
#4817=IFCMATERIALPROFILESETUSAGE(#285,$,$);
#4818=IFCRELASSOCIATESMATERIAL('2NB5yaoXfP$99kORnTnk5N',$,$,$,(#4816),#4817);
#4819=IFCCARTESIANPOINT((-46.39610792809899,-40.60888813396484,0.));
#4820=IFCDIRECTION((0.,0.,1.));
#4821=IFCDIRECTION((1.,0.,0.));
#4822=IFCAXIS2PLACEMENT3D(#4819,#4820,#4821);
#4823=IFCLOCALPLACEMENT(#99,#4822);
#4824=IFCCARTESIANPOINTLIST2D(((0.,0.),(0.65,0.),(0.65,0.65),(0.,0.65)));
#4825=IFCINDEXEDPOLYCURVE(#4824,(IFCLINEINDEX((1,2,3,4,1))),$);
#4826=IFCARBITRARYCLOSEDPROFILEDEF(.AREA.,$,#4825);
#4827=IFCCARTESIANPOINT((0.,0.,0.));
#4828=IFCDIRECTION((0.,0.,1.));
#4829=IFCDIRECTION((1.,0.,0.));
#4830=IFCAXIS2PLACEMENT3D(#4827,#4828,#4829);
#4831=IFCDIRECTION((0.,0.,1.));
#4832=IFCEXTRUDEDAREASOLID(#4826,#4830,#4831,3.2300000000000004);
#4833=IFCSHAPEREPRESENTATION(#11,'Body','SweptSolid',(#4832));
#4834=IFCPRODUCTDEFINITIONSHAPE($,$,(#4833));
#4835=IFCCOLUMN('1p$6j8WyLJ18xNa_9Ooe7L',$,'Column Level 03 12','Perimeter column',$,#4842,#4853,$,$);
#4836=IFCMATERIALPROFILESETUSAGE(#285,$,$);
#4837=IFCRELASSOCIATESMATERIAL('3WNIgu_59JEfUTSvWrkUFr',$,$,$,(#4835),#4836);
#4838=IFCCARTESIANPOINT((-37.45311026746333,-41.62022034538946,0.));
#4839=IFCDIRECTION((0.,0.,1.));
#4840=IFCDIRECTION((1.,0.,0.));
#4841=IFCAXIS2PLACEMENT3D(#4838,#4839,#4840);
#4842=IFCLOCALPLACEMENT(#99,#4841);
#4843=IFCCARTESIANPOINTLIST2D(((0.,0.),(0.65,0.),(0.65,0.65),(0.,0.65)));
#4844=IFCINDEXEDPOLYCURVE(#4843,(IFCLINEINDEX((1,2,3,4,1))),$);
#4845=IFCARBITRARYCLOSEDPROFILEDEF(.AREA.,$,#4844);
#4846=IFCCARTESIANPOINT((0.,0.,0.));
#4847=IFCDIRECTION((0.,0.,1.));
#4848=IFCDIRECTION((1.,0.,0.));
#4849=IFCAXIS2PLACEMENT3D(#4846,#4847,#4848);
#4850=IFCDIRECTION((0.,0.,1.));
#4851=IFCEXTRUDEDAREASOLID(#4845,#4849,#4850,3.2300000000000004);
#4852=IFCSHAPEREPRESENTATION(#11,'Body','SweptSolid',(#4851));
#4853=IFCPRODUCTDEFINITIONSHAPE($,$,(#4852));
#4854=IFCCOLUMN('3eqP$LlyPG5O3sdT3bYksc',$,'Column Level 03 13','Perimeter column',$,#4861,#4872,$,$);
#4855=IFCMATERIALPROFILESETUSAGE(#285,$,$);
#4856=IFCRELASSOCIATESMATERIAL('3_bV6BfszOAx97zjYNsjmn',$,$,$,(#4854),#4855);
#4857=IFCCARTESIANPOINT((-28.510112606827658,-42.63155255681409,0.));
#4858=IFCDIRECTION((0.,0.,1.));
#4859=IFCDIRECTION((1.,0.,0.));
#4860=IFCAXIS2PLACEMENT3D(#4857,#4858,#4859);
#4861=IFCLOCALPLACEMENT(#99,#4860);
#4862=IFCCARTESIANPOINTLIST2D(((0.,0.),(0.65,0.),(0.65,0.65),(0.,0.65)));
#4863=IFCINDEXEDPOLYCURVE(#4862,(IFCLINEINDEX((1,2,3,4,1))),$);
#4864=IFCARBITRARYCLOSEDPROFILEDEF(.AREA.,$,#4863);
#4865=IFCCARTESIANPOINT((0.,0.,0.));
#4866=IFCDIRECTION((0.,0.,1.));
#4867=IFCDIRECTION((1.,0.,0.));
#4868=IFCAXIS2PLACEMENT3D(#4865,#4866,#4867);
#4869=IFCDIRECTION((0.,0.,1.));
#4870=IFCEXTRUDEDAREASOLID(#4864,#4868,#4869,3.2300000000000004);
#4871=IFCSHAPEREPRESENTATION(#11,'Body','SweptSolid',(#4870));
#4872=IFCPRODUCTDEFINITIONSHAPE($,$,(#4871));
#4873=IFCCOLUMN('2zy1iAndXKNeO$NXGm$6Wd',$,'Column Level 03 14','Perimeter column',$,#4880,#4891,$,$);
#4874=IFCMATERIALPROFILESETUSAGE(#285,$,$);
#4875=IFCRELASSOCIATESMATERIAL('0EEJinYATN9QN8bmW0dx4O',$,$,$,(#4873),#4874);
#4876=IFCCARTESIANPOINT((-25.318352810564456,-35.99221368328438,0.));
#4877=IFCDIRECTION((0.,0.,1.));
#4878=IFCDIRECTION((1.,0.,0.));
#4879=IFCAXIS2PLACEMENT3D(#4876,#4877,#4878);
#4880=IFCLOCALPLACEMENT(#99,#4879);
#4881=IFCCARTESIANPOINTLIST2D(((0.,0.),(0.65,0.),(0.65,0.65),(0.,0.65)));
#4882=IFCINDEXEDPOLYCURVE(#4881,(IFCLINEINDEX((1,2,3,4,1))),$);
#4883=IFCARBITRARYCLOSEDPROFILEDEF(.AREA.,$,#4882);
#4884=IFCCARTESIANPOINT((0.,0.,0.));
#4885=IFCDIRECTION((0.,0.,1.));
#4886=IFCDIRECTION((1.,0.,0.));
#4887=IFCAXIS2PLACEMENT3D(#4884,#4885,#4886);
#4888=IFCDIRECTION((0.,0.,1.));
#4889=IFCEXTRUDEDAREASOLID(#4883,#4887,#4888,3.2300000000000004);
#4890=IFCSHAPEREPRESENTATION(#11,'Body','SweptSolid',(#4889));
#4891=IFCPRODUCTDEFINITIONSHAPE($,$,(#4890));
#4892=IFCCOLUMN('0SNrw33vbJfeEprn29EkC1',$,'Column Level 03 15','Perimeter column',$,#4899,#4910,$,$);
#4893=IFCMATERIALPROFILESETUSAGE(#285,$,$);
#4894=IFCRELASSOCIATESMATERIAL('0gXiINRnjP19$dajuifafa',$,$,$,(#4892),#4893);
#4895=IFCCARTESIANPOINT((-23.42830906975372,-34.4769085399491,0.));
#4896=IFCDIRECTION((0.,0.,1.));
#4897=IFCDIRECTION((1.,0.,0.));
#4898=IFCAXIS2PLACEMENT3D(#4895,#4896,#4897);
#4899=IFCLOCALPLACEMENT(#99,#4898);
#4900=IFCCARTESIANPOINTLIST2D(((0.,0.),(0.65,0.),(0.65,0.65),(0.,0.65)));
#4901=IFCINDEXEDPOLYCURVE(#4900,(IFCLINEINDEX((1,2,3,4,1))),$);
#4902=IFCARBITRARYCLOSEDPROFILEDEF(.AREA.,$,#4901);
#4903=IFCCARTESIANPOINT((0.,0.,0.));
#4904=IFCDIRECTION((0.,0.,1.));
#4905=IFCDIRECTION((1.,0.,0.));
#4906=IFCAXIS2PLACEMENT3D(#4903,#4904,#4905);
#4907=IFCDIRECTION((0.,0.,1.));
#4908=IFCEXTRUDEDAREASOLID(#4902,#4906,#4907,3.2300000000000004);
#4909=IFCSHAPEREPRESENTATION(#11,'Body','SweptSolid',(#4908));
#4910=IFCPRODUCTDEFINITIONSHAPE($,$,(#4909));
#4911=IFCCOLUMN('1Bw$QT_rrQ7hgx0VeMwfD7',$,'Column Level 03 16','Perimeter column',$,#4918,#4929,$,$);
#4912=IFCMATERIALPROFILESETUSAGE(#285,$,$);
#4913=IFCRELASSOCIATESMATERIAL('2TkONCfojUUAvdzNAc6EbY',$,$,$,(#4911),#4912);
#4914=IFCCARTESIANPOINT((-14.686906245809535,-36.59035481427148,0.));
#4915=IFCDIRECTION((0.,0.,1.));
#4916=IFCDIRECTION((1.,0.,0.));
#4917=IFCAXIS2PLACEMENT3D(#4914,#4915,#4916);
#4918=IFCLOCALPLACEMENT(#99,#4917);
#4919=IFCCARTESIANPOINTLIST2D(((0.,0.),(0.65,0.),(0.65,0.65),(0.,0.65)));
#4920=IFCINDEXEDPOLYCURVE(#4919,(IFCLINEINDEX((1,2,3,4,1))),$);
#4921=IFCARBITRARYCLOSEDPROFILEDEF(.AREA.,$,#4920);
#4922=IFCCARTESIANPOINT((0.,0.,0.));
#4923=IFCDIRECTION((0.,0.,1.));
#4924=IFCDIRECTION((1.,0.,0.));
#4925=IFCAXIS2PLACEMENT3D(#4922,#4923,#4924);
#4926=IFCDIRECTION((0.,0.,1.));
#4927=IFCEXTRUDEDAREASOLID(#4921,#4925,#4926,3.2300000000000004);
#4928=IFCSHAPEREPRESENTATION(#11,'Body','SweptSolid',(#4927));
#4929=IFCPRODUCTDEFINITIONSHAPE($,$,(#4928));
#4930=IFCCOLUMN('3Luabo6YXLj8X5QpxuuuRS',$,'Column Level 03 17','Perimeter column',$,#4937,#4948,$,$);
#4931=IFCMATERIALPROFILESETUSAGE(#285,$,$);
#4932=IFCRELASSOCIATESMATERIAL('2MRAS0AjzSV9AQCiMCAXrj',$,$,$,(#4930),#4931);
#4933=IFCCARTESIANPOINT((-5.813371649093766,-37.97173674523723,0.));
#4934=IFCDIRECTION((0.,0.,1.));
#4935=IFCDIRECTION((1.,0.,0.));
#4936=IFCAXIS2PLACEMENT3D(#4933,#4934,#4935);
#4937=IFCLOCALPLACEMENT(#99,#4936);
#4938=IFCCARTESIANPOINTLIST2D(((0.,0.),(0.65,0.),(0.65,0.65),(0.,0.65)));
#4939=IFCINDEXEDPOLYCURVE(#4938,(IFCLINEINDEX((1,2,3,4,1))),$);
#4940=IFCARBITRARYCLOSEDPROFILEDEF(.AREA.,$,#4939);
#4941=IFCCARTESIANPOINT((0.,0.,0.));
#4942=IFCDIRECTION((0.,0.,1.));
#4943=IFCDIRECTION((1.,0.,0.));
#4944=IFCAXIS2PLACEMENT3D(#4941,#4942,#4943);
#4945=IFCDIRECTION((0.,0.,1.));
#4946=IFCEXTRUDEDAREASOLID(#4940,#4944,#4945,3.2300000000000004);
#4947=IFCSHAPEREPRESENTATION(#11,'Body','SweptSolid',(#4946));
#4948=IFCPRODUCTDEFINITIONSHAPE($,$,(#4947));
#4949=IFCCOLUMN('2l$uBVCe9Ns9yo281GcSA6',$,'Column Level 03 18','Perimeter column',$,#4956,#4967,$,$);
#4950=IFCMATERIALPROFILESETUSAGE(#285,$,$);
#4951=IFCRELASSOCIATESMATERIAL('1$AMZ2Ht5MSfGZaX9Yawob',$,$,$,(#4949),#4950);
#4952=IFCCARTESIANPOINT((3.1613874563844844,-38.64530856667517,0.));
#4953=IFCDIRECTION((0.,0.,1.));
#4954=IFCDIRECTION((1.,0.,0.));
#4955=IFCAXIS2PLACEMENT3D(#4952,#4953,#4954);
#4956=IFCLOCALPLACEMENT(#99,#4955);
#4957=IFCCARTESIANPOINTLIST2D(((0.,0.),(0.65,0.),(0.65,0.65),(0.,0.65)));
#4958=IFCINDEXEDPOLYCURVE(#4957,(IFCLINEINDEX((1,2,3,4,1))),$);
#4959=IFCARBITRARYCLOSEDPROFILEDEF(.AREA.,$,#4958);
#4960=IFCCARTESIANPOINT((0.,0.,0.));
#4961=IFCDIRECTION((0.,0.,1.));
#4962=IFCDIRECTION((1.,0.,0.));
#4963=IFCAXIS2PLACEMENT3D(#4960,#4961,#4962);
#4964=IFCDIRECTION((0.,0.,1.));
#4965=IFCEXTRUDEDAREASOLID(#4959,#4963,#4964,3.2300000000000004);
#4966=IFCSHAPEREPRESENTATION(#11,'Body','SweptSolid',(#4965));
#4967=IFCPRODUCTDEFINITIONSHAPE($,$,(#4966));
#4968=IFCCOLUMN('18EnnynBfIlAnCATa0oIoe',$,'Column Level 03 19','Perimeter column',$,#4975,#4986,$,$);
#4969=IFCMATERIALPROFILESETUSAGE(#285,$,$);
#4970=IFCRELASSOCIATESMATERIAL('1b6DKRG3zHT9JOlqrvG20D',$,$,$,(#4968),#4969);
#4971=IFCCARTESIANPOINT((12.12213291602448,-37.865780737406794,0.));
#4972=IFCDIRECTION((0.,0.,1.));
#4973=IFCDIRECTION((1.,0.,0.));
#4974=IFCAXIS2PLACEMENT3D(#4971,#4972,#4973);
#4975=IFCLOCALPLACEMENT(#99,#4974);
#4976=IFCCARTESIANPOINTLIST2D(((0.,0.),(0.65,0.),(0.65,0.65),(0.,0.65)));
#4977=IFCINDEXEDPOLYCURVE(#4976,(IFCLINEINDEX((1,2,3,4,1))),$);
#4978=IFCARBITRARYCLOSEDPROFILEDEF(.AREA.,$,#4977);
#4979=IFCCARTESIANPOINT((0.,0.,0.));
#4980=IFCDIRECTION((0.,0.,1.));
#4981=IFCDIRECTION((1.,0.,0.));
#4982=IFCAXIS2PLACEMENT3D(#4979,#4980,#4981);
#4983=IFCDIRECTION((0.,0.,1.));
#4984=IFCEXTRUDEDAREASOLID(#4978,#4982,#4983,3.2300000000000004);
#4985=IFCSHAPEREPRESENTATION(#11,'Body','SweptSolid',(#4984));
#4986=IFCPRODUCTDEFINITIONSHAPE($,$,(#4985));
#4987=IFCCOLUMN('2sy26xmF5QXxRMlLLPci2F',$,'Column Level 03 20','Perimeter column',$,#4994,#5005,$,$);
#4988=IFCMATERIALPROFILESETUSAGE(#285,$,$);
#4989=IFCRELASSOCIATESMATERIAL('1d1$cwsL5RW9NNRtOBVj1m',$,$,$,(#4987),#4988);
#4990=IFCCARTESIANPOINT((13.846393811594732,-31.641155946095477,0.));
#4991=IFCDIRECTION((0.,0.,1.));
#4992=IFCDIRECTION((1.,0.,0.));
#4993=IFCAXIS2PLACEMENT3D(#4990,#4991,#4992);
#4994=IFCLOCALPLACEMENT(#99,#4993);
#4995=IFCCARTESIANPOINTLIST2D(((0.,0.),(0.65,0.),(0.65,0.65),(0.,0.65)));
#4996=IFCINDEXEDPOLYCURVE(#4995,(IFCLINEINDEX((1,2,3,4,1))),$);
#4997=IFCARBITRARYCLOSEDPROFILEDEF(.AREA.,$,#4996);
#4998=IFCCARTESIANPOINT((0.,0.,0.));
#4999=IFCDIRECTION((0.,0.,1.));
#5000=IFCDIRECTION((1.,0.,0.));
#5001=IFCAXIS2PLACEMENT3D(#4998,#4999,#5000);
#5002=IFCDIRECTION((0.,0.,1.));
#5003=IFCEXTRUDEDAREASOLID(#4997,#5001,#5002,3.2300000000000004);
#5004=IFCSHAPEREPRESENTATION(#11,'Body','SweptSolid',(#5003));
#5005=IFCPRODUCTDEFINITIONSHAPE($,$,(#5004));
#5006=IFCCOLUMN('08uVT9$4zMjxcfcrZxu7iP',$,'Column Level 03 21','Perimeter column',$,#5013,#5024,$,$);
#5007=IFCMATERIALPROFILESETUSAGE(#285,$,$);
#5008=IFCRELASSOCIATESMATERIAL('0LcL4HgsTQe9vHTsRftUEH',$,$,$,(#5006),#5007);
#5009=IFCCARTESIANPOINT((15.120940310117144,-26.543213905992783,0.));
#5010=IFCDIRECTION((0.,0.,1.));
#5011=IFCDIRECTION((1.,0.,0.));
#5012=IFCAXIS2PLACEMENT3D(#5009,#5010,#5011);
#5013=IFCLOCALPLACEMENT(#99,#5012);
#5014=IFCCARTESIANPOINTLIST2D(((0.,0.),(0.65,0.),(0.65,0.65),(0.,0.65)));
#5015=IFCINDEXEDPOLYCURVE(#5014,(IFCLINEINDEX((1,2,3,4,1))),$);
#5016=IFCARBITRARYCLOSEDPROFILEDEF(.AREA.,$,#5015);
#5017=IFCCARTESIANPOINT((0.,0.,0.));
#5018=IFCDIRECTION((0.,0.,1.));
#5019=IFCDIRECTION((1.,0.,0.));
#5020=IFCAXIS2PLACEMENT3D(#5017,#5018,#5019);
#5021=IFCDIRECTION((0.,0.,1.));
#5022=IFCEXTRUDEDAREASOLID(#5016,#5020,#5021,3.2300000000000004);
#5023=IFCSHAPEREPRESENTATION(#11,'Body','SweptSolid',(#5022));
#5024=IFCPRODUCTDEFINITIONSHAPE($,$,(#5023));
#5025=IFCCOLUMN('1L4xl8a05RPPnnWPCVV7I4',$,'Column Level 03 22','Perimeter column',$,#5032,#5043,$,$);
#5026=IFCMATERIALPROFILESETUSAGE(#285,$,$);
#5027=IFCRELASSOCIATESMATERIAL('1zRtISzVDNlvfENxOgeL4b',$,$,$,(#5025),#5026);
#5028=IFCCARTESIANPOINT((11.114826084371519,-21.387706871770284,0.));
#5029=IFCDIRECTION((0.,0.,1.));
#5030=IFCDIRECTION((1.,0.,0.));
#5031=IFCAXIS2PLACEMENT3D(#5028,#5029,#5030);
#5032=IFCLOCALPLACEMENT(#99,#5031);
#5033=IFCCARTESIANPOINTLIST2D(((0.,0.),(0.65,0.),(0.65,0.65),(0.,0.65)));
#5034=IFCINDEXEDPOLYCURVE(#5033,(IFCLINEINDEX((1,2,3,4,1))),$);
#5035=IFCARBITRARYCLOSEDPROFILEDEF(.AREA.,$,#5034);
#5036=IFCCARTESIANPOINT((0.,0.,0.));
#5037=IFCDIRECTION((0.,0.,1.));
#5038=IFCDIRECTION((1.,0.,0.));
#5039=IFCAXIS2PLACEMENT3D(#5036,#5037,#5038);
#5040=IFCDIRECTION((0.,0.,1.));
#5041=IFCEXTRUDEDAREASOLID(#5035,#5039,#5040,3.2300000000000004);
#5042=IFCSHAPEREPRESENTATION(#11,'Body','SweptSolid',(#5041));
#5043=IFCPRODUCTDEFINITIONSHAPE($,$,(#5042));
#5044=IFCCOLUMN('20E19AD6nKahEgAeKEal$$',$,'Column Level 03 23','Perimeter column',$,#5051,#5062,$,$);
#5045=IFCMATERIALPROFILESETUSAGE(#285,$,$);
#5046=IFCRELASSOCIATESMATERIAL('0m0e2h7M9IZe2G3WF7aPVu',$,$,$,(#5044),#5045);
#5047=IFCCARTESIANPOINT((2.5507955522527324,-18.70283987018458,0.));
#5048=IFCDIRECTION((0.,0.,1.));
#5049=IFCDIRECTION((1.,0.,0.));
#5050=IFCAXIS2PLACEMENT3D(#5047,#5048,#5049);
#5051=IFCLOCALPLACEMENT(#99,#5050);
#5052=IFCCARTESIANPOINTLIST2D(((0.,0.),(0.65,0.),(0.65,0.65),(0.,0.65)));
#5053=IFCINDEXEDPOLYCURVE(#5052,(IFCLINEINDEX((1,2,3,4,1))),$);
#5054=IFCARBITRARYCLOSEDPROFILEDEF(.AREA.,$,#5053);
#5055=IFCCARTESIANPOINT((0.,0.,0.));
#5056=IFCDIRECTION((0.,0.,1.));
#5057=IFCDIRECTION((1.,0.,0.));
#5058=IFCAXIS2PLACEMENT3D(#5055,#5056,#5057);
#5059=IFCDIRECTION((0.,0.,1.));
#5060=IFCEXTRUDEDAREASOLID(#5054,#5058,#5059,3.2300000000000004);
#5061=IFCSHAPEREPRESENTATION(#11,'Body','SweptSolid',(#5060));
#5062=IFCPRODUCTDEFINITIONSHAPE($,$,(#5061));
#5063=IFCCOLUMN('3Vw9oGgXzOYg07eztGoWvg',$,'Column Level 03 24','Perimeter column',$,#5070,#5081,$,$);
#5064=IFCMATERIALPROFILESETUSAGE(#285,$,$);
#5065=IFCRELASSOCIATESMATERIAL('1Wl4bXwdTIixEl2lME1KoL',$,$,$,(#5063),#5064);
#5066=IFCCARTESIANPOINT((-6.212500191293617,-16.713889171729463,0.));
#5067=IFCDIRECTION((0.,0.,1.));
#5068=IFCDIRECTION((1.,0.,0.));
#5069=IFCAXIS2PLACEMENT3D(#5066,#5067,#5068);
#5070=IFCLOCALPLACEMENT(#99,#5069);
#5071=IFCCARTESIANPOINTLIST2D(((0.,0.),(0.65,0.),(0.65,0.65),(0.,0.65)));
#5072=IFCINDEXEDPOLYCURVE(#5071,(IFCLINEINDEX((1,2,3,4,1))),$);
#5073=IFCARBITRARYCLOSEDPROFILEDEF(.AREA.,$,#5072);
#5074=IFCCARTESIANPOINT((0.,0.,0.));
#5075=IFCDIRECTION((0.,0.,1.));
#5076=IFCDIRECTION((1.,0.,0.));
#5077=IFCAXIS2PLACEMENT3D(#5074,#5075,#5076);
#5078=IFCDIRECTION((0.,0.,1.));
#5079=IFCEXTRUDEDAREASOLID(#5073,#5077,#5078,3.2300000000000004);
#5080=IFCSHAPEREPRESENTATION(#11,'Body','SweptSolid',(#5079));
#5081=IFCPRODUCTDEFINITIONSHAPE($,$,(#5080));
#5082=IFCCOLUMN('1U1WHMCqnUAROWmzPm6xd0',$,'Column Level 03 25','Perimeter column',$,#5089,#5100,$,$);
#5083=IFCMATERIALPROFILESETUSAGE(#285,$,$);
#5084=IFCRELASSOCIATESMATERIAL('0ua5lQkuDO6BdzhcX2$E8S',$,$,$,(#5082),#5083);
#5085=IFCCARTESIANPOINT((-15.163228728015966,-15.773432547581296,0.));
#5086=IFCDIRECTION((0.,0.,1.));
#5087=IFCDIRECTION((1.,0.,0.));
#5088=IFCAXIS2PLACEMENT3D(#5085,#5086,#5087);
#5089=IFCLOCALPLACEMENT(#99,#5088);
#5090=IFCCARTESIANPOINTLIST2D(((0.,0.),(0.65,0.),(0.65,0.65),(0.,0.65)));
#5091=IFCINDEXEDPOLYCURVE(#5090,(IFCLINEINDEX((1,2,3,4,1))),$);
#5092=IFCARBITRARYCLOSEDPROFILEDEF(.AREA.,$,#5091);
#5093=IFCCARTESIANPOINT((0.,0.,0.));
#5094=IFCDIRECTION((0.,0.,1.));
#5095=IFCDIRECTION((1.,0.,0.));
#5096=IFCAXIS2PLACEMENT3D(#5093,#5094,#5095);
#5097=IFCDIRECTION((0.,0.,1.));
#5098=IFCEXTRUDEDAREASOLID(#5092,#5096,#5097,3.2300000000000004);
#5099=IFCSHAPEREPRESENTATION(#11,'Body','SweptSolid',(#5098));
#5100=IFCPRODUCTDEFINITIONSHAPE($,$,(#5099));
#5101=IFCCOLUMN('0FxXqsO75Pygci2DrKBXO2',$,'Column Level 03 26','Perimeter column',$,#5108,#5119,$,$);
#5102=IFCMATERIALPROFILESETUSAGE(#285,$,$);
#5103=IFCRELASSOCIATESMATERIAL('1uBDdx3GXKPOSpV7GQOZlB',$,$,$,(#5101),#5102);
#5104=IFCCARTESIANPOINT((-24.15360836185491,-15.551138316663161,0.));
#5105=IFCDIRECTION((0.,0.,1.));
#5106=IFCDIRECTION((1.,0.,0.));
#5107=IFCAXIS2PLACEMENT3D(#5104,#5105,#5106);
#5108=IFCLOCALPLACEMENT(#99,#5107);
#5109=IFCCARTESIANPOINTLIST2D(((0.,0.),(0.65,0.),(0.65,0.65),(0.,0.65)));
#5110=IFCINDEXEDPOLYCURVE(#5109,(IFCLINEINDEX((1,2,3,4,1))),$);
#5111=IFCARBITRARYCLOSEDPROFILEDEF(.AREA.,$,#5110);
#5112=IFCCARTESIANPOINT((0.,0.,0.));
#5113=IFCDIRECTION((0.,0.,1.));
#5114=IFCDIRECTION((1.,0.,0.));
#5115=IFCAXIS2PLACEMENT3D(#5112,#5113,#5114);
#5116=IFCDIRECTION((0.,0.,1.));
#5117=IFCEXTRUDEDAREASOLID(#5111,#5115,#5116,3.2300000000000004);
#5118=IFCSHAPEREPRESENTATION(#11,'Body','SweptSolid',(#5117));
#5119=IFCPRODUCTDEFINITIONSHAPE($,$,(#5118));
#5120=IFCCOLUMN('3crwBHZ5HUswnPExSnDLx3',$,'Column Level 03 27','Perimeter column',$,#5127,#5138,$,$);
#5121=IFCMATERIALPROFILESETUSAGE(#285,$,$);
#5122=IFCRELASSOCIATESMATERIAL('0dqo$I9iPKgPV5BRy9RPnd',$,$,$,(#5120),#5121);
#5123=IFCCARTESIANPOINT((-21.96896914644804,-9.966966747289094,0.));
#5124=IFCDIRECTION((0.,0.,1.));
#5125=IFCDIRECTION((1.,0.,0.));
#5126=IFCAXIS2PLACEMENT3D(#5123,#5124,#5125);
#5127=IFCLOCALPLACEMENT(#99,#5126);
#5128=IFCCARTESIANPOINTLIST2D(((0.,0.),(0.65,0.),(0.65,0.65),(0.,0.65)));
#5129=IFCINDEXEDPOLYCURVE(#5128,(IFCLINEINDEX((1,2,3,4,1))),$);
#5130=IFCARBITRARYCLOSEDPROFILEDEF(.AREA.,$,#5129);
#5131=IFCCARTESIANPOINT((0.,0.,0.));
#5132=IFCDIRECTION((0.,0.,1.));
#5133=IFCDIRECTION((1.,0.,0.));
#5134=IFCAXIS2PLACEMENT3D(#5131,#5132,#5133);
#5135=IFCDIRECTION((0.,0.,1.));
#5136=IFCEXTRUDEDAREASOLID(#5130,#5134,#5135,3.2300000000000004);
#5137=IFCSHAPEREPRESENTATION(#11,'Body','SweptSolid',(#5136));
#5138=IFCPRODUCTDEFINITIONSHAPE($,$,(#5137));
#5139=IFCCOLUMN('1xUDVQ8XPSxuHVBu7Sn9iN',$,'Column Level 04 01','Perimeter column',$,#5146,#5157,$,$);
#5140=IFCMATERIALPROFILESETUSAGE(#285,$,$);
#5141=IFCRELASSOCIATESMATERIAL('1afmdEiL9HufWSlr4POY$U',$,$,$,(#5139),#5140);
#5142=IFCCARTESIANPOINT((-21.232,-5.631,0.));
#5143=IFCDIRECTION((0.,0.,1.));
#5144=IFCDIRECTION((1.,0.,0.));
#5145=IFCAXIS2PLACEMENT3D(#5142,#5143,#5144);
#5146=IFCLOCALPLACEMENT(#106,#5145);
#5147=IFCCARTESIANPOINTLIST2D(((0.,0.),(0.65,0.),(0.65,0.65),(0.,0.65)));
#5148=IFCINDEXEDPOLYCURVE(#5147,(IFCLINEINDEX((1,2,3,4,1))),$);
#5149=IFCARBITRARYCLOSEDPROFILEDEF(.AREA.,$,#5148);
#5150=IFCCARTESIANPOINT((0.,0.,0.));
#5151=IFCDIRECTION((0.,0.,1.));
#5152=IFCDIRECTION((1.,0.,0.));
#5153=IFCAXIS2PLACEMENT3D(#5150,#5151,#5152);
#5154=IFCDIRECTION((0.,0.,1.));
#5155=IFCEXTRUDEDAREASOLID(#5149,#5153,#5154,3.2300000000000004);
#5156=IFCSHAPEREPRESENTATION(#11,'Body','SweptSolid',(#5155));
#5157=IFCPRODUCTDEFINITIONSHAPE($,$,(#5156));
#5158=IFCCOLUMN('1QBxUFSw5GlhaDP8d2HVD5',$,'Column Level 04 02','Perimeter column',$,#5165,#5176,$,$);
#5159=IFCMATERIALPROFILESETUSAGE(#285,$,$);
#5160=IFCRELASSOCIATESMATERIAL('1EPe_O9IzUVw5DmLOANdtF',$,$,$,(#5158),#5159);
#5161=IFCCARTESIANPOINT((-30.133925102749135,-4.305960579814782,0.));
#5162=IFCDIRECTION((0.,0.,1.));
#5163=IFCDIRECTION((1.,0.,0.));
#5164=IFCAXIS2PLACEMENT3D(#5161,#5162,#5163);
#5165=IFCLOCALPLACEMENT(#106,#5164);
#5166=IFCCARTESIANPOINTLIST2D(((0.,0.),(0.65,0.),(0.65,0.65),(0.,0.65)));
#5167=IFCINDEXEDPOLYCURVE(#5166,(IFCLINEINDEX((1,2,3,4,1))),$);
#5168=IFCARBITRARYCLOSEDPROFILEDEF(.AREA.,$,#5167);
#5169=IFCCARTESIANPOINT((0.,0.,0.));
#5170=IFCDIRECTION((0.,0.,1.));
#5171=IFCDIRECTION((1.,0.,0.));
#5172=IFCAXIS2PLACEMENT3D(#5169,#5170,#5171);
#5173=IFCDIRECTION((0.,0.,1.));
#5174=IFCEXTRUDEDAREASOLID(#5168,#5172,#5173,3.2300000000000004);
#5175=IFCSHAPEREPRESENTATION(#11,'Body','SweptSolid',(#5174));
#5176=IFCPRODUCTDEFINITIONSHAPE($,$,(#5175));
#5177=IFCCOLUMN('0nc1W_M59Sq9zwvY1MF3QL',$,'Column Level 04 03','Perimeter column',$,#5184,#5195,$,$);
#5178=IFCMATERIALPROFILESETUSAGE(#285,$,$);
#5179=IFCRELASSOCIATESMATERIAL('1CGZBlzIPQj9fmsvO8YzSa',$,$,$,(#5177),#5178);
#5180=IFCCARTESIANPOINT((-39.03585020549828,-2.9809211596295637,0.));
#5181=IFCDIRECTION((0.,0.,1.));
#5182=IFCDIRECTION((1.,0.,0.));
#5183=IFCAXIS2PLACEMENT3D(#5180,#5181,#5182);
#5184=IFCLOCALPLACEMENT(#106,#5183);
#5185=IFCCARTESIANPOINTLIST2D(((0.,0.),(0.65,0.),(0.65,0.65),(0.,0.65)));
#5186=IFCINDEXEDPOLYCURVE(#5185,(IFCLINEINDEX((1,2,3,4,1))),$);
#5187=IFCARBITRARYCLOSEDPROFILEDEF(.AREA.,$,#5186);
#5188=IFCCARTESIANPOINT((0.,0.,0.));
#5189=IFCDIRECTION((0.,0.,1.));
#5190=IFCDIRECTION((1.,0.,0.));
#5191=IFCAXIS2PLACEMENT3D(#5188,#5189,#5190);
#5192=IFCDIRECTION((0.,0.,1.));
#5193=IFCEXTRUDEDAREASOLID(#5187,#5191,#5192,3.2300000000000004);
#5194=IFCSHAPEREPRESENTATION(#11,'Body','SweptSolid',(#5193));
#5195=IFCPRODUCTDEFINITIONSHAPE($,$,(#5194));
#5196=IFCCOLUMN('2FGLT$U89M0xBMfZ_Cxrxv',$,'Column Level 04 04','Perimeter column',$,#5203,#5214,$,$);
#5197=IFCMATERIALPROFILESETUSAGE(#285,$,$);
#5198=IFCRELASSOCIATESMATERIAL('0_YNacL45LJxJcPhjDRjm8',$,$,$,(#5196),#5197);
#5199=IFCCARTESIANPOINT((-47.93777530824741,-1.655881739444345,0.));
#5200=IFCDIRECTION((0.,0.,1.));
#5201=IFCDIRECTION((1.,0.,0.));
#5202=IFCAXIS2PLACEMENT3D(#5199,#5200,#5201);
#5203=IFCLOCALPLACEMENT(#106,#5202);
#5204=IFCCARTESIANPOINTLIST2D(((0.,0.),(0.65,0.),(0.65,0.65),(0.,0.65)));
#5205=IFCINDEXEDPOLYCURVE(#5204,(IFCLINEINDEX((1,2,3,4,1))),$);
#5206=IFCARBITRARYCLOSEDPROFILEDEF(.AREA.,$,#5205);
#5207=IFCCARTESIANPOINT((0.,0.,0.));
#5208=IFCDIRECTION((0.,0.,1.));
#5209=IFCDIRECTION((1.,0.,0.));
#5210=IFCAXIS2PLACEMENT3D(#5207,#5208,#5209);
#5211=IFCDIRECTION((0.,0.,1.));
#5212=IFCEXTRUDEDAREASOLID(#5206,#5210,#5211,3.2300000000000004);
#5213=IFCSHAPEREPRESENTATION(#11,'Body','SweptSolid',(#5212));
#5214=IFCPRODUCTDEFINITIONSHAPE($,$,(#5213));
#5215=IFCCOLUMN('3FSlm35ivHCveSELMacxkr',$,'Column Level 04 05','Perimeter column',$,#5222,#5233,$,$);
#5216=IFCMATERIALPROFILESETUSAGE(#285,$,$);
#5217=IFCRELASSOCIATESMATERIAL('382RexMQ1GzRBCYmyZMqPh',$,$,$,(#5215),#5216);
#5218=IFCCARTESIANPOINT((-56.31413597315374,-1.0281075860872353,0.));
#5219=IFCDIRECTION((0.,0.,1.));
#5220=IFCDIRECTION((1.,0.,0.));
#5221=IFCAXIS2PLACEMENT3D(#5218,#5219,#5220);
#5222=IFCLOCALPLACEMENT(#106,#5221);
#5223=IFCCARTESIANPOINTLIST2D(((0.,0.),(0.65,0.),(0.65,0.65),(0.,0.65)));
#5224=IFCINDEXEDPOLYCURVE(#5223,(IFCLINEINDEX((1,2,3,4,1))),$);
#5225=IFCARBITRARYCLOSEDPROFILEDEF(.AREA.,$,#5224);
#5226=IFCCARTESIANPOINT((0.,0.,0.));
#5227=IFCDIRECTION((0.,0.,1.));
#5228=IFCDIRECTION((1.,0.,0.));
#5229=IFCAXIS2PLACEMENT3D(#5226,#5227,#5228);
#5230=IFCDIRECTION((0.,0.,1.));
#5231=IFCEXTRUDEDAREASOLID(#5225,#5229,#5230,3.2300000000000004);
#5232=IFCSHAPEREPRESENTATION(#11,'Body','SweptSolid',(#5231));
#5233=IFCPRODUCTDEFINITIONSHAPE($,$,(#5232));
#5234=IFCCOLUMN('2tspprJ81Vdxj276_BOaN_',$,'Column Level 04 06','Perimeter column',$,#5241,#5252,$,$);
#5235=IFCMATERIALPROFILESETUSAGE(#285,$,$);
#5236=IFCRELASSOCIATESMATERIAL('2Dew3TuobMDQ8t0ai_pQrx',$,$,$,(#5234),#5235);
#5237=IFCCARTESIANPOINT((-57.49188724771004,-9.950713816067408,0.));
#5238=IFCDIRECTION((0.,0.,1.));
#5239=IFCDIRECTION((1.,0.,0.));
#5240=IFCAXIS2PLACEMENT3D(#5237,#5238,#5239);
#5241=IFCLOCALPLACEMENT(#106,#5240);
#5242=IFCCARTESIANPOINTLIST2D(((0.,0.),(0.65,0.),(0.65,0.65),(0.,0.65)));
#5243=IFCINDEXEDPOLYCURVE(#5242,(IFCLINEINDEX((1,2,3,4,1))),$);
#5244=IFCARBITRARYCLOSEDPROFILEDEF(.AREA.,$,#5243);
#5245=IFCCARTESIANPOINT((0.,0.,0.));
#5246=IFCDIRECTION((0.,0.,1.));
#5247=IFCDIRECTION((1.,0.,0.));
#5248=IFCAXIS2PLACEMENT3D(#5245,#5246,#5247);
#5249=IFCDIRECTION((0.,0.,1.));
#5250=IFCEXTRUDEDAREASOLID(#5244,#5248,#5249,3.2300000000000004);
#5251=IFCSHAPEREPRESENTATION(#11,'Body','SweptSolid',(#5250));
#5252=IFCPRODUCTDEFINITIONSHAPE($,$,(#5251));
#5253=IFCCOLUMN('1ZrIK9wLfQs8CqjiyBCLNV',$,'Column Level 04 07','Perimeter column',$,#5260,#5271,$,$);
#5254=IFCMATERIALPROFILESETUSAGE(#285,$,$);
#5255=IFCRELASSOCIATESMATERIAL('2_LIPDoILI9AnL3gGwemU_',$,$,$,(#5253),#5254);
#5256=IFCCARTESIANPOINT((-58.66963852226635,-18.87332004604758,0.));
#5257=IFCDIRECTION((0.,0.,1.));
#5258=IFCDIRECTION((1.,0.,0.));
#5259=IFCAXIS2PLACEMENT3D(#5256,#5257,#5258);
#5260=IFCLOCALPLACEMENT(#106,#5259);
#5261=IFCCARTESIANPOINTLIST2D(((0.,0.),(0.65,0.),(0.65,0.65),(0.,0.65)));
#5262=IFCINDEXEDPOLYCURVE(#5261,(IFCLINEINDEX((1,2,3,4,1))),$);
#5263=IFCARBITRARYCLOSEDPROFILEDEF(.AREA.,$,#5262);
#5264=IFCCARTESIANPOINT((0.,0.,0.));
#5265=IFCDIRECTION((0.,0.,1.));
#5266=IFCDIRECTION((1.,0.,0.));
#5267=IFCAXIS2PLACEMENT3D(#5264,#5265,#5266);
#5268=IFCDIRECTION((0.,0.,1.));
#5269=IFCEXTRUDEDAREASOLID(#5263,#5267,#5268,3.2300000000000004);
#5270=IFCSHAPEREPRESENTATION(#11,'Body','SweptSolid',(#5269));
#5271=IFCPRODUCTDEFINITIONSHAPE($,$,(#5270));
#5272=IFCCOLUMN('1_dlXZaiDSGx0j0vQkfns3',$,'Column Level 04 08','Perimeter column',$,#5279,#5290,$,$);
#5273=IFCMATERIALPROFILESETUSAGE(#285,$,$);
#5274=IFCRELASSOCIATESMATERIAL('04LwzsfjXRDxiAOVM9oJqJ',$,$,$,(#5272),#5273);
#5275=IFCCARTESIANPOINT((-59.84738979682265,-27.795926276027757,0.));
#5276=IFCDIRECTION((0.,0.,1.));
#5277=IFCDIRECTION((1.,0.,0.));
#5278=IFCAXIS2PLACEMENT3D(#5275,#5276,#5277);
#5279=IFCLOCALPLACEMENT(#106,#5278);
#5280=IFCCARTESIANPOINTLIST2D(((0.,0.),(0.65,0.),(0.65,0.65),(0.,0.65)));
#5281=IFCINDEXEDPOLYCURVE(#5280,(IFCLINEINDEX((1,2,3,4,1))),$);
#5282=IFCARBITRARYCLOSEDPROFILEDEF(.AREA.,$,#5281);
#5283=IFCCARTESIANPOINT((0.,0.,0.));
#5284=IFCDIRECTION((0.,0.,1.));
#5285=IFCDIRECTION((1.,0.,0.));
#5286=IFCAXIS2PLACEMENT3D(#5283,#5284,#5285);
#5287=IFCDIRECTION((0.,0.,1.));
#5288=IFCEXTRUDEDAREASOLID(#5282,#5286,#5287,3.2300000000000004);
#5289=IFCSHAPEREPRESENTATION(#11,'Body','SweptSolid',(#5288));
#5290=IFCPRODUCTDEFINITIONSHAPE($,$,(#5289));
#5291=IFCCOLUMN('37$QLxRwTPGf2KMKbIOxWB',$,'Column Level 04 09','Perimeter column',$,#5298,#5309,$,$);
#5292=IFCMATERIALPROFILESETUSAGE(#285,$,$);
#5293=IFCRELASSOCIATESMATERIAL('1Sp_Dyev1UlBlqkmdHh6Sc',$,$,$,(#5291),#5292);
#5294=IFCCARTESIANPOINT((-61.025141071378954,-36.718532506007925,0.));
#5295=IFCDIRECTION((0.,0.,1.));
#5296=IFCDIRECTION((1.,0.,0.));
#5297=IFCAXIS2PLACEMENT3D(#5294,#5295,#5296);
#5298=IFCLOCALPLACEMENT(#106,#5297);
#5299=IFCCARTESIANPOINTLIST2D(((0.,0.),(0.65,0.),(0.65,0.65),(0.,0.65)));
#5300=IFCINDEXEDPOLYCURVE(#5299,(IFCLINEINDEX((1,2,3,4,1))),$);
#5301=IFCARBITRARYCLOSEDPROFILEDEF(.AREA.,$,#5300);
#5302=IFCCARTESIANPOINT((0.,0.,0.));
#5303=IFCDIRECTION((0.,0.,1.));
#5304=IFCDIRECTION((1.,0.,0.));
#5305=IFCAXIS2PLACEMENT3D(#5302,#5303,#5304);
#5306=IFCDIRECTION((0.,0.,1.));
#5307=IFCEXTRUDEDAREASOLID(#5301,#5305,#5306,3.2300000000000004);
#5308=IFCSHAPEREPRESENTATION(#11,'Body','SweptSolid',(#5307));
#5309=IFCPRODUCTDEFINITIONSHAPE($,$,(#5308));
#5310=IFCCOLUMN('20iZM_CX1V6uJq1tTqIdY_',$,'Column Level 04 10','Perimeter column',$,#5317,#5328,$,$);
#5311=IFCMATERIALPROFILESETUSAGE(#285,$,$);
#5312=IFCRELASSOCIATESMATERIAL('0ilKIS6NvGXg0fQZsH6OQV',$,$,$,(#5310),#5311);
#5313=IFCCARTESIANPOINT((-54.177603645161504,-39.36714966508072,0.));
#5314=IFCDIRECTION((0.,0.,1.));
#5315=IFCDIRECTION((1.,0.,0.));
#5316=IFCAXIS2PLACEMENT3D(#5313,#5314,#5315);
#5317=IFCLOCALPLACEMENT(#106,#5316);
#5318=IFCCARTESIANPOINTLIST2D(((0.,0.),(0.65,0.),(0.65,0.65),(0.,0.65)));
#5319=IFCINDEXEDPOLYCURVE(#5318,(IFCLINEINDEX((1,2,3,4,1))),$);
#5320=IFCARBITRARYCLOSEDPROFILEDEF(.AREA.,$,#5319);
#5321=IFCCARTESIANPOINT((0.,0.,0.));
#5322=IFCDIRECTION((0.,0.,1.));
#5323=IFCDIRECTION((1.,0.,0.));
#5324=IFCAXIS2PLACEMENT3D(#5321,#5322,#5323);
#5325=IFCDIRECTION((0.,0.,1.));
#5326=IFCEXTRUDEDAREASOLID(#5320,#5324,#5325,3.2300000000000004);
#5327=IFCSHAPEREPRESENTATION(#11,'Body','SweptSolid',(#5326));
#5328=IFCPRODUCTDEFINITIONSHAPE($,$,(#5327));
#5329=IFCCOLUMN('3jepDaSlfNO9b$jfphp5B2',$,'Column Level 04 11','Perimeter column',$,#5336,#5347,$,$);
#5330=IFCMATERIALPROFILESETUSAGE(#285,$,$);
#5331=IFCRELASSOCIATESMATERIAL('3ZlDDt5x9SsvlgilQtf$om',$,$,$,(#5329),#5330);
#5332=IFCCARTESIANPOINT((-45.23449459019765,-40.377496353610695,0.));
#5333=IFCDIRECTION((0.,0.,1.));
#5334=IFCDIRECTION((1.,0.,0.));
#5335=IFCAXIS2PLACEMENT3D(#5332,#5333,#5334);
#5336=IFCLOCALPLACEMENT(#106,#5335);
#5337=IFCCARTESIANPOINTLIST2D(((0.,0.),(0.65,0.),(0.65,0.65),(0.,0.65)));
#5338=IFCINDEXEDPOLYCURVE(#5337,(IFCLINEINDEX((1,2,3,4,1))),$);
#5339=IFCARBITRARYCLOSEDPROFILEDEF(.AREA.,$,#5338);
#5340=IFCCARTESIANPOINT((0.,0.,0.));
#5341=IFCDIRECTION((0.,0.,1.));
#5342=IFCDIRECTION((1.,0.,0.));
#5343=IFCAXIS2PLACEMENT3D(#5340,#5341,#5342);
#5344=IFCDIRECTION((0.,0.,1.));
#5345=IFCEXTRUDEDAREASOLID(#5339,#5343,#5344,3.2300000000000004);
#5346=IFCSHAPEREPRESENTATION(#11,'Body','SweptSolid',(#5345));
#5347=IFCPRODUCTDEFINITIONSHAPE($,$,(#5346));
#5348=IFCCOLUMN('3SoaMILqfNIxAHb1NXg_ei',$,'Column Level 04 12','Perimeter column',$,#5355,#5366,$,$);
#5349=IFCMATERIALPROFILESETUSAGE(#285,$,$);
#5350=IFCRELASSOCIATESMATERIAL('1HboEzdBTUtggOP5yRDIfT',$,$,$,(#5348),#5349);
#5351=IFCCARTESIANPOINT((-36.2913855352338,-41.38784304214067,0.));
#5352=IFCDIRECTION((0.,0.,1.));
#5353=IFCDIRECTION((1.,0.,0.));
#5354=IFCAXIS2PLACEMENT3D(#5351,#5352,#5353);
#5355=IFCLOCALPLACEMENT(#106,#5354);
#5356=IFCCARTESIANPOINTLIST2D(((0.,0.),(0.65,0.),(0.65,0.65),(0.,0.65)));
#5357=IFCINDEXEDPOLYCURVE(#5356,(IFCLINEINDEX((1,2,3,4,1))),$);
#5358=IFCARBITRARYCLOSEDPROFILEDEF(.AREA.,$,#5357);
#5359=IFCCARTESIANPOINT((0.,0.,0.));
#5360=IFCDIRECTION((0.,0.,1.));
#5361=IFCDIRECTION((1.,0.,0.));
#5362=IFCAXIS2PLACEMENT3D(#5359,#5360,#5361);
#5363=IFCDIRECTION((0.,0.,1.));
#5364=IFCEXTRUDEDAREASOLID(#5358,#5362,#5363,3.2300000000000004);
#5365=IFCSHAPEREPRESENTATION(#11,'Body','SweptSolid',(#5364));
#5366=IFCPRODUCTDEFINITIONSHAPE($,$,(#5365));
#5367=IFCCOLUMN('3AOECuChrIXRu5vV6V2Iew',$,'Column Level 04 13','Perimeter column',$,#5374,#5385,$,$);
#5368=IFCMATERIALPROFILESETUSAGE(#285,$,$);
#5369=IFCRELASSOCIATESMATERIAL('2234z35$HGaxDWPuXw8YZO',$,$,$,(#5367),#5368);
#5370=IFCCARTESIANPOINT((-27.348276480269934,-42.39818973067065,0.));
#5371=IFCDIRECTION((0.,0.,1.));
#5372=IFCDIRECTION((1.,0.,0.));
#5373=IFCAXIS2PLACEMENT3D(#5370,#5371,#5372);
#5374=IFCLOCALPLACEMENT(#106,#5373);
#5375=IFCCARTESIANPOINTLIST2D(((0.,0.),(0.65,0.),(0.65,0.65),(0.,0.65)));
#5376=IFCINDEXEDPOLYCURVE(#5375,(IFCLINEINDEX((1,2,3,4,1))),$);
#5377=IFCARBITRARYCLOSEDPROFILEDEF(.AREA.,$,#5376);
#5378=IFCCARTESIANPOINT((0.,0.,0.));
#5379=IFCDIRECTION((0.,0.,1.));
#5380=IFCDIRECTION((1.,0.,0.));
#5381=IFCAXIS2PLACEMENT3D(#5378,#5379,#5380);
#5382=IFCDIRECTION((0.,0.,1.));
#5383=IFCEXTRUDEDAREASOLID(#5377,#5381,#5382,3.2300000000000004);
#5384=IFCSHAPEREPRESENTATION(#11,'Body','SweptSolid',(#5383));
#5385=IFCPRODUCTDEFINITIONSHAPE($,$,(#5384));
#5386=IFCCOLUMN('1DrFkCdjLJkv2h9cbXScbO',$,'Column Level 04 14','Perimeter column',$,#5393,#5404,$,$);
#5387=IFCMATERIALPROFILESETUSAGE(#285,$,$);
#5388=IFCRELASSOCIATESMATERIAL('1Uz0uZCOPGW8S$rypFhW9V',$,$,$,(#5386),#5387);
#5389=IFCCARTESIANPOINT((-25.404755621910812,-35.17729378299283,0.));
#5390=IFCDIRECTION((0.,0.,1.));
#5391=IFCDIRECTION((1.,0.,0.));
#5392=IFCAXIS2PLACEMENT3D(#5389,#5390,#5391);
#5393=IFCLOCALPLACEMENT(#106,#5392);
#5394=IFCCARTESIANPOINTLIST2D(((0.,0.),(0.65,0.),(0.65,0.65),(0.,0.65)));
#5395=IFCINDEXEDPOLYCURVE(#5394,(IFCLINEINDEX((1,2,3,4,1))),$);
#5396=IFCARBITRARYCLOSEDPROFILEDEF(.AREA.,$,#5395);
#5397=IFCCARTESIANPOINT((0.,0.,0.));
#5398=IFCDIRECTION((0.,0.,1.));
#5399=IFCDIRECTION((1.,0.,0.));
#5400=IFCAXIS2PLACEMENT3D(#5397,#5398,#5399);
#5401=IFCDIRECTION((0.,0.,1.));
#5402=IFCEXTRUDEDAREASOLID(#5396,#5400,#5401,3.2300000000000004);
#5403=IFCSHAPEREPRESENTATION(#11,'Body','SweptSolid',(#5402));
#5404=IFCPRODUCTDEFINITIONSHAPE($,$,(#5403));
#5405=IFCCOLUMN('3MiL4UCQ9IgALBlnaZsC5j',$,'Column Level 04 15','Perimeter column',$,#5412,#5423,$,$);
#5406=IFCMATERIALPROFILESETUSAGE(#285,$,$);
#5407=IFCRELASSOCIATESMATERIAL('1SmBdjkKTLjOshff$Gn_$s',$,$,$,(#5405),#5406);
#5408=IFCCARTESIANPOINT((-22.200590100928146,-34.48681531398213,0.));
#5409=IFCDIRECTION((0.,0.,1.));
#5410=IFCDIRECTION((1.,0.,0.));
#5411=IFCAXIS2PLACEMENT3D(#5408,#5409,#5410);
#5412=IFCLOCALPLACEMENT(#106,#5411);
#5413=IFCCARTESIANPOINTLIST2D(((0.,0.),(0.65,0.),(0.65,0.65),(0.,0.65)));
#5414=IFCINDEXEDPOLYCURVE(#5413,(IFCLINEINDEX((1,2,3,4,1))),$);
#5415=IFCARBITRARYCLOSEDPROFILEDEF(.AREA.,$,#5414);
#5416=IFCCARTESIANPOINT((0.,0.,0.));
#5417=IFCDIRECTION((0.,0.,1.));
#5418=IFCDIRECTION((1.,0.,0.));
#5419=IFCAXIS2PLACEMENT3D(#5416,#5417,#5418);
#5420=IFCDIRECTION((0.,0.,1.));
#5421=IFCEXTRUDEDAREASOLID(#5415,#5419,#5420,3.2300000000000004);
#5422=IFCSHAPEREPRESENTATION(#11,'Body','SweptSolid',(#5421));
#5423=IFCPRODUCTDEFINITIONSHAPE($,$,(#5422));
#5424=IFCCOLUMN('11CdU7tmDOmuOz6Dtvs7$x',$,'Column Level 04 16','Perimeter column',$,#5431,#5442,$,$);
#5425=IFCMATERIALPROFILESETUSAGE(#285,$,$);
#5426=IFCRELASSOCIATESMATERIAL('2EyTpLQ3XK59Kt5XkfVogL',$,$,$,(#5424),#5425);
#5427=IFCCARTESIANPOINT((-13.439243424149126,-36.522104378464185,0.));
#5428=IFCDIRECTION((0.,0.,1.));
#5429=IFCDIRECTION((1.,0.,0.));
#5430=IFCAXIS2PLACEMENT3D(#5427,#5428,#5429);
#5431=IFCLOCALPLACEMENT(#106,#5430);
#5432=IFCCARTESIANPOINTLIST2D(((0.,0.),(0.65,0.),(0.65,0.65),(0.,0.65)));
#5433=IFCINDEXEDPOLYCURVE(#5432,(IFCLINEINDEX((1,2,3,4,1))),$);
#5434=IFCARBITRARYCLOSEDPROFILEDEF(.AREA.,$,#5433);
#5435=IFCCARTESIANPOINT((0.,0.,0.));
#5436=IFCDIRECTION((0.,0.,1.));
#5437=IFCDIRECTION((1.,0.,0.));
#5438=IFCAXIS2PLACEMENT3D(#5435,#5436,#5437);
#5439=IFCDIRECTION((0.,0.,1.));
#5440=IFCEXTRUDEDAREASOLID(#5434,#5438,#5439,3.2300000000000004);
#5441=IFCSHAPEREPRESENTATION(#11,'Body','SweptSolid',(#5440));
#5442=IFCPRODUCTDEFINITIONSHAPE($,$,(#5441));
#5443=IFCCOLUMN('30_WBboY1OhQV_rRQ8HBtJ',$,'Column Level 04 17','Perimeter column',$,#5450,#5461,$,$);
#5444=IFCMATERIALPROFILESETUSAGE(#285,$,$);
#5445=IFCRELASSOCIATESMATERIAL('0RU8RiS1nGQhe2hOSc$Dnn',$,$,$,(#5443),#5444);
#5446=IFCCARTESIANPOINT((-4.545394451908076,-37.76222722591396,0.));
#5447=IFCDIRECTION((0.,0.,1.));
#5448=IFCDIRECTION((1.,0.,0.));
#5449=IFCAXIS2PLACEMENT3D(#5446,#5447,#5448);
#5450=IFCLOCALPLACEMENT(#106,#5449);
#5451=IFCCARTESIANPOINTLIST2D(((0.,0.),(0.65,0.),(0.65,0.65),(0.,0.65)));
#5452=IFCINDEXEDPOLYCURVE(#5451,(IFCLINEINDEX((1,2,3,4,1))),$);
#5453=IFCARBITRARYCLOSEDPROFILEDEF(.AREA.,$,#5452);
#5454=IFCCARTESIANPOINT((0.,0.,0.));
#5455=IFCDIRECTION((0.,0.,1.));
#5456=IFCDIRECTION((1.,0.,0.));
#5457=IFCAXIS2PLACEMENT3D(#5454,#5455,#5456);
#5458=IFCDIRECTION((0.,0.,1.));
#5459=IFCEXTRUDEDAREASOLID(#5453,#5457,#5458,3.2300000000000004);
#5460=IFCSHAPEREPRESENTATION(#11,'Body','SweptSolid',(#5459));
#5461=IFCPRODUCTDEFINITIONSHAPE($,$,(#5460));
#5462=IFCCOLUMN('0Q7emYvYrMYxnP7aK6CgZh',$,'Column Level 04 18','Perimeter column',$,#5469,#5480,$,$);
#5463=IFCMATERIALPROFILESETUSAGE(#285,$,$);
#5464=IFCRELASSOCIATESMATERIAL('0qpvd28TPTHR7jFFB5uqvF',$,$,$,(#5462),#5463);
#5465=IFCCARTESIANPOINT((4.427940175184841,-38.30711799648727,0.));
#5466=IFCDIRECTION((0.,0.,1.));
#5467=IFCDIRECTION((1.,0.,0.));
#5468=IFCAXIS2PLACEMENT3D(#5465,#5466,#5467);
#5469=IFCLOCALPLACEMENT(#106,#5468);
#5470=IFCCARTESIANPOINTLIST2D(((0.,0.),(0.65,0.),(0.65,0.65),(0.,0.65)));
#5471=IFCINDEXEDPOLYCURVE(#5470,(IFCLINEINDEX((1,2,3,4,1))),$);
#5472=IFCARBITRARYCLOSEDPROFILEDEF(.AREA.,$,#5471);
#5473=IFCCARTESIANPOINT((0.,0.,0.));
#5474=IFCDIRECTION((0.,0.,1.));
#5475=IFCDIRECTION((1.,0.,0.));
#5476=IFCAXIS2PLACEMENT3D(#5473,#5474,#5475);
#5477=IFCDIRECTION((0.,0.,1.));
#5478=IFCEXTRUDEDAREASOLID(#5472,#5476,#5477,3.2300000000000004);
#5479=IFCSHAPEREPRESENTATION(#11,'Body','SweptSolid',(#5478));
#5480=IFCPRODUCTDEFINITIONSHAPE($,$,(#5479));
#5481=IFCCOLUMN('1VL24iOrfOOvc$BEEL8rgZ',$,'Column Level 04 19','Perimeter column',$,#5488,#5499,$,$);
#5482=IFCMATERIALPROFILESETUSAGE(#285,$,$);
#5483=IFCRELASSOCIATESMATERIAL('2T8_oZLSnT4Ob36eEO2O5i',$,$,$,(#5481),#5482);
#5484=IFCCARTESIANPOINT((13.388195667723409,-37.46223841427898,0.));
#5485=IFCDIRECTION((0.,0.,1.));
#5486=IFCDIRECTION((1.,0.,0.));
#5487=IFCAXIS2PLACEMENT3D(#5484,#5485,#5486);
#5488=IFCLOCALPLACEMENT(#106,#5487);
#5489=IFCCARTESIANPOINTLIST2D(((0.,0.),(0.65,0.),(0.65,0.65),(0.,0.65)));
#5490=IFCINDEXEDPOLYCURVE(#5489,(IFCLINEINDEX((1,2,3,4,1))),$);
#5491=IFCARBITRARYCLOSEDPROFILEDEF(.AREA.,$,#5490);
#5492=IFCCARTESIANPOINT((0.,0.,0.));
#5493=IFCDIRECTION((0.,0.,1.));
#5494=IFCDIRECTION((1.,0.,0.));
#5495=IFCAXIS2PLACEMENT3D(#5492,#5493,#5494);
#5496=IFCDIRECTION((0.,0.,1.));
#5497=IFCEXTRUDEDAREASOLID(#5491,#5495,#5496,3.2300000000000004);
#5498=IFCSHAPEREPRESENTATION(#11,'Body','SweptSolid',(#5497));
#5499=IFCPRODUCTDEFINITIONSHAPE($,$,(#5498));
#5500=IFCCOLUMN('2HXWbnL2zUJwm0URoSTcZi',$,'Column Level 04 20','Perimeter column',$,#5507,#5518,$,$);
#5501=IFCMATERIALPROFILESETUSAGE(#285,$,$);
#5502=IFCRELASSOCIATESMATERIAL('2rt1mRDhnUWu9$NOEL4cGi',$,$,$,(#5500),#5501);
#5503=IFCCARTESIANPOINT((15.161778720391407,-31.57934161893118,0.));
#5504=IFCDIRECTION((0.,0.,1.));
#5505=IFCDIRECTION((1.,0.,0.));
#5506=IFCAXIS2PLACEMENT3D(#5503,#5504,#5505);
#5507=IFCLOCALPLACEMENT(#106,#5506);
#5508=IFCCARTESIANPOINTLIST2D(((0.,0.),(0.65,0.),(0.65,0.65),(0.,0.65)));
#5509=IFCINDEXEDPOLYCURVE(#5508,(IFCLINEINDEX((1,2,3,4,1))),$);
#5510=IFCARBITRARYCLOSEDPROFILEDEF(.AREA.,$,#5509);
#5511=IFCCARTESIANPOINT((0.,0.,0.));
#5512=IFCDIRECTION((0.,0.,1.));
#5513=IFCDIRECTION((1.,0.,0.));
#5514=IFCAXIS2PLACEMENT3D(#5511,#5512,#5513);
#5515=IFCDIRECTION((0.,0.,1.));
#5516=IFCEXTRUDEDAREASOLID(#5510,#5514,#5515,3.2300000000000004);
#5517=IFCSHAPEREPRESENTATION(#11,'Body','SweptSolid',(#5516));
#5518=IFCPRODUCTDEFINITIONSHAPE($,$,(#5517));
#5519=IFCCOLUMN('0tFxfBNcjU0vlpciTZI6Q$',$,'Column Level 04 21','Perimeter column',$,#5526,#5537,$,$);
#5520=IFCMATERIALPROFILESETUSAGE(#285,$,$);
#5521=IFCRELASSOCIATESMATERIAL('3YN9mR5b1VcOBGxvMhkQQX',$,$,$,(#5519),#5520);
#5522=IFCCARTESIANPOINT((15.723828125177814,-25.101135923885522,0.));
#5523=IFCDIRECTION((0.,0.,1.));
#5524=IFCDIRECTION((1.,0.,0.));
#5525=IFCAXIS2PLACEMENT3D(#5522,#5523,#5524);
#5526=IFCLOCALPLACEMENT(#106,#5525);
#5527=IFCCARTESIANPOINTLIST2D(((0.,0.),(0.65,0.),(0.65,0.65),(0.,0.65)));
#5528=IFCINDEXEDPOLYCURVE(#5527,(IFCLINEINDEX((1,2,3,4,1))),$);
#5529=IFCARBITRARYCLOSEDPROFILEDEF(.AREA.,$,#5528);
#5530=IFCCARTESIANPOINT((0.,0.,0.));
#5531=IFCDIRECTION((0.,0.,1.));
#5532=IFCDIRECTION((1.,0.,0.));
#5533=IFCAXIS2PLACEMENT3D(#5530,#5531,#5532);
#5534=IFCDIRECTION((0.,0.,1.));
#5535=IFCEXTRUDEDAREASOLID(#5529,#5533,#5534,3.2300000000000004);
#5536=IFCSHAPEREPRESENTATION(#11,'Body','SweptSolid',(#5535));
#5537=IFCPRODUCTDEFINITIONSHAPE($,$,(#5536));
#5538=IFCCOLUMN('2vrC4zPwnK38ygH_$7S5XX',$,'Column Level 04 22','Perimeter column',$,#5545,#5556,$,$);
#5539=IFCMATERIALPROFILESETUSAGE(#285,$,$);
#5540=IFCRELASSOCIATESMATERIAL('1XHK7kV6LHP90O4fVNIzDB',$,$,$,(#5538),#5539);
#5541=IFCCARTESIANPOINT((9.826551131201827,-20.65912323291089,0.));
#5542=IFCDIRECTION((0.,0.,1.));
#5543=IFCDIRECTION((1.,0.,0.));
#5544=IFCAXIS2PLACEMENT3D(#5541,#5542,#5543);
#5545=IFCLOCALPLACEMENT(#106,#5544);
#5546=IFCCARTESIANPOINTLIST2D(((0.,0.),(0.65,0.),(0.65,0.65),(0.,0.65)));
#5547=IFCINDEXEDPOLYCURVE(#5546,(IFCLINEINDEX((1,2,3,4,1))),$);
#5548=IFCARBITRARYCLOSEDPROFILEDEF(.AREA.,$,#5547);
#5549=IFCCARTESIANPOINT((0.,0.,0.));
#5550=IFCDIRECTION((0.,0.,1.));
#5551=IFCDIRECTION((1.,0.,0.));
#5552=IFCAXIS2PLACEMENT3D(#5549,#5550,#5551);
#5553=IFCDIRECTION((0.,0.,1.));
#5554=IFCEXTRUDEDAREASOLID(#5548,#5552,#5553,3.2300000000000004);
#5555=IFCSHAPEREPRESENTATION(#11,'Body','SweptSolid',(#5554));
#5556=IFCPRODUCTDEFINITIONSHAPE($,$,(#5555));
#5557=IFCCOLUMN('3J_sNpeWTQ7w3DpCVT8xQX',$,'Column Level 04 23','Perimeter column',$,#5564,#5575,$,$);
#5558=IFCMATERIALPROFILESETUSAGE(#285,$,$);
#5559=IFCRELASSOCIATESMATERIAL('2qHdkC7hfPRBky1$EhK5CT',$,$,$,(#5557),#5558);
#5560=IFCCARTESIANPOINT((1.188235099988247,-18.19357545936808,0.));
#5561=IFCDIRECTION((0.,0.,1.));
#5562=IFCDIRECTION((1.,0.,0.));
#5563=IFCAXIS2PLACEMENT3D(#5560,#5561,#5562);
#5564=IFCLOCALPLACEMENT(#106,#5563);
#5565=IFCCARTESIANPOINTLIST2D(((0.,0.),(0.65,0.),(0.65,0.65),(0.,0.65)));
#5566=IFCINDEXEDPOLYCURVE(#5565,(IFCLINEINDEX((1,2,3,4,1))),$);
#5567=IFCARBITRARYCLOSEDPROFILEDEF(.AREA.,$,#5566);
#5568=IFCCARTESIANPOINT((0.,0.,0.));
#5569=IFCDIRECTION((0.,0.,1.));
#5570=IFCDIRECTION((1.,0.,0.));
#5571=IFCAXIS2PLACEMENT3D(#5568,#5569,#5570);
#5572=IFCDIRECTION((0.,0.,1.));
#5573=IFCEXTRUDEDAREASOLID(#5567,#5571,#5572,3.2300000000000004);
#5574=IFCSHAPEREPRESENTATION(#11,'Body','SweptSolid',(#5573));
#5575=IFCPRODUCTDEFINITIONSHAPE($,$,(#5574));
#5576=IFCCOLUMN('128e1UWz5UuPItE4atix1O',$,'Column Level 04 24','Perimeter column',$,#5583,#5594,$,$);
#5577=IFCMATERIALPROFILESETUSAGE(#285,$,$);
#5578=IFCRELASSOCIATESMATERIAL('0VccsudwHKiOtXiuTFOR_y',$,$,$,(#5576),#5577);
#5579=IFCCARTESIANPOINT((-7.61540584089006,-16.42969734337086,0.));
#5580=IFCDIRECTION((0.,0.,1.));
#5581=IFCDIRECTION((1.,0.,0.));
#5582=IFCAXIS2PLACEMENT3D(#5579,#5580,#5581);
#5583=IFCLOCALPLACEMENT(#106,#5582);
#5584=IFCCARTESIANPOINTLIST2D(((0.,0.),(0.65,0.),(0.65,0.65),(0.,0.65)));
#5585=IFCINDEXEDPOLYCURVE(#5584,(IFCLINEINDEX((1,2,3,4,1))),$);
#5586=IFCARBITRARYCLOSEDPROFILEDEF(.AREA.,$,#5585);
#5587=IFCCARTESIANPOINT((0.,0.,0.));
#5588=IFCDIRECTION((0.,0.,1.));
#5589=IFCDIRECTION((1.,0.,0.));
#5590=IFCAXIS2PLACEMENT3D(#5587,#5588,#5589);
#5591=IFCDIRECTION((0.,0.,1.));
#5592=IFCEXTRUDEDAREASOLID(#5586,#5590,#5591,3.2300000000000004);
#5593=IFCSHAPEREPRESENTATION(#11,'Body','SweptSolid',(#5592));
#5594=IFCPRODUCTDEFINITIONSHAPE($,$,(#5593));
#5595=IFCCOLUMN('1ksoIefSrJkgtE5xNzDoUb',$,'Column Level 04 25','Perimeter column',$,#5602,#5613,$,$);
#5596=IFCMATERIALPROFILESETUSAGE(#285,$,$);
#5597=IFCRELASSOCIATESMATERIAL('2WvNXc54LS5gLxPSOf0s6g',$,$,$,(#5595),#5596);
#5598=IFCCARTESIANPOINT((-16.56617199637967,-15.489598822075491,0.));
#5599=IFCDIRECTION((0.,0.,1.));
#5600=IFCDIRECTION((1.,0.,0.));
#5601=IFCAXIS2PLACEMENT3D(#5598,#5599,#5600);
#5602=IFCLOCALPLACEMENT(#106,#5601);
#5603=IFCCARTESIANPOINTLIST2D(((0.,0.),(0.65,0.),(0.65,0.65),(0.,0.65)));
#5604=IFCINDEXEDPOLYCURVE(#5603,(IFCLINEINDEX((1,2,3,4,1))),$);
#5605=IFCARBITRARYCLOSEDPROFILEDEF(.AREA.,$,#5604);
#5606=IFCCARTESIANPOINT((0.,0.,0.));
#5607=IFCDIRECTION((0.,0.,1.));
#5608=IFCDIRECTION((1.,0.,0.));
#5609=IFCAXIS2PLACEMENT3D(#5606,#5607,#5608);
#5610=IFCDIRECTION((0.,0.,1.));
#5611=IFCEXTRUDEDAREASOLID(#5605,#5609,#5610,3.2300000000000004);
#5612=IFCSHAPEREPRESENTATION(#11,'Body','SweptSolid',(#5611));
#5613=IFCPRODUCTDEFINITIONSHAPE($,$,(#5612));
#5614=IFCCOLUMN('0iuyrgwQ5GPvAPJXW6e0CI',$,'Column Level 04 26','Perimeter column',$,#5621,#5632,$,$);
#5615=IFCMATERIALPROFILESETUSAGE(#285,$,$);
#5616=IFCRELASSOCIATESMATERIAL('0sZgNPj_rLOh1wOvfImAsl',$,$,$,(#5614),#5615);
#5617=IFCCARTESIANPOINT((-24.664555247992926,-14.614964434421548,0.));
#5618=IFCDIRECTION((0.,0.,1.));
#5619=IFCDIRECTION((1.,0.,0.));
#5620=IFCAXIS2PLACEMENT3D(#5617,#5618,#5619);
#5621=IFCLOCALPLACEMENT(#106,#5620);
#5622=IFCCARTESIANPOINTLIST2D(((0.,0.),(0.65,0.),(0.65,0.65),(0.,0.65)));
#5623=IFCINDEXEDPOLYCURVE(#5622,(IFCLINEINDEX((1,2,3,4,1))),$);
#5624=IFCARBITRARYCLOSEDPROFILEDEF(.AREA.,$,#5623);
#5625=IFCCARTESIANPOINT((0.,0.,0.));
#5626=IFCDIRECTION((0.,0.,1.));
#5627=IFCDIRECTION((1.,0.,0.));
#5628=IFCAXIS2PLACEMENT3D(#5625,#5626,#5627);
#5629=IFCDIRECTION((0.,0.,1.));
#5630=IFCEXTRUDEDAREASOLID(#5624,#5628,#5629,3.2300000000000004);
#5631=IFCSHAPEREPRESENTATION(#11,'Body','SweptSolid',(#5630));
#5632=IFCPRODUCTDEFINITIONSHAPE($,$,(#5631));
#5633=IFCCOLUMN('2HcRymUTjMTwc14yMI5kER',$,'Column Level 04 27','Perimeter column',$,#5640,#5651,$,$);
#5634=IFCMATERIALPROFILESETUSAGE(#285,$,$);
#5635=IFCRELASSOCIATESMATERIAL('217RjTMNPHnOu9l_zc44RO',$,$,$,(#5633),#5634);
#5636=IFCCARTESIANPOINT((-21.48555449470878,-8.107963043689425,0.));
#5637=IFCDIRECTION((0.,0.,1.));
#5638=IFCDIRECTION((1.,0.,0.));
#5639=IFCAXIS2PLACEMENT3D(#5636,#5637,#5638);
#5640=IFCLOCALPLACEMENT(#106,#5639);
#5641=IFCCARTESIANPOINTLIST2D(((0.,0.),(0.65,0.),(0.65,0.65),(0.,0.65)));
#5642=IFCINDEXEDPOLYCURVE(#5641,(IFCLINEINDEX((1,2,3,4,1))),$);
#5643=IFCARBITRARYCLOSEDPROFILEDEF(.AREA.,$,#5642);
#5644=IFCCARTESIANPOINT((0.,0.,0.));
#5645=IFCDIRECTION((0.,0.,1.));
#5646=IFCDIRECTION((1.,0.,0.));
#5647=IFCAXIS2PLACEMENT3D(#5644,#5645,#5646);
#5648=IFCDIRECTION((0.,0.,1.));
#5649=IFCEXTRUDEDAREASOLID(#5643,#5647,#5648,3.2300000000000004);
#5650=IFCSHAPEREPRESENTATION(#11,'Body','SweptSolid',(#5649));
#5651=IFCPRODUCTDEFINITIONSHAPE($,$,(#5650));
#5652=IFCCOLUMN('0IuSuA_j5TvQRqMqCqvBBe',$,'Column Level 05 01','Perimeter column',$,#5659,#5670,$,$);
#5653=IFCMATERIALPROFILESETUSAGE(#285,$,$);
#5654=IFCRELASSOCIATESMATERIAL('058fImYIfQ9AYzHujyC7TB',$,$,$,(#5652),#5653);
#5655=IFCCARTESIANPOINT((-20.887999999999998,-5.59,0.));
#5656=IFCDIRECTION((0.,0.,1.));
#5657=IFCDIRECTION((1.,0.,0.));
#5658=IFCAXIS2PLACEMENT3D(#5655,#5656,#5657);
#5659=IFCLOCALPLACEMENT(#113,#5658);
#5660=IFCCARTESIANPOINTLIST2D(((0.,0.),(0.65,0.),(0.65,0.65),(0.,0.65)));
#5661=IFCINDEXEDPOLYCURVE(#5660,(IFCLINEINDEX((1,2,3,4,1))),$);
#5662=IFCARBITRARYCLOSEDPROFILEDEF(.AREA.,$,#5661);
#5663=IFCCARTESIANPOINT((0.,0.,0.));
#5664=IFCDIRECTION((0.,0.,1.));
#5665=IFCDIRECTION((1.,0.,0.));
#5666=IFCAXIS2PLACEMENT3D(#5663,#5664,#5665);
#5667=IFCDIRECTION((0.,0.,1.));
#5668=IFCEXTRUDEDAREASOLID(#5662,#5666,#5667,3.2300000000000004);
#5669=IFCSHAPEREPRESENTATION(#11,'Body','SweptSolid',(#5668));
#5670=IFCPRODUCTDEFINITIONSHAPE($,$,(#5669));
#5671=IFCCOLUMN('1_Ntb2DTLSURKvUugmHJBu',$,'Column Level 05 02','Perimeter column',$,#5678,#5689,$,$);
#5672=IFCMATERIALPROFILESETUSAGE(#285,$,$);
#5673=IFCRELASSOCIATESMATERIAL('1mkzDMNzvUBhqGJHXIdCqC',$,$,$,(#5671),#5672);
#5674=IFCCARTESIANPOINT((-29.78972726160547,-4.263632117401093,0.));
#5675=IFCDIRECTION((0.,0.,1.));
#5676=IFCDIRECTION((1.,0.,0.));
#5677=IFCAXIS2PLACEMENT3D(#5674,#5675,#5676);
#5678=IFCLOCALPLACEMENT(#113,#5677);
#5679=IFCCARTESIANPOINTLIST2D(((0.,0.),(0.65,0.),(0.65,0.65),(0.,0.65)));
#5680=IFCINDEXEDPOLYCURVE(#5679,(IFCLINEINDEX((1,2,3,4,1))),$);
#5681=IFCARBITRARYCLOSEDPROFILEDEF(.AREA.,$,#5680);
#5682=IFCCARTESIANPOINT((0.,0.,0.));
#5683=IFCDIRECTION((0.,0.,1.));
#5684=IFCDIRECTION((1.,0.,0.));
#5685=IFCAXIS2PLACEMENT3D(#5682,#5683,#5684);
#5686=IFCDIRECTION((0.,0.,1.));
#5687=IFCEXTRUDEDAREASOLID(#5681,#5685,#5686,3.2300000000000004);
#5688=IFCSHAPEREPRESENTATION(#11,'Body','SweptSolid',(#5687));
#5689=IFCPRODUCTDEFINITIONSHAPE($,$,(#5688));
#5690=IFCCOLUMN('3iVKMRZzDK0PH4qdqP7JgZ',$,'Column Level 05 03','Perimeter column',$,#5697,#5708,$,$);
#5691=IFCMATERIALPROFILESETUSAGE(#285,$,$);
#5692=IFCRELASSOCIATESMATERIAL('0$W296AIvN98C4R9t$BWTg',$,$,$,(#5690),#5691);
#5693=IFCCARTESIANPOINT((-38.69145452321095,-2.937264234802186,0.));
#5694=IFCDIRECTION((0.,0.,1.));
#5695=IFCDIRECTION((1.,0.,0.));
#5696=IFCAXIS2PLACEMENT3D(#5693,#5694,#5695);
#5697=IFCLOCALPLACEMENT(#113,#5696);
#5698=IFCCARTESIANPOINTLIST2D(((0.,0.),(0.65,0.),(0.65,0.65),(0.,0.65)));
#5699=IFCINDEXEDPOLYCURVE(#5698,(IFCLINEINDEX((1,2,3,4,1))),$);
#5700=IFCARBITRARYCLOSEDPROFILEDEF(.AREA.,$,#5699);
#5701=IFCCARTESIANPOINT((0.,0.,0.));
#5702=IFCDIRECTION((0.,0.,1.));
#5703=IFCDIRECTION((1.,0.,0.));
#5704=IFCAXIS2PLACEMENT3D(#5701,#5702,#5703);
#5705=IFCDIRECTION((0.,0.,1.));
#5706=IFCEXTRUDEDAREASOLID(#5700,#5704,#5705,3.2300000000000004);
#5707=IFCSHAPEREPRESENTATION(#11,'Body','SweptSolid',(#5706));
#5708=IFCPRODUCTDEFINITIONSHAPE($,$,(#5707));
#5709=IFCCOLUMN('2QryEcJ7DSDfm_GGk5L$1w',$,'Column Level 05 04','Perimeter column',$,#5716,#5727,$,$);
#5710=IFCMATERIALPROFILESETUSAGE(#285,$,$);
#5711=IFCRELASSOCIATESMATERIAL('0XWEdQBjzJkeaeifUheAgO',$,$,$,(#5709),#5710);
#5712=IFCCARTESIANPOINT((-47.59318178481642,-1.6108963522032782,0.));
#5713=IFCDIRECTION((0.,0.,1.));
#5714=IFCDIRECTION((1.,0.,0.));
#5715=IFCAXIS2PLACEMENT3D(#5712,#5713,#5714);
#5716=IFCLOCALPLACEMENT(#113,#5715);
#5717=IFCCARTESIANPOINTLIST2D(((0.,0.),(0.65,0.),(0.65,0.65),(0.,0.65)));
#5718=IFCINDEXEDPOLYCURVE(#5717,(IFCLINEINDEX((1,2,3,4,1))),$);
#5719=IFCARBITRARYCLOSEDPROFILEDEF(.AREA.,$,#5718);
#5720=IFCCARTESIANPOINT((0.,0.,0.));
#5721=IFCDIRECTION((0.,0.,1.));
#5722=IFCDIRECTION((1.,0.,0.));
#5723=IFCAXIS2PLACEMENT3D(#5720,#5721,#5722);
#5724=IFCDIRECTION((0.,0.,1.));
#5725=IFCEXTRUDEDAREASOLID(#5719,#5723,#5724,3.2300000000000004);
#5726=IFCSHAPEREPRESENTATION(#11,'Body','SweptSolid',(#5725));
#5727=IFCPRODUCTDEFINITIONSHAPE($,$,(#5726));
#5728=IFCCOLUMN('07PW0mXiTJMfEtfO0LR952',$,'Column Level 05 05','Perimeter column',$,#5735,#5746,$,$);
#5729=IFCMATERIALPROFILESETUSAGE(#285,$,$);
#5730=IFCRELASSOCIATESMATERIAL('0bTFqVqKbPrx1BOYjmQHUQ',$,$,$,(#5728),#5729);
#5731=IFCCARTESIANPOINT((-55.70018045171035,-1.3390572738393052,0.));
#5732=IFCDIRECTION((0.,0.,1.));
#5733=IFCDIRECTION((1.,0.,0.));
#5734=IFCAXIS2PLACEMENT3D(#5731,#5732,#5733);
#5735=IFCLOCALPLACEMENT(#113,#5734);
#5736=IFCCARTESIANPOINTLIST2D(((0.,0.),(0.65,0.),(0.65,0.65),(0.,0.65)));
#5737=IFCINDEXEDPOLYCURVE(#5736,(IFCLINEINDEX((1,2,3,4,1))),$);
#5738=IFCARBITRARYCLOSEDPROFILEDEF(.AREA.,$,#5737);
#5739=IFCCARTESIANPOINT((0.,0.,0.));
#5740=IFCDIRECTION((0.,0.,1.));
#5741=IFCDIRECTION((1.,0.,0.));
#5742=IFCAXIS2PLACEMENT3D(#5739,#5740,#5741);
#5743=IFCDIRECTION((0.,0.,1.));
#5744=IFCEXTRUDEDAREASOLID(#5738,#5742,#5743,3.2300000000000004);
#5745=IFCSHAPEREPRESENTATION(#11,'Body','SweptSolid',(#5744));
#5746=IFCPRODUCTDEFINITIONSHAPE($,$,(#5745));
#5747=IFCCOLUMN('0zSo9C0H1NWxco06pu7QGR',$,'Column Level 05 06','Perimeter column',$,#5754,#5765,$,$);
#5748=IFCMATERIALPROFILESETUSAGE(#285,$,$);
#5749=IFCRELASSOCIATESMATERIAL('3ZdgNM8X5NTxW0ePcsCIFf',$,$,$,(#5747),#5748);
#5750=IFCCARTESIANPOINT((-56.87793421970493,-10.261663174694423,0.));
#5751=IFCDIRECTION((0.,0.,1.));
#5752=IFCDIRECTION((1.,0.,0.));
#5753=IFCAXIS2PLACEMENT3D(#5750,#5751,#5752);
#5754=IFCLOCALPLACEMENT(#113,#5753);
#5755=IFCCARTESIANPOINTLIST2D(((0.,0.),(0.65,0.),(0.65,0.65),(0.,0.65)));
#5756=IFCINDEXEDPOLYCURVE(#5755,(IFCLINEINDEX((1,2,3,4,1))),$);
#5757=IFCARBITRARYCLOSEDPROFILEDEF(.AREA.,$,#5756);
#5758=IFCCARTESIANPOINT((0.,0.,0.));
#5759=IFCDIRECTION((0.,0.,1.));
#5760=IFCDIRECTION((1.,0.,0.));
#5761=IFCAXIS2PLACEMENT3D(#5758,#5759,#5760);
#5762=IFCDIRECTION((0.,0.,1.));
#5763=IFCEXTRUDEDAREASOLID(#5757,#5761,#5762,3.2300000000000004);
#5764=IFCSHAPEREPRESENTATION(#11,'Body','SweptSolid',(#5763));
#5765=IFCPRODUCTDEFINITIONSHAPE($,$,(#5764));
#5766=IFCCOLUMN('0bBlBVhF1Tdg2oW5kp77Jm',$,'Column Level 05 07','Perimeter column',$,#5773,#5784,$,$);
#5767=IFCMATERIALPROFILESETUSAGE(#285,$,$);
#5768=IFCRELASSOCIATESMATERIAL('3ANjrR3r1Tju2q9eIpcQxX',$,$,$,(#5766),#5767);
#5769=IFCCARTESIANPOINT((-58.05568798769951,-19.18426907554954,0.));
#5770=IFCDIRECTION((0.,0.,1.));
#5771=IFCDIRECTION((1.,0.,0.));
#5772=IFCAXIS2PLACEMENT3D(#5769,#5770,#5771);
#5773=IFCLOCALPLACEMENT(#113,#5772);
#5774=IFCCARTESIANPOINTLIST2D(((0.,0.),(0.65,0.),(0.65,0.65),(0.,0.65)));
#5775=IFCINDEXEDPOLYCURVE(#5774,(IFCLINEINDEX((1,2,3,4,1))),$);
#5776=IFCARBITRARYCLOSEDPROFILEDEF(.AREA.,$,#5775);
#5777=IFCCARTESIANPOINT((0.,0.,0.));
#5778=IFCDIRECTION((0.,0.,1.));
#5779=IFCDIRECTION((1.,0.,0.));
#5780=IFCAXIS2PLACEMENT3D(#5777,#5778,#5779);
#5781=IFCDIRECTION((0.,0.,1.));
#5782=IFCEXTRUDEDAREASOLID(#5776,#5780,#5781,3.2300000000000004);
#5783=IFCSHAPEREPRESENTATION(#11,'Body','SweptSolid',(#5782));
#5784=IFCPRODUCTDEFINITIONSHAPE($,$,(#5783));
#5785=IFCCOLUMN('3lbQXoLinVDgUXIOnQeCsP',$,'Column Level 05 08','Perimeter column',$,#5792,#5803,$,$);
#5786=IFCMATERIALPROFILESETUSAGE(#285,$,$);
#5787=IFCRELASSOCIATESMATERIAL('2yYap4ZNbI9u3J0bAI_8nU',$,$,$,(#5785),#5786);
#5788=IFCCARTESIANPOINT((-59.23344175569409,-28.106874976404658,0.));
#5789=IFCDIRECTION((0.,0.,1.));
#5790=IFCDIRECTION((1.,0.,0.));
#5791=IFCAXIS2PLACEMENT3D(#5788,#5789,#5790);
#5792=IFCLOCALPLACEMENT(#113,#5791);
#5793=IFCCARTESIANPOINTLIST2D(((0.,0.),(0.65,0.),(0.65,0.65),(0.,0.65)));
#5794=IFCINDEXEDPOLYCURVE(#5793,(IFCLINEINDEX((1,2,3,4,1))),$);
#5795=IFCARBITRARYCLOSEDPROFILEDEF(.AREA.,$,#5794);
#5796=IFCCARTESIANPOINT((0.,0.,0.));
#5797=IFCDIRECTION((0.,0.,1.));
#5798=IFCDIRECTION((1.,0.,0.));
#5799=IFCAXIS2PLACEMENT3D(#5796,#5797,#5798);
#5800=IFCDIRECTION((0.,0.,1.));
#5801=IFCEXTRUDEDAREASOLID(#5795,#5799,#5800,3.2300000000000004);
#5802=IFCSHAPEREPRESENTATION(#11,'Body','SweptSolid',(#5801));
#5803=IFCPRODUCTDEFINITIONSHAPE($,$,(#5802));
#5804=IFCCOLUMN('3CfiEZ5bTRIw4TjNj9GIvd',$,'Column Level 05 09','Perimeter column',$,#5811,#5822,$,$);
#5805=IFCMATERIALPROFILESETUSAGE(#285,$,$);
#5806=IFCRELASSOCIATESMATERIAL('2$b5yvmCjNL9G3Yu9GcN9o',$,$,$,(#5804),#5805);
#5807=IFCCARTESIANPOINT((-60.41119552368867,-37.02948087725978,0.));
#5808=IFCDIRECTION((0.,0.,1.));
#5809=IFCDIRECTION((1.,0.,0.));
#5810=IFCAXIS2PLACEMENT3D(#5807,#5808,#5809);
#5811=IFCLOCALPLACEMENT(#113,#5810);
#5812=IFCCARTESIANPOINTLIST2D(((0.,0.),(0.65,0.),(0.65,0.65),(0.,0.65)));
#5813=IFCINDEXEDPOLYCURVE(#5812,(IFCLINEINDEX((1,2,3,4,1))),$);
#5814=IFCARBITRARYCLOSEDPROFILEDEF(.AREA.,$,#5813);
#5815=IFCCARTESIANPOINT((0.,0.,0.));
#5816=IFCDIRECTION((0.,0.,1.));
#5817=IFCDIRECTION((1.,0.,0.));
#5818=IFCAXIS2PLACEMENT3D(#5815,#5816,#5817);
#5819=IFCDIRECTION((0.,0.,1.));
#5820=IFCEXTRUDEDAREASOLID(#5814,#5818,#5819,3.2300000000000004);
#5821=IFCSHAPEREPRESENTATION(#11,'Body','SweptSolid',(#5820));
#5822=IFCPRODUCTDEFINITIONSHAPE($,$,(#5821));
#5823=IFCCOLUMN('3m1fvL9jvKVOI7NDT$WoXb',$,'Column Level 05 10','Perimeter column',$,#5830,#5841,$,$);
#5824=IFCMATERIALPROFILESETUSAGE(#285,$,$);
#5825=IFCRELASSOCIATESMATERIAL('3rL$$19QTUOP6U2TiCjZK9',$,$,$,(#5823),#5824);
#5826=IFCCARTESIANPOINT((-52.824033748282375,-39.098878935481416,0.));
#5827=IFCDIRECTION((0.,0.,1.));
#5828=IFCDIRECTION((1.,0.,0.));
#5829=IFCAXIS2PLACEMENT3D(#5826,#5827,#5828);
#5830=IFCLOCALPLACEMENT(#113,#5829);
#5831=IFCCARTESIANPOINTLIST2D(((0.,0.),(0.65,0.),(0.65,0.65),(0.,0.65)));
#5832=IFCINDEXEDPOLYCURVE(#5831,(IFCLINEINDEX((1,2,3,4,1))),$);
#5833=IFCARBITRARYCLOSEDPROFILEDEF(.AREA.,$,#5832);
#5834=IFCCARTESIANPOINT((0.,0.,0.));
#5835=IFCDIRECTION((0.,0.,1.));
#5836=IFCDIRECTION((1.,0.,0.));
#5837=IFCAXIS2PLACEMENT3D(#5834,#5835,#5836);
#5838=IFCDIRECTION((0.,0.,1.));
#5839=IFCEXTRUDEDAREASOLID(#5833,#5837,#5838,3.2300000000000004);
#5840=IFCSHAPEREPRESENTATION(#11,'Body','SweptSolid',(#5839));
#5841=IFCPRODUCTDEFINITIONSHAPE($,$,(#5840));
#5842=IFCCOLUMN('18vhaDBQXKl9uPNz8qDMSc',$,'Column Level 05 11','Perimeter column',$,#5849,#5860,$,$);
#5843=IFCMATERIALPROFILESETUSAGE(#285,$,$);
#5844=IFCRELASSOCIATESMATERIAL('1VfC9S7lDNC8I8nuotl9wF',$,$,$,(#5842),#5843);
#5845=IFCCARTESIANPOINT((-43.88078209809728,-40.10796263937398,0.));
#5846=IFCDIRECTION((0.,0.,1.));
#5847=IFCDIRECTION((1.,0.,0.));
#5848=IFCAXIS2PLACEMENT3D(#5845,#5846,#5847);
#5849=IFCLOCALPLACEMENT(#113,#5848);
#5850=IFCCARTESIANPOINTLIST2D(((0.,0.),(0.65,0.),(0.65,0.65),(0.,0.65)));
#5851=IFCINDEXEDPOLYCURVE(#5850,(IFCLINEINDEX((1,2,3,4,1))),$);
#5852=IFCARBITRARYCLOSEDPROFILEDEF(.AREA.,$,#5851);
#5853=IFCCARTESIANPOINT((0.,0.,0.));
#5854=IFCDIRECTION((0.,0.,1.));
#5855=IFCDIRECTION((1.,0.,0.));
#5856=IFCAXIS2PLACEMENT3D(#5853,#5854,#5855);
#5857=IFCDIRECTION((0.,0.,1.));
#5858=IFCEXTRUDEDAREASOLID(#5852,#5856,#5857,3.2300000000000004);
#5859=IFCSHAPEREPRESENTATION(#11,'Body','SweptSolid',(#5858));
#5860=IFCPRODUCTDEFINITIONSHAPE($,$,(#5859));
#5861=IFCCOLUMN('2jAVnGo5zKFQjQYcqZ6PkD',$,'Column Level 05 12','Perimeter column',$,#5868,#5879,$,$);
#5862=IFCMATERIALPROFILESETUSAGE(#285,$,$);
#5863=IFCRELASSOCIATESMATERIAL('2QVPPD34TUqRwyVzKIp2wM',$,$,$,(#5861),#5862);
#5864=IFCCARTESIANPOINT((-34.93753044791218,-41.117046343266544,0.));
#5865=IFCDIRECTION((0.,0.,1.));
#5866=IFCDIRECTION((1.,0.,0.));
#5867=IFCAXIS2PLACEMENT3D(#5864,#5865,#5866);
#5868=IFCLOCALPLACEMENT(#113,#5867);
#5869=IFCCARTESIANPOINTLIST2D(((0.,0.),(0.65,0.),(0.65,0.65),(0.,0.65)));
#5870=IFCINDEXEDPOLYCURVE(#5869,(IFCLINEINDEX((1,2,3,4,1))),$);
#5871=IFCARBITRARYCLOSEDPROFILEDEF(.AREA.,$,#5870);
#5872=IFCCARTESIANPOINT((0.,0.,0.));
#5873=IFCDIRECTION((0.,0.,1.));
#5874=IFCDIRECTION((1.,0.,0.));
#5875=IFCAXIS2PLACEMENT3D(#5872,#5873,#5874);
#5876=IFCDIRECTION((0.,0.,1.));
#5877=IFCEXTRUDEDAREASOLID(#5871,#5875,#5876,3.2300000000000004);
#5878=IFCSHAPEREPRESENTATION(#11,'Body','SweptSolid',(#5877));
#5879=IFCPRODUCTDEFINITIONSHAPE($,$,(#5878));
#5880=IFCCOLUMN('2WqUF_npjOFRW2$Wun2TLr',$,'Column Level 05 13','Perimeter column',$,#5887,#5898,$,$);
#5881=IFCMATERIALPROFILESETUSAGE(#285,$,$);
#5882=IFCRELASSOCIATESMATERIAL('2YYgxgL4XT$9gIev0weh_O',$,$,$,(#5880),#5881);
#5883=IFCCARTESIANPOINT((-25.99427879772708,-42.126130047159116,0.));
#5884=IFCDIRECTION((0.,0.,1.));
#5885=IFCDIRECTION((1.,0.,0.));
#5886=IFCAXIS2PLACEMENT3D(#5883,#5884,#5885);
#5887=IFCLOCALPLACEMENT(#113,#5886);
#5888=IFCCARTESIANPOINTLIST2D(((0.,0.),(0.65,0.),(0.65,0.65),(0.,0.65)));
#5889=IFCINDEXEDPOLYCURVE(#5888,(IFCLINEINDEX((1,2,3,4,1))),$);
#5890=IFCARBITRARYCLOSEDPROFILEDEF(.AREA.,$,#5889);
#5891=IFCCARTESIANPOINT((0.,0.,0.));
#5892=IFCDIRECTION((0.,0.,1.));
#5893=IFCDIRECTION((1.,0.,0.));
#5894=IFCAXIS2PLACEMENT3D(#5891,#5892,#5893);
#5895=IFCDIRECTION((0.,0.,1.));
#5896=IFCEXTRUDEDAREASOLID(#5890,#5894,#5895,3.2300000000000004);
#5897=IFCSHAPEREPRESENTATION(#11,'Body','SweptSolid',(#5896));
#5898=IFCPRODUCTDEFINITIONSHAPE($,$,(#5897));
#5899=IFCCOLUMN('3XV9DfzOnU2BlrtvAIS9Ay',$,'Column Level 05 14','Perimeter column',$,#5906,#5917,$,$);
#5900=IFCMATERIALPROFILESETUSAGE(#285,$,$);
#5901=IFCRELASSOCIATESMATERIAL('394dcQu4rJvRIiQhq__83x',$,$,$,(#5899),#5900);
#5902=IFCCARTESIANPOINT((-26.002168905544135,-34.520162567846405,0.));
#5903=IFCDIRECTION((0.,0.,1.));
#5904=IFCDIRECTION((1.,0.,0.));
#5905=IFCAXIS2PLACEMENT3D(#5902,#5903,#5904);
#5906=IFCLOCALPLACEMENT(#113,#5905);
#5907=IFCCARTESIANPOINTLIST2D(((0.,0.),(0.65,0.),(0.65,0.65),(0.,0.65)));
#5908=IFCINDEXEDPOLYCURVE(#5907,(IFCLINEINDEX((1,2,3,4,1))),$);
#5909=IFCARBITRARYCLOSEDPROFILEDEF(.AREA.,$,#5908);
#5910=IFCCARTESIANPOINT((0.,0.,0.));
#5911=IFCDIRECTION((0.,0.,1.));
#5912=IFCDIRECTION((1.,0.,0.));
#5913=IFCAXIS2PLACEMENT3D(#5910,#5911,#5912);
#5914=IFCDIRECTION((0.,0.,1.));
#5915=IFCEXTRUDEDAREASOLID(#5909,#5913,#5914,3.2300000000000004);
#5916=IFCSHAPEREPRESENTATION(#11,'Body','SweptSolid',(#5915));
#5917=IFCPRODUCTDEFINITIONSHAPE($,$,(#5916));
#5918=IFCCOLUMN('3ZOouka7HR7g2ZF5QDT$ne',$,'Column Level 05 15','Perimeter column',$,#5925,#5936,$,$);
#5919=IFCMATERIALPROFILESETUSAGE(#285,$,$);
#5920=IFCRELASSOCIATESMATERIAL('29mmYgiYfMb9F4Eh$ReJj0',$,$,$,(#5918),#5919);
#5921=IFCCARTESIANPOINT((-20.7688748882116,-34.49807918579851,0.));
#5922=IFCDIRECTION((0.,0.,1.));
#5923=IFCDIRECTION((1.,0.,0.));
#5924=IFCAXIS2PLACEMENT3D(#5921,#5922,#5923);
#5925=IFCLOCALPLACEMENT(#113,#5924);
#5926=IFCCARTESIANPOINTLIST2D(((0.,0.),(0.65,0.),(0.65,0.65),(0.,0.65)));
#5927=IFCINDEXEDPOLYCURVE(#5926,(IFCLINEINDEX((1,2,3,4,1))),$);
#5928=IFCARBITRARYCLOSEDPROFILEDEF(.AREA.,$,#5927);
#5929=IFCCARTESIANPOINT((0.,0.,0.));
#5930=IFCDIRECTION((0.,0.,1.));
#5931=IFCDIRECTION((1.,0.,0.));
#5932=IFCAXIS2PLACEMENT3D(#5929,#5930,#5931);
#5933=IFCDIRECTION((0.,0.,1.));
#5934=IFCEXTRUDEDAREASOLID(#5928,#5932,#5933,3.2300000000000004);
#5935=IFCSHAPEREPRESENTATION(#11,'Body','SweptSolid',(#5934));
#5936=IFCPRODUCTDEFINITIONSHAPE($,$,(#5935));
#5937=IFCCOLUMN('3KnYF5P0XGrBzVfCvKLEZO',$,'Column Level 05 16','Perimeter column',$,#5944,#5955,$,$);
#5938=IFCMATERIALPROFILESETUSAGE(#285,$,$);
#5939=IFCRELASSOCIATESMATERIAL('371r03fObUKOsD$Jd3RNNI',$,$,$,(#5937),#5938);
#5940=IFCCARTESIANPOINT((-11.984377536996414,-36.44258932509872,0.));
#5941=IFCDIRECTION((0.,0.,1.));
#5942=IFCDIRECTION((1.,0.,0.));
#5943=IFCAXIS2PLACEMENT3D(#5940,#5941,#5942);
#5944=IFCLOCALPLACEMENT(#113,#5943);
#5945=IFCCARTESIANPOINTLIST2D(((0.,0.),(0.65,0.),(0.65,0.65),(0.,0.65)));
#5946=IFCINDEXEDPOLYCURVE(#5945,(IFCLINEINDEX((1,2,3,4,1))),$);
#5947=IFCARBITRARYCLOSEDPROFILEDEF(.AREA.,$,#5946);
#5948=IFCCARTESIANPOINT((0.,0.,0.));
#5949=IFCDIRECTION((0.,0.,1.));
#5950=IFCDIRECTION((1.,0.,0.));
#5951=IFCAXIS2PLACEMENT3D(#5948,#5949,#5950);
#5952=IFCDIRECTION((0.,0.,1.));
#5953=IFCEXTRUDEDAREASOLID(#5947,#5951,#5952,3.2300000000000004);
#5954=IFCSHAPEREPRESENTATION(#11,'Body','SweptSolid',(#5953));
#5955=IFCPRODUCTDEFINITIONSHAPE($,$,(#5954));
#5956=IFCCOLUMN('3gEUq6789SnPe83wFC7U3o',$,'Column Level 05 17','Perimeter column',$,#5963,#5974,$,$);
#5957=IFCMATERIALPROFILESETUSAGE(#285,$,$);
#5958=IFCRELASSOCIATESMATERIAL('14FZx_Le1Gqgf4kZFp$rvH',$,$,$,(#5956),#5957);
#5959=IFCCARTESIANPOINT((-3.0669476333755794,-37.51890138511,0.));
#5960=IFCDIRECTION((0.,0.,1.));
#5961=IFCDIRECTION((1.,0.,0.));
#5962=IFCAXIS2PLACEMENT3D(#5959,#5960,#5961);
#5963=IFCLOCALPLACEMENT(#113,#5962);
#5964=IFCCARTESIANPOINTLIST2D(((0.,0.),(0.65,0.),(0.65,0.65),(0.,0.65)));
#5965=IFCINDEXEDPOLYCURVE(#5964,(IFCLINEINDEX((1,2,3,4,1))),$);
#5966=IFCARBITRARYCLOSEDPROFILEDEF(.AREA.,$,#5965);
#5967=IFCCARTESIANPOINT((0.,0.,0.));
#5968=IFCDIRECTION((0.,0.,1.));
#5969=IFCDIRECTION((1.,0.,0.));
#5970=IFCAXIS2PLACEMENT3D(#5967,#5968,#5969);
#5971=IFCDIRECTION((0.,0.,1.));
#5972=IFCEXTRUDEDAREASOLID(#5966,#5970,#5971,3.2300000000000004);
#5973=IFCSHAPEREPRESENTATION(#11,'Body','SweptSolid',(#5972));
#5974=IFCPRODUCTDEFINITIONSHAPE($,$,(#5973));
#5975=IFCCOLUMN('2ogk6NcnjJYedjYhB6RMSa',$,'Column Level 05 18','Perimeter column',$,#5982,#5993,$,$);
#5976=IFCMATERIALPROFILESETUSAGE(#285,$,$);
#5977=IFCRELASSOCIATESMATERIAL('3so07ZaVzU3gW78vjD1Vzv',$,$,$,(#5975),#5976);
#5978=IFCCARTESIANPOINT((5.904102330527415,-37.835213996254396,0.));
#5979=IFCDIRECTION((0.,0.,1.));
#5980=IFCDIRECTION((1.,0.,0.));
#5981=IFCAXIS2PLACEMENT3D(#5978,#5979,#5980);
#5982=IFCLOCALPLACEMENT(#113,#5981);
#5983=IFCCARTESIANPOINTLIST2D(((0.,0.),(0.65,0.),(0.65,0.65),(0.,0.65)));
#5984=IFCINDEXEDPOLYCURVE(#5983,(IFCLINEINDEX((1,2,3,4,1))),$);
#5985=IFCARBITRARYCLOSEDPROFILEDEF(.AREA.,$,#5984);
#5986=IFCCARTESIANPOINT((0.,0.,0.));
#5987=IFCDIRECTION((0.,0.,1.));
#5988=IFCDIRECTION((1.,0.,0.));
#5989=IFCAXIS2PLACEMENT3D(#5986,#5987,#5988);
#5990=IFCDIRECTION((0.,0.,1.));
#5991=IFCEXTRUDEDAREASOLID(#5985,#5989,#5990,3.2300000000000004);
#5992=IFCSHAPEREPRESENTATION(#11,'Body','SweptSolid',(#5991));
#5993=IFCPRODUCTDEFINITIONSHAPE($,$,(#5992));
#5994=IFCCOLUMN('2tL93YT_nMkOjKy6qq4Qch',$,'Column Level 05 19','Perimeter column',$,#6001,#6012,$,$);
#5995=IFCMATERIALPROFILESETUSAGE(#285,$,$);
#5996=IFCRELASSOCIATESMATERIAL('3uBB6h_UnG8u7yD_dyCNR8',$,$,$,(#5994),#5995);
#5997=IFCCARTESIANPOINT((14.720267399970576,-36.884030274956224,0.));
#5998=IFCDIRECTION((0.,0.,1.));
#5999=IFCDIRECTION((1.,0.,0.));
#6000=IFCAXIS2PLACEMENT3D(#5997,#5998,#5999);
#6001=IFCLOCALPLACEMENT(#113,#6000);
#6002=IFCCARTESIANPOINTLIST2D(((0.,0.),(0.65,0.),(0.65,0.65),(0.,0.65)));
#6003=IFCINDEXEDPOLYCURVE(#6002,(IFCLINEINDEX((1,2,3,4,1))),$);
#6004=IFCARBITRARYCLOSEDPROFILEDEF(.AREA.,$,#6003);
#6005=IFCCARTESIANPOINT((0.,0.,0.));
#6006=IFCDIRECTION((0.,0.,1.));
#6007=IFCDIRECTION((1.,0.,0.));
#6008=IFCAXIS2PLACEMENT3D(#6005,#6006,#6007);
#6009=IFCDIRECTION((0.,0.,1.));
#6010=IFCEXTRUDEDAREASOLID(#6004,#6008,#6009,3.2300000000000004);
#6011=IFCSHAPEREPRESENTATION(#11,'Body','SweptSolid',(#6010));
#6012=IFCPRODUCTDEFINITIONSHAPE($,$,(#6011));
#6013=IFCCOLUMN('3qNXOue3zQ295$dOjWTi44',$,'Column Level 05 20','Perimeter column',$,#6020,#6031,$,$);
#6014=IFCMATERIALPROFILESETUSAGE(#285,$,$);
#6015=IFCRELASSOCIATESMATERIAL('1e73RBX4jVMhZo4oHzzZ_8',$,$,$,(#6013),#6014);
#6016=IFCCARTESIANPOINT((15.669354077554399,-30.163114300277194,0.));
#6017=IFCDIRECTION((0.,0.,1.));
#6018=IFCDIRECTION((1.,0.,0.));
#6019=IFCAXIS2PLACEMENT3D(#6016,#6017,#6018);
#6020=IFCLOCALPLACEMENT(#113,#6019);
#6021=IFCCARTESIANPOINTLIST2D(((0.,0.),(0.65,0.),(0.65,0.65),(0.,0.65)));
#6022=IFCINDEXEDPOLYCURVE(#6021,(IFCLINEINDEX((1,2,3,4,1))),$);
#6023=IFCARBITRARYCLOSEDPROFILEDEF(.AREA.,$,#6022);
#6024=IFCCARTESIANPOINT((0.,0.,0.));
#6025=IFCDIRECTION((0.,0.,1.));
#6026=IFCDIRECTION((1.,0.,0.));
#6027=IFCAXIS2PLACEMENT3D(#6024,#6025,#6026);
#6028=IFCDIRECTION((0.,0.,1.));
#6029=IFCEXTRUDEDAREASOLID(#6023,#6027,#6028,3.2300000000000004);
#6030=IFCSHAPEREPRESENTATION(#11,'Body','SweptSolid',(#6029));
#6031=IFCPRODUCTDEFINITIONSHAPE($,$,(#6030));
#6032=IFCCOLUMN('152JslGYDHPwJuqSSaafmA',$,'Column Level 05 21','Perimeter column',$,#6039,#6050,$,$);
#6033=IFCMATERIALPROFILESETUSAGE(#285,$,$);
#6034=IFCRELASSOCIATESMATERIAL('0i3QTbr5TRSfG89GfGBWgb',$,$,$,(#6032),#6033);
#6035=IFCCARTESIANPOINT((16.425920882620595,-23.422443604608347,0.));
#6036=IFCDIRECTION((0.,0.,1.));
#6037=IFCDIRECTION((1.,0.,0.));
#6038=IFCAXIS2PLACEMENT3D(#6035,#6036,#6037);
#6039=IFCLOCALPLACEMENT(#113,#6038);
#6040=IFCCARTESIANPOINTLIST2D(((0.,0.),(0.65,0.),(0.65,0.65),(0.,0.65)));
#6041=IFCINDEXEDPOLYCURVE(#6040,(IFCLINEINDEX((1,2,3,4,1))),$);
#6042=IFCARBITRARYCLOSEDPROFILEDEF(.AREA.,$,#6041);
#6043=IFCCARTESIANPOINT((0.,0.,0.));
#6044=IFCDIRECTION((0.,0.,1.));
#6045=IFCDIRECTION((1.,0.,0.));
#6046=IFCAXIS2PLACEMENT3D(#6043,#6044,#6045);
#6047=IFCDIRECTION((0.,0.,1.));
#6048=IFCEXTRUDEDAREASOLID(#6042,#6046,#6047,3.2300000000000004);
#6049=IFCSHAPEREPRESENTATION(#11,'Body','SweptSolid',(#6048));
#6050=IFCPRODUCTDEFINITIONSHAPE($,$,(#6049));
#6051=IFCCOLUMN('3uwGX3aj9QHBr5xjXWimH1',$,'Column Level 05 22','Perimeter column',$,#6058,#6069,$,$);
#6052=IFCMATERIALPROFILESETUSAGE(#285,$,$);
#6053=IFCRELASSOCIATESMATERIAL('2PP4QGj8PSewFVbzkkX3GA',$,$,$,(#6051),#6052);
#6054=IFCCARTESIANPOINT((8.325076852431865,-19.815675301517494,0.));
#6055=IFCDIRECTION((0.,0.,1.));
#6056=IFCDIRECTION((1.,0.,0.));
#6057=IFCAXIS2PLACEMENT3D(#6054,#6055,#6056);
#6058=IFCLOCALPLACEMENT(#113,#6057);
#6059=IFCCARTESIANPOINTLIST2D(((0.,0.),(0.65,0.),(0.65,0.65),(0.,0.65)));
#6060=IFCINDEXEDPOLYCURVE(#6059,(IFCLINEINDEX((1,2,3,4,1))),$);
#6061=IFCARBITRARYCLOSEDPROFILEDEF(.AREA.,$,#6060);
#6062=IFCCARTESIANPOINT((0.,0.,0.));
#6063=IFCDIRECTION((0.,0.,1.));
#6064=IFCDIRECTION((1.,0.,0.));
#6065=IFCAXIS2PLACEMENT3D(#6062,#6063,#6064);
#6066=IFCDIRECTION((0.,0.,1.));
#6067=IFCEXTRUDEDAREASOLID(#6061,#6065,#6066,3.2300000000000004);
#6068=IFCSHAPEREPRESENTATION(#11,'Body','SweptSolid',(#6067));
#6069=IFCPRODUCTDEFINITIONSHAPE($,$,(#6068));
#6070=IFCCOLUMN('2B2qryPivKYf$LVZzvR2LW',$,'Column Level 05 23','Perimeter column',$,#6077,#6088,$,$);
#6071=IFCMATERIALPROFILESETUSAGE(#285,$,$);
#6072=IFCRELASSOCIATESMATERIAL('0iKQuTu5jRfesPekIcsq8$',$,$,$,(#6070),#6071);
#6073=IFCCARTESIANPOINT((-0.3984165971904819,-17.601931406123086,0.));
#6074=IFCDIRECTION((0.,0.,1.));
#6075=IFCDIRECTION((1.,0.,0.));
#6076=IFCAXIS2PLACEMENT3D(#6073,#6074,#6075);
#6077=IFCLOCALPLACEMENT(#113,#6076);
#6078=IFCCARTESIANPOINTLIST2D(((0.,0.),(0.65,0.),(0.65,0.65),(0.,0.65)));
#6079=IFCINDEXEDPOLYCURVE(#6078,(IFCLINEINDEX((1,2,3,4,1))),$);
#6080=IFCARBITRARYCLOSEDPROFILEDEF(.AREA.,$,#6079);
#6081=IFCCARTESIANPOINT((0.,0.,0.));
#6082=IFCDIRECTION((0.,0.,1.));
#6083=IFCDIRECTION((1.,0.,0.));
#6084=IFCAXIS2PLACEMENT3D(#6081,#6082,#6083);
#6085=IFCDIRECTION((0.,0.,1.));
#6086=IFCEXTRUDEDAREASOLID(#6080,#6084,#6085,3.2300000000000004);
#6087=IFCSHAPEREPRESENTATION(#11,'Body','SweptSolid',(#6086));
#6088=IFCPRODUCTDEFINITIONSHAPE($,$,(#6087));
#6089=IFCCOLUMN('0NEphYlQLLXRAtQ3fw2xp5',$,'Column Level 05 24','Perimeter column',$,#6096,#6107,$,$);
#6090=IFCMATERIALPROFILESETUSAGE(#285,$,$);
#6091=IFCRELASSOCIATESMATERIAL('2bAH$_E7LTduMH1Okbo7gK',$,$,$,(#6089),#6090);
#6092=IFCCARTESIANPOINT((-9.248707396226564,-16.098867075066778,0.));
#6093=IFCDIRECTION((0.,0.,1.));
#6094=IFCDIRECTION((1.,0.,0.));
#6095=IFCAXIS2PLACEMENT3D(#6092,#6093,#6094);
#6096=IFCLOCALPLACEMENT(#113,#6095);
#6097=IFCCARTESIANPOINTLIST2D(((0.,0.),(0.65,0.),(0.65,0.65),(0.,0.65)));
#6098=IFCINDEXEDPOLYCURVE(#6097,(IFCLINEINDEX((1,2,3,4,1))),$);
#6099=IFCARBITRARYCLOSEDPROFILEDEF(.AREA.,$,#6098);
#6100=IFCCARTESIANPOINT((0.,0.,0.));
#6101=IFCDIRECTION((0.,0.,1.));
#6102=IFCDIRECTION((1.,0.,0.));
#6103=IFCAXIS2PLACEMENT3D(#6100,#6101,#6102);
#6104=IFCDIRECTION((0.,0.,1.));
#6105=IFCEXTRUDEDAREASOLID(#6099,#6103,#6104,3.2300000000000004);
#6106=IFCSHAPEREPRESENTATION(#11,'Body','SweptSolid',(#6105));
#6107=IFCPRODUCTDEFINITIONSHAPE($,$,(#6106));
#6108=IFCCOLUMN('1iqjlA$ULQ4P3uV92KFGx_',$,'Column Level 05 25','Perimeter column',$,#6115,#6126,$,$);
#6109=IFCMATERIALPROFILESETUSAGE(#285,$,$);
#6110=IFCRELASSOCIATESMATERIAL('1pC7Srp7fLVB5UzFtoBK7h',$,$,$,(#6108),#6109);
#6111=IFCCARTESIANPOINT((-18.209783322032695,-15.34404131009907,0.));
#6112=IFCDIRECTION((0.,0.,1.));
#6113=IFCDIRECTION((1.,0.,0.));
#6114=IFCAXIS2PLACEMENT3D(#6111,#6112,#6113);
#6115=IFCLOCALPLACEMENT(#113,#6114);
#6116=IFCCARTESIANPOINTLIST2D(((0.,0.),(0.65,0.),(0.65,0.65),(0.,0.65)));
#6117=IFCINDEXEDPOLYCURVE(#6116,(IFCLINEINDEX((1,2,3,4,1))),$);
#6118=IFCARBITRARYCLOSEDPROFILEDEF(.AREA.,$,#6117);
#6119=IFCCARTESIANPOINT((0.,0.,0.));
#6120=IFCDIRECTION((0.,0.,1.));
#6121=IFCDIRECTION((1.,0.,0.));
#6122=IFCAXIS2PLACEMENT3D(#6119,#6120,#6121);
#6123=IFCDIRECTION((0.,0.,1.));
#6124=IFCEXTRUDEDAREASOLID(#6118,#6122,#6123,3.2300000000000004);
#6125=IFCSHAPEREPRESENTATION(#11,'Body','SweptSolid',(#6124));
#6126=IFCPRODUCTDEFINITIONSHAPE($,$,(#6125));
#6127=IFCCOLUMN('2A4KElFvDPLu_2E_Knrjli',$,'Column Level 05 26','Perimeter column',$,#6134,#6145,$,$);
#6128=IFCMATERIALPROFILESETUSAGE(#285,$,$);
#6129=IFCRELASSOCIATESMATERIAL('3dSKTkCDPSpABREVsNkkU7',$,$,$,(#6127),#6128);
#6130=IFCCARTESIANPOINT((-22.86330339452487,-13.791180094861891,0.));
#6131=IFCDIRECTION((0.,0.,1.));
#6132=IFCDIRECTION((1.,0.,0.));
#6133=IFCAXIS2PLACEMENT3D(#6130,#6131,#6132);
#6134=IFCLOCALPLACEMENT(#113,#6133);
#6135=IFCCARTESIANPOINTLIST2D(((0.,0.),(0.65,0.),(0.65,0.65),(0.,0.65)));
#6136=IFCINDEXEDPOLYCURVE(#6135,(IFCLINEINDEX((1,2,3,4,1))),$);
#6137=IFCARBITRARYCLOSEDPROFILEDEF(.AREA.,$,#6136);
#6138=IFCCARTESIANPOINT((0.,0.,0.));
#6139=IFCDIRECTION((0.,0.,1.));
#6140=IFCDIRECTION((1.,0.,0.));
#6141=IFCAXIS2PLACEMENT3D(#6138,#6139,#6140);
#6142=IFCDIRECTION((0.,0.,1.));
#6143=IFCEXTRUDEDAREASOLID(#6137,#6141,#6142,3.2300000000000004);
#6144=IFCSHAPEREPRESENTATION(#11,'Body','SweptSolid',(#6143));
#6145=IFCPRODUCTDEFINITIONSHAPE($,$,(#6144));
#6146=IFCCOLUMN('2LyshyU2nSvRTKB1TBbN5X',$,'Column Level 05 27','Perimeter column',$,#6153,#6164,$,$);
#6147=IFCMATERIALPROFILESETUSAGE(#285,$,$);
#6148=IFCRELASSOCIATESMATERIAL('0yhCrKJmfGXQiZ5gnFI6md',$,$,$,(#6146),#6147);
#6149=IFCCARTESIANPOINT((-20.924108269061023,-5.943385359002037,0.));
#6150=IFCDIRECTION((0.,0.,1.));
#6151=IFCDIRECTION((1.,0.,0.));
#6152=IFCAXIS2PLACEMENT3D(#6149,#6150,#6151);
#6153=IFCLOCALPLACEMENT(#113,#6152);
#6154=IFCCARTESIANPOINTLIST2D(((0.,0.),(0.65,0.),(0.65,0.65),(0.,0.65)));
#6155=IFCINDEXEDPOLYCURVE(#6154,(IFCLINEINDEX((1,2,3,4,1))),$);
#6156=IFCARBITRARYCLOSEDPROFILEDEF(.AREA.,$,#6155);
#6157=IFCCARTESIANPOINT((0.,0.,0.));
#6158=IFCDIRECTION((0.,0.,1.));
#6159=IFCDIRECTION((1.,0.,0.));
#6160=IFCAXIS2PLACEMENT3D(#6157,#6158,#6159);
#6161=IFCDIRECTION((0.,0.,1.));
#6162=IFCEXTRUDEDAREASOLID(#6156,#6160,#6161,3.2300000000000004);
#6163=IFCSHAPEREPRESENTATION(#11,'Body','SweptSolid',(#6162));
#6164=IFCPRODUCTDEFINITIONSHAPE($,$,(#6163));
#6165=IFCCOLUMN('03b$JY4q5LDfSZd10Ib9g5',$,'Column Level 06 01','Perimeter column',$,#6172,#6183,$,$);
#6166=IFCMATERIALPROFILESETUSAGE(#285,$,$);
#6167=IFCRELASSOCIATESMATERIAL('2HqNx6g5TKIwbyTdofYLQu',$,$,$,(#6165),#6166);
#6168=IFCCARTESIANPOINT((-20.502,-5.5440000000000005,0.));
#6169=IFCDIRECTION((0.,0.,1.));
#6170=IFCDIRECTION((1.,0.,0.));
#6171=IFCAXIS2PLACEMENT3D(#6168,#6169,#6170);
#6172=IFCLOCALPLACEMENT(#120,#6171);
#6173=IFCCARTESIANPOINTLIST2D(((0.,0.),(0.65,0.),(0.65,0.65),(0.,0.65)));
#6174=IFCINDEXEDPOLYCURVE(#6173,(IFCLINEINDEX((1,2,3,4,1))),$);
#6175=IFCARBITRARYCLOSEDPROFILEDEF(.AREA.,$,#6174);
#6176=IFCCARTESIANPOINT((0.,0.,0.));
#6177=IFCDIRECTION((0.,0.,1.));
#6178=IFCDIRECTION((1.,0.,0.));
#6179=IFCAXIS2PLACEMENT3D(#6176,#6177,#6178);
#6180=IFCDIRECTION((0.,0.,1.));
#6181=IFCEXTRUDEDAREASOLID(#6175,#6179,#6180,3.2300000000000004);
#6182=IFCSHAPEREPRESENTATION(#11,'Body','SweptSolid',(#6181));
#6183=IFCPRODUCTDEFINITIONSHAPE($,$,(#6182));
#6184=IFCCOLUMN('3uOyaiV0TIt9BZrBFEgI4F',$,'Column Level 06 02','Perimeter column',$,#6191,#6202,$,$);
#6185=IFCMATERIALPROFILESETUSAGE(#285,$,$);
#6186=IFCRELASSOCIATESMATERIAL('24noS_wxrS9uDkswcy7Xrh',$,$,$,(#6184),#6185);
#6187=IFCCARTESIANPOINT((-29.40351166722107,-4.216185992570069,0.));
#6188=IFCDIRECTION((0.,0.,1.));
#6189=IFCDIRECTION((1.,0.,0.));
#6190=IFCAXIS2PLACEMENT3D(#6187,#6188,#6189);
#6191=IFCLOCALPLACEMENT(#120,#6190);
#6192=IFCCARTESIANPOINTLIST2D(((0.,0.),(0.65,0.),(0.65,0.65),(0.,0.65)));
#6193=IFCINDEXEDPOLYCURVE(#6192,(IFCLINEINDEX((1,2,3,4,1))),$);
#6194=IFCARBITRARYCLOSEDPROFILEDEF(.AREA.,$,#6193);
#6195=IFCCARTESIANPOINT((0.,0.,0.));
#6196=IFCDIRECTION((0.,0.,1.));
#6197=IFCDIRECTION((1.,0.,0.));
#6198=IFCAXIS2PLACEMENT3D(#6195,#6196,#6197);
#6199=IFCDIRECTION((0.,0.,1.));
#6200=IFCEXTRUDEDAREASOLID(#6194,#6198,#6199,3.2300000000000004);
#6201=IFCSHAPEREPRESENTATION(#11,'Body','SweptSolid',(#6200));
#6202=IFCPRODUCTDEFINITIONSHAPE($,$,(#6201));
#6203=IFCCOLUMN('1UKQouiezU2fb75xEfgrD3',$,'Column Level 06 03','Perimeter column',$,#6210,#6221,$,$);
#6204=IFCMATERIALPROFILESETUSAGE(#285,$,$);
#6205=IFCRELASSOCIATESMATERIAL('3S4mvfSvrJk9fJk349C$jM',$,$,$,(#6203),#6204);
#6206=IFCCARTESIANPOINT((-38.30502333444215,-2.888371985140138,0.));
#6207=IFCDIRECTION((0.,0.,1.));
#6208=IFCDIRECTION((1.,0.,0.));
#6209=IFCAXIS2PLACEMENT3D(#6206,#6207,#6208);
#6210=IFCLOCALPLACEMENT(#120,#6209);
#6211=IFCCARTESIANPOINTLIST2D(((0.,0.),(0.65,0.),(0.65,0.65),(0.,0.65)));
#6212=IFCINDEXEDPOLYCURVE(#6211,(IFCLINEINDEX((1,2,3,4,1))),$);
#6213=IFCARBITRARYCLOSEDPROFILEDEF(.AREA.,$,#6212);
#6214=IFCCARTESIANPOINT((0.,0.,0.));
#6215=IFCDIRECTION((0.,0.,1.));
#6216=IFCDIRECTION((1.,0.,0.));
#6217=IFCAXIS2PLACEMENT3D(#6214,#6215,#6216);
#6218=IFCDIRECTION((0.,0.,1.));
#6219=IFCEXTRUDEDAREASOLID(#6213,#6217,#6218,3.2300000000000004);
#6220=IFCSHAPEREPRESENTATION(#11,'Body','SweptSolid',(#6219));
#6221=IFCPRODUCTDEFINITIONSHAPE($,$,(#6220));
#6222=IFCCOLUMN('0dnSAk35TTsPv7n$qGcpNG',$,'Column Level 06 04','Perimeter column',$,#6229,#6240,$,$);
#6223=IFCMATERIALPROFILESETUSAGE(#285,$,$);
#6224=IFCRELASSOCIATESMATERIAL('3QFLPJXDbUR8cJcrq0Ak2I',$,$,$,(#6222),#6223);
#6225=IFCCARTESIANPOINT((-47.20653500166321,-1.5605579777102074,0.));
#6226=IFCDIRECTION((0.,0.,1.));
#6227=IFCDIRECTION((1.,0.,0.));
#6228=IFCAXIS2PLACEMENT3D(#6225,#6226,#6227);
#6229=IFCLOCALPLACEMENT(#120,#6228);
#6230=IFCCARTESIANPOINTLIST2D(((0.,0.),(0.65,0.),(0.65,0.65),(0.,0.65)));
#6231=IFCINDEXEDPOLYCURVE(#6230,(IFCLINEINDEX((1,2,3,4,1))),$);
#6232=IFCARBITRARYCLOSEDPROFILEDEF(.AREA.,$,#6231);
#6233=IFCCARTESIANPOINT((0.,0.,0.));
#6234=IFCDIRECTION((0.,0.,1.));
#6235=IFCDIRECTION((1.,0.,0.));
#6236=IFCAXIS2PLACEMENT3D(#6233,#6234,#6235);
#6237=IFCDIRECTION((0.,0.,1.));
#6238=IFCEXTRUDEDAREASOLID(#6232,#6236,#6237,3.2300000000000004);
#6239=IFCSHAPEREPRESENTATION(#11,'Body','SweptSolid',(#6238));
#6240=IFCPRODUCTDEFINITIONSHAPE($,$,(#6239));
#6241=IFCCOLUMN('0yMauEkE9JCB$d8waz5RYR',$,'Column Level 06 05','Perimeter column',$,#6248,#6259,$,$);
#6242=IFCMATERIALPROFILESETUSAGE(#285,$,$);
#6243=IFCRELASSOCIATESMATERIAL('0Z2zYoUQfUrwCcE$70hZdn',$,$,$,(#6241),#6242);
#6244=IFCCARTESIANPOINT((-55.012961470676956,-1.6860399181358463,0.));
#6245=IFCDIRECTION((0.,0.,1.));
#6246=IFCDIRECTION((1.,0.,0.));
#6247=IFCAXIS2PLACEMENT3D(#6244,#6245,#6246);
#6248=IFCLOCALPLACEMENT(#120,#6247);
#6249=IFCCARTESIANPOINTLIST2D(((0.,0.),(0.65,0.),(0.65,0.65),(0.,0.65)));
#6250=IFCINDEXEDPOLYCURVE(#6249,(IFCLINEINDEX((1,2,3,4,1))),$);
#6251=IFCARBITRARYCLOSEDPROFILEDEF(.AREA.,$,#6250);
#6252=IFCCARTESIANPOINT((0.,0.,0.));
#6253=IFCDIRECTION((0.,0.,1.));
#6254=IFCDIRECTION((1.,0.,0.));
#6255=IFCAXIS2PLACEMENT3D(#6252,#6253,#6254);
#6256=IFCDIRECTION((0.,0.,1.));
#6257=IFCEXTRUDEDAREASOLID(#6251,#6255,#6256,3.2300000000000004);
#6258=IFCSHAPEREPRESENTATION(#11,'Body','SweptSolid',(#6257));
#6259=IFCPRODUCTDEFINITIONSHAPE($,$,(#6258));
#6260=IFCCOLUMN('1oh5zxW6PHv9m$Hic1L7Kc',$,'Column Level 06 06','Perimeter column',$,#6267,#6278,$,$);
#6261=IFCMATERIALPROFILESETUSAGE(#285,$,$);
#6262=IFCRELASSOCIATESMATERIAL('0OKA0_FJvQPwOHpaRDC6Dk',$,$,$,(#6260),#6261);
#6263=IFCCARTESIANPOINT((-56.19057995012762,-10.608663675577167,0.));
#6264=IFCDIRECTION((0.,0.,1.));
#6265=IFCDIRECTION((1.,0.,0.));
#6266=IFCAXIS2PLACEMENT3D(#6263,#6264,#6265);
#6267=IFCLOCALPLACEMENT(#120,#6266);
#6268=IFCCARTESIANPOINTLIST2D(((0.,0.),(0.65,0.),(0.65,0.65),(0.,0.65)));
#6269=IFCINDEXEDPOLYCURVE(#6268,(IFCLINEINDEX((1,2,3,4,1))),$);
#6270=IFCARBITRARYCLOSEDPROFILEDEF(.AREA.,$,#6269);
#6271=IFCCARTESIANPOINT((0.,0.,0.));
#6272=IFCDIRECTION((0.,0.,1.));
#6273=IFCDIRECTION((1.,0.,0.));
#6274=IFCAXIS2PLACEMENT3D(#6271,#6272,#6273);
#6275=IFCDIRECTION((0.,0.,1.));
#6276=IFCEXTRUDEDAREASOLID(#6270,#6274,#6275,3.2300000000000004);
#6277=IFCSHAPEREPRESENTATION(#11,'Body','SweptSolid',(#6276));
#6278=IFCPRODUCTDEFINITIONSHAPE($,$,(#6277));
#6279=IFCCOLUMN('1h3J9jCgTT7ff9N2yc13sE',$,'Column Level 06 07','Perimeter column',$,#6286,#6297,$,$);
#6280=IFCMATERIALPROFILESETUSAGE(#285,$,$);
#6281=IFCRELASSOCIATESMATERIAL('3fhzoOSDXODQZhQ3yGV2_I',$,$,$,(#6279),#6280);
#6282=IFCCARTESIANPOINT((-57.36819842957828,-19.53128743301849,0.));
#6283=IFCDIRECTION((0.,0.,1.));
#6284=IFCDIRECTION((1.,0.,0.));
#6285=IFCAXIS2PLACEMENT3D(#6282,#6283,#6284);
#6286=IFCLOCALPLACEMENT(#120,#6285);
#6287=IFCCARTESIANPOINTLIST2D(((0.,0.),(0.65,0.),(0.65,0.65),(0.,0.65)));
#6288=IFCINDEXEDPOLYCURVE(#6287,(IFCLINEINDEX((1,2,3,4,1))),$);
#6289=IFCARBITRARYCLOSEDPROFILEDEF(.AREA.,$,#6288);
#6290=IFCCARTESIANPOINT((0.,0.,0.));
#6291=IFCDIRECTION((0.,0.,1.));
#6292=IFCDIRECTION((1.,0.,0.));
#6293=IFCAXIS2PLACEMENT3D(#6290,#6291,#6292);
#6294=IFCDIRECTION((0.,0.,1.));
#6295=IFCEXTRUDEDAREASOLID(#6289,#6293,#6294,3.2300000000000004);
#6296=IFCSHAPEREPRESENTATION(#11,'Body','SweptSolid',(#6295));
#6297=IFCPRODUCTDEFINITIONSHAPE($,$,(#6296));
#6298=IFCCOLUMN('2tB3axQGPSAO3pYv7YnNHz',$,'Column Level 06 08','Perimeter column',$,#6305,#6316,$,$);
#6299=IFCMATERIALPROFILESETUSAGE(#285,$,$);
#6300=IFCRELASSOCIATESMATERIAL('3SYTAc_S1PpwD69LLwlfgj',$,$,$,(#6298),#6299);
#6301=IFCCARTESIANPOINT((-58.54581690902894,-28.453911190459813,0.));
#6302=IFCDIRECTION((0.,0.,1.));
#6303=IFCDIRECTION((1.,0.,0.));
#6304=IFCAXIS2PLACEMENT3D(#6301,#6302,#6303);
#6305=IFCLOCALPLACEMENT(#120,#6304);
#6306=IFCCARTESIANPOINTLIST2D(((0.,0.),(0.65,0.),(0.65,0.65),(0.,0.65)));
#6307=IFCINDEXEDPOLYCURVE(#6306,(IFCLINEINDEX((1,2,3,4,1))),$);
#6308=IFCARBITRARYCLOSEDPROFILEDEF(.AREA.,$,#6307);
#6309=IFCCARTESIANPOINT((0.,0.,0.));
#6310=IFCDIRECTION((0.,0.,1.));
#6311=IFCDIRECTION((1.,0.,0.));
#6312=IFCAXIS2PLACEMENT3D(#6309,#6310,#6311);
#6313=IFCDIRECTION((0.,0.,1.));
#6314=IFCEXTRUDEDAREASOLID(#6308,#6312,#6313,3.2300000000000004);
#6315=IFCSHAPEREPRESENTATION(#11,'Body','SweptSolid',(#6314));
#6316=IFCPRODUCTDEFINITIONSHAPE($,$,(#6315));
#6317=IFCCOLUMN('0FdGxBbNzJZP1Kw3_q56AB',$,'Column Level 06 09','Perimeter column',$,#6324,#6335,$,$);
#6318=IFCMATERIALPROFILESETUSAGE(#285,$,$);
#6319=IFCRELASSOCIATESMATERIAL('3niBc7Mm9P0RwZYdl56oJ1',$,$,$,(#6317),#6318);
#6320=IFCCARTESIANPOINT((-59.72343538847961,-37.37653494790114,0.));
#6321=IFCDIRECTION((0.,0.,1.));
#6322=IFCDIRECTION((1.,0.,0.));
#6323=IFCAXIS2PLACEMENT3D(#6320,#6321,#6322);
#6324=IFCLOCALPLACEMENT(#120,#6323);
#6325=IFCCARTESIANPOINTLIST2D(((0.,0.),(0.65,0.),(0.65,0.65),(0.,0.65)));
#6326=IFCINDEXEDPOLYCURVE(#6325,(IFCLINEINDEX((1,2,3,4,1))),$);
#6327=IFCARBITRARYCLOSEDPROFILEDEF(.AREA.,$,#6326);
#6328=IFCCARTESIANPOINT((0.,0.,0.));
#6329=IFCDIRECTION((0.,0.,1.));
#6330=IFCDIRECTION((1.,0.,0.));
#6331=IFCAXIS2PLACEMENT3D(#6328,#6329,#6330);
#6332=IFCDIRECTION((0.,0.,1.));
#6333=IFCEXTRUDEDAREASOLID(#6327,#6331,#6332,3.2300000000000004);
#6334=IFCSHAPEREPRESENTATION(#11,'Body','SweptSolid',(#6333));
#6335=IFCPRODUCTDEFINITIONSHAPE($,$,(#6334));
#6336=IFCCOLUMN('2BQVEt2KDRIxKIgD9rGaHg',$,'Column Level 06 10','Perimeter column',$,#6343,#6354,$,$);
#6337=IFCMATERIALPROFILESETUSAGE(#285,$,$);
#6338=IFCRELASSOCIATESMATERIAL('0xKN83eRbLJQ7pueIcBLQI',$,$,$,(#6336),#6337);
#6339=IFCCARTESIANPOINT((-51.3091347560275,-38.79793698853904,0.));
#6340=IFCDIRECTION((0.,0.,1.));
#6341=IFCDIRECTION((1.,0.,0.));
#6342=IFCAXIS2PLACEMENT3D(#6339,#6340,#6341);
#6343=IFCLOCALPLACEMENT(#120,#6342);
#6344=IFCCARTESIANPOINTLIST2D(((0.,0.),(0.65,0.),(0.65,0.65),(0.,0.65)));
#6345=IFCINDEXEDPOLYCURVE(#6344,(IFCLINEINDEX((1,2,3,4,1))),$);
#6346=IFCARBITRARYCLOSEDPROFILEDEF(.AREA.,$,#6345);
#6347=IFCCARTESIANPOINT((0.,0.,0.));
#6348=IFCDIRECTION((0.,0.,1.));
#6349=IFCDIRECTION((1.,0.,0.));
#6350=IFCAXIS2PLACEMENT3D(#6347,#6348,#6349);
#6351=IFCDIRECTION((0.,0.,1.));
#6352=IFCEXTRUDEDAREASOLID(#6346,#6350,#6351,3.2300000000000004);
#6353=IFCSHAPEREPRESENTATION(#11,'Body','SweptSolid',(#6352));
#6354=IFCPRODUCTDEFINITIONSHAPE($,$,(#6353));
#6355=IFCCOLUMN('2DGnsc$HjRev$jy5EaJXzv',$,'Column Level 06 11','Perimeter column',$,#6362,#6373,$,$);
#6356=IFCMATERIALPROFILESETUSAGE(#285,$,$);
#6357=IFCRELASSOCIATESMATERIAL('0z4d9KJFLVUBHWPSkp1uPc',$,$,$,(#6355),#6356);
#6358=IFCCARTESIANPOINT((-42.36571739289778,-39.805550936869366,0.));
#6359=IFCDIRECTION((0.,0.,1.));
#6360=IFCDIRECTION((1.,0.,0.));
#6361=IFCAXIS2PLACEMENT3D(#6358,#6359,#6360);
#6362=IFCLOCALPLACEMENT(#120,#6361);
#6363=IFCCARTESIANPOINTLIST2D(((0.,0.),(0.65,0.),(0.65,0.65),(0.,0.65)));
#6364=IFCINDEXEDPOLYCURVE(#6363,(IFCLINEINDEX((1,2,3,4,1))),$);
#6365=IFCARBITRARYCLOSEDPROFILEDEF(.AREA.,$,#6364);
#6366=IFCCARTESIANPOINT((0.,0.,0.));
#6367=IFCDIRECTION((0.,0.,1.));
#6368=IFCDIRECTION((1.,0.,0.));
#6369=IFCAXIS2PLACEMENT3D(#6366,#6367,#6368);
#6370=IFCDIRECTION((0.,0.,1.));
#6371=IFCEXTRUDEDAREASOLID(#6365,#6369,#6370,3.2300000000000004);
#6372=IFCSHAPEREPRESENTATION(#11,'Body','SweptSolid',(#6371));
#6373=IFCPRODUCTDEFINITIONSHAPE($,$,(#6372));
#6374=IFCCOLUMN('05DoDtuUXINwV33acJzak2',$,'Column Level 06 12','Perimeter column',$,#6381,#6392,$,$);
#6375=IFCMATERIALPROFILESETUSAGE(#285,$,$);
#6376=IFCRELASSOCIATESMATERIAL('3RpAR7OkvQmh0GpPNNIl8O',$,$,$,(#6374),#6375);
#6377=IFCCARTESIANPOINT((-33.42230002976805,-40.81316488519969,0.));
#6378=IFCDIRECTION((0.,0.,1.));
#6379=IFCDIRECTION((1.,0.,0.));
#6380=IFCAXIS2PLACEMENT3D(#6377,#6378,#6379);
#6381=IFCLOCALPLACEMENT(#120,#6380);
#6382=IFCCARTESIANPOINTLIST2D(((0.,0.),(0.65,0.),(0.65,0.65),(0.,0.65)));
#6383=IFCINDEXEDPOLYCURVE(#6382,(IFCLINEINDEX((1,2,3,4,1))),$);
#6384=IFCARBITRARYCLOSEDPROFILEDEF(.AREA.,$,#6383);
#6385=IFCCARTESIANPOINT((0.,0.,0.));
#6386=IFCDIRECTION((0.,0.,1.));
#6387=IFCDIRECTION((1.,0.,0.));
#6388=IFCAXIS2PLACEMENT3D(#6385,#6386,#6387);
#6389=IFCDIRECTION((0.,0.,1.));
#6390=IFCEXTRUDEDAREASOLID(#6384,#6388,#6389,3.2300000000000004);
#6391=IFCSHAPEREPRESENTATION(#11,'Body','SweptSolid',(#6390));
#6392=IFCPRODUCTDEFINITIONSHAPE($,$,(#6391));
#6393=IFCCOLUMN('3VjU$QKSLPsg9WIFjdNgdD',$,'Column Level 06 13','Perimeter column',$,#6400,#6411,$,$);
#6394=IFCMATERIALPROFILESETUSAGE(#285,$,$);
#6395=IFCRELASSOCIATESMATERIAL('31JKW_zYjPZPELN7$gk6rH',$,$,$,(#6393),#6394);
#6396=IFCCARTESIANPOINT((-25.184442209567386,-40.881806006508846,0.));
#6397=IFCDIRECTION((0.,0.,1.));
#6398=IFCDIRECTION((1.,0.,0.));
#6399=IFCAXIS2PLACEMENT3D(#6396,#6397,#6398);
#6400=IFCLOCALPLACEMENT(#120,#6399);
#6401=IFCCARTESIANPOINTLIST2D(((0.,0.),(0.65,0.),(0.65,0.65),(0.,0.65)));
#6402=IFCINDEXEDPOLYCURVE(#6401,(IFCLINEINDEX((1,2,3,4,1))),$);
#6403=IFCARBITRARYCLOSEDPROFILEDEF(.AREA.,$,#6402);
#6404=IFCCARTESIANPOINT((0.,0.,0.));
#6405=IFCDIRECTION((0.,0.,1.));
#6406=IFCDIRECTION((1.,0.,0.));
#6407=IFCAXIS2PLACEMENT3D(#6404,#6405,#6406);
#6408=IFCDIRECTION((0.,0.,1.));
#6409=IFCEXTRUDEDAREASOLID(#6403,#6407,#6408,3.2300000000000004);
#6410=IFCSHAPEREPRESENTATION(#11,'Body','SweptSolid',(#6409));
#6411=IFCPRODUCTDEFINITIONSHAPE($,$,(#6410));
#6412=IFCCOLUMN('2LYwIRHfHRsf9Lt5tcP6Qd',$,'Column Level 06 14','Perimeter column',$,#6419,#6430,$,$);
#6413=IFCMATERIALPROFILESETUSAGE(#285,$,$);
#6414=IFCRELASSOCIATESMATERIAL('1$tRu4OkXNhvPY4EJ1IaRQ',$,$,$,(#6412),#6413);
#6415=IFCCARTESIANPOINT((-26.65339249664603,-33.774941406333326,0.));
#6416=IFCDIRECTION((0.,0.,1.));
#6417=IFCDIRECTION((1.,0.,0.));
#6418=IFCAXIS2PLACEMENT3D(#6415,#6416,#6417);
#6419=IFCLOCALPLACEMENT(#120,#6418);
#6420=IFCCARTESIANPOINTLIST2D(((0.,0.),(0.65,0.),(0.65,0.65),(0.,0.65)));
#6421=IFCINDEXEDPOLYCURVE(#6420,(IFCLINEINDEX((1,2,3,4,1))),$);
#6422=IFCARBITRARYCLOSEDPROFILEDEF(.AREA.,$,#6421);
#6423=IFCCARTESIANPOINT((0.,0.,0.));
#6424=IFCDIRECTION((0.,0.,1.));
#6425=IFCDIRECTION((1.,0.,0.));
#6426=IFCAXIS2PLACEMENT3D(#6423,#6424,#6425);
#6427=IFCDIRECTION((0.,0.,1.));
#6428=IFCEXTRUDEDAREASOLID(#6422,#6426,#6427,3.2300000000000004);
#6429=IFCSHAPEREPRESENTATION(#11,'Body','SweptSolid',(#6428));
#6430=IFCPRODUCTDEFINITIONSHAPE($,$,(#6429));
#6431=IFCCOLUMN('09X0KSsU5TExKP7pZ5p5av',$,'Column Level 06 15','Perimeter column',$,#6438,#6449,$,$);
#6432=IFCMATERIALPROFILESETUSAGE(#285,$,$);
#6433=IFCRELASSOCIATESMATERIAL('2MA1u40z9IAfQFpGTz0Lht',$,$,$,(#6431),#6432);
#6434=IFCCARTESIANPOINT((-19.159762479346792,-34.48620273088718,0.));
#6435=IFCDIRECTION((0.,0.,1.));
#6436=IFCDIRECTION((1.,0.,0.));
#6437=IFCAXIS2PLACEMENT3D(#6434,#6435,#6436);
#6438=IFCLOCALPLACEMENT(#120,#6437);
#6439=IFCCARTESIANPOINTLIST2D(((0.,0.),(0.65,0.),(0.65,0.65),(0.,0.65)));
#6440=IFCINDEXEDPOLYCURVE(#6439,(IFCLINEINDEX((1,2,3,4,1))),$);
#6441=IFCARBITRARYCLOSEDPROFILEDEF(.AREA.,$,#6440);
#6442=IFCCARTESIANPOINT((0.,0.,0.));
#6443=IFCDIRECTION((0.,0.,1.));
#6444=IFCDIRECTION((1.,0.,0.));
#6445=IFCAXIS2PLACEMENT3D(#6442,#6443,#6444);
#6446=IFCDIRECTION((0.,0.,1.));
#6447=IFCEXTRUDEDAREASOLID(#6441,#6445,#6446,3.2300000000000004);
#6448=IFCSHAPEREPRESENTATION(#11,'Body','SweptSolid',(#6447));
#6449=IFCPRODUCTDEFINITIONSHAPE($,$,(#6448));
#6450=IFCCOLUMN('2ZA3rBFyLMaw9wYTVfp$d1',$,'Column Level 06 16','Perimeter column',$,#6457,#6468,$,$);
#6451=IFCMATERIALPROFILESETUSAGE(#285,$,$);
#6452=IFCRELASSOCIATESMATERIAL('2tZEFV_xHIrA4zruziPh9M',$,$,$,(#6450),#6451);
#6453=IFCCARTESIANPOINT((-10.355660427502574,-36.35376452657493,0.));
#6454=IFCDIRECTION((0.,0.,1.));
#6455=IFCDIRECTION((1.,0.,0.));
#6456=IFCAXIS2PLACEMENT3D(#6453,#6454,#6455);
#6457=IFCLOCALPLACEMENT(#120,#6456);
#6458=IFCCARTESIANPOINTLIST2D(((0.,0.),(0.65,0.),(0.65,0.65),(0.,0.65)));
#6459=IFCINDEXEDPOLYCURVE(#6458,(IFCLINEINDEX((1,2,3,4,1))),$);
#6460=IFCARBITRARYCLOSEDPROFILEDEF(.AREA.,$,#6459);
#6461=IFCCARTESIANPOINT((0.,0.,0.));
#6462=IFCDIRECTION((0.,0.,1.));
#6463=IFCDIRECTION((1.,0.,0.));
#6464=IFCAXIS2PLACEMENT3D(#6461,#6462,#6463);
#6465=IFCDIRECTION((0.,0.,1.));
#6466=IFCEXTRUDEDAREASOLID(#6460,#6464,#6465,3.2300000000000004);
#6467=IFCSHAPEREPRESENTATION(#11,'Body','SweptSolid',(#6466));
#6468=IFCPRODUCTDEFINITIONSHAPE($,$,(#6467));
#6469=IFCCOLUMN('0hDMUC641VWRnKFgiS1Zud',$,'Column Level 06 17','Perimeter column',$,#6476,#6487,$,$);
#6470=IFCMATERIALPROFILESETUSAGE(#285,$,$);
#6471=IFCRELASSOCIATESMATERIAL('0FtJ0SHf5Km97mHGpndcan',$,$,$,(#6469),#6470);
#6472=IFCCARTESIANPOINT((-1.4119923783948154,-37.24828708268734,0.));
#6473=IFCDIRECTION((0.,0.,1.));
#6474=IFCDIRECTION((1.,0.,0.));
#6475=IFCAXIS2PLACEMENT3D(#6472,#6473,#6474);
#6476=IFCLOCALPLACEMENT(#120,#6475);
#6477=IFCCARTESIANPOINTLIST2D(((0.,0.),(0.65,0.),(0.65,0.65),(0.,0.65)));
#6478=IFCINDEXEDPOLYCURVE(#6477,(IFCLINEINDEX((1,2,3,4,1))),$);
#6479=IFCARBITRARYCLOSEDPROFILEDEF(.AREA.,$,#6478);
#6480=IFCCARTESIANPOINT((0.,0.,0.));
#6481=IFCDIRECTION((0.,0.,1.));
#6482=IFCDIRECTION((1.,0.,0.));
#6483=IFCAXIS2PLACEMENT3D(#6480,#6481,#6482);
#6484=IFCDIRECTION((0.,0.,1.));
#6485=IFCEXTRUDEDAREASOLID(#6479,#6483,#6484,3.2300000000000004);
#6486=IFCSHAPEREPRESENTATION(#11,'Body','SweptSolid',(#6485));
#6487=IFCPRODUCTDEFINITIONSHAPE($,$,(#6486));
#6488=IFCCOLUMN('2zeGesLtHTiwT95nHpQ_ri',$,'Column Level 06 18','Perimeter column',$,#6495,#6506,$,$);
#6489=IFCMATERIALPROFILESETUSAGE(#285,$,$);
#6490=IFCRELASSOCIATESMATERIAL('2MpvExNMTGcBWYFapehu9O',$,$,$,(#6488),#6489);
#6491=IFCCARTESIANPOINT((7.556617087268425,-37.30874246944712,0.));
#6492=IFCDIRECTION((0.,0.,1.));
#6493=IFCDIRECTION((1.,0.,0.));
#6494=IFCAXIS2PLACEMENT3D(#6491,#6492,#6493);
#6495=IFCLOCALPLACEMENT(#120,#6494);
#6496=IFCCARTESIANPOINTLIST2D(((0.,0.),(0.65,0.),(0.65,0.65),(0.,0.65)));
#6497=IFCINDEXEDPOLYCURVE(#6496,(IFCLINEINDEX((1,2,3,4,1))),$);
#6498=IFCARBITRARYCLOSEDPROFILEDEF(.AREA.,$,#6497);
#6499=IFCCARTESIANPOINT((0.,0.,0.));
#6500=IFCDIRECTION((0.,0.,1.));
#6501=IFCDIRECTION((1.,0.,0.));
#6502=IFCAXIS2PLACEMENT3D(#6499,#6500,#6501);
#6503=IFCDIRECTION((0.,0.,1.));
#6504=IFCEXTRUDEDAREASOLID(#6498,#6502,#6503,3.2300000000000004);
#6505=IFCSHAPEREPRESENTATION(#11,'Body','SweptSolid',(#6504));
#6506=IFCPRODUCTDEFINITIONSHAPE($,$,(#6505));
#6507=IFCCOLUMN('09NvDcc$vPdOFCbZgrsnMn',$,'Column Level 06 19','Perimeter column',$,#6514,#6525,$,$);
#6508=IFCMATERIALPROFILESETUSAGE(#285,$,$);
#6509=IFCRELASSOCIATESMATERIAL('2_sTfD$wfJvh1yUtpC_xAE',$,$,$,(#6507),#6508);
#6510=IFCCARTESIANPOINT((14.432485599049537,-34.89986456579648,0.));
#6511=IFCDIRECTION((0.,0.,1.));
#6512=IFCDIRECTION((1.,0.,0.));
#6513=IFCAXIS2PLACEMENT3D(#6510,#6511,#6512);
#6514=IFCLOCALPLACEMENT(#120,#6513);
#6515=IFCCARTESIANPOINTLIST2D(((0.,0.),(0.65,0.),(0.65,0.65),(0.,0.65)));
#6516=IFCINDEXEDPOLYCURVE(#6515,(IFCLINEINDEX((1,2,3,4,1))),$);
#6517=IFCARBITRARYCLOSEDPROFILEDEF(.AREA.,$,#6516);
#6518=IFCCARTESIANPOINT((0.,0.,0.));
#6519=IFCDIRECTION((0.,0.,1.));
#6520=IFCDIRECTION((1.,0.,0.));
#6521=IFCAXIS2PLACEMENT3D(#6518,#6519,#6520);
#6522=IFCDIRECTION((0.,0.,1.));
#6523=IFCEXTRUDEDAREASOLID(#6517,#6521,#6522,3.2300000000000004);
#6524=IFCSHAPEREPRESENTATION(#11,'Body','SweptSolid',(#6523));
#6525=IFCPRODUCTDEFINITIONSHAPE($,$,(#6524));
#6526=IFCCOLUMN('3Bhl81z$HKtPS23g$YoahS',$,'Column Level 06 20','Perimeter column',$,#6533,#6544,$,$);
#6527=IFCMATERIALPROFILESETUSAGE(#285,$,$);
#6528=IFCRELASSOCIATESMATERIAL('3znun9LljKjejt_mBNw$yP',$,$,$,(#6526),#6527);
#6529=IFCCARTESIANPOINT((15.304243439888415,-28.602004630647325,0.));
#6530=IFCDIRECTION((0.,0.,1.));
#6531=IFCDIRECTION((1.,0.,0.));
#6532=IFCAXIS2PLACEMENT3D(#6529,#6530,#6531);
#6533=IFCLOCALPLACEMENT(#120,#6532);
#6534=IFCCARTESIANPOINTLIST2D(((0.,0.),(0.65,0.),(0.65,0.65),(0.,0.65)));
#6535=IFCINDEXEDPOLYCURVE(#6534,(IFCLINEINDEX((1,2,3,4,1))),$);
#6536=IFCARBITRARYCLOSEDPROFILEDEF(.AREA.,$,#6535);
#6537=IFCCARTESIANPOINT((0.,0.,0.));
#6538=IFCDIRECTION((0.,0.,1.));
#6539=IFCDIRECTION((1.,0.,0.));
#6540=IFCAXIS2PLACEMENT3D(#6537,#6538,#6539);
#6541=IFCDIRECTION((0.,0.,1.));
#6542=IFCEXTRUDEDAREASOLID(#6536,#6540,#6541,3.2300000000000004);
#6543=IFCSHAPEREPRESENTATION(#11,'Body','SweptSolid',(#6542));
#6544=IFCPRODUCTDEFINITIONSHAPE($,$,(#6543));
#6545=IFCCOLUMN('0xJYJkgjnUXAg$ul4NvbG8',$,'Column Level 06 21','Perimeter column',$,#6552,#6563,$,$);
#6546=IFCMATERIALPROFILESETUSAGE(#285,$,$);
#6547=IFCRELASSOCIATESMATERIAL('3nVdA$cgrT2uaV8xnCiiUl',$,$,$,(#6545),#6546);
#6548=IFCCARTESIANPOINT((14.918817703781357,-22.40688142144573,0.));
#6549=IFCDIRECTION((0.,0.,1.));
#6550=IFCDIRECTION((1.,0.,0.));
#6551=IFCAXIS2PLACEMENT3D(#6548,#6549,#6550);
#6552=IFCLOCALPLACEMENT(#120,#6551);
#6553=IFCCARTESIANPOINTLIST2D(((0.,0.),(0.65,0.),(0.65,0.65),(0.,0.65)));
#6554=IFCINDEXEDPOLYCURVE(#6553,(IFCLINEINDEX((1,2,3,4,1))),$);
#6555=IFCARBITRARYCLOSEDPROFILEDEF(.AREA.,$,#6554);
#6556=IFCCARTESIANPOINT((0.,0.,0.));
#6557=IFCDIRECTION((0.,0.,1.));
#6558=IFCDIRECTION((1.,0.,0.));
#6559=IFCAXIS2PLACEMENT3D(#6556,#6557,#6558);
#6560=IFCDIRECTION((0.,0.,1.));
#6561=IFCEXTRUDEDAREASOLID(#6555,#6559,#6560,3.2300000000000004);
#6562=IFCSHAPEREPRESENTATION(#11,'Body','SweptSolid',(#6561));
#6563=IFCPRODUCTDEFINITIONSHAPE($,$,(#6562));
#6564=IFCCOLUMN('2WHXanhJjJhRasXrGo1PW8',$,'Column Level 06 22','Perimeter column',$,#6571,#6582,$,$);
#6565=IFCMATERIALPROFILESETUSAGE(#285,$,$);
#6566=IFCRELASSOCIATESMATERIAL('2uL1$_BcDLieDHgX9ybfED',$,$,$,(#6564),#6565);
#6567=IFCCARTESIANPOINT((6.548405203631668,-19.15093919329086,0.));
#6568=IFCDIRECTION((0.,0.,1.));
#6569=IFCDIRECTION((1.,0.,0.));
#6570=IFCAXIS2PLACEMENT3D(#6567,#6568,#6569);
#6571=IFCLOCALPLACEMENT(#120,#6570);
#6572=IFCCARTESIANPOINTLIST2D(((0.,0.),(0.65,0.),(0.65,0.65),(0.,0.65)));
#6573=IFCINDEXEDPOLYCURVE(#6572,(IFCLINEINDEX((1,2,3,4,1))),$);
#6574=IFCARBITRARYCLOSEDPROFILEDEF(.AREA.,$,#6573);
#6575=IFCCARTESIANPOINT((0.,0.,0.));
#6576=IFCDIRECTION((0.,0.,1.));
#6577=IFCDIRECTION((1.,0.,0.));
#6578=IFCAXIS2PLACEMENT3D(#6575,#6576,#6577);
#6579=IFCDIRECTION((0.,0.,1.));
#6580=IFCEXTRUDEDAREASOLID(#6574,#6578,#6579,3.2300000000000004);
#6581=IFCSHAPEREPRESENTATION(#11,'Body','SweptSolid',(#6580));
#6582=IFCPRODUCTDEFINITIONSHAPE($,$,(#6581));
#6583=IFCCOLUMN('0veS4WPKTGCwUI3DAROt3B',$,'Column Level 06 23','Perimeter column',$,#6590,#6601,$,$);
#6584=IFCMATERIALPROFILESETUSAGE(#285,$,$);
#6585=IFCRELASSOCIATESMATERIAL('21DrcA_QXPXuzuF38DyQLC',$,$,$,(#6583),#6584);
#6586=IFCCARTESIANPOINT((-2.175840805695464,-16.94016295659488,0.));
#6587=IFCDIRECTION((0.,0.,1.));
#6588=IFCDIRECTION((1.,0.,0.));
#6589=IFCAXIS2PLACEMENT3D(#6586,#6587,#6588);
#6590=IFCLOCALPLACEMENT(#120,#6589);
#6591=IFCCARTESIANPOINTLIST2D(((0.,0.),(0.65,0.),(0.65,0.65),(0.,0.65)));
#6592=IFCINDEXEDPOLYCURVE(#6591,(IFCLINEINDEX((1,2,3,4,1))),$);
#6593=IFCARBITRARYCLOSEDPROFILEDEF(.AREA.,$,#6592);
#6594=IFCCARTESIANPOINT((0.,0.,0.));
#6595=IFCDIRECTION((0.,0.,1.));
#6596=IFCDIRECTION((1.,0.,0.));
#6597=IFCAXIS2PLACEMENT3D(#6594,#6595,#6596);
#6598=IFCDIRECTION((0.,0.,1.));
#6599=IFCEXTRUDEDAREASOLID(#6593,#6597,#6598,3.2300000000000004);
#6600=IFCSHAPEREPRESENTATION(#11,'Body','SweptSolid',(#6599));
#6601=IFCPRODUCTDEFINITIONSHAPE($,$,(#6600));
#6602=IFCCOLUMN('2Dzy8cDTTRWPiMmEuGdHn0',$,'Column Level 06 24','Perimeter column',$,#6609,#6620,$,$);
#6603=IFCMATERIALPROFILESETUSAGE(#285,$,$);
#6604=IFCRELASSOCIATESMATERIAL('19HUuGBlvMieGlaQDUu9RQ',$,$,$,(#6602),#6603);
#6605=IFCCARTESIANPOINT((-11.078075202768748,-15.728025697012125,0.));
#6606=IFCDIRECTION((0.,0.,1.));
#6607=IFCDIRECTION((1.,0.,0.));
#6608=IFCAXIS2PLACEMENT3D(#6605,#6606,#6607);
#6609=IFCLOCALPLACEMENT(#120,#6608);
#6610=IFCCARTESIANPOINTLIST2D(((0.,0.),(0.65,0.),(0.65,0.65),(0.,0.65)));
#6611=IFCINDEXEDPOLYCURVE(#6610,(IFCLINEINDEX((1,2,3,4,1))),$);
#6612=IFCARBITRARYCLOSEDPROFILEDEF(.AREA.,$,#6611);
#6613=IFCCARTESIANPOINT((0.,0.,0.));
#6614=IFCDIRECTION((0.,0.,1.));
#6615=IFCDIRECTION((1.,0.,0.));
#6616=IFCAXIS2PLACEMENT3D(#6613,#6614,#6615);
#6617=IFCDIRECTION((0.,0.,1.));
#6618=IFCEXTRUDEDAREASOLID(#6612,#6616,#6617,3.2300000000000004);
#6619=IFCSHAPEREPRESENTATION(#11,'Body','SweptSolid',(#6618));
#6620=IFCPRODUCTDEFINITIONSHAPE($,$,(#6619));
#6621=IFCCOLUMN('2AERpeF0rSzwMpyFBdqr_j',$,'Column Level 06 25','Perimeter column',$,#6628,#6639,$,$);
#6622=IFCMATERIALPROFILESETUSAGE(#285,$,$);
#6623=IFCRELASSOCIATESMATERIAL('11uW6q2UPICuB$DO1vTmJj',$,$,$,(#6621),#6622);
#6624=IFCCARTESIANPOINT((-20.051030690257935,-15.185906760550205,0.));
#6625=IFCDIRECTION((0.,0.,1.));
#6626=IFCDIRECTION((1.,0.,0.));
#6627=IFCAXIS2PLACEMENT3D(#6624,#6625,#6626);
#6628=IFCLOCALPLACEMENT(#120,#6627);
#6629=IFCCARTESIANPOINTLIST2D(((0.,0.),(0.65,0.),(0.65,0.65),(0.,0.65)));
#6630=IFCINDEXEDPOLYCURVE(#6629,(IFCLINEINDEX((1,2,3,4,1))),$);
#6631=IFCARBITRARYCLOSEDPROFILEDEF(.AREA.,$,#6630);
#6632=IFCCARTESIANPOINT((0.,0.,0.));
#6633=IFCDIRECTION((0.,0.,1.));
#6634=IFCDIRECTION((1.,0.,0.));
#6635=IFCAXIS2PLACEMENT3D(#6632,#6633,#6634);
#6636=IFCDIRECTION((0.,0.,1.));
#6637=IFCEXTRUDEDAREASOLID(#6631,#6635,#6636,3.2300000000000004);
#6638=IFCSHAPEREPRESENTATION(#11,'Body','SweptSolid',(#6637));
#6639=IFCPRODUCTDEFINITIONSHAPE($,$,(#6638));
#6640=IFCCOLUMN('2TMUeg0ADK8QXWCNru6Bq0',$,'Column Level 06 26','Perimeter column',$,#6647,#6658,$,$);
#6641=IFCMATERIALPROFILESETUSAGE(#285,$,$);
#6642=IFCRELASSOCIATESMATERIAL('1kRcSynZnVrAs5IYQhlzcG',$,$,$,(#6640),#6641);
#6643=IFCCARTESIANPOINT((-21.207961898406772,-12.474249752684926,0.));
#6644=IFCDIRECTION((0.,0.,1.));
#6645=IFCDIRECTION((1.,0.,0.));
#6646=IFCAXIS2PLACEMENT3D(#6643,#6644,#6645);
#6647=IFCLOCALPLACEMENT(#120,#6646);
#6648=IFCCARTESIANPOINTLIST2D(((0.,0.),(0.65,0.),(0.65,0.65),(0.,0.65)));
#6649=IFCINDEXEDPOLYCURVE(#6648,(IFCLINEINDEX((1,2,3,4,1))),$);
#6650=IFCARBITRARYCLOSEDPROFILEDEF(.AREA.,$,#6649);
#6651=IFCCARTESIANPOINT((0.,0.,0.));
#6652=IFCDIRECTION((0.,0.,1.));
#6653=IFCDIRECTION((1.,0.,0.));
#6654=IFCAXIS2PLACEMENT3D(#6651,#6652,#6653);
#6655=IFCDIRECTION((0.,0.,1.));
#6656=IFCEXTRUDEDAREASOLID(#6650,#6654,#6655,3.2300000000000004);
#6657=IFCSHAPEREPRESENTATION(#11,'Body','SweptSolid',(#6656));
#6658=IFCPRODUCTDEFINITIONSHAPE($,$,(#6657));
#6659=IFCCOLUMN('2Ghi8M0CTGSPB0ddXagC73',$,'Column Level 07 01','Perimeter column',$,#6666,#6677,$,$);
#6660=IFCMATERIALPROFILESETUSAGE(#285,$,$);
#6661=IFCRELASSOCIATESMATERIAL('1Wfqm4BEXHORFkiPlyrn4i',$,$,$,(#6659),#6660);
#6662=IFCCARTESIANPOINT((-20.08,-5.493,0.));
#6663=IFCDIRECTION((0.,0.,1.));
#6664=IFCDIRECTION((1.,0.,0.));
#6665=IFCAXIS2PLACEMENT3D(#6662,#6663,#6664);
#6666=IFCLOCALPLACEMENT(#127,#6665);
#6667=IFCCARTESIANPOINTLIST2D(((0.,0.),(0.65,0.),(0.65,0.65),(0.,0.65)));
#6668=IFCINDEXEDPOLYCURVE(#6667,(IFCLINEINDEX((1,2,3,4,1))),$);
#6669=IFCARBITRARYCLOSEDPROFILEDEF(.AREA.,$,#6668);
#6670=IFCCARTESIANPOINT((0.,0.,0.));
#6671=IFCDIRECTION((0.,0.,1.));
#6672=IFCDIRECTION((1.,0.,0.));
#6673=IFCAXIS2PLACEMENT3D(#6670,#6671,#6672);
#6674=IFCDIRECTION((0.,0.,1.));
#6675=IFCEXTRUDEDAREASOLID(#6669,#6673,#6674,3.219999999999999);
#6676=IFCSHAPEREPRESENTATION(#11,'Body','SweptSolid',(#6675));
#6677=IFCPRODUCTDEFINITIONSHAPE($,$,(#6676));
#6678=IFCCOLUMN('2w5sYCkLnPyOwDA$lDbJUi',$,'Column Level 07 02','Perimeter column',$,#6685,#6696,$,$);
#6679=IFCMATERIALPROFILESETUSAGE(#285,$,$);
#6680=IFCRELASSOCIATESMATERIAL('3w3wZ5XrXGogSkr320cQOg',$,$,$,(#6678),#6679);
#6681=IFCCARTESIANPOINT((-28.981288475244607,-4.163690600169577,0.));
#6682=IFCDIRECTION((0.,0.,1.));
#6683=IFCDIRECTION((1.,0.,0.));
#6684=IFCAXIS2PLACEMENT3D(#6681,#6682,#6683);
#6685=IFCLOCALPLACEMENT(#127,#6684);
#6686=IFCCARTESIANPOINTLIST2D(((0.,0.),(0.65,0.),(0.65,0.65),(0.,0.65)));
#6687=IFCINDEXEDPOLYCURVE(#6686,(IFCLINEINDEX((1,2,3,4,1))),$);
#6688=IFCARBITRARYCLOSEDPROFILEDEF(.AREA.,$,#6687);
#6689=IFCCARTESIANPOINT((0.,0.,0.));
#6690=IFCDIRECTION((0.,0.,1.));
#6691=IFCDIRECTION((1.,0.,0.));
#6692=IFCAXIS2PLACEMENT3D(#6689,#6690,#6691);
#6693=IFCDIRECTION((0.,0.,1.));
#6694=IFCEXTRUDEDAREASOLID(#6688,#6692,#6693,3.219999999999999);
#6695=IFCSHAPEREPRESENTATION(#11,'Body','SweptSolid',(#6694));
#6696=IFCPRODUCTDEFINITIONSHAPE($,$,(#6695));
#6697=IFCCOLUMN('2dYfE1AHPQp92sRojeSCuB',$,'Column Level 07 03','Perimeter column',$,#6704,#6715,$,$);
#6698=IFCMATERIALPROFILESETUSAGE(#285,$,$);
#6699=IFCRELASSOCIATESMATERIAL('30j14OyODG4PQave1As2OP',$,$,$,(#6697),#6698);
#6700=IFCCARTESIANPOINT((-37.882576950489224,-2.8343812003391546,0.));
#6701=IFCDIRECTION((0.,0.,1.));
#6702=IFCDIRECTION((1.,0.,0.));
#6703=IFCAXIS2PLACEMENT3D(#6700,#6701,#6702);
#6704=IFCLOCALPLACEMENT(#127,#6703);
#6705=IFCCARTESIANPOINTLIST2D(((0.,0.),(0.65,0.),(0.65,0.65),(0.,0.65)));
#6706=IFCINDEXEDPOLYCURVE(#6705,(IFCLINEINDEX((1,2,3,4,1))),$);
#6707=IFCARBITRARYCLOSEDPROFILEDEF(.AREA.,$,#6706);
#6708=IFCCARTESIANPOINT((0.,0.,0.));
#6709=IFCDIRECTION((0.,0.,1.));
#6710=IFCDIRECTION((1.,0.,0.));
#6711=IFCAXIS2PLACEMENT3D(#6708,#6709,#6710);
#6712=IFCDIRECTION((0.,0.,1.));
#6713=IFCEXTRUDEDAREASOLID(#6707,#6711,#6712,3.219999999999999);
#6714=IFCSHAPEREPRESENTATION(#11,'Body','SweptSolid',(#6713));
#6715=IFCPRODUCTDEFINITIONSHAPE($,$,(#6714));
#6716=IFCCOLUMN('0cNNxg1$XJqhUiOf3w_IGY',$,'Column Level 07 04','Perimeter column',$,#6723,#6734,$,$);
#6717=IFCMATERIALPROFILESETUSAGE(#285,$,$);
#6718=IFCRELASSOCIATESMATERIAL('2NWazHbvXPmf1$hFOLm1F1',$,$,$,(#6716),#6717);
#6719=IFCCARTESIANPOINT((-46.78386542573382,-1.505071800508732,0.));
#6720=IFCDIRECTION((0.,0.,1.));
#6721=IFCDIRECTION((1.,0.,0.));
#6722=IFCAXIS2PLACEMENT3D(#6719,#6720,#6721);
#6723=IFCLOCALPLACEMENT(#127,#6722);
#6724=IFCCARTESIANPOINTLIST2D(((0.,0.),(0.65,0.),(0.65,0.65),(0.,0.65)));
#6725=IFCINDEXEDPOLYCURVE(#6724,(IFCLINEINDEX((1,2,3,4,1))),$);
#6726=IFCARBITRARYCLOSEDPROFILEDEF(.AREA.,$,#6725);
#6727=IFCCARTESIANPOINT((0.,0.,0.));
#6728=IFCDIRECTION((0.,0.,1.));
#6729=IFCDIRECTION((1.,0.,0.));
#6730=IFCAXIS2PLACEMENT3D(#6727,#6728,#6729);
#6731=IFCDIRECTION((0.,0.,1.));
#6732=IFCEXTRUDEDAREASOLID(#6726,#6730,#6731,3.219999999999999);
#6733=IFCSHAPEREPRESENTATION(#11,'Body','SweptSolid',(#6732));
#6734=IFCPRODUCTDEFINITIONSHAPE($,$,(#6733));
#6735=IFCCOLUMN('0pSIuSOETVHB_CVeNLrmop',$,'Column Level 07 05','Perimeter column',$,#6742,#6753,$,$);
#6736=IFCMATERIALPROFILESETUSAGE(#285,$,$);
#6737=IFCRELASSOCIATESMATERIAL('10k30EZrLIGwWMDk0NzVNK',$,$,$,(#6735),#6736);
#6738=IFCCARTESIANPOINT((-54.26026025638299,-2.0670889695323655,0.));
#6739=IFCDIRECTION((0.,0.,1.));
#6740=IFCDIRECTION((1.,0.,0.));
#6741=IFCAXIS2PLACEMENT3D(#6738,#6739,#6740);
#6742=IFCLOCALPLACEMENT(#127,#6741);
#6743=IFCCARTESIANPOINTLIST2D(((0.,0.),(0.65,0.),(0.65,0.65),(0.,0.65)));
#6744=IFCINDEXEDPOLYCURVE(#6743,(IFCLINEINDEX((1,2,3,4,1))),$);
#6745=IFCARBITRARYCLOSEDPROFILEDEF(.AREA.,$,#6744);
#6746=IFCCARTESIANPOINT((0.,0.,0.));
#6747=IFCDIRECTION((0.,0.,1.));
#6748=IFCDIRECTION((1.,0.,0.));
#6749=IFCAXIS2PLACEMENT3D(#6746,#6747,#6748);
#6750=IFCDIRECTION((0.,0.,1.));
#6751=IFCEXTRUDEDAREASOLID(#6745,#6749,#6750,3.219999999999999);
#6752=IFCSHAPEREPRESENTATION(#11,'Body','SweptSolid',(#6751));
#6753=IFCPRODUCTDEFINITIONSHAPE($,$,(#6752));
#6754=IFCCOLUMN('1j$eY3TMLQ4AWD7xjuPD97',$,'Column Level 07 06','Perimeter column',$,#6761,#6772,$,$);
#6755=IFCMATERIALPROFILESETUSAGE(#285,$,$);
#6756=IFCRELASSOCIATESMATERIAL('2_r6zb99rP8ueAodtqeIqv',$,$,$,(#6754),#6755);
#6757=IFCCARTESIANPOINT((-55.43791858372876,-10.989707467710643,0.));
#6758=IFCDIRECTION((0.,0.,1.));
#6759=IFCDIRECTION((1.,0.,0.));
#6760=IFCAXIS2PLACEMENT3D(#6757,#6758,#6759);
#6761=IFCLOCALPLACEMENT(#127,#6760);
#6762=IFCCARTESIANPOINTLIST2D(((0.,0.),(0.65,0.),(0.65,0.65),(0.,0.65)));
#6763=IFCINDEXEDPOLYCURVE(#6762,(IFCLINEINDEX((1,2,3,4,1))),$);
#6764=IFCARBITRARYCLOSEDPROFILEDEF(.AREA.,$,#6763);
#6765=IFCCARTESIANPOINT((0.,0.,0.));
#6766=IFCDIRECTION((0.,0.,1.));
#6767=IFCDIRECTION((1.,0.,0.));
#6768=IFCAXIS2PLACEMENT3D(#6765,#6766,#6767);
#6769=IFCDIRECTION((0.,0.,1.));
#6770=IFCEXTRUDEDAREASOLID(#6764,#6768,#6769,3.219999999999999);
#6771=IFCSHAPEREPRESENTATION(#11,'Body','SweptSolid',(#6770));
#6772=IFCPRODUCTDEFINITIONSHAPE($,$,(#6771));
#6773=IFCCOLUMN('0V8arxPjfPPAq5CVyiSXcS',$,'Column Level 07 07','Perimeter column',$,#6780,#6791,$,$);
#6774=IFCMATERIALPROFILESETUSAGE(#285,$,$);
#6775=IFCRELASSOCIATESMATERIAL('25wcFdXm5KdQhPzmlqr5fe',$,$,$,(#6773),#6774);
#6776=IFCCARTESIANPOINT((-56.61557691107452,-19.91232596588892,0.));
#6777=IFCDIRECTION((0.,0.,1.));
#6778=IFCDIRECTION((1.,0.,0.));
#6779=IFCAXIS2PLACEMENT3D(#6776,#6777,#6778);
#6780=IFCLOCALPLACEMENT(#127,#6779);
#6781=IFCCARTESIANPOINTLIST2D(((0.,0.),(0.65,0.),(0.65,0.65),(0.,0.65)));
#6782=IFCINDEXEDPOLYCURVE(#6781,(IFCLINEINDEX((1,2,3,4,1))),$);
#6783=IFCARBITRARYCLOSEDPROFILEDEF(.AREA.,$,#6782);
#6784=IFCCARTESIANPOINT((0.,0.,0.));
#6785=IFCDIRECTION((0.,0.,1.));
#6786=IFCDIRECTION((1.,0.,0.));
#6787=IFCAXIS2PLACEMENT3D(#6784,#6785,#6786);
#6788=IFCDIRECTION((0.,0.,1.));
#6789=IFCEXTRUDEDAREASOLID(#6783,#6787,#6788,3.219999999999999);
#6790=IFCSHAPEREPRESENTATION(#11,'Body','SweptSolid',(#6789));
#6791=IFCPRODUCTDEFINITIONSHAPE($,$,(#6790));
#6792=IFCCOLUMN('0ekISd2zLQNBjWp2iO2fpk',$,'Column Level 07 08','Perimeter column',$,#6799,#6810,$,$);
#6793=IFCMATERIALPROFILESETUSAGE(#285,$,$);
#6794=IFCRELASSOCIATESMATERIAL('3btQTbLb5M1Rnt09Y_PL32',$,$,$,(#6792),#6793);
#6795=IFCCARTESIANPOINT((-57.79323523842029,-28.8349444640672,0.));
#6796=IFCDIRECTION((0.,0.,1.));
#6797=IFCDIRECTION((1.,0.,0.));
#6798=IFCAXIS2PLACEMENT3D(#6795,#6796,#6797);
#6799=IFCLOCALPLACEMENT(#127,#6798);
#6800=IFCCARTESIANPOINTLIST2D(((0.,0.),(0.65,0.),(0.65,0.65),(0.,0.65)));
#6801=IFCINDEXEDPOLYCURVE(#6800,(IFCLINEINDEX((1,2,3,4,1))),$);
#6802=IFCARBITRARYCLOSEDPROFILEDEF(.AREA.,$,#6801);
#6803=IFCCARTESIANPOINT((0.,0.,0.));
#6804=IFCDIRECTION((0.,0.,1.));
#6805=IFCDIRECTION((1.,0.,0.));
#6806=IFCAXIS2PLACEMENT3D(#6803,#6804,#6805);
#6807=IFCDIRECTION((0.,0.,1.));
#6808=IFCEXTRUDEDAREASOLID(#6802,#6806,#6807,3.219999999999999);
#6809=IFCSHAPEREPRESENTATION(#11,'Body','SweptSolid',(#6808));
#6810=IFCPRODUCTDEFINITIONSHAPE($,$,(#6809));
#6811=IFCCOLUMN('35GUFNlknLzxte0Vl2clih',$,'Column Level 07 09','Perimeter column',$,#6818,#6829,$,$);
#6812=IFCMATERIALPROFILESETUSAGE(#285,$,$);
#6813=IFCRELASSOCIATESMATERIAL('2IvU3nwFXV$xyFtY5f6hYR',$,$,$,(#6811),#6812);
#6814=IFCCARTESIANPOINT((-58.59365509625174,-37.46249592135425,0.));
#6815=IFCDIRECTION((0.,0.,1.));
#6816=IFCDIRECTION((1.,0.,0.));
#6817=IFCAXIS2PLACEMENT3D(#6814,#6815,#6816);
#6818=IFCLOCALPLACEMENT(#127,#6817);
#6819=IFCCARTESIANPOINTLIST2D(((0.,0.),(0.65,0.),(0.65,0.65),(0.,0.65)));
#6820=IFCINDEXEDPOLYCURVE(#6819,(IFCLINEINDEX((1,2,3,4,1))),$);
#6821=IFCARBITRARYCLOSEDPROFILEDEF(.AREA.,$,#6820);
#6822=IFCCARTESIANPOINT((0.,0.,0.));
#6823=IFCDIRECTION((0.,0.,1.));
#6824=IFCDIRECTION((1.,0.,0.));
#6825=IFCAXIS2PLACEMENT3D(#6822,#6823,#6824);
#6826=IFCDIRECTION((0.,0.,1.));
#6827=IFCEXTRUDEDAREASOLID(#6821,#6825,#6826,3.219999999999999);
#6828=IFCSHAPEREPRESENTATION(#11,'Body','SweptSolid',(#6827));
#6829=IFCPRODUCTDEFINITIONSHAPE($,$,(#6828));
#6830=IFCCOLUMN('1EpJ8xztnH0wcdHKAMrrek',$,'Column Level 07 10','Perimeter column',$,#6837,#6848,$,$);
#6831=IFCMATERIALPROFILESETUSAGE(#285,$,$);
#6832=IFCRELASSOCIATESMATERIAL('0MrX6HWlfJlROjLFmNtY34',$,$,$,(#6830),#6831);
#6833=IFCCARTESIANPOINT((-49.650057215191545,-38.46850632979724,0.));
#6834=IFCDIRECTION((0.,0.,1.));
#6835=IFCDIRECTION((1.,0.,0.));
#6836=IFCAXIS2PLACEMENT3D(#6833,#6834,#6835);
#6837=IFCLOCALPLACEMENT(#127,#6836);
#6838=IFCCARTESIANPOINTLIST2D(((0.,0.),(0.65,0.),(0.65,0.65),(0.,0.65)));
#6839=IFCINDEXEDPOLYCURVE(#6838,(IFCLINEINDEX((1,2,3,4,1))),$);
#6840=IFCARBITRARYCLOSEDPROFILEDEF(.AREA.,$,#6839);
#6841=IFCCARTESIANPOINT((0.,0.,0.));
#6842=IFCDIRECTION((0.,0.,1.));
#6843=IFCDIRECTION((1.,0.,0.));
#6844=IFCAXIS2PLACEMENT3D(#6841,#6842,#6843);
#6845=IFCDIRECTION((0.,0.,1.));
#6846=IFCEXTRUDEDAREASOLID(#6840,#6844,#6845,3.219999999999999);
#6847=IFCSHAPEREPRESENTATION(#11,'Body','SweptSolid',(#6846));
#6848=IFCPRODUCTDEFINITIONSHAPE($,$,(#6847));
#6849=IFCCOLUMN('0CbLjEe0PIT82QVFPU1yxM',$,'Column Level 07 11','Perimeter column',$,#6856,#6867,$,$);
#6850=IFCMATERIALPROFILESETUSAGE(#285,$,$);
#6851=IFCRELASSOCIATESMATERIAL('2hwgkJj0nPkRlh$aVk6kYo',$,$,$,(#6849),#6850);
#6852=IFCCARTESIANPOINT((-40.70645933413135,-39.47451673824025,0.));
#6853=IFCDIRECTION((0.,0.,1.));
#6854=IFCDIRECTION((1.,0.,0.));
#6855=IFCAXIS2PLACEMENT3D(#6852,#6853,#6854);
#6856=IFCLOCALPLACEMENT(#127,#6855);
#6857=IFCCARTESIANPOINTLIST2D(((0.,0.),(0.65,0.),(0.65,0.65),(0.,0.65)));
#6858=IFCINDEXEDPOLYCURVE(#6857,(IFCLINEINDEX((1,2,3,4,1))),$);
#6859=IFCARBITRARYCLOSEDPROFILEDEF(.AREA.,$,#6858);
#6860=IFCCARTESIANPOINT((0.,0.,0.));
#6861=IFCDIRECTION((0.,0.,1.));
#6862=IFCDIRECTION((1.,0.,0.));
#6863=IFCAXIS2PLACEMENT3D(#6860,#6861,#6862);
#6864=IFCDIRECTION((0.,0.,1.));
#6865=IFCEXTRUDEDAREASOLID(#6859,#6863,#6864,3.219999999999999);
#6866=IFCSHAPEREPRESENTATION(#11,'Body','SweptSolid',(#6865));
#6867=IFCPRODUCTDEFINITIONSHAPE($,$,(#6866));
#6868=IFCCOLUMN('1bZ9sLa6nN1ejeV$NzIvB1',$,'Column Level 07 12','Perimeter column',$,#6875,#6886,$,$);
#6869=IFCMATERIALPROFILESETUSAGE(#285,$,$);
#6870=IFCRELASSOCIATESMATERIAL('1hvQBZ2jjP9fKyZ87I9e9X',$,$,$,(#6868),#6869);
#6871=IFCCARTESIANPOINT((-31.762861453071157,-40.48052714668325,0.));
#6872=IFCDIRECTION((0.,0.,1.));
#6873=IFCDIRECTION((1.,0.,0.));
#6874=IFCAXIS2PLACEMENT3D(#6871,#6872,#6873);
#6875=IFCLOCALPLACEMENT(#127,#6874);
#6876=IFCCARTESIANPOINTLIST2D(((0.,0.),(0.65,0.),(0.65,0.65),(0.,0.65)));
#6877=IFCINDEXEDPOLYCURVE(#6876,(IFCLINEINDEX((1,2,3,4,1))),$);
#6878=IFCARBITRARYCLOSEDPROFILEDEF(.AREA.,$,#6877);
#6879=IFCCARTESIANPOINT((0.,0.,0.));
#6880=IFCDIRECTION((0.,0.,1.));
#6881=IFCDIRECTION((1.,0.,0.));
#6882=IFCAXIS2PLACEMENT3D(#6879,#6880,#6881);
#6883=IFCDIRECTION((0.,0.,1.));
#6884=IFCEXTRUDEDAREASOLID(#6878,#6882,#6883,3.219999999999999);
#6885=IFCSHAPEREPRESENTATION(#11,'Body','SweptSolid',(#6884));
#6886=IFCPRODUCTDEFINITIONSHAPE($,$,(#6885));
#6887=IFCCOLUMN('2en0FhXujNhh3LrWjlnNz0',$,'Column Level 07 13','Perimeter column',$,#6894,#6905,$,$);
#6888=IFCMATERIALPROFILESETUSAGE(#285,$,$);
#6889=IFCRELASSOCIATESMATERIAL('3Xs1RSnbzOwQJJSJa0tIdT',$,$,$,(#6887),#6888);
#6890=IFCCARTESIANPOINT((-24.504807245607534,-39.24297322505956,0.));
#6891=IFCDIRECTION((0.,0.,1.));
#6892=IFCDIRECTION((1.,0.,0.));
#6893=IFCAXIS2PLACEMENT3D(#6890,#6891,#6892);
#6894=IFCLOCALPLACEMENT(#127,#6893);
#6895=IFCCARTESIANPOINTLIST2D(((0.,0.),(0.65,0.),(0.65,0.65),(0.,0.65)));
#6896=IFCINDEXEDPOLYCURVE(#6895,(IFCLINEINDEX((1,2,3,4,1))),$);
#6897=IFCARBITRARYCLOSEDPROFILEDEF(.AREA.,$,#6896);
#6898=IFCCARTESIANPOINT((0.,0.,0.));
#6899=IFCDIRECTION((0.,0.,1.));
#6900=IFCDIRECTION((1.,0.,0.));
#6901=IFCAXIS2PLACEMENT3D(#6898,#6899,#6900);
#6902=IFCDIRECTION((0.,0.,1.));
#6903=IFCEXTRUDEDAREASOLID(#6897,#6901,#6902,3.219999999999999);
#6904=IFCSHAPEREPRESENTATION(#11,'Body','SweptSolid',(#6903));
#6905=IFCPRODUCTDEFINITIONSHAPE($,$,(#6904));
#6906=IFCCOLUMN('113$lmLVPLy87b2nCNGgoT',$,'Column Level 07 14','Perimeter column',$,#6913,#6924,$,$);
#6907=IFCMATERIALPROFILESETUSAGE(#285,$,$);
#6908=IFCRELASSOCIATESMATERIAL('0fVH67Nu9NXx0NgcaIr1P8',$,$,$,(#6906),#6907);
#6909=IFCCARTESIANPOINT((-25.934888563790732,-32.11801432271426,0.));
#6910=IFCDIRECTION((0.,0.,1.));
#6911=IFCDIRECTION((1.,0.,0.));
#6912=IFCAXIS2PLACEMENT3D(#6909,#6910,#6911);
#6913=IFCLOCALPLACEMENT(#127,#6912);
#6914=IFCCARTESIANPOINTLIST2D(((0.,0.),(0.65,0.),(0.65,0.65),(0.,0.65)));
#6915=IFCINDEXEDPOLYCURVE(#6914,(IFCLINEINDEX((1,2,3,4,1))),$);
#6916=IFCARBITRARYCLOSEDPROFILEDEF(.AREA.,$,#6915);
#6917=IFCCARTESIANPOINT((0.,0.,0.));
#6918=IFCDIRECTION((0.,0.,1.));
#6919=IFCDIRECTION((1.,0.,0.));
#6920=IFCAXIS2PLACEMENT3D(#6917,#6918,#6919);
#6921=IFCDIRECTION((0.,0.,1.));
#6922=IFCEXTRUDEDAREASOLID(#6916,#6920,#6921,3.219999999999999);
#6923=IFCSHAPEREPRESENTATION(#11,'Body','SweptSolid',(#6922));
#6924=IFCPRODUCTDEFINITIONSHAPE($,$,(#6923));
#6925=IFCCOLUMN('3espyRoxrQSOgeHByA9QM4',$,'Column Level 07 15','Perimeter column',$,#6932,#6943,$,$);
#6926=IFCMATERIALPROFILESETUSAGE(#285,$,$);
#6927=IFCRELASSOCIATESMATERIAL('2t5uD3fGTRlQpghYqICh2Y',$,$,$,(#6925),#6926);
#6928=IFCCARTESIANPOINT((-17.37557918574885,-34.389572601789396,0.));
#6929=IFCDIRECTION((0.,0.,1.));
#6930=IFCDIRECTION((1.,0.,0.));
#6931=IFCAXIS2PLACEMENT3D(#6928,#6929,#6930);
#6932=IFCLOCALPLACEMENT(#127,#6931);
#6933=IFCCARTESIANPOINTLIST2D(((0.,0.),(0.65,0.),(0.65,0.65),(0.,0.65)));
#6934=IFCINDEXEDPOLYCURVE(#6933,(IFCLINEINDEX((1,2,3,4,1))),$);
#6935=IFCARBITRARYCLOSEDPROFILEDEF(.AREA.,$,#6934);
#6936=IFCCARTESIANPOINT((0.,0.,0.));
#6937=IFCDIRECTION((0.,0.,1.));
#6938=IFCDIRECTION((1.,0.,0.));
#6939=IFCAXIS2PLACEMENT3D(#6936,#6937,#6938);
#6940=IFCDIRECTION((0.,0.,1.));
#6941=IFCEXTRUDEDAREASOLID(#6935,#6939,#6940,3.219999999999999);
#6942=IFCSHAPEREPRESENTATION(#11,'Body','SweptSolid',(#6941));
#6943=IFCPRODUCTDEFINITIONSHAPE($,$,(#6942));
#6944=IFCCOLUMN('3bEBa6C4rGy9bvKUz1x_Dv',$,'Column Level 07 16','Perimeter column',$,#6951,#6962,$,$);
#6945=IFCMATERIALPROFILESETUSAGE(#285,$,$);
#6946=IFCRELASSOCIATESMATERIAL('13w8$AJ$vUcBFN_jgYm1GQ',$,$,$,(#6944),#6945);
#6947=IFCCARTESIANPOINT((-8.571405288972937,-36.25679567237566,0.));
#6948=IFCDIRECTION((0.,0.,1.));
#6949=IFCDIRECTION((1.,0.,0.));
#6950=IFCAXIS2PLACEMENT3D(#6947,#6948,#6949);
#6951=IFCLOCALPLACEMENT(#127,#6950);
#6952=IFCCARTESIANPOINTLIST2D(((0.,0.),(0.65,0.),(0.65,0.65),(0.,0.65)));
#6953=IFCINDEXEDPOLYCURVE(#6952,(IFCLINEINDEX((1,2,3,4,1))),$);
#6954=IFCARBITRARYCLOSEDPROFILEDEF(.AREA.,$,#6953);
#6955=IFCCARTESIANPOINT((0.,0.,0.));
#6956=IFCDIRECTION((0.,0.,1.));
#6957=IFCDIRECTION((1.,0.,0.));
#6958=IFCAXIS2PLACEMENT3D(#6955,#6956,#6957);
#6959=IFCDIRECTION((0.,0.,1.));
#6960=IFCEXTRUDEDAREASOLID(#6954,#6958,#6959,3.219999999999999);
#6961=IFCSHAPEREPRESENTATION(#11,'Body','SweptSolid',(#6960));
#6962=IFCPRODUCTDEFINITIONSHAPE($,$,(#6961));
#6963=IFCCOLUMN('3Pw6nlxTTJFQZbinq_6khp',$,'Column Level 07 17','Perimeter column',$,#6970,#6981,$,$);
#6964=IFCMATERIALPROFILESETUSAGE(#285,$,$);
#6965=IFCRELASSOCIATESMATERIAL('0EdDD65zrPohuM4ITo6UrI',$,$,$,(#6963),#6964);
#6966=IFCCARTESIANPOINT((0.4009403927717791,-36.953043959166564,0.));
#6967=IFCDIRECTION((0.,0.,1.));
#6968=IFCDIRECTION((1.,0.,0.));
#6969=IFCAXIS2PLACEMENT3D(#6966,#6967,#6968);
#6970=IFCLOCALPLACEMENT(#127,#6969);
#6971=IFCCARTESIANPOINTLIST2D(((0.,0.),(0.65,0.),(0.65,0.65),(0.,0.65)));
#6972=IFCINDEXEDPOLYCURVE(#6971,(IFCLINEINDEX((1,2,3,4,1))),$);
#6973=IFCARBITRARYCLOSEDPROFILEDEF(.AREA.,$,#6972);
#6974=IFCCARTESIANPOINT((0.,0.,0.));
#6975=IFCDIRECTION((0.,0.,1.));
#6976=IFCDIRECTION((1.,0.,0.));
#6977=IFCAXIS2PLACEMENT3D(#6974,#6975,#6976);
#6978=IFCDIRECTION((0.,0.,1.));
#6979=IFCEXTRUDEDAREASOLID(#6973,#6977,#6978,3.219999999999999);
#6980=IFCSHAPEREPRESENTATION(#11,'Body','SweptSolid',(#6979));
#6981=IFCPRODUCTDEFINITIONSHAPE($,$,(#6980));
#6982=IFCCOLUMN('0os$97RZnGQR263nBOxxxU',$,'Column Level 07 18','Perimeter column',$,#6989,#7000,$,$);
#6983=IFCMATERIALPROFILESETUSAGE(#285,$,$);
#6984=IFCRELASSOCIATESMATERIAL('1F5Cs35pnLvud17qRJoAhC',$,$,$,(#6982),#6983);
#6985=IFCCARTESIANPOINT((9.367063973219551,-36.732422720301045,0.));
#6986=IFCDIRECTION((0.,0.,1.));
#6987=IFCDIRECTION((1.,0.,0.));
#6988=IFCAXIS2PLACEMENT3D(#6985,#6986,#6987);
#6989=IFCLOCALPLACEMENT(#127,#6988);
#6990=IFCCARTESIANPOINTLIST2D(((0.,0.),(0.65,0.),(0.65,0.65),(0.,0.65)));
#6991=IFCINDEXEDPOLYCURVE(#6990,(IFCLINEINDEX((1,2,3,4,1))),$);
#6992=IFCARBITRARYCLOSEDPROFILEDEF(.AREA.,$,#6991);
#6993=IFCCARTESIANPOINT((0.,0.,0.));
#6994=IFCDIRECTION((0.,0.,1.));
#6995=IFCDIRECTION((1.,0.,0.));
#6996=IFCAXIS2PLACEMENT3D(#6993,#6994,#6995);
#6997=IFCDIRECTION((0.,0.,1.));
#6998=IFCEXTRUDEDAREASOLID(#6992,#6996,#6997,3.219999999999999);
#6999=IFCSHAPEREPRESENTATION(#11,'Body','SweptSolid',(#6998));
#7000=IFCPRODUCTDEFINITIONSHAPE($,$,(#6999));
#7001=IFCCOLUMN('0t3OO7yPHTpQurdPpdQjnM',$,'Column Level 07 19','Perimeter column',$,#7008,#7019,$,$);
#7002=IFCMATERIALPROFILESETUSAGE(#285,$,$);
#7003=IFCRELASSOCIATESMATERIAL('1F$Gst0ErSAf5qCQC6YIRw',$,$,$,(#7001),#7002);
#7004=IFCCARTESIANPOINT((14.116676283348994,-32.726059763958766,0.));
#7005=IFCDIRECTION((0.,0.,1.));
#7006=IFCDIRECTION((1.,0.,0.));
#7007=IFCAXIS2PLACEMENT3D(#7004,#7005,#7006);
#7008=IFCLOCALPLACEMENT(#127,#7007);
#7009=IFCCARTESIANPOINTLIST2D(((0.,0.),(0.65,0.),(0.65,0.65),(0.,0.65)));
#7010=IFCINDEXEDPOLYCURVE(#7009,(IFCLINEINDEX((1,2,3,4,1))),$);
#7011=IFCARBITRARYCLOSEDPROFILEDEF(.AREA.,$,#7010);
#7012=IFCCARTESIANPOINT((0.,0.,0.));
#7013=IFCDIRECTION((0.,0.,1.));
#7014=IFCDIRECTION((1.,0.,0.));
#7015=IFCAXIS2PLACEMENT3D(#7012,#7013,#7014);
#7016=IFCDIRECTION((0.,0.,1.));
#7017=IFCEXTRUDEDAREASOLID(#7011,#7015,#7016,3.219999999999999);
#7018=IFCSHAPEREPRESENTATION(#11,'Body','SweptSolid',(#7017));
#7019=IFCPRODUCTDEFINITIONSHAPE($,$,(#7018));
#7020=IFCCOLUMN('2wxN0AOAfNIQElksjHWwWE',$,'Column Level 07 20','Perimeter column',$,#7027,#7038,$,$);
#7021=IFCMATERIALPROFILESETUSAGE(#285,$,$);
#7022=IFCRELASSOCIATESMATERIAL('2j7Zyd0aHSMhyv_AZvm2uR',$,$,$,(#7020),#7021);
#7023=IFCCARTESIANPOINT((14.19798839951969,-27.60654692021252,0.));
#7024=IFCDIRECTION((0.,0.,1.));
#7025=IFCDIRECTION((1.,0.,0.));
#7026=IFCAXIS2PLACEMENT3D(#7023,#7024,#7025);
#7027=IFCLOCALPLACEMENT(#127,#7026);
#7028=IFCCARTESIANPOINTLIST2D(((0.,0.),(0.65,0.),(0.65,0.65),(0.,0.65)));
#7029=IFCINDEXEDPOLYCURVE(#7028,(IFCLINEINDEX((1,2,3,4,1))),$);
#7030=IFCARBITRARYCLOSEDPROFILEDEF(.AREA.,$,#7029);
#7031=IFCCARTESIANPOINT((0.,0.,0.));
#7032=IFCDIRECTION((0.,0.,1.));
#7033=IFCDIRECTION((1.,0.,0.));
#7034=IFCAXIS2PLACEMENT3D(#7031,#7032,#7033);
#7035=IFCDIRECTION((0.,0.,1.));
#7036=IFCEXTRUDEDAREASOLID(#7030,#7034,#7035,3.219999999999999);
#7037=IFCSHAPEREPRESENTATION(#11,'Body','SweptSolid',(#7036));
#7038=IFCPRODUCTDEFINITIONSHAPE($,$,(#7037));
#7039=IFCCOLUMN('36oCxKQrfJEeqDZ5JVhuKl',$,'Column Level 07 21','Perimeter column',$,#7046,#7057,$,$);
#7040=IFCMATERIALPROFILESETUSAGE(#285,$,$);
#7041=IFCRELASSOCIATESMATERIAL('0dXaTAIQHH08MdG0v0p9$W',$,$,$,(#7039),#7040);
#7042=IFCCARTESIANPOINT((13.07905822271265,-21.36785611944294,0.));
#7043=IFCDIRECTION((0.,0.,1.));
#7044=IFCDIRECTION((1.,0.,0.));
#7045=IFCAXIS2PLACEMENT3D(#7042,#7043,#7044);
#7046=IFCLOCALPLACEMENT(#127,#7045);
#7047=IFCCARTESIANPOINTLIST2D(((0.,0.),(0.65,0.),(0.65,0.65),(0.,0.65)));
#7048=IFCINDEXEDPOLYCURVE(#7047,(IFCLINEINDEX((1,2,3,4,1))),$);
#7049=IFCARBITRARYCLOSEDPROFILEDEF(.AREA.,$,#7048);
#7050=IFCCARTESIANPOINT((0.,0.,0.));
#7051=IFCDIRECTION((0.,0.,1.));
#7052=IFCDIRECTION((1.,0.,0.));
#7053=IFCAXIS2PLACEMENT3D(#7050,#7051,#7052);
#7054=IFCDIRECTION((0.,0.,1.));
#7055=IFCEXTRUDEDAREASOLID(#7049,#7053,#7054,3.219999999999999);
#7056=IFCSHAPEREPRESENTATION(#11,'Body','SweptSolid',(#7055));
#7057=IFCPRODUCTDEFINITIONSHAPE($,$,(#7056));
#7058=IFCCOLUMN('1j9QDtJSHMIgTPvtqqlYc8',$,'Column Level 07 22','Perimeter column',$,#7065,#7076,$,$);
#7059=IFCMATERIALPROFILESETUSAGE(#285,$,$);
#7060=IFCRELASSOCIATESMATERIAL('14ooblfvXIhwz4HSzuhJgx',$,$,$,(#7058),#7059);
#7061=IFCCARTESIANPOINT((4.60260701450108,-18.425235429379743,0.));
#7062=IFCDIRECTION((0.,0.,1.));
#7063=IFCDIRECTION((1.,0.,0.));
#7064=IFCAXIS2PLACEMENT3D(#7061,#7062,#7063);
#7065=IFCLOCALPLACEMENT(#127,#7064);
#7066=IFCCARTESIANPOINTLIST2D(((0.,0.),(0.65,0.),(0.65,0.65),(0.,0.65)));
#7067=IFCINDEXEDPOLYCURVE(#7066,(IFCLINEINDEX((1,2,3,4,1))),$);
#7068=IFCARBITRARYCLOSEDPROFILEDEF(.AREA.,$,#7067);
#7069=IFCCARTESIANPOINT((0.,0.,0.));
#7070=IFCDIRECTION((0.,0.,1.));
#7071=IFCDIRECTION((1.,0.,0.));
#7072=IFCAXIS2PLACEMENT3D(#7069,#7070,#7071);
#7073=IFCDIRECTION((0.,0.,1.));
#7074=IFCEXTRUDEDAREASOLID(#7068,#7072,#7073,3.219999999999999);
#7075=IFCSHAPEREPRESENTATION(#11,'Body','SweptSolid',(#7074));
#7076=IFCPRODUCTDEFINITIONSHAPE($,$,(#7075));
#7077=IFCCOLUMN('0dWKAqxETSPwAcrgyTc3LX',$,'Column Level 07 23','Perimeter column',$,#7084,#7095,$,$);
#7078=IFCMATERIALPROFILESETUSAGE(#285,$,$);
#7079=IFCRELASSOCIATESMATERIAL('2k8dMBFe9GIv6dvwZ4btLo',$,$,$,(#7077),#7078);
#7080=IFCCARTESIANPOINT((-4.130403100217055,-16.262210255356617,0.));
#7081=IFCDIRECTION((0.,0.,1.));
#7082=IFCDIRECTION((1.,0.,0.));
#7083=IFCAXIS2PLACEMENT3D(#7080,#7081,#7082);
#7084=IFCLOCALPLACEMENT(#127,#7083);
#7085=IFCCARTESIANPOINTLIST2D(((0.,0.),(0.65,0.),(0.65,0.65),(0.,0.65)));
#7086=IFCINDEXEDPOLYCURVE(#7085,(IFCLINEINDEX((1,2,3,4,1))),$);
#7087=IFCARBITRARYCLOSEDPROFILEDEF(.AREA.,$,#7086);
#7088=IFCCARTESIANPOINT((0.,0.,0.));
#7089=IFCDIRECTION((0.,0.,1.));
#7090=IFCDIRECTION((1.,0.,0.));
#7091=IFCAXIS2PLACEMENT3D(#7088,#7089,#7090);
#7092=IFCDIRECTION((0.,0.,1.));
#7093=IFCEXTRUDEDAREASOLID(#7087,#7091,#7092,3.219999999999999);
#7094=IFCSHAPEREPRESENTATION(#11,'Body','SweptSolid',(#7093));
#7095=IFCPRODUCTDEFINITIONSHAPE($,$,(#7094));
#7096=IFCCOLUMN('13dAWX6XzH29XYJqzLO9AG',$,'Column Level 07 24','Perimeter column',$,#7103,#7114,$,$);
#7097=IFCMATERIALPROFILESETUSAGE(#285,$,$);
#7098=IFCRELASSOCIATESMATERIAL('1aLXMdj4jGdAgfEhDf0AGY',$,$,$,(#7096),#7097);
#7099=IFCCARTESIANPOINT((-13.081234529200925,-15.322733416943557,0.));
#7100=IFCDIRECTION((0.,0.,1.));
#7101=IFCDIRECTION((1.,0.,0.));
#7102=IFCAXIS2PLACEMENT3D(#7099,#7100,#7101);
#7103=IFCLOCALPLACEMENT(#127,#7102);
#7104=IFCCARTESIANPOINTLIST2D(((0.,0.),(0.65,0.),(0.65,0.65),(0.,0.65)));
#7105=IFCINDEXEDPOLYCURVE(#7104,(IFCLINEINDEX((1,2,3,4,1))),$);
#7106=IFCARBITRARYCLOSEDPROFILEDEF(.AREA.,$,#7105);
#7107=IFCCARTESIANPOINT((0.,0.,0.));
#7108=IFCDIRECTION((0.,0.,1.));
#7109=IFCDIRECTION((1.,0.,0.));
#7110=IFCAXIS2PLACEMENT3D(#7107,#7108,#7109);
#7111=IFCDIRECTION((0.,0.,1.));
#7112=IFCEXTRUDEDAREASOLID(#7106,#7110,#7111,3.219999999999999);
#7113=IFCSHAPEREPRESENTATION(#11,'Body','SweptSolid',(#7112));
#7114=IFCPRODUCTDEFINITIONSHAPE($,$,(#7113));
#7115=IFCCOLUMN('0$Lq_AbATUduZIBWiCmHov',$,'Column Level 07 25','Perimeter column',$,#7122,#7133,$,$);
#7116=IFCMATERIALPROFILESETUSAGE(#285,$,$);
#7117=IFCRELASSOCIATESMATERIAL('1B$jggzdPP2QGtCLbYe9Yu',$,$,$,(#7115),#7116);
#7118=IFCCARTESIANPOINT((-22.067163348855193,-15.011027836741809,0.));
#7119=IFCDIRECTION((0.,0.,1.));
#7120=IFCDIRECTION((1.,0.,0.));
#7121=IFCAXIS2PLACEMENT3D(#7118,#7119,#7120);
#7122=IFCLOCALPLACEMENT(#127,#7121);
#7123=IFCCARTESIANPOINTLIST2D(((0.,0.),(0.65,0.),(0.65,0.65),(0.,0.65)));
#7124=IFCINDEXEDPOLYCURVE(#7123,(IFCLINEINDEX((1,2,3,4,1))),$);
#7125=IFCARBITRARYCLOSEDPROFILEDEF(.AREA.,$,#7124);
#7126=IFCCARTESIANPOINT((0.,0.,0.));
#7127=IFCDIRECTION((0.,0.,1.));
#7128=IFCDIRECTION((1.,0.,0.));
#7129=IFCAXIS2PLACEMENT3D(#7126,#7127,#7128);
#7130=IFCDIRECTION((0.,0.,1.));
#7131=IFCEXTRUDEDAREASOLID(#7125,#7129,#7130,3.219999999999999);
#7132=IFCSHAPEREPRESENTATION(#11,'Body','SweptSolid',(#7131));
#7133=IFCPRODUCTDEFINITIONSHAPE($,$,(#7132));
#7134=IFCCOLUMN('2DYcQLFgnJ6v4ItY5hgH2V',$,'Column Level 07 26','Perimeter column',$,#7141,#7152,$,$);
#7135=IFCMATERIALPROFILESETUSAGE(#285,$,$);
#7136=IFCRELASSOCIATESMATERIAL('1QHbXaATbUfuJ2i2_RKoHG',$,$,$,(#7134),#7135);
#7137=IFCCARTESIANPOINT((-20.519469076369468,-9.822744594773086,0.));
#7138=IFCDIRECTION((0.,0.,1.));
#7139=IFCDIRECTION((1.,0.,0.));
#7140=IFCAXIS2PLACEMENT3D(#7137,#7138,#7139);
#7141=IFCLOCALPLACEMENT(#127,#7140);
#7142=IFCCARTESIANPOINTLIST2D(((0.,0.),(0.65,0.),(0.65,0.65),(0.,0.65)));
#7143=IFCINDEXEDPOLYCURVE(#7142,(IFCLINEINDEX((1,2,3,4,1))),$);
#7144=IFCARBITRARYCLOSEDPROFILEDEF(.AREA.,$,#7143);
#7145=IFCCARTESIANPOINT((0.,0.,0.));
#7146=IFCDIRECTION((0.,0.,1.));
#7147=IFCDIRECTION((1.,0.,0.));
#7148=IFCAXIS2PLACEMENT3D(#7145,#7146,#7147);
#7149=IFCDIRECTION((0.,0.,1.));
#7150=IFCEXTRUDEDAREASOLID(#7144,#7148,#7149,3.219999999999999);
#7151=IFCSHAPEREPRESENTATION(#11,'Body','SweptSolid',(#7150));
#7152=IFCPRODUCTDEFINITIONSHAPE($,$,(#7151));
#7153=IFCCOLUMN('1LBiOdvAnRsw065GZGTZKT',$,'Column Level 08 01','Perimeter column',$,#7160,#7171,$,$);
#7154=IFCMATERIALPROFILESETUSAGE(#285,$,$);
#7155=IFCRELASSOCIATESMATERIAL('3U810ekNbKQglqDT5Zjw48',$,$,$,(#7153),#7154);
#7156=IFCCARTESIANPOINT((-19.627,-5.439,0.));
#7157=IFCDIRECTION((0.,0.,1.));
#7158=IFCDIRECTION((1.,0.,0.));
#7159=IFCAXIS2PLACEMENT3D(#7156,#7157,#7158);
#7160=IFCLOCALPLACEMENT(#134,#7159);
#7161=IFCCARTESIANPOINTLIST2D(((0.,0.),(0.65,0.),(0.65,0.65),(0.,0.65)));
#7162=IFCINDEXEDPOLYCURVE(#7161,(IFCLINEINDEX((1,2,3,4,1))),$);
#7163=IFCARBITRARYCLOSEDPROFILEDEF(.AREA.,$,#7162);
#7164=IFCCARTESIANPOINT((0.,0.,0.));
#7165=IFCDIRECTION((0.,0.,1.));
#7166=IFCDIRECTION((1.,0.,0.));
#7167=IFCAXIS2PLACEMENT3D(#7164,#7165,#7166);
#7168=IFCDIRECTION((0.,0.,1.));
#7169=IFCEXTRUDEDAREASOLID(#7163,#7167,#7168,3.229999999999997);
#7170=IFCSHAPEREPRESENTATION(#11,'Body','SweptSolid',(#7169));
#7171=IFCPRODUCTDEFINITIONSHAPE($,$,(#7170));
#7172=IFCCOLUMN('1Tnst0lkHTBgJijSnDAzi4',$,'Column Level 08 02','Perimeter column',$,#7179,#7190,$,$);
#7173=IFCMATERIALPROFILESETUSAGE(#285,$,$);
#7174=IFCRELASSOCIATESMATERIAL('1Xjq0fxCzMKQv_BCrvsiYk',$,$,$,(#7172),#7173);
#7175=IFCCARTESIANPOINT((-28.52800813503711,-4.107814746174225,0.));
#7176=IFCDIRECTION((0.,0.,1.));
#7177=IFCDIRECTION((1.,0.,0.));
#7178=IFCAXIS2PLACEMENT3D(#7175,#7176,#7177);
#7179=IFCLOCALPLACEMENT(#134,#7178);
#7180=IFCCARTESIANPOINTLIST2D(((0.,0.),(0.65,0.),(0.65,0.65),(0.,0.65)));
#7181=IFCINDEXEDPOLYCURVE(#7180,(IFCLINEINDEX((1,2,3,4,1))),$);
#7182=IFCARBITRARYCLOSEDPROFILEDEF(.AREA.,$,#7181);
#7183=IFCCARTESIANPOINT((0.,0.,0.));
#7184=IFCDIRECTION((0.,0.,1.));
#7185=IFCDIRECTION((1.,0.,0.));
#7186=IFCAXIS2PLACEMENT3D(#7183,#7184,#7185);
#7187=IFCDIRECTION((0.,0.,1.));
#7188=IFCEXTRUDEDAREASOLID(#7182,#7186,#7187,3.229999999999997);
#7189=IFCSHAPEREPRESENTATION(#11,'Body','SweptSolid',(#7188));
#7190=IFCPRODUCTDEFINITIONSHAPE($,$,(#7189));
#7191=IFCCOLUMN('2ELs5AlJzK3PNEVuAY6lKn',$,'Column Level 08 03','Perimeter column',$,#7198,#7209,$,$);
#7192=IFCMATERIALPROFILESETUSAGE(#285,$,$);
#7193=IFCRELASSOCIATESMATERIAL('0JKGFVN1bKGgIhonLrB_Io',$,$,$,(#7191),#7192);
#7194=IFCCARTESIANPOINT((-37.42901627007422,-2.7766294923484507,0.));
#7195=IFCDIRECTION((0.,0.,1.));
#7196=IFCDIRECTION((1.,0.,0.));
#7197=IFCAXIS2PLACEMENT3D(#7194,#7195,#7196);
#7198=IFCLOCALPLACEMENT(#134,#7197);
#7199=IFCCARTESIANPOINTLIST2D(((0.,0.),(0.65,0.),(0.65,0.65),(0.,0.65)));
#7200=IFCINDEXEDPOLYCURVE(#7199,(IFCLINEINDEX((1,2,3,4,1))),$);
#7201=IFCARBITRARYCLOSEDPROFILEDEF(.AREA.,$,#7200);
#7202=IFCCARTESIANPOINT((0.,0.,0.));
#7203=IFCDIRECTION((0.,0.,1.));
#7204=IFCDIRECTION((1.,0.,0.));
#7205=IFCAXIS2PLACEMENT3D(#7202,#7203,#7204);
#7206=IFCDIRECTION((0.,0.,1.));
#7207=IFCEXTRUDEDAREASOLID(#7201,#7205,#7206,3.229999999999997);
#7208=IFCSHAPEREPRESENTATION(#11,'Body','SweptSolid',(#7207));
#7209=IFCPRODUCTDEFINITIONSHAPE($,$,(#7208));
#7210=IFCCOLUMN('0c22AhAtHUj9I9y5kXPu5E',$,'Column Level 08 04','Perimeter column',$,#7217,#7228,$,$);
#7211=IFCMATERIALPROFILESETUSAGE(#285,$,$);
#7212=IFCRELASSOCIATESMATERIAL('15PzzSlcrJVfGqte1281oA',$,$,$,(#7210),#7211);
#7213=IFCCARTESIANPOINT((-46.33002440511133,-1.4454442385226758,0.));
#7214=IFCDIRECTION((0.,0.,1.));
#7215=IFCDIRECTION((1.,0.,0.));
#7216=IFCAXIS2PLACEMENT3D(#7213,#7214,#7215);
#7217=IFCLOCALPLACEMENT(#134,#7216);
#7218=IFCCARTESIANPOINTLIST2D(((0.,0.),(0.65,0.),(0.65,0.65),(0.,0.65)));
#7219=IFCINDEXEDPOLYCURVE(#7218,(IFCLINEINDEX((1,2,3,4,1))),$);
#7220=IFCARBITRARYCLOSEDPROFILEDEF(.AREA.,$,#7219);
#7221=IFCCARTESIANPOINT((0.,0.,0.));
#7222=IFCDIRECTION((0.,0.,1.));
#7223=IFCDIRECTION((1.,0.,0.));
#7224=IFCAXIS2PLACEMENT3D(#7221,#7222,#7223);
#7225=IFCDIRECTION((0.,0.,1.));
#7226=IFCEXTRUDEDAREASOLID(#7220,#7224,#7225,3.229999999999997);
#7227=IFCSHAPEREPRESENTATION(#11,'Body','SweptSolid',(#7226));
#7228=IFCPRODUCTDEFINITIONSHAPE($,$,(#7227));
#7229=IFCCOLUMN('2lVxptSpvIcv5BN3IYFdWl',$,'Column Level 08 05','Perimeter column',$,#7236,#7247,$,$);
#7230=IFCMATERIALPROFILESETUSAGE(#285,$,$);
#7231=IFCRELASSOCIATESMATERIAL('1Pw3tFIgjIbBx02UXqgQJM',$,$,$,(#7229),#7230);
#7232=IFCCARTESIANPOINT((-53.451386025399856,-2.477009279267633,0.));
#7233=IFCDIRECTION((0.,0.,1.));
#7234=IFCDIRECTION((1.,0.,0.));
#7235=IFCAXIS2PLACEMENT3D(#7232,#7233,#7234);
#7236=IFCLOCALPLACEMENT(#134,#7235);
#7237=IFCCARTESIANPOINTLIST2D(((0.,0.),(0.65,0.),(0.65,0.65),(0.,0.65)));
#7238=IFCINDEXEDPOLYCURVE(#7237,(IFCLINEINDEX((1,2,3,4,1))),$);
#7239=IFCARBITRARYCLOSEDPROFILEDEF(.AREA.,$,#7238);
#7240=IFCCARTESIANPOINT((0.,0.,0.));
#7241=IFCDIRECTION((0.,0.,1.));
#7242=IFCDIRECTION((1.,0.,0.));
#7243=IFCAXIS2PLACEMENT3D(#7240,#7241,#7242);
#7244=IFCDIRECTION((0.,0.,1.));
#7245=IFCEXTRUDEDAREASOLID(#7239,#7243,#7244,3.229999999999997);
#7246=IFCSHAPEREPRESENTATION(#11,'Body','SweptSolid',(#7245));
#7247=IFCPRODUCTDEFINITIONSHAPE($,$,(#7246));
#7248=IFCCOLUMN('1moAv1U1bGu8cPDAcSxyC7',$,'Column Level 08 06','Perimeter column',$,#7255,#7266,$,$);
#7249=IFCMATERIALPROFILESETUSAGE(#285,$,$);
#7250=IFCRELASSOCIATESMATERIAL('1jYU5NbqnOHuSeJ$DzTpm7',$,$,$,(#7248),#7249);
#7251=IFCCARTESIANPOINT((-54.62913877799377,-11.39961531415214,0.));
#7252=IFCDIRECTION((0.,0.,1.));
#7253=IFCDIRECTION((1.,0.,0.));
#7254=IFCAXIS2PLACEMENT3D(#7251,#7252,#7253);
#7255=IFCLOCALPLACEMENT(#134,#7254);
#7256=IFCCARTESIANPOINTLIST2D(((0.,0.),(0.65,0.),(0.65,0.65),(0.,0.65)));
#7257=IFCINDEXEDPOLYCURVE(#7256,(IFCLINEINDEX((1,2,3,4,1))),$);
#7258=IFCARBITRARYCLOSEDPROFILEDEF(.AREA.,$,#7257);
#7259=IFCCARTESIANPOINT((0.,0.,0.));
#7260=IFCDIRECTION((0.,0.,1.));
#7261=IFCDIRECTION((1.,0.,0.));
#7262=IFCAXIS2PLACEMENT3D(#7259,#7260,#7261);
#7263=IFCDIRECTION((0.,0.,1.));
#7264=IFCEXTRUDEDAREASOLID(#7258,#7262,#7263,3.229999999999997);
#7265=IFCSHAPEREPRESENTATION(#11,'Body','SweptSolid',(#7264));
#7266=IFCPRODUCTDEFINITIONSHAPE($,$,(#7265));
#7267=IFCCOLUMN('11moppzJ1KtQ5yd3dVJkfk',$,'Column Level 08 07','Perimeter column',$,#7274,#7285,$,$);
#7268=IFCMATERIALPROFILESETUSAGE(#285,$,$);
#7269=IFCRELASSOCIATESMATERIAL('1gMKjjQmHNKwgOxqaTJP4M',$,$,$,(#7267),#7268);
#7270=IFCCARTESIANPOINT((-55.80689153058768,-20.32222134903665,0.));
#7271=IFCDIRECTION((0.,0.,1.));
#7272=IFCDIRECTION((1.,0.,0.));
#7273=IFCAXIS2PLACEMENT3D(#7270,#7271,#7272);
#7274=IFCLOCALPLACEMENT(#134,#7273);
#7275=IFCCARTESIANPOINTLIST2D(((0.,0.),(0.65,0.),(0.65,0.65),(0.,0.65)));
#7276=IFCINDEXEDPOLYCURVE(#7275,(IFCLINEINDEX((1,2,3,4,1))),$);
#7277=IFCARBITRARYCLOSEDPROFILEDEF(.AREA.,$,#7276);
#7278=IFCCARTESIANPOINT((0.,0.,0.));
#7279=IFCDIRECTION((0.,0.,1.));
#7280=IFCDIRECTION((1.,0.,0.));
#7281=IFCAXIS2PLACEMENT3D(#7278,#7279,#7280);
#7282=IFCDIRECTION((0.,0.,1.));
#7283=IFCEXTRUDEDAREASOLID(#7277,#7281,#7282,3.229999999999997);
#7284=IFCSHAPEREPRESENTATION(#11,'Body','SweptSolid',(#7283));
#7285=IFCPRODUCTDEFINITIONSHAPE($,$,(#7284));
#7286=IFCCOLUMN('2waDNLFPLV2AUwbxSU1zft',$,'Column Level 08 08','Perimeter column',$,#7293,#7304,$,$);
#7287=IFCMATERIALPROFILESETUSAGE(#285,$,$);
#7288=IFCRELASSOCIATESMATERIAL('28PyYlEjzUoB$luL53OP1i',$,$,$,(#7286),#7287);
#7289=IFCCARTESIANPOINT((-56.98464428318159,-29.24482738392116,0.));
#7290=IFCDIRECTION((0.,0.,1.));
#7291=IFCDIRECTION((1.,0.,0.));
#7292=IFCAXIS2PLACEMENT3D(#7289,#7290,#7291);
#7293=IFCLOCALPLACEMENT(#134,#7292);
#7294=IFCCARTESIANPOINTLIST2D(((0.,0.),(0.65,0.),(0.65,0.65),(0.,0.65)));
#7295=IFCINDEXEDPOLYCURVE(#7294,(IFCLINEINDEX((1,2,3,4,1))),$);
#7296=IFCARBITRARYCLOSEDPROFILEDEF(.AREA.,$,#7295);
#7297=IFCCARTESIANPOINT((0.,0.,0.));
#7298=IFCDIRECTION((0.,0.,1.));
#7299=IFCDIRECTION((1.,0.,0.));
#7300=IFCAXIS2PLACEMENT3D(#7297,#7298,#7299);
#7301=IFCDIRECTION((0.,0.,1.));
#7302=IFCEXTRUDEDAREASOLID(#7296,#7300,#7301,3.229999999999997);
#7303=IFCSHAPEREPRESENTATION(#11,'Body','SweptSolid',(#7302));
#7304=IFCPRODUCTDEFINITIONSHAPE($,$,(#7303));
#7305=IFCCOLUMN('2ZraXmDcnOmeWv_SQxowvk',$,'Column Level 08 09','Perimeter column',$,#7312,#7323,$,$);
#7306=IFCMATERIALPROFILESETUSAGE(#285,$,$);
#7307=IFCRELASSOCIATESMATERIAL('2b2HX$TILNMhArEbnaE5Mq',$,$,$,(#7305),#7306);
#7308=IFCCARTESIANPOINT((-56.80973319385265,-37.10919592869303,0.));
#7309=IFCDIRECTION((0.,0.,1.));
#7310=IFCDIRECTION((1.,0.,0.));
#7311=IFCAXIS2PLACEMENT3D(#7308,#7309,#7310);
#7312=IFCLOCALPLACEMENT(#134,#7311);
#7313=IFCCARTESIANPOINTLIST2D(((0.,0.),(0.65,0.),(0.65,0.65),(0.,0.65)));
#7314=IFCINDEXEDPOLYCURVE(#7313,(IFCLINEINDEX((1,2,3,4,1))),$);
#7315=IFCARBITRARYCLOSEDPROFILEDEF(.AREA.,$,#7314);
#7316=IFCCARTESIANPOINT((0.,0.,0.));
#7317=IFCDIRECTION((0.,0.,1.));
#7318=IFCDIRECTION((1.,0.,0.));
#7319=IFCAXIS2PLACEMENT3D(#7316,#7317,#7318);
#7320=IFCDIRECTION((0.,0.,1.));
#7321=IFCEXTRUDEDAREASOLID(#7315,#7319,#7320,3.229999999999997);
#7322=IFCSHAPEREPRESENTATION(#11,'Body','SweptSolid',(#7321));
#7323=IFCPRODUCTDEFINITIONSHAPE($,$,(#7322));
#7324=IFCCOLUMN('2BLl_O_TnGowdEsNnWP0zL',$,'Column Level 08 10','Perimeter column',$,#7331,#7342,$,$);
#7325=IFCMATERIALPROFILESETUSAGE(#285,$,$);
#7326=IFCRELASSOCIATESMATERIAL('3W74WCeO9Urx0v_ctt$cz$',$,$,$,(#7324),#7325);
#7327=IFCCARTESIANPOINT((-47.865925808355684,-38.11334205905951,0.));
#7328=IFCDIRECTION((0.,0.,1.));
#7329=IFCDIRECTION((1.,0.,0.));
#7330=IFCAXIS2PLACEMENT3D(#7327,#7328,#7329);
#7331=IFCLOCALPLACEMENT(#134,#7330);
#7332=IFCCARTESIANPOINTLIST2D(((0.,0.),(0.65,0.),(0.65,0.65),(0.,0.65)));
#7333=IFCINDEXEDPOLYCURVE(#7332,(IFCLINEINDEX((1,2,3,4,1))),$);
#7334=IFCARBITRARYCLOSEDPROFILEDEF(.AREA.,$,#7333);
#7335=IFCCARTESIANPOINT((0.,0.,0.));
#7336=IFCDIRECTION((0.,0.,1.));
#7337=IFCDIRECTION((1.,0.,0.));
#7338=IFCAXIS2PLACEMENT3D(#7335,#7336,#7337);
#7339=IFCDIRECTION((0.,0.,1.));
#7340=IFCEXTRUDEDAREASOLID(#7334,#7338,#7339,3.229999999999997);
#7341=IFCSHAPEREPRESENTATION(#11,'Body','SweptSolid',(#7340));
#7342=IFCPRODUCTDEFINITIONSHAPE($,$,(#7341));
#7343=IFCCOLUMN('1ArZSKNrXGouMk7lrRrO14',$,'Column Level 08 11','Perimeter column',$,#7350,#7361,$,$);
#7344=IFCMATERIALPROFILESETUSAGE(#285,$,$);
#7345=IFCRELASSOCIATESMATERIAL('0Gz8FxtBPS2gqodothDCdE',$,$,$,(#7343),#7344);
#7346=IFCCARTESIANPOINT((-38.92211842285872,-39.117488189425984,0.));
#7347=IFCDIRECTION((0.,0.,1.));
#7348=IFCDIRECTION((1.,0.,0.));
#7349=IFCAXIS2PLACEMENT3D(#7346,#7347,#7348);
#7350=IFCLOCALPLACEMENT(#134,#7349);
#7351=IFCCARTESIANPOINTLIST2D(((0.,0.),(0.65,0.),(0.65,0.65),(0.,0.65)));
#7352=IFCINDEXEDPOLYCURVE(#7351,(IFCLINEINDEX((1,2,3,4,1))),$);
#7353=IFCARBITRARYCLOSEDPROFILEDEF(.AREA.,$,#7352);
#7354=IFCCARTESIANPOINT((0.,0.,0.));
#7355=IFCDIRECTION((0.,0.,1.));
#7356=IFCDIRECTION((1.,0.,0.));
#7357=IFCAXIS2PLACEMENT3D(#7354,#7355,#7356);
#7358=IFCDIRECTION((0.,0.,1.));
#7359=IFCEXTRUDEDAREASOLID(#7353,#7357,#7358,3.229999999999997);
#7360=IFCSHAPEREPRESENTATION(#11,'Body','SweptSolid',(#7359));
#7361=IFCPRODUCTDEFINITIONSHAPE($,$,(#7360));
#7362=IFCCOLUMN('3ZQuelVKDPaf7ARn71zgq$',$,'Column Level 08 12','Perimeter column',$,#7369,#7380,$,$);
#7363=IFCMATERIALPROFILESETUSAGE(#285,$,$);
#7364=IFCRELASSOCIATESMATERIAL('0Dq0n4Te1MIAXrTIKPdIsv',$,$,$,(#7362),#7363);
#7365=IFCCARTESIANPOINT((-29.978311037361756,-40.12163431979246,0.));
#7366=IFCDIRECTION((0.,0.,1.));
#7367=IFCDIRECTION((1.,0.,0.));
#7368=IFCAXIS2PLACEMENT3D(#7365,#7366,#7367);
#7369=IFCLOCALPLACEMENT(#134,#7368);
#7370=IFCCARTESIANPOINTLIST2D(((0.,0.),(0.65,0.),(0.65,0.65),(0.,0.65)));
#7371=IFCINDEXEDPOLYCURVE(#7370,(IFCLINEINDEX((1,2,3,4,1))),$);
#7372=IFCARBITRARYCLOSEDPROFILEDEF(.AREA.,$,#7371);
#7373=IFCCARTESIANPOINT((0.,0.,0.));
#7374=IFCDIRECTION((0.,0.,1.));
#7375=IFCDIRECTION((1.,0.,0.));
#7376=IFCAXIS2PLACEMENT3D(#7373,#7374,#7375);
#7377=IFCDIRECTION((0.,0.,1.));
#7378=IFCEXTRUDEDAREASOLID(#7372,#7376,#7377,3.229999999999997);
#7379=IFCSHAPEREPRESENTATION(#11,'Body','SweptSolid',(#7378));
#7380=IFCPRODUCTDEFINITIONSHAPE($,$,(#7379));
#7381=IFCCOLUMN('1T6trwR_LJVQi41ngThlu1',$,'Column Level 08 13','Perimeter column',$,#7388,#7399,$,$);
#7382=IFCMATERIALPROFILESETUSAGE(#285,$,$);
#7383=IFCRELASSOCIATESMATERIAL('0gZ_T_10jMsBfb$K2Wx0HZ',$,$,$,(#7381),#7382);
#7384=IFCCARTESIANPOINT((-23.773010530685504,-37.47996165668724,0.));
#7385=IFCDIRECTION((0.,0.,1.));
#7386=IFCDIRECTION((1.,0.,0.));
#7387=IFCAXIS2PLACEMENT3D(#7384,#7385,#7386);
#7388=IFCLOCALPLACEMENT(#134,#7387);
#7389=IFCCARTESIANPOINTLIST2D(((0.,0.),(0.65,0.),(0.65,0.65),(0.,0.65)));
#7390=IFCINDEXEDPOLYCURVE(#7389,(IFCLINEINDEX((1,2,3,4,1))),$);
#7391=IFCARBITRARYCLOSEDPROFILEDEF(.AREA.,$,#7390);
#7392=IFCCARTESIANPOINT((0.,0.,0.));
#7393=IFCDIRECTION((0.,0.,1.));
#7394=IFCDIRECTION((1.,0.,0.));
#7395=IFCAXIS2PLACEMENT3D(#7392,#7393,#7394);
#7396=IFCDIRECTION((0.,0.,1.));
#7397=IFCEXTRUDEDAREASOLID(#7391,#7395,#7396,3.229999999999997);
#7398=IFCSHAPEREPRESENTATION(#11,'Body','SweptSolid',(#7397));
#7399=IFCPRODUCTDEFINITIONSHAPE($,$,(#7398));
#7400=IFCCOLUMN('3uuWKPdlPJ2g9$sphoOF1D',$,'Column Level 08 14','Perimeter column',$,#7407,#7418,$,$);
#7401=IFCMATERIALPROFILESETUSAGE(#285,$,$);
#7402=IFCRELASSOCIATESMATERIAL('26GiB0SBvVH8TOgJCT$RYH',$,$,$,(#7400),#7401);
#7403=IFCCARTESIANPOINT((-24.148648478823574,-31.97048787432867,0.));
#7404=IFCDIRECTION((0.,0.,1.));
#7405=IFCDIRECTION((1.,0.,0.));
#7406=IFCAXIS2PLACEMENT3D(#7403,#7404,#7405);
#7407=IFCLOCALPLACEMENT(#134,#7406);
#7408=IFCCARTESIANPOINTLIST2D(((0.,0.),(0.65,0.),(0.65,0.65),(0.,0.65)));
#7409=IFCINDEXEDPOLYCURVE(#7408,(IFCLINEINDEX((1,2,3,4,1))),$);
#7410=IFCARBITRARYCLOSEDPROFILEDEF(.AREA.,$,#7409);
#7411=IFCCARTESIANPOINT((0.,0.,0.));
#7412=IFCDIRECTION((0.,0.,1.));
#7413=IFCDIRECTION((1.,0.,0.));
#7414=IFCAXIS2PLACEMENT3D(#7411,#7412,#7413);
#7415=IFCDIRECTION((0.,0.,1.));
#7416=IFCEXTRUDEDAREASOLID(#7410,#7414,#7415,3.229999999999997);
#7417=IFCSHAPEREPRESENTATION(#11,'Body','SweptSolid',(#7416));
#7418=IFCPRODUCTDEFINITIONSHAPE($,$,(#7417));
#7419=IFCCOLUMN('0FJ2N4cXbKCwjapABJwH3E',$,'Column Level 08 15','Perimeter column',$,#7426,#7437,$,$);
#7420=IFCMATERIALPROFILESETUSAGE(#285,$,$);
#7421=IFCRELASSOCIATESMATERIAL('1CG9M8oKnV_OK5cxjN37Ed',$,$,$,(#7419),#7420);
#7422=IFCCARTESIANPOINT((-15.458097860153227,-34.284942722022286,0.));
#7423=IFCDIRECTION((0.,0.,1.));
#7424=IFCDIRECTION((1.,0.,0.));
#7425=IFCAXIS2PLACEMENT3D(#7422,#7423,#7424);
#7426=IFCLOCALPLACEMENT(#134,#7425);
#7427=IFCCARTESIANPOINTLIST2D(((0.,0.),(0.65,0.),(0.65,0.65),(0.,0.65)));
#7428=IFCINDEXEDPOLYCURVE(#7427,(IFCLINEINDEX((1,2,3,4,1))),$);
#7429=IFCARBITRARYCLOSEDPROFILEDEF(.AREA.,$,#7428);
#7430=IFCCARTESIANPOINT((0.,0.,0.));
#7431=IFCDIRECTION((0.,0.,1.));
#7432=IFCDIRECTION((1.,0.,0.));
#7433=IFCAXIS2PLACEMENT3D(#7430,#7431,#7432);
#7434=IFCDIRECTION((0.,0.,1.));
#7435=IFCEXTRUDEDAREASOLID(#7429,#7433,#7434,3.229999999999997);
#7436=IFCSHAPEREPRESENTATION(#11,'Body','SweptSolid',(#7435));
#7437=IFCPRODUCTDEFINITIONSHAPE($,$,(#7436));
#7438=IFCCOLUMN('2nu0hFez5RLBv_BL0FPANZ',$,'Column Level 08 16','Perimeter column',$,#7445,#7456,$,$);
#7439=IFCMATERIALPROFILESETUSAGE(#285,$,$);
#7440=IFCRELASSOCIATESMATERIAL('1iwCw2$PjLHuJLhGsOqn5L',$,$,$,(#7438),#7439);
#7441=IFCCARTESIANPOINT((-6.624451314960378,-35.94715634743214,0.));
#7442=IFCDIRECTION((0.,0.,1.));
#7443=IFCDIRECTION((1.,0.,0.));
#7444=IFCAXIS2PLACEMENT3D(#7441,#7442,#7443);
#7445=IFCLOCALPLACEMENT(#134,#7444);
#7446=IFCCARTESIANPOINTLIST2D(((0.,0.),(0.65,0.),(0.65,0.65),(0.,0.65)));
#7447=IFCINDEXEDPOLYCURVE(#7446,(IFCLINEINDEX((1,2,3,4,1))),$);
#7448=IFCARBITRARYCLOSEDPROFILEDEF(.AREA.,$,#7447);
#7449=IFCCARTESIANPOINT((0.,0.,0.));
#7450=IFCDIRECTION((0.,0.,1.));
#7451=IFCDIRECTION((1.,0.,0.));
#7452=IFCAXIS2PLACEMENT3D(#7449,#7450,#7451);
#7453=IFCDIRECTION((0.,0.,1.));
#7454=IFCEXTRUDEDAREASOLID(#7448,#7452,#7453,3.229999999999997);
#7455=IFCSHAPEREPRESENTATION(#11,'Body','SweptSolid',(#7454));
#7456=IFCPRODUCTDEFINITIONSHAPE($,$,(#7455));
#7457=IFCCOLUMN('232kg7gcfRe8Uz94alXgDe',$,'Column Level 08 17','Perimeter column',$,#7464,#7475,$,$);
#7458=IFCMATERIALPROFILESETUSAGE(#285,$,$);
#7459=IFCRELASSOCIATESMATERIAL('0FDB1MR21NTfluaR5X2Opg',$,$,$,(#7457),#7458);
#7460=IFCCARTESIANPOINT((2.3490902158589027,-36.636759417800555,0.));
#7461=IFCDIRECTION((0.,0.,1.));
#7462=IFCDIRECTION((1.,0.,0.));
#7463=IFCAXIS2PLACEMENT3D(#7460,#7461,#7462);
#7464=IFCLOCALPLACEMENT(#134,#7463);
#7465=IFCCARTESIANPOINTLIST2D(((0.,0.),(0.65,0.),(0.65,0.65),(0.,0.65)));
#7466=IFCINDEXEDPOLYCURVE(#7465,(IFCLINEINDEX((1,2,3,4,1))),$);
#7467=IFCARBITRARYCLOSEDPROFILEDEF(.AREA.,$,#7466);
#7468=IFCCARTESIANPOINT((0.,0.,0.));
#7469=IFCDIRECTION((0.,0.,1.));
#7470=IFCDIRECTION((1.,0.,0.));
#7471=IFCAXIS2PLACEMENT3D(#7468,#7469,#7470);
#7472=IFCDIRECTION((0.,0.,1.));
#7473=IFCEXTRUDEDAREASOLID(#7467,#7471,#7472,3.229999999999997);
#7474=IFCSHAPEREPRESENTATION(#11,'Body','SweptSolid',(#7473));
#7475=IFCPRODUCTDEFINITIONSHAPE($,$,(#7474));
#7476=IFCCOLUMN('1vfIZozDLLmOBG40EphV4Q',$,'Column Level 08 18','Perimeter column',$,#7483,#7494,$,$);
#7477=IFCMATERIALPROFILESETUSAGE(#285,$,$);
#7478=IFCRELASSOCIATESMATERIAL('0G1UQvncDMZQF6rMEVzH4C',$,$,$,(#7476),#7477);
#7479=IFCCARTESIANPOINT((11.312747581568669,-36.11342250534593,0.));
#7480=IFCDIRECTION((0.,0.,1.));
#7481=IFCDIRECTION((1.,0.,0.));
#7482=IFCAXIS2PLACEMENT3D(#7479,#7480,#7481);
#7483=IFCLOCALPLACEMENT(#134,#7482);
#7484=IFCCARTESIANPOINTLIST2D(((0.,0.),(0.65,0.),(0.65,0.65),(0.,0.65)));
#7485=IFCINDEXEDPOLYCURVE(#7484,(IFCLINEINDEX((1,2,3,4,1))),$);
#7486=IFCARBITRARYCLOSEDPROFILEDEF(.AREA.,$,#7485);
#7487=IFCCARTESIANPOINT((0.,0.,0.));
#7488=IFCDIRECTION((0.,0.,1.));
#7489=IFCDIRECTION((1.,0.,0.));
#7490=IFCAXIS2PLACEMENT3D(#7487,#7488,#7489);
#7491=IFCDIRECTION((0.,0.,1.));
#7492=IFCEXTRUDEDAREASOLID(#7486,#7490,#7491,3.229999999999997);
#7493=IFCSHAPEREPRESENTATION(#11,'Body','SweptSolid',(#7492));
#7494=IFCPRODUCTDEFINITIONSHAPE($,$,(#7493));
#7495=IFCCOLUMN('1h2XEo6afOPADk0JM7EzMo',$,'Column Level 08 19','Perimeter column',$,#7502,#7513,$,$);
#7496=IFCMATERIALPROFILESETUSAGE(#285,$,$);
#7497=IFCRELASSOCIATESMATERIAL('2GPvqejmXRRvOPMt38PdE_',$,$,$,(#7495),#7496);
#7498=IFCCARTESIANPOINT((13.775658218014625,-30.38908343202174,0.));
#7499=IFCDIRECTION((0.,0.,1.));
#7500=IFCDIRECTION((1.,0.,0.));
#7501=IFCAXIS2PLACEMENT3D(#7498,#7499,#7500);
#7502=IFCLOCALPLACEMENT(#134,#7501);
#7503=IFCCARTESIANPOINTLIST2D(((0.,0.),(0.65,0.),(0.65,0.65),(0.,0.65)));
#7504=IFCINDEXEDPOLYCURVE(#7503,(IFCLINEINDEX((1,2,3,4,1))),$);
#7505=IFCARBITRARYCLOSEDPROFILEDEF(.AREA.,$,#7504);
#7506=IFCCARTESIANPOINT((0.,0.,0.));
#7507=IFCDIRECTION((0.,0.,1.));
#7508=IFCDIRECTION((1.,0.,0.));
#7509=IFCAXIS2PLACEMENT3D(#7506,#7507,#7508);
#7510=IFCDIRECTION((0.,0.,1.));
#7511=IFCEXTRUDEDAREASOLID(#7505,#7509,#7510,3.229999999999997);
#7512=IFCSHAPEREPRESENTATION(#11,'Body','SweptSolid',(#7511));
#7513=IFCPRODUCTDEFINITIONSHAPE($,$,(#7512));
#7514=IFCCOLUMN('36p8HNfxzQnPzcPvBrnE11',$,'Column Level 08 20','Perimeter column',$,#7521,#7532,$,$);
#7515=IFCMATERIALPROFILESETUSAGE(#285,$,$);
#7516=IFCRELASSOCIATESMATERIAL('1scAhm3GjUDvqmlrx5uNN9',$,$,$,(#7514),#7515);
#7517=IFCCARTESIANPOINT((15.124296035481771,-25.39290541003938,0.));
#7518=IFCDIRECTION((0.,0.,1.));
#7519=IFCDIRECTION((1.,0.,0.));
#7520=IFCAXIS2PLACEMENT3D(#7517,#7518,#7519);
#7521=IFCLOCALPLACEMENT(#134,#7520);
#7522=IFCCARTESIANPOINTLIST2D(((0.,0.),(0.65,0.),(0.65,0.65),(0.,0.65)));
#7523=IFCINDEXEDPOLYCURVE(#7522,(IFCLINEINDEX((1,2,3,4,1))),$);
#7524=IFCARBITRARYCLOSEDPROFILEDEF(.AREA.,$,#7523);
#7525=IFCCARTESIANPOINT((0.,0.,0.));
#7526=IFCDIRECTION((0.,0.,1.));
#7527=IFCDIRECTION((1.,0.,0.));
#7528=IFCAXIS2PLACEMENT3D(#7525,#7526,#7527);
#7529=IFCDIRECTION((0.,0.,1.));
#7530=IFCEXTRUDEDAREASOLID(#7524,#7528,#7529,3.229999999999997);
#7531=IFCSHAPEREPRESENTATION(#11,'Body','SweptSolid',(#7530));
#7532=IFCPRODUCTDEFINITIONSHAPE($,$,(#7531));
#7533=IFCCOLUMN('3IXxX6PULVWh2RjGwH$hkX',$,'Column Level 08 21','Perimeter column',$,#7540,#7551,$,$);
#7534=IFCMATERIALPROFILESETUSAGE(#285,$,$);
#7535=IFCRELASSOCIATESMATERIAL('1P0ws72lnM4hB1eldzNbf5',$,$,$,(#7533),#7534);
#7536=IFCCARTESIANPOINT((11.1005069602395,-20.251252753812846,0.));
#7537=IFCDIRECTION((0.,0.,1.));
#7538=IFCDIRECTION((1.,0.,0.));
#7539=IFCAXIS2PLACEMENT3D(#7536,#7537,#7538);
#7540=IFCLOCALPLACEMENT(#134,#7539);
#7541=IFCCARTESIANPOINTLIST2D(((0.,0.),(0.65,0.),(0.65,0.65),(0.,0.65)));
#7542=IFCINDEXEDPOLYCURVE(#7541,(IFCLINEINDEX((1,2,3,4,1))),$);
#7543=IFCARBITRARYCLOSEDPROFILEDEF(.AREA.,$,#7542);
#7544=IFCCARTESIANPOINT((0.,0.,0.));
#7545=IFCDIRECTION((0.,0.,1.));
#7546=IFCDIRECTION((1.,0.,0.));
#7547=IFCAXIS2PLACEMENT3D(#7544,#7545,#7546);
#7548=IFCDIRECTION((0.,0.,1.));
#7549=IFCEXTRUDEDAREASOLID(#7543,#7547,#7548,3.229999999999997);
#7550=IFCSHAPEREPRESENTATION(#11,'Body','SweptSolid',(#7549));
#7551=IFCPRODUCTDEFINITIONSHAPE($,$,(#7550));
#7552=IFCCOLUMN('2usQlhZhbUC87J3k479R$A',$,'Column Level 08 22','Perimeter column',$,#7559,#7570,$,$);
#7553=IFCMATERIALPROFILESETUSAGE(#285,$,$);
#7554=IFCRELASSOCIATESMATERIAL('358Qs6AWPLC84lBVcLU$61',$,$,$,(#7552),#7553);
#7555=IFCCARTESIANPOINT((2.5100017590998434,-17.646222010053283,0.));
#7556=IFCDIRECTION((0.,0.,1.));
#7557=IFCDIRECTION((1.,0.,0.));
#7558=IFCAXIS2PLACEMENT3D(#7555,#7556,#7557);
#7559=IFCLOCALPLACEMENT(#134,#7558);
#7560=IFCCARTESIANPOINTLIST2D(((0.,0.),(0.65,0.),(0.65,0.65),(0.,0.65)));
#7561=IFCINDEXEDPOLYCURVE(#7560,(IFCLINEINDEX((1,2,3,4,1))),$);
#7562=IFCARBITRARYCLOSEDPROFILEDEF(.AREA.,$,#7561);
#7563=IFCCARTESIANPOINT((0.,0.,0.));
#7564=IFCDIRECTION((0.,0.,1.));
#7565=IFCDIRECTION((1.,0.,0.));
#7566=IFCAXIS2PLACEMENT3D(#7563,#7564,#7565);
#7567=IFCDIRECTION((0.,0.,1.));
#7568=IFCEXTRUDEDAREASOLID(#7562,#7566,#7567,3.229999999999997);
#7569=IFCSHAPEREPRESENTATION(#11,'Body','SweptSolid',(#7568));
#7570=IFCPRODUCTDEFINITIONSHAPE($,$,(#7569));
#7571=IFCCOLUMN('2FxwU1TIPTDu_3mT9qRG9b',$,'Column Level 08 23','Perimeter column',$,#7578,#7589,$,$);
#7572=IFCMATERIALPROFILESETUSAGE(#285,$,$);
#7573=IFCRELASSOCIATESMATERIAL('03bXfx6hzOoPyOMiVFTQDf',$,$,$,(#7571),#7572);
#7574=IFCCARTESIANPOINT((-6.284128355800784,-15.825739124220192,0.));
#7575=IFCDIRECTION((0.,0.,1.));
#7576=IFCDIRECTION((1.,0.,0.));
#7577=IFCAXIS2PLACEMENT3D(#7574,#7575,#7576);
#7578=IFCLOCALPLACEMENT(#134,#7577);
#7579=IFCCARTESIANPOINTLIST2D(((0.,0.),(0.65,0.),(0.65,0.65),(0.,0.65)));
#7580=IFCINDEXEDPOLYCURVE(#7579,(IFCLINEINDEX((1,2,3,4,1))),$);
#7581=IFCARBITRARYCLOSEDPROFILEDEF(.AREA.,$,#7580);
#7582=IFCCARTESIANPOINT((0.,0.,0.));
#7583=IFCDIRECTION((0.,0.,1.));
#7584=IFCDIRECTION((1.,0.,0.));
#7585=IFCAXIS2PLACEMENT3D(#7582,#7583,#7584);
#7586=IFCDIRECTION((0.,0.,1.));
#7587=IFCEXTRUDEDAREASOLID(#7581,#7585,#7586,3.229999999999997);
#7588=IFCSHAPEREPRESENTATION(#11,'Body','SweptSolid',(#7587));
#7589=IFCPRODUCTDEFINITIONSHAPE($,$,(#7588));
#7590=IFCCOLUMN('1ViGwS3H5L0wa9EFuatcXZ',$,'Column Level 08 24','Perimeter column',$,#7597,#7608,$,$);
#7591=IFCMATERIALPROFILESETUSAGE(#285,$,$);
#7592=IFCRELASSOCIATESMATERIAL('2hydNbb8bJnxi$rZH32xVR',$,$,$,(#7590),#7591);
#7593=IFCCARTESIANPOINT((-15.235223727076646,-14.889820527611462,0.));
#7594=IFCDIRECTION((0.,0.,1.));
#7595=IFCDIRECTION((1.,0.,0.));
#7596=IFCAXIS2PLACEMENT3D(#7593,#7594,#7595);
#7597=IFCLOCALPLACEMENT(#134,#7596);
#7598=IFCCARTESIANPOINTLIST2D(((0.,0.),(0.65,0.),(0.65,0.65),(0.,0.65)));
#7599=IFCINDEXEDPOLYCURVE(#7598,(IFCLINEINDEX((1,2,3,4,1))),$);
#7600=IFCARBITRARYCLOSEDPROFILEDEF(.AREA.,$,#7599);
#7601=IFCCARTESIANPOINT((0.,0.,0.));
#7602=IFCDIRECTION((0.,0.,1.));
#7603=IFCDIRECTION((1.,0.,0.));
#7604=IFCAXIS2PLACEMENT3D(#7601,#7602,#7603);
#7605=IFCDIRECTION((0.,0.,1.));
#7606=IFCEXTRUDEDAREASOLID(#7600,#7604,#7605,3.229999999999997);
#7607=IFCSHAPEREPRESENTATION(#11,'Body','SweptSolid',(#7606));
#7608=IFCPRODUCTDEFINITIONSHAPE($,$,(#7607));
#7609=IFCCOLUMN('3$jpXmoL9HwuecNNYQSF9f',$,'Column Level 08 25','Perimeter column',$,#7616,#7627,$,$);
#7610=IFCMATERIALPROFILESETUSAGE(#285,$,$);
#7611=IFCRELASSOCIATESMATERIAL('3UKdZfX1rOa9VHjvjw9JEm',$,$,$,(#7609),#7610);
#7612=IFCCARTESIANPOINT((-22.859408077226004,-13.57641767242998,0.));
#7613=IFCDIRECTION((0.,0.,1.));
#7614=IFCDIRECTION((1.,0.,0.));
#7615=IFCAXIS2PLACEMENT3D(#7612,#7613,#7614);
#7616=IFCLOCALPLACEMENT(#134,#7615);
#7617=IFCCARTESIANPOINTLIST2D(((0.,0.),(0.65,0.),(0.65,0.65),(0.,0.65)));
#7618=IFCINDEXEDPOLYCURVE(#7617,(IFCLINEINDEX((1,2,3,4,1))),$);
#7619=IFCARBITRARYCLOSEDPROFILEDEF(.AREA.,$,#7618);
#7620=IFCCARTESIANPOINT((0.,0.,0.));
#7621=IFCDIRECTION((0.,0.,1.));
#7622=IFCDIRECTION((1.,0.,0.));
#7623=IFCAXIS2PLACEMENT3D(#7620,#7621,#7622);
#7624=IFCDIRECTION((0.,0.,1.));
#7625=IFCEXTRUDEDAREASOLID(#7619,#7623,#7624,3.229999999999997);
#7626=IFCSHAPEREPRESENTATION(#11,'Body','SweptSolid',(#7625));
#7627=IFCPRODUCTDEFINITIONSHAPE($,$,(#7626));
#7628=IFCCOLUMN('20_1rbBfvSeg6nd0rimREw',$,'Column Level 08 26','Perimeter column',$,#7635,#7646,$,$);
#7629=IFCMATERIALPROFILESETUSAGE(#285,$,$);
#7630=IFCRELASSOCIATESMATERIAL('23u$cK8kbOBwZDLC9X8rZM',$,$,$,(#7628),#7629);
#7631=IFCCARTESIANPOINT((-19.781642485084323,-6.968392887529828,0.));
#7632=IFCDIRECTION((0.,0.,1.));
#7633=IFCDIRECTION((1.,0.,0.));
#7634=IFCAXIS2PLACEMENT3D(#7631,#7632,#7633);
#7635=IFCLOCALPLACEMENT(#134,#7634);
#7636=IFCCARTESIANPOINTLIST2D(((0.,0.),(0.65,0.),(0.65,0.65),(0.,0.65)));
#7637=IFCINDEXEDPOLYCURVE(#7636,(IFCLINEINDEX((1,2,3,4,1))),$);
#7638=IFCARBITRARYCLOSEDPROFILEDEF(.AREA.,$,#7637);
#7639=IFCCARTESIANPOINT((0.,0.,0.));
#7640=IFCDIRECTION((0.,0.,1.));
#7641=IFCDIRECTION((1.,0.,0.));
#7642=IFCAXIS2PLACEMENT3D(#7639,#7640,#7641);
#7643=IFCDIRECTION((0.,0.,1.));
#7644=IFCEXTRUDEDAREASOLID(#7638,#7642,#7643,3.229999999999997);
#7645=IFCSHAPEREPRESENTATION(#11,'Body','SweptSolid',(#7644));
#7646=IFCPRODUCTDEFINITIONSHAPE($,$,(#7645));
#7647=IFCCOLUMN('1GbiBCWcnHcw9mOyAJiwiE',$,'Column Level 09 01','Perimeter column',$,#7654,#7665,$,$);
#7648=IFCMATERIALPROFILESETUSAGE(#285,$,$);
#7649=IFCRELASSOCIATESMATERIAL('1kR$3occLN9B2He3JXxjMp',$,$,$,(#7647),#7648);
#7650=IFCCARTESIANPOINT((-19.142,-5.381,0.));
#7651=IFCDIRECTION((0.,0.,1.));
#7652=IFCDIRECTION((1.,0.,0.));
#7653=IFCAXIS2PLACEMENT3D(#7650,#7651,#7652);
#7654=IFCLOCALPLACEMENT(#141,#7653);
#7655=IFCCARTESIANPOINTLIST2D(((0.,0.),(0.65,0.),(0.65,0.65),(0.,0.65)));
#7656=IFCINDEXEDPOLYCURVE(#7655,(IFCLINEINDEX((1,2,3,4,1))),$);
#7657=IFCARBITRARYCLOSEDPROFILEDEF(.AREA.,$,#7656);
#7658=IFCCARTESIANPOINT((0.,0.,0.));
#7659=IFCDIRECTION((0.,0.,1.));
#7660=IFCDIRECTION((1.,0.,0.));
#7661=IFCAXIS2PLACEMENT3D(#7658,#7659,#7660);
#7662=IFCDIRECTION((0.,0.,1.));
#7663=IFCEXTRUDEDAREASOLID(#7657,#7661,#7662,3.2300000000000004);
#7664=IFCSHAPEREPRESENTATION(#11,'Body','SweptSolid',(#7663));
#7665=IFCPRODUCTDEFINITIONSHAPE($,$,(#7664));
#7666=IFCCOLUMN('3uIsRYk3XQmfMgWT1vSlDN',$,'Column Level 09 02','Perimeter column',$,#7673,#7684,$,$);
#7667=IFCMATERIALPROFILESETUSAGE(#285,$,$);
#7668=IFCRELASSOCIATESMATERIAL('2WoZm1bTrOXeGhxTVZ0gdL',$,$,$,(#7666),#7667);
#7669=IFCCARTESIANPOINT((-28.0427128400649,-4.047841742813773,0.));
#7670=IFCDIRECTION((0.,0.,1.));
#7671=IFCDIRECTION((1.,0.,0.));
#7672=IFCAXIS2PLACEMENT3D(#7669,#7670,#7671);
#7673=IFCLOCALPLACEMENT(#141,#7672);
#7674=IFCCARTESIANPOINTLIST2D(((0.,0.),(0.65,0.),(0.65,0.65),(0.,0.65)));
#7675=IFCINDEXEDPOLYCURVE(#7674,(IFCLINEINDEX((1,2,3,4,1))),$);
#7676=IFCARBITRARYCLOSEDPROFILEDEF(.AREA.,$,#7675);
#7677=IFCCARTESIANPOINT((0.,0.,0.));
#7678=IFCDIRECTION((0.,0.,1.));
#7679=IFCDIRECTION((1.,0.,0.));
#7680=IFCAXIS2PLACEMENT3D(#7677,#7678,#7679);
#7681=IFCDIRECTION((0.,0.,1.));
#7682=IFCEXTRUDEDAREASOLID(#7676,#7680,#7681,3.2300000000000004);
#7683=IFCSHAPEREPRESENTATION(#11,'Body','SweptSolid',(#7682));
#7684=IFCPRODUCTDEFINITIONSHAPE($,$,(#7683));
#7685=IFCCOLUMN('2hXOv2npXSkvsylCSHO9uS',$,'Column Level 09 03','Perimeter column',$,#7692,#7703,$,$);
#7686=IFCMATERIALPROFILESETUSAGE(#285,$,$);
#7687=IFCRELASSOCIATESMATERIAL('3$6$$n5QjGLfmQlDrJES4e',$,$,$,(#7685),#7686);
#7688=IFCCARTESIANPOINT((-36.943425680129806,-2.714683485627546,0.));
#7689=IFCDIRECTION((0.,0.,1.));
#7690=IFCDIRECTION((1.,0.,0.));
#7691=IFCAXIS2PLACEMENT3D(#7688,#7689,#7690);
#7692=IFCLOCALPLACEMENT(#141,#7691);
#7693=IFCCARTESIANPOINTLIST2D(((0.,0.),(0.65,0.),(0.65,0.65),(0.,0.65)));
#7694=IFCINDEXEDPOLYCURVE(#7693,(IFCLINEINDEX((1,2,3,4,1))),$);
#7695=IFCARBITRARYCLOSEDPROFILEDEF(.AREA.,$,#7694);
#7696=IFCCARTESIANPOINT((0.,0.,0.));
#7697=IFCDIRECTION((0.,0.,1.));
#7698=IFCDIRECTION((1.,0.,0.));
#7699=IFCAXIS2PLACEMENT3D(#7696,#7697,#7698);
#7700=IFCDIRECTION((0.,0.,1.));
#7701=IFCEXTRUDEDAREASOLID(#7695,#7699,#7700,3.2300000000000004);
#7702=IFCSHAPEREPRESENTATION(#11,'Body','SweptSolid',(#7701));
#7703=IFCPRODUCTDEFINITIONSHAPE($,$,(#7702));
#7704=IFCCOLUMN('1zh2cRnG9LPwgP8U6lzGK0',$,'Column Level 09 04','Perimeter column',$,#7711,#7722,$,$);
#7705=IFCMATERIALPROFILESETUSAGE(#285,$,$);
#7706=IFCRELASSOCIATESMATERIAL('3t0SLE7QjVPBUjHHu4oZCh',$,$,$,(#7704),#7705);
#7707=IFCCARTESIANPOINT((-45.844138520194704,-1.3815252284413189,0.));
#7708=IFCDIRECTION((0.,0.,1.));
#7709=IFCDIRECTION((1.,0.,0.));
#7710=IFCAXIS2PLACEMENT3D(#7707,#7708,#7709);
#7711=IFCLOCALPLACEMENT(#141,#7710);
#7712=IFCCARTESIANPOINTLIST2D(((0.,0.),(0.65,0.),(0.65,0.65),(0.,0.65)));
#7713=IFCINDEXEDPOLYCURVE(#7712,(IFCLINEINDEX((1,2,3,4,1))),$);
#7714=IFCARBITRARYCLOSEDPROFILEDEF(.AREA.,$,#7713);
#7715=IFCCARTESIANPOINT((0.,0.,0.));
#7716=IFCDIRECTION((0.,0.,1.));
#7717=IFCDIRECTION((1.,0.,0.));
#7718=IFCAXIS2PLACEMENT3D(#7715,#7716,#7717);
#7719=IFCDIRECTION((0.,0.,1.));
#7720=IFCEXTRUDEDAREASOLID(#7714,#7718,#7719,3.2300000000000004);
#7721=IFCSHAPEREPRESENTATION(#11,'Body','SweptSolid',(#7720));
#7722=IFCPRODUCTDEFINITIONSHAPE($,$,(#7721));
#7723=IFCCOLUMN('3toDy0hPTQKBYJfnvOP8Aj',$,'Column Level 09 05','Perimeter column',$,#7730,#7741,$,$);
#7724=IFCMATERIALPROFILESETUSAGE(#285,$,$);
#7725=IFCRELASSOCIATESMATERIAL('2NibWCb8jSJw7mPPl0rXCA',$,$,$,(#7723),#7724);
#7726=IFCCARTESIANPOINT((-52.58616077259833,-2.9149753308001323,0.));
#7727=IFCDIRECTION((0.,0.,1.));
#7728=IFCDIRECTION((1.,0.,0.));
#7729=IFCAXIS2PLACEMENT3D(#7726,#7727,#7728);
#7730=IFCLOCALPLACEMENT(#141,#7729);
#7731=IFCCARTESIANPOINTLIST2D(((0.,0.),(0.65,0.),(0.65,0.65),(0.,0.65)));
#7732=IFCINDEXEDPOLYCURVE(#7731,(IFCLINEINDEX((1,2,3,4,1))),$);
#7733=IFCARBITRARYCLOSEDPROFILEDEF(.AREA.,$,#7732);
#7734=IFCCARTESIANPOINT((0.,0.,0.));
#7735=IFCDIRECTION((0.,0.,1.));
#7736=IFCDIRECTION((1.,0.,0.));
#7737=IFCAXIS2PLACEMENT3D(#7734,#7735,#7736);
#7738=IFCDIRECTION((0.,0.,1.));
#7739=IFCEXTRUDEDAREASOLID(#7733,#7737,#7738,3.2300000000000004);
#7740=IFCSHAPEREPRESENTATION(#11,'Body','SweptSolid',(#7739));
#7741=IFCPRODUCTDEFINITIONSHAPE($,$,(#7740));
#7742=IFCCOLUMN('1AGz1TAqLUPO4_6cPRA0O8',$,'Column Level 09 06','Perimeter column',$,#7749,#7760,$,$);
#7743=IFCMATERIALPROFILESETUSAGE(#285,$,$);
#7744=IFCRELASSOCIATESMATERIAL('1M2XW9H1bM8ftqETXjhaju',$,$,$,(#7742),#7743);
#7745=IFCCARTESIANPOINT((-53.7637896140601,-11.837597720644801,0.));
#7746=IFCDIRECTION((0.,0.,1.));
#7747=IFCDIRECTION((1.,0.,0.));
#7748=IFCAXIS2PLACEMENT3D(#7745,#7746,#7747);
#7749=IFCLOCALPLACEMENT(#141,#7748);
#7750=IFCCARTESIANPOINTLIST2D(((0.,0.),(0.65,0.),(0.65,0.65),(0.,0.65)));
#7751=IFCINDEXEDPOLYCURVE(#7750,(IFCLINEINDEX((1,2,3,4,1))),$);
#7752=IFCARBITRARYCLOSEDPROFILEDEF(.AREA.,$,#7751);
#7753=IFCCARTESIANPOINT((0.,0.,0.));
#7754=IFCDIRECTION((0.,0.,1.));
#7755=IFCDIRECTION((1.,0.,0.));
#7756=IFCAXIS2PLACEMENT3D(#7753,#7754,#7755);
#7757=IFCDIRECTION((0.,0.,1.));
#7758=IFCEXTRUDEDAREASOLID(#7752,#7756,#7757,3.2300000000000004);
#7759=IFCSHAPEREPRESENTATION(#11,'Body','SweptSolid',(#7758));
#7760=IFCPRODUCTDEFINITIONSHAPE($,$,(#7759));
#7761=IFCCOLUMN('0v9pQ6ro1PjPZHfpInrBfx',$,'Column Level 09 07','Perimeter column',$,#7768,#7779,$,$);
#7762=IFCMATERIALPROFILESETUSAGE(#285,$,$);
#7763=IFCRELASSOCIATESMATERIAL('3tcmnUVz1MQwMuzmGqw7aV',$,$,$,(#7761),#7762);
#7764=IFCCARTESIANPOINT((-54.94141845552187,-20.76022011048947,0.));
#7765=IFCDIRECTION((0.,0.,1.));
#7766=IFCDIRECTION((1.,0.,0.));
#7767=IFCAXIS2PLACEMENT3D(#7764,#7765,#7766);
#7768=IFCLOCALPLACEMENT(#141,#7767);
#7769=IFCCARTESIANPOINTLIST2D(((0.,0.),(0.65,0.),(0.65,0.65),(0.,0.65)));
#7770=IFCINDEXEDPOLYCURVE(#7769,(IFCLINEINDEX((1,2,3,4,1))),$);
#7771=IFCARBITRARYCLOSEDPROFILEDEF(.AREA.,$,#7770);
#7772=IFCCARTESIANPOINT((0.,0.,0.));
#7773=IFCDIRECTION((0.,0.,1.));
#7774=IFCDIRECTION((1.,0.,0.));
#7775=IFCAXIS2PLACEMENT3D(#7772,#7773,#7774);
#7776=IFCDIRECTION((0.,0.,1.));
#7777=IFCEXTRUDEDAREASOLID(#7771,#7775,#7776,3.2300000000000004);
#7778=IFCSHAPEREPRESENTATION(#11,'Body','SweptSolid',(#7777));
#7779=IFCPRODUCTDEFINITIONSHAPE($,$,(#7778));
#7780=IFCCOLUMN('1LE3mEpyPO1f_masC4RBeK',$,'Column Level 09 08','Perimeter column',$,#7787,#7798,$,$);
#7781=IFCMATERIALPROFILESETUSAGE(#285,$,$);
#7782=IFCRELASSOCIATESMATERIAL('0OiTbOyh9JVAU1HaMxqEgf',$,$,$,(#7780),#7781);
#7783=IFCCARTESIANPOINT((-56.11904729698364,-29.68284250033414,0.));
#7784=IFCDIRECTION((0.,0.,1.));
#7785=IFCDIRECTION((1.,0.,0.));
#7786=IFCAXIS2PLACEMENT3D(#7783,#7784,#7785);
#7787=IFCLOCALPLACEMENT(#141,#7786);
#7788=IFCCARTESIANPOINTLIST2D(((0.,0.),(0.65,0.),(0.65,0.65),(0.,0.65)));
#7789=IFCINDEXEDPOLYCURVE(#7788,(IFCLINEINDEX((1,2,3,4,1))),$);
#7790=IFCARBITRARYCLOSEDPROFILEDEF(.AREA.,$,#7789);
#7791=IFCCARTESIANPOINT((0.,0.,0.));
#7792=IFCDIRECTION((0.,0.,1.));
#7793=IFCDIRECTION((1.,0.,0.));
#7794=IFCAXIS2PLACEMENT3D(#7791,#7792,#7793);
#7795=IFCDIRECTION((0.,0.,1.));
#7796=IFCEXTRUDEDAREASOLID(#7790,#7794,#7795,3.2300000000000004);
#7797=IFCSHAPEREPRESENTATION(#11,'Body','SweptSolid',(#7796));
#7798=IFCPRODUCTDEFINITIONSHAPE($,$,(#7797));
#7799=IFCCOLUMN('3Xrgw7m99P1QIkd3hq$oLU',$,'Column Level 09 09','Perimeter column',$,#7806,#7817,$,$);
#7800=IFCMATERIALPROFILESETUSAGE(#285,$,$);
#7801=IFCRELASSOCIATESMATERIAL('0$OyEW1oTUwwOCaNBDXyCC',$,$,$,(#7799),#7800);
#7802=IFCCARTESIANPOINT((-54.901472914373485,-36.73118656877232,0.));
#7803=IFCDIRECTION((0.,0.,1.));
#7804=IFCDIRECTION((1.,0.,0.));
#7805=IFCAXIS2PLACEMENT3D(#7802,#7803,#7804);
#7806=IFCLOCALPLACEMENT(#141,#7805);
#7807=IFCCARTESIANPOINTLIST2D(((0.,0.),(0.65,0.),(0.65,0.65),(0.,0.65)));
#7808=IFCINDEXEDPOLYCURVE(#7807,(IFCLINEINDEX((1,2,3,4,1))),$);
#7809=IFCARBITRARYCLOSEDPROFILEDEF(.AREA.,$,#7808);
#7810=IFCCARTESIANPOINT((0.,0.,0.));
#7811=IFCDIRECTION((0.,0.,1.));
#7812=IFCDIRECTION((1.,0.,0.));
#7813=IFCAXIS2PLACEMENT3D(#7810,#7811,#7812);
#7814=IFCDIRECTION((0.,0.,1.));
#7815=IFCEXTRUDEDAREASOLID(#7809,#7813,#7814,3.2300000000000004);
#7816=IFCSHAPEREPRESENTATION(#11,'Body','SweptSolid',(#7815));
#7817=IFCPRODUCTDEFINITIONSHAPE($,$,(#7816));
#7818=IFCCOLUMN('0HqugNvx9Tsgg8FNVNIe_H',$,'Column Level 09 10','Perimeter column',$,#7825,#7836,$,$);
#7819=IFCMATERIALPROFILESETUSAGE(#285,$,$);
#7820=IFCRELASSOCIATESMATERIAL('2OlNQJjirUAvM_WgOFIHw0',$,$,$,(#7818),#7819);
#7821=IFCCARTESIANPOINT((-45.9574587132543,-37.73348890348894,0.));
#7822=IFCDIRECTION((0.,0.,1.));
#7823=IFCDIRECTION((1.,0.,0.));
#7824=IFCAXIS2PLACEMENT3D(#7821,#7822,#7823);
#7825=IFCLOCALPLACEMENT(#141,#7824);
#7826=IFCCARTESIANPOINTLIST2D(((0.,0.),(0.65,0.),(0.65,0.65),(0.,0.65)));
#7827=IFCINDEXEDPOLYCURVE(#7826,(IFCLINEINDEX((1,2,3,4,1))),$);
#7828=IFCARBITRARYCLOSEDPROFILEDEF(.AREA.,$,#7827);
#7829=IFCCARTESIANPOINT((0.,0.,0.));
#7830=IFCDIRECTION((0.,0.,1.));
#7831=IFCDIRECTION((1.,0.,0.));
#7832=IFCAXIS2PLACEMENT3D(#7829,#7830,#7831);
#7833=IFCDIRECTION((0.,0.,1.));
#7834=IFCEXTRUDEDAREASOLID(#7828,#7832,#7833,3.2300000000000004);
#7835=IFCSHAPEREPRESENTATION(#11,'Body','SweptSolid',(#7834));
#7836=IFCPRODUCTDEFINITIONSHAPE($,$,(#7835));
#7837=IFCCOLUMN('3294dpBlbR_v4nMrWeZPBR',$,'Column Level 09 11','Perimeter column',$,#7844,#7855,$,$);
#7838=IFCMATERIALPROFILESETUSAGE(#285,$,$);
#7839=IFCRELASSOCIATESMATERIAL('25btBuibjI0QhYjXe5mmhl',$,$,$,(#7837),#7838);
#7840=IFCCARTESIANPOINT((-37.013444512135116,-38.73579123820556,0.));
#7841=IFCDIRECTION((0.,0.,1.));
#7842=IFCDIRECTION((1.,0.,0.));
#7843=IFCAXIS2PLACEMENT3D(#7840,#7841,#7842);
#7844=IFCLOCALPLACEMENT(#141,#7843);
#7845=IFCCARTESIANPOINTLIST2D(((0.,0.),(0.65,0.),(0.65,0.65),(0.,0.65)));
#7846=IFCINDEXEDPOLYCURVE(#7845,(IFCLINEINDEX((1,2,3,4,1))),$);
#7847=IFCARBITRARYCLOSEDPROFILEDEF(.AREA.,$,#7846);
#7848=IFCCARTESIANPOINT((0.,0.,0.));
#7849=IFCDIRECTION((0.,0.,1.));
#7850=IFCDIRECTION((1.,0.,0.));
#7851=IFCAXIS2PLACEMENT3D(#7848,#7849,#7850);
#7852=IFCDIRECTION((0.,0.,1.));
#7853=IFCEXTRUDEDAREASOLID(#7847,#7851,#7852,3.2300000000000004);
#7854=IFCSHAPEREPRESENTATION(#11,'Body','SweptSolid',(#7853));
#7855=IFCPRODUCTDEFINITIONSHAPE($,$,(#7854));
#7856=IFCCOLUMN('1FUpgcsyjIfeA2EAgOcz45',$,'Column Level 09 12','Perimeter column',$,#7863,#7874,$,$);
#7857=IFCMATERIALPROFILESETUSAGE(#285,$,$);
#7858=IFCRELASSOCIATESMATERIAL('2l7KqJBL5MUeFpsuN3_VrN',$,$,$,(#7856),#7857);
#7859=IFCCARTESIANPOINT((-28.069430311015932,-39.738093572922175,0.));
#7860=IFCDIRECTION((0.,0.,1.));
#7861=IFCDIRECTION((1.,0.,0.));
#7862=IFCAXIS2PLACEMENT3D(#7859,#7860,#7861);
#7863=IFCLOCALPLACEMENT(#141,#7862);
#7864=IFCCARTESIANPOINTLIST2D(((0.,0.),(0.65,0.),(0.65,0.65),(0.,0.65)));
#7865=IFCINDEXEDPOLYCURVE(#7864,(IFCLINEINDEX((1,2,3,4,1))),$);
#7866=IFCARBITRARYCLOSEDPROFILEDEF(.AREA.,$,#7865);
#7867=IFCCARTESIANPOINT((0.,0.,0.));
#7868=IFCDIRECTION((0.,0.,1.));
#7869=IFCDIRECTION((1.,0.,0.));
#7870=IFCAXIS2PLACEMENT3D(#7867,#7868,#7869);
#7871=IFCDIRECTION((0.,0.,1.));
#7872=IFCEXTRUDEDAREASOLID(#7866,#7870,#7871,3.2300000000000004);
#7873=IFCSHAPEREPRESENTATION(#11,'Body','SweptSolid',(#7872));
#7874=IFCPRODUCTDEFINITIONSHAPE($,$,(#7873));
#7875=IFCCOLUMN('01iVJcVV1Pk9onMF8f8PG8',$,'Column Level 09 13','Perimeter column',$,#7882,#7893,$,$);
#7876=IFCMATERIALPROFILESETUSAGE(#285,$,$);
#7877=IFCRELASSOCIATESMATERIAL('2RpUfgxcXIfxAGopL1T9KI',$,$,$,(#7875),#7876);
#7878=IFCCARTESIANPOINT((-22.989824624730904,-35.59547111746692,0.));
#7879=IFCDIRECTION((0.,0.,1.));
#7880=IFCDIRECTION((1.,0.,0.));
#7881=IFCAXIS2PLACEMENT3D(#7878,#7879,#7880);
#7882=IFCLOCALPLACEMENT(#141,#7881);
#7883=IFCCARTESIANPOINTLIST2D(((0.,0.),(0.65,0.),(0.65,0.65),(0.,0.65)));
#7884=IFCINDEXEDPOLYCURVE(#7883,(IFCLINEINDEX((1,2,3,4,1))),$);
#7885=IFCARBITRARYCLOSEDPROFILEDEF(.AREA.,$,#7884);
#7886=IFCCARTESIANPOINT((0.,0.,0.));
#7887=IFCDIRECTION((0.,0.,1.));
#7888=IFCDIRECTION((1.,0.,0.));
#7889=IFCAXIS2PLACEMENT3D(#7886,#7887,#7888);
#7890=IFCDIRECTION((0.,0.,1.));
#7891=IFCEXTRUDEDAREASOLID(#7885,#7889,#7890,3.2300000000000004);
#7892=IFCSHAPEREPRESENTATION(#11,'Body','SweptSolid',(#7891));
#7893=IFCPRODUCTDEFINITIONSHAPE($,$,(#7892));
#7894=IFCCOLUMN('1tByBI5D5HIeXjz1493$M5',$,'Column Level 09 14','Perimeter column',$,#7901,#7912,$,$);
#7895=IFCMATERIALPROFILESETUSAGE(#285,$,$);
#7896=IFCRELASSOCIATESMATERIAL('2Qb77rpzTOGAb4Az8iU82O',$,$,$,(#7894),#7895);
#7897=IFCCARTESIANPOINT((-22.1286943446616,-31.986283284945024,0.));
#7898=IFCDIRECTION((0.,0.,1.));
#7899=IFCDIRECTION((1.,0.,0.));
#7900=IFCAXIS2PLACEMENT3D(#7897,#7898,#7899);
#7901=IFCLOCALPLACEMENT(#141,#7900);
#7902=IFCCARTESIANPOINTLIST2D(((0.,0.),(0.65,0.),(0.65,0.65),(0.,0.65)));
#7903=IFCINDEXEDPOLYCURVE(#7902,(IFCLINEINDEX((1,2,3,4,1))),$);
#7904=IFCARBITRARYCLOSEDPROFILEDEF(.AREA.,$,#7903);
#7905=IFCCARTESIANPOINT((0.,0.,0.));
#7906=IFCDIRECTION((0.,0.,1.));
#7907=IFCDIRECTION((1.,0.,0.));
#7908=IFCAXIS2PLACEMENT3D(#7905,#7906,#7907);
#7909=IFCDIRECTION((0.,0.,1.));
#7910=IFCEXTRUDEDAREASOLID(#7904,#7908,#7909,3.2300000000000004);
#7911=IFCSHAPEREPRESENTATION(#11,'Body','SweptSolid',(#7910));
#7912=IFCPRODUCTDEFINITIONSHAPE($,$,(#7911));
#7913=IFCCOLUMN('1Qc3EB0OLOo8XxSW_DrZGW',$,'Column Level 09 15','Perimeter column',$,#7920,#7931,$,$);
#7914=IFCMATERIALPROFILESETUSAGE(#285,$,$);
#7915=IFCRELASSOCIATESMATERIAL('015wCbvZ5HYQDtscvXM1kW',$,$,$,(#7913),#7914);
#7916=IFCCARTESIANPOINT((-13.40574694239407,-34.173465992126665,0.));
#7917=IFCDIRECTION((0.,0.,1.));
#7918=IFCDIRECTION((1.,0.,0.));
#7919=IFCAXIS2PLACEMENT3D(#7916,#7917,#7918);
#7920=IFCLOCALPLACEMENT(#141,#7919);
#7921=IFCCARTESIANPOINTLIST2D(((0.,0.),(0.65,0.),(0.65,0.65),(0.,0.65)));
#7922=IFCINDEXEDPOLYCURVE(#7921,(IFCLINEINDEX((1,2,3,4,1))),$);
#7923=IFCARBITRARYCLOSEDPROFILEDEF(.AREA.,$,#7922);
#7924=IFCCARTESIANPOINT((0.,0.,0.));
#7925=IFCDIRECTION((0.,0.,1.));
#7926=IFCDIRECTION((1.,0.,0.));
#7927=IFCAXIS2PLACEMENT3D(#7924,#7925,#7926);
#7928=IFCDIRECTION((0.,0.,1.));
#7929=IFCEXTRUDEDAREASOLID(#7923,#7927,#7928,3.2300000000000004);
#7930=IFCSHAPEREPRESENTATION(#11,'Body','SweptSolid',(#7929));
#7931=IFCPRODUCTDEFINITIONSHAPE($,$,(#7930));
#7932=IFCCOLUMN('1IlxJBuarPAxGapL1wWdFd',$,'Column Level 09 16','Perimeter column',$,#7939,#7950,$,$);
#7933=IFCMATERIALPROFILESETUSAGE(#285,$,$);
#7934=IFCRELASSOCIATESMATERIAL('3wnc8K3QHR2wPgQsmxZQH5',$,$,$,(#7932),#7933);
#7935=IFCCARTESIANPOINT((-4.538900343196388,-35.60629616411373,0.));
#7936=IFCDIRECTION((0.,0.,1.));
#7937=IFCDIRECTION((1.,0.,0.));
#7938=IFCAXIS2PLACEMENT3D(#7935,#7936,#7937);
#7939=IFCLOCALPLACEMENT(#141,#7938);
#7940=IFCCARTESIANPOINTLIST2D(((0.,0.),(0.65,0.),(0.65,0.65),(0.,0.65)));
#7941=IFCINDEXEDPOLYCURVE(#7940,(IFCLINEINDEX((1,2,3,4,1))),$);
#7942=IFCARBITRARYCLOSEDPROFILEDEF(.AREA.,$,#7941);
#7943=IFCCARTESIANPOINT((0.,0.,0.));
#7944=IFCDIRECTION((0.,0.,1.));
#7945=IFCDIRECTION((1.,0.,0.));
#7946=IFCAXIS2PLACEMENT3D(#7943,#7944,#7945);
#7947=IFCDIRECTION((0.,0.,1.));
#7948=IFCEXTRUDEDAREASOLID(#7942,#7946,#7947,3.2300000000000004);
#7949=IFCSHAPEREPRESENTATION(#11,'Body','SweptSolid',(#7948));
#7950=IFCPRODUCTDEFINITIONSHAPE($,$,(#7949));
#7951=IFCCOLUMN('2ntwB9Oq9OWuuptMW7jJBi',$,'Column Level 09 17','Perimeter column',$,#7958,#7969,$,$);
#7952=IFCMATERIALPROFILESETUSAGE(#285,$,$);
#7953=IFCRELASSOCIATESMATERIAL('1qij$0lAXOne1qC7xjJqgg',$,$,$,(#7951),#7952);
#7954=IFCCARTESIANPOINT((4.4340823423890505,-36.286997308247884,0.));
#7955=IFCDIRECTION((0.,0.,1.));
#7956=IFCDIRECTION((1.,0.,0.));
#7957=IFCAXIS2PLACEMENT3D(#7954,#7955,#7956);
#7958=IFCLOCALPLACEMENT(#141,#7957);
#7959=IFCCARTESIANPOINTLIST2D(((0.,0.),(0.65,0.),(0.65,0.65),(0.,0.65)));
#7960=IFCINDEXEDPOLYCURVE(#7959,(IFCLINEINDEX((1,2,3,4,1))),$);
#7961=IFCARBITRARYCLOSEDPROFILEDEF(.AREA.,$,#7960);
#7962=IFCCARTESIANPOINT((0.,0.,0.));
#7963=IFCDIRECTION((0.,0.,1.));
#7964=IFCDIRECTION((1.,0.,0.));
#7965=IFCAXIS2PLACEMENT3D(#7962,#7963,#7964);
#7966=IFCDIRECTION((0.,0.,1.));
#7967=IFCEXTRUDEDAREASOLID(#7961,#7965,#7966,3.2300000000000004);
#7968=IFCSHAPEREPRESENTATION(#11,'Body','SweptSolid',(#7967));
#7969=IFCPRODUCTDEFINITIONSHAPE($,$,(#7968));
#7970=IFCCOLUMN('083Ojv9LDQp8SuEPolN2Gl',$,'Column Level 09 18','Perimeter column',$,#7977,#7988,$,$);
#7971=IFCMATERIALPROFILESETUSAGE(#285,$,$);
#7972=IFCRELASSOCIATESMATERIAL('3FZjsLRa9MpvdIYi4QnZcZ',$,$,$,(#7970),#7971);
#7973=IFCCARTESIANPOINT((13.39544096868781,-35.45389973241368,0.));
#7974=IFCDIRECTION((0.,0.,1.));
#7975=IFCDIRECTION((1.,0.,0.));
#7976=IFCAXIS2PLACEMENT3D(#7973,#7974,#7975);
#7977=IFCLOCALPLACEMENT(#141,#7976);
#7978=IFCCARTESIANPOINTLIST2D(((0.,0.),(0.65,0.),(0.65,0.65),(0.,0.65)));
#7979=IFCINDEXEDPOLYCURVE(#7978,(IFCLINEINDEX((1,2,3,4,1))),$);
#7980=IFCARBITRARYCLOSEDPROFILEDEF(.AREA.,$,#7979);
#7981=IFCCARTESIANPOINT((0.,0.,0.));
#7982=IFCDIRECTION((0.,0.,1.));
#7983=IFCDIRECTION((1.,0.,0.));
#7984=IFCAXIS2PLACEMENT3D(#7981,#7982,#7983);
#7985=IFCDIRECTION((0.,0.,1.));
#7986=IFCEXTRUDEDAREASOLID(#7980,#7984,#7985,3.2300000000000004);
#7987=IFCSHAPEREPRESENTATION(#11,'Body','SweptSolid',(#7986));
#7988=IFCPRODUCTDEFINITIONSHAPE($,$,(#7987));
#7989=IFCCOLUMN('09w9Y8dWLTs95rpskE7wVa',$,'Column Level 09 19','Perimeter column',$,#7996,#8007,$,$);
#7990=IFCMATERIALPROFILESETUSAGE(#285,$,$);
#7991=IFCRELASSOCIATESMATERIAL('21b_ow0i5IIPeDv5n7biv6',$,$,$,(#7989),#7990);
#7992=IFCCARTESIANPOINT((15.55515038006527,-29.925883736219458,0.));
#7993=IFCDIRECTION((0.,0.,1.));
#7994=IFCDIRECTION((1.,0.,0.));
#7995=IFCAXIS2PLACEMENT3D(#7992,#7993,#7994);
#7996=IFCLOCALPLACEMENT(#141,#7995);
#7997=IFCCARTESIANPOINTLIST2D(((0.,0.),(0.65,0.),(0.65,0.65),(0.,0.65)));
#7998=IFCINDEXEDPOLYCURVE(#7997,(IFCLINEINDEX((1,2,3,4,1))),$);
#7999=IFCARBITRARYCLOSEDPROFILEDEF(.AREA.,$,#7998);
#8000=IFCCARTESIANPOINT((0.,0.,0.));
#8001=IFCDIRECTION((0.,0.,1.));
#8002=IFCDIRECTION((1.,0.,0.));
#8003=IFCAXIS2PLACEMENT3D(#8000,#8001,#8002);
#8004=IFCDIRECTION((0.,0.,1.));
#8005=IFCEXTRUDEDAREASOLID(#7999,#8003,#8004,3.2300000000000004);
#8006=IFCSHAPEREPRESENTATION(#11,'Body','SweptSolid',(#8005));
#8007=IFCPRODUCTDEFINITIONSHAPE($,$,(#8006));
#8008=IFCCOLUMN('1E5p0rSKfTWhzoKnxyIQs3',$,'Column Level 09 20','Perimeter column',$,#8015,#8026,$,$);
#8009=IFCMATERIALPROFILESETUSAGE(#285,$,$);
#8010=IFCRELASSOCIATESMATERIAL('2_UVVQOoDSdPpiUILTDwwl',$,$,$,(#8008),#8009);
#8011=IFCCARTESIANPOINT((16.116688499307642,-23.024267716867694,0.));
#8012=IFCDIRECTION((0.,0.,1.));
#8013=IFCDIRECTION((1.,0.,0.));
#8014=IFCAXIS2PLACEMENT3D(#8011,#8012,#8013);
#8015=IFCLOCALPLACEMENT(#141,#8014);
#8016=IFCCARTESIANPOINTLIST2D(((0.,0.),(0.65,0.),(0.65,0.65),(0.,0.65)));
#8017=IFCINDEXEDPOLYCURVE(#8016,(IFCLINEINDEX((1,2,3,4,1))),$);
#8018=IFCARBITRARYCLOSEDPROFILEDEF(.AREA.,$,#8017);
#8019=IFCCARTESIANPOINT((0.,0.,0.));
#8020=IFCDIRECTION((0.,0.,1.));
#8021=IFCDIRECTION((1.,0.,0.));
#8022=IFCAXIS2PLACEMENT3D(#8019,#8020,#8021);
#8023=IFCDIRECTION((0.,0.,1.));
#8024=IFCEXTRUDEDAREASOLID(#8018,#8022,#8023,3.2300000000000004);
#8025=IFCSHAPEREPRESENTATION(#11,'Body','SweptSolid',(#8024));
#8026=IFCPRODUCTDEFINITIONSHAPE($,$,(#8025));
#8027=IFCCOLUMN('3ywXlFEyXR4Pz0_2H24Dwi',$,'Column Level 09 21','Perimeter column',$,#8034,#8045,$,$);
#8028=IFCMATERIALPROFILESETUSAGE(#285,$,$);
#8029=IFCRELASSOCIATESMATERIAL('1Txwv1JfTKJe2jo32Vvar0',$,$,$,(#8027),#8028);
#8030=IFCCARTESIANPOINT((8.982142770398681,-19.056757611713227,0.));
#8031=IFCDIRECTION((0.,0.,1.));
#8032=IFCDIRECTION((1.,0.,0.));
#8033=IFCAXIS2PLACEMENT3D(#8030,#8031,#8032);
#8034=IFCLOCALPLACEMENT(#141,#8033);
#8035=IFCCARTESIANPOINTLIST2D(((0.,0.),(0.65,0.),(0.65,0.65),(0.,0.65)));
#8036=IFCINDEXEDPOLYCURVE(#8035,(IFCLINEINDEX((1,2,3,4,1))),$);
#8037=IFCARBITRARYCLOSEDPROFILEDEF(.AREA.,$,#8036);
#8038=IFCCARTESIANPOINT((0.,0.,0.));
#8039=IFCDIRECTION((0.,0.,1.));
#8040=IFCDIRECTION((1.,0.,0.));
#8041=IFCAXIS2PLACEMENT3D(#8038,#8039,#8040);
#8042=IFCDIRECTION((0.,0.,1.));
#8043=IFCEXTRUDEDAREASOLID(#8037,#8041,#8042,3.2300000000000004);
#8044=IFCSHAPEREPRESENTATION(#11,'Body','SweptSolid',(#8043));
#8045=IFCPRODUCTDEFINITIONSHAPE($,$,(#8044));
#8046=IFCCOLUMN('3OrkCgNHLN3PimkN1Xkot$',$,'Column Level 09 22','Perimeter column',$,#8053,#8064,$,$);
#8047=IFCMATERIALPROFILESETUSAGE(#285,$,$);
#8048=IFCRELASSOCIATESMATERIAL('0fkF42fo5TzBUxhL1yvo4q',$,$,$,(#8046),#8047);
#8049=IFCCARTESIANPOINT((0.26949273385508404,-16.81451388752336,0.));
#8050=IFCDIRECTION((0.,0.,1.));
#8051=IFCDIRECTION((1.,0.,0.));
#8052=IFCAXIS2PLACEMENT3D(#8049,#8050,#8051);
#8053=IFCLOCALPLACEMENT(#141,#8052);
#8054=IFCCARTESIANPOINTLIST2D(((0.,0.),(0.65,0.),(0.65,0.65),(0.,0.65)));
#8055=IFCINDEXEDPOLYCURVE(#8054,(IFCLINEINDEX((1,2,3,4,1))),$);
#8056=IFCARBITRARYCLOSEDPROFILEDEF(.AREA.,$,#8055);
#8057=IFCCARTESIANPOINT((0.,0.,0.));
#8058=IFCDIRECTION((0.,0.,1.));
#8059=IFCDIRECTION((1.,0.,0.));
#8060=IFCAXIS2PLACEMENT3D(#8057,#8058,#8059);
#8061=IFCDIRECTION((0.,0.,1.));
#8062=IFCEXTRUDEDAREASOLID(#8056,#8060,#8061,3.2300000000000004);
#8063=IFCSHAPEREPRESENTATION(#11,'Body','SweptSolid',(#8062));
#8064=IFCPRODUCTDEFINITIONSHAPE($,$,(#8063));
#8065=IFCCOLUMN('1GdZ9qlirUF89Lc1T8YD5B',$,'Column Level 09 23','Perimeter column',$,#8072,#8083,$,$);
#8066=IFCMATERIALPROFILESETUSAGE(#285,$,$);
#8067=IFCRELASSOCIATESMATERIAL('3x0wKZgUfNAeqpHB3xLPUh',$,$,$,(#8065),#8066);
#8068=IFCCARTESIANPOINT((-8.589725896727154,-15.359330058054828,0.));
#8069=IFCDIRECTION((0.,0.,1.));
#8070=IFCDIRECTION((1.,0.,0.));
#8071=IFCAXIS2PLACEMENT3D(#8068,#8069,#8070);
#8072=IFCLOCALPLACEMENT(#141,#8071);
#8073=IFCCARTESIANPOINTLIST2D(((0.,0.),(0.65,0.),(0.65,0.65),(0.,0.65)));
#8074=IFCINDEXEDPOLYCURVE(#8073,(IFCLINEINDEX((1,2,3,4,1))),$);
#8075=IFCARBITRARYCLOSEDPROFILEDEF(.AREA.,$,#8074);
#8076=IFCCARTESIANPOINT((0.,0.,0.));
#8077=IFCDIRECTION((0.,0.,1.));
#8078=IFCDIRECTION((1.,0.,0.));
#8079=IFCAXIS2PLACEMENT3D(#8076,#8077,#8078);
#8080=IFCDIRECTION((0.,0.,1.));
#8081=IFCEXTRUDEDAREASOLID(#8075,#8079,#8080,3.2300000000000004);
#8082=IFCSHAPEREPRESENTATION(#11,'Body','SweptSolid',(#8081));
#8083=IFCPRODUCTDEFINITIONSHAPE($,$,(#8082));
#8084=IFCCOLUMN('0rSpMowe5Qshm4QCsYkNez',$,'Column Level 09 24','Perimeter column',$,#8091,#8102,$,$);
#8085=IFCMATERIALPROFILESETUSAGE(#285,$,$);
#8086=IFCRELASSOCIATESMATERIAL('3oOHKgLUPUqxJRIX8NDOm5',$,$,$,(#8084),#8085);
#8087=IFCCARTESIANPOINT((-17.555691306083837,-14.687201129092141,0.));
#8088=IFCDIRECTION((0.,0.,1.));
#8089=IFCDIRECTION((1.,0.,0.));
#8090=IFCAXIS2PLACEMENT3D(#8087,#8088,#8089);
#8091=IFCLOCALPLACEMENT(#141,#8090);
#8092=IFCCARTESIANPOINTLIST2D(((0.,0.),(0.65,0.),(0.65,0.65),(0.,0.65)));
#8093=IFCINDEXEDPOLYCURVE(#8092,(IFCLINEINDEX((1,2,3,4,1))),$);
#8094=IFCARBITRARYCLOSEDPROFILEDEF(.AREA.,$,#8093);
#8095=IFCCARTESIANPOINT((0.,0.,0.));
#8096=IFCDIRECTION((0.,0.,1.));
#8097=IFCDIRECTION((1.,0.,0.));
#8098=IFCAXIS2PLACEMENT3D(#8095,#8096,#8097);
#8099=IFCDIRECTION((0.,0.,1.));
#8100=IFCEXTRUDEDAREASOLID(#8094,#8098,#8099,3.2300000000000004);
#8101=IFCSHAPEREPRESENTATION(#11,'Body','SweptSolid',(#8100));
#8102=IFCPRODUCTDEFINITIONSHAPE($,$,(#8101));
#8103=IFCCOLUMN('0_oG8fOx1U0gLLqSJigqwT',$,'Column Level 09 25','Perimeter column',$,#8110,#8121,$,$);
#8104=IFCMATERIALPROFILESETUSAGE(#285,$,$);
#8105=IFCRELASSOCIATESMATERIAL('0xm57fULXOhfO6SQQh$lZU',$,$,$,(#8103),#8104);
#8106=IFCCARTESIANPOINT((-19.89587678225278,-12.870789840496094,0.));
#8107=IFCDIRECTION((0.,0.,1.));
#8108=IFCDIRECTION((1.,0.,0.));
#8109=IFCAXIS2PLACEMENT3D(#8106,#8107,#8108);
#8110=IFCLOCALPLACEMENT(#141,#8109);
#8111=IFCCARTESIANPOINTLIST2D(((0.,0.),(0.65,0.),(0.65,0.65),(0.,0.65)));
#8112=IFCINDEXEDPOLYCURVE(#8111,(IFCLINEINDEX((1,2,3,4,1))),$);
#8113=IFCARBITRARYCLOSEDPROFILEDEF(.AREA.,$,#8112);
#8114=IFCCARTESIANPOINT((0.,0.,0.));
#8115=IFCDIRECTION((0.,0.,1.));
#8116=IFCDIRECTION((1.,0.,0.));
#8117=IFCAXIS2PLACEMENT3D(#8114,#8115,#8116);
#8118=IFCDIRECTION((0.,0.,1.));
#8119=IFCEXTRUDEDAREASOLID(#8113,#8117,#8118,3.2300000000000004);
#8120=IFCSHAPEREPRESENTATION(#11,'Body','SweptSolid',(#8119));
#8121=IFCPRODUCTDEFINITIONSHAPE($,$,(#8120));
#8122=IFCCOLUMN('0L0eHMTjTH0wgTwdO3c2dO',$,'Column Level 10 01','Perimeter column',$,#8129,#8140,$,$);
#8123=IFCMATERIALPROFILESETUSAGE(#285,$,$);
#8124=IFCRELASSOCIATESMATERIAL('1lK$c1355SNAc80magMiZv',$,$,$,(#8122),#8123);
#8125=IFCCARTESIANPOINT((-18.628,-5.319,0.));
#8126=IFCDIRECTION((0.,0.,1.));
#8127=IFCDIRECTION((1.,0.,0.));
#8128=IFCAXIS2PLACEMENT3D(#8125,#8126,#8127);
#8129=IFCLOCALPLACEMENT(#148,#8128);
#8130=IFCCARTESIANPOINTLIST2D(((0.,0.),(0.65,0.),(0.65,0.65),(0.,0.65)));
#8131=IFCINDEXEDPOLYCURVE(#8130,(IFCLINEINDEX((1,2,3,4,1))),$);
#8132=IFCARBITRARYCLOSEDPROFILEDEF(.AREA.,$,#8131);
#8133=IFCCARTESIANPOINT((0.,0.,0.));
#8134=IFCDIRECTION((0.,0.,1.));
#8135=IFCDIRECTION((1.,0.,0.));
#8136=IFCAXIS2PLACEMENT3D(#8133,#8134,#8135);
#8137=IFCDIRECTION((0.,0.,1.));
#8138=IFCEXTRUDEDAREASOLID(#8132,#8136,#8137,3.2300000000000004);
#8139=IFCSHAPEREPRESENTATION(#11,'Body','SweptSolid',(#8138));
#8140=IFCPRODUCTDEFINITIONSHAPE($,$,(#8139));
#8141=IFCCOLUMN('3BotyRINfKWwfdw6sCYClk',$,'Column Level 10 02','Perimeter column',$,#8148,#8159,$,$);
#8142=IFCMATERIALPROFILESETUSAGE(#285,$,$);
#8143=IFCRELASSOCIATESMATERIAL('3vDFhukzzHtwf4Fwzpi0Ct',$,$,$,(#8141),#8142);
#8144=IFCCARTESIANPOINT((-27.5284251764695,-3.98392259472797,0.));
#8145=IFCDIRECTION((0.,0.,1.));
#8146=IFCDIRECTION((1.,0.,0.));
#8147=IFCAXIS2PLACEMENT3D(#8144,#8145,#8146);
#8148=IFCLOCALPLACEMENT(#148,#8147);
#8149=IFCCARTESIANPOINTLIST2D(((0.,0.),(0.65,0.),(0.65,0.65),(0.,0.65)));
#8150=IFCINDEXEDPOLYCURVE(#8149,(IFCLINEINDEX((1,2,3,4,1))),$);
#8151=IFCARBITRARYCLOSEDPROFILEDEF(.AREA.,$,#8150);
#8152=IFCCARTESIANPOINT((0.,0.,0.));
#8153=IFCDIRECTION((0.,0.,1.));
#8154=IFCDIRECTION((1.,0.,0.));
#8155=IFCAXIS2PLACEMENT3D(#8152,#8153,#8154);
#8156=IFCDIRECTION((0.,0.,1.));
#8157=IFCEXTRUDEDAREASOLID(#8151,#8155,#8156,3.2300000000000004);
#8158=IFCSHAPEREPRESENTATION(#11,'Body','SweptSolid',(#8157));
#8159=IFCPRODUCTDEFINITIONSHAPE($,$,(#8158));
#8160=IFCCOLUMN('1clPsrbXbSJ883ZZdeYs1s',$,'Column Level 10 03','Perimeter column',$,#8167,#8178,$,$);
#8161=IFCMATERIALPROFILESETUSAGE(#285,$,$);
#8162=IFCRELASSOCIATESMATERIAL('15t$6UPPLNPhm6VWqLj0Ko',$,$,$,(#8160),#8161);
#8163=IFCCARTESIANPOINT((-36.428850352939,-2.6488451894559404,0.));
#8164=IFCDIRECTION((0.,0.,1.));
#8165=IFCDIRECTION((1.,0.,0.));
#8166=IFCAXIS2PLACEMENT3D(#8163,#8164,#8165);
#8167=IFCLOCALPLACEMENT(#148,#8166);
#8168=IFCCARTESIANPOINTLIST2D(((0.,0.),(0.65,0.),(0.65,0.65),(0.,0.65)));
#8169=IFCINDEXEDPOLYCURVE(#8168,(IFCLINEINDEX((1,2,3,4,1))),$);
#8170=IFCARBITRARYCLOSEDPROFILEDEF(.AREA.,$,#8169);
#8171=IFCCARTESIANPOINT((0.,0.,0.));
#8172=IFCDIRECTION((0.,0.,1.));
#8173=IFCDIRECTION((1.,0.,0.));
#8174=IFCAXIS2PLACEMENT3D(#8171,#8172,#8173);
#8175=IFCDIRECTION((0.,0.,1.));
#8176=IFCEXTRUDEDAREASOLID(#8170,#8174,#8175,3.2300000000000004);
#8177=IFCSHAPEREPRESENTATION(#11,'Body','SweptSolid',(#8176));
#8178=IFCPRODUCTDEFINITIONSHAPE($,$,(#8177));
#8179=IFCCOLUMN('0SNhWJOvTMsBZnlTKfuKFh',$,'Column Level 10 04','Perimeter column',$,#8186,#8197,$,$);
#8180=IFCMATERIALPROFILESETUSAGE(#285,$,$);
#8181=IFCRELASSOCIATESMATERIAL('3FEt4DMoHJq8J51auXu$8n',$,$,$,(#8179),#8180);
#8182=IFCCARTESIANPOINT((-45.3292755294085,-1.31376778418391,0.));
#8183=IFCDIRECTION((0.,0.,1.));
#8184=IFCDIRECTION((1.,0.,0.));
#8185=IFCAXIS2PLACEMENT3D(#8182,#8183,#8184);
#8186=IFCLOCALPLACEMENT(#148,#8185);
#8187=IFCCARTESIANPOINTLIST2D(((0.,0.),(0.65,0.),(0.65,0.65),(0.,0.65)));
#8188=IFCINDEXEDPOLYCURVE(#8187,(IFCLINEINDEX((1,2,3,4,1))),$);
#8189=IFCARBITRARYCLOSEDPROFILEDEF(.AREA.,$,#8188);
#8190=IFCCARTESIANPOINT((0.,0.,0.));
#8191=IFCDIRECTION((0.,0.,1.));
#8192=IFCDIRECTION((1.,0.,0.));
#8193=IFCAXIS2PLACEMENT3D(#8190,#8191,#8192);
#8194=IFCDIRECTION((0.,0.,1.));
#8195=IFCEXTRUDEDAREASOLID(#8189,#8193,#8194,3.2300000000000004);
#8196=IFCSHAPEREPRESENTATION(#11,'Body','SweptSolid',(#8195));
#8197=IFCPRODUCTDEFINITIONSHAPE($,$,(#8196));
#8198=IFCCOLUMN('2x$Qv$rLzIbhcfQgztJq94',$,'Column Level 10 05','Perimeter column',$,#8205,#8216,$,$);
#8199=IFCMATERIALPROFILESETUSAGE(#285,$,$);
#8200=IFCRELASSOCIATESMATERIAL('0nl5Vl6EvOqw8o$glzHWSO',$,$,$,(#8198),#8199);
#8201=IFCCARTESIANPOINT((-51.67106924039839,-3.3770648912781818,0.));
#8202=IFCDIRECTION((0.,0.,1.));
#8203=IFCDIRECTION((1.,0.,0.));
#8204=IFCAXIS2PLACEMENT3D(#8201,#8202,#8203);
#8205=IFCLOCALPLACEMENT(#148,#8204);
#8206=IFCCARTESIANPOINTLIST2D(((0.,0.),(0.65,0.),(0.65,0.65),(0.,0.65)));
#8207=IFCINDEXEDPOLYCURVE(#8206,(IFCLINEINDEX((1,2,3,4,1))),$);
#8208=IFCARBITRARYCLOSEDPROFILEDEF(.AREA.,$,#8207);
#8209=IFCCARTESIANPOINT((0.,0.,0.));
#8210=IFCDIRECTION((0.,0.,1.));
#8211=IFCDIRECTION((1.,0.,0.));
#8212=IFCAXIS2PLACEMENT3D(#8209,#8210,#8211);
#8213=IFCDIRECTION((0.,0.,1.));
#8214=IFCEXTRUDEDAREASOLID(#8208,#8212,#8213,3.2300000000000004);
#8215=IFCSHAPEREPRESENTATION(#11,'Body','SweptSolid',(#8214));
#8216=IFCPRODUCTDEFINITIONSHAPE($,$,(#8215));
#8217=IFCCOLUMN('1FejAebVzMgANX2m4bMg67',$,'Column Level 10 06','Perimeter column',$,#8224,#8235,$,$);
#8218=IFCMATERIALPROFILESETUSAGE(#285,$,$);
#8219=IFCRELASSOCIATESMATERIAL('1pHANbF0nVLRRSGElF2mMd',$,$,$,(#8217),#8218);
#8220=IFCCARTESIANPOINT((-52.84846309420234,-12.299718292202407,0.));
#8221=IFCDIRECTION((0.,0.,1.));
#8222=IFCDIRECTION((1.,0.,0.));
#8223=IFCAXIS2PLACEMENT3D(#8220,#8221,#8222);
#8224=IFCLOCALPLACEMENT(#148,#8223);
#8225=IFCCARTESIANPOINTLIST2D(((0.,0.),(0.65,0.),(0.65,0.65),(0.,0.65)));
#8226=IFCINDEXEDPOLYCURVE(#8225,(IFCLINEINDEX((1,2,3,4,1))),$);
#8227=IFCARBITRARYCLOSEDPROFILEDEF(.AREA.,$,#8226);
#8228=IFCCARTESIANPOINT((0.,0.,0.));
#8229=IFCDIRECTION((0.,0.,1.));
#8230=IFCDIRECTION((1.,0.,0.));
#8231=IFCAXIS2PLACEMENT3D(#8228,#8229,#8230);
#8232=IFCDIRECTION((0.,0.,1.));
#8233=IFCEXTRUDEDAREASOLID(#8227,#8231,#8232,3.2300000000000004);
#8234=IFCSHAPEREPRESENTATION(#11,'Body','SweptSolid',(#8233));
#8235=IFCPRODUCTDEFINITIONSHAPE($,$,(#8234));
#8236=IFCCOLUMN('2L15v_35PUCQnIQLM_DTKU',$,'Column Level 10 07','Perimeter column',$,#8243,#8254,$,$);
#8237=IFCMATERIALPROFILESETUSAGE(#285,$,$);
#8238=IFCRELASSOCIATESMATERIAL('0dggS1LNPKQefUTqKk7KED',$,$,$,(#8236),#8237);
#8239=IFCCARTESIANPOINT((-54.025856948006286,-21.222371693126632,0.));
#8240=IFCDIRECTION((0.,0.,1.));
#8241=IFCDIRECTION((1.,0.,0.));
#8242=IFCAXIS2PLACEMENT3D(#8239,#8240,#8241);
#8243=IFCLOCALPLACEMENT(#148,#8242);
#8244=IFCCARTESIANPOINTLIST2D(((0.,0.),(0.65,0.),(0.65,0.65),(0.,0.65)));
#8245=IFCINDEXEDPOLYCURVE(#8244,(IFCLINEINDEX((1,2,3,4,1))),$);
#8246=IFCARBITRARYCLOSEDPROFILEDEF(.AREA.,$,#8245);
#8247=IFCCARTESIANPOINT((0.,0.,0.));
#8248=IFCDIRECTION((0.,0.,1.));
#8249=IFCDIRECTION((1.,0.,0.));
#8250=IFCAXIS2PLACEMENT3D(#8247,#8248,#8249);
#8251=IFCDIRECTION((0.,0.,1.));
#8252=IFCEXTRUDEDAREASOLID(#8246,#8250,#8251,3.2300000000000004);
#8253=IFCSHAPEREPRESENTATION(#11,'Body','SweptSolid',(#8252));
#8254=IFCPRODUCTDEFINITIONSHAPE($,$,(#8253));
#8255=IFCCOLUMN('3MtBGVwivRshX68FiBokDB',$,'Column Level 10 08','Perimeter column',$,#8262,#8273,$,$);
#8256=IFCMATERIALPROFILESETUSAGE(#285,$,$);
#8257=IFCRELASSOCIATESMATERIAL('0lNUenVm9G3gyH6WuRxZKa',$,$,$,(#8255),#8256);
#8258=IFCCARTESIANPOINT((-55.20325080181023,-30.14502509405086,0.));
#8259=IFCDIRECTION((0.,0.,1.));
#8260=IFCDIRECTION((1.,0.,0.));
#8261=IFCAXIS2PLACEMENT3D(#8258,#8259,#8260);
#8262=IFCLOCALPLACEMENT(#148,#8261);
#8263=IFCCARTESIANPOINTLIST2D(((0.,0.),(0.65,0.),(0.65,0.65),(0.,0.65)));
#8264=IFCINDEXEDPOLYCURVE(#8263,(IFCLINEINDEX((1,2,3,4,1))),$);
#8265=IFCARBITRARYCLOSEDPROFILEDEF(.AREA.,$,#8264);
#8266=IFCCARTESIANPOINT((0.,0.,0.));
#8267=IFCDIRECTION((0.,0.,1.));
#8268=IFCDIRECTION((1.,0.,0.));
#8269=IFCAXIS2PLACEMENT3D(#8266,#8267,#8268);
#8270=IFCDIRECTION((0.,0.,1.));
#8271=IFCEXTRUDEDAREASOLID(#8265,#8269,#8270,3.2300000000000004);
#8272=IFCSHAPEREPRESENTATION(#11,'Body','SweptSolid',(#8271));
#8273=IFCPRODUCTDEFINITIONSHAPE($,$,(#8272));
#8274=IFCCOLUMN('088du6qeHR6AalXRuCjwdN',$,'Column Level 10 09','Perimeter column',$,#8281,#8292,$,$);
#8275=IFCMATERIALPROFILESETUSAGE(#285,$,$);
#8276=IFCRELASSOCIATESMATERIAL('1$cuxFj4LOqBfyKRGhmMG4',$,$,$,(#8274),#8275);
#8277=IFCCARTESIANPOINT((-52.88484899857102,-36.33132348993635,0.));
#8278=IFCDIRECTION((0.,0.,1.));
#8279=IFCDIRECTION((1.,0.,0.));
#8280=IFCAXIS2PLACEMENT3D(#8277,#8278,#8279);
#8281=IFCLOCALPLACEMENT(#148,#8280);
#8282=IFCCARTESIANPOINTLIST2D(((0.,0.),(0.65,0.),(0.65,0.65),(0.,0.65)));
#8283=IFCINDEXEDPOLYCURVE(#8282,(IFCLINEINDEX((1,2,3,4,1))),$);
#8284=IFCARBITRARYCLOSEDPROFILEDEF(.AREA.,$,#8283);
#8285=IFCCARTESIANPOINT((0.,0.,0.));
#8286=IFCDIRECTION((0.,0.,1.));
#8287=IFCDIRECTION((1.,0.,0.));
#8288=IFCAXIS2PLACEMENT3D(#8285,#8286,#8287);
#8289=IFCDIRECTION((0.,0.,1.));
#8290=IFCEXTRUDEDAREASOLID(#8284,#8288,#8289,3.2300000000000004);
#8291=IFCSHAPEREPRESENTATION(#11,'Body','SweptSolid',(#8290));
#8292=IFCPRODUCTDEFINITIONSHAPE($,$,(#8291));
#8293=IFCCOLUMN('3VvPvItBrNOfZLfDxzLF2d',$,'Column Level 10 10','Perimeter column',$,#8300,#8311,$,$);
#8294=IFCMATERIALPROFILESETUSAGE(#285,$,$);
#8295=IFCRELASSOCIATESMATERIAL('1KbmEqS7bIIeCLqNTuWkLO',$,$,$,(#8293),#8294);
#8296=IFCCARTESIANPOINT((-43.94055979584821,-37.33116880700098,0.));
#8297=IFCDIRECTION((0.,0.,1.));
#8298=IFCDIRECTION((1.,0.,0.));
#8299=IFCAXIS2PLACEMENT3D(#8296,#8297,#8298);
#8300=IFCLOCALPLACEMENT(#148,#8299);
#8301=IFCCARTESIANPOINTLIST2D(((0.,0.),(0.65,0.),(0.65,0.65),(0.,0.65)));
#8302=IFCINDEXEDPOLYCURVE(#8301,(IFCLINEINDEX((1,2,3,4,1))),$);
#8303=IFCARBITRARYCLOSEDPROFILEDEF(.AREA.,$,#8302);
#8304=IFCCARTESIANPOINT((0.,0.,0.));
#8305=IFCDIRECTION((0.,0.,1.));
#8306=IFCDIRECTION((1.,0.,0.));
#8307=IFCAXIS2PLACEMENT3D(#8304,#8305,#8306);
#8308=IFCDIRECTION((0.,0.,1.));
#8309=IFCEXTRUDEDAREASOLID(#8303,#8307,#8308,3.2300000000000004);
#8310=IFCSHAPEREPRESENTATION(#11,'Body','SweptSolid',(#8309));
#8311=IFCPRODUCTDEFINITIONSHAPE($,$,(#8310));
#8312=IFCCOLUMN('2Pu2ZgmBHKPu9U1m1vNByG',$,'Column Level 10 11','Perimeter column',$,#8319,#8330,$,$);
#8313=IFCMATERIALPROFILESETUSAGE(#285,$,$);
#8314=IFCRELASSOCIATESMATERIAL('0gMd2EGFnPpgO377bIfIJC',$,$,$,(#8312),#8313);
#8315=IFCCARTESIANPOINT((-34.996270593125395,-38.331014124065604,0.));
#8316=IFCDIRECTION((0.,0.,1.));
#8317=IFCDIRECTION((1.,0.,0.));
#8318=IFCAXIS2PLACEMENT3D(#8315,#8316,#8317);
#8319=IFCLOCALPLACEMENT(#148,#8318);
#8320=IFCCARTESIANPOINTLIST2D(((0.,0.),(0.65,0.),(0.65,0.65),(0.,0.65)));
#8321=IFCINDEXEDPOLYCURVE(#8320,(IFCLINEINDEX((1,2,3,4,1))),$);
#8322=IFCARBITRARYCLOSEDPROFILEDEF(.AREA.,$,#8321);
#8323=IFCCARTESIANPOINT((0.,0.,0.));
#8324=IFCDIRECTION((0.,0.,1.));
#8325=IFCDIRECTION((1.,0.,0.));
#8326=IFCAXIS2PLACEMENT3D(#8323,#8324,#8325);
#8327=IFCDIRECTION((0.,0.,1.));
#8328=IFCEXTRUDEDAREASOLID(#8322,#8326,#8327,3.2300000000000004);
#8329=IFCSHAPEREPRESENTATION(#11,'Body','SweptSolid',(#8328));
#8330=IFCPRODUCTDEFINITIONSHAPE($,$,(#8329));
#8331=IFCCOLUMN('0Rodis9mLLz9H_gN8V6PcI',$,'Column Level 10 12','Perimeter column',$,#8338,#8349,$,$);
#8332=IFCMATERIALPROFILESETUSAGE(#285,$,$);
#8333=IFCRELASSOCIATESMATERIAL('0UYKGdL7nQWRkZy2nEDNb0',$,$,$,(#8331),#8332);
#8334=IFCCARTESIANPOINT((-26.05198139040257,-39.33085944113023,0.));
#8335=IFCDIRECTION((0.,0.,1.));
#8336=IFCDIRECTION((1.,0.,0.));
#8337=IFCAXIS2PLACEMENT3D(#8334,#8335,#8336);
#8338=IFCLOCALPLACEMENT(#148,#8337);
#8339=IFCCARTESIANPOINTLIST2D(((0.,0.),(0.65,0.),(0.65,0.65),(0.,0.65)));
#8340=IFCINDEXEDPOLYCURVE(#8339,(IFCLINEINDEX((1,2,3,4,1))),$);
#8341=IFCARBITRARYCLOSEDPROFILEDEF(.AREA.,$,#8340);
#8342=IFCCARTESIANPOINT((0.,0.,0.));
#8343=IFCDIRECTION((0.,0.,1.));
#8344=IFCDIRECTION((1.,0.,0.));
#8345=IFCAXIS2PLACEMENT3D(#8342,#8343,#8344);
#8346=IFCDIRECTION((0.,0.,1.));
#8347=IFCEXTRUDEDAREASOLID(#8341,#8345,#8346,3.2300000000000004);
#8348=IFCSHAPEREPRESENTATION(#11,'Body','SweptSolid',(#8347));
#8349=IFCPRODUCTDEFINITIONSHAPE($,$,(#8348));
#8350=IFCCOLUMN('2B3lAKJR1JcQ5DCBgKPJcU',$,'Column Level 10 13','Perimeter column',$,#8357,#8368,$,$);
#8351=IFCMATERIALPROFILESETUSAGE(#285,$,$);
#8352=IFCRELASSOCIATESMATERIAL('0nSvNDMkzRFPryMq0h4hA3',$,$,$,(#8350),#8351);
#8353=IFCCARTESIANPOINT((-22.159895578579608,-33.6025344960352,0.));
#8354=IFCDIRECTION((0.,0.,1.));
#8355=IFCDIRECTION((1.,0.,0.));
#8356=IFCAXIS2PLACEMENT3D(#8353,#8354,#8355);
#8357=IFCLOCALPLACEMENT(#148,#8356);
#8358=IFCCARTESIANPOINTLIST2D(((0.,0.),(0.65,0.),(0.65,0.65),(0.,0.65)));
#8359=IFCINDEXEDPOLYCURVE(#8358,(IFCLINEINDEX((1,2,3,4,1))),$);
#8360=IFCARBITRARYCLOSEDPROFILEDEF(.AREA.,$,#8359);
#8361=IFCCARTESIANPOINT((0.,0.,0.));
#8362=IFCDIRECTION((0.,0.,1.));
#8363=IFCDIRECTION((1.,0.,0.));
#8364=IFCAXIS2PLACEMENT3D(#8361,#8362,#8363);
#8365=IFCDIRECTION((0.,0.,1.));
#8366=IFCEXTRUDEDAREASOLID(#8360,#8364,#8365,3.2300000000000004);
#8367=IFCSHAPEREPRESENTATION(#11,'Body','SweptSolid',(#8366));
#8368=IFCPRODUCTDEFINITIONSHAPE($,$,(#8367));
#8369=IFCCOLUMN('2P06qVMQDGfAuv8w9I0Tx4',$,'Column Level 10 14','Perimeter column',$,#8376,#8387,$,$);
#8370=IFCMATERIALPROFILESETUSAGE(#285,$,$);
#8371=IFCRELASSOCIATESMATERIAL('3MwnbNHI5L7gOYChtNloZ$',$,$,$,(#8369),#8370);
#8372=IFCCARTESIANPOINT((-19.994589444966206,-32.00024252664334,0.));
#8373=IFCDIRECTION((0.,0.,1.));
#8374=IFCDIRECTION((1.,0.,0.));
#8375=IFCAXIS2PLACEMENT3D(#8372,#8373,#8374);
#8376=IFCLOCALPLACEMENT(#148,#8375);
#8377=IFCCARTESIANPOINTLIST2D(((0.,0.),(0.65,0.),(0.65,0.65),(0.,0.65)));
#8378=IFCINDEXEDPOLYCURVE(#8377,(IFCLINEINDEX((1,2,3,4,1))),$);
#8379=IFCARBITRARYCLOSEDPROFILEDEF(.AREA.,$,#8378);
#8380=IFCCARTESIANPOINT((0.,0.,0.));
#8381=IFCDIRECTION((0.,0.,1.));
#8382=IFCDIRECTION((1.,0.,0.));
#8383=IFCAXIS2PLACEMENT3D(#8380,#8381,#8382);
#8384=IFCDIRECTION((0.,0.,1.));
#8385=IFCEXTRUDEDAREASOLID(#8379,#8383,#8384,3.2300000000000004);
#8386=IFCSHAPEREPRESENTATION(#11,'Body','SweptSolid',(#8385));
#8387=IFCPRODUCTDEFINITIONSHAPE($,$,(#8386));
#8388=IFCCOLUMN('1jlzdU8QnPqOlStU$NZtSV',$,'Column Level 10 15','Perimeter column',$,#8395,#8406,$,$);
#8389=IFCMATERIALPROFILESETUSAGE(#285,$,$);
#8390=IFCRELASSOCIATESMATERIAL('3hq9u4e3nJCeiGKIOaI9gq',$,$,$,(#8388),#8389);
#8391=IFCCARTESIANPOINT((-11.23793022990371,-34.05470177271887,0.));
#8392=IFCDIRECTION((0.,0.,1.));
#8393=IFCDIRECTION((1.,0.,0.));
#8394=IFCAXIS2PLACEMENT3D(#8391,#8392,#8393);
#8395=IFCLOCALPLACEMENT(#148,#8394);
#8396=IFCCARTESIANPOINTLIST2D(((0.,0.),(0.65,0.),(0.65,0.65),(0.,0.65)));
#8397=IFCINDEXEDPOLYCURVE(#8396,(IFCLINEINDEX((1,2,3,4,1))),$);
#8398=IFCARBITRARYCLOSEDPROFILEDEF(.AREA.,$,#8397);
#8399=IFCCARTESIANPOINT((0.,0.,0.));
#8400=IFCDIRECTION((0.,0.,1.));
#8401=IFCDIRECTION((1.,0.,0.));
#8402=IFCAXIS2PLACEMENT3D(#8399,#8400,#8401);
#8403=IFCDIRECTION((0.,0.,1.));
#8404=IFCEXTRUDEDAREASOLID(#8398,#8402,#8403,3.2300000000000004);
#8405=IFCSHAPEREPRESENTATION(#11,'Body','SweptSolid',(#8404));
#8406=IFCPRODUCTDEFINITIONSHAPE($,$,(#8405));
#8407=IFCCOLUMN('2Dpez4jEjJ6wy$Nj4mxO1k',$,'Column Level 10 16','Perimeter column',$,#8414,#8425,$,$);
#8408=IFCMATERIALPROFILESETUSAGE(#285,$,$);
#8409=IFCRELASSOCIATESMATERIAL('3tbxHvCtzSoRTjCoM8sS2b',$,$,$,(#8407),#8408);
#8410=IFCCARTESIANPOINT((-2.3363240994163084,-35.24755644179115,0.));
#8411=IFCDIRECTION((0.,0.,1.));
#8412=IFCDIRECTION((1.,0.,0.));
#8413=IFCAXIS2PLACEMENT3D(#8410,#8411,#8412);
#8414=IFCLOCALPLACEMENT(#148,#8413);
#8415=IFCCARTESIANPOINTLIST2D(((0.,0.),(0.65,0.),(0.65,0.65),(0.,0.65)));
#8416=IFCINDEXEDPOLYCURVE(#8415,(IFCLINEINDEX((1,2,3,4,1))),$);
#8417=IFCARBITRARYCLOSEDPROFILEDEF(.AREA.,$,#8416);
#8418=IFCCARTESIANPOINT((0.,0.,0.));
#8419=IFCDIRECTION((0.,0.,1.));
#8420=IFCDIRECTION((1.,0.,0.));
#8421=IFCAXIS2PLACEMENT3D(#8418,#8419,#8420);
#8422=IFCDIRECTION((0.,0.,1.));
#8423=IFCEXTRUDEDAREASOLID(#8417,#8421,#8422,3.2300000000000004);
#8424=IFCSHAPEREPRESENTATION(#11,'Body','SweptSolid',(#8423));
#8425=IFCPRODUCTDEFINITIONSHAPE($,$,(#8424));
#8426=IFCCOLUMN('2vNlxxyKTJCBs5nbzeBJ99',$,'Column Level 10 17','Perimeter column',$,#8433,#8444,$,$);
#8427=IFCMATERIALPROFILESETUSAGE(#285,$,$);
#8428=IFCRELASSOCIATESMATERIAL('2jBHkH3THSIOkQlqbUC4wc',$,$,$,(#8426),#8427);
#8429=IFCCARTESIANPOINT((6.633831995867977,-35.58620720278291,0.));
#8430=IFCDIRECTION((0.,0.,1.));
#8431=IFCDIRECTION((1.,0.,0.));
#8432=IFCAXIS2PLACEMENT3D(#8429,#8430,#8431);
#8433=IFCLOCALPLACEMENT(#148,#8432);
#8434=IFCCARTESIANPOINTLIST2D(((0.,0.),(0.65,0.),(0.65,0.65),(0.,0.65)));
#8435=IFCINDEXEDPOLYCURVE(#8434,(IFCLINEINDEX((1,2,3,4,1))),$);
#8436=IFCARBITRARYCLOSEDPROFILEDEF(.AREA.,$,#8435);
#8437=IFCCARTESIANPOINT((0.,0.,0.));
#8438=IFCDIRECTION((0.,0.,1.));
#8439=IFCDIRECTION((1.,0.,0.));
#8440=IFCAXIS2PLACEMENT3D(#8437,#8438,#8439);
#8441=IFCDIRECTION((0.,0.,1.));
#8442=IFCEXTRUDEDAREASOLID(#8436,#8440,#8441,3.2300000000000004);
#8443=IFCSHAPEREPRESENTATION(#11,'Body','SweptSolid',(#8442));
#8444=IFCPRODUCTDEFINITIONSHAPE($,$,(#8443));
#8445=IFCCOLUMN('0fvce05SzG99x$sY0rD9nP',$,'Column Level 10 18','Perimeter column',$,#8452,#8463,$,$);
#8446=IFCMATERIALPROFILESETUSAGE(#285,$,$);
#8447=IFCRELASSOCIATESMATERIAL('0euhNaZO9RpOB8$_8HxV3V',$,$,$,(#8445),#8446);
#8448=IFCCARTESIANPOINT((14.708618449309716,-34.089526600576725,0.));
#8449=IFCDIRECTION((0.,0.,1.));
#8450=IFCDIRECTION((1.,0.,0.));
#8451=IFCAXIS2PLACEMENT3D(#8448,#8449,#8450);
#8452=IFCLOCALPLACEMENT(#148,#8451);
#8453=IFCCARTESIANPOINTLIST2D(((0.,0.),(0.65,0.),(0.65,0.65),(0.,0.65)));
#8454=IFCINDEXEDPOLYCURVE(#8453,(IFCLINEINDEX((1,2,3,4,1))),$);
#8455=IFCARBITRARYCLOSEDPROFILEDEF(.AREA.,$,#8454);
#8456=IFCCARTESIANPOINT((0.,0.,0.));
#8457=IFCDIRECTION((0.,0.,1.));
#8458=IFCDIRECTION((1.,0.,0.));
#8459=IFCAXIS2PLACEMENT3D(#8456,#8457,#8458);
#8460=IFCDIRECTION((0.,0.,1.));
#8461=IFCEXTRUDEDAREASOLID(#8455,#8459,#8460,3.2300000000000004);
#8462=IFCSHAPEREPRESENTATION(#11,'Body','SweptSolid',(#8461));
#8463=IFCPRODUCTDEFINITIONSHAPE($,$,(#8462));
#8464=IFCCOLUMN('2WfUL5nlPIzeha8tAwoldD',$,'Column Level 10 19','Perimeter column',$,#8471,#8482,$,$);
#8465=IFCMATERIALPROFILESETUSAGE(#285,$,$);
#8466=IFCRELASSOCIATESMATERIAL('1btBB8LlTNEBDAJrNzAmJM',$,$,$,(#8464),#8465);
#8467=IFCCARTESIANPOINT((15.835062413803989,-27.264679343667574,0.));
#8468=IFCDIRECTION((0.,0.,1.));
#8469=IFCDIRECTION((1.,0.,0.));
#8470=IFCAXIS2PLACEMENT3D(#8467,#8468,#8469);
#8471=IFCLOCALPLACEMENT(#148,#8470);
#8472=IFCCARTESIANPOINTLIST2D(((0.,0.),(0.65,0.),(0.65,0.65),(0.,0.65)));
#8473=IFCINDEXEDPOLYCURVE(#8472,(IFCLINEINDEX((1,2,3,4,1))),$);
#8474=IFCARBITRARYCLOSEDPROFILEDEF(.AREA.,$,#8473);
#8475=IFCCARTESIANPOINT((0.,0.,0.));
#8476=IFCDIRECTION((0.,0.,1.));
#8477=IFCDIRECTION((1.,0.,0.));
#8478=IFCAXIS2PLACEMENT3D(#8475,#8476,#8477);
#8479=IFCDIRECTION((0.,0.,1.));
#8480=IFCEXTRUDEDAREASOLID(#8474,#8478,#8479,3.2300000000000004);
#8481=IFCSHAPEREPRESENTATION(#11,'Body','SweptSolid',(#8480));
#8482=IFCPRODUCTDEFINITIONSHAPE($,$,(#8481));
#8483=IFCCOLUMN('0f8kziMz9MbAxzSvykfpkI',$,'Column Level 10 20','Perimeter column',$,#8490,#8501,$,$);
#8484=IFCMATERIALPROFILESETUSAGE(#285,$,$);
#8485=IFCRELASSOCIATESMATERIAL('1Remq67t5LPOq5CiQrCO1f',$,$,$,(#8483),#8484);
#8486=IFCCARTESIANPOINT((15.023629139762509,-21.331805231537633,0.));
#8487=IFCDIRECTION((0.,0.,1.));
#8488=IFCDIRECTION((1.,0.,0.));
#8489=IFCAXIS2PLACEMENT3D(#8486,#8487,#8488);
#8490=IFCLOCALPLACEMENT(#148,#8489);
#8491=IFCCARTESIANPOINTLIST2D(((0.,0.),(0.65,0.),(0.65,0.65),(0.,0.65)));
#8492=IFCINDEXEDPOLYCURVE(#8491,(IFCLINEINDEX((1,2,3,4,1))),$);
#8493=IFCARBITRARYCLOSEDPROFILEDEF(.AREA.,$,#8492);
#8494=IFCCARTESIANPOINT((0.,0.,0.));
#8495=IFCDIRECTION((0.,0.,1.));
#8496=IFCDIRECTION((1.,0.,0.));
#8497=IFCAXIS2PLACEMENT3D(#8494,#8495,#8496);
#8498=IFCDIRECTION((0.,0.,1.));
#8499=IFCEXTRUDEDAREASOLID(#8493,#8497,#8498,3.2300000000000004);
#8500=IFCSHAPEREPRESENTATION(#11,'Body','SweptSolid',(#8499));
#8501=IFCPRODUCTDEFINITIONSHAPE($,$,(#8500));
#8502=IFCCOLUMN('0ptR5K4BTJzvuow9q4v$YW',$,'Column Level 10 21','Perimeter column',$,#8509,#8520,$,$);
#8503=IFCMATERIALPROFILESETUSAGE(#285,$,$);
#8504=IFCRELASSOCIATESMATERIAL('1qOc$7859JjR1gAGOQyJKi',$,$,$,(#8502),#8503);
#8505=IFCCARTESIANPOINT((6.633160191979761,-18.134240540922868,0.));
#8506=IFCDIRECTION((0.,0.,1.));
#8507=IFCDIRECTION((1.,0.,0.));
#8508=IFCAXIS2PLACEMENT3D(#8505,#8506,#8507);
#8509=IFCLOCALPLACEMENT(#148,#8508);
#8510=IFCCARTESIANPOINTLIST2D(((0.,0.),(0.65,0.),(0.65,0.65),(0.,0.65)));
#8511=IFCINDEXEDPOLYCURVE(#8510,(IFCLINEINDEX((1,2,3,4,1))),$);
#8512=IFCARBITRARYCLOSEDPROFILEDEF(.AREA.,$,#8511);
#8513=IFCCARTESIANPOINT((0.,0.,0.));
#8514=IFCDIRECTION((0.,0.,1.));
#8515=IFCDIRECTION((1.,0.,0.));
#8516=IFCAXIS2PLACEMENT3D(#8513,#8514,#8515);
#8517=IFCDIRECTION((0.,0.,1.));
#8518=IFCEXTRUDEDAREASOLID(#8512,#8516,#8517,3.2300000000000004);
#8519=IFCSHAPEREPRESENTATION(#11,'Body','SweptSolid',(#8518));
#8520=IFCPRODUCTDEFINITIONSHAPE($,$,(#8519));
#8521=IFCCOLUMN('0mvseTRR1UL8jbM8CveDA7',$,'Column Level 10 22','Perimeter column',$,#8528,#8539,$,$);
#8522=IFCMATERIALPROFILESETUSAGE(#285,$,$);
#8523=IFCRELASSOCIATESMATERIAL('23r54nTs5Q$u7qLKPKF8IL',$,$,$,(#8521),#8522);
#8524=IFCCARTESIANPOINT((-2.0952561417092594,-15.939987067463,0.));
#8525=IFCDIRECTION((0.,0.,1.));
#8526=IFCDIRECTION((1.,0.,0.));
#8527=IFCAXIS2PLACEMENT3D(#8524,#8525,#8526);
#8528=IFCLOCALPLACEMENT(#148,#8527);
#8529=IFCCARTESIANPOINTLIST2D(((0.,0.),(0.65,0.),(0.65,0.65),(0.,0.65)));
#8530=IFCINDEXEDPOLYCURVE(#8529,(IFCLINEINDEX((1,2,3,4,1))),$);
#8531=IFCARBITRARYCLOSEDPROFILEDEF(.AREA.,$,#8530);
#8532=IFCCARTESIANPOINT((0.,0.,0.));
#8533=IFCDIRECTION((0.,0.,1.));
#8534=IFCDIRECTION((1.,0.,0.));
#8535=IFCAXIS2PLACEMENT3D(#8532,#8533,#8534);
#8536=IFCDIRECTION((0.,0.,1.));
#8537=IFCEXTRUDEDAREASOLID(#8531,#8535,#8536,3.2300000000000004);
#8538=IFCSHAPEREPRESENTATION(#11,'Body','SweptSolid',(#8537));
#8539=IFCPRODUCTDEFINITIONSHAPE($,$,(#8538));
#8540=IFCCOLUMN('0duyyKC41ORfdYO6bHJ2HX',$,'Column Level 10 23','Perimeter column',$,#8547,#8558,$,$);
#8541=IFCMATERIALPROFILESETUSAGE(#285,$,$);
#8542=IFCRELASSOCIATESMATERIAL('0165GvM09LYA8oXNYWyj6r',$,$,$,(#8540),#8541);
#8543=IFCCARTESIANPOINT((-11.022426393780817,-14.867637567450979,0.));
#8544=IFCDIRECTION((0.,0.,1.));
#8545=IFCDIRECTION((1.,0.,0.));
#8546=IFCAXIS2PLACEMENT3D(#8543,#8544,#8545);
#8547=IFCLOCALPLACEMENT(#148,#8546);
#8548=IFCCARTESIANPOINTLIST2D(((0.,0.),(0.65,0.),(0.65,0.65),(0.,0.65)));
#8549=IFCINDEXEDPOLYCURVE(#8548,(IFCLINEINDEX((1,2,3,4,1))),$);
#8550=IFCARBITRARYCLOSEDPROFILEDEF(.AREA.,$,#8549);
#8551=IFCCARTESIANPOINT((0.,0.,0.));
#8552=IFCDIRECTION((0.,0.,1.));
#8553=IFCDIRECTION((1.,0.,0.));
#8554=IFCAXIS2PLACEMENT3D(#8551,#8552,#8553);
#8555=IFCDIRECTION((0.,0.,1.));
#8556=IFCEXTRUDEDAREASOLID(#8550,#8554,#8555,3.2300000000000004);
#8557=IFCSHAPEREPRESENTATION(#11,'Body','SweptSolid',(#8556));
#8558=IFCPRODUCTDEFINITIONSHAPE($,$,(#8557));
#8559=IFCCOLUMN('28n_i7iizQrgwMqwOq6QNR',$,'Column Level 10 24','Perimeter column',$,#8566,#8577,$,$);
#8560=IFCMATERIALPROFILESETUSAGE(#285,$,$);
#8561=IFCRELASSOCIATESMATERIAL('2cuQ7FGqXJvwIARzGnF_p$',$,$,$,(#8559),#8560);
#8562=IFCCARTESIANPOINT((-20.004093877656363,-14.470635975910563,0.));
#8563=IFCDIRECTION((0.,0.,1.));
#8564=IFCDIRECTION((1.,0.,0.));
#8565=IFCAXIS2PLACEMENT3D(#8562,#8563,#8564);
#8566=IFCLOCALPLACEMENT(#148,#8565);
#8567=IFCCARTESIANPOINTLIST2D(((0.,0.),(0.65,0.),(0.65,0.65),(0.,0.65)));
#8568=IFCINDEXEDPOLYCURVE(#8567,(IFCLINEINDEX((1,2,3,4,1))),$);
#8569=IFCARBITRARYCLOSEDPROFILEDEF(.AREA.,$,#8568);
#8570=IFCCARTESIANPOINT((0.,0.,0.));
#8571=IFCDIRECTION((0.,0.,1.));
#8572=IFCDIRECTION((1.,0.,0.));
#8573=IFCAXIS2PLACEMENT3D(#8570,#8571,#8572);
#8574=IFCDIRECTION((0.,0.,1.));
#8575=IFCEXTRUDEDAREASOLID(#8569,#8573,#8574,3.2300000000000004);
#8576=IFCSHAPEREPRESENTATION(#11,'Body','SweptSolid',(#8575));
#8577=IFCPRODUCTDEFINITIONSHAPE($,$,(#8576));
#8578=IFCCOLUMN('14NqIFyULJPws59zGvpo2S',$,'Column Level 10 25','Perimeter column',$,#8585,#8596,$,$);
#8579=IFCMATERIALPROFILESETUSAGE(#285,$,$);
#8580=IFCRELASSOCIATESMATERIAL('0eS02$E7HQ1BHmyuauVwT3',$,$,$,(#8578),#8579);
#8581=IFCCARTESIANPOINT((-19.06196149182012,-9.647357810760983,0.));
#8582=IFCDIRECTION((0.,0.,1.));
#8583=IFCDIRECTION((1.,0.,0.));
#8584=IFCAXIS2PLACEMENT3D(#8581,#8582,#8583);
#8585=IFCLOCALPLACEMENT(#148,#8584);
#8586=IFCCARTESIANPOINTLIST2D(((0.,0.),(0.65,0.),(0.65,0.65),(0.,0.65)));
#8587=IFCINDEXEDPOLYCURVE(#8586,(IFCLINEINDEX((1,2,3,4,1))),$);
#8588=IFCARBITRARYCLOSEDPROFILEDEF(.AREA.,$,#8587);
#8589=IFCCARTESIANPOINT((0.,0.,0.));
#8590=IFCDIRECTION((0.,0.,1.));
#8591=IFCDIRECTION((1.,0.,0.));
#8592=IFCAXIS2PLACEMENT3D(#8589,#8590,#8591);
#8593=IFCDIRECTION((0.,0.,1.));
#8594=IFCEXTRUDEDAREASOLID(#8588,#8592,#8593,3.2300000000000004);
#8595=IFCSHAPEREPRESENTATION(#11,'Body','SweptSolid',(#8594));
#8596=IFCPRODUCTDEFINITIONSHAPE($,$,(#8595));
#8597=IFCCOLUMN('2HUMk2tZzUx9sBpomZ$FQw',$,'Column Level 11 01','Perimeter column',$,#8604,#8615,$,$);
#8598=IFCMATERIALPROFILESETUSAGE(#285,$,$);
#8599=IFCRELASSOCIATESMATERIAL('0ZBlt6vwjIvvDxW3gwMSl5',$,$,$,(#8597),#8598);
#8600=IFCCARTESIANPOINT((-18.089,-5.255,0.));
#8601=IFCDIRECTION((0.,0.,1.));
#8602=IFCDIRECTION((1.,0.,0.));
#8603=IFCAXIS2PLACEMENT3D(#8600,#8601,#8602);
#8604=IFCLOCALPLACEMENT(#155,#8603);
#8605=IFCCARTESIANPOINTLIST2D(((0.,0.),(0.65,0.),(0.65,0.65),(0.,0.65)));
#8606=IFCINDEXEDPOLYCURVE(#8605,(IFCLINEINDEX((1,2,3,4,1))),$);
#8607=IFCARBITRARYCLOSEDPROFILEDEF(.AREA.,$,#8606);
#8608=IFCCARTESIANPOINT((0.,0.,0.));
#8609=IFCDIRECTION((0.,0.,1.));
#8610=IFCDIRECTION((1.,0.,0.));
#8611=IFCAXIS2PLACEMENT3D(#8608,#8609,#8610);
#8612=IFCDIRECTION((0.,0.,1.));
#8613=IFCEXTRUDEDAREASOLID(#8607,#8611,#8612,3.2300000000000004);
#8614=IFCSHAPEREPRESENTATION(#11,'Body','SweptSolid',(#8613));
#8615=IFCPRODUCTDEFINITIONSHAPE($,$,(#8614));
#8616=IFCCOLUMN('0uK7yrx7bJthUASINplmdS',$,'Column Level 11 02','Perimeter column',$,#8623,#8634,$,$);
#8617=IFCMATERIALPROFILESETUSAGE(#285,$,$);
#8618=IFCRELASSOCIATESMATERIAL('3pX41O1ofGSxTMuDCrJmKj',$,$,$,(#8616),#8617);
#8619=IFCCARTESIANPOINT((-26.989051350891682,-3.917432823559447,0.));
#8620=IFCDIRECTION((0.,0.,1.));
#8621=IFCDIRECTION((1.,0.,0.));
#8622=IFCAXIS2PLACEMENT3D(#8619,#8620,#8621);
#8623=IFCLOCALPLACEMENT(#155,#8622);
#8624=IFCCARTESIANPOINTLIST2D(((0.,0.),(0.65,0.),(0.65,0.65),(0.,0.65)));
#8625=IFCINDEXEDPOLYCURVE(#8624,(IFCLINEINDEX((1,2,3,4,1))),$);
#8626=IFCARBITRARYCLOSEDPROFILEDEF(.AREA.,$,#8625);
#8627=IFCCARTESIANPOINT((0.,0.,0.));
#8628=IFCDIRECTION((0.,0.,1.));
#8629=IFCDIRECTION((1.,0.,0.));
#8630=IFCAXIS2PLACEMENT3D(#8627,#8628,#8629);
#8631=IFCDIRECTION((0.,0.,1.));
#8632=IFCEXTRUDEDAREASOLID(#8626,#8630,#8631,3.2300000000000004);
#8633=IFCSHAPEREPRESENTATION(#11,'Body','SweptSolid',(#8632));
#8634=IFCPRODUCTDEFINITIONSHAPE($,$,(#8633));
#8635=IFCCOLUMN('1iMq5vU8DLYulCHbEjjYGp',$,'Column Level 11 03','Perimeter column',$,#8642,#8653,$,$);
#8636=IFCMATERIALPROFILESETUSAGE(#285,$,$);
#8637=IFCRELASSOCIATESMATERIAL('3dCRdHizLLIR$zwVOMBuNo',$,$,$,(#8635),#8636);
#8638=IFCCARTESIANPOINT((-35.889102701783365,-2.5798656471188943,0.));
#8639=IFCDIRECTION((0.,0.,1.));
#8640=IFCDIRECTION((1.,0.,0.));
#8641=IFCAXIS2PLACEMENT3D(#8638,#8639,#8640);
#8642=IFCLOCALPLACEMENT(#155,#8641);
#8643=IFCCARTESIANPOINTLIST2D(((0.,0.),(0.65,0.),(0.65,0.65),(0.,0.65)));
#8644=IFCINDEXEDPOLYCURVE(#8643,(IFCLINEINDEX((1,2,3,4,1))),$);
#8645=IFCARBITRARYCLOSEDPROFILEDEF(.AREA.,$,#8644);
#8646=IFCCARTESIANPOINT((0.,0.,0.));
#8647=IFCDIRECTION((0.,0.,1.));
#8648=IFCDIRECTION((1.,0.,0.));
#8649=IFCAXIS2PLACEMENT3D(#8646,#8647,#8648);
#8650=IFCDIRECTION((0.,0.,1.));
#8651=IFCEXTRUDEDAREASOLID(#8645,#8649,#8650,3.2300000000000004);
#8652=IFCSHAPEREPRESENTATION(#11,'Body','SweptSolid',(#8651));
#8653=IFCPRODUCTDEFINITIONSHAPE($,$,(#8652));
#8654=IFCCOLUMN('2wL$yYGAHOlxWdwaRzqlTh',$,'Column Level 11 04','Perimeter column',$,#8661,#8672,$,$);
#8655=IFCMATERIALPROFILESETUSAGE(#285,$,$);
#8656=IFCRELASSOCIATESMATERIAL('2Nh8WR9zbHEQj2MFXaIfmu',$,$,$,(#8654),#8655);
#8657=IFCCARTESIANPOINT((-44.789154052675045,-1.2422984706783422,0.));
#8658=IFCDIRECTION((0.,0.,1.));
#8659=IFCDIRECTION((1.,0.,0.));
#8660=IFCAXIS2PLACEMENT3D(#8657,#8658,#8659);
#8661=IFCLOCALPLACEMENT(#155,#8660);
#8662=IFCCARTESIANPOINTLIST2D(((0.,0.),(0.65,0.),(0.65,0.65),(0.,0.65)));
#8663=IFCINDEXEDPOLYCURVE(#8662,(IFCLINEINDEX((1,2,3,4,1))),$);
#8664=IFCARBITRARYCLOSEDPROFILEDEF(.AREA.,$,#8663);
#8665=IFCCARTESIANPOINT((0.,0.,0.));
#8666=IFCDIRECTION((0.,0.,1.));
#8667=IFCDIRECTION((1.,0.,0.));
#8668=IFCAXIS2PLACEMENT3D(#8665,#8666,#8667);
#8669=IFCDIRECTION((0.,0.,1.));
#8670=IFCEXTRUDEDAREASOLID(#8664,#8668,#8669,3.2300000000000004);
#8671=IFCSHAPEREPRESENTATION(#11,'Body','SweptSolid',(#8670));
#8672=IFCPRODUCTDEFINITIONSHAPE($,$,(#8671));
#8673=IFCCOLUMN('1jVYFQw39NtQSlfQFPQZMT',$,'Column Level 11 05','Perimeter column',$,#8680,#8691,$,$);
#8674=IFCMATERIALPROFILESETUSAGE(#285,$,$);
#8675=IFCRELASSOCIATESMATERIAL('2hANiVoeDGex0Kc9oCrcsb',$,$,$,(#8673),#8674);
#8676=IFCCARTESIANPOINT((-50.7085032764937,-3.8649216473229857,0.));
#8677=IFCDIRECTION((0.,0.,1.));
#8678=IFCDIRECTION((1.,0.,0.));
#8679=IFCAXIS2PLACEMENT3D(#8676,#8677,#8678);
#8680=IFCLOCALPLACEMENT(#155,#8679);
#8681=IFCCARTESIANPOINTLIST2D(((0.,0.),(0.65,0.),(0.65,0.65),(0.,0.65)));
#8682=IFCINDEXEDPOLYCURVE(#8681,(IFCLINEINDEX((1,2,3,4,1))),$);
#8683=IFCARBITRARYCLOSEDPROFILEDEF(.AREA.,$,#8682);
#8684=IFCCARTESIANPOINT((0.,0.,0.));
#8685=IFCDIRECTION((0.,0.,1.));
#8686=IFCDIRECTION((1.,0.,0.));
#8687=IFCAXIS2PLACEMENT3D(#8684,#8685,#8686);
#8688=IFCDIRECTION((0.,0.,1.));
#8689=IFCEXTRUDEDAREASOLID(#8683,#8687,#8688,3.2300000000000004);
#8690=IFCSHAPEREPRESENTATION(#11,'Body','SweptSolid',(#8689));
#8691=IFCPRODUCTDEFINITIONSHAPE($,$,(#8690));
#8692=IFCCOLUMN('1BjLYgkV1N5voWshxIOaCi',$,'Column Level 11 06','Perimeter column',$,#8699,#8710,$,$);
#8693=IFCMATERIALPROFILESETUSAGE(#285,$,$);
#8694=IFCRELASSOCIATESMATERIAL('0lbniwT$rUO822wcqVXTf6',$,$,$,(#8692),#8693);
#8695=IFCCARTESIANPOINT((-51.886046399749866,-12.78755535004059,0.));
#8696=IFCDIRECTION((0.,0.,1.));
#8697=IFCDIRECTION((1.,0.,0.));
#8698=IFCAXIS2PLACEMENT3D(#8695,#8696,#8697);
#8699=IFCLOCALPLACEMENT(#155,#8698);
#8700=IFCCARTESIANPOINTLIST2D(((0.,0.),(0.65,0.),(0.65,0.65),(0.,0.65)));
#8701=IFCINDEXEDPOLYCURVE(#8700,(IFCLINEINDEX((1,2,3,4,1))),$);
#8702=IFCARBITRARYCLOSEDPROFILEDEF(.AREA.,$,#8701);
#8703=IFCCARTESIANPOINT((0.,0.,0.));
#8704=IFCDIRECTION((0.,0.,1.));
#8705=IFCDIRECTION((1.,0.,0.));
#8706=IFCAXIS2PLACEMENT3D(#8703,#8704,#8705);
#8707=IFCDIRECTION((0.,0.,1.));
#8708=IFCEXTRUDEDAREASOLID(#8702,#8706,#8707,3.2300000000000004);
#8709=IFCSHAPEREPRESENTATION(#11,'Body','SweptSolid',(#8708));
#8710=IFCPRODUCTDEFINITIONSHAPE($,$,(#8709));
#8711=IFCCOLUMN('1V15rwbsHTSBCKntrDvDz8',$,'Column Level 11 07','Perimeter column',$,#8718,#8729,$,$);
#8712=IFCMATERIALPROFILESETUSAGE(#285,$,$);
#8713=IFCRELASSOCIATESMATERIAL('2vRsRBEE9NUO64_k8DZpHq',$,$,$,(#8711),#8712);
#8714=IFCCARTESIANPOINT((-53.06358952300603,-21.710189052758196,0.));
#8715=IFCDIRECTION((0.,0.,1.));
#8716=IFCDIRECTION((1.,0.,0.));
#8717=IFCAXIS2PLACEMENT3D(#8714,#8715,#8716);
#8718=IFCLOCALPLACEMENT(#155,#8717);
#8719=IFCCARTESIANPOINTLIST2D(((0.,0.),(0.65,0.),(0.65,0.65),(0.,0.65)));
#8720=IFCINDEXEDPOLYCURVE(#8719,(IFCLINEINDEX((1,2,3,4,1))),$);
#8721=IFCARBITRARYCLOSEDPROFILEDEF(.AREA.,$,#8720);
#8722=IFCCARTESIANPOINT((0.,0.,0.));
#8723=IFCDIRECTION((0.,0.,1.));
#8724=IFCDIRECTION((1.,0.,0.));
#8725=IFCAXIS2PLACEMENT3D(#8722,#8723,#8724);
#8726=IFCDIRECTION((0.,0.,1.));
#8727=IFCEXTRUDEDAREASOLID(#8721,#8725,#8726,3.2300000000000004);
#8728=IFCSHAPEREPRESENTATION(#11,'Body','SweptSolid',(#8727));
#8729=IFCPRODUCTDEFINITIONSHAPE($,$,(#8728));
#8730=IFCCOLUMN('1p68TPp8TVEvI_JHGMAY5x',$,'Column Level 11 08','Perimeter column',$,#8737,#8748,$,$);
#8731=IFCMATERIALPROFILESETUSAGE(#285,$,$);
#8732=IFCRELASSOCIATESMATERIAL('1trGMQKizHVxUQGbUsLgBt',$,$,$,(#8730),#8731);
#8733=IFCCARTESIANPOINT((-54.241132646262194,-30.632822755475804,0.));
#8734=IFCDIRECTION((0.,0.,1.));
#8735=IFCDIRECTION((1.,0.,0.));
#8736=IFCAXIS2PLACEMENT3D(#8733,#8734,#8735);
#8737=IFCLOCALPLACEMENT(#155,#8736);
#8738=IFCCARTESIANPOINTLIST2D(((0.,0.),(0.65,0.),(0.65,0.65),(0.,0.65)));
#8739=IFCINDEXEDPOLYCURVE(#8738,(IFCLINEINDEX((1,2,3,4,1))),$);
#8740=IFCARBITRARYCLOSEDPROFILEDEF(.AREA.,$,#8739);
#8741=IFCCARTESIANPOINT((0.,0.,0.));
#8742=IFCDIRECTION((0.,0.,1.));
#8743=IFCDIRECTION((1.,0.,0.));
#8744=IFCAXIS2PLACEMENT3D(#8741,#8742,#8743);
#8745=IFCDIRECTION((0.,0.,1.));
#8746=IFCEXTRUDEDAREASOLID(#8740,#8744,#8745,3.2300000000000004);
#8747=IFCSHAPEREPRESENTATION(#11,'Body','SweptSolid',(#8746));
#8748=IFCPRODUCTDEFINITIONSHAPE($,$,(#8747));
#8749=IFCCOLUMN('1apPV_kDfL4uenGS_zrIAT',$,'Column Level 11 09','Perimeter column',$,#8756,#8767,$,$);
#8750=IFCMATERIALPROFILESETUSAGE(#285,$,$);
#8751=IFCRELASSOCIATESMATERIAL('1pOMwNgbLKOf19ekmOSPmB',$,$,$,(#8749),#8750);
#8752=IFCCARTESIANPOINT((-50.76247405554631,-35.90996809138151,0.));
#8753=IFCDIRECTION((0.,0.,1.));
#8754=IFCDIRECTION((1.,0.,0.));
#8755=IFCAXIS2PLACEMENT3D(#8752,#8753,#8754);
#8756=IFCLOCALPLACEMENT(#155,#8755);
#8757=IFCCARTESIANPOINTLIST2D(((0.,0.),(0.65,0.),(0.65,0.65),(0.,0.65)));
#8758=IFCINDEXEDPOLYCURVE(#8757,(IFCLINEINDEX((1,2,3,4,1))),$);
#8759=IFCARBITRARYCLOSEDPROFILEDEF(.AREA.,$,#8758);
#8760=IFCCARTESIANPOINT((0.,0.,0.));
#8761=IFCDIRECTION((0.,0.,1.));
#8762=IFCDIRECTION((1.,0.,0.));
#8763=IFCAXIS2PLACEMENT3D(#8760,#8761,#8762);
#8764=IFCDIRECTION((0.,0.,1.));
#8765=IFCEXTRUDEDAREASOLID(#8759,#8763,#8764,3.2300000000000004);
#8766=IFCSHAPEREPRESENTATION(#11,'Body','SweptSolid',(#8765));
#8767=IFCPRODUCTDEFINITIONSHAPE($,$,(#8766));
#8768=IFCCOLUMN('3d0fSbh4HOYQb1MA7jHUdP',$,'Column Level 11 10','Perimeter column',$,#8775,#8786,$,$);
#8769=IFCMATERIALPROFILESETUSAGE(#285,$,$);
#8770=IFCRELASSOCIATESMATERIAL('0ae92vvsHO4h8Abg2IHAmh',$,$,$,(#8768),#8769);
#8771=IFCCARTESIANPOINT((-41.81795040506336,-36.90771388363072,0.));
#8772=IFCDIRECTION((0.,0.,1.));
#8773=IFCDIRECTION((1.,0.,0.));
#8774=IFCAXIS2PLACEMENT3D(#8771,#8772,#8773);
#8775=IFCLOCALPLACEMENT(#155,#8774);
#8776=IFCCARTESIANPOINTLIST2D(((0.,0.),(0.65,0.),(0.65,0.65),(0.,0.65)));
#8777=IFCINDEXEDPOLYCURVE(#8776,(IFCLINEINDEX((1,2,3,4,1))),$);
#8778=IFCARBITRARYCLOSEDPROFILEDEF(.AREA.,$,#8777);
#8779=IFCCARTESIANPOINT((0.,0.,0.));
#8780=IFCDIRECTION((0.,0.,1.));
#8781=IFCDIRECTION((1.,0.,0.));
#8782=IFCAXIS2PLACEMENT3D(#8779,#8780,#8781);
#8783=IFCDIRECTION((0.,0.,1.));
#8784=IFCEXTRUDEDAREASOLID(#8778,#8782,#8783,3.2300000000000004);
#8785=IFCSHAPEREPRESENTATION(#11,'Body','SweptSolid',(#8784));
#8786=IFCPRODUCTDEFINITIONSHAPE($,$,(#8785));
#8787=IFCCOLUMN('1mLrbFe1DOCxQpIVrRIihU',$,'Column Level 11 11','Perimeter column',$,#8794,#8805,$,$);
#8788=IFCMATERIALPROFILESETUSAGE(#285,$,$);
#8789=IFCRELASSOCIATESMATERIAL('3a720sI0TO2PGeE6EEa1Ld',$,$,$,(#8787),#8788);
#8790=IFCCARTESIANPOINT((-32.8734267545804,-37.90545967587993,0.));
#8791=IFCDIRECTION((0.,0.,1.));
#8792=IFCDIRECTION((1.,0.,0.));
#8793=IFCAXIS2PLACEMENT3D(#8790,#8791,#8792);
#8794=IFCLOCALPLACEMENT(#155,#8793);
#8795=IFCCARTESIANPOINTLIST2D(((0.,0.),(0.65,0.),(0.65,0.65),(0.,0.65)));
#8796=IFCINDEXEDPOLYCURVE(#8795,(IFCLINEINDEX((1,2,3,4,1))),$);
#8797=IFCARBITRARYCLOSEDPROFILEDEF(.AREA.,$,#8796);
#8798=IFCCARTESIANPOINT((0.,0.,0.));
#8799=IFCDIRECTION((0.,0.,1.));
#8800=IFCDIRECTION((1.,0.,0.));
#8801=IFCAXIS2PLACEMENT3D(#8798,#8799,#8800);
#8802=IFCDIRECTION((0.,0.,1.));
#8803=IFCEXTRUDEDAREASOLID(#8797,#8801,#8802,3.2300000000000004);
#8804=IFCSHAPEREPRESENTATION(#11,'Body','SweptSolid',(#8803));
#8805=IFCPRODUCTDEFINITIONSHAPE($,$,(#8804));
#8806=IFCCOLUMN('24bDZ2la9LAOSQisnwpWnv',$,'Column Level 11 12','Perimeter column',$,#8813,#8824,$,$);
#8807=IFCMATERIALPROFILESETUSAGE(#285,$,$);
#8808=IFCRELASSOCIATESMATERIAL('35yZqlOvbHUAyuu4bQqsHy',$,$,$,(#8806),#8807);
#8809=IFCCARTESIANPOINT((-23.928903104097436,-38.903205468129144,0.));
#8810=IFCDIRECTION((0.,0.,1.));
#8811=IFCDIRECTION((1.,0.,0.));
#8812=IFCAXIS2PLACEMENT3D(#8809,#8810,#8811);
#8813=IFCLOCALPLACEMENT(#155,#8812);
#8814=IFCCARTESIANPOINTLIST2D(((0.,0.),(0.65,0.),(0.65,0.65),(0.,0.65)));
#8815=IFCINDEXEDPOLYCURVE(#8814,(IFCLINEINDEX((1,2,3,4,1))),$);
#8816=IFCARBITRARYCLOSEDPROFILEDEF(.AREA.,$,#8815);
#8817=IFCCARTESIANPOINT((0.,0.,0.));
#8818=IFCDIRECTION((0.,0.,1.));
#8819=IFCDIRECTION((1.,0.,0.));
#8820=IFCAXIS2PLACEMENT3D(#8817,#8818,#8819);
#8821=IFCDIRECTION((0.,0.,1.));
#8822=IFCEXTRUDEDAREASOLID(#8816,#8820,#8821,3.2300000000000004);
#8823=IFCSHAPEREPRESENTATION(#11,'Body','SweptSolid',(#8822));
#8824=IFCPRODUCTDEFINITIONSHAPE($,$,(#8823));
#8825=IFCCOLUMN('1uHdho8xfGTgEHf8_lxDft',$,'Column Level 11 13','Perimeter column',$,#8832,#8843,$,$);
#8826=IFCMATERIALPROFILESETUSAGE(#285,$,$);
#8827=IFCRELASSOCIATESMATERIAL('2la0pAI8DKLuUpQGUMwQXh',$,$,$,(#8825),#8826);
#8828=IFCCARTESIANPOINT((-22.35845788169823,-32.13994626349387,0.));
#8829=IFCDIRECTION((0.,0.,1.));
#8830=IFCDIRECTION((1.,0.,0.));
#8831=IFCAXIS2PLACEMENT3D(#8828,#8829,#8830);
#8832=IFCLOCALPLACEMENT(#155,#8831);
#8833=IFCCARTESIANPOINTLIST2D(((0.,0.),(0.65,0.),(0.65,0.65),(0.,0.65)));
#8834=IFCINDEXEDPOLYCURVE(#8833,(IFCLINEINDEX((1,2,3,4,1))),$);
#8835=IFCARBITRARYCLOSEDPROFILEDEF(.AREA.,$,#8834);
#8836=IFCCARTESIANPOINT((0.,0.,0.));
#8837=IFCDIRECTION((0.,0.,1.));
#8838=IFCDIRECTION((1.,0.,0.));
#8839=IFCAXIS2PLACEMENT3D(#8836,#8837,#8838);
#8840=IFCDIRECTION((0.,0.,1.));
#8841=IFCEXTRUDEDAREASOLID(#8835,#8839,#8840,3.2300000000000004);
#8842=IFCSHAPEREPRESENTATION(#11,'Body','SweptSolid',(#8841));
#8843=IFCPRODUCTDEFINITIONSHAPE($,$,(#8842));
#8844=IFCCOLUMN('0jWaNNOp9LAOqFKVPrA_gJ',$,'Column Level 11 14','Perimeter column',$,#8851,#8862,$,$);
#8845=IFCMATERIALPROFILESETUSAGE(#285,$,$);
#8846=IFCRELASSOCIATESMATERIAL('2o_X20svPRHAyAmmJxAh9h',$,$,$,(#8844),#8845);
#8847=IFCCARTESIANPOINT((-17.74661499762545,-32.012639656959706,0.));
#8848=IFCDIRECTION((0.,0.,1.));
#8849=IFCDIRECTION((1.,0.,0.));
#8850=IFCAXIS2PLACEMENT3D(#8847,#8848,#8849);
#8851=IFCLOCALPLACEMENT(#155,#8850);
#8852=IFCCARTESIANPOINTLIST2D(((0.,0.),(0.65,0.),(0.65,0.65),(0.,0.65)));
#8853=IFCINDEXEDPOLYCURVE(#8852,(IFCLINEINDEX((1,2,3,4,1))),$);
#8854=IFCARBITRARYCLOSEDPROFILEDEF(.AREA.,$,#8853);
#8855=IFCCARTESIANPOINT((0.,0.,0.));
#8856=IFCDIRECTION((0.,0.,1.));
#8857=IFCDIRECTION((1.,0.,0.));
#8858=IFCAXIS2PLACEMENT3D(#8855,#8856,#8857);
#8859=IFCDIRECTION((0.,0.,1.));
#8860=IFCEXTRUDEDAREASOLID(#8854,#8858,#8859,3.2300000000000004);
#8861=IFCSHAPEREPRESENTATION(#11,'Body','SweptSolid',(#8860));
#8862=IFCPRODUCTDEFINITIONSHAPE($,$,(#8861));
#8863=IFCCOLUMN('3v2BekapnLeOFlvVLMno1S',$,'Column Level 11 15','Perimeter column',$,#8870,#8881,$,$);
#8864=IFCMATERIALPROFILESETUSAGE(#285,$,$);
#8865=IFCRELASSOCIATESMATERIAL('0iZY4xKSrHJPJ9N6jMCFH4',$,$,$,(#8863),#8864);
#8866=IFCCARTESIANPOINT((-8.955198239471725,-33.92996112568301,0.));
#8867=IFCDIRECTION((0.,0.,1.));
#8868=IFCDIRECTION((1.,0.,0.));
#8869=IFCAXIS2PLACEMENT3D(#8866,#8867,#8868);
#8870=IFCLOCALPLACEMENT(#155,#8869);
#8871=IFCCARTESIANPOINTLIST2D(((0.,0.),(0.65,0.),(0.65,0.65),(0.,0.65)));
#8872=IFCINDEXEDPOLYCURVE(#8871,(IFCLINEINDEX((1,2,3,4,1))),$);
#8873=IFCARBITRARYCLOSEDPROFILEDEF(.AREA.,$,#8872);
#8874=IFCCARTESIANPOINT((0.,0.,0.));
#8875=IFCDIRECTION((0.,0.,1.));
#8876=IFCDIRECTION((1.,0.,0.));
#8877=IFCAXIS2PLACEMENT3D(#8874,#8875,#8876);
#8878=IFCDIRECTION((0.,0.,1.));
#8879=IFCEXTRUDEDAREASOLID(#8873,#8877,#8878,3.2300000000000004);
#8880=IFCSHAPEREPRESENTATION(#11,'Body','SweptSolid',(#8879));
#8881=IFCPRODUCTDEFINITIONSHAPE($,$,(#8880));
#8882=IFCCOLUMN('1mLHelDqvR0hmCX8gVInkL',$,'Column Level 11 16','Perimeter column',$,#8889,#8900,$,$);
#8883=IFCMATERIALPROFILESETUSAGE(#285,$,$);
#8884=IFCRELASSOCIATESMATERIAL('352VHr0OTLGPkGO11EvdSv',$,$,$,(#8882),#8883);
#8885=IFCCARTESIANPOINT((-0.017315917646260115,-34.87343024997225,0.));
#8886=IFCDIRECTION((0.,0.,1.));
#8887=IFCDIRECTION((1.,0.,0.));
#8888=IFCAXIS2PLACEMENT3D(#8885,#8886,#8887);
#8889=IFCLOCALPLACEMENT(#155,#8888);
#8890=IFCCARTESIANPOINTLIST2D(((0.,0.),(0.65,0.),(0.65,0.65),(0.,0.65)));
#8891=IFCINDEXEDPOLYCURVE(#8890,(IFCLINEINDEX((1,2,3,4,1))),$);
#8892=IFCARBITRARYCLOSEDPROFILEDEF(.AREA.,$,#8891);
#8893=IFCCARTESIANPOINT((0.,0.,0.));
#8894=IFCDIRECTION((0.,0.,1.));
#8895=IFCDIRECTION((1.,0.,0.));
#8896=IFCAXIS2PLACEMENT3D(#8893,#8894,#8895);
#8897=IFCDIRECTION((0.,0.,1.));
#8898=IFCEXTRUDEDAREASOLID(#8892,#8896,#8897,3.2300000000000004);
#8899=IFCSHAPEREPRESENTATION(#11,'Body','SweptSolid',(#8898));
#8900=IFCPRODUCTDEFINITIONSHAPE($,$,(#8899));
#8901=IFCCOLUMN('0bcFB1JOjGEhUqtv$5Q7$z',$,'Column Level 11 17','Perimeter column',$,#8908,#8919,$,$);
#8902=IFCMATERIALPROFILESETUSAGE(#285,$,$);
#8903=IFCRELASSOCIATESMATERIAL('1x_thhjvvGCRekMg9DErWh',$,$,$,(#8901),#8902);
#8904=IFCCARTESIANPOINT((8.950076925221964,-34.851581877490084,0.));
#8905=IFCDIRECTION((0.,0.,1.));
#8906=IFCDIRECTION((1.,0.,0.));
#8907=IFCAXIS2PLACEMENT3D(#8904,#8905,#8906);
#8908=IFCLOCALPLACEMENT(#155,#8907);
#8909=IFCCARTESIANPOINTLIST2D(((0.,0.),(0.65,0.),(0.65,0.65),(0.,0.65)));
#8910=IFCINDEXEDPOLYCURVE(#8909,(IFCLINEINDEX((1,2,3,4,1))),$);
#8911=IFCARBITRARYCLOSEDPROFILEDEF(.AREA.,$,#8910);
#8912=IFCCARTESIANPOINT((0.,0.,0.));
#8913=IFCDIRECTION((0.,0.,1.));
#8914=IFCDIRECTION((1.,0.,0.));
#8915=IFCAXIS2PLACEMENT3D(#8912,#8913,#8914);
#8916=IFCDIRECTION((0.,0.,1.));
#8917=IFCEXTRUDEDAREASOLID(#8911,#8915,#8916,3.2300000000000004);
#8918=IFCSHAPEREPRESENTATION(#11,'Body','SweptSolid',(#8917));
#8919=IFCPRODUCTDEFINITIONSHAPE($,$,(#8918));
#8920=IFCCOLUMN('1Wlo5l3TbPIg9VKon1o7eF',$,'Column Level 11 18','Perimeter column',$,#8927,#8938,$,$);
#8921=IFCMATERIALPROFILESETUSAGE(#285,$,$);
#8922=IFCRELASSOCIATESMATERIAL('1uM03XgkvSPeaFM0UQ1Plo',$,$,$,(#8920),#8921);
#8923=IFCCARTESIANPOINT((14.301577883761704,-31.308266244243864,0.));
#8924=IFCDIRECTION((0.,0.,1.));
#8925=IFCDIRECTION((1.,0.,0.));
#8926=IFCAXIS2PLACEMENT3D(#8923,#8924,#8925);
#8927=IFCLOCALPLACEMENT(#155,#8926);
#8928=IFCCARTESIANPOINTLIST2D(((0.,0.),(0.65,0.),(0.65,0.65),(0.,0.65)));
#8929=IFCINDEXEDPOLYCURVE(#8928,(IFCLINEINDEX((1,2,3,4,1))),$);
#8930=IFCARBITRARYCLOSEDPROFILEDEF(.AREA.,$,#8929);
#8931=IFCCARTESIANPOINT((0.,0.,0.));
#8932=IFCDIRECTION((0.,0.,1.));
#8933=IFCDIRECTION((1.,0.,0.));
#8934=IFCAXIS2PLACEMENT3D(#8931,#8932,#8933);
#8935=IFCDIRECTION((0.,0.,1.));
#8936=IFCEXTRUDEDAREASOLID(#8930,#8934,#8935,3.2300000000000004);
#8937=IFCSHAPEREPRESENTATION(#11,'Body','SweptSolid',(#8936));
#8938=IFCPRODUCTDEFINITIONSHAPE($,$,(#8937));
#8939=IFCCOLUMN('1CpBYMtLXVEg80n_dYhP6X',$,'Column Level 11 19','Perimeter column',$,#8946,#8957,$,$);
#8940=IFCMATERIALPROFILESETUSAGE(#285,$,$);
#8941=IFCRELASSOCIATESMATERIAL('0j4mwbWbHKQAOv$MvwogdY',$,$,$,(#8939),#8940);
#8942=IFCCARTESIANPOINT((14.385420200285555,-26.00987583096463,0.));
#8943=IFCDIRECTION((0.,0.,1.));
#8944=IFCDIRECTION((1.,0.,0.));
#8945=IFCAXIS2PLACEMENT3D(#8942,#8943,#8944);
#8946=IFCLOCALPLACEMENT(#155,#8945);
#8947=IFCCARTESIANPOINTLIST2D(((0.,0.),(0.65,0.),(0.65,0.65),(0.,0.65)));
#8948=IFCINDEXEDPOLYCURVE(#8947,(IFCLINEINDEX((1,2,3,4,1))),$);
#8949=IFCARBITRARYCLOSEDPROFILEDEF(.AREA.,$,#8948);
#8950=IFCCARTESIANPOINT((0.,0.,0.));
#8951=IFCDIRECTION((0.,0.,1.));
#8952=IFCDIRECTION((1.,0.,0.));
#8953=IFCAXIS2PLACEMENT3D(#8950,#8951,#8952);
#8954=IFCDIRECTION((0.,0.,1.));
#8955=IFCEXTRUDEDAREASOLID(#8949,#8953,#8954,3.2300000000000004);
#8956=IFCSHAPEREPRESENTATION(#11,'Body','SweptSolid',(#8955));
#8957=IFCPRODUCTDEFINITIONSHAPE($,$,(#8956));
#8958=IFCCOLUMN('3bu2P5$sfO5RcUrzsKpsIj',$,'Column Level 11 20','Perimeter column',$,#8965,#8976,$,$);
#8959=IFCMATERIALPROFILESETUSAGE(#285,$,$);
#8960=IFCRELASSOCIATESMATERIAL('2gJJoKWPLPwR_4mWzRR5WZ',$,$,$,(#8958),#8959);
#8961=IFCCARTESIANPOINT((12.667903180074212,-20.004469569655196,0.));
#8962=IFCDIRECTION((0.,0.,1.));
#8963=IFCDIRECTION((1.,0.,0.));
#8964=IFCAXIS2PLACEMENT3D(#8961,#8962,#8963);
#8965=IFCLOCALPLACEMENT(#155,#8964);
#8966=IFCCARTESIANPOINTLIST2D(((0.,0.),(0.65,0.),(0.65,0.65),(0.,0.65)));
#8967=IFCINDEXEDPOLYCURVE(#8966,(IFCLINEINDEX((1,2,3,4,1))),$);
#8968=IFCARBITRARYCLOSEDPROFILEDEF(.AREA.,$,#8967);
#8969=IFCCARTESIANPOINT((0.,0.,0.));
#8970=IFCDIRECTION((0.,0.,1.));
#8971=IFCDIRECTION((1.,0.,0.));
#8972=IFCAXIS2PLACEMENT3D(#8969,#8970,#8971);
#8973=IFCDIRECTION((0.,0.,1.));
#8974=IFCEXTRUDEDAREASOLID(#8968,#8972,#8973,3.2300000000000004);
#8975=IFCSHAPEREPRESENTATION(#11,'Body','SweptSolid',(#8974));
#8976=IFCPRODUCTDEFINITIONSHAPE($,$,(#8975));
#8977=IFCCOLUMN('093rgDRqLQPeBIrDBk_HaE',$,'Column Level 11 21','Perimeter column',$,#8984,#8995,$,$);
#8978=IFCMATERIALPROFILESETUSAGE(#285,$,$);
#8979=IFCRELASSOCIATESMATERIAL('3uELnV6wXTABJooHYKr8W_',$,$,$,(#8977),#8978);
#8980=IFCCARTESIANPOINT((4.141687903219657,-17.210269674544044,0.));
#8981=IFCDIRECTION((0.,0.,1.));
#8982=IFCDIRECTION((1.,0.,0.));
#8983=IFCAXIS2PLACEMENT3D(#8980,#8981,#8982);
#8984=IFCLOCALPLACEMENT(#155,#8983);
#8985=IFCCARTESIANPOINTLIST2D(((0.,0.),(0.65,0.),(0.65,0.65),(0.,0.65)));
#8986=IFCINDEXEDPOLYCURVE(#8985,(IFCLINEINDEX((1,2,3,4,1))),$);
#8987=IFCARBITRARYCLOSEDPROFILEDEF(.AREA.,$,#8986);
#8988=IFCCARTESIANPOINT((0.,0.,0.));
#8989=IFCDIRECTION((0.,0.,1.));
#8990=IFCDIRECTION((1.,0.,0.));
#8991=IFCAXIS2PLACEMENT3D(#8988,#8989,#8990);
#8992=IFCDIRECTION((0.,0.,1.));
#8993=IFCEXTRUDEDAREASOLID(#8987,#8991,#8992,3.2300000000000004);
#8994=IFCSHAPEREPRESENTATION(#11,'Body','SweptSolid',(#8993));
#8995=IFCPRODUCTDEFINITIONSHAPE($,$,(#8994));
#8996=IFCCOLUMN('01knHsndDH2RK8RPFUt3hP',$,'Column Level 11 22','Perimeter column',$,#9003,#9014,$,$);
#8997=IFCMATERIALPROFILESETUSAGE(#285,$,$);
#8998=IFCRELASSOCIATESMATERIAL('3goPGHpe9GLOzuNxvH7HbM',$,$,$,(#8996),#8997);
#8999=IFCCARTESIANPOINT((-4.634876198898966,-15.286283808984582,0.));
#9000=IFCDIRECTION((0.,0.,1.));
#9001=IFCDIRECTION((1.,0.,0.));
#9002=IFCAXIS2PLACEMENT3D(#8999,#9000,#9001);
#9003=IFCLOCALPLACEMENT(#155,#9002);
#9004=IFCCARTESIANPOINTLIST2D(((0.,0.),(0.65,0.),(0.65,0.65),(0.,0.65)));
#9005=IFCINDEXEDPOLYCURVE(#9004,(IFCLINEINDEX((1,2,3,4,1))),$);
#9006=IFCARBITRARYCLOSEDPROFILEDEF(.AREA.,$,#9005);
#9007=IFCCARTESIANPOINT((0.,0.,0.));
#9008=IFCDIRECTION((0.,0.,1.));
#9009=IFCDIRECTION((1.,0.,0.));
#9010=IFCAXIS2PLACEMENT3D(#9007,#9008,#9009);
#9011=IFCDIRECTION((0.,0.,1.));
#9012=IFCEXTRUDEDAREASOLID(#9006,#9010,#9011,3.2300000000000004);
#9013=IFCSHAPEREPRESENTATION(#11,'Body','SweptSolid',(#9012));
#9014=IFCPRODUCTDEFINITIONSHAPE($,$,(#9013));
#9015=IFCCOLUMN('3$Ypcl1j9LReCfszkTe4rA',$,'Column Level 11 23','Perimeter column',$,#9022,#9033,$,$);
#9016=IFCMATERIALPROFILESETUSAGE(#285,$,$);
#9017=IFCRELASSOCIATESMATERIAL('3En3DTwlzGT92dztlqra3Z',$,$,$,(#9015),#9016);
#9018=IFCCARTESIANPOINT((-13.585944511469616,-14.349066617671077,0.));
#9019=IFCDIRECTION((0.,0.,1.));
#9020=IFCDIRECTION((1.,0.,0.));
#9021=IFCAXIS2PLACEMENT3D(#9018,#9019,#9020);
#9022=IFCLOCALPLACEMENT(#155,#9021);
#9023=IFCCARTESIANPOINTLIST2D(((0.,0.),(0.65,0.),(0.65,0.65),(0.,0.65)));
#9024=IFCINDEXEDPOLYCURVE(#9023,(IFCLINEINDEX((1,2,3,4,1))),$);
#9025=IFCARBITRARYCLOSEDPROFILEDEF(.AREA.,$,#9024);
#9026=IFCCARTESIANPOINT((0.,0.,0.));
#9027=IFCDIRECTION((0.,0.,1.));
#9028=IFCDIRECTION((1.,0.,0.));
#9029=IFCAXIS2PLACEMENT3D(#9026,#9027,#9028);
#9030=IFCDIRECTION((0.,0.,1.));
#9031=IFCEXTRUDEDAREASOLID(#9025,#9029,#9030,3.2300000000000004);
#9032=IFCSHAPEREPRESENTATION(#11,'Body','SweptSolid',(#9031));
#9033=IFCPRODUCTDEFINITIONSHAPE($,$,(#9032));
#9034=IFCCOLUMN('0TsiWHMRTVKOkEvVFACOhS',$,'Column Level 11 24','Perimeter column',$,#9041,#9052,$,$);
#9035=IFCMATERIALPROFILESETUSAGE(#285,$,$);
#9036=IFCRELASSOCIATESMATERIAL('1JZ$tXmF9GWOcmYL_ewuSN',$,$,$,(#9034),#9035);
#9037=IFCCARTESIANPOINT((-21.16569352227698,-12.95525390779932,0.));
#9038=IFCDIRECTION((0.,0.,1.));
#9039=IFCDIRECTION((1.,0.,0.));
#9040=IFCAXIS2PLACEMENT3D(#9037,#9038,#9039);
#9041=IFCLOCALPLACEMENT(#155,#9040);
#9042=IFCCARTESIANPOINTLIST2D(((0.,0.),(0.65,0.),(0.65,0.65),(0.,0.65)));
#9043=IFCINDEXEDPOLYCURVE(#9042,(IFCLINEINDEX((1,2,3,4,1))),$);
#9044=IFCARBITRARYCLOSEDPROFILEDEF(.AREA.,$,#9043);
#9045=IFCCARTESIANPOINT((0.,0.,0.));
#9046=IFCDIRECTION((0.,0.,1.));
#9047=IFCDIRECTION((1.,0.,0.));
#9048=IFCAXIS2PLACEMENT3D(#9045,#9046,#9047);
#9049=IFCDIRECTION((0.,0.,1.));
#9050=IFCEXTRUDEDAREASOLID(#9044,#9048,#9049,3.2300000000000004);
#9051=IFCSHAPEREPRESENTATION(#11,'Body','SweptSolid',(#9050));
#9052=IFCPRODUCTDEFINITIONSHAPE($,$,(#9051));
#9053=IFCCOLUMN('2LuAYI6zzT5Rgq7m3iKno7',$,'Column Level 11 25','Perimeter column',$,#9060,#9071,$,$);
#9054=IFCMATERIALPROFILESETUSAGE(#285,$,$);
#9055=IFCRELASSOCIATESMATERIAL('0g_iUvyoHOpAJhVyQKV5Yr',$,$,$,(#9053),#9054);
#9056=IFCCARTESIANPOINT((-18.188261262511254,-6.250767950013576,0.));
#9057=IFCDIRECTION((0.,0.,1.));
#9058=IFCDIRECTION((1.,0.,0.));
#9059=IFCAXIS2PLACEMENT3D(#9056,#9057,#9058);
#9060=IFCLOCALPLACEMENT(#155,#9059);
#9061=IFCCARTESIANPOINTLIST2D(((0.,0.),(0.65,0.),(0.65,0.65),(0.,0.65)));
#9062=IFCINDEXEDPOLYCURVE(#9061,(IFCLINEINDEX((1,2,3,4,1))),$);
#9063=IFCARBITRARYCLOSEDPROFILEDEF(.AREA.,$,#9062);
#9064=IFCCARTESIANPOINT((0.,0.,0.));
#9065=IFCDIRECTION((0.,0.,1.));
#9066=IFCDIRECTION((1.,0.,0.));
#9067=IFCAXIS2PLACEMENT3D(#9064,#9065,#9066);
#9068=IFCDIRECTION((0.,0.,1.));
#9069=IFCEXTRUDEDAREASOLID(#9063,#9067,#9068,3.2300000000000004);
#9070=IFCSHAPEREPRESENTATION(#11,'Body','SweptSolid',(#9069));
#9071=IFCPRODUCTDEFINITIONSHAPE($,$,(#9070));
#9072=IFCCOLUMN('30exJdjjDNjvfWWrk8dtqO',$,'Column Level 12 01','Perimeter column',$,#9079,#9090,$,$);
#9073=IFCMATERIALPROFILESETUSAGE(#285,$,$);
#9074=IFCRELASSOCIATESMATERIAL('0qXQfp9sjJ7w$Pk4WcG2YD',$,$,$,(#9072),#9073);
#9075=IFCCARTESIANPOINT((-17.524,-5.187,0.));
#9076=IFCDIRECTION((0.,0.,1.));
#9077=IFCDIRECTION((1.,0.,0.));
#9078=IFCAXIS2PLACEMENT3D(#9075,#9076,#9077);
#9079=IFCLOCALPLACEMENT(#162,#9078);
#9080=IFCCARTESIANPOINTLIST2D(((0.,0.),(0.65,0.),(0.65,0.65),(0.,0.65)));
#9081=IFCINDEXEDPOLYCURVE(#9080,(IFCLINEINDEX((1,2,3,4,1))),$);
#9082=IFCARBITRARYCLOSEDPROFILEDEF(.AREA.,$,#9081);
#9083=IFCCARTESIANPOINT((0.,0.,0.));
#9084=IFCDIRECTION((0.,0.,1.));
#9085=IFCDIRECTION((1.,0.,0.));
#9086=IFCAXIS2PLACEMENT3D(#9083,#9084,#9085);
#9087=IFCDIRECTION((0.,0.,1.));
#9088=IFCEXTRUDEDAREASOLID(#9082,#9086,#9087,3.2300000000000004);
#9089=IFCSHAPEREPRESENTATION(#11,'Body','SweptSolid',(#9088));
#9090=IFCPRODUCTDEFINITIONSHAPE($,$,(#9089));
#9091=IFCCOLUMN('3YDn8p7N5Qb9mxnr_T8l4U',$,'Column Level 12 02','Perimeter column',$,#9098,#9109,$,$);
#9092=IFCMATERIALPROFILESETUSAGE(#285,$,$);
#9093=IFCRELASSOCIATESMATERIAL('0QG0FoL6zLMRdLEZGjSM94',$,$,$,(#9091),#9092);
#9094=IFCCARTESIANPOINT((-26.423699988472084,-3.84709697545306,0.));
#9095=IFCDIRECTION((0.,0.,1.));
#9096=IFCDIRECTION((1.,0.,0.));
#9097=IFCAXIS2PLACEMENT3D(#9094,#9095,#9096);
#9098=IFCLOCALPLACEMENT(#162,#9097);
#9099=IFCCARTESIANPOINTLIST2D(((0.,0.),(0.65,0.),(0.65,0.65),(0.,0.65)));
#9100=IFCINDEXEDPOLYCURVE(#9099,(IFCLINEINDEX((1,2,3,4,1))),$);
#9101=IFCARBITRARYCLOSEDPROFILEDEF(.AREA.,$,#9100);
#9102=IFCCARTESIANPOINT((0.,0.,0.));
#9103=IFCDIRECTION((0.,0.,1.));
#9104=IFCDIRECTION((1.,0.,0.));
#9105=IFCAXIS2PLACEMENT3D(#9102,#9103,#9104);
#9106=IFCDIRECTION((0.,0.,1.));
#9107=IFCEXTRUDEDAREASOLID(#9101,#9105,#9106,3.2300000000000004);
#9108=IFCSHAPEREPRESENTATION(#11,'Body','SweptSolid',(#9107));
#9109=IFCPRODUCTDEFINITIONSHAPE($,$,(#9108));
#9110=IFCCOLUMN('29WvMGhkLRbPsb9yNfW2a2',$,'Column Level 12 03','Perimeter column',$,#9117,#9128,$,$);
#9111=IFCMATERIALPROFILESETUSAGE(#285,$,$);
#9112=IFCRELASSOCIATESMATERIAL('1iZ4inCHDQz8jHHAA6YEJ9',$,$,$,(#9110),#9111);
#9113=IFCCARTESIANPOINT((-35.32339997694417,-2.5071939509061196,0.));
#9114=IFCDIRECTION((0.,0.,1.));
#9115=IFCDIRECTION((1.,0.,0.));
#9116=IFCAXIS2PLACEMENT3D(#9113,#9114,#9115);
#9117=IFCLOCALPLACEMENT(#162,#9116);
#9118=IFCCARTESIANPOINTLIST2D(((0.,0.),(0.65,0.),(0.65,0.65),(0.,0.65)));
#9119=IFCINDEXEDPOLYCURVE(#9118,(IFCLINEINDEX((1,2,3,4,1))),$);
#9120=IFCARBITRARYCLOSEDPROFILEDEF(.AREA.,$,#9119);
#9121=IFCCARTESIANPOINT((0.,0.,0.));
#9122=IFCDIRECTION((0.,0.,1.));
#9123=IFCDIRECTION((1.,0.,0.));
#9124=IFCAXIS2PLACEMENT3D(#9121,#9122,#9123);
#9125=IFCDIRECTION((0.,0.,1.));
#9126=IFCEXTRUDEDAREASOLID(#9120,#9124,#9125,3.2300000000000004);
#9127=IFCSHAPEREPRESENTATION(#11,'Body','SweptSolid',(#9126));
#9128=IFCPRODUCTDEFINITIONSHAPE($,$,(#9127));
#9129=IFCCOLUMN('3viNFmBoHJFusvCl$Cjhtc',$,'Column Level 12 04','Perimeter column',$,#9136,#9147,$,$);
#9130=IFCMATERIALPROFILESETUSAGE(#285,$,$);
#9131=IFCRELASSOCIATESMATERIAL('3ERPTmXS9TEOZGqTSMVhYI',$,$,$,(#9129),#9130);
#9132=IFCCARTESIANPOINT((-44.223099965416246,-1.1672909263591789,0.));
#9133=IFCDIRECTION((0.,0.,1.));
#9134=IFCDIRECTION((1.,0.,0.));
#9135=IFCAXIS2PLACEMENT3D(#9132,#9133,#9134);
#9136=IFCLOCALPLACEMENT(#162,#9135);
#9137=IFCCARTESIANPOINTLIST2D(((0.,0.),(0.65,0.),(0.65,0.65),(0.,0.65)));
#9138=IFCINDEXEDPOLYCURVE(#9137,(IFCLINEINDEX((1,2,3,4,1))),$);
#9139=IFCARBITRARYCLOSEDPROFILEDEF(.AREA.,$,#9138);
#9140=IFCCARTESIANPOINT((0.,0.,0.));
#9141=IFCDIRECTION((0.,0.,1.));
#9142=IFCDIRECTION((1.,0.,0.));
#9143=IFCAXIS2PLACEMENT3D(#9140,#9141,#9142);
#9144=IFCDIRECTION((0.,0.,1.));
#9145=IFCEXTRUDEDAREASOLID(#9139,#9143,#9144,3.2300000000000004);
#9146=IFCSHAPEREPRESENTATION(#11,'Body','SweptSolid',(#9145));
#9147=IFCPRODUCTDEFINITIONSHAPE($,$,(#9146));
#9148=IFCCOLUMN('04nFuYWa9MBvhWJnt_eI05',$,'Column Level 12 05','Perimeter column',$,#9155,#9166,$,$);
#9149=IFCMATERIALPROFILESETUSAGE(#285,$,$);
#9150=IFCRELASSOCIATESMATERIAL('0lndL2W2XRsu0jbZebU5nO',$,$,$,(#9148),#9149);
#9151=IFCCARTESIANPOINT((-49.70167166676019,-4.373961607655241,0.));
#9152=IFCDIRECTION((0.,0.,1.));
#9153=IFCDIRECTION((1.,0.,0.));
#9154=IFCAXIS2PLACEMENT3D(#9151,#9152,#9153);
#9155=IFCLOCALPLACEMENT(#162,#9154);
#9156=IFCCARTESIANPOINTLIST2D(((0.,0.),(0.65,0.),(0.65,0.65),(0.,0.65)));
#9157=IFCINDEXEDPOLYCURVE(#9156,(IFCLINEINDEX((1,2,3,4,1))),$);
#9158=IFCARBITRARYCLOSEDPROFILEDEF(.AREA.,$,#9157);
#9159=IFCCARTESIANPOINT((0.,0.,0.));
#9160=IFCDIRECTION((0.,0.,1.));
#9161=IFCDIRECTION((1.,0.,0.));
#9162=IFCAXIS2PLACEMENT3D(#9159,#9160,#9161);
#9163=IFCDIRECTION((0.,0.,1.));
#9164=IFCEXTRUDEDAREASOLID(#9158,#9162,#9163,3.2300000000000004);
#9165=IFCSHAPEREPRESENTATION(#11,'Body','SweptSolid',(#9164));
#9166=IFCPRODUCTDEFINITIONSHAPE($,$,(#9165));
#9167=IFCCOLUMN('1nqmrUFbnVO9PK7hg8YUhD',$,'Column Level 12 06','Perimeter column',$,#9174,#9185,$,$);
#9168=IFCMATERIALPROFILESETUSAGE(#285,$,$);
#9169=IFCRELASSOCIATESMATERIAL('0DoxHvU2vU3frBrAUIGf19',$,$,$,(#9167),#9168);
#9170=IFCCARTESIANPOINT((-50.879190531767094,-13.296598511763401,0.));
#9171=IFCDIRECTION((0.,0.,1.));
#9172=IFCDIRECTION((1.,0.,0.));
#9173=IFCAXIS2PLACEMENT3D(#9170,#9171,#9172);
#9174=IFCLOCALPLACEMENT(#162,#9173);
#9175=IFCCARTESIANPOINTLIST2D(((0.,0.),(0.65,0.),(0.65,0.65),(0.,0.65)));
#9176=IFCINDEXEDPOLYCURVE(#9175,(IFCLINEINDEX((1,2,3,4,1))),$);
#9177=IFCARBITRARYCLOSEDPROFILEDEF(.AREA.,$,#9176);
#9178=IFCCARTESIANPOINT((0.,0.,0.));
#9179=IFCDIRECTION((0.,0.,1.));
#9180=IFCDIRECTION((1.,0.,0.));
#9181=IFCAXIS2PLACEMENT3D(#9178,#9179,#9180);
#9182=IFCDIRECTION((0.,0.,1.));
#9183=IFCEXTRUDEDAREASOLID(#9177,#9181,#9182,3.2300000000000004);
#9184=IFCSHAPEREPRESENTATION(#11,'Body','SweptSolid',(#9183));
#9185=IFCPRODUCTDEFINITIONSHAPE($,$,(#9184));
#9186=IFCCOLUMN('3QLfds811GL8tmNXQzFCYh',$,'Column Level 12 07','Perimeter column',$,#9193,#9204,$,$);
#9187=IFCMATERIALPROFILESETUSAGE(#285,$,$);
#9188=IFCRELASSOCIATESMATERIAL('1CUAD$SXDUm881WpQdIFFW',$,$,$,(#9186),#9187);
#9189=IFCCARTESIANPOINT((-52.056709396774,-22.21923541587156,0.));
#9190=IFCDIRECTION((0.,0.,1.));
#9191=IFCDIRECTION((1.,0.,0.));
#9192=IFCAXIS2PLACEMENT3D(#9189,#9190,#9191);
#9193=IFCLOCALPLACEMENT(#162,#9192);
#9194=IFCCARTESIANPOINTLIST2D(((0.,0.),(0.65,0.),(0.65,0.65),(0.,0.65)));
#9195=IFCINDEXEDPOLYCURVE(#9194,(IFCLINEINDEX((1,2,3,4,1))),$);
#9196=IFCARBITRARYCLOSEDPROFILEDEF(.AREA.,$,#9195);
#9197=IFCCARTESIANPOINT((0.,0.,0.));
#9198=IFCDIRECTION((0.,0.,1.));
#9199=IFCDIRECTION((1.,0.,0.));
#9200=IFCAXIS2PLACEMENT3D(#9197,#9198,#9199);
#9201=IFCDIRECTION((0.,0.,1.));
#9202=IFCEXTRUDEDAREASOLID(#9196,#9200,#9201,3.2300000000000004);
#9203=IFCSHAPEREPRESENTATION(#11,'Body','SweptSolid',(#9202));
#9204=IFCPRODUCTDEFINITIONSHAPE($,$,(#9203));
#9205=IFCCOLUMN('0Amjqd8yvODBH_6CgqwQ_I',$,'Column Level 12 08','Perimeter column',$,#9212,#9223,$,$);
#9206=IFCMATERIALPROFILESETUSAGE(#285,$,$);
#9207=IFCRELASSOCIATESMATERIAL('0FRaIiN5rSRxv9ehGLY5dc',$,$,$,(#9205),#9206);
#9208=IFCCARTESIANPOINT((-53.234228261780906,-31.14187231997972,0.));
#9209=IFCDIRECTION((0.,0.,1.));
#9210=IFCDIRECTION((1.,0.,0.));
#9211=IFCAXIS2PLACEMENT3D(#9208,#9209,#9210);
#9212=IFCLOCALPLACEMENT(#162,#9211);
#9213=IFCCARTESIANPOINTLIST2D(((0.,0.),(0.65,0.),(0.65,0.65),(0.,0.65)));
#9214=IFCINDEXEDPOLYCURVE(#9213,(IFCLINEINDEX((1,2,3,4,1))),$);
#9215=IFCARBITRARYCLOSEDPROFILEDEF(.AREA.,$,#9214);
#9216=IFCCARTESIANPOINT((0.,0.,0.));
#9217=IFCDIRECTION((0.,0.,1.));
#9218=IFCDIRECTION((1.,0.,0.));
#9219=IFCAXIS2PLACEMENT3D(#9216,#9217,#9218);
#9220=IFCDIRECTION((0.,0.,1.));
#9221=IFCEXTRUDEDAREASOLID(#9215,#9219,#9220,3.2300000000000004);
#9222=IFCSHAPEREPRESENTATION(#11,'Body','SweptSolid',(#9221));
#9223=IFCPRODUCTDEFINITIONSHAPE($,$,(#9222));
#9224=IFCCOLUMN('1EXjwpKgPJvfH$_znCBsJT',$,'Column Level 12 09','Perimeter column',$,#9231,#9242,$,$);
#9225=IFCMATERIALPROFILESETUSAGE(#285,$,$);
#9226=IFCRELASSOCIATESMATERIAL('28M3wQcFzIzAyzq7sFTFTf',$,$,$,(#9224),#9225);
#9227=IFCCARTESIANPOINT((-48.542650743109405,-35.468167840761794,0.));
#9228=IFCDIRECTION((0.,0.,1.));
#9229=IFCDIRECTION((1.,0.,0.));
#9230=IFCAXIS2PLACEMENT3D(#9227,#9228,#9229);
#9231=IFCLOCALPLACEMENT(#162,#9230);
#9232=IFCCARTESIANPOINTLIST2D(((0.,0.),(0.65,0.),(0.65,0.65),(0.,0.65)));
#9233=IFCINDEXEDPOLYCURVE(#9232,(IFCLINEINDEX((1,2,3,4,1))),$);
#9234=IFCARBITRARYCLOSEDPROFILEDEF(.AREA.,$,#9233);
#9235=IFCCARTESIANPOINT((0.,0.,0.));
#9236=IFCDIRECTION((0.,0.,1.));
#9237=IFCDIRECTION((1.,0.,0.));
#9238=IFCAXIS2PLACEMENT3D(#9235,#9236,#9237);
#9239=IFCDIRECTION((0.,0.,1.));
#9240=IFCEXTRUDEDAREASOLID(#9234,#9238,#9239,3.2300000000000004);
#9241=IFCSHAPEREPRESENTATION(#11,'Body','SweptSolid',(#9240));
#9242=IFCPRODUCTDEFINITIONSHAPE($,$,(#9241));
#9243=IFCCOLUMN('37IC0oPMzH5BbcZT71_5wI',$,'Column Level 12 10','Perimeter column',$,#9250,#9261,$,$);
#9244=IFCMATERIALPROFILESETUSAGE(#285,$,$);
#9245=IFCRELASSOCIATESMATERIAL('0uTIYWidTJ080F9_xLPfCf',$,$,$,(#9243),#9244);
#9246=IFCCARTESIANPOINT((-39.59786891848924,-36.463596446913265,0.));
#9247=IFCDIRECTION((0.,0.,1.));
#9248=IFCDIRECTION((1.,0.,0.));
#9249=IFCAXIS2PLACEMENT3D(#9246,#9247,#9248);
#9250=IFCLOCALPLACEMENT(#162,#9249);
#9251=IFCCARTESIANPOINTLIST2D(((0.,0.),(0.65,0.),(0.65,0.65),(0.,0.65)));
#9252=IFCINDEXEDPOLYCURVE(#9251,(IFCLINEINDEX((1,2,3,4,1))),$);
#9253=IFCARBITRARYCLOSEDPROFILEDEF(.AREA.,$,#9252);
#9254=IFCCARTESIANPOINT((0.,0.,0.));
#9255=IFCDIRECTION((0.,0.,1.));
#9256=IFCDIRECTION((1.,0.,0.));
#9257=IFCAXIS2PLACEMENT3D(#9254,#9255,#9256);
#9258=IFCDIRECTION((0.,0.,1.));
#9259=IFCEXTRUDEDAREASOLID(#9253,#9257,#9258,3.2300000000000004);
#9260=IFCSHAPEREPRESENTATION(#11,'Body','SweptSolid',(#9259));
#9261=IFCPRODUCTDEFINITIONSHAPE($,$,(#9260));
#9262=IFCCOLUMN('1jDFE9lxXTzA$R_UIUHKvt',$,'Column Level 12 11','Perimeter column',$,#9269,#9280,$,$);
#9263=IFCMATERIALPROFILESETUSAGE(#285,$,$);
#9264=IFCRELASSOCIATESMATERIAL('3MbppxgJnIQvURMOuqXlr9',$,$,$,(#9262),#9263);
#9265=IFCCARTESIANPOINT((-30.653087093869065,-37.45902505306474,0.));
#9266=IFCDIRECTION((0.,0.,1.));
#9267=IFCDIRECTION((1.,0.,0.));
#9268=IFCAXIS2PLACEMENT3D(#9265,#9266,#9267);
#9269=IFCLOCALPLACEMENT(#162,#9268);
#9270=IFCCARTESIANPOINTLIST2D(((0.,0.),(0.65,0.),(0.65,0.65),(0.,0.65)));
#9271=IFCINDEXEDPOLYCURVE(#9270,(IFCLINEINDEX((1,2,3,4,1))),$);
#9272=IFCARBITRARYCLOSEDPROFILEDEF(.AREA.,$,#9271);
#9273=IFCCARTESIANPOINT((0.,0.,0.));
#9274=IFCDIRECTION((0.,0.,1.));
#9275=IFCDIRECTION((1.,0.,0.));
#9276=IFCAXIS2PLACEMENT3D(#9273,#9274,#9275);
#9277=IFCDIRECTION((0.,0.,1.));
#9278=IFCEXTRUDEDAREASOLID(#9272,#9276,#9277,3.2300000000000004);
#9279=IFCSHAPEREPRESENTATION(#11,'Body','SweptSolid',(#9278));
#9280=IFCPRODUCTDEFINITIONSHAPE($,$,(#9279));
#9281=IFCCOLUMN('2xIOT2D1vInQc$L1YVc6PG',$,'Column Level 12 12','Perimeter column',$,#9288,#9299,$,$);
#9282=IFCMATERIALPROFILESETUSAGE(#285,$,$);
#9283=IFCRELASSOCIATESMATERIAL('2nje7T5eXS8eEXf$GB5Yll',$,$,$,(#9281),#9282);
#9284=IFCCARTESIANPOINT((-21.912435126996666,-38.18245915439148,0.));
#9285=IFCDIRECTION((0.,0.,1.));
#9286=IFCDIRECTION((1.,0.,0.));
#9287=IFCAXIS2PLACEMENT3D(#9284,#9285,#9286);
#9288=IFCLOCALPLACEMENT(#162,#9287);
#9289=IFCCARTESIANPOINTLIST2D(((0.,0.),(0.65,0.),(0.65,0.65),(0.,0.65)));
#9290=IFCINDEXEDPOLYCURVE(#9289,(IFCLINEINDEX((1,2,3,4,1))),$);
#9291=IFCARBITRARYCLOSEDPROFILEDEF(.AREA.,$,#9290);
#9292=IFCCARTESIANPOINT((0.,0.,0.));
#9293=IFCDIRECTION((0.,0.,1.));
#9294=IFCDIRECTION((1.,0.,0.));
#9295=IFCAXIS2PLACEMENT3D(#9292,#9293,#9294);
#9296=IFCDIRECTION((0.,0.,1.));
#9297=IFCEXTRUDEDAREASOLID(#9291,#9295,#9296,3.2300000000000004);
#9298=IFCSHAPEREPRESENTATION(#11,'Body','SweptSolid',(#9297));
#9299=IFCPRODUCTDEFINITIONSHAPE($,$,(#9298));
#9300=IFCCOLUMN('15Wnqw1KbGWRv9i2pVlJy5',$,'Column Level 12 13','Perimeter column',$,#9307,#9318,$,$);
#9301=IFCMATERIALPROFILESETUSAGE(#285,$,$);
#9302=IFCRELASSOCIATESMATERIAL('0OHa$4GzjIbPlpxWalIj00',$,$,$,(#9300),#9301);
#9303=IFCCARTESIANPOINT((-23.126051787744643,-30.943199191462128,0.));
#9304=IFCDIRECTION((0.,0.,1.));
#9305=IFCDIRECTION((1.,0.,0.));
#9306=IFCAXIS2PLACEMENT3D(#9303,#9304,#9305);
#9307=IFCLOCALPLACEMENT(#162,#9306);
#9308=IFCCARTESIANPOINTLIST2D(((0.,0.),(0.65,0.),(0.65,0.65),(0.,0.65)));
#9309=IFCINDEXEDPOLYCURVE(#9308,(IFCLINEINDEX((1,2,3,4,1))),$);
#9310=IFCARBITRARYCLOSEDPROFILEDEF(.AREA.,$,#9309);
#9311=IFCCARTESIANPOINT((0.,0.,0.));
#9312=IFCDIRECTION((0.,0.,1.));
#9313=IFCDIRECTION((1.,0.,0.));
#9314=IFCAXIS2PLACEMENT3D(#9311,#9312,#9313);
#9315=IFCDIRECTION((0.,0.,1.));
#9316=IFCEXTRUDEDAREASOLID(#9310,#9314,#9315,3.2300000000000004);
#9317=IFCSHAPEREPRESENTATION(#11,'Body','SweptSolid',(#9316));
#9318=IFCPRODUCTDEFINITIONSHAPE($,$,(#9317));
#9319=IFCCOLUMN('3yD9EQAF9TSRsfDOgCBU1w',$,'Column Level 12 14','Perimeter column',$,#9326,#9337,$,$);
#9320=IFCMATERIALPROFILESETUSAGE(#285,$,$);
#9321=IFCRELASSOCIATESMATERIAL('2cytTBT3LR7f77gbZwyeRF',$,$,$,(#9319),#9320);
#9322=IFCCARTESIANPOINT((-15.374197642370824,-31.934772071231656,0.));
#9323=IFCDIRECTION((0.,0.,1.));
#9324=IFCDIRECTION((1.,0.,0.));
#9325=IFCAXIS2PLACEMENT3D(#9322,#9323,#9324);
#9326=IFCLOCALPLACEMENT(#162,#9325);
#9327=IFCCARTESIANPOINTLIST2D(((0.,0.),(0.65,0.),(0.65,0.65),(0.,0.65)));
#9328=IFCINDEXEDPOLYCURVE(#9327,(IFCLINEINDEX((1,2,3,4,1))),$);
#9329=IFCARBITRARYCLOSEDPROFILEDEF(.AREA.,$,#9328);
#9330=IFCCARTESIANPOINT((0.,0.,0.));
#9331=IFCDIRECTION((0.,0.,1.));
#9332=IFCDIRECTION((1.,0.,0.));
#9333=IFCAXIS2PLACEMENT3D(#9330,#9331,#9332);
#9334=IFCDIRECTION((0.,0.,1.));
#9335=IFCEXTRUDEDAREASOLID(#9329,#9333,#9334,3.2300000000000004);
#9336=IFCSHAPEREPRESENTATION(#11,'Body','SweptSolid',(#9335));
#9337=IFCPRODUCTDEFINITIONSHAPE($,$,(#9336));
#9338=IFCCOLUMN('3YzuOpaUbOifxH7EHdWd7M',$,'Column Level 12 15','Perimeter column',$,#9345,#9356,$,$);
#9339=IFCMATERIALPROFILESETUSAGE(#285,$,$);
#9340=IFCRELASSOCIATESMATERIAL('2ZjlKP9QjIX92SDBX2egnr',$,$,$,(#9338),#9339);
#9341=IFCCARTESIANPOINT((-6.565763195370436,-33.77378502752559,0.));
#9342=IFCDIRECTION((0.,0.,1.));
#9343=IFCDIRECTION((1.,0.,0.));
#9344=IFCAXIS2PLACEMENT3D(#9341,#9342,#9343);
#9345=IFCLOCALPLACEMENT(#162,#9344);
#9346=IFCCARTESIANPOINTLIST2D(((0.,0.),(0.65,0.),(0.65,0.65),(0.,0.65)));
#9347=IFCINDEXEDPOLYCURVE(#9346,(IFCLINEINDEX((1,2,3,4,1))),$);
#9348=IFCARBITRARYCLOSEDPROFILEDEF(.AREA.,$,#9347);
#9349=IFCCARTESIANPOINT((0.,0.,0.));
#9350=IFCDIRECTION((0.,0.,1.));
#9351=IFCDIRECTION((1.,0.,0.));
#9352=IFCAXIS2PLACEMENT3D(#9349,#9350,#9351);
#9353=IFCDIRECTION((0.,0.,1.));
#9354=IFCEXTRUDEDAREASOLID(#9348,#9352,#9353,3.2300000000000004);
#9355=IFCSHAPEREPRESENTATION(#11,'Body','SweptSolid',(#9354));
#9356=IFCPRODUCTDEFINITIONSHAPE($,$,(#9355));
#9357=IFCCOLUMN('0PvPFT_GXOxviB$CCDOgu1',$,'Column Level 12 16','Perimeter column',$,#9364,#9375,$,$);
#9358=IFCMATERIALPROFILESETUSAGE(#285,$,$);
#9359=IFCRELASSOCIATESMATERIAL('0_bZ75FgHIAvaVttUqlewg',$,$,$,(#9357),#9358);
#9360=IFCCARTESIANPOINT((2.406122627504203,-34.48460482276278,0.));
#9361=IFCDIRECTION((0.,0.,1.));
#9362=IFCDIRECTION((1.,0.,0.));
#9363=IFCAXIS2PLACEMENT3D(#9360,#9361,#9362);
#9364=IFCLOCALPLACEMENT(#162,#9363);
#9365=IFCCARTESIANPOINTLIST2D(((0.,0.),(0.65,0.),(0.65,0.65),(0.,0.65)));
#9366=IFCINDEXEDPOLYCURVE(#9365,(IFCLINEINDEX((1,2,3,4,1))),$);
#9367=IFCARBITRARYCLOSEDPROFILEDEF(.AREA.,$,#9366);
#9368=IFCCARTESIANPOINT((0.,0.,0.));
#9369=IFCDIRECTION((0.,0.,1.));
#9370=IFCDIRECTION((1.,0.,0.));
#9371=IFCAXIS2PLACEMENT3D(#9368,#9369,#9370);
#9372=IFCDIRECTION((0.,0.,1.));
#9373=IFCEXTRUDEDAREASOLID(#9367,#9371,#9372,3.2300000000000004);
#9374=IFCSHAPEREPRESENTATION(#11,'Body','SweptSolid',(#9373));
#9375=IFCPRODUCTDEFINITIONSHAPE($,$,(#9374));
#9376=IFCCOLUMN('1XXYMXxerMBuBVtgmsCY7B',$,'Column Level 12 17','Perimeter column',$,#9383,#9394,$,$);
#9377=IFCMATERIALPROFILESETUSAGE(#285,$,$);
#9378=IFCRELASSOCIATESMATERIAL('27bNxaxHvNUP0cCcNp$f7w',$,$,$,(#9376),#9377);
#9379=IFCCARTESIANPOINT((11.371045561272119,-34.08517754204989,0.));
#9380=IFCDIRECTION((0.,0.,1.));
#9381=IFCDIRECTION((1.,0.,0.));
#9382=IFCAXIS2PLACEMENT3D(#9379,#9380,#9381);
#9383=IFCLOCALPLACEMENT(#162,#9382);
#9384=IFCCARTESIANPOINTLIST2D(((0.,0.),(0.65,0.),(0.65,0.65),(0.,0.65)));
#9385=IFCINDEXEDPOLYCURVE(#9384,(IFCLINEINDEX((1,2,3,4,1))),$);
#9386=IFCARBITRARYCLOSEDPROFILEDEF(.AREA.,$,#9385);
#9387=IFCCARTESIANPOINT((0.,0.,0.));
#9388=IFCDIRECTION((0.,0.,1.));
#9389=IFCDIRECTION((1.,0.,0.));
#9390=IFCAXIS2PLACEMENT3D(#9387,#9388,#9389);
#9391=IFCDIRECTION((0.,0.,1.));
#9392=IFCEXTRUDEDAREASOLID(#9386,#9390,#9391,3.2300000000000004);
#9393=IFCSHAPEREPRESENTATION(#11,'Body','SweptSolid',(#9392));
#9394=IFCPRODUCTDEFINITIONSHAPE($,$,(#9393));
#9395=IFCCOLUMN('3FUyI3jgzSevI5Jzg$_p86',$,'Column Level 12 18','Perimeter column',$,#9402,#9413,$,$);
#9396=IFCMATERIALPROFILESETUSAGE(#285,$,$);
#9397=IFCRELASSOCIATESMATERIAL('1qKMIYdDfLBfgJNAMeU1T0',$,$,$,(#9395),#9396);
#9398=IFCCARTESIANPOINT((13.8753330546475,-28.401892393578716,0.));
#9399=IFCDIRECTION((0.,0.,1.));
#9400=IFCDIRECTION((1.,0.,0.));
#9401=IFCAXIS2PLACEMENT3D(#9398,#9399,#9400);
#9402=IFCLOCALPLACEMENT(#162,#9401);
#9403=IFCCARTESIANPOINTLIST2D(((0.,0.),(0.65,0.),(0.65,0.65),(0.,0.65)));
#9404=IFCINDEXEDPOLYCURVE(#9403,(IFCLINEINDEX((1,2,3,4,1))),$);
#9405=IFCARBITRARYCLOSEDPROFILEDEF(.AREA.,$,#9404);
#9406=IFCCARTESIANPOINT((0.,0.,0.));
#9407=IFCDIRECTION((0.,0.,1.));
#9408=IFCDIRECTION((1.,0.,0.));
#9409=IFCAXIS2PLACEMENT3D(#9406,#9407,#9408);
#9410=IFCDIRECTION((0.,0.,1.));
#9411=IFCEXTRUDEDAREASOLID(#9405,#9409,#9410,3.2300000000000004);
#9412=IFCSHAPEREPRESENTATION(#11,'Body','SweptSolid',(#9411));
#9413=IFCPRODUCTDEFINITIONSHAPE($,$,(#9412));
#9414=IFCCOLUMN('2M_f03sQzRwA4g1nDcGB8B',$,'Column Level 12 19','Perimeter column',$,#9421,#9432,$,$);
#9415=IFCMATERIALPROFILESETUSAGE(#285,$,$);
#9416=IFCRELASSOCIATESMATERIAL('3V86w6torG3gvgn_zuVj3x',$,$,$,(#9414),#9415);
#9417=IFCCARTESIANPOINT((15.54053469719571,-23.256301291143313,0.));
#9418=IFCDIRECTION((0.,0.,1.));
#9419=IFCDIRECTION((1.,0.,0.));
#9420=IFCAXIS2PLACEMENT3D(#9417,#9418,#9419);
#9421=IFCLOCALPLACEMENT(#162,#9420);
#9422=IFCCARTESIANPOINTLIST2D(((0.,0.),(0.65,0.),(0.65,0.65),(0.,0.65)));
#9423=IFCINDEXEDPOLYCURVE(#9422,(IFCLINEINDEX((1,2,3,4,1))),$);
#9424=IFCARBITRARYCLOSEDPROFILEDEF(.AREA.,$,#9423);
#9425=IFCCARTESIANPOINT((0.,0.,0.));
#9426=IFCDIRECTION((0.,0.,1.));
#9427=IFCDIRECTION((1.,0.,0.));
#9428=IFCAXIS2PLACEMENT3D(#9425,#9426,#9427);
#9429=IFCDIRECTION((0.,0.,1.));
#9430=IFCEXTRUDEDAREASOLID(#9424,#9428,#9429,3.2300000000000004);
#9431=IFCSHAPEREPRESENTATION(#11,'Body','SweptSolid',(#9430));
#9432=IFCPRODUCTDEFINITIONSHAPE($,$,(#9431));
#9433=IFCCOLUMN('2L8JSgERPHI9YB42XeKYnm',$,'Column Level 12 20','Perimeter column',$,#9440,#9451,$,$);
#9434=IFCMATERIALPROFILESETUSAGE(#285,$,$);
#9435=IFCRELASSOCIATESMATERIAL('1oMEYm9EfIEfE450xEGCSP',$,$,$,(#9433),#9434);
#9436=IFCCARTESIANPOINT((10.203939928162097,-18.618529481915548,0.));
#9437=IFCDIRECTION((0.,0.,1.));
#9438=IFCDIRECTION((1.,0.,0.));
#9439=IFCAXIS2PLACEMENT3D(#9436,#9437,#9438);
#9440=IFCLOCALPLACEMENT(#162,#9439);
#9441=IFCCARTESIANPOINTLIST2D(((0.,0.),(0.65,0.),(0.65,0.65),(0.,0.65)));
#9442=IFCINDEXEDPOLYCURVE(#9441,(IFCLINEINDEX((1,2,3,4,1))),$);
#9443=IFCARBITRARYCLOSEDPROFILEDEF(.AREA.,$,#9442);
#9444=IFCCARTESIANPOINT((0.,0.,0.));
#9445=IFCDIRECTION((0.,0.,1.));
#9446=IFCDIRECTION((1.,0.,0.));
#9447=IFCAXIS2PLACEMENT3D(#9444,#9445,#9446);
#9448=IFCDIRECTION((0.,0.,1.));
#9449=IFCEXTRUDEDAREASOLID(#9443,#9447,#9448,3.2300000000000004);
#9450=IFCSHAPEREPRESENTATION(#11,'Body','SweptSolid',(#9449));
#9451=IFCPRODUCTDEFINITIONSHAPE($,$,(#9450));
#9452=IFCCOLUMN('30m3wRVBTRBgCS8leHjIHO',$,'Column Level 12 21','Perimeter column',$,#9459,#9470,$,$);
#9453=IFCMATERIALPROFILESETUSAGE(#285,$,$);
#9454=IFCRELASSOCIATESMATERIAL('0jxkUYef1NGgWvAoG3ci4z',$,$,$,(#9452),#9453);
#9455=IFCCARTESIANPOINT((1.5355404962428978,-16.248153129523406,0.));
#9456=IFCDIRECTION((0.,0.,1.));
#9457=IFCDIRECTION((1.,0.,0.));
#9458=IFCAXIS2PLACEMENT3D(#9455,#9456,#9457);
#9459=IFCLOCALPLACEMENT(#162,#9458);
#9460=IFCCARTESIANPOINTLIST2D(((0.,0.),(0.65,0.),(0.65,0.65),(0.,0.65)));
#9461=IFCINDEXEDPOLYCURVE(#9460,(IFCLINEINDEX((1,2,3,4,1))),$);
#9462=IFCARBITRARYCLOSEDPROFILEDEF(.AREA.,$,#9461);
#9463=IFCCARTESIANPOINT((0.,0.,0.));
#9464=IFCDIRECTION((0.,0.,1.));
#9465=IFCDIRECTION((1.,0.,0.));
#9466=IFCAXIS2PLACEMENT3D(#9463,#9464,#9465);
#9467=IFCDIRECTION((0.,0.,1.));
#9468=IFCEXTRUDEDAREASOLID(#9462,#9466,#9467,3.2300000000000004);
#9469=IFCSHAPEREPRESENTATION(#11,'Body','SweptSolid',(#9468));
#9470=IFCPRODUCTDEFINITIONSHAPE($,$,(#9469));
#9471=IFCCOLUMN('1RJwGsfU5P0hmhOAnBl5pS',$,'Column Level 12 22','Perimeter column',$,#9478,#9489,$,$);
#9472=IFCMATERIALPROFILESETUSAGE(#285,$,$);
#9473=IFCRELASSOCIATESMATERIAL('1GdsEBPxTTPB_jqwNHd0cz',$,$,$,(#9471),#9472);
#9474=IFCCARTESIANPOINT((-7.315551400441118,-14.744519285848545,0.));
#9475=IFCDIRECTION((0.,0.,1.));
#9476=IFCDIRECTION((1.,0.,0.));
#9477=IFCAXIS2PLACEMENT3D(#9474,#9475,#9476);
#9478=IFCLOCALPLACEMENT(#162,#9477);
#9479=IFCCARTESIANPOINTLIST2D(((0.,0.),(0.65,0.),(0.65,0.65),(0.,0.65)));
#9480=IFCINDEXEDPOLYCURVE(#9479,(IFCLINEINDEX((1,2,3,4,1))),$);
#9481=IFCARBITRARYCLOSEDPROFILEDEF(.AREA.,$,#9480);
#9482=IFCCARTESIANPOINT((0.,0.,0.));
#9483=IFCDIRECTION((0.,0.,1.));
#9484=IFCDIRECTION((1.,0.,0.));
#9485=IFCAXIS2PLACEMENT3D(#9482,#9483,#9484);
#9486=IFCDIRECTION((0.,0.,1.));
#9487=IFCEXTRUDEDAREASOLID(#9481,#9485,#9486,3.2300000000000004);
#9488=IFCSHAPEREPRESENTATION(#11,'Body','SweptSolid',(#9487));
#9489=IFCPRODUCTDEFINITIONSHAPE($,$,(#9488));
#9490=IFCCOLUMN('1aTm3rOqXOcfVhMoggzoy$',$,'Column Level 12 23','Perimeter column',$,#9497,#9508,$,$);
#9491=IFCMATERIALPROFILESETUSAGE(#285,$,$);
#9492=IFCRELASSOCIATESMATERIAL('3l9Vs_FS5RVwRSeJNaSBrc',$,$,$,(#9490),#9491);
#9493=IFCCARTESIANPOINT((-16.282374825282417,-14.082363796760516,0.));
#9494=IFCDIRECTION((0.,0.,1.));
#9495=IFCDIRECTION((1.,0.,0.));
#9496=IFCAXIS2PLACEMENT3D(#9493,#9494,#9495);
#9497=IFCLOCALPLACEMENT(#162,#9496);
#9498=IFCCARTESIANPOINTLIST2D(((0.,0.),(0.65,0.),(0.65,0.65),(0.,0.65)));
#9499=IFCINDEXEDPOLYCURVE(#9498,(IFCLINEINDEX((1,2,3,4,1))),$);
#9500=IFCARBITRARYCLOSEDPROFILEDEF(.AREA.,$,#9499);
#9501=IFCCARTESIANPOINT((0.,0.,0.));
#9502=IFCDIRECTION((0.,0.,1.));
#9503=IFCDIRECTION((1.,0.,0.));
#9504=IFCAXIS2PLACEMENT3D(#9501,#9502,#9503);
#9505=IFCDIRECTION((0.,0.,1.));
#9506=IFCEXTRUDEDAREASOLID(#9500,#9504,#9505,3.2300000000000004);
#9507=IFCSHAPEREPRESENTATION(#11,'Body','SweptSolid',(#9506));
#9508=IFCPRODUCTDEFINITIONSHAPE($,$,(#9507));
#9509=IFCCOLUMN('0x2jj8RPDKAfgDH1gMosAQ',$,'Column Level 12 24','Perimeter column',$,#9516,#9527,$,$);
#9510=IFCMATERIALPROFILESETUSAGE(#285,$,$);
#9511=IFCRELASSOCIATESMATERIAL('1$oW_abwHLohuYkTBtJnJ5',$,$,$,(#9509),#9510);
#9512=IFCCARTESIANPOINT((-18.16628809371299,-11.656750608833276,0.));
#9513=IFCDIRECTION((0.,0.,1.));
#9514=IFCDIRECTION((1.,0.,0.));
#9515=IFCAXIS2PLACEMENT3D(#9512,#9513,#9514);
#9516=IFCLOCALPLACEMENT(#162,#9515);
#9517=IFCCARTESIANPOINTLIST2D(((0.,0.),(0.65,0.),(0.65,0.65),(0.,0.65)));
#9518=IFCINDEXEDPOLYCURVE(#9517,(IFCLINEINDEX((1,2,3,4,1))),$);
#9519=IFCARBITRARYCLOSEDPROFILEDEF(.AREA.,$,#9518);
#9520=IFCCARTESIANPOINT((0.,0.,0.));
#9521=IFCDIRECTION((0.,0.,1.));
#9522=IFCDIRECTION((1.,0.,0.));
#9523=IFCAXIS2PLACEMENT3D(#9520,#9521,#9522);
#9524=IFCDIRECTION((0.,0.,1.));
#9525=IFCEXTRUDEDAREASOLID(#9519,#9523,#9524,3.2300000000000004);
#9526=IFCSHAPEREPRESENTATION(#11,'Body','SweptSolid',(#9525));
#9527=IFCPRODUCTDEFINITIONSHAPE($,$,(#9526));
#9528=IFCCOLUMN('21$F8bvZzVe9TAL6wx2AZR',$,'Column Level 13 01','Perimeter column',$,#9535,#9546,$,$);
#9529=IFCMATERIALPROFILESETUSAGE(#285,$,$);
#9530=IFCRELASSOCIATESMATERIAL('3v5gpWAuTIYR7a2e$LBE07',$,$,$,(#9528),#9529);
#9531=IFCCARTESIANPOINT((-16.936,-5.117,0.));
#9532=IFCDIRECTION((0.,0.,1.));
#9533=IFCDIRECTION((1.,0.,0.));
#9534=IFCAXIS2PLACEMENT3D(#9531,#9532,#9533);
#9535=IFCLOCALPLACEMENT(#169,#9534);
#9536=IFCCARTESIANPOINTLIST2D(((0.,0.),(0.65,0.),(0.65,0.65),(0.,0.65)));
#9537=IFCINDEXEDPOLYCURVE(#9536,(IFCLINEINDEX((1,2,3,4,1))),$);
#9538=IFCARBITRARYCLOSEDPROFILEDEF(.AREA.,$,#9537);
#9539=IFCCARTESIANPOINT((0.,0.,0.));
#9540=IFCDIRECTION((0.,0.,1.));
#9541=IFCDIRECTION((1.,0.,0.));
#9542=IFCAXIS2PLACEMENT3D(#9539,#9540,#9541);
#9543=IFCDIRECTION((0.,0.,1.));
#9544=IFCEXTRUDEDAREASOLID(#9538,#9542,#9543,3.2300000000000004);
#9545=IFCSHAPEREPRESENTATION(#11,'Body','SweptSolid',(#9544));
#9546=IFCPRODUCTDEFINITIONSHAPE($,$,(#9545));
#9547=IFCCOLUMN('2hnYn5my5TXw_bLOHWQ0bb',$,'Column Level 13 02','Perimeter column',$,#9554,#9565,$,$);
#9548=IFCMATERIALPROFILESETUSAGE(#285,$,$);
#9549=IFCRELASSOCIATESMATERIAL('3994i21qjQN93OGajL7pUD',$,$,$,(#9547),#9548);
#9550=IFCCARTESIANPOINT((-25.835280930401904,-3.7743165221151056,0.));
#9551=IFCDIRECTION((0.,0.,1.));
#9552=IFCDIRECTION((1.,0.,0.));
#9553=IFCAXIS2PLACEMENT3D(#9550,#9551,#9552);
#9554=IFCLOCALPLACEMENT(#169,#9553);
#9555=IFCCARTESIANPOINTLIST2D(((0.,0.),(0.65,0.),(0.65,0.65),(0.,0.65)));
#9556=IFCINDEXEDPOLYCURVE(#9555,(IFCLINEINDEX((1,2,3,4,1))),$);
#9557=IFCARBITRARYCLOSEDPROFILEDEF(.AREA.,$,#9556);
#9558=IFCCARTESIANPOINT((0.,0.,0.));
#9559=IFCDIRECTION((0.,0.,1.));
#9560=IFCDIRECTION((1.,0.,0.));
#9561=IFCAXIS2PLACEMENT3D(#9558,#9559,#9560);
#9562=IFCDIRECTION((0.,0.,1.));
#9563=IFCEXTRUDEDAREASOLID(#9557,#9561,#9562,3.2300000000000004);
#9564=IFCSHAPEREPRESENTATION(#11,'Body','SweptSolid',(#9563));
#9565=IFCPRODUCTDEFINITIONSHAPE($,$,(#9564));
#9566=IFCCOLUMN('2V9VvCvMLUye7OQHdWYoPU',$,'Column Level 13 03','Perimeter column',$,#9573,#9584,$,$);
#9567=IFCMATERIALPROFILESETUSAGE(#285,$,$);
#9568=IFCRELASSOCIATESMATERIAL('1TrLG5y3fJS9BiEuYcdMzB',$,$,$,(#9566),#9567);
#9569=IFCCARTESIANPOINT((-34.73456186080381,-2.4316330442302116,0.));
#9570=IFCDIRECTION((0.,0.,1.));
#9571=IFCDIRECTION((1.,0.,0.));
#9572=IFCAXIS2PLACEMENT3D(#9569,#9570,#9571);
#9573=IFCLOCALPLACEMENT(#169,#9572);
#9574=IFCCARTESIANPOINTLIST2D(((0.,0.),(0.65,0.),(0.65,0.65),(0.,0.65)));
#9575=IFCINDEXEDPOLYCURVE(#9574,(IFCLINEINDEX((1,2,3,4,1))),$);
#9576=IFCARBITRARYCLOSEDPROFILEDEF(.AREA.,$,#9575);
#9577=IFCCARTESIANPOINT((0.,0.,0.));
#9578=IFCDIRECTION((0.,0.,1.));
#9579=IFCDIRECTION((1.,0.,0.));
#9580=IFCAXIS2PLACEMENT3D(#9577,#9578,#9579);
#9581=IFCDIRECTION((0.,0.,1.));
#9582=IFCEXTRUDEDAREASOLID(#9576,#9580,#9581,3.2300000000000004);
#9583=IFCSHAPEREPRESENTATION(#11,'Body','SweptSolid',(#9582));
#9584=IFCPRODUCTDEFINITIONSHAPE($,$,(#9583));
#9585=IFCCOLUMN('27KtPeBcrP8u1I9HIEwBd8',$,'Column Level 13 04','Perimeter column',$,#9592,#9603,$,$);
#9586=IFCMATERIALPROFILESETUSAGE(#285,$,$);
#9587=IFCRELASSOCIATESMATERIAL('219kz7rVnTcwnxafUjuRfj',$,$,$,(#9585),#9586);
#9588=IFCCARTESIANPOINT((-43.63384279120571,-1.0889495663453175,0.));
#9589=IFCDIRECTION((0.,0.,1.));
#9590=IFCDIRECTION((1.,0.,0.));
#9591=IFCAXIS2PLACEMENT3D(#9588,#9589,#9590);
#9592=IFCLOCALPLACEMENT(#169,#9591);
#9593=IFCCARTESIANPOINTLIST2D(((0.,0.),(0.65,0.),(0.65,0.65),(0.,0.65)));
#9594=IFCINDEXEDPOLYCURVE(#9593,(IFCLINEINDEX((1,2,3,4,1))),$);
#9595=IFCARBITRARYCLOSEDPROFILEDEF(.AREA.,$,#9594);
#9596=IFCCARTESIANPOINT((0.,0.,0.));
#9597=IFCDIRECTION((0.,0.,1.));
#9598=IFCDIRECTION((1.,0.,0.));
#9599=IFCAXIS2PLACEMENT3D(#9596,#9597,#9598);
#9600=IFCDIRECTION((0.,0.,1.));
#9601=IFCEXTRUDEDAREASOLID(#9595,#9599,#9600,3.2300000000000004);
#9602=IFCSHAPEREPRESENTATION(#11,'Body','SweptSolid',(#9601));
#9603=IFCPRODUCTDEFINITIONSHAPE($,$,(#9602));
#9604=IFCCOLUMN('3Snh8fw5bLNw1dMRPxWaza',$,'Column Level 13 05','Perimeter column',$,#9611,#9622,$,$);
#9605=IFCMATERIALPROFILESETUSAGE(#285,$,$);
#9606=IFCRELASSOCIATESMATERIAL('33_b$Kg7bL8etCJMQjQtlK',$,$,$,(#9604),#9605);
#9607=IFCCARTESIANPOINT((-48.65272632118396,-4.90486177235261,0.));
#9608=IFCDIRECTION((0.,0.,1.));
#9609=IFCDIRECTION((1.,0.,0.));
#9610=IFCAXIS2PLACEMENT3D(#9607,#9608,#9609);
#9611=IFCLOCALPLACEMENT(#169,#9610);
#9612=IFCCARTESIANPOINTLIST2D(((0.,0.),(0.65,0.),(0.65,0.65),(0.,0.65)));
#9613=IFCINDEXEDPOLYCURVE(#9612,(IFCLINEINDEX((1,2,3,4,1))),$);
#9614=IFCARBITRARYCLOSEDPROFILEDEF(.AREA.,$,#9613);
#9615=IFCCARTESIANPOINT((0.,0.,0.));
#9616=IFCDIRECTION((0.,0.,1.));
#9617=IFCDIRECTION((1.,0.,0.));
#9618=IFCAXIS2PLACEMENT3D(#9615,#9616,#9617);
#9619=IFCDIRECTION((0.,0.,1.));
#9620=IFCEXTRUDEDAREASOLID(#9614,#9618,#9619,3.2300000000000004);
#9621=IFCSHAPEREPRESENTATION(#11,'Body','SweptSolid',(#9620));
#9622=IFCPRODUCTDEFINITIONSHAPE($,$,(#9621));
#9623=IFCCOLUMN('0uD7FGH1nIFPOmK7Ruh4WQ',$,'Column Level 13 06','Perimeter column',$,#9630,#9641,$,$);
#9624=IFCMATERIALPROFILESETUSAGE(#285,$,$);
#9625=IFCRELASSOCIATESMATERIAL('0V3De2sHnGIhQfh2_coZWi',$,$,$,(#9623),#9624);
#9626=IFCCARTESIANPOINT((-49.83022924684907,-13.827500779958493,0.));
#9627=IFCDIRECTION((0.,0.,1.));
#9628=IFCDIRECTION((1.,0.,0.));
#9629=IFCAXIS2PLACEMENT3D(#9626,#9627,#9628);
#9630=IFCLOCALPLACEMENT(#169,#9629);
#9631=IFCCARTESIANPOINTLIST2D(((0.,0.),(0.65,0.),(0.65,0.65),(0.,0.65)));
#9632=IFCINDEXEDPOLYCURVE(#9631,(IFCLINEINDEX((1,2,3,4,1))),$);
#9633=IFCARBITRARYCLOSEDPROFILEDEF(.AREA.,$,#9632);
#9634=IFCCARTESIANPOINT((0.,0.,0.));
#9635=IFCDIRECTION((0.,0.,1.));
#9636=IFCDIRECTION((1.,0.,0.));
#9637=IFCAXIS2PLACEMENT3D(#9634,#9635,#9636);
#9638=IFCDIRECTION((0.,0.,1.));
#9639=IFCEXTRUDEDAREASOLID(#9633,#9637,#9638,3.2300000000000004);
#9640=IFCSHAPEREPRESENTATION(#11,'Body','SweptSolid',(#9639));
#9641=IFCPRODUCTDEFINITIONSHAPE($,$,(#9640));
#9642=IFCCOLUMN('2yPZkwwd9MV9eYJSCZ126q',$,'Column Level 13 07','Perimeter column',$,#9649,#9660,$,$);
#9643=IFCMATERIALPROFILESETUSAGE(#285,$,$);
#9644=IFCRELASSOCIATESMATERIAL('1prRSp7OrKvBjxVQ9nmfSd',$,$,$,(#9642),#9643);
#9645=IFCCARTESIANPOINT((-51.007732172514174,-22.75013978756438,0.));
#9646=IFCDIRECTION((0.,0.,1.));
#9647=IFCDIRECTION((1.,0.,0.));
#9648=IFCAXIS2PLACEMENT3D(#9645,#9646,#9647);
#9649=IFCLOCALPLACEMENT(#169,#9648);
#9650=IFCCARTESIANPOINTLIST2D(((0.,0.),(0.65,0.),(0.65,0.65),(0.,0.65)));
#9651=IFCINDEXEDPOLYCURVE(#9650,(IFCLINEINDEX((1,2,3,4,1))),$);
#9652=IFCARBITRARYCLOSEDPROFILEDEF(.AREA.,$,#9651);
#9653=IFCCARTESIANPOINT((0.,0.,0.));
#9654=IFCDIRECTION((0.,0.,1.));
#9655=IFCDIRECTION((1.,0.,0.));
#9656=IFCAXIS2PLACEMENT3D(#9653,#9654,#9655);
#9657=IFCDIRECTION((0.,0.,1.));
#9658=IFCEXTRUDEDAREASOLID(#9652,#9656,#9657,3.2300000000000004);
#9659=IFCSHAPEREPRESENTATION(#11,'Body','SweptSolid',(#9658));
#9660=IFCPRODUCTDEFINITIONSHAPE($,$,(#9659));
#9661=IFCCOLUMN('1JIMxR$RLKOv7Iljdr0e8I',$,'Column Level 13 08','Perimeter column',$,#9668,#9679,$,$);
#9662=IFCMATERIALPROFILESETUSAGE(#285,$,$);
#9663=IFCRELASSOCIATESMATERIAL('3JfxC1znDVIw6xgDxn3jNP',$,$,$,(#9661),#9662);
#9664=IFCCARTESIANPOINT((-52.185235098179284,-31.67277879517026,0.));
#9665=IFCDIRECTION((0.,0.,1.));
#9666=IFCDIRECTION((1.,0.,0.));
#9667=IFCAXIS2PLACEMENT3D(#9664,#9665,#9666);
#9668=IFCLOCALPLACEMENT(#169,#9667);
#9669=IFCCARTESIANPOINTLIST2D(((0.,0.),(0.65,0.),(0.65,0.65),(0.,0.65)));
#9670=IFCINDEXEDPOLYCURVE(#9669,(IFCLINEINDEX((1,2,3,4,1))),$);
#9671=IFCARBITRARYCLOSEDPROFILEDEF(.AREA.,$,#9670);
#9672=IFCCARTESIANPOINT((0.,0.,0.));
#9673=IFCDIRECTION((0.,0.,1.));
#9674=IFCDIRECTION((1.,0.,0.));
#9675=IFCAXIS2PLACEMENT3D(#9672,#9673,#9674);
#9676=IFCDIRECTION((0.,0.,1.));
#9677=IFCEXTRUDEDAREASOLID(#9671,#9675,#9676,3.2300000000000004);
#9678=IFCSHAPEREPRESENTATION(#11,'Body','SweptSolid',(#9677));
#9679=IFCPRODUCTDEFINITIONSHAPE($,$,(#9678));
#9680=IFCCOLUMN('31RCwXw21U5eM2IZxK_pOg',$,'Column Level 13 09','Perimeter column',$,#9687,#9698,$,$);
#9681=IFCMATERIALPROFILESETUSAGE(#285,$,$);
#9682=IFCRELASSOCIATESMATERIAL('2gDqdQFoPQUwPr67QfFMmu',$,$,$,(#9680),#9681);
#9683=IFCCARTESIANPOINT((-46.22975720468246,-35.0074412614059,0.));
#9684=IFCDIRECTION((0.,0.,1.));
#9685=IFCDIRECTION((1.,0.,0.));
#9686=IFCAXIS2PLACEMENT3D(#9683,#9684,#9685);
#9687=IFCLOCALPLACEMENT(#169,#9686);
#9688=IFCCARTESIANPOINTLIST2D(((0.,0.),(0.65,0.),(0.65,0.65),(0.,0.65)));
#9689=IFCINDEXEDPOLYCURVE(#9688,(IFCLINEINDEX((1,2,3,4,1))),$);
#9690=IFCARBITRARYCLOSEDPROFILEDEF(.AREA.,$,#9689);
#9691=IFCCARTESIANPOINT((0.,0.,0.));
#9692=IFCDIRECTION((0.,0.,1.));
#9693=IFCDIRECTION((1.,0.,0.));
#9694=IFCAXIS2PLACEMENT3D(#9691,#9692,#9693);
#9695=IFCDIRECTION((0.,0.,1.));
#9696=IFCEXTRUDEDAREASOLID(#9690,#9694,#9695,3.2300000000000004);
#9697=IFCSHAPEREPRESENTATION(#11,'Body','SweptSolid',(#9696));
#9698=IFCPRODUCTDEFINITIONSHAPE($,$,(#9697));
#9699=IFCCOLUMN('1_$NjJCu1Umw_FieGXmsdV',$,'Column Level 13 10','Perimeter column',$,#9706,#9717,$,$);
#9700=IFCMATERIALPROFILESETUSAGE(#285,$,$);
#9701=IFCRELASSOCIATESMATERIAL('3ZzPkkZBrLN8a_DClgVmo_',$,$,$,(#9699),#9700);
#9702=IFCCARTESIANPOINT((-37.28466053636845,-36.00003664448889,0.));
#9703=IFCDIRECTION((0.,0.,1.));
#9704=IFCDIRECTION((1.,0.,0.));
#9705=IFCAXIS2PLACEMENT3D(#9702,#9703,#9704);
#9706=IFCLOCALPLACEMENT(#169,#9705);
#9707=IFCCARTESIANPOINTLIST2D(((0.,0.),(0.65,0.),(0.65,0.65),(0.,0.65)));
#9708=IFCINDEXEDPOLYCURVE(#9707,(IFCLINEINDEX((1,2,3,4,1))),$);
#9709=IFCARBITRARYCLOSEDPROFILEDEF(.AREA.,$,#9708);
#9710=IFCCARTESIANPOINT((0.,0.,0.));
#9711=IFCDIRECTION((0.,0.,1.));
#9712=IFCDIRECTION((1.,0.,0.));
#9713=IFCAXIS2PLACEMENT3D(#9710,#9711,#9712);
#9714=IFCDIRECTION((0.,0.,1.));
#9715=IFCEXTRUDEDAREASOLID(#9709,#9713,#9714,3.2300000000000004);
#9716=IFCSHAPEREPRESENTATION(#11,'Body','SweptSolid',(#9715));
#9717=IFCPRODUCTDEFINITIONSHAPE($,$,(#9716));
#9718=IFCCOLUMN('09bEKPvNbHyeMseo1o14aK',$,'Column Level 13 11','Perimeter column',$,#9725,#9736,$,$);
#9719=IFCMATERIALPROFILESETUSAGE(#285,$,$);
#9720=IFCRELASSOCIATESMATERIAL('2VCZQvQ0vNPw3BDzdlTgGE',$,$,$,(#9718),#9719);
#9721=IFCCARTESIANPOINT((-28.339563868054437,-36.992632027571865,0.));
#9722=IFCDIRECTION((0.,0.,1.));
#9723=IFCDIRECTION((1.,0.,0.));
#9724=IFCAXIS2PLACEMENT3D(#9721,#9722,#9723);
#9725=IFCLOCALPLACEMENT(#169,#9724);
#9726=IFCCARTESIANPOINTLIST2D(((0.,0.),(0.65,0.),(0.65,0.65),(0.,0.65)));
#9727=IFCINDEXEDPOLYCURVE(#9726,(IFCLINEINDEX((1,2,3,4,1))),$);
#9728=IFCARBITRARYCLOSEDPROFILEDEF(.AREA.,$,#9727);
#9729=IFCCARTESIANPOINT((0.,0.,0.));
#9730=IFCDIRECTION((0.,0.,1.));
#9731=IFCDIRECTION((1.,0.,0.));
#9732=IFCAXIS2PLACEMENT3D(#9729,#9730,#9731);
#9733=IFCDIRECTION((0.,0.,1.));
#9734=IFCEXTRUDEDAREASOLID(#9728,#9732,#9733,3.2300000000000004);
#9735=IFCSHAPEREPRESENTATION(#11,'Body','SweptSolid',(#9734));
#9736=IFCPRODUCTDEFINITIONSHAPE($,$,(#9735));
#9737=IFCCOLUMN('2ZPdIcYk5HxxgkKbFnW2ZP',$,'Column Level 13 12','Perimeter column',$,#9744,#9755,$,$);
#9738=IFCMATERIALPROFILESETUSAGE(#285,$,$);
#9739=IFCRELASSOCIATESMATERIAL('0rlwAKpSfLfhU0amEKFO84',$,$,$,(#9737),#9738);
#9740=IFCCARTESIANPOINT((-20.960893578766843,-35.8972896198307,0.));
#9741=IFCDIRECTION((0.,0.,1.));
#9742=IFCDIRECTION((1.,0.,0.));
#9743=IFCAXIS2PLACEMENT3D(#9740,#9741,#9742);
#9744=IFCLOCALPLACEMENT(#169,#9743);
#9745=IFCCARTESIANPOINTLIST2D(((0.,0.),(0.65,0.),(0.65,0.65),(0.,0.65)));
#9746=IFCINDEXEDPOLYCURVE(#9745,(IFCLINEINDEX((1,2,3,4,1))),$);
#9747=IFCARBITRARYCLOSEDPROFILEDEF(.AREA.,$,#9746);
#9748=IFCCARTESIANPOINT((0.,0.,0.));
#9749=IFCDIRECTION((0.,0.,1.));
#9750=IFCDIRECTION((1.,0.,0.));
#9751=IFCAXIS2PLACEMENT3D(#9748,#9749,#9750);
#9752=IFCDIRECTION((0.,0.,1.));
#9753=IFCEXTRUDEDAREASOLID(#9747,#9751,#9752,3.2300000000000004);
#9754=IFCSHAPEREPRESENTATION(#11,'Body','SweptSolid',(#9753));
#9755=IFCPRODUCTDEFINITIONSHAPE($,$,(#9754));
#9756=IFCCOLUMN('3J6Ulm48nMex3Gplo7o1Oa',$,'Column Level 13 13','Perimeter column',$,#9763,#9774,$,$);
#9757=IFCMATERIALPROFILESETUSAGE(#285,$,$);
#9758=IFCRELASSOCIATESMATERIAL('16b1Ed9PrPNRmI4uJYH5vr',$,$,$,(#9756),#9757);
#9759=IFCCARTESIANPOINT((-21.584160475509268,-29.49809737244049,0.));
#9760=IFCDIRECTION((0.,0.,1.));
#9761=IFCDIRECTION((1.,0.,0.));
#9762=IFCAXIS2PLACEMENT3D(#9759,#9760,#9761);
#9763=IFCLOCALPLACEMENT(#169,#9762);
#9764=IFCCARTESIANPOINTLIST2D(((0.,0.),(0.65,0.),(0.65,0.65),(0.,0.65)));
#9765=IFCINDEXEDPOLYCURVE(#9764,(IFCLINEINDEX((1,2,3,4,1))),$);
#9766=IFCARBITRARYCLOSEDPROFILEDEF(.AREA.,$,#9765);
#9767=IFCCARTESIANPOINT((0.,0.,0.));
#9768=IFCDIRECTION((0.,0.,1.));
#9769=IFCDIRECTION((1.,0.,0.));
#9770=IFCAXIS2PLACEMENT3D(#9767,#9768,#9769);
#9771=IFCDIRECTION((0.,0.,1.));
#9772=IFCEXTRUDEDAREASOLID(#9766,#9770,#9771,3.2300000000000004);
#9773=IFCSHAPEREPRESENTATION(#11,'Body','SweptSolid',(#9772));
#9774=IFCPRODUCTDEFINITIONSHAPE($,$,(#9773));
#9775=IFCCOLUMN('0QR9JXfTTM1vIMo4ptEsGK',$,'Column Level 13 14','Perimeter column',$,#9782,#9793,$,$);
#9776=IFCMATERIALPROFILESETUSAGE(#285,$,$);
#9777=IFCRELASSOCIATESMATERIAL('0dlwFsa5jGMfveSvjRe5A_',$,$,$,(#9775),#9776);
#9778=IFCCARTESIANPOINT((-12.889329931886413,-31.798465112476784,0.));
#9779=IFCDIRECTION((0.,0.,1.));
#9780=IFCDIRECTION((1.,0.,0.));
#9781=IFCAXIS2PLACEMENT3D(#9778,#9779,#9780);
#9782=IFCLOCALPLACEMENT(#169,#9781);
#9783=IFCCARTESIANPOINTLIST2D(((0.,0.),(0.65,0.),(0.65,0.65),(0.,0.65)));
#9784=IFCINDEXEDPOLYCURVE(#9783,(IFCLINEINDEX((1,2,3,4,1))),$);
#9785=IFCARBITRARYCLOSEDPROFILEDEF(.AREA.,$,#9784);
#9786=IFCCARTESIANPOINT((0.,0.,0.));
#9787=IFCDIRECTION((0.,0.,1.));
#9788=IFCDIRECTION((1.,0.,0.));
#9789=IFCAXIS2PLACEMENT3D(#9786,#9787,#9788);
#9790=IFCDIRECTION((0.,0.,1.));
#9791=IFCEXTRUDEDAREASOLID(#9785,#9789,#9790,3.2300000000000004);
#9792=IFCSHAPEREPRESENTATION(#11,'Body','SweptSolid',(#9791));
#9793=IFCPRODUCTDEFINITIONSHAPE($,$,(#9792));
#9794=IFCCOLUMN('3R9DrK4QnPpPonFUqge7rq',$,'Column Level 13 15','Perimeter column',$,#9801,#9812,$,$);
#9795=IFCMATERIALPROFILESETUSAGE(#285,$,$);
#9796=IFCRELASSOCIATESMATERIAL('1umcRTEi5OkPfFNPmouuOY',$,$,$,(#9794),#9795);
#9797=IFCCARTESIANPOINT((-4.041251372042898,-33.364905476944244,0.));
#9798=IFCDIRECTION((0.,0.,1.));
#9799=IFCDIRECTION((1.,0.,0.));
#9800=IFCAXIS2PLACEMENT3D(#9797,#9798,#9799);
#9801=IFCLOCALPLACEMENT(#169,#9800);
#9802=IFCCARTESIANPOINTLIST2D(((0.,0.),(0.65,0.),(0.65,0.65),(0.,0.65)));
#9803=IFCINDEXEDPOLYCURVE(#9802,(IFCLINEINDEX((1,2,3,4,1))),$);
#9804=IFCARBITRARYCLOSEDPROFILEDEF(.AREA.,$,#9803);
#9805=IFCCARTESIANPOINT((0.,0.,0.));
#9806=IFCDIRECTION((0.,0.,1.));
#9807=IFCDIRECTION((1.,0.,0.));
#9808=IFCAXIS2PLACEMENT3D(#9805,#9806,#9807);
#9809=IFCDIRECTION((0.,0.,1.));
#9810=IFCEXTRUDEDAREASOLID(#9804,#9808,#9809,3.2300000000000004);
#9811=IFCSHAPEREPRESENTATION(#11,'Body','SweptSolid',(#9810));
#9812=IFCPRODUCTDEFINITIONSHAPE($,$,(#9811));
#9813=IFCCOLUMN('0O0F6YLG5T0fr5qMJodGM3',$,'Column Level 13 16','Perimeter column',$,#9820,#9831,$,$);
#9814=IFCMATERIALPROFILESETUSAGE(#285,$,$);
#9815=IFCRELASSOCIATESMATERIAL('134WtHvWTL9AUO9tTe2tGK',$,$,$,(#9813),#9814);
#9816=IFCCARTESIANPOINT((4.930133463163391,-34.08202062713327,0.));
#9817=IFCDIRECTION((0.,0.,1.));
#9818=IFCDIRECTION((1.,0.,0.));
#9819=IFCAXIS2PLACEMENT3D(#9816,#9817,#9818);
#9820=IFCLOCALPLACEMENT(#169,#9819);
#9821=IFCCARTESIANPOINTLIST2D(((0.,0.),(0.65,0.),(0.65,0.65),(0.,0.65)));
#9822=IFCINDEXEDPOLYCURVE(#9821,(IFCLINEINDEX((1,2,3,4,1))),$);
#9823=IFCARBITRARYCLOSEDPROFILEDEF(.AREA.,$,#9822);
#9824=IFCCARTESIANPOINT((0.,0.,0.));
#9825=IFCDIRECTION((0.,0.,1.));
#9826=IFCDIRECTION((1.,0.,0.));
#9827=IFCAXIS2PLACEMENT3D(#9824,#9825,#9826);
#9828=IFCDIRECTION((0.,0.,1.));
#9829=IFCEXTRUDEDAREASOLID(#9823,#9827,#9828,3.2300000000000004);
#9830=IFCSHAPEREPRESENTATION(#11,'Body','SweptSolid',(#9829));
#9831=IFCPRODUCTDEFINITIONSHAPE($,$,(#9830));
#9832=IFCCOLUMN('0p7x6y2N1R68LfvRewNmSw',$,'Column Level 13 17','Perimeter column',$,#9839,#9850,$,$);
#9833=IFCMATERIALPROFILESETUSAGE(#285,$,$);
#9834=IFCRELASSOCIATESMATERIAL('1Iy5QRtbrJwBDpAbWrtFLc',$,$,$,(#9832),#9833);
#9835=IFCCARTESIANPOINT((13.892929310972718,-33.288594193757575,0.));
#9836=IFCDIRECTION((0.,0.,1.));
#9837=IFCDIRECTION((1.,0.,0.));
#9838=IFCAXIS2PLACEMENT3D(#9835,#9836,#9837);
#9839=IFCLOCALPLACEMENT(#169,#9838);
#9840=IFCCARTESIANPOINTLIST2D(((0.,0.),(0.65,0.),(0.65,0.65),(0.,0.65)));
#9841=IFCINDEXEDPOLYCURVE(#9840,(IFCLINEINDEX((1,2,3,4,1))),$);
#9842=IFCARBITRARYCLOSEDPROFILEDEF(.AREA.,$,#9841);
#9843=IFCCARTESIANPOINT((0.,0.,0.));
#9844=IFCDIRECTION((0.,0.,1.));
#9845=IFCDIRECTION((1.,0.,0.));
#9846=IFCAXIS2PLACEMENT3D(#9843,#9844,#9845);
#9847=IFCDIRECTION((0.,0.,1.));
#9848=IFCEXTRUDEDAREASOLID(#9842,#9846,#9847,3.2300000000000004);
#9849=IFCSHAPEREPRESENTATION(#11,'Body','SweptSolid',(#9848));
#9850=IFCPRODUCTDEFINITIONSHAPE($,$,(#9849));
#9851=IFCCOLUMN('3cbP75qf1G19pEHOuoJQye',$,'Column Level 13 18','Perimeter column',$,#9858,#9869,$,$);
#9852=IFCMATERIALPROFILESETUSAGE(#285,$,$);
#9853=IFCRELASSOCIATESMATERIAL('2d1NbJ8JbK08f_SpGIa4nL',$,$,$,(#9851),#9852);
#9854=IFCCARTESIANPOINT((15.724414187195933,-27.285119974905545,0.));
#9855=IFCDIRECTION((0.,0.,1.));
#9856=IFCDIRECTION((1.,0.,0.));
#9857=IFCAXIS2PLACEMENT3D(#9854,#9855,#9856);
#9858=IFCLOCALPLACEMENT(#169,#9857);
#9859=IFCCARTESIANPOINTLIST2D(((0.,0.),(0.65,0.),(0.65,0.65),(0.,0.65)));
#9860=IFCINDEXEDPOLYCURVE(#9859,(IFCLINEINDEX((1,2,3,4,1))),$);
#9861=IFCARBITRARYCLOSEDPROFILEDEF(.AREA.,$,#9860);
#9862=IFCCARTESIANPOINT((0.,0.,0.));
#9863=IFCDIRECTION((0.,0.,1.));
#9864=IFCDIRECTION((1.,0.,0.));
#9865=IFCAXIS2PLACEMENT3D(#9862,#9863,#9864);
#9866=IFCDIRECTION((0.,0.,1.));
#9867=IFCEXTRUDEDAREASOLID(#9861,#9865,#9866,3.2300000000000004);
#9868=IFCSHAPEREPRESENTATION(#11,'Body','SweptSolid',(#9867));
#9869=IFCPRODUCTDEFINITIONSHAPE($,$,(#9868));
#9870=IFCCOLUMN('3$bcdkOVnHpgyIGdY67raD',$,'Column Level 13 19','Perimeter column',$,#9877,#9888,$,$);
#9871=IFCMATERIALPROFILESETUSAGE(#285,$,$);
#9872=IFCRELASSOCIATESMATERIAL('2z10RnP05TXxepAICo4Xxj',$,$,$,(#9870),#9871);
#9873=IFCCARTESIANPOINT((15.919650202281911,-20.702101578624152,0.));
#9874=IFCDIRECTION((0.,0.,1.));
#9875=IFCDIRECTION((1.,0.,0.));
#9876=IFCAXIS2PLACEMENT3D(#9873,#9874,#9875);
#9877=IFCLOCALPLACEMENT(#169,#9876);
#9878=IFCCARTESIANPOINTLIST2D(((0.,0.),(0.65,0.),(0.65,0.65),(0.,0.65)));
#9879=IFCINDEXEDPOLYCURVE(#9878,(IFCLINEINDEX((1,2,3,4,1))),$);
#9880=IFCARBITRARYCLOSEDPROFILEDEF(.AREA.,$,#9879);
#9881=IFCCARTESIANPOINT((0.,0.,0.));
#9882=IFCDIRECTION((0.,0.,1.));
#9883=IFCDIRECTION((1.,0.,0.));
#9884=IFCAXIS2PLACEMENT3D(#9881,#9882,#9883);
#9885=IFCDIRECTION((0.,0.,1.));
#9886=IFCEXTRUDEDAREASOLID(#9880,#9884,#9885,3.2300000000000004);
#9887=IFCSHAPEREPRESENTATION(#11,'Body','SweptSolid',(#9886));
#9888=IFCPRODUCTDEFINITIONSHAPE($,$,(#9887));
#9889=IFCCOLUMN('3jAowimlzGk8RStbLERsN_',$,'Column Level 13 20','Perimeter column',$,#9896,#9907,$,$);
#9890=IFCMATERIALPROFILESETUSAGE(#285,$,$);
#9891=IFCRELASSOCIATESMATERIAL('1O1UsK1WDVjOCy_3I_EtVI',$,$,$,(#9889),#9890);
#9892=IFCCARTESIANPOINT((7.554510939150531,-17.428062427338165,0.));
#9893=IFCDIRECTION((0.,0.,1.));
#9894=IFCDIRECTION((1.,0.,0.));
#9895=IFCAXIS2PLACEMENT3D(#9892,#9893,#9894);
#9896=IFCLOCALPLACEMENT(#169,#9895);
#9897=IFCCARTESIANPOINTLIST2D(((0.,0.),(0.65,0.),(0.65,0.65),(0.,0.65)));
#9898=IFCINDEXEDPOLYCURVE(#9897,(IFCLINEINDEX((1,2,3,4,1))),$);
#9899=IFCARBITRARYCLOSEDPROFILEDEF(.AREA.,$,#9898);
#9900=IFCCARTESIANPOINT((0.,0.,0.));
#9901=IFCDIRECTION((0.,0.,1.));
#9902=IFCDIRECTION((1.,0.,0.));
#9903=IFCAXIS2PLACEMENT3D(#9900,#9901,#9902);
#9904=IFCDIRECTION((0.,0.,1.));
#9905=IFCEXTRUDEDAREASOLID(#9899,#9903,#9904,3.2300000000000004);
#9906=IFCSHAPEREPRESENTATION(#11,'Body','SweptSolid',(#9905));
#9907=IFCPRODUCTDEFINITIONSHAPE($,$,(#9906));
#9908=IFCCOLUMN('3ChAkHOjXTvQA_z$VNxJdJ',$,'Column Level 13 21','Perimeter column',$,#9915,#9926,$,$);
#9909=IFCMATERIALPROFILESETUSAGE(#285,$,$);
#9910=IFCRELASSOCIATESMATERIAL('358Rqv0_zHsu2itgDbvv7X',$,$,$,(#9908),#9909);
#9911=IFCCARTESIANPOINT((-1.1779532324592779,-15.249973932453026,0.));
#9912=IFCDIRECTION((0.,0.,1.));
#9913=IFCDIRECTION((1.,0.,0.));
#9914=IFCAXIS2PLACEMENT3D(#9911,#9912,#9913);
#9915=IFCLOCALPLACEMENT(#169,#9914);
#9916=IFCCARTESIANPOINTLIST2D(((0.,0.),(0.65,0.),(0.65,0.65),(0.,0.65)));
#9917=IFCINDEXEDPOLYCURVE(#9916,(IFCLINEINDEX((1,2,3,4,1))),$);
#9918=IFCARBITRARYCLOSEDPROFILEDEF(.AREA.,$,#9917);
#9919=IFCCARTESIANPOINT((0.,0.,0.));
#9920=IFCDIRECTION((0.,0.,1.));
#9921=IFCDIRECTION((1.,0.,0.));
#9922=IFCAXIS2PLACEMENT3D(#9919,#9920,#9921);
#9923=IFCDIRECTION((0.,0.,1.));
#9924=IFCEXTRUDEDAREASOLID(#9918,#9922,#9923,3.2300000000000004);
#9925=IFCSHAPEREPRESENTATION(#11,'Body','SweptSolid',(#9924));
#9926=IFCPRODUCTDEFINITIONSHAPE($,$,(#9925));
#9927=IFCCOLUMN('1BfwlreGzOePQkgQFCYVMo',$,'Column Level 13 22','Perimeter column',$,#9934,#9945,$,$);
#9928=IFCMATERIALPROFILESETUSAGE(#285,$,$);
#9929=IFCRELASSOCIATESMATERIAL('1yt$0EJErL3A70QsMtZGzL',$,$,$,(#9927),#9928);
#9930=IFCCARTESIANPOINT((-10.105712838536846,-14.180734656891529,0.));
#9931=IFCDIRECTION((0.,0.,1.));
#9932=IFCDIRECTION((1.,0.,0.));
#9933=IFCAXIS2PLACEMENT3D(#9930,#9931,#9932);
#9934=IFCLOCALPLACEMENT(#169,#9933);
#9935=IFCCARTESIANPOINTLIST2D(((0.,0.),(0.65,0.),(0.65,0.65),(0.,0.65)));
#9936=IFCINDEXEDPOLYCURVE(#9935,(IFCLINEINDEX((1,2,3,4,1))),$);
#9937=IFCARBITRARYCLOSEDPROFILEDEF(.AREA.,$,#9936);
#9938=IFCCARTESIANPOINT((0.,0.,0.));
#9939=IFCDIRECTION((0.,0.,1.));
#9940=IFCDIRECTION((1.,0.,0.));
#9941=IFCAXIS2PLACEMENT3D(#9938,#9939,#9940);
#9942=IFCDIRECTION((0.,0.,1.));
#9943=IFCEXTRUDEDAREASOLID(#9937,#9941,#9942,3.2300000000000004);
#9944=IFCSHAPEREPRESENTATION(#11,'Body','SweptSolid',(#9943));
#9945=IFCPRODUCTDEFINITIONSHAPE($,$,(#9944));
#9946=IFCCOLUMN('1GM2yOpz5VJAkDU5Rmh5jF',$,'Column Level 13 23','Perimeter column',$,#9953,#9964,$,$);
#9947=IFCMATERIALPROFILESETUSAGE(#285,$,$);
#9948=IFCRELASSOCIATESMATERIAL('2cpDHKgeDGXungwA6g0jOh',$,$,$,(#9946),#9947);
#9949=IFCCARTESIANPOINT((-19.09042877168979,-13.826185280266959,0.));
#9950=IFCDIRECTION((0.,0.,1.));
#9951=IFCDIRECTION((1.,0.,0.));
#9952=IFCAXIS2PLACEMENT3D(#9949,#9950,#9951);
#9953=IFCLOCALPLACEMENT(#169,#9952);
#9954=IFCCARTESIANPOINTLIST2D(((0.,0.),(0.65,0.),(0.65,0.65),(0.,0.65)));
#9955=IFCINDEXEDPOLYCURVE(#9954,(IFCLINEINDEX((1,2,3,4,1))),$);
#9956=IFCARBITRARYCLOSEDPROFILEDEF(.AREA.,$,#9955);
#9957=IFCCARTESIANPOINT((0.,0.,0.));
#9958=IFCDIRECTION((0.,0.,1.));
#9959=IFCDIRECTION((1.,0.,0.));
#9960=IFCAXIS2PLACEMENT3D(#9957,#9958,#9959);
#9961=IFCDIRECTION((0.,0.,1.));
#9962=IFCEXTRUDEDAREASOLID(#9956,#9960,#9961,3.2300000000000004);
#9963=IFCSHAPEREPRESENTATION(#11,'Body','SweptSolid',(#9962));
#9964=IFCPRODUCTDEFINITIONSHAPE($,$,(#9963));
#9965=IFCCOLUMN('02Gf7FXrnGVhnh5r_tjKOG',$,'Column Level 13 24','Perimeter column',$,#9972,#9983,$,$);
#9966=IFCMATERIALPROFILESETUSAGE(#285,$,$);
#9967=IFCRELASSOCIATESMATERIAL('3dQYTd1v9L1PlVXK_feAiu',$,$,$,(#9965),#9966);
#9968=IFCCARTESIANPOINT((-17.216425233962934,-7.959262952255014,0.));
#9969=IFCDIRECTION((0.,0.,1.));
#9970=IFCDIRECTION((1.,0.,0.));
#9971=IFCAXIS2PLACEMENT3D(#9968,#9969,#9970);
#9972=IFCLOCALPLACEMENT(#169,#9971);
#9973=IFCCARTESIANPOINTLIST2D(((0.,0.),(0.65,0.),(0.65,0.65),(0.,0.65)));
#9974=IFCINDEXEDPOLYCURVE(#9973,(IFCLINEINDEX((1,2,3,4,1))),$);
#9975=IFCARBITRARYCLOSEDPROFILEDEF(.AREA.,$,#9974);
#9976=IFCCARTESIANPOINT((0.,0.,0.));
#9977=IFCDIRECTION((0.,0.,1.));
#9978=IFCDIRECTION((1.,0.,0.));
#9979=IFCAXIS2PLACEMENT3D(#9976,#9977,#9978);
#9980=IFCDIRECTION((0.,0.,1.));
#9981=IFCEXTRUDEDAREASOLID(#9975,#9979,#9980,3.2300000000000004);
#9982=IFCSHAPEREPRESENTATION(#11,'Body','SweptSolid',(#9981));
#9983=IFCPRODUCTDEFINITIONSHAPE($,$,(#9982));
#9984=IFCCOLUMN('1LqwaKxdHHhQU2dixBBj6e',$,'Column Level 14 01','Perimeter column',$,#9991,#10002,$,$);
#9985=IFCMATERIALPROFILESETUSAGE(#285,$,$);
#9986=IFCRELASSOCIATESMATERIAL('1_bpgsq_5Nuv0R4tBp5rZ8',$,$,$,(#9984),#9985);
#9987=IFCCARTESIANPOINT((-16.325,-5.043,0.));
#9988=IFCDIRECTION((0.,0.,1.));
#9989=IFCDIRECTION((1.,0.,0.));
#9990=IFCAXIS2PLACEMENT3D(#9987,#9988,#9989);
#9991=IFCLOCALPLACEMENT(#176,#9990);
#9992=IFCCARTESIANPOINTLIST2D(((0.,0.),(0.65,0.),(0.65,0.65),(0.,0.65)));
#9993=IFCINDEXEDPOLYCURVE(#9992,(IFCLINEINDEX((1,2,3,4,1))),$);
#9994=IFCARBITRARYCLOSEDPROFILEDEF(.AREA.,$,#9993);
#9995=IFCCARTESIANPOINT((0.,0.,0.));
#9996=IFCDIRECTION((0.,0.,1.));
#9997=IFCDIRECTION((1.,0.,0.));
#9998=IFCAXIS2PLACEMENT3D(#9995,#9996,#9997);
#9999=IFCDIRECTION((0.,0.,1.));
#10000=IFCEXTRUDEDAREASOLID(#9994,#9998,#9999,3.2300000000000004);
#10001=IFCSHAPEREPRESENTATION(#11,'Body','SweptSolid',(#10000));
#10002=IFCPRODUCTDEFINITIONSHAPE($,$,(#10001));
#10003=IFCCOLUMN('1qaPhvxALIaPK9V9rUn7iM',$,'Column Level 14 02','Perimeter column',$,#10010,#10021,$,$);
#10004=IFCMATERIALPROFILESETUSAGE(#285,$,$);
#10005=IFCRELASSOCIATESMATERIAL('0iMubNTgHSHwAvXJVT80mG',$,$,$,(#10003),#10004);
#10006=IFCCARTESIANPOINT((-25.223888437184467,-3.6977176569416303,0.));
#10007=IFCDIRECTION((0.,0.,1.));
#10008=IFCDIRECTION((1.,0.,0.));
#10009=IFCAXIS2PLACEMENT3D(#10006,#10007,#10008);
#10010=IFCLOCALPLACEMENT(#176,#10009);
#10011=IFCCARTESIANPOINTLIST2D(((0.,0.),(0.65,0.),(0.65,0.65),(0.,0.65)));
#10012=IFCINDEXEDPOLYCURVE(#10011,(IFCLINEINDEX((1,2,3,4,1))),$);
#10013=IFCARBITRARYCLOSEDPROFILEDEF(.AREA.,$,#10012);
#10014=IFCCARTESIANPOINT((0.,0.,0.));
#10015=IFCDIRECTION((0.,0.,1.));
#10016=IFCDIRECTION((1.,0.,0.));
#10017=IFCAXIS2PLACEMENT3D(#10014,#10015,#10016);
#10018=IFCDIRECTION((0.,0.,1.));
#10019=IFCEXTRUDEDAREASOLID(#10013,#10017,#10018,3.2300000000000004);
#10020=IFCSHAPEREPRESENTATION(#11,'Body','SweptSolid',(#10019));
#10021=IFCPRODUCTDEFINITIONSHAPE($,$,(#10020));
#10022=IFCCOLUMN('0Ap0RXsUbJ9BZNE5iZBy8m',$,'Column Level 14 03','Perimeter column',$,#10029,#10040,$,$);
#10023=IFCMATERIALPROFILESETUSAGE(#285,$,$);
#10024=IFCRELASSOCIATESMATERIAL('28qACTB7fQ78qZzOocQLhL',$,$,$,(#10022),#10023);
#10025=IFCCARTESIANPOINT((-34.12277687436894,-2.3524353138832605,0.));
#10026=IFCDIRECTION((0.,0.,1.));
#10027=IFCDIRECTION((1.,0.,0.));
#10028=IFCAXIS2PLACEMENT3D(#10025,#10026,#10027);
#10029=IFCLOCALPLACEMENT(#176,#10028);
#10030=IFCCARTESIANPOINTLIST2D(((0.,0.),(0.65,0.),(0.65,0.65),(0.,0.65)));
#10031=IFCINDEXEDPOLYCURVE(#10030,(IFCLINEINDEX((1,2,3,4,1))),$);
#10032=IFCARBITRARYCLOSEDPROFILEDEF(.AREA.,$,#10031);
#10033=IFCCARTESIANPOINT((0.,0.,0.));
#10034=IFCDIRECTION((0.,0.,1.));
#10035=IFCDIRECTION((1.,0.,0.));
#10036=IFCAXIS2PLACEMENT3D(#10033,#10034,#10035);
#10037=IFCDIRECTION((0.,0.,1.));
#10038=IFCEXTRUDEDAREASOLID(#10032,#10036,#10037,3.2300000000000004);
#10039=IFCSHAPEREPRESENTATION(#11,'Body','SweptSolid',(#10038));
#10040=IFCPRODUCTDEFINITIONSHAPE($,$,(#10039));
#10041=IFCCOLUMN('3137IyIM9VCRrSACwxP8dH',$,'Column Level 14 04','Perimeter column',$,#10048,#10059,$,$);
#10042=IFCMATERIALPROFILESETUSAGE(#285,$,$);
#10043=IFCRELASSOCIATESMATERIAL('3c$bkL9PfJweCyjfAF0Qsw',$,$,$,(#10041),#10042);
#10044=IFCCARTESIANPOINT((-43.0216653115534,-1.00715297082489,0.));
#10045=IFCDIRECTION((0.,0.,1.));
#10046=IFCDIRECTION((1.,0.,0.));
#10047=IFCAXIS2PLACEMENT3D(#10044,#10045,#10046);
#10048=IFCLOCALPLACEMENT(#176,#10047);
#10049=IFCCARTESIANPOINTLIST2D(((0.,0.),(0.65,0.),(0.65,0.65),(0.,0.65)));
#10050=IFCINDEXEDPOLYCURVE(#10049,(IFCLINEINDEX((1,2,3,4,1))),$);
#10051=IFCARBITRARYCLOSEDPROFILEDEF(.AREA.,$,#10050);
#10052=IFCCARTESIANPOINT((0.,0.,0.));
#10053=IFCDIRECTION((0.,0.,1.));
#10054=IFCDIRECTION((1.,0.,0.));
#10055=IFCAXIS2PLACEMENT3D(#10052,#10053,#10054);
#10056=IFCDIRECTION((0.,0.,1.));
#10057=IFCEXTRUDEDAREASOLID(#10051,#10055,#10056,3.2300000000000004);
#10058=IFCSHAPEREPRESENTATION(#11,'Body','SweptSolid',(#10057));
#10059=IFCPRODUCTDEFINITIONSHAPE($,$,(#10058));
#10060=IFCCOLUMN('1K5PtJit5NOwcPemt5UMS5',$,'Column Level 14 05','Perimeter column',$,#10067,#10078,$,$);
#10061=IFCMATERIALPROFILESETUSAGE(#285,$,$);
#10062=IFCRELASSOCIATESMATERIAL('1vezDvE0TVWeOs_64as0qZ',$,$,$,(#10060),#10061);
#10063=IFCCARTESIANPOINT((-47.56342943035843,-5.455959084970251,0.));
#10064=IFCDIRECTION((0.,0.,1.));
#10065=IFCDIRECTION((1.,0.,0.));
#10066=IFCAXIS2PLACEMENT3D(#10063,#10064,#10065);
#10067=IFCLOCALPLACEMENT(#176,#10066);
#10068=IFCCARTESIANPOINTLIST2D(((0.,0.),(0.65,0.),(0.65,0.65),(0.,0.65)));
#10069=IFCINDEXEDPOLYCURVE(#10068,(IFCLINEINDEX((1,2,3,4,1))),$);
#10070=IFCARBITRARYCLOSEDPROFILEDEF(.AREA.,$,#10069);
#10071=IFCCARTESIANPOINT((0.,0.,0.));
#10072=IFCDIRECTION((0.,0.,1.));
#10073=IFCDIRECTION((1.,0.,0.));
#10074=IFCAXIS2PLACEMENT3D(#10071,#10072,#10073);
#10075=IFCDIRECTION((0.,0.,1.));
#10076=IFCEXTRUDEDAREASOLID(#10070,#10074,#10075,3.2300000000000004);
#10077=IFCSHAPEREPRESENTATION(#11,'Body','SweptSolid',(#10076));
#10078=IFCPRODUCTDEFINITIONSHAPE($,$,(#10077));
#10079=IFCCOLUMN('2igLtn2ynQkghaUpCmm$Pl',$,'Column Level 14 06','Perimeter column',$,#10086,#10097,$,$);
#10080=IFCMATERIALPROFILESETUSAGE(#285,$,$);
#10081=IFCRELASSOCIATESMATERIAL('0CtrdWIQ9NBgzTG0nAMBkN',$,$,$,(#10079),#10080);
#10082=IFCCARTESIANPOINT((-48.74089036595587,-14.378603633821337,0.));
#10083=IFCDIRECTION((0.,0.,1.));
#10084=IFCDIRECTION((1.,0.,0.));
#10085=IFCAXIS2PLACEMENT3D(#10082,#10083,#10084);
#10086=IFCLOCALPLACEMENT(#176,#10085);
#10087=IFCCARTESIANPOINTLIST2D(((0.,0.),(0.65,0.),(0.65,0.65),(0.,0.65)));
#10088=IFCINDEXEDPOLYCURVE(#10087,(IFCLINEINDEX((1,2,3,4,1))),$);
#10089=IFCARBITRARYCLOSEDPROFILEDEF(.AREA.,$,#10088);
#10090=IFCCARTESIANPOINT((0.,0.,0.));
#10091=IFCDIRECTION((0.,0.,1.));
#10092=IFCDIRECTION((1.,0.,0.));
#10093=IFCAXIS2PLACEMENT3D(#10090,#10091,#10092);
#10094=IFCDIRECTION((0.,0.,1.));
#10095=IFCEXTRUDEDAREASOLID(#10089,#10093,#10094,3.2300000000000004);
#10096=IFCSHAPEREPRESENTATION(#11,'Body','SweptSolid',(#10095));
#10097=IFCPRODUCTDEFINITIONSHAPE($,$,(#10096));
#10098=IFCCOLUMN('0WDrL8$4jRTwd_y2t6xjSg',$,'Column Level 14 07','Perimeter column',$,#10105,#10116,$,$);
#10099=IFCMATERIALPROFILESETUSAGE(#285,$,$);
#10100=IFCRELASSOCIATESMATERIAL('3OWxg6Ks1SaAOhbVENHuf5',$,$,$,(#10098),#10099);
#10101=IFCCARTESIANPOINT((-49.918351301553315,-23.30124818267242,0.));
#10102=IFCDIRECTION((0.,0.,1.));
#10103=IFCDIRECTION((1.,0.,0.));
#10104=IFCAXIS2PLACEMENT3D(#10101,#10102,#10103);
#10105=IFCLOCALPLACEMENT(#176,#10104);
#10106=IFCCARTESIANPOINTLIST2D(((0.,0.),(0.65,0.),(0.65,0.65),(0.,0.65)));
#10107=IFCINDEXEDPOLYCURVE(#10106,(IFCLINEINDEX((1,2,3,4,1))),$);
#10108=IFCARBITRARYCLOSEDPROFILEDEF(.AREA.,$,#10107);
#10109=IFCCARTESIANPOINT((0.,0.,0.));
#10110=IFCDIRECTION((0.,0.,1.));
#10111=IFCDIRECTION((1.,0.,0.));
#10112=IFCAXIS2PLACEMENT3D(#10109,#10110,#10111);
#10113=IFCDIRECTION((0.,0.,1.));
#10114=IFCEXTRUDEDAREASOLID(#10108,#10112,#10113,3.2300000000000004);
#10115=IFCSHAPEREPRESENTATION(#11,'Body','SweptSolid',(#10114));
#10116=IFCPRODUCTDEFINITIONSHAPE($,$,(#10115));
#10117=IFCCOLUMN('07dm$FGivLrOIuIpAoki2l',$,'Column Level 14 08','Perimeter column',$,#10124,#10135,$,$);
#10118=IFCMATERIALPROFILESETUSAGE(#285,$,$);
#10119=IFCRELASSOCIATESMATERIAL('1Aocu3MQfUMuffJHhju7sQ',$,$,$,(#10117),#10118);
#10120=IFCCARTESIANPOINT((-51.09581223715075,-32.223892731523506,0.));
#10121=IFCDIRECTION((0.,0.,1.));
#10122=IFCDIRECTION((1.,0.,0.));
#10123=IFCAXIS2PLACEMENT3D(#10120,#10121,#10122);
#10124=IFCLOCALPLACEMENT(#176,#10123);
#10125=IFCCARTESIANPOINTLIST2D(((0.,0.),(0.65,0.),(0.65,0.65),(0.,0.65)));
#10126=IFCINDEXEDPOLYCURVE(#10125,(IFCLINEINDEX((1,2,3,4,1))),$);
#10127=IFCARBITRARYCLOSEDPROFILEDEF(.AREA.,$,#10126);
#10128=IFCCARTESIANPOINT((0.,0.,0.));
#10129=IFCDIRECTION((0.,0.,1.));
#10130=IFCDIRECTION((1.,0.,0.));
#10131=IFCAXIS2PLACEMENT3D(#10128,#10129,#10130);
#10132=IFCDIRECTION((0.,0.,1.));
#10133=IFCEXTRUDEDAREASOLID(#10127,#10131,#10132,3.2300000000000004);
#10134=IFCSHAPEREPRESENTATION(#11,'Body','SweptSolid',(#10133));
#10135=IFCPRODUCTDEFINITIONSHAPE($,$,(#10134));
#10136=IFCCOLUMN('0DP2gHxi1Vkh4M4Hxn6mgx',$,'Column Level 14 09','Perimeter column',$,#10143,#10154,$,$);
#10137=IFCMATERIALPROFILESETUSAGE(#285,$,$);
#10138=IFCRELASSOCIATESMATERIAL('1l2ChkG5zVjPiXj_S71p34',$,$,$,(#10136),#10137);
#10139=IFCCARTESIANPOINT((-43.82847013284016,-34.52868505616508,0.));
#10140=IFCDIRECTION((0.,0.,1.));
#10141=IFCDIRECTION((1.,0.,0.));
#10142=IFCAXIS2PLACEMENT3D(#10139,#10140,#10141);
#10143=IFCLOCALPLACEMENT(#176,#10142);
#10144=IFCCARTESIANPOINTLIST2D(((0.,0.),(0.65,0.),(0.65,0.65),(0.,0.65)));
#10145=IFCINDEXEDPOLYCURVE(#10144,(IFCLINEINDEX((1,2,3,4,1))),$);
#10146=IFCARBITRARYCLOSEDPROFILEDEF(.AREA.,$,#10145);
#10147=IFCCARTESIANPOINT((0.,0.,0.));
#10148=IFCDIRECTION((0.,0.,1.));
#10149=IFCDIRECTION((1.,0.,0.));
#10150=IFCAXIS2PLACEMENT3D(#10147,#10148,#10149);
#10151=IFCDIRECTION((0.,0.,1.));
#10152=IFCEXTRUDEDAREASOLID(#10146,#10150,#10151,3.2300000000000004);
#10153=IFCSHAPEREPRESENTATION(#11,'Body','SweptSolid',(#10152));
#10154=IFCPRODUCTDEFINITIONSHAPE($,$,(#10153));
#10155=IFCCOLUMN('3OhRCa5q1H3xu6lSmRh2rG',$,'Column Level 14 10','Perimeter column',$,#10162,#10173,$,$);
#10156=IFCMATERIALPROFILESETUSAGE(#285,$,$);
#10157=IFCRELASSOCIATESMATERIAL('1BT1me4sLG5wswOv94GZcy',$,$,$,(#10155),#10156);
#10158=IFCCARTESIANPOINT((-34.88305897524313,-35.51844220897515,0.));
#10159=IFCDIRECTION((0.,0.,1.));
#10160=IFCDIRECTION((1.,0.,0.));
#10161=IFCAXIS2PLACEMENT3D(#10158,#10159,#10160);
#10162=IFCLOCALPLACEMENT(#176,#10161);
#10163=IFCCARTESIANPOINTLIST2D(((0.,0.),(0.65,0.),(0.65,0.65),(0.,0.65)));
#10164=IFCINDEXEDPOLYCURVE(#10163,(IFCLINEINDEX((1,2,3,4,1))),$);
#10165=IFCARBITRARYCLOSEDPROFILEDEF(.AREA.,$,#10164);
#10166=IFCCARTESIANPOINT((0.,0.,0.));
#10167=IFCDIRECTION((0.,0.,1.));
#10168=IFCDIRECTION((1.,0.,0.));
#10169=IFCAXIS2PLACEMENT3D(#10166,#10167,#10168);
#10170=IFCDIRECTION((0.,0.,1.));
#10171=IFCEXTRUDEDAREASOLID(#10165,#10169,#10170,3.2300000000000004);
#10172=IFCSHAPEREPRESENTATION(#11,'Body','SweptSolid',(#10171));
#10173=IFCPRODUCTDEFINITIONSHAPE($,$,(#10172));
#10174=IFCCOLUMN('0pa6n5eLDV1vjXi0F_kZUn',$,'Column Level 14 11','Perimeter column',$,#10181,#10192,$,$);
#10175=IFCMATERIALPROFILESETUSAGE(#285,$,$);
#10176=IFCRELASSOCIATESMATERIAL('0pMaKjzU1N4P_LKHwfHPbm',$,$,$,(#10174),#10175);
#10177=IFCCARTESIANPOINT((-25.937647817646113,-36.50819936178522,0.));
#10178=IFCDIRECTION((0.,0.,1.));
#10179=IFCDIRECTION((1.,0.,0.));
#10180=IFCAXIS2PLACEMENT3D(#10177,#10178,#10179);
#10181=IFCLOCALPLACEMENT(#176,#10180);
#10182=IFCCARTESIANPOINTLIST2D(((0.,0.),(0.65,0.),(0.65,0.65),(0.,0.65)));
#10183=IFCINDEXEDPOLYCURVE(#10182,(IFCLINEINDEX((1,2,3,4,1))),$);
#10184=IFCARBITRARYCLOSEDPROFILEDEF(.AREA.,$,#10183);
#10185=IFCCARTESIANPOINT((0.,0.,0.));
#10186=IFCDIRECTION((0.,0.,1.));
#10187=IFCDIRECTION((1.,0.,0.));
#10188=IFCAXIS2PLACEMENT3D(#10185,#10186,#10187);
#10189=IFCDIRECTION((0.,0.,1.));
#10190=IFCEXTRUDEDAREASOLID(#10184,#10188,#10189,3.2300000000000004);
#10191=IFCSHAPEREPRESENTATION(#11,'Body','SweptSolid',(#10190));
#10192=IFCPRODUCTDEFINITIONSHAPE($,$,(#10191));
#10193=IFCCOLUMN('1qpj6pMOXLdAkIQTY9cdw1',$,'Column Level 14 12','Perimeter column',$,#10200,#10211,$,$);
#10194=IFCMATERIALPROFILESETUSAGE(#285,$,$);
#10195=IFCRELASSOCIATESMATERIAL('05$C56eofReOWEclIJ6yD5',$,$,$,(#10193),#10194);
#10196=IFCCARTESIANPOINT((-19.971385721302152,-33.52575915869026,0.));
#10197=IFCDIRECTION((0.,0.,1.));
#10198=IFCDIRECTION((1.,0.,0.));
#10199=IFCAXIS2PLACEMENT3D(#10196,#10197,#10198);
#10200=IFCLOCALPLACEMENT(#176,#10199);
#10201=IFCCARTESIANPOINTLIST2D(((0.,0.),(0.65,0.),(0.65,0.65),(0.,0.65)));
#10202=IFCINDEXEDPOLYCURVE(#10201,(IFCLINEINDEX((1,2,3,4,1))),$);
#10203=IFCARBITRARYCLOSEDPROFILEDEF(.AREA.,$,#10202);
#10204=IFCCARTESIANPOINT((0.,0.,0.));
#10205=IFCDIRECTION((0.,0.,1.));
#10206=IFCDIRECTION((1.,0.,0.));
#10207=IFCAXIS2PLACEMENT3D(#10204,#10205,#10206);
#10208=IFCDIRECTION((0.,0.,1.));
#10209=IFCEXTRUDEDAREASOLID(#10203,#10207,#10208,3.2300000000000004);
#10210=IFCSHAPEREPRESENTATION(#11,'Body','SweptSolid',(#10209));
#10211=IFCPRODUCTDEFINITIONSHAPE($,$,(#10210));
#10212=IFCCOLUMN('2jHknXgkzRHxUcTciGp5x7',$,'Column Level 14 13','Perimeter column',$,#10219,#10230,$,$);
#10213=IFCMATERIALPROFILESETUSAGE(#285,$,$);
#10214=IFCRELASSOCIATESMATERIAL('2dt0zhM5TToPAibkRidT_B',$,$,$,(#10212),#10213);
#10215=IFCCARTESIANPOINT((-19.03993907171215,-29.5117555047893,0.));
#10216=IFCDIRECTION((0.,0.,1.));
#10217=IFCDIRECTION((1.,0.,0.));
#10218=IFCAXIS2PLACEMENT3D(#10215,#10216,#10217);
#10219=IFCLOCALPLACEMENT(#176,#10218);
#10220=IFCCARTESIANPOINTLIST2D(((0.,0.),(0.65,0.),(0.65,0.65),(0.,0.65)));
#10221=IFCINDEXEDPOLYCURVE(#10220,(IFCLINEINDEX((1,2,3,4,1))),$);
#10222=IFCARBITRARYCLOSEDPROFILEDEF(.AREA.,$,#10221);
#10223=IFCCARTESIANPOINT((0.,0.,0.));
#10224=IFCDIRECTION((0.,0.,1.));
#10225=IFCDIRECTION((1.,0.,0.));
#10226=IFCAXIS2PLACEMENT3D(#10223,#10224,#10225);
#10227=IFCDIRECTION((0.,0.,1.));
#10228=IFCEXTRUDEDAREASOLID(#10222,#10226,#10227,3.2300000000000004);
#10229=IFCSHAPEREPRESENTATION(#11,'Body','SweptSolid',(#10228));
#10230=IFCPRODUCTDEFINITIONSHAPE($,$,(#10229));
#10231=IFCCOLUMN('2Iuhcj889MMPKfeOZIOjAM',$,'Column Level 14 14','Perimeter column',$,#10238,#10249,$,$);
#10232=IFCMATERIALPROFILESETUSAGE(#285,$,$);
#10233=IFCRELASSOCIATESMATERIAL('3FMn7tLgvIhBilKsy95tgw',$,$,$,(#10231),#10232);
#10234=IFCCARTESIANPOINT((-10.30611536178101,-31.657899313342295,0.));
#10235=IFCDIRECTION((0.,0.,1.));
#10236=IFCDIRECTION((1.,0.,0.));
#10237=IFCAXIS2PLACEMENT3D(#10234,#10235,#10236);
#10238=IFCLOCALPLACEMENT(#176,#10237);
#10239=IFCCARTESIANPOINTLIST2D(((0.,0.),(0.65,0.),(0.65,0.65),(0.,0.65)));
#10240=IFCINDEXEDPOLYCURVE(#10239,(IFCLINEINDEX((1,2,3,4,1))),$);
#10241=IFCARBITRARYCLOSEDPROFILEDEF(.AREA.,$,#10240);
#10242=IFCCARTESIANPOINT((0.,0.,0.));
#10243=IFCDIRECTION((0.,0.,1.));
#10244=IFCDIRECTION((1.,0.,0.));
#10245=IFCAXIS2PLACEMENT3D(#10242,#10243,#10244);
#10246=IFCDIRECTION((0.,0.,1.));
#10247=IFCEXTRUDEDAREASOLID(#10241,#10245,#10246,3.2300000000000004);
#10248=IFCSHAPEREPRESENTATION(#11,'Body','SweptSolid',(#10247));
#10249=IFCPRODUCTDEFINITIONSHAPE($,$,(#10248));
#10250=IFCCOLUMN('13hR1BpJzSluFurY1KSH3H',$,'Column Level 14 15','Perimeter column',$,#10257,#10268,$,$);
#10251=IFCMATERIALPROFILESETUSAGE(#285,$,$);
#10252=IFCRELASSOCIATESMATERIAL('3dpbv1zsrUZB7XBxpCRxIz',$,$,$,(#10250),#10251);
#10253=IFCCARTESIANPOINT((-1.4172228901949973,-32.94476894183207,0.));
#10254=IFCDIRECTION((0.,0.,1.));
#10255=IFCDIRECTION((1.,0.,0.));
#10256=IFCAXIS2PLACEMENT3D(#10253,#10254,#10255);
#10257=IFCLOCALPLACEMENT(#176,#10256);
#10258=IFCCARTESIANPOINTLIST2D(((0.,0.),(0.65,0.),(0.65,0.65),(0.,0.65)));
#10259=IFCINDEXEDPOLYCURVE(#10258,(IFCLINEINDEX((1,2,3,4,1))),$);
#10260=IFCARBITRARYCLOSEDPROFILEDEF(.AREA.,$,#10259);
#10261=IFCCARTESIANPOINT((0.,0.,0.));
#10262=IFCDIRECTION((0.,0.,1.));
#10263=IFCDIRECTION((1.,0.,0.));
#10264=IFCAXIS2PLACEMENT3D(#10261,#10262,#10263);
#10265=IFCDIRECTION((0.,0.,1.));
#10266=IFCEXTRUDEDAREASOLID(#10260,#10264,#10265,3.2300000000000004);
#10267=IFCSHAPEREPRESENTATION(#11,'Body','SweptSolid',(#10266));
#10268=IFCPRODUCTDEFINITIONSHAPE($,$,(#10267));
#10269=IFCCOLUMN('1cAJWnnljKy8oBHr2WMaV8',$,'Column Level 14 16','Perimeter column',$,#10276,#10287,$,$);
#10270=IFCMATERIALPROFILESETUSAGE(#285,$,$);
#10271=IFCRELASSOCIATESMATERIAL('2v8APejRXTqhnBZOUgZxfZ',$,$,$,(#10269),#10270);
#10272=IFCCARTESIANPOINT((7.55165901255074,-33.27853939104356,0.));
#10273=IFCDIRECTION((0.,0.,1.));
#10274=IFCDIRECTION((1.,0.,0.));
#10275=IFCAXIS2PLACEMENT3D(#10272,#10273,#10274);
#10276=IFCLOCALPLACEMENT(#176,#10275);
#10277=IFCCARTESIANPOINTLIST2D(((0.,0.),(0.65,0.),(0.65,0.65),(0.,0.65)));
#10278=IFCINDEXEDPOLYCURVE(#10277,(IFCLINEINDEX((1,2,3,4,1))),$);
#10279=IFCARBITRARYCLOSEDPROFILEDEF(.AREA.,$,#10278);
#10280=IFCCARTESIANPOINT((0.,0.,0.));
#10281=IFCDIRECTION((0.,0.,1.));
#10282=IFCDIRECTION((1.,0.,0.));
#10283=IFCAXIS2PLACEMENT3D(#10280,#10281,#10282);
#10284=IFCDIRECTION((0.,0.,1.));
#10285=IFCEXTRUDEDAREASOLID(#10279,#10283,#10284,3.2300000000000004);
#10286=IFCSHAPEREPRESENTATION(#11,'Body','SweptSolid',(#10285));
#10287=IFCPRODUCTDEFINITIONSHAPE($,$,(#10286));
#10288=IFCCOLUMN('1shSFEEk1JoeDrH0eoBN$Y',$,'Column Level 14 17','Perimeter column',$,#10295,#10306,$,$);
#10289=IFCMATERIALPROFILESETUSAGE(#285,$,$);
#10290=IFCRELASSOCIATESMATERIAL('3jdzUEHGHIlPXz5zXB6IOb',$,$,$,(#10288),#10289);
#10291=IFCCARTESIANPOINT((14.660897902332216,-31.067985266856564,0.));
#10292=IFCDIRECTION((0.,0.,1.));
#10293=IFCDIRECTION((1.,0.,0.));
#10294=IFCAXIS2PLACEMENT3D(#10291,#10292,#10293);
#10295=IFCLOCALPLACEMENT(#176,#10294);
#10296=IFCCARTESIANPOINTLIST2D(((0.,0.),(0.65,0.),(0.65,0.65),(0.,0.65)));
#10297=IFCINDEXEDPOLYCURVE(#10296,(IFCLINEINDEX((1,2,3,4,1))),$);
#10298=IFCARBITRARYCLOSEDPROFILEDEF(.AREA.,$,#10297);
#10299=IFCCARTESIANPOINT((0.,0.,0.));
#10300=IFCDIRECTION((0.,0.,1.));
#10301=IFCDIRECTION((1.,0.,0.));
#10302=IFCAXIS2PLACEMENT3D(#10299,#10300,#10301);
#10303=IFCDIRECTION((0.,0.,1.));
#10304=IFCEXTRUDEDAREASOLID(#10298,#10302,#10303,3.2300000000000004);
#10305=IFCSHAPEREPRESENTATION(#11,'Body','SweptSolid',(#10304));
#10306=IFCPRODUCTDEFINITIONSHAPE($,$,(#10305));
#10307=IFCCOLUMN('0jALMfKFXUPARHRJv4HvOk',$,'Column Level 14 18','Perimeter column',$,#10314,#10325,$,$);
#10308=IFCMATERIALPROFILESETUSAGE(#285,$,$);
#10309=IFCRELASSOCIATESMATERIAL('3K6JFC2tPPTg1JwMyF0S9R',$,$,$,(#10307),#10308);
#10310=IFCCARTESIANPOINT((14.442244309465288,-25.344747902873902,0.));
#10311=IFCDIRECTION((0.,0.,1.));
#10312=IFCDIRECTION((1.,0.,0.));
#10313=IFCAXIS2PLACEMENT3D(#10310,#10311,#10312);
#10314=IFCLOCALPLACEMENT(#176,#10313);
#10315=IFCCARTESIANPOINTLIST2D(((0.,0.),(0.65,0.),(0.65,0.65),(0.,0.65)));
#10316=IFCINDEXEDPOLYCURVE(#10315,(IFCLINEINDEX((1,2,3,4,1))),$);
#10317=IFCARBITRARYCLOSEDPROFILEDEF(.AREA.,$,#10316);
#10318=IFCCARTESIANPOINT((0.,0.,0.));
#10319=IFCDIRECTION((0.,0.,1.));
#10320=IFCDIRECTION((1.,0.,0.));
#10321=IFCAXIS2PLACEMENT3D(#10318,#10319,#10320);
#10322=IFCDIRECTION((0.,0.,1.));
#10323=IFCEXTRUDEDAREASOLID(#10317,#10321,#10322,3.2300000000000004);
#10324=IFCSHAPEREPRESENTATION(#11,'Body','SweptSolid',(#10323));
#10325=IFCPRODUCTDEFINITIONSHAPE($,$,(#10324));
#10326=IFCCOLUMN('0v8M49AgfOduBXKE_VzqJW',$,'Column Level 14 19','Perimeter column',$,#10333,#10344,$,$);
#10327=IFCMATERIALPROFILESETUSAGE(#285,$,$);
#10328=IFCRELASSOCIATESMATERIAL('1m$nApYCLIFBgLdj18E9PL',$,$,$,(#10326),#10327);
#10329=IFCCARTESIANPOINT((13.251198503257928,-19.203053022290828,0.));
#10330=IFCDIRECTION((0.,0.,1.));
#10331=IFCDIRECTION((1.,0.,0.));
#10332=IFCAXIS2PLACEMENT3D(#10329,#10330,#10331);
#10333=IFCLOCALPLACEMENT(#176,#10332);
#10334=IFCCARTESIANPOINTLIST2D(((0.,0.),(0.65,0.),(0.65,0.65),(0.,0.65)));
#10335=IFCINDEXEDPOLYCURVE(#10334,(IFCLINEINDEX((1,2,3,4,1))),$);
#10336=IFCARBITRARYCLOSEDPROFILEDEF(.AREA.,$,#10335);
#10337=IFCCARTESIANPOINT((0.,0.,0.));
#10338=IFCDIRECTION((0.,0.,1.));
#10339=IFCDIRECTION((1.,0.,0.));
#10340=IFCAXIS2PLACEMENT3D(#10337,#10338,#10339);
#10341=IFCDIRECTION((0.,0.,1.));
#10342=IFCEXTRUDEDAREASOLID(#10336,#10340,#10341,3.2300000000000004);
#10343=IFCSHAPEREPRESENTATION(#11,'Body','SweptSolid',(#10342));
#10344=IFCPRODUCTDEFINITIONSHAPE($,$,(#10343));
#10345=IFCCOLUMN('23WIvUpBXN690Z$iHS8UXh',$,'Column Level 14 20','Perimeter column',$,#10352,#10363,$,$);
#10346=IFCMATERIALPROFILESETUSAGE(#285,$,$);
#10347=IFCRELASSOCIATESMATERIAL('2oWtIfi3DGGRIj_5FPnx8J',$,$,$,(#10345),#10346);
#10348=IFCCARTESIANPOINT((4.732146412472391,-16.388621598194856,0.));
#10349=IFCDIRECTION((0.,0.,1.));
#10350=IFCDIRECTION((1.,0.,0.));
#10351=IFCAXIS2PLACEMENT3D(#10348,#10349,#10350);
#10352=IFCLOCALPLACEMENT(#176,#10351);
#10353=IFCCARTESIANPOINTLIST2D(((0.,0.),(0.65,0.),(0.65,0.65),(0.,0.65)));
#10354=IFCINDEXEDPOLYCURVE(#10353,(IFCLINEINDEX((1,2,3,4,1))),$);
#10355=IFCARBITRARYCLOSEDPROFILEDEF(.AREA.,$,#10354);
#10356=IFCCARTESIANPOINT((0.,0.,0.));
#10357=IFCDIRECTION((0.,0.,1.));
#10358=IFCDIRECTION((1.,0.,0.));
#10359=IFCAXIS2PLACEMENT3D(#10356,#10357,#10358);
#10360=IFCDIRECTION((0.,0.,1.));
#10361=IFCEXTRUDEDAREASOLID(#10355,#10359,#10360,3.2300000000000004);
#10362=IFCSHAPEREPRESENTATION(#11,'Body','SweptSolid',(#10361));
#10363=IFCPRODUCTDEFINITIONSHAPE($,$,(#10362));
#10364=IFCCOLUMN('2qL07Xm71VFPliWlMTMEL2',$,'Column Level 14 21','Perimeter column',$,#10371,#10382,$,$);
#10365=IFCMATERIALPROFILESETUSAGE(#285,$,$);
#10366=IFCRELASSOCIATESMATERIAL('1l_ZA74ezGzw0ubfmrB34Q',$,$,$,(#10364),#10365);
#10367=IFCCARTESIANPOINT((-4.057082795379216,-14.530938663600159,0.));
#10368=IFCDIRECTION((0.,0.,1.));
#10369=IFCDIRECTION((1.,0.,0.));
#10370=IFCAXIS2PLACEMENT3D(#10367,#10368,#10369);
#10371=IFCLOCALPLACEMENT(#176,#10370);
#10372=IFCCARTESIANPOINTLIST2D(((0.,0.),(0.65,0.),(0.65,0.65),(0.,0.65)));
#10373=IFCINDEXEDPOLYCURVE(#10372,(IFCLINEINDEX((1,2,3,4,1))),$);
#10374=IFCARBITRARYCLOSEDPROFILEDEF(.AREA.,$,#10373);
#10375=IFCCARTESIANPOINT((0.,0.,0.));
#10376=IFCDIRECTION((0.,0.,1.));
#10377=IFCDIRECTION((1.,0.,0.));
#10378=IFCAXIS2PLACEMENT3D(#10375,#10376,#10377);
#10379=IFCDIRECTION((0.,0.,1.));
#10380=IFCEXTRUDEDAREASOLID(#10374,#10378,#10379,3.2300000000000004);
#10381=IFCSHAPEREPRESENTATION(#11,'Body','SweptSolid',(#10380));
#10382=IFCPRODUCTDEFINITIONSHAPE($,$,(#10381));
#10383=IFCCOLUMN('3bv_Iy3sHQBvXOrn3vOpN8',$,'Column Level 14 22','Perimeter column',$,#10390,#10401,$,$);
#10384=IFCMATERIALPROFILESETUSAGE(#285,$,$);
#10385=IFCRELASSOCIATESMATERIAL('11En1gocfPxBrjsOBg$bcf',$,$,$,(#10383),#10384);
#10386=IFCCARTESIANPOINT((-13.012079689134689,-13.660589525443708,0.));
#10387=IFCDIRECTION((0.,0.,1.));
#10388=IFCDIRECTION((1.,0.,0.));
#10389=IFCAXIS2PLACEMENT3D(#10386,#10387,#10388);
#10390=IFCLOCALPLACEMENT(#176,#10389);
#10391=IFCCARTESIANPOINTLIST2D(((0.,0.),(0.65,0.),(0.65,0.65),(0.,0.65)));
#10392=IFCINDEXEDPOLYCURVE(#10391,(IFCLINEINDEX((1,2,3,4,1))),$);
#10393=IFCARBITRARYCLOSEDPROFILEDEF(.AREA.,$,#10392);
#10394=IFCCARTESIANPOINT((0.,0.,0.));
#10395=IFCDIRECTION((0.,0.,1.));
#10396=IFCDIRECTION((1.,0.,0.));
#10397=IFCAXIS2PLACEMENT3D(#10394,#10395,#10396);
#10398=IFCDIRECTION((0.,0.,1.));
#10399=IFCEXTRUDEDAREASOLID(#10393,#10397,#10398,3.2300000000000004);
#10400=IFCSHAPEREPRESENTATION(#11,'Body','SweptSolid',(#10399));
#10401=IFCPRODUCTDEFINITIONSHAPE($,$,(#10400));
#10402=IFCCOLUMN('0F$kSUPubU2eqwiQr5IiNF',$,'Column Level 14 23','Perimeter column',$,#10409,#10420,$,$);
#10403=IFCMATERIALPROFILESETUSAGE(#285,$,$);
#10404=IFCRELASSOCIATESMATERIAL('1amo_BnrTG8QBi3RkUPuuO',$,$,$,(#10402),#10403);
#10405=IFCCARTESIANPOINT((-17.866826913529056,-12.258492282994693,0.));
#10406=IFCDIRECTION((0.,0.,1.));
#10407=IFCDIRECTION((1.,0.,0.));
#10408=IFCAXIS2PLACEMENT3D(#10405,#10406,#10407);
#10409=IFCLOCALPLACEMENT(#176,#10408);
#10410=IFCCARTESIANPOINTLIST2D(((0.,0.),(0.65,0.),(0.65,0.65),(0.,0.65)));
#10411=IFCINDEXEDPOLYCURVE(#10410,(IFCLINEINDEX((1,2,3,4,1))),$);
#10412=IFCARBITRARYCLOSEDPROFILEDEF(.AREA.,$,#10411);
#10413=IFCCARTESIANPOINT((0.,0.,0.));
#10414=IFCDIRECTION((0.,0.,1.));
#10415=IFCDIRECTION((1.,0.,0.));
#10416=IFCAXIS2PLACEMENT3D(#10413,#10414,#10415);
#10417=IFCDIRECTION((0.,0.,1.));
#10418=IFCEXTRUDEDAREASOLID(#10412,#10416,#10417,3.2300000000000004);
#10419=IFCSHAPEREPRESENTATION(#11,'Body','SweptSolid',(#10418));
#10420=IFCPRODUCTDEFINITIONSHAPE($,$,(#10419));
#10421=IFCCOLUMN('3wDVbibffOeRw5_$byyx9I',$,'Column Level 15 01','Perimeter column',$,#10428,#10439,$,$);
#10422=IFCMATERIALPROFILESETUSAGE(#285,$,$);
#10423=IFCRELASSOCIATESMATERIAL('03khc2JkjRUg7K9JnFT1kw',$,$,$,(#10421),#10422);
#10424=IFCCARTESIANPOINT((-15.693,-4.968,0.));
#10425=IFCDIRECTION((0.,0.,1.));
#10426=IFCDIRECTION((1.,0.,0.));
#10427=IFCAXIS2PLACEMENT3D(#10424,#10425,#10426);
#10428=IFCLOCALPLACEMENT(#183,#10427);
#10429=IFCCARTESIANPOINTLIST2D(((0.,0.),(0.65,0.),(0.65,0.65),(0.,0.65)));
#10430=IFCINDEXEDPOLYCURVE(#10429,(IFCLINEINDEX((1,2,3,4,1))),$);
#10431=IFCARBITRARYCLOSEDPROFILEDEF(.AREA.,$,#10430);
#10432=IFCCARTESIANPOINT((0.,0.,0.));
#10433=IFCDIRECTION((0.,0.,1.));
#10434=IFCDIRECTION((1.,0.,0.));
#10435=IFCAXIS2PLACEMENT3D(#10432,#10433,#10434);
#10436=IFCDIRECTION((0.,0.,1.));
#10437=IFCEXTRUDEDAREASOLID(#10431,#10435,#10436,3.2300000000000004);
#10438=IFCSHAPEREPRESENTATION(#11,'Body','SweptSolid',(#10437));
#10439=IFCPRODUCTDEFINITIONSHAPE($,$,(#10438));
#10440=IFCCOLUMN('3kVV4nb0vICv_m$QSRvC$h',$,'Column Level 15 02','Perimeter column',$,#10447,#10458,$,$);
#10441=IFCMATERIALPROFILESETUSAGE(#285,$,$);
#10442=IFCRELASSOCIATESMATERIAL('1peUSQ3qzLfhECwf5sEqnp',$,$,$,(#10440),#10441);
#10443=IFCCARTESIANPOINT((-24.591391610488845,-3.6194353013734366,0.));
#10444=IFCDIRECTION((0.,0.,1.));
#10445=IFCDIRECTION((1.,0.,0.));
#10446=IFCAXIS2PLACEMENT3D(#10443,#10444,#10445);
#10447=IFCLOCALPLACEMENT(#183,#10446);
#10448=IFCCARTESIANPOINTLIST2D(((0.,0.),(0.65,0.),(0.65,0.65),(0.,0.65)));
#10449=IFCINDEXEDPOLYCURVE(#10448,(IFCLINEINDEX((1,2,3,4,1))),$);
#10450=IFCARBITRARYCLOSEDPROFILEDEF(.AREA.,$,#10449);
#10451=IFCCARTESIANPOINT((0.,0.,0.));
#10452=IFCDIRECTION((0.,0.,1.));
#10453=IFCDIRECTION((1.,0.,0.));
#10454=IFCAXIS2PLACEMENT3D(#10451,#10452,#10453);
#10455=IFCDIRECTION((0.,0.,1.));
#10456=IFCEXTRUDEDAREASOLID(#10450,#10454,#10455,3.2300000000000004);
#10457=IFCSHAPEREPRESENTATION(#11,'Body','SweptSolid',(#10456));
#10458=IFCPRODUCTDEFINITIONSHAPE($,$,(#10457));
#10459=IFCCOLUMN('0oFZzUK0bKRPv5v6slrxE8',$,'Column Level 15 03','Perimeter column',$,#10466,#10477,$,$);
#10460=IFCMATERIALPROFILESETUSAGE(#285,$,$);
#10461=IFCRELASSOCIATESMATERIAL('1gmOSwJhzJRu$IPvb45ztj',$,$,$,(#10459),#10460);
#10462=IFCCARTESIANPOINT((-33.48978322097769,-2.2708706027468737,0.));
#10463=IFCDIRECTION((0.,0.,1.));
#10464=IFCDIRECTION((1.,0.,0.));
#10465=IFCAXIS2PLACEMENT3D(#10462,#10463,#10464);
#10466=IFCLOCALPLACEMENT(#183,#10465);
#10467=IFCCARTESIANPOINTLIST2D(((0.,0.),(0.65,0.),(0.65,0.65),(0.,0.65)));
#10468=IFCINDEXEDPOLYCURVE(#10467,(IFCLINEINDEX((1,2,3,4,1))),$);
#10469=IFCARBITRARYCLOSEDPROFILEDEF(.AREA.,$,#10468);
#10470=IFCCARTESIANPOINT((0.,0.,0.));
#10471=IFCDIRECTION((0.,0.,1.));
#10472=IFCDIRECTION((1.,0.,0.));
#10473=IFCAXIS2PLACEMENT3D(#10470,#10471,#10472);
#10474=IFCDIRECTION((0.,0.,1.));
#10475=IFCEXTRUDEDAREASOLID(#10469,#10473,#10474,3.2300000000000004);
#10476=IFCSHAPEREPRESENTATION(#11,'Body','SweptSolid',(#10475));
#10477=IFCPRODUCTDEFINITIONSHAPE($,$,(#10476));
#10478=IFCCOLUMN('335qnrQ45JH8j0hgqAqgIn',$,'Column Level 15 04','Perimeter column',$,#10485,#10496,$,$);
#10479=IFCMATERIALPROFILESETUSAGE(#285,$,$);
#10480=IFCRELASSOCIATESMATERIAL('0rDD2wKXfTber9$OD5PiOC',$,$,$,(#10478),#10479);
#10481=IFCCARTESIANPOINT((-42.388174831466536,-0.9223059041203105,0.));
#10482=IFCDIRECTION((0.,0.,1.));
#10483=IFCDIRECTION((1.,0.,0.));
#10484=IFCAXIS2PLACEMENT3D(#10481,#10482,#10483);
#10485=IFCLOCALPLACEMENT(#183,#10484);
#10486=IFCCARTESIANPOINTLIST2D(((0.,0.),(0.65,0.),(0.65,0.65),(0.,0.65)));
#10487=IFCINDEXEDPOLYCURVE(#10486,(IFCLINEINDEX((1,2,3,4,1))),$);
#10488=IFCARBITRARYCLOSEDPROFILEDEF(.AREA.,$,#10487);
#10489=IFCCARTESIANPOINT((0.,0.,0.));
#10490=IFCDIRECTION((0.,0.,1.));
#10491=IFCDIRECTION((1.,0.,0.));
#10492=IFCAXIS2PLACEMENT3D(#10489,#10490,#10491);
#10493=IFCDIRECTION((0.,0.,1.));
#10494=IFCEXTRUDEDAREASOLID(#10488,#10492,#10493,3.2300000000000004);
#10495=IFCSHAPEREPRESENTATION(#11,'Body','SweptSolid',(#10494));
#10496=IFCPRODUCTDEFINITIONSHAPE($,$,(#10495));
#10497=IFCCOLUMN('1jwyoCmavUeAsNbNArUqWP',$,'Column Level 15 05','Perimeter column',$,#10504,#10515,$,$);
#10498=IFCMATERIALPROFILESETUSAGE(#285,$,$);
#10499=IFCRELASSOCIATESMATERIAL('1irN9owDXImhP0eoUjKqRz',$,$,$,(#10497),#10498);
#10500=IFCCARTESIANPOINT((-46.43569395930239,-6.026812470405818,0.));
#10501=IFCDIRECTION((0.,0.,1.));
#10502=IFCDIRECTION((1.,0.,0.));
#10503=IFCAXIS2PLACEMENT3D(#10500,#10501,#10502);
#10504=IFCLOCALPLACEMENT(#183,#10503);
#10505=IFCCARTESIANPOINTLIST2D(((0.,0.),(0.65,0.),(0.65,0.65),(0.,0.65)));
#10506=IFCINDEXEDPOLYCURVE(#10505,(IFCLINEINDEX((1,2,3,4,1))),$);
#10507=IFCARBITRARYCLOSEDPROFILEDEF(.AREA.,$,#10506);
#10508=IFCCARTESIANPOINT((0.,0.,0.));
#10509=IFCDIRECTION((0.,0.,1.));
#10510=IFCDIRECTION((1.,0.,0.));
#10511=IFCAXIS2PLACEMENT3D(#10508,#10509,#10510);
#10512=IFCDIRECTION((0.,0.,1.));
#10513=IFCEXTRUDEDAREASOLID(#10507,#10511,#10512,3.2300000000000004);
#10514=IFCSHAPEREPRESENTATION(#11,'Body','SweptSolid',(#10513));
#10515=IFCPRODUCTDEFINITIONSHAPE($,$,(#10514));
#10516=IFCCOLUMN('0EVGgXH6HVJfUzyll2JIgd',$,'Column Level 15 06','Perimeter column',$,#10523,#10534,$,$);
#10517=IFCMATERIALPROFILESETUSAGE(#285,$,$);
#10518=IFCRELASSOCIATESMATERIAL('0BAvn1CdrQIekDeZz$$oOR',$,$,$,(#10516),#10517);
#10519=IFCCARTESIANPOINT((-47.61304988380929,-14.9494708762302,0.));
#10520=IFCDIRECTION((0.,0.,1.));
#10521=IFCDIRECTION((1.,0.,0.));
#10522=IFCAXIS2PLACEMENT3D(#10519,#10520,#10521);
#10523=IFCLOCALPLACEMENT(#183,#10522);
#10524=IFCCARTESIANPOINTLIST2D(((0.,0.),(0.65,0.),(0.65,0.65),(0.,0.65)));
#10525=IFCINDEXEDPOLYCURVE(#10524,(IFCLINEINDEX((1,2,3,4,1))),$);
#10526=IFCARBITRARYCLOSEDPROFILEDEF(.AREA.,$,#10525);
#10527=IFCCARTESIANPOINT((0.,0.,0.));
#10528=IFCDIRECTION((0.,0.,1.));
#10529=IFCDIRECTION((1.,0.,0.));
#10530=IFCAXIS2PLACEMENT3D(#10527,#10528,#10529);
#10531=IFCDIRECTION((0.,0.,1.));
#10532=IFCEXTRUDEDAREASOLID(#10526,#10530,#10531,3.2300000000000004);
#10533=IFCSHAPEREPRESENTATION(#11,'Body','SweptSolid',(#10532));
#10534=IFCPRODUCTDEFINITIONSHAPE($,$,(#10533));
#10535=IFCCOLUMN('3vE4gzeyLHcfZqewuVDyIF',$,'Column Level 15 07','Perimeter column',$,#10542,#10553,$,$);
#10536=IFCMATERIALPROFILESETUSAGE(#285,$,$);
#10537=IFCRELASSOCIATESMATERIAL('36cmQeW3LIgef5vpaqSQsQ',$,$,$,(#10535),#10536);
#10538=IFCCARTESIANPOINT((-48.79040580831618,-23.87212928205458,0.));
#10539=IFCDIRECTION((0.,0.,1.));
#10540=IFCDIRECTION((1.,0.,0.));
#10541=IFCAXIS2PLACEMENT3D(#10538,#10539,#10540);
#10542=IFCLOCALPLACEMENT(#183,#10541);
#10543=IFCCARTESIANPOINTLIST2D(((0.,0.),(0.65,0.),(0.65,0.65),(0.,0.65)));
#10544=IFCINDEXEDPOLYCURVE(#10543,(IFCLINEINDEX((1,2,3,4,1))),$);
#10545=IFCARBITRARYCLOSEDPROFILEDEF(.AREA.,$,#10544);
#10546=IFCCARTESIANPOINT((0.,0.,0.));
#10547=IFCDIRECTION((0.,0.,1.));
#10548=IFCDIRECTION((1.,0.,0.));
#10549=IFCAXIS2PLACEMENT3D(#10546,#10547,#10548);
#10550=IFCDIRECTION((0.,0.,1.));
#10551=IFCEXTRUDEDAREASOLID(#10545,#10549,#10550,3.2300000000000004);
#10552=IFCSHAPEREPRESENTATION(#11,'Body','SweptSolid',(#10551));
#10553=IFCPRODUCTDEFINITIONSHAPE($,$,(#10552));
#10554=IFCCOLUMN('3Iqp9SqGXI$OgPL1WJpDaW',$,'Column Level 15 08','Perimeter column',$,#10561,#10572,$,$);
#10555=IFCMATERIALPROFILESETUSAGE(#285,$,$);
#10556=IFCRELASSOCIATESMATERIAL('2XR_MiifjObPPHoTYtv92W',$,$,$,(#10554),#10555);
#10557=IFCCARTESIANPOINT((-49.96776173282308,-32.794787687878966,0.));
#10558=IFCDIRECTION((0.,0.,1.));
#10559=IFCDIRECTION((1.,0.,0.));
#10560=IFCAXIS2PLACEMENT3D(#10557,#10558,#10559);
#10561=IFCLOCALPLACEMENT(#183,#10560);
#10562=IFCCARTESIANPOINTLIST2D(((0.,0.),(0.65,0.),(0.65,0.65),(0.,0.65)));
#10563=IFCINDEXEDPOLYCURVE(#10562,(IFCLINEINDEX((1,2,3,4,1))),$);
#10564=IFCARBITRARYCLOSEDPROFILEDEF(.AREA.,$,#10563);
#10565=IFCCARTESIANPOINT((0.,0.,0.));
#10566=IFCDIRECTION((0.,0.,1.));
#10567=IFCDIRECTION((1.,0.,0.));
#10568=IFCAXIS2PLACEMENT3D(#10565,#10566,#10567);
#10569=IFCDIRECTION((0.,0.,1.));
#10570=IFCEXTRUDEDAREASOLID(#10564,#10568,#10569,3.2300000000000004);
#10571=IFCSHAPEREPRESENTATION(#11,'Body','SweptSolid',(#10570));
#10572=IFCPRODUCTDEFINITIONSHAPE($,$,(#10571));
#10573=IFCCOLUMN('1e2qqMejXUehlwdaFn6uWY',$,'Column Level 15 09','Perimeter column',$,#10580,#10591,$,$);
#10574=IFCMATERIALPROFILESETUSAGE(#285,$,$);
#10575=IFCRELASSOCIATESMATERIAL('3bMdaz9rzUtf9M8n5On2KG',$,$,$,(#10573),#10574);
#10576=IFCCARTESIANPOINT((-41.34217768435013,-34.03234627137367,0.));
#10577=IFCDIRECTION((0.,0.,1.));
#10578=IFCDIRECTION((1.,0.,0.));
#10579=IFCAXIS2PLACEMENT3D(#10576,#10577,#10578);
#10580=IFCLOCALPLACEMENT(#183,#10579);
#10581=IFCCARTESIANPOINTLIST2D(((0.,0.),(0.65,0.),(0.65,0.65),(0.,0.65)));
#10582=IFCINDEXEDPOLYCURVE(#10581,(IFCLINEINDEX((1,2,3,4,1))),$);
#10583=IFCARBITRARYCLOSEDPROFILEDEF(.AREA.,$,#10582);
#10584=IFCCARTESIANPOINT((0.,0.,0.));
#10585=IFCDIRECTION((0.,0.,1.));
#10586=IFCDIRECTION((1.,0.,0.));
#10587=IFCAXIS2PLACEMENT3D(#10584,#10585,#10586);
#10588=IFCDIRECTION((0.,0.,1.));
#10589=IFCEXTRUDEDAREASOLID(#10583,#10587,#10588,3.2300000000000004);
#10590=IFCSHAPEREPRESENTATION(#11,'Body','SweptSolid',(#10589));
#10591=IFCPRODUCTDEFINITIONSHAPE($,$,(#10590));
#10592=IFCCOLUMN('07Pl$b8WLHrvJRmDKGoJan',$,'Column Level 15 10','Perimeter column',$,#10599,#10610,$,$);
#10593=IFCMATERIALPROFILESETUSAGE(#285,$,$);
#10594=IFCRELASSOCIATESMATERIAL('1GLOnAconGqe0PG1yE3mIb',$,$,$,(#10592),#10593);
#10595=IFCCARTESIANPOINT((-32.39641220943736,-35.01889584836335,0.));
#10596=IFCDIRECTION((0.,0.,1.));
#10597=IFCDIRECTION((1.,0.,0.));
#10598=IFCAXIS2PLACEMENT3D(#10595,#10596,#10597);
#10599=IFCLOCALPLACEMENT(#183,#10598);
#10600=IFCCARTESIANPOINTLIST2D(((0.,0.),(0.65,0.),(0.65,0.65),(0.,0.65)));
#10601=IFCINDEXEDPOLYCURVE(#10600,(IFCLINEINDEX((1,2,3,4,1))),$);
#10602=IFCARBITRARYCLOSEDPROFILEDEF(.AREA.,$,#10601);
#10603=IFCCARTESIANPOINT((0.,0.,0.));
#10604=IFCDIRECTION((0.,0.,1.));
#10605=IFCDIRECTION((1.,0.,0.));
#10606=IFCAXIS2PLACEMENT3D(#10603,#10604,#10605);
#10607=IFCDIRECTION((0.,0.,1.));
#10608=IFCEXTRUDEDAREASOLID(#10602,#10606,#10607,3.2300000000000004);
#10609=IFCSHAPEREPRESENTATION(#11,'Body','SweptSolid',(#10608));
#10610=IFCPRODUCTDEFINITIONSHAPE($,$,(#10609));
#10611=IFCCOLUMN('2nhizb0LPKaBZVNthjbxEl',$,'Column Level 15 11','Perimeter column',$,#10618,#10629,$,$);
#10612=IFCMATERIALPROFILESETUSAGE(#285,$,$);
#10613=IFCRELASSOCIATESMATERIAL('0Zri9q9OXIpPR_Oxlug_iv',$,$,$,(#10611),#10612);
#10614=IFCCARTESIANPOINT((-23.450646734524568,-36.00544542535303,0.));
#10615=IFCDIRECTION((0.,0.,1.));
#10616=IFCDIRECTION((1.,0.,0.));
#10617=IFCAXIS2PLACEMENT3D(#10614,#10615,#10616);
#10618=IFCLOCALPLACEMENT(#183,#10617);
#10619=IFCCARTESIANPOINTLIST2D(((0.,0.),(0.65,0.),(0.65,0.65),(0.,0.65)));
#10620=IFCINDEXEDPOLYCURVE(#10619,(IFCLINEINDEX((1,2,3,4,1))),$);
#10621=IFCARBITRARYCLOSEDPROFILEDEF(.AREA.,$,#10620);
#10622=IFCCARTESIANPOINT((0.,0.,0.));
#10623=IFCDIRECTION((0.,0.,1.));
#10624=IFCDIRECTION((1.,0.,0.));
#10625=IFCAXIS2PLACEMENT3D(#10622,#10623,#10624);
#10626=IFCDIRECTION((0.,0.,1.));
#10627=IFCEXTRUDEDAREASOLID(#10621,#10625,#10626,3.2300000000000004);
#10628=IFCSHAPEREPRESENTATION(#11,'Body','SweptSolid',(#10627));
#10629=IFCPRODUCTDEFINITIONSHAPE($,$,(#10628));
#10630=IFCCOLUMN('3JJ06LzVPRh9mL7Trq6k_a',$,'Column Level 15 12','Perimeter column',$,#10637,#10648,$,$);
#10631=IFCMATERIALPROFILESETUSAGE(#285,$,$);
#10632=IFCRELASSOCIATESMATERIAL('3o7eLYuqHRteT4S7lS7I3c',$,$,$,(#10630),#10631);
#10633=IFCCARTESIANPOINT((-18.94350175891884,-31.071311000769178,0.));
#10634=IFCDIRECTION((0.,0.,1.));
#10635=IFCDIRECTION((1.,0.,0.));
#10636=IFCAXIS2PLACEMENT3D(#10633,#10634,#10635);
#10637=IFCLOCALPLACEMENT(#183,#10636);
#10638=IFCCARTESIANPOINTLIST2D(((0.,0.),(0.65,0.),(0.65,0.65),(0.,0.65)));
#10639=IFCINDEXEDPOLYCURVE(#10638,(IFCLINEINDEX((1,2,3,4,1))),$);
#10640=IFCARBITRARYCLOSEDPROFILEDEF(.AREA.,$,#10639);
#10641=IFCCARTESIANPOINT((0.,0.,0.));
#10642=IFCDIRECTION((0.,0.,1.));
#10643=IFCDIRECTION((1.,0.,0.));
#10644=IFCAXIS2PLACEMENT3D(#10641,#10642,#10643);
#10645=IFCDIRECTION((0.,0.,1.));
#10646=IFCEXTRUDEDAREASOLID(#10640,#10644,#10645,3.2300000000000004);
#10647=IFCSHAPEREPRESENTATION(#11,'Body','SweptSolid',(#10646));
#10648=IFCPRODUCTDEFINITIONSHAPE($,$,(#10647));
#10649=IFCCOLUMN('3KswDmp45MexwhHn$2yiqJ',$,'Column Level 15 13','Perimeter column',$,#10656,#10667,$,$);
#10650=IFCMATERIALPROFILESETUSAGE(#285,$,$);
#10651=IFCRELASSOCIATESMATERIAL('0biOEMzQDTv9NOUsHlpqiy',$,$,$,(#10649),#10650);
#10652=IFCCARTESIANPOINT((-16.40736253490109,-29.52112826039552,0.));
#10653=IFCDIRECTION((0.,0.,1.));
#10654=IFCDIRECTION((1.,0.,0.));
#10655=IFCAXIS2PLACEMENT3D(#10652,#10653,#10654);
#10656=IFCLOCALPLACEMENT(#183,#10655);
#10657=IFCCARTESIANPOINTLIST2D(((0.,0.),(0.65,0.),(0.65,0.65),(0.,0.65)));
#10658=IFCINDEXEDPOLYCURVE(#10657,(IFCLINEINDEX((1,2,3,4,1))),$);
#10659=IFCARBITRARYCLOSEDPROFILEDEF(.AREA.,$,#10658);
#10660=IFCCARTESIANPOINT((0.,0.,0.));
#10661=IFCDIRECTION((0.,0.,1.));
#10662=IFCDIRECTION((1.,0.,0.));
#10663=IFCAXIS2PLACEMENT3D(#10660,#10661,#10662);
#10664=IFCDIRECTION((0.,0.,1.));
#10665=IFCEXTRUDEDAREASOLID(#10659,#10663,#10664,3.2300000000000004);
#10666=IFCSHAPEREPRESENTATION(#11,'Body','SweptSolid',(#10665));
#10667=IFCPRODUCTDEFINITIONSHAPE($,$,(#10666));
#10668=IFCCOLUMN('3SGjvZL0bVZBBlOdOfQ6jQ',$,'Column Level 15 14','Perimeter column',$,#10675,#10686,$,$);
#10669=IFCMATERIALPROFILESETUSAGE(#285,$,$);
#10670=IFCRELASSOCIATESMATERIAL('2s49N7hc9R0PE8CPIjb$Fl',$,$,$,(#10668),#10669);
#10671=IFCCARTESIANPOINT((-7.6341109221888,-31.51080668153521,0.));
#10672=IFCDIRECTION((0.,0.,1.));
#10673=IFCDIRECTION((1.,0.,0.));
#10674=IFCAXIS2PLACEMENT3D(#10671,#10672,#10673);
#10675=IFCLOCALPLACEMENT(#183,#10674);
#10676=IFCCARTESIANPOINTLIST2D(((0.,0.),(0.65,0.),(0.65,0.65),(0.,0.65)));
#10677=IFCINDEXEDPOLYCURVE(#10676,(IFCLINEINDEX((1,2,3,4,1))),$);
#10678=IFCARBITRARYCLOSEDPROFILEDEF(.AREA.,$,#10677);
#10679=IFCCARTESIANPOINT((0.,0.,0.));
#10680=IFCDIRECTION((0.,0.,1.));
#10681=IFCDIRECTION((1.,0.,0.));
#10682=IFCAXIS2PLACEMENT3D(#10679,#10680,#10681);
#10683=IFCDIRECTION((0.,0.,1.));
#10684=IFCEXTRUDEDAREASOLID(#10678,#10682,#10683,3.2300000000000004);
#10685=IFCSHAPEREPRESENTATION(#11,'Body','SweptSolid',(#10684));
#10686=IFCPRODUCTDEFINITIONSHAPE($,$,(#10685));
#10687=IFCCOLUMN('1AuTwts6nSewpw27lRzDAG',$,'Column Level 15 15','Perimeter column',$,#10694,#10705,$,$);
#10688=IFCMATERIALPROFILESETUSAGE(#285,$,$);
#10689=IFCRELASSOCIATESMATERIAL('17aqVcSerTFR8d_Sk3wk3Y',$,$,$,(#10687),#10688);
#10690=IFCCARTESIANPOINT((1.2966349252835576,-32.51241495216297,0.));
#10691=IFCDIRECTION((0.,0.,1.));
#10692=IFCDIRECTION((1.,0.,0.));
#10693=IFCAXIS2PLACEMENT3D(#10690,#10691,#10692);
#10694=IFCLOCALPLACEMENT(#183,#10693);
#10695=IFCCARTESIANPOINTLIST2D(((0.,0.),(0.65,0.),(0.65,0.65),(0.,0.65)));
#10696=IFCINDEXEDPOLYCURVE(#10695,(IFCLINEINDEX((1,2,3,4,1))),$);
#10697=IFCARBITRARYCLOSEDPROFILEDEF(.AREA.,$,#10696);
#10698=IFCCARTESIANPOINT((0.,0.,0.));
#10699=IFCDIRECTION((0.,0.,1.));
#10700=IFCDIRECTION((1.,0.,0.));
#10701=IFCAXIS2PLACEMENT3D(#10698,#10699,#10700);
#10702=IFCDIRECTION((0.,0.,1.));
#10703=IFCEXTRUDEDAREASOLID(#10697,#10701,#10702,3.2300000000000004);
#10704=IFCSHAPEREPRESENTATION(#11,'Body','SweptSolid',(#10703));
#10705=IFCPRODUCTDEFINITIONSHAPE($,$,(#10704));
#10706=IFCCOLUMN('3a2A2t7CnRoOqlwPAn2Jkp',$,'Column Level 15 16','Perimeter column',$,#10713,#10724,$,$);
#10707=IFCMATERIALPROFILESETUSAGE(#285,$,$);
#10708=IFCRELASSOCIATESMATERIAL('3yOQQeSV5JQuHL1I85Z15V',$,$,$,(#10706),#10707);
#10709=IFCCARTESIANPOINT((10.263307411282998,-32.42280326955122,0.));
#10710=IFCDIRECTION((0.,0.,1.));
#10711=IFCDIRECTION((1.,0.,0.));
#10712=IFCAXIS2PLACEMENT3D(#10709,#10710,#10711);
#10713=IFCLOCALPLACEMENT(#183,#10712);
#10714=IFCCARTESIANPOINTLIST2D(((0.,0.),(0.65,0.),(0.65,0.65),(0.,0.65)));
#10715=IFCINDEXEDPOLYCURVE(#10714,(IFCLINEINDEX((1,2,3,4,1))),$);
#10716=IFCARBITRARYCLOSEDPROFILEDEF(.AREA.,$,#10715);
#10717=IFCCARTESIANPOINT((0.,0.,0.));
#10718=IFCDIRECTION((0.,0.,1.));
#10719=IFCDIRECTION((1.,0.,0.));
#10720=IFCAXIS2PLACEMENT3D(#10717,#10718,#10719);
#10721=IFCDIRECTION((0.,0.,1.));
#10722=IFCEXTRUDEDAREASOLID(#10716,#10720,#10721,3.2300000000000004);
#10723=IFCSHAPEREPRESENTATION(#11,'Body','SweptSolid',(#10722));
#10724=IFCPRODUCTDEFINITIONSHAPE($,$,(#10723));
#10725=IFCCOLUMN('0I0lnRQGXGrAQuLIl6bWhK',$,'Column Level 15 17','Perimeter column',$,#10732,#10743,$,$);
#10726=IFCMATERIALPROFILESETUSAGE(#285,$,$);
#10727=IFCRELASSOCIATESMATERIAL('0XYwpIqMfQmQ7gCs$rAGFO',$,$,$,(#10725),#10726);
#10728=IFCCARTESIANPOINT((14.181541730863636,-27.814621086313633,0.));
#10729=IFCDIRECTION((0.,0.,1.));
#10730=IFCDIRECTION((1.,0.,0.));
#10731=IFCAXIS2PLACEMENT3D(#10728,#10729,#10730);
#10732=IFCLOCALPLACEMENT(#183,#10731);
#10733=IFCCARTESIANPOINTLIST2D(((0.,0.),(0.65,0.),(0.65,0.65),(0.,0.65)));
#10734=IFCINDEXEDPOLYCURVE(#10733,(IFCLINEINDEX((1,2,3,4,1))),$);
#10735=IFCARBITRARYCLOSEDPROFILEDEF(.AREA.,$,#10734);
#10736=IFCCARTESIANPOINT((0.,0.,0.));
#10737=IFCDIRECTION((0.,0.,1.));
#10738=IFCDIRECTION((1.,0.,0.));
#10739=IFCAXIS2PLACEMENT3D(#10736,#10737,#10738);
#10740=IFCDIRECTION((0.,0.,1.));
#10741=IFCEXTRUDEDAREASOLID(#10735,#10739,#10740,3.2300000000000004);
#10742=IFCSHAPEREPRESENTATION(#11,'Body','SweptSolid',(#10741));
#10743=IFCPRODUCTDEFINITIONSHAPE($,$,(#10742));
#10744=IFCCOLUMN('1YBoMHmBPIeAcyLCCjW9ic',$,'Column Level 15 18','Perimeter column',$,#10751,#10762,$,$);
#10745=IFCMATERIALPROFILESETUSAGE(#285,$,$);
#10746=IFCRELASSOCIATESMATERIAL('0OslqP19fI8f$Sqimb7IUh',$,$,$,(#10744),#10745);
#10747=IFCCARTESIANPOINT((15.40186867264589,-22.44426317655186,0.));
#10748=IFCDIRECTION((0.,0.,1.));
#10749=IFCDIRECTION((1.,0.,0.));
#10750=IFCAXIS2PLACEMENT3D(#10747,#10748,#10749);
#10751=IFCLOCALPLACEMENT(#183,#10750);
#10752=IFCCARTESIANPOINTLIST2D(((0.,0.),(0.65,0.),(0.65,0.65),(0.,0.65)));
#10753=IFCINDEXEDPOLYCURVE(#10752,(IFCLINEINDEX((1,2,3,4,1))),$);
#10754=IFCARBITRARYCLOSEDPROFILEDEF(.AREA.,$,#10753);
#10755=IFCCARTESIANPOINT((0.,0.,0.));
#10756=IFCDIRECTION((0.,0.,1.));
#10757=IFCDIRECTION((1.,0.,0.));
#10758=IFCAXIS2PLACEMENT3D(#10755,#10756,#10757);
#10759=IFCDIRECTION((0.,0.,1.));
#10760=IFCEXTRUDEDAREASOLID(#10754,#10758,#10759,3.2300000000000004);
#10761=IFCSHAPEREPRESENTATION(#11,'Body','SweptSolid',(#10760));
#10762=IFCPRODUCTDEFINITIONSHAPE($,$,(#10761));
#10763=IFCCOLUMN('3WJBjtC6HRgfkGp8uoxSLm',$,'Column Level 15 19','Perimeter column',$,#10770,#10781,$,$);
#10764=IFCMATERIALPROFILESETUSAGE(#285,$,$);
#10765=IFCRELASSOCIATESMATERIAL('0gpD9Q$95J$OAeT88N5H8X',$,$,$,(#10763),#10764);
#10766=IFCCARTESIANPOINT((10.491037257781327,-17.65490165604265,0.));
#10767=IFCDIRECTION((0.,0.,1.));
#10768=IFCDIRECTION((1.,0.,0.));
#10769=IFCAXIS2PLACEMENT3D(#10766,#10767,#10768);
#10770=IFCLOCALPLACEMENT(#183,#10769);
#10771=IFCCARTESIANPOINTLIST2D(((0.,0.),(0.65,0.),(0.65,0.65),(0.,0.65)));
#10772=IFCINDEXEDPOLYCURVE(#10771,(IFCLINEINDEX((1,2,3,4,1))),$);
#10773=IFCARBITRARYCLOSEDPROFILEDEF(.AREA.,$,#10772);
#10774=IFCCARTESIANPOINT((0.,0.,0.));
#10775=IFCDIRECTION((0.,0.,1.));
#10776=IFCDIRECTION((1.,0.,0.));
#10777=IFCAXIS2PLACEMENT3D(#10774,#10775,#10776);
#10778=IFCDIRECTION((0.,0.,1.));
#10779=IFCEXTRUDEDAREASOLID(#10773,#10777,#10778,3.2300000000000004);
#10780=IFCSHAPEREPRESENTATION(#11,'Body','SweptSolid',(#10779));
#10781=IFCPRODUCTDEFINITIONSHAPE($,$,(#10780));
#10782=IFCCOLUMN('3Dqx84nPXJ0x5alCf9vEud',$,'Column Level 15 20','Perimeter column',$,#10789,#10800,$,$);
#10783=IFCMATERIALPROFILESETUSAGE(#285,$,$);
#10784=IFCRELASSOCIATESMATERIAL('1t1FHcXoPVuAJOeVs_5cLi',$,$,$,(#10782),#10783);
#10785=IFCCARTESIANPOINT((1.8127273485341535,-15.317807367749914,0.));
#10786=IFCDIRECTION((0.,0.,1.));
#10787=IFCDIRECTION((1.,0.,0.));
#10788=IFCAXIS2PLACEMENT3D(#10785,#10786,#10787);
#10789=IFCLOCALPLACEMENT(#183,#10788);
#10790=IFCCARTESIANPOINTLIST2D(((0.,0.),(0.65,0.),(0.65,0.65),(0.,0.65)));
#10791=IFCINDEXEDPOLYCURVE(#10790,(IFCLINEINDEX((1,2,3,4,1))),$);
#10792=IFCARBITRARYCLOSEDPROFILEDEF(.AREA.,$,#10791);
#10793=IFCCARTESIANPOINT((0.,0.,0.));
#10794=IFCDIRECTION((0.,0.,1.));
#10795=IFCDIRECTION((1.,0.,0.));
#10796=IFCAXIS2PLACEMENT3D(#10793,#10794,#10795);
#10797=IFCDIRECTION((0.,0.,1.));
#10798=IFCEXTRUDEDAREASOLID(#10792,#10796,#10797,3.2300000000000004);
#10799=IFCSHAPEREPRESENTATION(#11,'Body','SweptSolid',(#10798));
#10800=IFCPRODUCTDEFINITIONSHAPE($,$,(#10799));
#10801=IFCCOLUMN('1iQQcOPGrMJgP94SHrJI$V',$,'Column Level 15 21','Perimeter column',$,#10808,#10819,$,$);
#10802=IFCMATERIALPROFILESETUSAGE(#285,$,$);
#10803=IFCRELASSOCIATESMATERIAL('1$phy4BjzSsg4RjT5VwO8t',$,$,$,(#10801),#10802);
#10804=IFCCARTESIANPOINT((-7.058258607966869,-13.924442387810101,0.));
#10805=IFCDIRECTION((0.,0.,1.));
#10806=IFCDIRECTION((1.,0.,0.));
#10807=IFCAXIS2PLACEMENT3D(#10804,#10805,#10806);
#10808=IFCLOCALPLACEMENT(#183,#10807);
#10809=IFCCARTESIANPOINTLIST2D(((0.,0.),(0.65,0.),(0.65,0.65),(0.,0.65)));
#10810=IFCINDEXEDPOLYCURVE(#10809,(IFCLINEINDEX((1,2,3,4,1))),$);
#10811=IFCARBITRARYCLOSEDPROFILEDEF(.AREA.,$,#10810);
#10812=IFCCARTESIANPOINT((0.,0.,0.));
#10813=IFCDIRECTION((0.,0.,1.));
#10814=IFCDIRECTION((1.,0.,0.));
#10815=IFCAXIS2PLACEMENT3D(#10812,#10813,#10814);
#10816=IFCDIRECTION((0.,0.,1.));
#10817=IFCEXTRUDEDAREASOLID(#10811,#10815,#10816,3.2300000000000004);
#10818=IFCSHAPEREPRESENTATION(#11,'Body','SweptSolid',(#10817));
#10819=IFCPRODUCTDEFINITIONSHAPE($,$,(#10818));
#10820=IFCCOLUMN('0qbColVy1TOwCpSs2u4qSd',$,'Column Level 15 22','Perimeter column',$,#10827,#10838,$,$);
#10821=IFCMATERIALPROFILESETUSAGE(#285,$,$);
#10822=IFCRELASSOCIATESMATERIAL('013Gi_jxHPXBUTydYk2IK7',$,$,$,(#10820),#10821);
#10823=IFCCARTESIANPOINT((-16.03240399103932,-13.380948885913963,0.));
#10824=IFCDIRECTION((0.,0.,1.));
#10825=IFCDIRECTION((1.,0.,0.));
#10826=IFCAXIS2PLACEMENT3D(#10823,#10824,#10825);
#10827=IFCLOCALPLACEMENT(#183,#10826);
#10828=IFCCARTESIANPOINTLIST2D(((0.,0.),(0.65,0.),(0.65,0.65),(0.,0.65)));
#10829=IFCINDEXEDPOLYCURVE(#10828,(IFCLINEINDEX((1,2,3,4,1))),$);
#10830=IFCARBITRARYCLOSEDPROFILEDEF(.AREA.,$,#10829);
#10831=IFCCARTESIANPOINT((0.,0.,0.));
#10832=IFCDIRECTION((0.,0.,1.));
#10833=IFCDIRECTION((1.,0.,0.));
#10834=IFCAXIS2PLACEMENT3D(#10831,#10832,#10833);
#10835=IFCDIRECTION((0.,0.,1.));
#10836=IFCEXTRUDEDAREASOLID(#10830,#10834,#10835,3.2300000000000004);
#10837=IFCSHAPEREPRESENTATION(#11,'Body','SweptSolid',(#10836));
#10838=IFCPRODUCTDEFINITIONSHAPE($,$,(#10837));
#10839=IFCCOLUMN('2pixgxO9jRhOTAr0vcmhah',$,'Column Level 15 23','Perimeter column',$,#10846,#10857,$,$);
#10840=IFCMATERIALPROFILESETUSAGE(#285,$,$);
#10841=IFCRELASSOCIATESMATERIAL('2bqQYFcEnT39Ohk9po4xR4',$,$,$,(#10839),#10840);
#10842=IFCCARTESIANPOINT((-16.095078511218638,-9.095148904398267,0.));
#10843=IFCDIRECTION((0.,0.,1.));
#10844=IFCDIRECTION((1.,0.,0.));
#10845=IFCAXIS2PLACEMENT3D(#10842,#10843,#10844);
#10846=IFCLOCALPLACEMENT(#183,#10845);
#10847=IFCCARTESIANPOINTLIST2D(((0.,0.),(0.65,0.),(0.65,0.65),(0.,0.65)));
#10848=IFCINDEXEDPOLYCURVE(#10847,(IFCLINEINDEX((1,2,3,4,1))),$);
#10849=IFCARBITRARYCLOSEDPROFILEDEF(.AREA.,$,#10848);
#10850=IFCCARTESIANPOINT((0.,0.,0.));
#10851=IFCDIRECTION((0.,0.,1.));
#10852=IFCDIRECTION((1.,0.,0.));
#10853=IFCAXIS2PLACEMENT3D(#10850,#10851,#10852);
#10854=IFCDIRECTION((0.,0.,1.));
#10855=IFCEXTRUDEDAREASOLID(#10849,#10853,#10854,3.2300000000000004);
#10856=IFCSHAPEREPRESENTATION(#11,'Body','SweptSolid',(#10855));
#10857=IFCPRODUCTDEFINITIONSHAPE($,$,(#10856));
#10858=IFCCOLUMN('3y0ggGb8zLPgpY80GpNcoE',$,'Column Level 16 01','Perimeter column',$,#10865,#10876,$,$);
#10859=IFCMATERIALPROFILESETUSAGE(#285,$,$);
#10860=IFCRELASSOCIATESMATERIAL('1KNefPHfnRQw4wM$nrwJlr',$,$,$,(#10858),#10859);
#10861=IFCCARTESIANPOINT((-15.04,-4.889,0.));
#10862=IFCDIRECTION((0.,0.,1.));
#10863=IFCDIRECTION((1.,0.,0.));
#10864=IFCAXIS2PLACEMENT3D(#10861,#10862,#10863);
#10865=IFCLOCALPLACEMENT(#190,#10864);
#10866=IFCCARTESIANPOINTLIST2D(((0.,0.),(0.65,0.),(0.65,0.65),(0.,0.65)));
#10867=IFCINDEXEDPOLYCURVE(#10866,(IFCLINEINDEX((1,2,3,4,1))),$);
#10868=IFCARBITRARYCLOSEDPROFILEDEF(.AREA.,$,#10867);
#10869=IFCCARTESIANPOINT((0.,0.,0.));
#10870=IFCDIRECTION((0.,0.,1.));
#10871=IFCDIRECTION((1.,0.,0.));
#10872=IFCAXIS2PLACEMENT3D(#10869,#10870,#10871);
#10873=IFCDIRECTION((0.,0.,1.));
#10874=IFCEXTRUDEDAREASOLID(#10868,#10872,#10873,3.2300000000000004);
#10875=IFCSHAPEREPRESENTATION(#11,'Body','SweptSolid',(#10874));
#10876=IFCPRODUCTDEFINITIONSHAPE($,$,(#10875));
#10877=IFCCOLUMN('34x064QH9JQw4Avg9SX0VV',$,'Column Level 16 02','Perimeter column',$,#10884,#10895,$,$);
#10878=IFCMATERIALPROFILESETUSAGE(#285,$,$);
#10879=IFCRELASSOCIATESMATERIAL('2TV4IhnsvUxeWDez7aNL0C',$,$,$,(#10877),#10878);
#10880=IFCCARTESIANPOINT((-23.937931108436445,-3.537400211039164,0.));
#10881=IFCDIRECTION((0.,0.,1.));
#10882=IFCDIRECTION((1.,0.,0.));
#10883=IFCAXIS2PLACEMENT3D(#10880,#10881,#10882);
#10884=IFCLOCALPLACEMENT(#190,#10883);
#10885=IFCCARTESIANPOINTLIST2D(((0.,0.),(0.65,0.),(0.65,0.65),(0.,0.65)));
#10886=IFCINDEXEDPOLYCURVE(#10885,(IFCLINEINDEX((1,2,3,4,1))),$);
#10887=IFCARBITRARYCLOSEDPROFILEDEF(.AREA.,$,#10886);
#10888=IFCCARTESIANPOINT((0.,0.,0.));
#10889=IFCDIRECTION((0.,0.,1.));
#10890=IFCDIRECTION((1.,0.,0.));
#10891=IFCAXIS2PLACEMENT3D(#10888,#10889,#10890);
#10892=IFCDIRECTION((0.,0.,1.));
#10893=IFCEXTRUDEDAREASOLID(#10887,#10891,#10892,3.2300000000000004);
#10894=IFCSHAPEREPRESENTATION(#11,'Body','SweptSolid',(#10893));
#10895=IFCPRODUCTDEFINITIONSHAPE($,$,(#10894));
#10896=IFCCOLUMN('1d$q8ZglvGl8HS$R9k95Cu',$,'Column Level 16 03','Perimeter column',$,#10903,#10914,$,$);
#10897=IFCMATERIALPROFILESETUSAGE(#285,$,$);
#10898=IFCRELASSOCIATESMATERIAL('2EfoxaGkLJCwwnwfD9d9Q4',$,$,$,(#10896),#10897);
#10899=IFCCARTESIANPOINT((-32.8358622168729,-2.1858004220783274,0.));
#10900=IFCDIRECTION((0.,0.,1.));
#10901=IFCDIRECTION((1.,0.,0.));
#10902=IFCAXIS2PLACEMENT3D(#10899,#10900,#10901);
#10903=IFCLOCALPLACEMENT(#190,#10902);
#10904=IFCCARTESIANPOINTLIST2D(((0.,0.),(0.65,0.),(0.65,0.65),(0.,0.65)));
#10905=IFCINDEXEDPOLYCURVE(#10904,(IFCLINEINDEX((1,2,3,4,1))),$);
#10906=IFCARBITRARYCLOSEDPROFILEDEF(.AREA.,$,#10905);
#10907=IFCCARTESIANPOINT((0.,0.,0.));
#10908=IFCDIRECTION((0.,0.,1.));
#10909=IFCDIRECTION((1.,0.,0.));
#10910=IFCAXIS2PLACEMENT3D(#10907,#10908,#10909);
#10911=IFCDIRECTION((0.,0.,1.));
#10912=IFCEXTRUDEDAREASOLID(#10906,#10910,#10911,3.2300000000000004);
#10913=IFCSHAPEREPRESENTATION(#11,'Body','SweptSolid',(#10912));
#10914=IFCPRODUCTDEFINITIONSHAPE($,$,(#10913));
#10915=IFCCOLUMN('1yJrwsKxnO8P517kNcEe_c',$,'Column Level 16 04','Perimeter column',$,#10922,#10933,$,$);
#10916=IFCMATERIALPROFILESETUSAGE(#285,$,$);
#10917=IFCRELASSOCIATESMATERIAL('25BkTmkFHNKBAOk$we$Fwq',$,$,$,(#10915),#10916);
#10918=IFCCARTESIANPOINT((-41.733793325309335,-0.8342006331174916,0.));
#10919=IFCDIRECTION((0.,0.,1.));
#10920=IFCDIRECTION((1.,0.,0.));
#10921=IFCAXIS2PLACEMENT3D(#10918,#10919,#10920);
#10922=IFCLOCALPLACEMENT(#190,#10921);
#10923=IFCCARTESIANPOINTLIST2D(((0.,0.),(0.65,0.),(0.65,0.65),(0.,0.65)));
#10924=IFCINDEXEDPOLYCURVE(#10923,(IFCLINEINDEX((1,2,3,4,1))),$);
#10925=IFCARBITRARYCLOSEDPROFILEDEF(.AREA.,$,#10924);
#10926=IFCCARTESIANPOINT((0.,0.,0.));
#10927=IFCDIRECTION((0.,0.,1.));
#10928=IFCDIRECTION((1.,0.,0.));
#10929=IFCAXIS2PLACEMENT3D(#10926,#10927,#10928);
#10930=IFCDIRECTION((0.,0.,1.));
#10931=IFCEXTRUDEDAREASOLID(#10925,#10929,#10930,3.2300000000000004);
#10932=IFCSHAPEREPRESENTATION(#11,'Body','SweptSolid',(#10931));
#10933=IFCPRODUCTDEFINITIONSHAPE($,$,(#10932));
#10934=IFCCOLUMN('3OBXXS4qDOxAJLAHMucgq8',$,'Column Level 16 05','Perimeter column',$,#10941,#10952,$,$);
#10935=IFCMATERIALPROFILESETUSAGE(#285,$,$);
#10936=IFCRELASSOCIATESMATERIAL('3JMBZoxGzHBPeD6nqP2QBC',$,$,$,(#10934),#10935);
#10937=IFCCARTESIANPOINT((-45.27149462822201,-6.615882943834798,0.));
#10938=IFCDIRECTION((0.,0.,1.));
#10939=IFCDIRECTION((1.,0.,0.));
#10940=IFCAXIS2PLACEMENT3D(#10937,#10938,#10939);
#10941=IFCLOCALPLACEMENT(#190,#10940);
#10942=IFCCARTESIANPOINTLIST2D(((0.,0.),(0.65,0.),(0.65,0.65),(0.,0.65)));
#10943=IFCINDEXEDPOLYCURVE(#10942,(IFCLINEINDEX((1,2,3,4,1))),$);
#10944=IFCARBITRARYCLOSEDPROFILEDEF(.AREA.,$,#10943);
#10945=IFCCARTESIANPOINT((0.,0.,0.));
#10946=IFCDIRECTION((0.,0.,1.));
#10947=IFCDIRECTION((1.,0.,0.));
#10948=IFCAXIS2PLACEMENT3D(#10945,#10946,#10947);
#10949=IFCDIRECTION((0.,0.,1.));
#10950=IFCEXTRUDEDAREASOLID(#10944,#10948,#10949,3.2300000000000004);
#10951=IFCSHAPEREPRESENTATION(#11,'Body','SweptSolid',(#10950));
#10952=IFCPRODUCTDEFINITIONSHAPE($,$,(#10951));
#10953=IFCCOLUMN('2O_A2eDj1RTvE9XMYhty7F',$,'Column Level 16 06','Perimeter column',$,#10960,#10971,$,$);
#10954=IFCMATERIALPROFILESETUSAGE(#285,$,$);
#10955=IFCRELASSOCIATESMATERIAL('3NtBIJ79rSVvPeK2GPX5j2',$,$,$,(#10953),#10954);
#10956=IFCCARTESIANPOINT((-46.4489526002387,-15.53852788376905,0.));
#10957=IFCDIRECTION((0.,0.,1.));
#10958=IFCDIRECTION((1.,0.,0.));
#10959=IFCAXIS2PLACEMENT3D(#10956,#10957,#10958);
#10960=IFCLOCALPLACEMENT(#190,#10959);
#10961=IFCCARTESIANPOINTLIST2D(((0.,0.),(0.65,0.),(0.65,0.65),(0.,0.65)));
#10962=IFCINDEXEDPOLYCURVE(#10961,(IFCLINEINDEX((1,2,3,4,1))),$);
#10963=IFCARBITRARYCLOSEDPROFILEDEF(.AREA.,$,#10962);
#10964=IFCCARTESIANPOINT((0.,0.,0.));
#10965=IFCDIRECTION((0.,0.,1.));
#10966=IFCDIRECTION((1.,0.,0.));
#10967=IFCAXIS2PLACEMENT3D(#10964,#10965,#10966);
#10968=IFCDIRECTION((0.,0.,1.));
#10969=IFCEXTRUDEDAREASOLID(#10963,#10967,#10968,3.2300000000000004);
#10970=IFCSHAPEREPRESENTATION(#11,'Body','SweptSolid',(#10969));
#10971=IFCPRODUCTDEFINITIONSHAPE($,$,(#10970));
#10972=IFCCOLUMN('0xiOdHYQPLN90hja6qee1Q',$,'Column Level 16 07','Perimeter column',$,#10979,#10990,$,$);
#10973=IFCMATERIALPROFILESETUSAGE(#285,$,$);
#10974=IFCRELASSOCIATESMATERIAL('2cLykRZCnHfuhQhFs16HSD',$,$,$,(#10972),#10973);
#10975=IFCCARTESIANPOINT((-47.626410572255395,-24.461172823703304,0.));
#10976=IFCDIRECTION((0.,0.,1.));
#10977=IFCDIRECTION((1.,0.,0.));
#10978=IFCAXIS2PLACEMENT3D(#10975,#10976,#10977);
#10979=IFCLOCALPLACEMENT(#190,#10978);
#10980=IFCCARTESIANPOINTLIST2D(((0.,0.),(0.65,0.),(0.65,0.65),(0.,0.65)));
#10981=IFCINDEXEDPOLYCURVE(#10980,(IFCLINEINDEX((1,2,3,4,1))),$);
#10982=IFCARBITRARYCLOSEDPROFILEDEF(.AREA.,$,#10981);
#10983=IFCCARTESIANPOINT((0.,0.,0.));
#10984=IFCDIRECTION((0.,0.,1.));
#10985=IFCDIRECTION((1.,0.,0.));
#10986=IFCAXIS2PLACEMENT3D(#10983,#10984,#10985);
#10987=IFCDIRECTION((0.,0.,1.));
#10988=IFCEXTRUDEDAREASOLID(#10982,#10986,#10987,3.2300000000000004);
#10989=IFCSHAPEREPRESENTATION(#11,'Body','SweptSolid',(#10988));
#10990=IFCPRODUCTDEFINITIONSHAPE($,$,(#10989));
#10991=IFCCOLUMN('3MV7N$4JHUt83Tf3BTrhEQ',$,'Column Level 16 08','Perimeter column',$,#10998,#11009,$,$);
#10992=IFCMATERIALPROFILESETUSAGE(#285,$,$);
#10993=IFCRELASSOCIATESMATERIAL('0K6Gy4uDvO3hyc4sezA4IX',$,$,$,(#10991),#10992);
#10994=IFCCARTESIANPOINT((-47.72167101194249,-32.535100348565635,0.));
#10995=IFCDIRECTION((0.,0.,1.));
#10996=IFCDIRECTION((1.,0.,0.));
#10997=IFCAXIS2PLACEMENT3D(#10994,#10995,#10996);
#10998=IFCLOCALPLACEMENT(#190,#10997);
#10999=IFCCARTESIANPOINTLIST2D(((0.,0.),(0.65,0.),(0.65,0.65),(0.,0.65)));
#11000=IFCINDEXEDPOLYCURVE(#10999,(IFCLINEINDEX((1,2,3,4,1))),$);
#11001=IFCARBITRARYCLOSEDPROFILEDEF(.AREA.,$,#11000);
#11002=IFCCARTESIANPOINT((0.,0.,0.));
#11003=IFCDIRECTION((0.,0.,1.));
#11004=IFCDIRECTION((1.,0.,0.));
#11005=IFCAXIS2PLACEMENT3D(#11002,#11003,#11004);
#11006=IFCDIRECTION((0.,0.,1.));
#11007=IFCEXTRUDEDAREASOLID(#11001,#11005,#11006,3.2300000000000004);
#11008=IFCSHAPEREPRESENTATION(#11,'Body','SweptSolid',(#11007));
#11009=IFCPRODUCTDEFINITIONSHAPE($,$,(#11008));
#11010=IFCCOLUMN('3gUk_YLJzPSOoTvFISUnAD',$,'Column Level 16 09','Perimeter column',$,#11017,#11028,$,$);
#11011=IFCMATERIALPROFILESETUSAGE(#285,$,$);
#11012=IFCRELASSOCIATESMATERIAL('34LzMSpjXSNfRR8Qc_nlna',$,$,$,(#11010),#11011);
#11013=IFCCARTESIANPOINT((-38.77553441068889,-33.51827882255227,0.));
#11014=IFCDIRECTION((0.,0.,1.));
#11015=IFCDIRECTION((1.,0.,0.));
#11016=IFCAXIS2PLACEMENT3D(#11013,#11014,#11015);
#11017=IFCLOCALPLACEMENT(#190,#11016);
#11018=IFCCARTESIANPOINTLIST2D(((0.,0.),(0.65,0.),(0.65,0.65),(0.,0.65)));
#11019=IFCINDEXEDPOLYCURVE(#11018,(IFCLINEINDEX((1,2,3,4,1))),$);
#11020=IFCARBITRARYCLOSEDPROFILEDEF(.AREA.,$,#11019);
#11021=IFCCARTESIANPOINT((0.,0.,0.));
#11022=IFCDIRECTION((0.,0.,1.));
#11023=IFCDIRECTION((1.,0.,0.));
#11024=IFCAXIS2PLACEMENT3D(#11021,#11022,#11023);
#11025=IFCDIRECTION((0.,0.,1.));
#11026=IFCEXTRUDEDAREASOLID(#11020,#11024,#11025,3.2300000000000004);
#11027=IFCSHAPEREPRESENTATION(#11,'Body','SweptSolid',(#11026));
#11028=IFCPRODUCTDEFINITIONSHAPE($,$,(#11027));
#11029=IFCCOLUMN('3JR0nOKBTUchftadlAoCgL',$,'Column Level 16 10','Perimeter column',$,#11036,#11047,$,$);
#11030=IFCMATERIALPROFILESETUSAGE(#285,$,$);
#11031=IFCRELASSOCIATESMATERIAL('12MENRAH5HI9rDJ8LxkmS0',$,$,$,(#11029),#11030);
#11032=IFCCARTESIANPOINT((-29.82939780943529,-34.5014572965389,0.));
#11033=IFCDIRECTION((0.,0.,1.));
#11034=IFCDIRECTION((1.,0.,0.));
#11035=IFCAXIS2PLACEMENT3D(#11032,#11033,#11034);
#11036=IFCLOCALPLACEMENT(#190,#11035);
#11037=IFCCARTESIANPOINTLIST2D(((0.,0.),(0.65,0.),(0.65,0.65),(0.,0.65)));
#11038=IFCINDEXEDPOLYCURVE(#11037,(IFCLINEINDEX((1,2,3,4,1))),$);
#11039=IFCARBITRARYCLOSEDPROFILEDEF(.AREA.,$,#11038);
#11040=IFCCARTESIANPOINT((0.,0.,0.));
#11041=IFCDIRECTION((0.,0.,1.));
#11042=IFCDIRECTION((1.,0.,0.));
#11043=IFCAXIS2PLACEMENT3D(#11040,#11041,#11042);
#11044=IFCDIRECTION((0.,0.,1.));
#11045=IFCEXTRUDEDAREASOLID(#11039,#11043,#11044,3.2300000000000004);
#11046=IFCSHAPEREPRESENTATION(#11,'Body','SweptSolid',(#11045));
#11047=IFCPRODUCTDEFINITIONSHAPE($,$,(#11046));
#11048=IFCCOLUMN('0FK2GHiajLsgcsDnqh8CZn',$,'Column Level 16 11','Perimeter column',$,#11055,#11066,$,$);
#11049=IFCMATERIALPROFILESETUSAGE(#285,$,$);
#11050=IFCRELASSOCIATESMATERIAL('0360J9fqbV6eLLiT9$8z7C',$,$,$,(#11048),#11049);
#11051=IFCCARTESIANPOINT((-20.88326120818169,-35.484635770525536,0.));
#11052=IFCDIRECTION((0.,0.,1.));
#11053=IFCDIRECTION((1.,0.,0.));
#11054=IFCAXIS2PLACEMENT3D(#11051,#11052,#11053);
#11055=IFCLOCALPLACEMENT(#190,#11054);
#11056=IFCCARTESIANPOINTLIST2D(((0.,0.),(0.65,0.),(0.65,0.65),(0.,0.65)));
#11057=IFCINDEXEDPOLYCURVE(#11056,(IFCLINEINDEX((1,2,3,4,1))),$);
#11058=IFCARBITRARYCLOSEDPROFILEDEF(.AREA.,$,#11057);
#11059=IFCCARTESIANPOINT((0.,0.,0.));
#11060=IFCDIRECTION((0.,0.,1.));
#11061=IFCDIRECTION((1.,0.,0.));
#11062=IFCAXIS2PLACEMENT3D(#11059,#11060,#11061);
#11063=IFCDIRECTION((0.,0.,1.));
#11064=IFCEXTRUDEDAREASOLID(#11058,#11062,#11063,3.2300000000000004);
#11065=IFCSHAPEREPRESENTATION(#11,'Body','SweptSolid',(#11064));
#11066=IFCPRODUCTDEFINITIONSHAPE($,$,(#11065));
#11067=IFCCOLUMN('2NOdhuUvXU3gpc0hIgTYAO',$,'Column Level 16 12','Perimeter column',$,#11074,#11085,$,$);
#11068=IFCMATERIALPROFILESETUSAGE(#285,$,$);
#11069=IFCRELASSOCIATESMATERIAL('2GPbWe7_LIffMFv7zPrgzC',$,$,$,(#11067),#11068);
#11070=IFCCARTESIANPOINT((-19.146327622024305,-29.2861647679243,0.));
#11071=IFCDIRECTION((0.,0.,1.));
#11072=IFCDIRECTION((1.,0.,0.));
#11073=IFCAXIS2PLACEMENT3D(#11070,#11071,#11072);
#11074=IFCLOCALPLACEMENT(#190,#11073);
#11075=IFCCARTESIANPOINTLIST2D(((0.,0.),(0.65,0.),(0.65,0.65),(0.,0.65)));
#11076=IFCINDEXEDPOLYCURVE(#11075,(IFCLINEINDEX((1,2,3,4,1))),$);
#11077=IFCARBITRARYCLOSEDPROFILEDEF(.AREA.,$,#11076);
#11078=IFCCARTESIANPOINT((0.,0.,0.));
#11079=IFCDIRECTION((0.,0.,1.));
#11080=IFCDIRECTION((1.,0.,0.));
#11081=IFCAXIS2PLACEMENT3D(#11078,#11079,#11080);
#11082=IFCDIRECTION((0.,0.,1.));
#11083=IFCEXTRUDEDAREASOLID(#11077,#11081,#11082,3.2300000000000004);
#11084=IFCSHAPEREPRESENTATION(#11,'Body','SweptSolid',(#11083));
#11085=IFCPRODUCTDEFINITIONSHAPE($,$,(#11084));
#11086=IFCCOLUMN('3T5h6AaUDQeA$rYp7HSsV$',$,'Column Level 16 13','Perimeter column',$,#11093,#11104,$,$);
#11087=IFCMATERIALPROFILESETUSAGE(#285,$,$);
#11088=IFCRELASSOCIATESMATERIAL('1dinUajRfML8MMHDpDnRum',$,$,$,(#11086),#11087);
#11089=IFCCARTESIANPOINT((-13.681402387780256,-29.496787061907902,0.));
#11090=IFCDIRECTION((0.,0.,1.));
#11091=IFCDIRECTION((1.,0.,0.));
#11092=IFCAXIS2PLACEMENT3D(#11089,#11090,#11091);
#11093=IFCLOCALPLACEMENT(#190,#11092);
#11094=IFCCARTESIANPOINTLIST2D(((0.,0.),(0.65,0.),(0.65,0.65),(0.,0.65)));
#11095=IFCINDEXEDPOLYCURVE(#11094,(IFCLINEINDEX((1,2,3,4,1))),$);
#11096=IFCARBITRARYCLOSEDPROFILEDEF(.AREA.,$,#11095);
#11097=IFCCARTESIANPOINT((0.,0.,0.));
#11098=IFCDIRECTION((0.,0.,1.));
#11099=IFCDIRECTION((1.,0.,0.));
#11100=IFCAXIS2PLACEMENT3D(#11097,#11098,#11099);
#11101=IFCDIRECTION((0.,0.,1.));
#11102=IFCEXTRUDEDAREASOLID(#11096,#11100,#11101,3.2300000000000004);
#11103=IFCSHAPEREPRESENTATION(#11,'Body','SweptSolid',(#11102));
#11104=IFCPRODUCTDEFINITIONSHAPE($,$,(#11103));
#11105=IFCCOLUMN('25vO$mE1zGzehB7LJHioG$',$,'Column Level 16 14','Perimeter column',$,#11112,#11123,$,$);
#11106=IFCMATERIALPROFILESETUSAGE(#285,$,$);
#11107=IFCRELASSOCIATESMATERIAL('3q5umgywTIqREkNapDltvG',$,$,$,(#11105),#11106);
#11108=IFCCARTESIANPOINT((-4.8720717210316735,-31.33145615120938,0.));
#11109=IFCDIRECTION((0.,0.,1.));
#11110=IFCDIRECTION((1.,0.,0.));
#11111=IFCAXIS2PLACEMENT3D(#11108,#11109,#11110);
#11112=IFCLOCALPLACEMENT(#190,#11111);
#11113=IFCCARTESIANPOINTLIST2D(((0.,0.),(0.65,0.),(0.65,0.65),(0.,0.65)));
#11114=IFCINDEXEDPOLYCURVE(#11113,(IFCLINEINDEX((1,2,3,4,1))),$);
#11115=IFCARBITRARYCLOSEDPROFILEDEF(.AREA.,$,#11114);
#11116=IFCCARTESIANPOINT((0.,0.,0.));
#11117=IFCDIRECTION((0.,0.,1.));
#11118=IFCDIRECTION((1.,0.,0.));
#11119=IFCAXIS2PLACEMENT3D(#11116,#11117,#11118);
#11120=IFCDIRECTION((0.,0.,1.));
#11121=IFCEXTRUDEDAREASOLID(#11115,#11119,#11120,3.2300000000000004);
#11122=IFCSHAPEREPRESENTATION(#11,'Body','SweptSolid',(#11121));
#11123=IFCPRODUCTDEFINITIONSHAPE($,$,(#11122));
#11124=IFCCOLUMN('2fzhLKvoDQgeZEtBGDhJzT',$,'Column Level 16 15','Perimeter column',$,#11131,#11142,$,$);
#11125=IFCMATERIALPROFILESETUSAGE(#285,$,$);
#11126=IFCRELASSOCIATESMATERIAL('37K3nIPSTQIQhNRyNABiI8',$,$,$,(#11124),#11125);
#11127=IFCCARTESIANPOINT((4.09755241327652,-32.07026796028934,0.));
#11128=IFCDIRECTION((0.,0.,1.));
#11129=IFCDIRECTION((1.,0.,0.));
#11130=IFCAXIS2PLACEMENT3D(#11127,#11128,#11129);
#11131=IFCLOCALPLACEMENT(#190,#11130);
#11132=IFCCARTESIANPOINTLIST2D(((0.,0.),(0.65,0.),(0.65,0.65),(0.,0.65)));
#11133=IFCINDEXEDPOLYCURVE(#11132,(IFCLINEINDEX((1,2,3,4,1))),$);
#11134=IFCARBITRARYCLOSEDPROFILEDEF(.AREA.,$,#11133);
#11135=IFCCARTESIANPOINT((0.,0.,0.));
#11136=IFCDIRECTION((0.,0.,1.));
#11137=IFCDIRECTION((1.,0.,0.));
#11138=IFCAXIS2PLACEMENT3D(#11135,#11136,#11137);
#11139=IFCDIRECTION((0.,0.,1.));
#11140=IFCEXTRUDEDAREASOLID(#11134,#11138,#11139,3.2300000000000004);
#11141=IFCSHAPEREPRESENTATION(#11,'Body','SweptSolid',(#11140));
#11142=IFCPRODUCTDEFINITIONSHAPE($,$,(#11141));
#11143=IFCCOLUMN('2eH_j5arPNrRMRvRWaXg_4',$,'Column Level 16 16','Perimeter column',$,#11150,#11161,$,$);
#11144=IFCMATERIALPROFILESETUSAGE(#285,$,$);
#11145=IFCRELASSOCIATESMATERIAL('2iT5UEaEvISAXPUxy7zaXJ',$,$,$,(#11143),#11144);
#11146=IFCCARTESIANPOINT((13.062418524677334,-31.54169009292415,0.));
#11147=IFCDIRECTION((0.,0.,1.));
#11148=IFCDIRECTION((1.,0.,0.));
#11149=IFCAXIS2PLACEMENT3D(#11146,#11147,#11148);
#11150=IFCLOCALPLACEMENT(#190,#11149);
#11151=IFCCARTESIANPOINTLIST2D(((0.,0.),(0.65,0.),(0.65,0.65),(0.,0.65)));
#11152=IFCINDEXEDPOLYCURVE(#11151,(IFCLINEINDEX((1,2,3,4,1))),$);
#11153=IFCARBITRARYCLOSEDPROFILEDEF(.AREA.,$,#11152);
#11154=IFCCARTESIANPOINT((0.,0.,0.));
#11155=IFCDIRECTION((0.,0.,1.));
#11156=IFCDIRECTION((1.,0.,0.));
#11157=IFCAXIS2PLACEMENT3D(#11154,#11155,#11156);
#11158=IFCDIRECTION((0.,0.,1.));
#11159=IFCEXTRUDEDAREASOLID(#11153,#11157,#11158,3.2300000000000004);
#11160=IFCSHAPEREPRESENTATION(#11,'Body','SweptSolid',(#11159));
#11161=IFCPRODUCTDEFINITIONSHAPE($,$,(#11160));
#11162=IFCCOLUMN('0s9GpoyXrRXfgL$8K$ws3z',$,'Column Level 16 17','Perimeter column',$,#11169,#11180,$,$);
#11163=IFCMATERIALPROFILESETUSAGE(#285,$,$);
#11164=IFCRELASSOCIATESMATERIAL('0eXeNEdCnUwgjQAw5biINK',$,$,$,(#11162),#11163);
#11165=IFCCARTESIANPOINT((15.703246040821991,-26.264277947217128,0.));
#11166=IFCDIRECTION((0.,0.,1.));
#11167=IFCDIRECTION((1.,0.,0.));
#11168=IFCAXIS2PLACEMENT3D(#11165,#11166,#11167);
#11169=IFCLOCALPLACEMENT(#190,#11168);
#11170=IFCCARTESIANPOINTLIST2D(((0.,0.),(0.65,0.),(0.65,0.65),(0.,0.65)));
#11171=IFCINDEXEDPOLYCURVE(#11170,(IFCLINEINDEX((1,2,3,4,1))),$);
#11172=IFCARBITRARYCLOSEDPROFILEDEF(.AREA.,$,#11171);
#11173=IFCCARTESIANPOINT((0.,0.,0.));
#11174=IFCDIRECTION((0.,0.,1.));
#11175=IFCDIRECTION((1.,0.,0.));
#11176=IFCAXIS2PLACEMENT3D(#11173,#11174,#11175);
#11177=IFCDIRECTION((0.,0.,1.));
#11178=IFCEXTRUDEDAREASOLID(#11172,#11176,#11177,3.2300000000000004);
#11179=IFCSHAPEREPRESENTATION(#11,'Body','SweptSolid',(#11178));
#11180=IFCPRODUCTDEFINITIONSHAPE($,$,(#11179));
#11181=IFCCOLUMN('1sLHhzTP1LfRUstHzfdbiz',$,'Column Level 16 18','Perimeter column',$,#11188,#11199,$,$);
#11182=IFCMATERIALPROFILESETUSAGE(#285,$,$);
#11183=IFCRELASSOCIATESMATERIAL('37ii1H8J1OdvvZU2rdEF4M',$,$,$,(#11181),#11182);
#11184=IFCCARTESIANPOINT((15.928103765006696,-19.571663585313438,0.));
#11185=IFCDIRECTION((0.,0.,1.));
#11186=IFCDIRECTION((1.,0.,0.));
#11187=IFCAXIS2PLACEMENT3D(#11184,#11185,#11186);
#11188=IFCLOCALPLACEMENT(#190,#11187);
#11189=IFCCARTESIANPOINTLIST2D(((0.,0.),(0.65,0.),(0.65,0.65),(0.,0.65)));
#11190=IFCINDEXEDPOLYCURVE(#11189,(IFCLINEINDEX((1,2,3,4,1))),$);
#11191=IFCARBITRARYCLOSEDPROFILEDEF(.AREA.,$,#11190);
#11192=IFCCARTESIANPOINT((0.,0.,0.));
#11193=IFCDIRECTION((0.,0.,1.));
#11194=IFCDIRECTION((1.,0.,0.));
#11195=IFCAXIS2PLACEMENT3D(#11192,#11193,#11194);
#11196=IFCDIRECTION((0.,0.,1.));
#11197=IFCEXTRUDEDAREASOLID(#11191,#11195,#11196,3.2300000000000004);
#11198=IFCSHAPEREPRESENTATION(#11,'Body','SweptSolid',(#11197));
#11199=IFCPRODUCTDEFINITIONSHAPE($,$,(#11198));
#11200=IFCCOLUMN('1lL17TRu1JzgkEYhjZA19n',$,'Column Level 16 19','Perimeter column',$,#11207,#11218,$,$);
#11201=IFCMATERIALPROFILESETUSAGE(#285,$,$);
#11202=IFCRELASSOCIATESMATERIAL('0BmrLARKLHtORFzhhnQaMG',$,$,$,(#11200),#11201);
#11203=IFCCARTESIANPOINT((7.536446234345246,-16.375433805707008,0.));
#11204=IFCDIRECTION((0.,0.,1.));
#11205=IFCDIRECTION((1.,0.,0.));
#11206=IFCAXIS2PLACEMENT3D(#11203,#11204,#11205);
#11207=IFCLOCALPLACEMENT(#190,#11206);
#11208=IFCCARTESIANPOINTLIST2D(((0.,0.),(0.65,0.),(0.65,0.65),(0.,0.65)));
#11209=IFCINDEXEDPOLYCURVE(#11208,(IFCLINEINDEX((1,2,3,4,1))),$);
#11210=IFCARBITRARYCLOSEDPROFILEDEF(.AREA.,$,#11209);
#11211=IFCCARTESIANPOINT((0.,0.,0.));
#11212=IFCDIRECTION((0.,0.,1.));
#11213=IFCDIRECTION((1.,0.,0.));
#11214=IFCAXIS2PLACEMENT3D(#11211,#11212,#11213);
#11215=IFCDIRECTION((0.,0.,1.));
#11216=IFCEXTRUDEDAREASOLID(#11210,#11214,#11215,3.2300000000000004);
#11217=IFCSHAPEREPRESENTATION(#11,'Body','SweptSolid',(#11216));
#11218=IFCPRODUCTDEFINITIONSHAPE($,$,(#11217));
#11219=IFCCOLUMN('0L2Idll2DNsec_q75WvAqQ',$,'Column Level 16 20','Perimeter column',$,#11226,#11237,$,$);
#11220=IFCMATERIALPROFILESETUSAGE(#285,$,$);
#11221=IFCRELASSOCIATESMATERIAL('1QdJMLdxPN4u6coMYdKBWT',$,$,$,(#11219),#11220);
#11222=IFCCARTESIANPOINT((-1.203789495748122,-14.23349691938416,0.));
#11223=IFCDIRECTION((0.,0.,1.));
#11224=IFCDIRECTION((1.,0.,0.));
#11225=IFCAXIS2PLACEMENT3D(#11222,#11223,#11224);
#11226=IFCLOCALPLACEMENT(#190,#11225);
#11227=IFCCARTESIANPOINTLIST2D(((0.,0.),(0.65,0.),(0.65,0.65),(0.,0.65)));
#11228=IFCINDEXEDPOLYCURVE(#11227,(IFCLINEINDEX((1,2,3,4,1))),$);
#11229=IFCARBITRARYCLOSEDPROFILEDEF(.AREA.,$,#11228);
#11230=IFCCARTESIANPOINT((0.,0.,0.));
#11231=IFCDIRECTION((0.,0.,1.));
#11232=IFCDIRECTION((1.,0.,0.));
#11233=IFCAXIS2PLACEMENT3D(#11230,#11231,#11232);
#11234=IFCDIRECTION((0.,0.,1.));
#11235=IFCEXTRUDEDAREASOLID(#11229,#11233,#11234,3.2300000000000004);
#11236=IFCSHAPEREPRESENTATION(#11,'Body','SweptSolid',(#11235));
#11237=IFCPRODUCTDEFINITIONSHAPE($,$,(#11236));
#11238=IFCCOLUMN('0Y2GsO45XPsvLFpuCXYpIp',$,'Column Level 16 21','Perimeter column',$,#11245,#11256,$,$);
#11239=IFCMATERIALPROFILESETUSAGE(#285,$,$);
#11240=IFCRELASSOCIATESMATERIAL('0BukxgqiPTx814rmImZfWs',$,$,$,(#11238),#11239);
#11241=IFCCARTESIANPOINT((-10.155162412444058,-13.299193485674058,0.));
#11242=IFCDIRECTION((0.,0.,1.));
#11243=IFCDIRECTION((1.,0.,0.));
#11244=IFCAXIS2PLACEMENT3D(#11241,#11242,#11243);
#11245=IFCLOCALPLACEMENT(#190,#11244);
#11246=IFCCARTESIANPOINTLIST2D(((0.,0.),(0.65,0.),(0.65,0.65),(0.,0.65)));
#11247=IFCINDEXEDPOLYCURVE(#11246,(IFCLINEINDEX((1,2,3,4,1))),$);
#11248=IFCARBITRARYCLOSEDPROFILEDEF(.AREA.,$,#11247);
#11249=IFCCARTESIANPOINT((0.,0.,0.));
#11250=IFCDIRECTION((0.,0.,1.));
#11251=IFCDIRECTION((1.,0.,0.));
#11252=IFCAXIS2PLACEMENT3D(#11249,#11250,#11251);
#11253=IFCDIRECTION((0.,0.,1.));
#11254=IFCEXTRUDEDAREASOLID(#11248,#11252,#11253,3.2300000000000004);
#11255=IFCSHAPEREPRESENTATION(#11,'Body','SweptSolid',(#11254));
#11256=IFCPRODUCTDEFINITIONSHAPE($,$,(#11255));
#11257=IFCCOLUMN('0GY6ODlrbPFPsoynd7jBpa',$,'Column Level 16 22','Perimeter column',$,#11264,#11275,$,$);
#11258=IFCMATERIALPROFILESETUSAGE(#285,$,$);
#11259=IFCRELASSOCIATESMATERIAL('2NSGJVAIHSEg663oPIF3tB',$,$,$,(#11257),#11258);
#11260=IFCCARTESIANPOINT((-17.82501821779173,-11.888557209211726,0.));
#11261=IFCDIRECTION((0.,0.,1.));
#11262=IFCDIRECTION((1.,0.,0.));
#11263=IFCAXIS2PLACEMENT3D(#11260,#11261,#11262);
#11264=IFCLOCALPLACEMENT(#190,#11263);
#11265=IFCCARTESIANPOINTLIST2D(((0.,0.),(0.65,0.),(0.65,0.65),(0.,0.65)));
#11266=IFCINDEXEDPOLYCURVE(#11265,(IFCLINEINDEX((1,2,3,4,1))),$);
#11267=IFCARBITRARYCLOSEDPROFILEDEF(.AREA.,$,#11266);
#11268=IFCCARTESIANPOINT((0.,0.,0.));
#11269=IFCDIRECTION((0.,0.,1.));
#11270=IFCDIRECTION((1.,0.,0.));
#11271=IFCAXIS2PLACEMENT3D(#11268,#11269,#11270);
#11272=IFCDIRECTION((0.,0.,1.));
#11273=IFCEXTRUDEDAREASOLID(#11267,#11271,#11272,3.2300000000000004);
#11274=IFCSHAPEREPRESENTATION(#11,'Body','SweptSolid',(#11273));
#11275=IFCPRODUCTDEFINITIONSHAPE($,$,(#11274));
#11276=IFCCOLUMN('366XL4aBrHjuzBTGAai52p',$,'Column Level 16 23','Perimeter column',$,#11283,#11294,$,$);
#11277=IFCMATERIALPROFILESETUSAGE(#285,$,$);
#11278=IFCRELASSOCIATESMATERIAL('2jYyZiK29GmgG2VMea9Xm8',$,$,$,(#11276),#11277);
#11279=IFCCARTESIANPOINT((-15.049961610240784,-4.9919465512047605,0.));
#11280=IFCDIRECTION((0.,0.,1.));
#11281=IFCDIRECTION((1.,0.,0.));
#11282=IFCAXIS2PLACEMENT3D(#11279,#11280,#11281);
#11283=IFCLOCALPLACEMENT(#190,#11282);
#11284=IFCCARTESIANPOINTLIST2D(((0.,0.),(0.65,0.),(0.65,0.65),(0.,0.65)));
#11285=IFCINDEXEDPOLYCURVE(#11284,(IFCLINEINDEX((1,2,3,4,1))),$);
#11286=IFCARBITRARYCLOSEDPROFILEDEF(.AREA.,$,#11285);
#11287=IFCCARTESIANPOINT((0.,0.,0.));
#11288=IFCDIRECTION((0.,0.,1.));
#11289=IFCDIRECTION((1.,0.,0.));
#11290=IFCAXIS2PLACEMENT3D(#11287,#11288,#11289);
#11291=IFCDIRECTION((0.,0.,1.));
#11292=IFCEXTRUDEDAREASOLID(#11286,#11290,#11291,3.2300000000000004);
#11293=IFCSHAPEREPRESENTATION(#11,'Body','SweptSolid',(#11292));
#11294=IFCPRODUCTDEFINITIONSHAPE($,$,(#11293));
#11295=IFCCOLUMN('3Fbvnr7krRTRvQnDRnUFOX',$,'Column Level 17 01','Perimeter column',$,#11302,#11313,$,$);
#11296=IFCMATERIALPROFILESETUSAGE(#285,$,$);
#11297=IFCRELASSOCIATESMATERIAL('3_Ge8TCXDQ1vbaivjz6Q9P',$,$,$,(#11295),#11296);
#11298=IFCCARTESIANPOINT((-14.366999999999999,-4.809,0.));
#11299=IFCDIRECTION((0.,0.,1.));
#11300=IFCDIRECTION((1.,0.,0.));
#11301=IFCAXIS2PLACEMENT3D(#11298,#11299,#11300);
#11302=IFCLOCALPLACEMENT(#197,#11301);
#11303=IFCCARTESIANPOINTLIST2D(((0.,0.),(0.65,0.),(0.65,0.65),(0.,0.65)));
#11304=IFCINDEXEDPOLYCURVE(#11303,(IFCLINEINDEX((1,2,3,4,1))),$);
#11305=IFCARBITRARYCLOSEDPROFILEDEF(.AREA.,$,#11304);
#11306=IFCCARTESIANPOINT((0.,0.,0.));
#11307=IFCDIRECTION((0.,0.,1.));
#11308=IFCDIRECTION((1.,0.,0.));
#11309=IFCAXIS2PLACEMENT3D(#11306,#11307,#11308);
#11310=IFCDIRECTION((0.,0.,1.));
#11311=IFCEXTRUDEDAREASOLID(#11305,#11309,#11310,3.2300000000000075);
#11312=IFCSHAPEREPRESENTATION(#11,'Body','SweptSolid',(#11311));
#11313=IFCPRODUCTDEFINITIONSHAPE($,$,(#11312));
#11314=IFCCOLUMN('3MdP7_UVbJEBHmtQ0vgBH3',$,'Column Level 17 02','Perimeter column',$,#11321,#11332,$,$);
#11315=IFCMATERIALPROFILESETUSAGE(#285,$,$);
#11316=IFCRELASSOCIATESMATERIAL('2kVnQtE19U2QuFuLyOY_$f',$,$,$,(#11314),#11315);
#11317=IFCCARTESIANPOINT((-23.26437071322312,-3.4537161214419045,0.));
#11318=IFCDIRECTION((0.,0.,1.));
#11319=IFCDIRECTION((1.,0.,0.));
#11320=IFCAXIS2PLACEMENT3D(#11317,#11318,#11319);
#11321=IFCLOCALPLACEMENT(#197,#11320);
#11322=IFCCARTESIANPOINTLIST2D(((0.,0.),(0.65,0.),(0.65,0.65),(0.,0.65)));
#11323=IFCINDEXEDPOLYCURVE(#11322,(IFCLINEINDEX((1,2,3,4,1))),$);
#11324=IFCARBITRARYCLOSEDPROFILEDEF(.AREA.,$,#11323);
#11325=IFCCARTESIANPOINT((0.,0.,0.));
#11326=IFCDIRECTION((0.,0.,1.));
#11327=IFCDIRECTION((1.,0.,0.));
#11328=IFCAXIS2PLACEMENT3D(#11325,#11326,#11327);
#11329=IFCDIRECTION((0.,0.,1.));
#11330=IFCEXTRUDEDAREASOLID(#11324,#11328,#11329,3.2300000000000075);
#11331=IFCSHAPEREPRESENTATION(#11,'Body','SweptSolid',(#11330));
#11332=IFCPRODUCTDEFINITIONSHAPE($,$,(#11331));
#11333=IFCCOLUMN('1k$7c4P$rKzxfmu0bzhUaG',$,'Column Level 17 03','Perimeter column',$,#11340,#11351,$,$);
#11334=IFCMATERIALPROFILESETUSAGE(#285,$,$);
#11335=IFCRELASSOCIATESMATERIAL('2yThgP4HDINvLdUD0N_jjM',$,$,$,(#11333),#11334);
#11336=IFCCARTESIANPOINT((-32.16174142644625,-2.098432242883809,0.));
#11337=IFCDIRECTION((0.,0.,1.));
#11338=IFCDIRECTION((1.,0.,0.));
#11339=IFCAXIS2PLACEMENT3D(#11336,#11337,#11338);
#11340=IFCLOCALPLACEMENT(#197,#11339);
#11341=IFCCARTESIANPOINTLIST2D(((0.,0.),(0.65,0.),(0.65,0.65),(0.,0.65)));
#11342=IFCINDEXEDPOLYCURVE(#11341,(IFCLINEINDEX((1,2,3,4,1))),$);
#11343=IFCARBITRARYCLOSEDPROFILEDEF(.AREA.,$,#11342);
#11344=IFCCARTESIANPOINT((0.,0.,0.));
#11345=IFCDIRECTION((0.,0.,1.));
#11346=IFCDIRECTION((1.,0.,0.));
#11347=IFCAXIS2PLACEMENT3D(#11344,#11345,#11346);
#11348=IFCDIRECTION((0.,0.,1.));
#11349=IFCEXTRUDEDAREASOLID(#11343,#11347,#11348,3.2300000000000075);
#11350=IFCSHAPEREPRESENTATION(#11,'Body','SweptSolid',(#11349));
#11351=IFCPRODUCTDEFINITIONSHAPE($,$,(#11350));
#11352=IFCCOLUMN('1z0ksV7VzJzwU_g1oXRdbc',$,'Column Level 17 04','Perimeter column',$,#11359,#11370,$,$);
#11353=IFCMATERIALPROFILESETUSAGE(#285,$,$);
#11354=IFCRELASSOCIATESMATERIAL('1O3yRwvSfOn94y9xxX83Rd',$,$,$,(#11352),#11353);
#11355=IFCCARTESIANPOINT((-41.05911213966937,-0.7431483643257131,0.));
#11356=IFCDIRECTION((0.,0.,1.));
#11357=IFCDIRECTION((1.,0.,0.));
#11358=IFCAXIS2PLACEMENT3D(#11355,#11356,#11357);
#11359=IFCLOCALPLACEMENT(#197,#11358);
#11360=IFCCARTESIANPOINTLIST2D(((0.,0.),(0.65,0.),(0.65,0.65),(0.,0.65)));
#11361=IFCINDEXEDPOLYCURVE(#11360,(IFCLINEINDEX((1,2,3,4,1))),$);
#11362=IFCARBITRARYCLOSEDPROFILEDEF(.AREA.,$,#11361);
#11363=IFCCARTESIANPOINT((0.,0.,0.));
#11364=IFCDIRECTION((0.,0.,1.));
#11365=IFCDIRECTION((1.,0.,0.));
#11366=IFCAXIS2PLACEMENT3D(#11363,#11364,#11365);
#11367=IFCDIRECTION((0.,0.,1.));
#11368=IFCEXTRUDEDAREASOLID(#11362,#11366,#11367,3.2300000000000075);
#11369=IFCSHAPEREPRESENTATION(#11,'Body','SweptSolid',(#11368));
#11370=IFCPRODUCTDEFINITIONSHAPE($,$,(#11369));
#11371=IFCCOLUMN('3KI5QCyhPIlOLBKt10gW9l',$,'Column Level 17 05','Perimeter column',$,#11378,#11389,$,$);
#11372=IFCMATERIALPROFILESETUSAGE(#285,$,$);
#11373=IFCRELASSOCIATESMATERIAL('0l1jyTFazSn9DO6SXasHPx',$,$,$,(#11371),#11372);
#11374=IFCCARTESIANPOINT((-44.071582587665986,-7.222748902956336,0.));
#11375=IFCDIRECTION((0.,0.,1.));
#11376=IFCDIRECTION((1.,0.,0.));
#11377=IFCAXIS2PLACEMENT3D(#11374,#11375,#11376);
#11378=IFCLOCALPLACEMENT(#197,#11377);
#11379=IFCCARTESIANPOINTLIST2D(((0.,0.),(0.65,0.),(0.65,0.65),(0.,0.65)));
#11380=IFCINDEXEDPOLYCURVE(#11379,(IFCLINEINDEX((1,2,3,4,1))),$);
#11381=IFCARBITRARYCLOSEDPROFILEDEF(.AREA.,$,#11380);
#11382=IFCCARTESIANPOINT((0.,0.,0.));
#11383=IFCDIRECTION((0.,0.,1.));
#11384=IFCDIRECTION((1.,0.,0.));
#11385=IFCAXIS2PLACEMENT3D(#11382,#11383,#11384);
#11386=IFCDIRECTION((0.,0.,1.));
#11387=IFCEXTRUDEDAREASOLID(#11381,#11385,#11386,3.2300000000000075);
#11388=IFCSHAPEREPRESENTATION(#11,'Body','SweptSolid',(#11387));
#11389=IFCPRODUCTDEFINITIONSHAPE($,$,(#11388));
#11390=IFCCOLUMN('2xNmmLQl9KrBA5TQINxwhG',$,'Column Level 17 06','Perimeter column',$,#11397,#11408,$,$);
#11391=IFCMATERIALPROFILESETUSAGE(#285,$,$);
#11392=IFCRELASSOCIATESMATERIAL('0PZcniLfnGFOvWv5fV9BWt',$,$,$,(#11390),#11391);
#11393=IFCCARTESIANPOINT((-45.24904594458293,-16.14539313228196,0.));
#11394=IFCDIRECTION((0.,0.,1.));
#11395=IFCDIRECTION((1.,0.,0.));
#11396=IFCAXIS2PLACEMENT3D(#11393,#11394,#11395);
#11397=IFCLOCALPLACEMENT(#197,#11396);
#11398=IFCCARTESIANPOINTLIST2D(((0.,0.),(0.65,0.),(0.65,0.65),(0.,0.65)));
#11399=IFCINDEXEDPOLYCURVE(#11398,(IFCLINEINDEX((1,2,3,4,1))),$);
#11400=IFCARBITRARYCLOSEDPROFILEDEF(.AREA.,$,#11399);
#11401=IFCCARTESIANPOINT((0.,0.,0.));
#11402=IFCDIRECTION((0.,0.,1.));
#11403=IFCDIRECTION((1.,0.,0.));
#11404=IFCAXIS2PLACEMENT3D(#11401,#11402,#11403);
#11405=IFCDIRECTION((0.,0.,1.));
#11406=IFCEXTRUDEDAREASOLID(#11400,#11404,#11405,3.2300000000000075);
#11407=IFCSHAPEREPRESENTATION(#11,'Body','SweptSolid',(#11406));
#11408=IFCPRODUCTDEFINITIONSHAPE($,$,(#11407));
#11409=IFCCOLUMN('39JbHvZ89Qk8G9XtblXW9H',$,'Column Level 17 07','Perimeter column',$,#11416,#11427,$,$);
#11410=IFCMATERIALPROFILESETUSAGE(#285,$,$);
#11411=IFCRELASSOCIATESMATERIAL('2kZOqlHLjTn8__s$zi79j4',$,$,$,(#11409),#11410);
#11412=IFCCARTESIANPOINT((-46.42650930149988,-25.068037361607583,0.));
#11413=IFCDIRECTION((0.,0.,1.));
#11414=IFCDIRECTION((1.,0.,0.));
#11415=IFCAXIS2PLACEMENT3D(#11412,#11413,#11414);
#11416=IFCLOCALPLACEMENT(#197,#11415);
#11417=IFCCARTESIANPOINTLIST2D(((0.,0.),(0.65,0.),(0.65,0.65),(0.,0.65)));
#11418=IFCINDEXEDPOLYCURVE(#11417,(IFCLINEINDEX((1,2,3,4,1))),$);
#11419=IFCARBITRARYCLOSEDPROFILEDEF(.AREA.,$,#11418);
#11420=IFCCARTESIANPOINT((0.,0.,0.));
#11421=IFCDIRECTION((0.,0.,1.));
#11422=IFCDIRECTION((1.,0.,0.));
#11423=IFCAXIS2PLACEMENT3D(#11420,#11421,#11422);
#11424=IFCDIRECTION((0.,0.,1.));
#11425=IFCEXTRUDEDAREASOLID(#11419,#11423,#11424,3.2300000000000075);
#11426=IFCSHAPEREPRESENTATION(#11,'Body','SweptSolid',(#11425));
#11427=IFCPRODUCTDEFINITIONSHAPE($,$,(#11426));
#11428=IFCCOLUMN('1BczgEfI5QTAI36rbnVvHN',$,'Column Level 17 08','Perimeter column',$,#11435,#11446,$,$);
#11429=IFCMATERIALPROFILESETUSAGE(#285,$,$);
#11430=IFCRELASSOCIATESMATERIAL('0lPHb53mPRiQ_znEA_a4IS',$,$,$,(#11428),#11429);
#11431=IFCCARTESIANPOINT((-45.07635774701313,-32.00759656610655,0.));
#11432=IFCDIRECTION((0.,0.,1.));
#11433=IFCDIRECTION((1.,0.,0.));
#11434=IFCAXIS2PLACEMENT3D(#11431,#11432,#11433);
#11435=IFCLOCALPLACEMENT(#197,#11434);
#11436=IFCCARTESIANPOINTLIST2D(((0.,0.),(0.65,0.),(0.65,0.65),(0.,0.65)));
#11437=IFCINDEXEDPOLYCURVE(#11436,(IFCLINEINDEX((1,2,3,4,1))),$);
#11438=IFCARBITRARYCLOSEDPROFILEDEF(.AREA.,$,#11437);
#11439=IFCCARTESIANPOINT((0.,0.,0.));
#11440=IFCDIRECTION((0.,0.,1.));
#11441=IFCDIRECTION((1.,0.,0.));
#11442=IFCAXIS2PLACEMENT3D(#11439,#11440,#11441);
#11443=IFCDIRECTION((0.,0.,1.));
#11444=IFCEXTRUDEDAREASOLID(#11438,#11442,#11443,3.2300000000000075);
#11445=IFCSHAPEREPRESENTATION(#11,'Body','SweptSolid',(#11444));
#11446=IFCPRODUCTDEFINITIONSHAPE($,$,(#11445));
#11447=IFCCOLUMN('36fkOnaqTUtQh3o3oduvZh',$,'Column Level 17 09','Perimeter column',$,#11454,#11465,$,$);
#11448=IFCMATERIALPROFILESETUSAGE(#285,$,$);
#11449=IFCRELASSOCIATESMATERIAL('3PXjB7OwnR4xsloJV42GZH',$,$,$,(#11447),#11448);
#11450=IFCCARTESIANPOINT((-36.129838980548755,-32.98729139680683,0.));
#11451=IFCDIRECTION((0.,0.,1.));
#11452=IFCDIRECTION((1.,0.,0.));
#11453=IFCAXIS2PLACEMENT3D(#11450,#11451,#11452);
#11454=IFCLOCALPLACEMENT(#197,#11453);
#11455=IFCCARTESIANPOINTLIST2D(((0.,0.),(0.65,0.),(0.65,0.65),(0.,0.65)));
#11456=IFCINDEXEDPOLYCURVE(#11455,(IFCLINEINDEX((1,2,3,4,1))),$);
#11457=IFCARBITRARYCLOSEDPROFILEDEF(.AREA.,$,#11456);
#11458=IFCCARTESIANPOINT((0.,0.,0.));
#11459=IFCDIRECTION((0.,0.,1.));
#11460=IFCDIRECTION((1.,0.,0.));
#11461=IFCAXIS2PLACEMENT3D(#11458,#11459,#11460);
#11462=IFCDIRECTION((0.,0.,1.));
#11463=IFCEXTRUDEDAREASOLID(#11457,#11461,#11462,3.2300000000000075);
#11464=IFCSHAPEREPRESENTATION(#11,'Body','SweptSolid',(#11463));
#11465=IFCPRODUCTDEFINITIONSHAPE($,$,(#11464));
#11466=IFCCOLUMN('1v9HUk4oTQIBDd6mUag0Bg',$,'Column Level 17 10','Perimeter column',$,#11473,#11484,$,$);
#11467=IFCMATERIALPROFILESETUSAGE(#285,$,$);
#11468=IFCRELASSOCIATESMATERIAL('1M3I5kYtzQSwXxwki04Pxp',$,$,$,(#11466),#11467);
#11469=IFCCARTESIANPOINT((-27.183320214084386,-33.966986227507114,0.));
#11470=IFCDIRECTION((0.,0.,1.));
#11471=IFCDIRECTION((1.,0.,0.));
#11472=IFCAXIS2PLACEMENT3D(#11469,#11470,#11471);
#11473=IFCLOCALPLACEMENT(#197,#11472);
#11474=IFCCARTESIANPOINTLIST2D(((0.,0.),(0.65,0.),(0.65,0.65),(0.,0.65)));
#11475=IFCINDEXEDPOLYCURVE(#11474,(IFCLINEINDEX((1,2,3,4,1))),$);
#11476=IFCARBITRARYCLOSEDPROFILEDEF(.AREA.,$,#11475);
#11477=IFCCARTESIANPOINT((0.,0.,0.));
#11478=IFCDIRECTION((0.,0.,1.));
#11479=IFCDIRECTION((1.,0.,0.));
#11480=IFCAXIS2PLACEMENT3D(#11477,#11478,#11479);
#11481=IFCDIRECTION((0.,0.,1.));
#11482=IFCEXTRUDEDAREASOLID(#11476,#11480,#11481,3.2300000000000075);
#11483=IFCSHAPEREPRESENTATION(#11,'Body','SweptSolid',(#11482));
#11484=IFCPRODUCTDEFINITIONSHAPE($,$,(#11483));
#11485=IFCCOLUMN('3s7p8D0G1QrP5$J8n$eY2n',$,'Column Level 17 11','Perimeter column',$,#11492,#11503,$,$);
#11486=IFCMATERIALPROFILESETUSAGE(#285,$,$);
#11487=IFCRELASSOCIATESMATERIAL('0kzlRtXznJzRiGaRl$4VGl',$,$,$,(#11485),#11486);
#11488=IFCCARTESIANPOINT((-18.354802221190425,-34.789166319467874,0.));
#11489=IFCDIRECTION((0.,0.,1.));
#11490=IFCDIRECTION((1.,0.,0.));
#11491=IFCAXIS2PLACEMENT3D(#11488,#11489,#11490);
#11492=IFCLOCALPLACEMENT(#197,#11491);
#11493=IFCCARTESIANPOINTLIST2D(((0.,0.),(0.65,0.),(0.65,0.65),(0.,0.65)));
#11494=IFCINDEXEDPOLYCURVE(#11493,(IFCLINEINDEX((1,2,3,4,1))),$);
#11495=IFCARBITRARYCLOSEDPROFILEDEF(.AREA.,$,#11494);
#11496=IFCCARTESIANPOINT((0.,0.,0.));
#11497=IFCDIRECTION((0.,0.,1.));
#11498=IFCDIRECTION((1.,0.,0.));
#11499=IFCAXIS2PLACEMENT3D(#11496,#11497,#11498);
#11500=IFCDIRECTION((0.,0.,1.));
#11501=IFCEXTRUDEDAREASOLID(#11495,#11499,#11500,3.2300000000000075);
#11502=IFCSHAPEREPRESENTATION(#11,'Body','SweptSolid',(#11501));
#11503=IFCPRODUCTDEFINITIONSHAPE($,$,(#11502));
#11504=IFCCOLUMN('1NHwsbPmnN1wRRuqP6X8uD',$,'Column Level 17 12','Perimeter column',$,#11511,#11522,$,$);
#11505=IFCMATERIALPROFILESETUSAGE(#285,$,$);
#11506=IFCRELASSOCIATESMATERIAL('3x9VgcAGPVtu8jiT8ePMx6',$,$,$,(#11504),#11505);
#11507=IFCCARTESIANPOINT((-19.291088549384344,-27.412991121122438,0.));
#11508=IFCDIRECTION((0.,0.,1.));
#11509=IFCDIRECTION((1.,0.,0.));
#11510=IFCAXIS2PLACEMENT3D(#11507,#11508,#11509);
#11511=IFCLOCALPLACEMENT(#197,#11510);
#11512=IFCCARTESIANPOINTLIST2D(((0.,0.),(0.65,0.),(0.65,0.65),(0.,0.65)));
#11513=IFCINDEXEDPOLYCURVE(#11512,(IFCLINEINDEX((1,2,3,4,1))),$);
#11514=IFCARBITRARYCLOSEDPROFILEDEF(.AREA.,$,#11513);
#11515=IFCCARTESIANPOINT((0.,0.,0.));
#11516=IFCDIRECTION((0.,0.,1.));
#11517=IFCDIRECTION((1.,0.,0.));
#11518=IFCAXIS2PLACEMENT3D(#11515,#11516,#11517);
#11519=IFCDIRECTION((0.,0.,1.));
#11520=IFCEXTRUDEDAREASOLID(#11514,#11518,#11519,3.2300000000000075);
#11521=IFCSHAPEREPRESENTATION(#11,'Body','SweptSolid',(#11520));
#11522=IFCPRODUCTDEFINITIONSHAPE($,$,(#11521));
#11523=IFCCOLUMN('2sba5SRFDPd81TSADVnnLA',$,'Column Level 17 13','Perimeter column',$,#11530,#11541,$,$);
#11524=IFCMATERIALPROFILESETUSAGE(#285,$,$);
#11525=IFCRELASSOCIATESMATERIAL('27W_xZdRbT5fu4tmcSCPf4',$,$,$,(#11523),#11524);
#11526=IFCCARTESIANPOINT((-10.837267828325153,-29.34095037000381,0.));
#11527=IFCDIRECTION((0.,0.,1.));
#11528=IFCDIRECTION((1.,0.,0.));
#11529=IFCAXIS2PLACEMENT3D(#11526,#11527,#11528);
#11530=IFCLOCALPLACEMENT(#197,#11529);
#11531=IFCCARTESIANPOINTLIST2D(((0.,0.),(0.65,0.),(0.65,0.65),(0.,0.65)));
#11532=IFCINDEXEDPOLYCURVE(#11531,(IFCLINEINDEX((1,2,3,4,1))),$);
#11533=IFCARBITRARYCLOSEDPROFILEDEF(.AREA.,$,#11532);
#11534=IFCCARTESIANPOINT((0.,0.,0.));
#11535=IFCDIRECTION((0.,0.,1.));
#11536=IFCDIRECTION((1.,0.,0.));
#11537=IFCAXIS2PLACEMENT3D(#11534,#11535,#11536);
#11538=IFCDIRECTION((0.,0.,1.));
#11539=IFCEXTRUDEDAREASOLID(#11533,#11537,#11538,3.2300000000000075);
#11540=IFCSHAPEREPRESENTATION(#11,'Body','SweptSolid',(#11539));
#11541=IFCPRODUCTDEFINITIONSHAPE($,$,(#11540));
#11542=IFCCOLUMN('3kyAEdjFvKTgLBBR9hkF5u',$,'Column Level 17 14','Perimeter column',$,#11549,#11560,$,$);
#11543=IFCMATERIALPROFILESETUSAGE(#285,$,$);
#11544=IFCRELASSOCIATESMATERIAL('0mU07AEV1GWvXdUOHnLhoH',$,$,$,(#11542),#11543);
#11545=IFCCARTESIANPOINT((-1.983358975416875,-30.872449209509814,0.));
#11546=IFCDIRECTION((0.,0.,1.));
#11547=IFCDIRECTION((1.,0.,0.));
#11548=IFCAXIS2PLACEMENT3D(#11545,#11546,#11547);
#11549=IFCLOCALPLACEMENT(#197,#11548);
#11550=IFCCARTESIANPOINTLIST2D(((0.,0.),(0.65,0.),(0.65,0.65),(0.,0.65)));
#11551=IFCINDEXEDPOLYCURVE(#11550,(IFCLINEINDEX((1,2,3,4,1))),$);
#11552=IFCARBITRARYCLOSEDPROFILEDEF(.AREA.,$,#11551);
#11553=IFCCARTESIANPOINT((0.,0.,0.));
#11554=IFCDIRECTION((0.,0.,1.));
#11555=IFCDIRECTION((1.,0.,0.));
#11556=IFCAXIS2PLACEMENT3D(#11553,#11554,#11555);
#11557=IFCDIRECTION((0.,0.,1.));
#11558=IFCEXTRUDEDAREASOLID(#11552,#11556,#11557,3.2300000000000075);
#11559=IFCSHAPEREPRESENTATION(#11,'Body','SweptSolid',(#11558));
#11560=IFCPRODUCTDEFINITIONSHAPE($,$,(#11559));
#11561=IFCCOLUMN('1y1qbvyofJEA0AZQq8e4Bv',$,'Column Level 17 15','Perimeter column',$,#11568,#11579,$,$);
#11562=IFCMATERIALPROFILESETUSAGE(#285,$,$);
#11563=IFCRELASSOCIATESMATERIAL('38$Sho_$fJ0ftG$zv3xjyG',$,$,$,(#11561),#11562);
#11564=IFCCARTESIANPOINT((6.985019254072802,-31.437961857069087,0.));
#11565=IFCDIRECTION((0.,0.,1.));
#11566=IFCDIRECTION((1.,0.,0.));
#11567=IFCAXIS2PLACEMENT3D(#11564,#11565,#11566);
#11568=IFCLOCALPLACEMENT(#197,#11567);
#11569=IFCCARTESIANPOINTLIST2D(((0.,0.),(0.65,0.),(0.65,0.65),(0.,0.65)));
#11570=IFCINDEXEDPOLYCURVE(#11569,(IFCLINEINDEX((1,2,3,4,1))),$);
#11571=IFCARBITRARYCLOSEDPROFILEDEF(.AREA.,$,#11570);
#11572=IFCCARTESIANPOINT((0.,0.,0.));
#11573=IFCDIRECTION((0.,0.,1.));
#11574=IFCDIRECTION((1.,0.,0.));
#11575=IFCAXIS2PLACEMENT3D(#11572,#11573,#11574);
#11576=IFCDIRECTION((0.,0.,1.));
#11577=IFCEXTRUDEDAREASOLID(#11571,#11575,#11576,3.2300000000000075);
#11578=IFCSHAPEREPRESENTATION(#11,'Body','SweptSolid',(#11577));
#11579=IFCPRODUCTDEFINITIONSHAPE($,$,(#11578));
#11580=IFCCOLUMN('3ta6zOA8jVgvyZL8fIj8Zi',$,'Column Level 17 16','Perimeter column',$,#11587,#11598,$,$);
#11581=IFCMATERIALPROFILESETUSAGE(#285,$,$);
#11582=IFCRELASSOCIATESMATERIAL('2rFMEBabvV0g0km4pzW5Up',$,$,$,(#11580),#11581);
#11583=IFCCARTESIANPOINT((14.875140788779085,-29.828514918432276,0.));
#11584=IFCDIRECTION((0.,0.,1.));
#11585=IFCDIRECTION((1.,0.,0.));
#11586=IFCAXIS2PLACEMENT3D(#11583,#11584,#11585);
#11587=IFCLOCALPLACEMENT(#197,#11586);
#11588=IFCCARTESIANPOINTLIST2D(((0.,0.),(0.65,0.),(0.65,0.65),(0.,0.65)));
#11589=IFCINDEXEDPOLYCURVE(#11588,(IFCLINEINDEX((1,2,3,4,1))),$);
#11590=IFCARBITRARYCLOSEDPROFILEDEF(.AREA.,$,#11589);
#11591=IFCCARTESIANPOINT((0.,0.,0.));
#11592=IFCDIRECTION((0.,0.,1.));
#11593=IFCDIRECTION((1.,0.,0.));
#11594=IFCAXIS2PLACEMENT3D(#11591,#11592,#11593);
#11595=IFCDIRECTION((0.,0.,1.));
#11596=IFCEXTRUDEDAREASOLID(#11590,#11594,#11595,3.2300000000000075);
#11597=IFCSHAPEREPRESENTATION(#11,'Body','SweptSolid',(#11596));
#11598=IFCPRODUCTDEFINITIONSHAPE($,$,(#11597));
#11599=IFCCOLUMN('0wvzdvkcbRnOCtEV8LU0yx',$,'Column Level 17 17','Perimeter column',$,#11606,#11617,$,$);
#11600=IFCMATERIALPROFILESETUSAGE(#285,$,$);
#11601=IFCRELASSOCIATESMATERIAL('3L7BoW0jfTCOpxTmhMQtdS',$,$,$,(#11599),#11600);
#11602=IFCCARTESIANPOINT((14.600722547528761,-23.893745029864924,0.));
#11603=IFCDIRECTION((0.,0.,1.));
#11604=IFCDIRECTION((1.,0.,0.));
#11605=IFCAXIS2PLACEMENT3D(#11602,#11603,#11604);
#11606=IFCLOCALPLACEMENT(#197,#11605);
#11607=IFCCARTESIANPOINTLIST2D(((0.,0.),(0.65,0.),(0.65,0.65),(0.,0.65)));
#11608=IFCINDEXEDPOLYCURVE(#11607,(IFCLINEINDEX((1,2,3,4,1))),$);
#11609=IFCARBITRARYCLOSEDPROFILEDEF(.AREA.,$,#11608);
#11610=IFCCARTESIANPOINT((0.,0.,0.));
#11611=IFCDIRECTION((0.,0.,1.));
#11612=IFCDIRECTION((1.,0.,0.));
#11613=IFCAXIS2PLACEMENT3D(#11610,#11611,#11612);
#11614=IFCDIRECTION((0.,0.,1.));
#11615=IFCEXTRUDEDAREASOLID(#11609,#11613,#11614,3.2300000000000075);
#11616=IFCSHAPEREPRESENTATION(#11,'Body','SweptSolid',(#11615));
#11617=IFCPRODUCTDEFINITIONSHAPE($,$,(#11616));
#11618=IFCCOLUMN('3r3PlDOHDMbvA9gMcchJyV',$,'Column Level 17 18','Perimeter column',$,#11625,#11636,$,$);
#11619=IFCMATERIALPROFILESETUSAGE(#285,$,$);
#11620=IFCRELASSOCIATESMATERIAL('1QSTQAp7fV5gTfoF8o2ko3',$,$,$,(#11618),#11619);
#11621=IFCCARTESIANPOINT((12.990049693467657,-17.926602996658964,0.));
#11622=IFCDIRECTION((0.,0.,1.));
#11623=IFCDIRECTION((1.,0.,0.));
#11624=IFCAXIS2PLACEMENT3D(#11621,#11622,#11623);
#11625=IFCLOCALPLACEMENT(#197,#11624);
#11626=IFCCARTESIANPOINTLIST2D(((0.,0.),(0.65,0.),(0.65,0.65),(0.,0.65)));
#11627=IFCINDEXEDPOLYCURVE(#11626,(IFCLINEINDEX((1,2,3,4,1))),$);
#11628=IFCARBITRARYCLOSEDPROFILEDEF(.AREA.,$,#11627);
#11629=IFCCARTESIANPOINT((0.,0.,0.));
#11630=IFCDIRECTION((0.,0.,1.));
#11631=IFCDIRECTION((1.,0.,0.));
#11632=IFCAXIS2PLACEMENT3D(#11629,#11630,#11631);
#11633=IFCDIRECTION((0.,0.,1.));
#11634=IFCEXTRUDEDAREASOLID(#11628,#11632,#11633,3.2300000000000075);
#11635=IFCSHAPEREPRESENTATION(#11,'Body','SweptSolid',(#11634));
#11636=IFCPRODUCTDEFINITIONSHAPE($,$,(#11635));
#11637=IFCCOLUMN('3FYaAUbl5PNw_j7VrgFsIl',$,'Column Level 17 19','Perimeter column',$,#11644,#11655,$,$);
#11638=IFCMATERIALPROFILESETUSAGE(#285,$,$);
#11639=IFCRELASSOCIATESMATERIAL('3zetob4SPGcxlzTvAlK9BX',$,$,$,(#11637),#11638);
#11640=IFCCARTESIANPOINT((4.428925348669187,-15.23987803501509,0.));
#11641=IFCDIRECTION((0.,0.,1.));
#11642=IFCDIRECTION((1.,0.,0.));
#11643=IFCAXIS2PLACEMENT3D(#11640,#11641,#11642);
#11644=IFCLOCALPLACEMENT(#197,#11643);
#11645=IFCCARTESIANPOINTLIST2D(((0.,0.),(0.65,0.),(0.65,0.65),(0.,0.65)));
#11646=IFCINDEXEDPOLYCURVE(#11645,(IFCLINEINDEX((1,2,3,4,1))),$);
#11647=IFCARBITRARYCLOSEDPROFILEDEF(.AREA.,$,#11646);
#11648=IFCCARTESIANPOINT((0.,0.,0.));
#11649=IFCDIRECTION((0.,0.,1.));
#11650=IFCDIRECTION((1.,0.,0.));
#11651=IFCAXIS2PLACEMENT3D(#11648,#11649,#11650);
#11652=IFCDIRECTION((0.,0.,1.));
#11653=IFCEXTRUDEDAREASOLID(#11647,#11651,#11652,3.2300000000000075);
#11654=IFCSHAPEREPRESENTATION(#11,'Body','SweptSolid',(#11653));
#11655=IFCPRODUCTDEFINITIONSHAPE($,$,(#11654));
#11656=IFCCOLUMN('0pRyOSa3TJDgWu3AAOYdFV',$,'Column Level 17 20','Perimeter column',$,#11663,#11674,$,$);
#11657=IFCMATERIALPROFILESETUSAGE(#285,$,$);
#11658=IFCRELASSOCIATESMATERIAL('1vTtzLxBXKnvDxp86$35SV',$,$,$,(#11656),#11657);
#11659=IFCCARTESIANPOINT((-4.397504783572101,-13.589130045933192,0.));
#11660=IFCDIRECTION((0.,0.,1.));
#11661=IFCDIRECTION((1.,0.,0.));
#11662=IFCAXIS2PLACEMENT3D(#11659,#11660,#11661);
#11663=IFCLOCALPLACEMENT(#197,#11662);
#11664=IFCCARTESIANPOINTLIST2D(((0.,0.),(0.65,0.),(0.65,0.65),(0.,0.65)));
#11665=IFCINDEXEDPOLYCURVE(#11664,(IFCLINEINDEX((1,2,3,4,1))),$);
#11666=IFCARBITRARYCLOSEDPROFILEDEF(.AREA.,$,#11665);
#11667=IFCCARTESIANPOINT((0.,0.,0.));
#11668=IFCDIRECTION((0.,0.,1.));
#11669=IFCDIRECTION((1.,0.,0.));
#11670=IFCAXIS2PLACEMENT3D(#11667,#11668,#11669);
#11671=IFCDIRECTION((0.,0.,1.));
#11672=IFCEXTRUDEDAREASOLID(#11666,#11670,#11671,3.2300000000000075);
#11673=IFCSHAPEREPRESENTATION(#11,'Body','SweptSolid',(#11672));
#11674=IFCPRODUCTDEFINITIONSHAPE($,$,(#11673));
#11675=IFCCOLUMN('3J5kr11r1Sjh6odnKZ4vXW',$,'Column Level 17 21','Perimeter column',$,#11682,#11693,$,$);
#11676=IFCMATERIALPROFILESETUSAGE(#285,$,$);
#11677=IFCRELASSOCIATESMATERIAL('2_LWU0e2LU2uotdIJrHOKN',$,$,$,(#11675),#11676);
#11678=IFCCARTESIANPOINT((-13.36369308553625,-12.904493349008987,0.));
#11679=IFCDIRECTION((0.,0.,1.));
#11680=IFCDIRECTION((1.,0.,0.));
#11681=IFCAXIS2PLACEMENT3D(#11678,#11679,#11680);
#11682=IFCLOCALPLACEMENT(#197,#11681);
#11683=IFCCARTESIANPOINTLIST2D(((0.,0.),(0.65,0.),(0.65,0.65),(0.,0.65)));
#11684=IFCINDEXEDPOLYCURVE(#11683,(IFCLINEINDEX((1,2,3,4,1))),$);
#11685=IFCARBITRARYCLOSEDPROFILEDEF(.AREA.,$,#11684);
#11686=IFCCARTESIANPOINT((0.,0.,0.));
#11687=IFCDIRECTION((0.,0.,1.));
#11688=IFCDIRECTION((1.,0.,0.));
#11689=IFCAXIS2PLACEMENT3D(#11686,#11687,#11688);
#11690=IFCDIRECTION((0.,0.,1.));
#11691=IFCEXTRUDEDAREASOLID(#11685,#11689,#11690,3.2300000000000075);
#11692=IFCSHAPEREPRESENTATION(#11,'Body','SweptSolid',(#11691));
#11693=IFCPRODUCTDEFINITIONSHAPE($,$,(#11692));
#11694=IFCCOLUMN('3OIZI9M_9VPuJMnRQfdPCa',$,'Column Level 17 22','Perimeter column',$,#11701,#11712,$,$);
#11695=IFCMATERIALPROFILESETUSAGE(#285,$,$);
#11696=IFCRELASSOCIATESMATERIAL('21_00c_U1HDBzvOdHxXh_Y',$,$,$,(#11694),#11695);
#11697=IFCCARTESIANPOINT((-14.838470567459558,-9.719246462942875,0.));
#11698=IFCDIRECTION((0.,0.,1.));
#11699=IFCDIRECTION((1.,0.,0.));
#11700=IFCAXIS2PLACEMENT3D(#11697,#11698,#11699);
#11701=IFCLOCALPLACEMENT(#197,#11700);
#11702=IFCCARTESIANPOINTLIST2D(((0.,0.),(0.65,0.),(0.65,0.65),(0.,0.65)));
#11703=IFCINDEXEDPOLYCURVE(#11702,(IFCLINEINDEX((1,2,3,4,1))),$);
#11704=IFCARBITRARYCLOSEDPROFILEDEF(.AREA.,$,#11703);
#11705=IFCCARTESIANPOINT((0.,0.,0.));
#11706=IFCDIRECTION((0.,0.,1.));
#11707=IFCDIRECTION((1.,0.,0.));
#11708=IFCAXIS2PLACEMENT3D(#11705,#11706,#11707);
#11709=IFCDIRECTION((0.,0.,1.));
#11710=IFCEXTRUDEDAREASOLID(#11704,#11708,#11709,3.2300000000000075);
#11711=IFCSHAPEREPRESENTATION(#11,'Body','SweptSolid',(#11710));
#11712=IFCPRODUCTDEFINITIONSHAPE($,$,(#11711));
#11713=IFCCOLUMN('0ate5nliDVdwUT29PjwpKd',$,'Column Level 18 01','Perimeter column',$,#11720,#11731,$,$);
#11714=IFCMATERIALPROFILESETUSAGE(#285,$,$);
#11715=IFCRELASSOCIATESMATERIAL('2J7bdCW$PMhRZYqI6pKYzk',$,$,$,(#11713),#11714);
#11716=IFCCARTESIANPOINT((-13.674999999999999,-4.726,0.));
#11717=IFCDIRECTION((0.,0.,1.));
#11718=IFCDIRECTION((1.,0.,0.));
#11719=IFCAXIS2PLACEMENT3D(#11716,#11717,#11718);
#11720=IFCLOCALPLACEMENT(#204,#11719);
#11721=IFCCARTESIANPOINTLIST2D(((0.,0.),(0.65,0.),(0.65,0.65),(0.,0.65)));
#11722=IFCINDEXEDPOLYCURVE(#11721,(IFCLINEINDEX((1,2,3,4,1))),$);
#11723=IFCARBITRARYCLOSEDPROFILEDEF(.AREA.,$,#11722);
#11724=IFCCARTESIANPOINT((0.,0.,0.));
#11725=IFCDIRECTION((0.,0.,1.));
#11726=IFCDIRECTION((1.,0.,0.));
#11727=IFCAXIS2PLACEMENT3D(#11724,#11725,#11726);
#11728=IFCDIRECTION((0.,0.,1.));
#11729=IFCEXTRUDEDAREASOLID(#11723,#11727,#11728,3.2299999999999933);
#11730=IFCSHAPEREPRESENTATION(#11,'Body','SweptSolid',(#11729));
#11731=IFCPRODUCTDEFINITIONSHAPE($,$,(#11730));
#11732=IFCCOLUMN('3PlRcGd0rSfeao6zQho$SF',$,'Column Level 18 02','Perimeter column',$,#11739,#11750,$,$);
#11733=IFCMATERIALPROFILESETUSAGE(#285,$,$);
#11734=IFCRELASSOCIATESMATERIAL('2uz866Dw1Iz92qFXTRNISB',$,$,$,(#11732),#11733);
#11735=IFCCARTESIANPOINT((-22.57180363319662,-3.366998486998849,0.));
#11736=IFCDIRECTION((0.,0.,1.));
#11737=IFCDIRECTION((1.,0.,0.));
#11738=IFCAXIS2PLACEMENT3D(#11735,#11736,#11737);
#11739=IFCLOCALPLACEMENT(#204,#11738);
#11740=IFCCARTESIANPOINTLIST2D(((0.,0.),(0.65,0.),(0.65,0.65),(0.,0.65)));
#11741=IFCINDEXEDPOLYCURVE(#11740,(IFCLINEINDEX((1,2,3,4,1))),$);
#11742=IFCARBITRARYCLOSEDPROFILEDEF(.AREA.,$,#11741);
#11743=IFCCARTESIANPOINT((0.,0.,0.));
#11744=IFCDIRECTION((0.,0.,1.));
#11745=IFCDIRECTION((1.,0.,0.));
#11746=IFCAXIS2PLACEMENT3D(#11743,#11744,#11745);
#11747=IFCDIRECTION((0.,0.,1.));
#11748=IFCEXTRUDEDAREASOLID(#11742,#11746,#11747,3.2299999999999933);
#11749=IFCSHAPEREPRESENTATION(#11,'Body','SweptSolid',(#11748));
#11750=IFCPRODUCTDEFINITIONSHAPE($,$,(#11749));
#11751=IFCCOLUMN('1wAbiBKrzMFAksEi_jqrAO',$,'Column Level 18 03','Perimeter column',$,#11758,#11769,$,$);
#11752=IFCMATERIALPROFILESETUSAGE(#285,$,$);
#11753=IFCRELASSOCIATESMATERIAL('1B_IbYmpvSpO08URU5ausC',$,$,$,(#11751),#11752);
#11754=IFCCARTESIANPOINT((-31.46860726639324,-2.0079969739976975,0.));
#11755=IFCDIRECTION((0.,0.,1.));
#11756=IFCDIRECTION((1.,0.,0.));
#11757=IFCAXIS2PLACEMENT3D(#11754,#11755,#11756);
#11758=IFCLOCALPLACEMENT(#204,#11757);
#11759=IFCCARTESIANPOINTLIST2D(((0.,0.),(0.65,0.),(0.65,0.65),(0.,0.65)));
#11760=IFCINDEXEDPOLYCURVE(#11759,(IFCLINEINDEX((1,2,3,4,1))),$);
#11761=IFCARBITRARYCLOSEDPROFILEDEF(.AREA.,$,#11760);
#11762=IFCCARTESIANPOINT((0.,0.,0.));
#11763=IFCDIRECTION((0.,0.,1.));
#11764=IFCDIRECTION((1.,0.,0.));
#11765=IFCAXIS2PLACEMENT3D(#11762,#11763,#11764);
#11766=IFCDIRECTION((0.,0.,1.));
#11767=IFCEXTRUDEDAREASOLID(#11761,#11765,#11766,3.2299999999999933);
#11768=IFCSHAPEREPRESENTATION(#11,'Body','SweptSolid',(#11767));
#11769=IFCPRODUCTDEFINITIONSHAPE($,$,(#11768));
#11770=IFCCOLUMN('29BpimB5HMFBXaKtZ2SSh_',$,'Column Level 18 04','Perimeter column',$,#11777,#11788,$,$);
#11771=IFCMATERIALPROFILESETUSAGE(#285,$,$);
#11772=IFCRELASSOCIATESMATERIAL('0ow2mbKoPIOP98r32r9OT4',$,$,$,(#11770),#11771);
#11773=IFCCARTESIANPOINT((-40.36541089958986,-0.6489954609965458,0.));
#11774=IFCDIRECTION((0.,0.,1.));
#11775=IFCDIRECTION((1.,0.,0.));
#11776=IFCAXIS2PLACEMENT3D(#11773,#11774,#11775);
#11777=IFCLOCALPLACEMENT(#204,#11776);
#11778=IFCCARTESIANPOINTLIST2D(((0.,0.),(0.65,0.),(0.65,0.65),(0.,0.65)));
#11779=IFCINDEXEDPOLYCURVE(#11778,(IFCLINEINDEX((1,2,3,4,1))),$);
#11780=IFCARBITRARYCLOSEDPROFILEDEF(.AREA.,$,#11779);
#11781=IFCCARTESIANPOINT((0.,0.,0.));
#11782=IFCDIRECTION((0.,0.,1.));
#11783=IFCDIRECTION((1.,0.,0.));
#11784=IFCAXIS2PLACEMENT3D(#11781,#11782,#11783);
#11785=IFCDIRECTION((0.,0.,1.));
#11786=IFCEXTRUDEDAREASOLID(#11780,#11784,#11785,3.2299999999999933);
#11787=IFCSHAPEREPRESENTATION(#11,'Body','SweptSolid',(#11786));
#11788=IFCPRODUCTDEFINITIONSHAPE($,$,(#11787));
#11789=IFCCOLUMN('1UhzGpRWfMrfMTFNhbPS9M',$,'Column Level 18 05','Perimeter column',$,#11796,#11807,$,$);
#11790=IFCMATERIALPROFILESETUSAGE(#285,$,$);
#11791=IFCRELASSOCIATESMATERIAL('1h_pTiirnIEPlafH6Ds3Ki',$,$,$,(#11789),#11790);
#11792=IFCCARTESIANPOINT((-42.837573281922936,-7.846766204408832,0.));
#11793=IFCDIRECTION((0.,0.,1.));
#11794=IFCDIRECTION((1.,0.,0.));
#11795=IFCAXIS2PLACEMENT3D(#11792,#11793,#11794);
#11796=IFCLOCALPLACEMENT(#204,#11795);
#11797=IFCCARTESIANPOINTLIST2D(((0.,0.),(0.65,0.),(0.65,0.65),(0.,0.65)));
#11798=IFCINDEXEDPOLYCURVE(#11797,(IFCLINEINDEX((1,2,3,4,1))),$);
#11799=IFCARBITRARYCLOSEDPROFILEDEF(.AREA.,$,#11798);
#11800=IFCCARTESIANPOINT((0.,0.,0.));
#11801=IFCDIRECTION((0.,0.,1.));
#11802=IFCDIRECTION((1.,0.,0.));
#11803=IFCAXIS2PLACEMENT3D(#11800,#11801,#11802);
#11804=IFCDIRECTION((0.,0.,1.));
#11805=IFCEXTRUDEDAREASOLID(#11799,#11803,#11804,3.2299999999999933);
#11806=IFCSHAPEREPRESENTATION(#11,'Body','SweptSolid',(#11805));
#11807=IFCPRODUCTDEFINITIONSHAPE($,$,(#11806));
#11808=IFCCOLUMN('3hzQfvConU5BLWcOm0dgY0',$,'Column Level 18 06','Perimeter column',$,#11815,#11826,$,$);
#11809=IFCMATERIALPROFILESETUSAGE(#285,$,$);
#11810=IFCRELASSOCIATESMATERIAL('3KUShpKC1RYw6$JPQhBrU5',$,$,$,(#11808),#11809);
#11811=IFCCARTESIANPOINT((-44.01461523485436,-16.76946603355468,0.));
#11812=IFCDIRECTION((0.,0.,1.));
#11813=IFCDIRECTION((1.,0.,0.));
#11814=IFCAXIS2PLACEMENT3D(#11811,#11812,#11813);
#11815=IFCLOCALPLACEMENT(#204,#11814);
#11816=IFCCARTESIANPOINTLIST2D(((0.,0.),(0.65,0.),(0.65,0.65),(0.,0.65)));
#11817=IFCINDEXEDPOLYCURVE(#11816,(IFCLINEINDEX((1,2,3,4,1))),$);
#11818=IFCARBITRARYCLOSEDPROFILEDEF(.AREA.,$,#11817);
#11819=IFCCARTESIANPOINT((0.,0.,0.));
#11820=IFCDIRECTION((0.,0.,1.));
#11821=IFCDIRECTION((1.,0.,0.));
#11822=IFCAXIS2PLACEMENT3D(#11819,#11820,#11821);
#11823=IFCDIRECTION((0.,0.,1.));
#11824=IFCEXTRUDEDAREASOLID(#11818,#11822,#11823,3.2299999999999933);
#11825=IFCSHAPEREPRESENTATION(#11,'Body','SweptSolid',(#11824));
#11826=IFCPRODUCTDEFINITIONSHAPE($,$,(#11825));
#11827=IFCCOLUMN('2XvI7q10rIJhmXicEzogpa',$,'Column Level 18 07','Perimeter column',$,#11834,#11845,$,$);
#11828=IFCMATERIALPROFILESETUSAGE(#285,$,$);
#11829=IFCRELASSOCIATESMATERIAL('2EgRhmbdbLgAr93N5AAMlH',$,$,$,(#11827),#11828);
#11830=IFCCARTESIANPOINT((-45.191657187785786,-25.69216586270053,0.));
#11831=IFCDIRECTION((0.,0.,1.));
#11832=IFCDIRECTION((1.,0.,0.));
#11833=IFCAXIS2PLACEMENT3D(#11830,#11831,#11832);
#11834=IFCLOCALPLACEMENT(#204,#11833);
#11835=IFCCARTESIANPOINTLIST2D(((0.,0.),(0.65,0.),(0.65,0.65),(0.,0.65)));
#11836=IFCINDEXEDPOLYCURVE(#11835,(IFCLINEINDEX((1,2,3,4,1))),$);
#11837=IFCARBITRARYCLOSEDPROFILEDEF(.AREA.,$,#11836);
#11838=IFCCARTESIANPOINT((0.,0.,0.));
#11839=IFCDIRECTION((0.,0.,1.));
#11840=IFCDIRECTION((1.,0.,0.));
#11841=IFCAXIS2PLACEMENT3D(#11838,#11839,#11840);
#11842=IFCDIRECTION((0.,0.,1.));
#11843=IFCEXTRUDEDAREASOLID(#11837,#11841,#11842,3.2299999999999933);
#11844=IFCSHAPEREPRESENTATION(#11,'Body','SweptSolid',(#11843));
#11845=IFCPRODUCTDEFINITIONSHAPE($,$,(#11844));
#11846=IFCCOLUMN('0mytBrS0nOqAClj9pIale7',$,'Column Level 18 08','Perimeter column',$,#11853,#11864,$,$);
#11847=IFCMATERIALPROFILESETUSAGE(#285,$,$);
#11848=IFCRELASSOCIATESMATERIAL('0O2BlzJK1Mph5rayFTGyo8',$,$,$,(#11846),#11847);
#11849=IFCCARTESIANPOINT((-42.354532114536035,-31.464005611188888,0.));
#11850=IFCDIRECTION((0.,0.,1.));
#11851=IFCDIRECTION((1.,0.,0.));
#11852=IFCAXIS2PLACEMENT3D(#11849,#11850,#11851);
#11853=IFCLOCALPLACEMENT(#204,#11852);
#11854=IFCCARTESIANPOINTLIST2D(((0.,0.),(0.65,0.),(0.65,0.65),(0.,0.65)));
#11855=IFCINDEXEDPOLYCURVE(#11854,(IFCLINEINDEX((1,2,3,4,1))),$);
#11856=IFCARBITRARYCLOSEDPROFILEDEF(.AREA.,$,#11855);
#11857=IFCCARTESIANPOINT((0.,0.,0.));
#11858=IFCDIRECTION((0.,0.,1.));
#11859=IFCDIRECTION((1.,0.,0.));
#11860=IFCAXIS2PLACEMENT3D(#11857,#11858,#11859);
#11861=IFCDIRECTION((0.,0.,1.));
#11862=IFCEXTRUDEDAREASOLID(#11856,#11860,#11861,3.2299999999999933);
#11863=IFCSHAPEREPRESENTATION(#11,'Body','SweptSolid',(#11862));
#11864=IFCPRODUCTDEFINITIONSHAPE($,$,(#11863));
#11865=IFCCOLUMN('3fTXOdPb5St87Tdt2$_ca0',$,'Column Level 18 09','Perimeter column',$,#11872,#11883,$,$);
#11866=IFCMATERIALPROFILESETUSAGE(#285,$,$);
#11867=IFCRELASSOCIATESMATERIAL('1V7FgZJtXS6AdY5r8aGL66',$,$,$,(#11865),#11866);
#11868=IFCCARTESIANPOINT((-33.40761500332985,-32.44005591993632,0.));
#11869=IFCDIRECTION((0.,0.,1.));
#11870=IFCDIRECTION((1.,0.,0.));
#11871=IFCAXIS2PLACEMENT3D(#11868,#11869,#11870);
#11872=IFCLOCALPLACEMENT(#204,#11871);
#11873=IFCCARTESIANPOINTLIST2D(((0.,0.),(0.65,0.),(0.65,0.65),(0.,0.65)));
#11874=IFCINDEXEDPOLYCURVE(#11873,(IFCLINEINDEX((1,2,3,4,1))),$);
#11875=IFCARBITRARYCLOSEDPROFILEDEF(.AREA.,$,#11874);
#11876=IFCCARTESIANPOINT((0.,0.,0.));
#11877=IFCDIRECTION((0.,0.,1.));
#11878=IFCDIRECTION((1.,0.,0.));
#11879=IFCAXIS2PLACEMENT3D(#11876,#11877,#11878);
#11880=IFCDIRECTION((0.,0.,1.));
#11881=IFCEXTRUDEDAREASOLID(#11875,#11879,#11880,3.2299999999999933);
#11882=IFCSHAPEREPRESENTATION(#11,'Body','SweptSolid',(#11881));
#11883=IFCPRODUCTDEFINITIONSHAPE($,$,(#11882));
#11884=IFCCOLUMN('3gxr3UpxvNuPaznW4AsH5n',$,'Column Level 18 10','Perimeter column',$,#11891,#11902,$,$);
#11885=IFCMATERIALPROFILESETUSAGE(#285,$,$);
#11886=IFCRELASSOCIATESMATERIAL('1tuk_17CbKheicODATbBhS',$,$,$,(#11884),#11885);
#11887=IFCCARTESIANPOINT((-24.46069789212366,-33.41610622868375,0.));
#11888=IFCDIRECTION((0.,0.,1.));
#11889=IFCDIRECTION((1.,0.,0.));
#11890=IFCAXIS2PLACEMENT3D(#11887,#11888,#11889);
#11891=IFCLOCALPLACEMENT(#204,#11890);
#11892=IFCCARTESIANPOINTLIST2D(((0.,0.),(0.65,0.),(0.65,0.65),(0.,0.65)));
#11893=IFCINDEXEDPOLYCURVE(#11892,(IFCLINEINDEX((1,2,3,4,1))),$);
#11894=IFCARBITRARYCLOSEDPROFILEDEF(.AREA.,$,#11893);
#11895=IFCCARTESIANPOINT((0.,0.,0.));
#11896=IFCDIRECTION((0.,0.,1.));
#11897=IFCDIRECTION((1.,0.,0.));
#11898=IFCAXIS2PLACEMENT3D(#11895,#11896,#11897);
#11899=IFCDIRECTION((0.,0.,1.));
#11900=IFCEXTRUDEDAREASOLID(#11894,#11898,#11899,3.2299999999999933);
#11901=IFCSHAPEREPRESENTATION(#11,'Body','SweptSolid',(#11900));
#11902=IFCPRODUCTDEFINITIONSHAPE($,$,(#11901));
#11903=IFCCOLUMN('01wlLr4dvO2uo1K1Grd2B5',$,'Column Level 18 11','Perimeter column',$,#11910,#11921,$,$);
#11904=IFCMATERIALPROFILESETUSAGE(#285,$,$);
#11905=IFCRELASSOCIATESMATERIAL('0t6zzN7tjQnxyO9So1Elq5',$,$,$,(#11903),#11904);
#11906=IFCCARTESIANPOINT((-17.228201885634082,-32.1029715045899,0.));
#11907=IFCDIRECTION((0.,0.,1.));
#11908=IFCDIRECTION((1.,0.,0.));
#11909=IFCAXIS2PLACEMENT3D(#11906,#11907,#11908);
#11910=IFCLOCALPLACEMENT(#204,#11909);
#11911=IFCCARTESIANPOINTLIST2D(((0.,0.),(0.65,0.),(0.65,0.65),(0.,0.65)));
#11912=IFCINDEXEDPOLYCURVE(#11911,(IFCLINEINDEX((1,2,3,4,1))),$);
#11913=IFCARBITRARYCLOSEDPROFILEDEF(.AREA.,$,#11912);
#11914=IFCCARTESIANPOINT((0.,0.,0.));
#11915=IFCDIRECTION((0.,0.,1.));
#11916=IFCDIRECTION((1.,0.,0.));
#11917=IFCAXIS2PLACEMENT3D(#11914,#11915,#11916);
#11918=IFCDIRECTION((0.,0.,1.));
#11919=IFCEXTRUDEDAREASOLID(#11913,#11917,#11918,3.2299999999999933);
#11920=IFCSHAPEREPRESENTATION(#11,'Body','SweptSolid',(#11919));
#11921=IFCPRODUCTDEFINITIONSHAPE($,$,(#11920));
#11922=IFCCOLUMN('1o_bBDS1rQDwYi8IRw0T4G',$,'Column Level 18 12','Perimeter column',$,#11929,#11940,$,$);
#11923=IFCMATERIALPROFILESETUSAGE(#285,$,$);
#11924=IFCRELASSOCIATESMATERIAL('2g4cM1B$DMZexc2WCSfCIg',$,$,$,(#11922),#11923);
#11925=IFCCARTESIANPOINT((-16.646882102681534,-27.035347914396702,0.));
#11926=IFCDIRECTION((0.,0.,1.));
#11927=IFCDIRECTION((1.,0.,0.));
#11928=IFCAXIS2PLACEMENT3D(#11925,#11926,#11927);
#11929=IFCLOCALPLACEMENT(#204,#11928);
#11930=IFCCARTESIANPOINTLIST2D(((0.,0.),(0.65,0.),(0.65,0.65),(0.,0.65)));
#11931=IFCINDEXEDPOLYCURVE(#11930,(IFCLINEINDEX((1,2,3,4,1))),$);
#11932=IFCARBITRARYCLOSEDPROFILEDEF(.AREA.,$,#11931);
#11933=IFCCARTESIANPOINT((0.,0.,0.));
#11934=IFCDIRECTION((0.,0.,1.));
#11935=IFCDIRECTION((1.,0.,0.));
#11936=IFCAXIS2PLACEMENT3D(#11933,#11934,#11935);
#11937=IFCDIRECTION((0.,0.,1.));
#11938=IFCEXTRUDEDAREASOLID(#11932,#11936,#11937,3.2299999999999933);
#11939=IFCSHAPEREPRESENTATION(#11,'Body','SweptSolid',(#11938));
#11940=IFCPRODUCTDEFINITIONSHAPE($,$,(#11939));
#11941=IFCCOLUMN('2InHyXFIjIlOq9obOUFXOr',$,'Column Level 18 13','Perimeter column',$,#11948,#11959,$,$);
#11942=IFCMATERIALPROFILESETUSAGE(#285,$,$);
#11943=IFCRELASSOCIATESMATERIAL('1xMdK6VJrIxRV_hEteeDSK',$,$,$,(#11941),#11942);
#11944=IFCCARTESIANPOINT((-7.9120195135140685,-29.17950431548609,0.));
#11945=IFCDIRECTION((0.,0.,1.));
#11946=IFCDIRECTION((1.,0.,0.));
#11947=IFCAXIS2PLACEMENT3D(#11944,#11945,#11946);
#11948=IFCLOCALPLACEMENT(#204,#11947);
#11949=IFCCARTESIANPOINTLIST2D(((0.,0.),(0.65,0.),(0.65,0.65),(0.,0.65)));
#11950=IFCINDEXEDPOLYCURVE(#11949,(IFCLINEINDEX((1,2,3,4,1))),$);
#11951=IFCARBITRARYCLOSEDPROFILEDEF(.AREA.,$,#11950);
#11952=IFCCARTESIANPOINT((0.,0.,0.));
#11953=IFCDIRECTION((0.,0.,1.));
#11954=IFCDIRECTION((1.,0.,0.));
#11955=IFCAXIS2PLACEMENT3D(#11952,#11953,#11954);
#11956=IFCDIRECTION((0.,0.,1.));
#11957=IFCEXTRUDEDAREASOLID(#11951,#11955,#11956,3.2299999999999933);
#11958=IFCSHAPEREPRESENTATION(#11,'Body','SweptSolid',(#11957));
#11959=IFCPRODUCTDEFINITIONSHAPE($,$,(#11958));
#11960=IFCCOLUMN('3uJLainITP5wan49H7IB4V',$,'Column Level 18 14','Perimeter column',$,#11967,#11978,$,$);
#11961=IFCMATERIALPROFILESETUSAGE(#285,$,$);
#11962=IFCRELASSOCIATESMATERIAL('3rtSG3XjjRShRtztNOp6t3',$,$,$,(#11960),#11961);
#11963=IFCCARTESIANPOINT((0.9869489150500528,-30.405815690379143,0.));
#11964=IFCDIRECTION((0.,0.,1.));
#11965=IFCDIRECTION((1.,0.,0.));
#11966=IFCAXIS2PLACEMENT3D(#11963,#11964,#11965);
#11967=IFCLOCALPLACEMENT(#204,#11966);
#11968=IFCCARTESIANPOINTLIST2D(((0.,0.),(0.65,0.),(0.65,0.65),(0.,0.65)));
#11969=IFCINDEXEDPOLYCURVE(#11968,(IFCLINEINDEX((1,2,3,4,1))),$);
#11970=IFCARBITRARYCLOSEDPROFILEDEF(.AREA.,$,#11969);
#11971=IFCCARTESIANPOINT((0.,0.,0.));
#11972=IFCDIRECTION((0.,0.,1.));
#11973=IFCDIRECTION((1.,0.,0.));
#11974=IFCAXIS2PLACEMENT3D(#11971,#11972,#11973);
#11975=IFCDIRECTION((0.,0.,1.));
#11976=IFCEXTRUDEDAREASOLID(#11970,#11974,#11975,3.2299999999999933);
#11977=IFCSHAPEREPRESENTATION(#11,'Body','SweptSolid',(#11976));
#11978=IFCPRODUCTDEFINITIONSHAPE($,$,(#11977));
#11979=IFCCOLUMN('0ypkccd7vO2fNBndGZm6MP',$,'Column Level 18 15','Perimeter column',$,#11986,#11997,$,$);
#11980=IFCMATERIALPROFILESETUSAGE(#285,$,$);
#11981=IFCRELASSOCIATESMATERIAL('0TMIc1T6vSuhm95AzvZ$oa',$,$,$,(#11979),#11980);
#11982=IFCCARTESIANPOINT((9.95371354306144,-30.50568631839408,0.));
#11983=IFCDIRECTION((0.,0.,1.));
#11984=IFCDIRECTION((1.,0.,0.));
#11985=IFCAXIS2PLACEMENT3D(#11982,#11983,#11984);
#11986=IFCLOCALPLACEMENT(#204,#11985);
#11987=IFCCARTESIANPOINTLIST2D(((0.,0.),(0.65,0.),(0.65,0.65),(0.,0.65)));
#11988=IFCINDEXEDPOLYCURVE(#11987,(IFCLINEINDEX((1,2,3,4,1))),$);
#11989=IFCARBITRARYCLOSEDPROFILEDEF(.AREA.,$,#11988);
#11990=IFCCARTESIANPOINT((0.,0.,0.));
#11991=IFCDIRECTION((0.,0.,1.));
#11992=IFCDIRECTION((1.,0.,0.));
#11993=IFCAXIS2PLACEMENT3D(#11990,#11991,#11992);
#11994=IFCDIRECTION((0.,0.,1.));
#11995=IFCEXTRUDEDAREASOLID(#11989,#11993,#11994,3.2299999999999933);
#11996=IFCSHAPEREPRESENTATION(#11,'Body','SweptSolid',(#11995));
#11997=IFCPRODUCTDEFINITIONSHAPE($,$,(#11996));
#11998=IFCCOLUMN('2lLBuJbVjVtewu_4L86Iqk',$,'Column Level 18 16','Perimeter column',$,#12005,#12016,$,$);
#11999=IFCMATERIALPROFILESETUSAGE(#285,$,$);
#12000=IFCRELASSOCIATESMATERIAL('3fbIjmDcHUH855hG5yeyal',$,$,$,(#11998),#11999);
#12001=IFCCARTESIANPOINT((14.346626878288165,-26.267838977318235,0.));
#12002=IFCDIRECTION((0.,0.,1.));
#12003=IFCDIRECTION((1.,0.,0.));
#12004=IFCAXIS2PLACEMENT3D(#12001,#12002,#12003);
#12005=IFCLOCALPLACEMENT(#204,#12004);
#12006=IFCCARTESIANPOINTLIST2D(((0.,0.),(0.65,0.),(0.65,0.65),(0.,0.65)));
#12007=IFCINDEXEDPOLYCURVE(#12006,(IFCLINEINDEX((1,2,3,4,1))),$);
#12008=IFCARBITRARYCLOSEDPROFILEDEF(.AREA.,$,#12007);
#12009=IFCCARTESIANPOINT((0.,0.,0.));
#12010=IFCDIRECTION((0.,0.,1.));
#12011=IFCDIRECTION((1.,0.,0.));
#12012=IFCAXIS2PLACEMENT3D(#12009,#12010,#12011);
#12013=IFCDIRECTION((0.,0.,1.));
#12014=IFCEXTRUDEDAREASOLID(#12008,#12012,#12013,3.2299999999999933);
#12015=IFCSHAPEREPRESENTATION(#11,'Body','SweptSolid',(#12014));
#12016=IFCPRODUCTDEFINITIONSHAPE($,$,(#12015));
#12017=IFCCOLUMN('17Gl8NDl5U18sTs3XKY9nf',$,'Column Level 18 17','Perimeter column',$,#12024,#12035,$,$);
#12018=IFCMATERIALPROFILESETUSAGE(#285,$,$);
#12019=IFCRELASSOCIATESMATERIAL('0Csai70U5Sze2oFHecGEcC',$,$,$,(#12017),#12018);
#12020=IFCCARTESIANPOINT((15.643775375879407,-20.7268995414896,0.));
#12021=IFCDIRECTION((0.,0.,1.));
#12022=IFCDIRECTION((1.,0.,0.));
#12023=IFCAXIS2PLACEMENT3D(#12020,#12021,#12022);
#12024=IFCLOCALPLACEMENT(#204,#12023);
#12025=IFCCARTESIANPOINTLIST2D(((0.,0.),(0.65,0.),(0.65,0.65),(0.,0.65)));
#12026=IFCINDEXEDPOLYCURVE(#12025,(IFCLINEINDEX((1,2,3,4,1))),$);
#12027=IFCARBITRARYCLOSEDPROFILEDEF(.AREA.,$,#12026);
#12028=IFCCARTESIANPOINT((0.,0.,0.));
#12029=IFCDIRECTION((0.,0.,1.));
#12030=IFCDIRECTION((1.,0.,0.));
#12031=IFCAXIS2PLACEMENT3D(#12028,#12029,#12030);
#12032=IFCDIRECTION((0.,0.,1.));
#12033=IFCEXTRUDEDAREASOLID(#12027,#12031,#12032,3.2299999999999933);
#12034=IFCSHAPEREPRESENTATION(#11,'Body','SweptSolid',(#12033));
#12035=IFCPRODUCTDEFINITIONSHAPE($,$,(#12034));
#12036=IFCCOLUMN('12v6q7W5LGiuR1V7elTF6Z',$,'Column Level 18 18','Perimeter column',$,#12043,#12054,$,$);
#12037=IFCMATERIALPROFILESETUSAGE(#285,$,$);
#12038=IFCRELASSOCIATESMATERIAL('3yXmgT_yrRTPfNaYg10vLk',$,$,$,(#12036),#12037);
#12039=IFCCARTESIANPOINT((9.967558003797869,-16.23702156142336,0.));
#12040=IFCDIRECTION((0.,0.,1.));
#12041=IFCDIRECTION((1.,0.,0.));
#12042=IFCAXIS2PLACEMENT3D(#12039,#12040,#12041);
#12043=IFCLOCALPLACEMENT(#204,#12042);
#12044=IFCCARTESIANPOINTLIST2D(((0.,0.),(0.65,0.),(0.65,0.65),(0.,0.65)));
#12045=IFCINDEXEDPOLYCURVE(#12044,(IFCLINEINDEX((1,2,3,4,1))),$);
#12046=IFCARBITRARYCLOSEDPROFILEDEF(.AREA.,$,#12045);
#12047=IFCCARTESIANPOINT((0.,0.,0.));
#12048=IFCDIRECTION((0.,0.,1.));
#12049=IFCDIRECTION((1.,0.,0.));
#12050=IFCAXIS2PLACEMENT3D(#12047,#12048,#12049);
#12051=IFCDIRECTION((0.,0.,1.));
#12052=IFCEXTRUDEDAREASOLID(#12046,#12050,#12051,3.2299999999999933);
#12053=IFCSHAPEREPRESENTATION(#11,'Body','SweptSolid',(#12052));
#12054=IFCPRODUCTDEFINITIONSHAPE($,$,(#12053));
#12055=IFCCOLUMN('1i257jxFbOk8wLSonOByOW',$,'Column Level 18 19','Perimeter column',$,#12062,#12073,$,$);
#12056=IFCMATERIALPROFILESETUSAGE(#285,$,$);
#12057=IFCRELASSOCIATESMATERIAL('2AJtpLfJ5RkO4i2gNUVzO$',$,$,$,(#12055),#12056);
#12058=IFCCARTESIANPOINT((1.231889939253141,-14.077851121925995,0.));
#12059=IFCDIRECTION((0.,0.,1.));
#12060=IFCDIRECTION((1.,0.,0.));
#12061=IFCAXIS2PLACEMENT3D(#12058,#12059,#12060);
#12062=IFCLOCALPLACEMENT(#204,#12061);
#12063=IFCCARTESIANPOINTLIST2D(((0.,0.),(0.65,0.),(0.65,0.65),(0.,0.65)));
#12064=IFCINDEXEDPOLYCURVE(#12063,(IFCLINEINDEX((1,2,3,4,1))),$);
#12065=IFCARBITRARYCLOSEDPROFILEDEF(.AREA.,$,#12064);
#12066=IFCCARTESIANPOINT((0.,0.,0.));
#12067=IFCDIRECTION((0.,0.,1.));
#12068=IFCDIRECTION((1.,0.,0.));
#12069=IFCAXIS2PLACEMENT3D(#12066,#12067,#12068);
#12070=IFCDIRECTION((0.,0.,1.));
#12071=IFCEXTRUDEDAREASOLID(#12065,#12069,#12070,3.2299999999999933);
#12072=IFCSHAPEREPRESENTATION(#11,'Body','SweptSolid',(#12071));
#12073=IFCPRODUCTDEFINITIONSHAPE($,$,(#12072));
#12074=IFCCOLUMN('3OmNnUHS5MZg4QeAXHz5ys',$,'Column Level 18 20','Perimeter column',$,#12081,#12092,$,$);
#12075=IFCMATERIALPROFILESETUSAGE(#285,$,$);
#12076=IFCRELASSOCIATESMATERIAL('2lU0MLNCXN4e4TJ8NuYfWe',$,$,$,(#12074),#12075);
#12077=IFCCARTESIANPOINT((-7.681718543146656,-12.926532581242087,0.));
#12078=IFCDIRECTION((0.,0.,1.));
#12079=IFCDIRECTION((1.,0.,0.));
#12080=IFCAXIS2PLACEMENT3D(#12077,#12078,#12079);
#12081=IFCLOCALPLACEMENT(#204,#12080);
#12082=IFCCARTESIANPOINTLIST2D(((0.,0.),(0.65,0.),(0.65,0.65),(0.,0.65)));
#12083=IFCINDEXEDPOLYCURVE(#12082,(IFCLINEINDEX((1,2,3,4,1))),$);
#12084=IFCARBITRARYCLOSEDPROFILEDEF(.AREA.,$,#12083);
#12085=IFCCARTESIANPOINT((0.,0.,0.));
#12086=IFCDIRECTION((0.,0.,1.));
#12087=IFCDIRECTION((1.,0.,0.));
#12088=IFCAXIS2PLACEMENT3D(#12085,#12086,#12087);
#12089=IFCDIRECTION((0.,0.,1.));
#12090=IFCEXTRUDEDAREASOLID(#12084,#12088,#12089,3.2299999999999933);
#12091=IFCSHAPEREPRESENTATION(#11,'Body','SweptSolid',(#12090));
#12092=IFCPRODUCTDEFINITIONSHAPE($,$,(#12091));
#12093=IFCCOLUMN('3D8LXNkPXNPAj_y9uCIiep',$,'Column Level 18 21','Perimeter column',$,#12100,#12111,$,$);
#12094=IFCMATERIALPROFILESETUSAGE(#285,$,$);
#12095=IFCRELASSOCIATESMATERIAL('3NK9up0pTP4Av3ItKRPk3u',$,$,$,(#12093),#12094);
#12096=IFCCARTESIANPOINT((-16.409512512380303,-12.350305362082176,0.));
#12097=IFCDIRECTION((0.,0.,1.));
#12098=IFCDIRECTION((1.,0.,0.));
#12099=IFCAXIS2PLACEMENT3D(#12096,#12097,#12098);
#12100=IFCLOCALPLACEMENT(#204,#12099);
#12101=IFCCARTESIANPOINTLIST2D(((0.,0.),(0.65,0.),(0.65,0.65),(0.,0.65)));
#12102=IFCINDEXEDPOLYCURVE(#12101,(IFCLINEINDEX((1,2,3,4,1))),$);
#12103=IFCARBITRARYCLOSEDPROFILEDEF(.AREA.,$,#12102);
#12104=IFCCARTESIANPOINT((0.,0.,0.));
#12105=IFCDIRECTION((0.,0.,1.));
#12106=IFCDIRECTION((1.,0.,0.));
#12107=IFCAXIS2PLACEMENT3D(#12104,#12105,#12106);
#12108=IFCDIRECTION((0.,0.,1.));
#12109=IFCEXTRUDEDAREASOLID(#12103,#12107,#12108,3.2299999999999933);
#12110=IFCSHAPEREPRESENTATION(#11,'Body','SweptSolid',(#12109));
#12111=IFCPRODUCTDEFINITIONSHAPE($,$,(#12110));
#12112=IFCCOLUMN('0iRmJtSp9MMuh7byUER_Pi',$,'Column Level 18 22','Perimeter column',$,#12119,#12130,$,$);
#12113=IFCMATERIALPROFILESETUSAGE(#285,$,$);
#12114=IFCRELASSOCIATESMATERIAL('2gE8NtR1LJfuNbp56CTXyv',$,$,$,(#12112),#12113);
#12115=IFCCARTESIANPOINT((-13.736008013161898,-5.36721258841476,0.));
#12116=IFCDIRECTION((0.,0.,1.));
#12117=IFCDIRECTION((1.,0.,0.));
#12118=IFCAXIS2PLACEMENT3D(#12115,#12116,#12117);
#12119=IFCLOCALPLACEMENT(#204,#12118);
#12120=IFCCARTESIANPOINTLIST2D(((0.,0.),(0.65,0.),(0.65,0.65),(0.,0.65)));
#12121=IFCINDEXEDPOLYCURVE(#12120,(IFCLINEINDEX((1,2,3,4,1))),$);
#12122=IFCARBITRARYCLOSEDPROFILEDEF(.AREA.,$,#12121);
#12123=IFCCARTESIANPOINT((0.,0.,0.));
#12124=IFCDIRECTION((0.,0.,1.));
#12125=IFCDIRECTION((1.,0.,0.));
#12126=IFCAXIS2PLACEMENT3D(#12123,#12124,#12125);
#12127=IFCDIRECTION((0.,0.,1.));
#12128=IFCEXTRUDEDAREASOLID(#12122,#12126,#12127,3.2299999999999933);
#12129=IFCSHAPEREPRESENTATION(#11,'Body','SweptSolid',(#12128));
#12130=IFCPRODUCTDEFINITIONSHAPE($,$,(#12129));
#12131=IFCCOLUMN('1P8vU6L$9PtPKAzptfn4Kd',$,'Column Level 19 01','Perimeter column',$,#12138,#12149,$,$);
#12132=IFCMATERIALPROFILESETUSAGE(#285,$,$);
#12133=IFCRELASSOCIATESMATERIAL('3wd2hZRIHQvQz6_JGCaFU9',$,$,$,(#12131),#12132);
#12134=IFCCARTESIANPOINT((-12.965,-4.641,0.));
#12135=IFCDIRECTION((0.,0.,1.));
#12136=IFCDIRECTION((1.,0.,0.));
#12137=IFCAXIS2PLACEMENT3D(#12134,#12135,#12136);
#12138=IFCLOCALPLACEMENT(#211,#12137);
#12139=IFCCARTESIANPOINTLIST2D(((0.,0.),(0.65,0.),(0.65,0.65),(0.,0.65)));
#12140=IFCINDEXEDPOLYCURVE(#12139,(IFCLINEINDEX((1,2,3,4,1))),$);
#12141=IFCARBITRARYCLOSEDPROFILEDEF(.AREA.,$,#12140);
#12142=IFCCARTESIANPOINT((0.,0.,0.));
#12143=IFCDIRECTION((0.,0.,1.));
#12144=IFCDIRECTION((1.,0.,0.));
#12145=IFCAXIS2PLACEMENT3D(#12142,#12143,#12144);
#12146=IFCDIRECTION((0.,0.,1.));
#12147=IFCEXTRUDEDAREASOLID(#12141,#12145,#12146,3.2200000000000024);
#12148=IFCSHAPEREPRESENTATION(#11,'Body','SweptSolid',(#12147));
#12149=IFCPRODUCTDEFINITIONSHAPE($,$,(#12148));
#12150=IFCCOLUMN('38wfuLyijO7xnUNrdjW$wP',$,'Column Level 19 02','Perimeter column',$,#12157,#12168,$,$);
#12151=IFCMATERIALPROFILESETUSAGE(#285,$,$);
#12152=IFCRELASSOCIATESMATERIAL('1UouG$Wg5Gr8ujMLcTr_Mq',$,$,$,(#12150),#12151);
#12153=IFCCARTESIANPOINT((-21.86117265786278,-3.2778741652016654,0.));
#12154=IFCDIRECTION((0.,0.,1.));
#12155=IFCDIRECTION((1.,0.,0.));
#12156=IFCAXIS2PLACEMENT3D(#12153,#12154,#12155);
#12157=IFCLOCALPLACEMENT(#211,#12156);
#12158=IFCCARTESIANPOINTLIST2D(((0.,0.),(0.65,0.),(0.65,0.65),(0.,0.65)));
#12159=IFCINDEXEDPOLYCURVE(#12158,(IFCLINEINDEX((1,2,3,4,1))),$);
#12160=IFCARBITRARYCLOSEDPROFILEDEF(.AREA.,$,#12159);
#12161=IFCCARTESIANPOINT((0.,0.,0.));
#12162=IFCDIRECTION((0.,0.,1.));
#12163=IFCDIRECTION((1.,0.,0.));
#12164=IFCAXIS2PLACEMENT3D(#12161,#12162,#12163);
#12165=IFCDIRECTION((0.,0.,1.));
#12166=IFCEXTRUDEDAREASOLID(#12160,#12164,#12165,3.2200000000000024);
#12167=IFCSHAPEREPRESENTATION(#11,'Body','SweptSolid',(#12166));
#12168=IFCPRODUCTDEFINITIONSHAPE($,$,(#12167));
#12169=IFCCOLUMN('2O739_L_bI3uQ8lAX0HQA8',$,'Column Level 19 03','Perimeter column',$,#12176,#12187,$,$);
#12170=IFCMATERIALPROFILESETUSAGE(#285,$,$);
#12171=IFCRELASSOCIATESMATERIAL('0k4EEyzarOIv1jB7rpeQ5h',$,$,$,(#12169),#12170);
#12172=IFCCARTESIANPOINT((-30.757345315725562,-1.9147483304033301,0.));
#12173=IFCDIRECTION((0.,0.,1.));
#12174=IFCDIRECTION((1.,0.,0.));
#12175=IFCAXIS2PLACEMENT3D(#12172,#12173,#12174);
#12176=IFCLOCALPLACEMENT(#211,#12175);
#12177=IFCCARTESIANPOINTLIST2D(((0.,0.),(0.65,0.),(0.65,0.65),(0.,0.65)));
#12178=IFCINDEXEDPOLYCURVE(#12177,(IFCLINEINDEX((1,2,3,4,1))),$);
#12179=IFCARBITRARYCLOSEDPROFILEDEF(.AREA.,$,#12178);
#12180=IFCCARTESIANPOINT((0.,0.,0.));
#12181=IFCDIRECTION((0.,0.,1.));
#12182=IFCDIRECTION((1.,0.,0.));
#12183=IFCAXIS2PLACEMENT3D(#12180,#12181,#12182);
#12184=IFCDIRECTION((0.,0.,1.));
#12185=IFCEXTRUDEDAREASOLID(#12179,#12183,#12184,3.2200000000000024);
#12186=IFCSHAPEREPRESENTATION(#11,'Body','SweptSolid',(#12185));
#12187=IFCPRODUCTDEFINITIONSHAPE($,$,(#12186));
#12188=IFCCOLUMN('1dqPHHvBXHnvL0Gdl$k5eu',$,'Column Level 19 04','Perimeter column',$,#12195,#12206,$,$);
#12189=IFCMATERIALPROFILESETUSAGE(#285,$,$);
#12190=IFCRELASSOCIATESMATERIAL('3mv3rPOWrS1woTi5abQfMz',$,$,$,(#12188),#12189);
#12191=IFCCARTESIANPOINT((-39.65351797358835,-0.5516224956049951,0.));
#12192=IFCDIRECTION((0.,0.,1.));
#12193=IFCDIRECTION((1.,0.,0.));
#12194=IFCAXIS2PLACEMENT3D(#12191,#12192,#12193);
#12195=IFCLOCALPLACEMENT(#211,#12194);
#12196=IFCCARTESIANPOINTLIST2D(((0.,0.),(0.65,0.),(0.65,0.65),(0.,0.65)));
#12197=IFCINDEXEDPOLYCURVE(#12196,(IFCLINEINDEX((1,2,3,4,1))),$);
#12198=IFCARBITRARYCLOSEDPROFILEDEF(.AREA.,$,#12197);
#12199=IFCCARTESIANPOINT((0.,0.,0.));
#12200=IFCDIRECTION((0.,0.,1.));
#12201=IFCDIRECTION((1.,0.,0.));
#12202=IFCAXIS2PLACEMENT3D(#12199,#12200,#12201);
#12203=IFCDIRECTION((0.,0.,1.));
#12204=IFCEXTRUDEDAREASOLID(#12198,#12202,#12203,3.2200000000000024);
#12205=IFCSHAPEREPRESENTATION(#11,'Body','SweptSolid',(#12204));
#12206=IFCPRODUCTDEFINITIONSHAPE($,$,(#12205));
#12207=IFCCOLUMN('3o58krOzzQ8BA6uIzhobHi',$,'Column Level 19 05','Perimeter column',$,#12214,#12225,$,$);
#12208=IFCMATERIALPROFILESETUSAGE(#285,$,$);
#12209=IFCRELASSOCIATESMATERIAL('3pdaQjZj5GghBeNXVZc56k',$,$,$,(#12207),#12208);
#12210=IFCCARTESIANPOINT((-41.57048100134386,-8.488645483869215,0.));
#12211=IFCDIRECTION((0.,0.,1.));
#12212=IFCDIRECTION((1.,0.,0.));
#12213=IFCAXIS2PLACEMENT3D(#12210,#12211,#12212);
#12214=IFCLOCALPLACEMENT(#211,#12213);
#12215=IFCCARTESIANPOINTLIST2D(((0.,0.),(0.65,0.),(0.65,0.65),(0.,0.65)));
#12216=IFCINDEXEDPOLYCURVE(#12215,(IFCLINEINDEX((1,2,3,4,1))),$);
#12217=IFCARBITRARYCLOSEDPROFILEDEF(.AREA.,$,#12216);
#12218=IFCCARTESIANPOINT((0.,0.,0.));
#12219=IFCDIRECTION((0.,0.,1.));
#12220=IFCDIRECTION((1.,0.,0.));
#12221=IFCAXIS2PLACEMENT3D(#12218,#12219,#12220);
#12222=IFCDIRECTION((0.,0.,1.));
#12223=IFCEXTRUDEDAREASOLID(#12217,#12221,#12222,3.2200000000000024);
#12224=IFCSHAPEREPRESENTATION(#11,'Body','SweptSolid',(#12223));
#12225=IFCPRODUCTDEFINITIONSHAPE($,$,(#12224));
#12226=IFCCOLUMN('2V8UCv$PLKZxWo$EKmjW$_',$,'Column Level 19 06','Perimeter column',$,#12233,#12244,$,$);
#12227=IFCMATERIALPROFILESETUSAGE(#285,$,$);
#12228=IFCRELASSOCIATESMATERIAL('1xrMvCwqzJDhna00NDuRFC',$,$,$,(#12226),#12227);
#12229=IFCCARTESIANPOINT((-42.74777724666964,-17.41131176423305,0.));
#12230=IFCDIRECTION((0.,0.,1.));
#12231=IFCDIRECTION((1.,0.,0.));
#12232=IFCAXIS2PLACEMENT3D(#12229,#12230,#12231);
#12233=IFCLOCALPLACEMENT(#211,#12232);
#12234=IFCCARTESIANPOINTLIST2D(((0.,0.),(0.65,0.),(0.65,0.65),(0.,0.65)));
#12235=IFCINDEXEDPOLYCURVE(#12234,(IFCLINEINDEX((1,2,3,4,1))),$);
#12236=IFCARBITRARYCLOSEDPROFILEDEF(.AREA.,$,#12235);
#12237=IFCCARTESIANPOINT((0.,0.,0.));
#12238=IFCDIRECTION((0.,0.,1.));
#12239=IFCDIRECTION((1.,0.,0.));
#12240=IFCAXIS2PLACEMENT3D(#12237,#12238,#12239);
#12241=IFCDIRECTION((0.,0.,1.));
#12242=IFCEXTRUDEDAREASOLID(#12236,#12240,#12241,3.2200000000000024);
#12243=IFCSHAPEREPRESENTATION(#11,'Body','SweptSolid',(#12242));
#12244=IFCPRODUCTDEFINITIONSHAPE($,$,(#12243));
#12245=IFCCOLUMN('1wEKFlXX5MZRpWUZv2CBhq',$,'Column Level 19 07','Perimeter column',$,#12252,#12263,$,$);
#12246=IFCMATERIALPROFILESETUSAGE(#285,$,$);
#12247=IFCRELASSOCIATESMATERIAL('3K21WZx$vOxApoJU_UM7ZK',$,$,$,(#12245),#12246);
#12248=IFCCARTESIANPOINT((-43.92507349199543,-26.333978044596886,0.));
#12249=IFCDIRECTION((0.,0.,1.));
#12250=IFCDIRECTION((1.,0.,0.));
#12251=IFCAXIS2PLACEMENT3D(#12248,#12249,#12250);
#12252=IFCLOCALPLACEMENT(#211,#12251);
#12253=IFCCARTESIANPOINTLIST2D(((0.,0.),(0.65,0.),(0.65,0.65),(0.,0.65)));
#12254=IFCINDEXEDPOLYCURVE(#12253,(IFCLINEINDEX((1,2,3,4,1))),$);
#12255=IFCARBITRARYCLOSEDPROFILEDEF(.AREA.,$,#12254);
#12256=IFCCARTESIANPOINT((0.,0.,0.));
#12257=IFCDIRECTION((0.,0.,1.));
#12258=IFCDIRECTION((1.,0.,0.));
#12259=IFCAXIS2PLACEMENT3D(#12256,#12257,#12258);
#12260=IFCDIRECTION((0.,0.,1.));
#12261=IFCEXTRUDEDAREASOLID(#12255,#12259,#12260,3.2200000000000024);
#12262=IFCSHAPEREPRESENTATION(#11,'Body','SweptSolid',(#12261));
#12263=IFCPRODUCTDEFINITIONSHAPE($,$,(#12262));
#12264=IFCCOLUMN('3wnOelzzrHeQaILFH89khq',$,'Column Level 19 08','Perimeter column',$,#12271,#12282,$,$);
#12265=IFCMATERIALPROFILESETUSAGE(#285,$,$);
#12266=IFCRELASSOCIATESMATERIAL('0$S0Fxg1bMGRYfVdHiNXyr',$,$,$,(#12264),#12265);
#12267=IFCCARTESIANPOINT((-39.56083148221237,-30.904916120724057,0.));
#12268=IFCDIRECTION((0.,0.,1.));
#12269=IFCDIRECTION((1.,0.,0.));
#12270=IFCAXIS2PLACEMENT3D(#12267,#12268,#12269);
#12271=IFCLOCALPLACEMENT(#211,#12270);
#12272=IFCCARTESIANPOINTLIST2D(((0.,0.),(0.65,0.),(0.65,0.65),(0.,0.65)));
#12273=IFCINDEXEDPOLYCURVE(#12272,(IFCLINEINDEX((1,2,3,4,1))),$);
#12274=IFCARBITRARYCLOSEDPROFILEDEF(.AREA.,$,#12273);
#12275=IFCCARTESIANPOINT((0.,0.,0.));
#12276=IFCDIRECTION((0.,0.,1.));
#12277=IFCDIRECTION((1.,0.,0.));
#12278=IFCAXIS2PLACEMENT3D(#12275,#12276,#12277);
#12279=IFCDIRECTION((0.,0.,1.));
#12280=IFCEXTRUDEDAREASOLID(#12274,#12278,#12279,3.2200000000000024);
#12281=IFCSHAPEREPRESENTATION(#11,'Body','SweptSolid',(#12280));
#12282=IFCPRODUCTDEFINITIONSHAPE($,$,(#12281));
#12283=IFCCOLUMN('2WM3FwmEDQaRemOQFxplwl',$,'Column Level 19 09','Perimeter column',$,#12290,#12301,$,$);
#12284=IFCMATERIALPROFILESETUSAGE(#285,$,$);
#12285=IFCRELASSOCIATESMATERIAL('1gizWJqNHPDOw4nuxDpOpn',$,$,$,(#12283),#12284);
#12286=IFCCARTESIANPOINT((-30.613455814498376,-31.876753895663715,0.));
#12287=IFCDIRECTION((0.,0.,1.));
#12288=IFCDIRECTION((1.,0.,0.));
#12289=IFCAXIS2PLACEMENT3D(#12286,#12287,#12288);
#12290=IFCLOCALPLACEMENT(#211,#12289);
#12291=IFCCARTESIANPOINTLIST2D(((0.,0.),(0.65,0.),(0.65,0.65),(0.,0.65)));
#12292=IFCINDEXEDPOLYCURVE(#12291,(IFCLINEINDEX((1,2,3,4,1))),$);
#12293=IFCARBITRARYCLOSEDPROFILEDEF(.AREA.,$,#12292);
#12294=IFCCARTESIANPOINT((0.,0.,0.));
#12295=IFCDIRECTION((0.,0.,1.));
#12296=IFCDIRECTION((1.,0.,0.));
#12297=IFCAXIS2PLACEMENT3D(#12294,#12295,#12296);
#12298=IFCDIRECTION((0.,0.,1.));
#12299=IFCEXTRUDEDAREASOLID(#12293,#12297,#12298,3.2200000000000024);
#12300=IFCSHAPEREPRESENTATION(#11,'Body','SweptSolid',(#12299));
#12301=IFCPRODUCTDEFINITIONSHAPE($,$,(#12300));
#12302=IFCCOLUMN('2OC3BgPyzPvf2re9Ix4VZa',$,'Column Level 19 10','Perimeter column',$,#12309,#12320,$,$);
#12303=IFCMATERIALPROFILESETUSAGE(#285,$,$);
#12304=IFCRELASSOCIATESMATERIAL('103S6KtXLV8x$BxK7Q7OPP',$,$,$,(#12302),#12303);
#12305=IFCCARTESIANPOINT((-21.666080146784388,-32.848591670603376,0.));
#12306=IFCDIRECTION((0.,0.,1.));
#12307=IFCDIRECTION((1.,0.,0.));
#12308=IFCAXIS2PLACEMENT3D(#12305,#12306,#12307);
#12309=IFCLOCALPLACEMENT(#211,#12308);
#12310=IFCCARTESIANPOINTLIST2D(((0.,0.),(0.65,0.),(0.65,0.65),(0.,0.65)));
#12311=IFCINDEXEDPOLYCURVE(#12310,(IFCLINEINDEX((1,2,3,4,1))),$);
#12312=IFCARBITRARYCLOSEDPROFILEDEF(.AREA.,$,#12311);
#12313=IFCCARTESIANPOINT((0.,0.,0.));
#12314=IFCDIRECTION((0.,0.,1.));
#12315=IFCDIRECTION((1.,0.,0.));
#12316=IFCAXIS2PLACEMENT3D(#12313,#12314,#12315);
#12317=IFCDIRECTION((0.,0.,1.));
#12318=IFCEXTRUDEDAREASOLID(#12312,#12316,#12317,3.2200000000000024);
#12319=IFCSHAPEREPRESENTATION(#11,'Body','SweptSolid',(#12318));
#12320=IFCPRODUCTDEFINITIONSHAPE($,$,(#12319));
#12321=IFCCOLUMN('2wWr_ZGdXIgQveHOxEbrkf',$,'Column Level 19 11','Perimeter column',$,#12328,#12339,$,$);
#12322=IFCMATERIALPROFILESETUSAGE(#285,$,$);
#12323=IFCRELASSOCIATESMATERIAL('1r3H6P$_rJEx1b$LbrUU1p',$,$,$,(#12321),#12322);
#12324=IFCCARTESIANPOINT((-16.068447130918965,-29.34514103138316,0.));
#12325=IFCDIRECTION((0.,0.,1.));
#12326=IFCDIRECTION((1.,0.,0.));
#12327=IFCAXIS2PLACEMENT3D(#12324,#12325,#12326);
#12328=IFCLOCALPLACEMENT(#211,#12327);
#12329=IFCCARTESIANPOINTLIST2D(((0.,0.),(0.65,0.),(0.65,0.65),(0.,0.65)));
#12330=IFCINDEXEDPOLYCURVE(#12329,(IFCLINEINDEX((1,2,3,4,1))),$);
#12331=IFCARBITRARYCLOSEDPROFILEDEF(.AREA.,$,#12330);
#12332=IFCCARTESIANPOINT((0.,0.,0.));
#12333=IFCDIRECTION((0.,0.,1.));
#12334=IFCDIRECTION((1.,0.,0.));
#12335=IFCAXIS2PLACEMENT3D(#12332,#12333,#12334);
#12336=IFCDIRECTION((0.,0.,1.));
#12337=IFCEXTRUDEDAREASOLID(#12331,#12335,#12336,3.2200000000000024);
#12338=IFCSHAPEREPRESENTATION(#11,'Body','SweptSolid',(#12337));
#12339=IFCPRODUCTDEFINITIONSHAPE($,$,(#12338));
#12340=IFCCOLUMN('32_Wv8P4bLnOh1sAbbbwd0',$,'Column Level 19 12','Perimeter column',$,#12347,#12358,$,$);
#12341=IFCMATERIALPROFILESETUSAGE(#285,$,$);
#12342=IFCRELASSOCIATESMATERIAL('0tD_esELjOwxUqZh_SrGlt',$,$,$,(#12340),#12341);
#12343=IFCCARTESIANPOINT((-13.685005208458136,-27.037722662556657,0.));
#12344=IFCDIRECTION((0.,0.,1.));
#12345=IFCDIRECTION((1.,0.,0.));
#12346=IFCAXIS2PLACEMENT3D(#12343,#12344,#12345);
#12347=IFCLOCALPLACEMENT(#211,#12346);
#12348=IFCCARTESIANPOINTLIST2D(((0.,0.),(0.65,0.),(0.65,0.65),(0.,0.65)));
#12349=IFCINDEXEDPOLYCURVE(#12348,(IFCLINEINDEX((1,2,3,4,1))),$);
#12350=IFCARBITRARYCLOSEDPROFILEDEF(.AREA.,$,#12349);
#12351=IFCCARTESIANPOINT((0.,0.,0.));
#12352=IFCDIRECTION((0.,0.,1.));
#12353=IFCDIRECTION((1.,0.,0.));
#12354=IFCAXIS2PLACEMENT3D(#12351,#12352,#12353);
#12355=IFCDIRECTION((0.,0.,1.));
#12356=IFCEXTRUDEDAREASOLID(#12350,#12354,#12355,3.2200000000000024);
#12357=IFCSHAPEREPRESENTATION(#11,'Body','SweptSolid',(#12356));
#12358=IFCPRODUCTDEFINITIONSHAPE($,$,(#12357));
#12359=IFCCOLUMN('09INqOwiTMPAvt1dlxjnLF',$,'Column Level 19 13','Perimeter column',$,#12366,#12377,$,$);
#12360=IFCMATERIALPROFILESETUSAGE(#285,$,$);
#12361=IFCRELASSOCIATESMATERIAL('2eac1Vt35TqxpAU1JRD9oB',$,$,$,(#12359),#12360);
#12362=IFCCARTESIANPOINT((-4.908161061520441,-29.01358054712091,0.));
#12363=IFCDIRECTION((0.,0.,1.));
#12364=IFCDIRECTION((1.,0.,0.));
#12365=IFCAXIS2PLACEMENT3D(#12362,#12363,#12364);
#12366=IFCLOCALPLACEMENT(#211,#12365);
#12367=IFCCARTESIANPOINTLIST2D(((0.,0.),(0.65,0.),(0.65,0.65),(0.,0.65)));
#12368=IFCINDEXEDPOLYCURVE(#12367,(IFCLINEINDEX((1,2,3,4,1))),$);
#12369=IFCARBITRARYCLOSEDPROFILEDEF(.AREA.,$,#12368);
#12370=IFCCARTESIANPOINT((0.,0.,0.));
#12371=IFCDIRECTION((0.,0.,1.));
#12372=IFCDIRECTION((1.,0.,0.));
#12373=IFCAXIS2PLACEMENT3D(#12370,#12371,#12372);
#12374=IFCDIRECTION((0.,0.,1.));
#12375=IFCEXTRUDEDAREASOLID(#12369,#12373,#12374,3.2200000000000024);
#12376=IFCSHAPEREPRESENTATION(#11,'Body','SweptSolid',(#12375));
#12377=IFCPRODUCTDEFINITIONSHAPE($,$,(#12376));
#12378=IFCCOLUMN('2g1euwunDJL8dlPP_dFltY',$,'Column Level 19 14','Perimeter column',$,#12385,#12396,$,$);
#12379=IFCMATERIALPROFILESETUSAGE(#285,$,$);
#12380=IFCRELASSOCIATESMATERIAL('3hwKU6Q_9Q9OhUCHYzU69P',$,$,$,(#12378),#12379);
#12381=IFCCARTESIANPOINT((4.036708530662107,-29.931545984157346,0.));
#12382=IFCDIRECTION((0.,0.,1.));
#12383=IFCDIRECTION((1.,0.,0.));
#12384=IFCAXIS2PLACEMENT3D(#12381,#12382,#12383);
#12385=IFCLOCALPLACEMENT(#211,#12384);
#12386=IFCCARTESIANPOINTLIST2D(((0.,0.),(0.65,0.),(0.65,0.65),(0.,0.65)));
#12387=IFCINDEXEDPOLYCURVE(#12386,(IFCLINEINDEX((1,2,3,4,1))),$);
#12388=IFCARBITRARYCLOSEDPROFILEDEF(.AREA.,$,#12387);
#12389=IFCCARTESIANPOINT((0.,0.,0.));
#12390=IFCDIRECTION((0.,0.,1.));
#12391=IFCDIRECTION((1.,0.,0.));
#12392=IFCAXIS2PLACEMENT3D(#12389,#12390,#12391);
#12393=IFCDIRECTION((0.,0.,1.));
#12394=IFCEXTRUDEDAREASOLID(#12388,#12392,#12393,3.2200000000000024);
#12395=IFCSHAPEREPRESENTATION(#11,'Body','SweptSolid',(#12394));
#12396=IFCPRODUCTDEFINITIONSHAPE($,$,(#12395));
#12397=IFCCOLUMN('2oB_BDyeTV7AmycC6Zk09A',$,'Column Level 19 15','Perimeter column',$,#12404,#12415,$,$);
#12398=IFCMATERIALPROFILESETUSAGE(#285,$,$);
#12399=IFCRELASSOCIATESMATERIAL('1euFatleDIo9kOg_mAQY5F',$,$,$,(#12397),#12398);
#12400=IFCCARTESIANPOINT((13.002599921732052,-29.55171326985217,0.));
#12401=IFCDIRECTION((0.,0.,1.));
#12402=IFCDIRECTION((1.,0.,0.));
#12403=IFCAXIS2PLACEMENT3D(#12400,#12401,#12402);
#12404=IFCLOCALPLACEMENT(#211,#12403);
#12405=IFCCARTESIANPOINTLIST2D(((0.,0.),(0.65,0.),(0.65,0.65),(0.,0.65)));
#12406=IFCINDEXEDPOLYCURVE(#12405,(IFCLINEINDEX((1,2,3,4,1))),$);
#12407=IFCARBITRARYCLOSEDPROFILEDEF(.AREA.,$,#12406);
#12408=IFCCARTESIANPOINT((0.,0.,0.));
#12409=IFCDIRECTION((0.,0.,1.));
#12410=IFCDIRECTION((1.,0.,0.));
#12411=IFCAXIS2PLACEMENT3D(#12408,#12409,#12410);
#12412=IFCDIRECTION((0.,0.,1.));
#12413=IFCEXTRUDEDAREASOLID(#12407,#12411,#12412,3.2200000000000024);
#12414=IFCSHAPEREPRESENTATION(#11,'Body','SweptSolid',(#12413));
#12415=IFCPRODUCTDEFINITIONSHAPE($,$,(#12414));
#12416=IFCCOLUMN('2agTqMj7LLyR5X2dCv_gTI',$,'Column Level 19 16','Perimeter column',$,#12423,#12434,$,$);
#12417=IFCMATERIALPROFILESETUSAGE(#285,$,$);
#12418=IFCRELASSOCIATESMATERIAL('1a9YkE6IvKGeoMBpdbCV7K',$,$,$,(#12416),#12417);
#12419=IFCCARTESIANPOINT((15.791262178198199,-24.30419128250517,0.));
#12420=IFCDIRECTION((0.,0.,1.));
#12421=IFCDIRECTION((1.,0.,0.));
#12422=IFCAXIS2PLACEMENT3D(#12419,#12420,#12421);
#12423=IFCLOCALPLACEMENT(#211,#12422);
#12424=IFCCARTESIANPOINTLIST2D(((0.,0.),(0.65,0.),(0.65,0.65),(0.,0.65)));
#12425=IFCINDEXEDPOLYCURVE(#12424,(IFCLINEINDEX((1,2,3,4,1))),$);
#12426=IFCARBITRARYCLOSEDPROFILEDEF(.AREA.,$,#12425);
#12427=IFCCARTESIANPOINT((0.,0.,0.));
#12428=IFCDIRECTION((0.,0.,1.));
#12429=IFCDIRECTION((1.,0.,0.));
#12430=IFCAXIS2PLACEMENT3D(#12427,#12428,#12429);
#12431=IFCDIRECTION((0.,0.,1.));
#12432=IFCEXTRUDEDAREASOLID(#12426,#12430,#12431,3.2200000000000024);
#12433=IFCSHAPEREPRESENTATION(#11,'Body','SweptSolid',(#12432));
#12434=IFCPRODUCTDEFINITIONSHAPE($,$,(#12433));
#12435=IFCCOLUMN('3H20tCydfOWA8aCnirKtOO',$,'Column Level 19 17','Perimeter column',$,#12442,#12453,$,$);
#12436=IFCMATERIALPROFILESETUSAGE(#285,$,$);
#12437=IFCRELASSOCIATESMATERIAL('1QI9U3R7nQ6xTV2liKv1uo',$,$,$,(#12435),#12436);
#12438=IFCCARTESIANPOINT((15.15165542890663,-18.00337856057583,0.));
#12439=IFCDIRECTION((0.,0.,1.));
#12440=IFCDIRECTION((1.,0.,0.));
#12441=IFCAXIS2PLACEMENT3D(#12438,#12439,#12440);
#12442=IFCLOCALPLACEMENT(#211,#12441);
#12443=IFCCARTESIANPOINTLIST2D(((0.,0.),(0.65,0.),(0.65,0.65),(0.,0.65)));
#12444=IFCINDEXEDPOLYCURVE(#12443,(IFCLINEINDEX((1,2,3,4,1))),$);
#12445=IFCARBITRARYCLOSEDPROFILEDEF(.AREA.,$,#12444);
#12446=IFCCARTESIANPOINT((0.,0.,0.));
#12447=IFCDIRECTION((0.,0.,1.));
#12448=IFCDIRECTION((1.,0.,0.));
#12449=IFCAXIS2PLACEMENT3D(#12446,#12447,#12448);
#12450=IFCDIRECTION((0.,0.,1.));
#12451=IFCEXTRUDEDAREASOLID(#12445,#12449,#12450,3.2200000000000024);
#12452=IFCSHAPEREPRESENTATION(#11,'Body','SweptSolid',(#12451));
#12453=IFCPRODUCTDEFINITIONSHAPE($,$,(#12452));
#12454=IFCCOLUMN('1L$Fgmdm1UohZ3YnBpZMh2',$,'Column Level 19 18','Perimeter column',$,#12461,#12472,$,$);
#12455=IFCMATERIALPROFILESETUSAGE(#285,$,$);
#12456=IFCRELASSOCIATESMATERIAL('2NT4GbcO9TbwKZ4KG57GUI',$,$,$,(#12454),#12455);
#12457=IFCCARTESIANPOINT((6.687641938944151,-15.024408627158122,0.));
#12458=IFCDIRECTION((0.,0.,1.));
#12459=IFCDIRECTION((1.,0.,0.));
#12460=IFCAXIS2PLACEMENT3D(#12457,#12458,#12459);
#12461=IFCLOCALPLACEMENT(#211,#12460);
#12462=IFCCARTESIANPOINTLIST2D(((0.,0.),(0.65,0.),(0.65,0.65),(0.,0.65)));
#12463=IFCINDEXEDPOLYCURVE(#12462,(IFCLINEINDEX((1,2,3,4,1))),$);
#12464=IFCARBITRARYCLOSEDPROFILEDEF(.AREA.,$,#12463);
#12465=IFCCARTESIANPOINT((0.,0.,0.));
#12466=IFCDIRECTION((0.,0.,1.));
#12467=IFCDIRECTION((1.,0.,0.));
#12468=IFCAXIS2PLACEMENT3D(#12465,#12466,#12467);
#12469=IFCDIRECTION((0.,0.,1.));
#12470=IFCEXTRUDEDAREASOLID(#12464,#12468,#12469,3.2200000000000024);
#12471=IFCSHAPEREPRESENTATION(#11,'Body','SweptSolid',(#12470));
#12472=IFCPRODUCTDEFINITIONSHAPE($,$,(#12471));
#12473=IFCCOLUMN('2SIuJiwx9MyPZNYPWXhsTd',$,'Column Level 19 19','Perimeter column',$,#12480,#12491,$,$);
#12474=IFCMATERIALPROFILESETUSAGE(#285,$,$);
#12475=IFCRELASSOCIATESMATERIAL('2TBwDAt2fU9hzNcyHFfKdf',$,$,$,(#12473),#12474);
#12476=IFCCARTESIANPOINT((-2.1058105775006237,-13.179374746784658,0.));
#12477=IFCDIRECTION((0.,0.,1.));
#12478=IFCDIRECTION((1.,0.,0.));
#12479=IFCAXIS2PLACEMENT3D(#12476,#12477,#12478);
#12480=IFCLOCALPLACEMENT(#211,#12479);
#12481=IFCCARTESIANPOINTLIST2D(((0.,0.),(0.65,0.),(0.65,0.65),(0.,0.65)));
#12482=IFCINDEXEDPOLYCURVE(#12481,(IFCLINEINDEX((1,2,3,4,1))),$);
#12483=IFCARBITRARYCLOSEDPROFILEDEF(.AREA.,$,#12482);
#12484=IFCCARTESIANPOINT((0.,0.,0.));
#12485=IFCDIRECTION((0.,0.,1.));
#12486=IFCDIRECTION((1.,0.,0.));
#12487=IFCAXIS2PLACEMENT3D(#12484,#12485,#12486);
#12488=IFCDIRECTION((0.,0.,1.));
#12489=IFCEXTRUDEDAREASOLID(#12483,#12487,#12488,3.2200000000000024);
#12490=IFCSHAPEREPRESENTATION(#11,'Body','SweptSolid',(#12489));
#12491=IFCPRODUCTDEFINITIONSHAPE($,$,(#12490));
#12492=IFCCOLUMN('39boD4FiPTNupjV1g7J8RQ',$,'Column Level 19 20','Perimeter column',$,#12499,#12510,$,$);
#12493=IFCMATERIALPROFILESETUSAGE(#285,$,$);
#12494=IFCRELASSOCIATESMATERIAL('1776jX8RHRQBVWmhCwOY88',$,$,$,(#12492),#12493);
#12495=IFCCARTESIANPOINT((-11.066499559485361,-12.397620317735486,0.));
#12496=IFCDIRECTION((0.,0.,1.));
#12497=IFCDIRECTION((1.,0.,0.));
#12498=IFCAXIS2PLACEMENT3D(#12495,#12496,#12497);
#12499=IFCLOCALPLACEMENT(#211,#12498);
#12500=IFCCARTESIANPOINTLIST2D(((0.,0.),(0.65,0.),(0.65,0.65),(0.,0.65)));
#12501=IFCINDEXEDPOLYCURVE(#12500,(IFCLINEINDEX((1,2,3,4,1))),$);
#12502=IFCARBITRARYCLOSEDPROFILEDEF(.AREA.,$,#12501);
#12503=IFCCARTESIANPOINT((0.,0.,0.));
#12504=IFCDIRECTION((0.,0.,1.));
#12505=IFCDIRECTION((1.,0.,0.));
#12506=IFCAXIS2PLACEMENT3D(#12503,#12504,#12505);
#12507=IFCDIRECTION((0.,0.,1.));
#12508=IFCEXTRUDEDAREASOLID(#12502,#12506,#12507,3.2200000000000024);
#12509=IFCSHAPEREPRESENTATION(#11,'Body','SweptSolid',(#12508));
#12510=IFCPRODUCTDEFINITIONSHAPE($,$,(#12509));
#12511=IFCCOLUMN('2SF$uWQt9P0BNpLHhjpCRQ',$,'Column Level 19 21','Perimeter column',$,#12518,#12529,$,$);
#12512=IFCMATERIALPROFILESETUSAGE(#285,$,$);
#12513=IFCRELASSOCIATESMATERIAL('38d6Z4A$nHpQH5w6tXysNq',$,$,$,(#12511),#12512);
#12514=IFCCARTESIANPOINT((-13.456471873962633,-9.853336732042337,0.));
#12515=IFCDIRECTION((0.,0.,1.));
#12516=IFCDIRECTION((1.,0.,0.));
#12517=IFCAXIS2PLACEMENT3D(#12514,#12515,#12516);
#12518=IFCLOCALPLACEMENT(#211,#12517);
#12519=IFCCARTESIANPOINTLIST2D(((0.,0.),(0.65,0.),(0.65,0.65),(0.,0.65)));
#12520=IFCINDEXEDPOLYCURVE(#12519,(IFCLINEINDEX((1,2,3,4,1))),$);
#12521=IFCARBITRARYCLOSEDPROFILEDEF(.AREA.,$,#12520);
#12522=IFCCARTESIANPOINT((0.,0.,0.));
#12523=IFCDIRECTION((0.,0.,1.));
#12524=IFCDIRECTION((1.,0.,0.));
#12525=IFCAXIS2PLACEMENT3D(#12522,#12523,#12524);
#12526=IFCDIRECTION((0.,0.,1.));
#12527=IFCEXTRUDEDAREASOLID(#12521,#12525,#12526,3.2200000000000024);
#12528=IFCSHAPEREPRESENTATION(#11,'Body','SweptSolid',(#12527));
#12529=IFCPRODUCTDEFINITIONSHAPE($,$,(#12528));
#12530=IFCCOLUMN('3bcuWrIuPPQOuf8BU8JExx',$,'Column Level 20 01','Perimeter column',$,#12537,#12548,$,$);
#12531=IFCMATERIALPROFILESETUSAGE(#285,$,$);
#12532=IFCRELASSOCIATESMATERIAL('30G2bZ17TU1h8IhrgeBd$3',$,$,$,(#12530),#12531);
#12533=IFCCARTESIANPOINT((-12.238,-4.554,0.));
#12534=IFCDIRECTION((0.,0.,1.));
#12535=IFCDIRECTION((1.,0.,0.));
#12536=IFCAXIS2PLACEMENT3D(#12533,#12534,#12535);
#12537=IFCLOCALPLACEMENT(#218,#12536);
#12538=IFCCARTESIANPOINTLIST2D(((0.,0.),(0.65,0.),(0.65,0.65),(0.,0.65)));
#12539=IFCINDEXEDPOLYCURVE(#12538,(IFCLINEINDEX((1,2,3,4,1))),$);
#12540=IFCARBITRARYCLOSEDPROFILEDEF(.AREA.,$,#12539);
#12541=IFCCARTESIANPOINT((0.,0.,0.));
#12542=IFCDIRECTION((0.,0.,1.));
#12543=IFCDIRECTION((1.,0.,0.));
#12544=IFCAXIS2PLACEMENT3D(#12541,#12542,#12543);
#12545=IFCDIRECTION((0.,0.,1.));
#12546=IFCEXTRUDEDAREASOLID(#12540,#12544,#12545,3.2299999999999933);
#12547=IFCSHAPEREPRESENTATION(#11,'Body','SweptSolid',(#12546));
#12548=IFCPRODUCTDEFINITIONSHAPE($,$,(#12547));
#12549=IFCCOLUMN('3GoFhOVnjPPB_mWZI5DtMh',$,'Column Level 20 02','Perimeter column',$,#12556,#12567,$,$);
#12550=IFCMATERIALPROFILESETUSAGE(#285,$,$);
#12551=IFCRELASSOCIATESMATERIAL('0BOehXj9LJ5BQ0f3cmjKJe',$,$,$,(#12549),#12550);
#12552=IFCCARTESIANPOINT((-21.13350968851237,-3.1865544319489096,0.));
#12553=IFCDIRECTION((0.,0.,1.));
#12554=IFCDIRECTION((1.,0.,0.));
#12555=IFCAXIS2PLACEMENT3D(#12552,#12553,#12554);
#12556=IFCLOCALPLACEMENT(#218,#12555);
#12557=IFCCARTESIANPOINTLIST2D(((0.,0.),(0.65,0.),(0.65,0.65),(0.,0.65)));
#12558=IFCINDEXEDPOLYCURVE(#12557,(IFCLINEINDEX((1,2,3,4,1))),$);
#12559=IFCARBITRARYCLOSEDPROFILEDEF(.AREA.,$,#12558);
#12560=IFCCARTESIANPOINT((0.,0.,0.));
#12561=IFCDIRECTION((0.,0.,1.));
#12562=IFCDIRECTION((1.,0.,0.));
#12563=IFCAXIS2PLACEMENT3D(#12560,#12561,#12562);
#12564=IFCDIRECTION((0.,0.,1.));
#12565=IFCEXTRUDEDAREASOLID(#12559,#12563,#12564,3.2299999999999933);
#12566=IFCSHAPEREPRESENTATION(#11,'Body','SweptSolid',(#12565));
#12567=IFCPRODUCTDEFINITIONSHAPE($,$,(#12566));
#12568=IFCCOLUMN('0iwmjYLqTTKhEceEsCmh1n',$,'Column Level 20 03','Perimeter column',$,#12575,#12586,$,$);
#12569=IFCMATERIALPROFILESETUSAGE(#285,$,$);
#12570=IFCRELASSOCIATESMATERIAL('2M1Rnsc01Pfe1Oa2dSjZ7U',$,$,$,(#12568),#12569);
#12571=IFCCARTESIANPOINT((-30.02901937702474,-1.8191088638978188,0.));
#12572=IFCDIRECTION((0.,0.,1.));
#12573=IFCDIRECTION((1.,0.,0.));
#12574=IFCAXIS2PLACEMENT3D(#12571,#12572,#12573);
#12575=IFCLOCALPLACEMENT(#218,#12574);
#12576=IFCCARTESIANPOINTLIST2D(((0.,0.),(0.65,0.),(0.65,0.65),(0.,0.65)));
#12577=IFCINDEXEDPOLYCURVE(#12576,(IFCLINEINDEX((1,2,3,4,1))),$);
#12578=IFCARBITRARYCLOSEDPROFILEDEF(.AREA.,$,#12577);
#12579=IFCCARTESIANPOINT((0.,0.,0.));
#12580=IFCDIRECTION((0.,0.,1.));
#12581=IFCDIRECTION((1.,0.,0.));
#12582=IFCAXIS2PLACEMENT3D(#12579,#12580,#12581);
#12583=IFCDIRECTION((0.,0.,1.));
#12584=IFCEXTRUDEDAREASOLID(#12578,#12582,#12583,3.2299999999999933);
#12585=IFCSHAPEREPRESENTATION(#11,'Body','SweptSolid',(#12584));
#12586=IFCPRODUCTDEFINITIONSHAPE($,$,(#12585));
#12587=IFCCOLUMN('0TBWY9q6HGDR8$1ZZsUgFF',$,'Column Level 20 04','Perimeter column',$,#12594,#12605,$,$);
#12588=IFCMATERIALPROFILESETUSAGE(#285,$,$);
#12589=IFCRELASSOCIATESMATERIAL('3ExGqi2b9PXOplszI3VCmZ',$,$,$,(#12587),#12588);
#12590=IFCCARTESIANPOINT((-38.92452906553711,-0.4516632958467282,0.));
#12591=IFCDIRECTION((0.,0.,1.));
#12592=IFCDIRECTION((1.,0.,0.));
#12593=IFCAXIS2PLACEMENT3D(#12590,#12591,#12592);
#12594=IFCLOCALPLACEMENT(#218,#12593);
#12595=IFCCARTESIANPOINTLIST2D(((0.,0.),(0.65,0.),(0.65,0.65),(0.,0.65)));
#12596=IFCINDEXEDPOLYCURVE(#12595,(IFCLINEINDEX((1,2,3,4,1))),$);
#12597=IFCARBITRARYCLOSEDPROFILEDEF(.AREA.,$,#12596);
#12598=IFCCARTESIANPOINT((0.,0.,0.));
#12599=IFCDIRECTION((0.,0.,1.));
#12600=IFCDIRECTION((1.,0.,0.));
#12601=IFCAXIS2PLACEMENT3D(#12598,#12599,#12600);
#12602=IFCDIRECTION((0.,0.,1.));
#12603=IFCEXTRUDEDAREASOLID(#12597,#12601,#12602,3.2299999999999933);
#12604=IFCSHAPEREPRESENTATION(#11,'Body','SweptSolid',(#12603));
#12605=IFCPRODUCTDEFINITIONSHAPE($,$,(#12604));
#12606=IFCCOLUMN('2WnWqtCVjN0P$NkdlSkWfu',$,'Column Level 20 05','Perimeter column',$,#12613,#12624,$,$);
#12607=IFCMATERIALPROFILESETUSAGE(#285,$,$);
#12608=IFCRELASSOCIATESMATERIAL('3jepIup8TOAR7urfG9Azqv',$,$,$,(#12606),#12607);
#12609=IFCCARTESIANPOINT((-40.27460352793099,-9.143625085186395,0.));
#12610=IFCDIRECTION((0.,0.,1.));
#12611=IFCDIRECTION((1.,0.,0.));
#12612=IFCAXIS2PLACEMENT3D(#12609,#12610,#12611);
#12613=IFCLOCALPLACEMENT(#218,#12612);
#12614=IFCCARTESIANPOINTLIST2D(((0.,0.),(0.65,0.),(0.65,0.65),(0.,0.65)));
#12615=IFCINDEXEDPOLYCURVE(#12614,(IFCLINEINDEX((1,2,3,4,1))),$);
#12616=IFCARBITRARYCLOSEDPROFILEDEF(.AREA.,$,#12615);
#12617=IFCCARTESIANPOINT((0.,0.,0.));
#12618=IFCDIRECTION((0.,0.,1.));
#12619=IFCDIRECTION((1.,0.,0.));
#12620=IFCAXIS2PLACEMENT3D(#12617,#12618,#12619);
#12621=IFCDIRECTION((0.,0.,1.));
#12622=IFCEXTRUDEDAREASOLID(#12616,#12620,#12621,3.2299999999999933);
#12623=IFCSHAPEREPRESENTATION(#11,'Body','SweptSolid',(#12622));
#12624=IFCPRODUCTDEFINITIONSHAPE($,$,(#12623));
#12625=IFCCOLUMN('119fSy3CHUnu8dsd77ZFMm',$,'Column Level 20 06','Perimeter column',$,#12632,#12643,$,$);
#12626=IFCMATERIALPROFILESETUSAGE(#285,$,$);
#12627=IFCRELASSOCIATESMATERIAL('1mPDr2s$jTtOIqV8Wabd4s',$,$,$,(#12625),#12626);
#12628=IFCCARTESIANPOINT((-41.45159975803409,-18.06633094576048,0.));
#12629=IFCDIRECTION((0.,0.,1.));
#12630=IFCDIRECTION((1.,0.,0.));
#12631=IFCAXIS2PLACEMENT3D(#12628,#12629,#12630);
#12632=IFCLOCALPLACEMENT(#218,#12631);
#12633=IFCCARTESIANPOINTLIST2D(((0.,0.),(0.65,0.),(0.65,0.65),(0.,0.65)));
#12634=IFCINDEXEDPOLYCURVE(#12633,(IFCLINEINDEX((1,2,3,4,1))),$);
#12635=IFCARBITRARYCLOSEDPROFILEDEF(.AREA.,$,#12634);
#12636=IFCCARTESIANPOINT((0.,0.,0.));
#12637=IFCDIRECTION((0.,0.,1.));
#12638=IFCDIRECTION((1.,0.,0.));
#12639=IFCAXIS2PLACEMENT3D(#12636,#12637,#12638);
#12640=IFCDIRECTION((0.,0.,1.));
#12641=IFCEXTRUDEDAREASOLID(#12635,#12639,#12640,3.2299999999999933);
#12642=IFCSHAPEREPRESENTATION(#11,'Body','SweptSolid',(#12641));
#12643=IFCPRODUCTDEFINITIONSHAPE($,$,(#12642));
#12644=IFCCOLUMN('0OQ$c$wkfMCxPRrle643i$',$,'Column Level 20 07','Perimeter column',$,#12651,#12662,$,$);
#12645=IFCMATERIALPROFILESETUSAGE(#285,$,$);
#12646=IFCRELASSOCIATESMATERIAL('2scsyLE7PHxxUqsYNFfVZw',$,$,$,(#12644),#12645);
#12647=IFCCARTESIANPOINT((-42.628595988137185,-26.98903680633456,0.));
#12648=IFCDIRECTION((0.,0.,1.));
#12649=IFCDIRECTION((1.,0.,0.));
#12650=IFCAXIS2PLACEMENT3D(#12647,#12648,#12649);
#12651=IFCLOCALPLACEMENT(#218,#12650);
#12652=IFCCARTESIANPOINTLIST2D(((0.,0.),(0.65,0.),(0.65,0.65),(0.,0.65)));
#12653=IFCINDEXEDPOLYCURVE(#12652,(IFCLINEINDEX((1,2,3,4,1))),$);
#12654=IFCARBITRARYCLOSEDPROFILEDEF(.AREA.,$,#12653);
#12655=IFCCARTESIANPOINT((0.,0.,0.));
#12656=IFCDIRECTION((0.,0.,1.));
#12657=IFCDIRECTION((1.,0.,0.));
#12658=IFCAXIS2PLACEMENT3D(#12655,#12656,#12657);
#12659=IFCDIRECTION((0.,0.,1.));
#12660=IFCEXTRUDEDAREASOLID(#12654,#12658,#12659,3.2299999999999933);
#12661=IFCSHAPEREPRESENTATION(#11,'Body','SweptSolid',(#12660));
#12662=IFCPRODUCTDEFINITIONSHAPE($,$,(#12661));
#12663=IFCCOLUMN('1f3s_$DIbGqQRpVh$w$SRS',$,'Column Level 20 08','Perimeter column',$,#12670,#12681,$,$);
#12664=IFCMATERIALPROFILESETUSAGE(#285,$,$);
#12665=IFCRELASSOCIATESMATERIAL('0KyzGinoXIOu9adRSsa3kO',$,$,$,(#12663),#12664);
#12666=IFCCARTESIANPOINT((-36.70360812499941,-30.33150373088748,0.));
#12667=IFCDIRECTION((0.,0.,1.));
#12668=IFCDIRECTION((1.,0.,0.));
#12669=IFCAXIS2PLACEMENT3D(#12666,#12667,#12668);
#12670=IFCLOCALPLACEMENT(#218,#12669);
#12671=IFCCARTESIANPOINTLIST2D(((0.,0.),(0.65,0.),(0.65,0.65),(0.,0.65)));
#12672=IFCINDEXEDPOLYCURVE(#12671,(IFCLINEINDEX((1,2,3,4,1))),$);
#12673=IFCARBITRARYCLOSEDPROFILEDEF(.AREA.,$,#12672);
#12674=IFCCARTESIANPOINT((0.,0.,0.));
#12675=IFCDIRECTION((0.,0.,1.));
#12676=IFCDIRECTION((1.,0.,0.));
#12677=IFCAXIS2PLACEMENT3D(#12674,#12675,#12676);
#12678=IFCDIRECTION((0.,0.,1.));
#12679=IFCEXTRUDEDAREASOLID(#12673,#12677,#12678,3.2299999999999933);
#12680=IFCSHAPEREPRESENTATION(#11,'Body','SweptSolid',(#12679));
#12681=IFCPRODUCTDEFINITIONSHAPE($,$,(#12680));
#12682=IFCCOLUMN('0g_ViphifUTutM2Mzmwev2',$,'Column Level 20 09','Perimeter column',$,#12689,#12700,$,$);
#12683=IFCMATERIALPROFILESETUSAGE(#285,$,$);
#12684=IFCRELASSOCIATESMATERIAL('1o0XL2LevRXxW$W0uP5IJN',$,$,$,(#12682),#12683);
#12685=IFCCARTESIANPOINT((-27.755740870059473,-31.29880491871557,0.));
#12686=IFCDIRECTION((0.,0.,1.));
#12687=IFCDIRECTION((1.,0.,0.));
#12688=IFCAXIS2PLACEMENT3D(#12685,#12686,#12687);
#12689=IFCLOCALPLACEMENT(#218,#12688);
#12690=IFCCARTESIANPOINTLIST2D(((0.,0.),(0.65,0.),(0.65,0.65),(0.,0.65)));
#12691=IFCINDEXEDPOLYCURVE(#12690,(IFCLINEINDEX((1,2,3,4,1))),$);
#12692=IFCARBITRARYCLOSEDPROFILEDEF(.AREA.,$,#12691);
#12693=IFCCARTESIANPOINT((0.,0.,0.));
#12694=IFCDIRECTION((0.,0.,1.));
#12695=IFCDIRECTION((1.,0.,0.));
#12696=IFCAXIS2PLACEMENT3D(#12693,#12694,#12695);
#12697=IFCDIRECTION((0.,0.,1.));
#12698=IFCEXTRUDEDAREASOLID(#12692,#12696,#12697,3.2299999999999933);
#12699=IFCSHAPEREPRESENTATION(#11,'Body','SweptSolid',(#12698));
#12700=IFCPRODUCTDEFINITIONSHAPE($,$,(#12699));
#12701=IFCCOLUMN('2fFRDZd6DUqu4ojWSiT7Sq',$,'Column Level 20 10','Perimeter column',$,#12708,#12719,$,$);
#12702=IFCMATERIALPROFILESETUSAGE(#285,$,$);
#12703=IFCRELASSOCIATESMATERIAL('1IeAFyh2TLD82Bguu1WCIt',$,$,$,(#12701),#12702);
#12704=IFCCARTESIANPOINT((-18.807873615119536,-32.26610610654367,0.));
#12705=IFCDIRECTION((0.,0.,1.));
#12706=IFCDIRECTION((1.,0.,0.));
#12707=IFCAXIS2PLACEMENT3D(#12704,#12705,#12706);
#12708=IFCLOCALPLACEMENT(#218,#12707);
#12709=IFCCARTESIANPOINTLIST2D(((0.,0.),(0.65,0.),(0.65,0.65),(0.,0.65)));
#12710=IFCINDEXEDPOLYCURVE(#12709,(IFCLINEINDEX((1,2,3,4,1))),$);
#12711=IFCARBITRARYCLOSEDPROFILEDEF(.AREA.,$,#12710);
#12712=IFCCARTESIANPOINT((0.,0.,0.));
#12713=IFCDIRECTION((0.,0.,1.));
#12714=IFCDIRECTION((1.,0.,0.));
#12715=IFCAXIS2PLACEMENT3D(#12712,#12713,#12714);
#12716=IFCDIRECTION((0.,0.,1.));
#12717=IFCEXTRUDEDAREASOLID(#12711,#12715,#12716,3.2299999999999933);
#12718=IFCSHAPEREPRESENTATION(#11,'Body','SweptSolid',(#12717));
#12719=IFCPRODUCTDEFINITIONSHAPE($,$,(#12718));
#12720=IFCCOLUMN('06tD9LuLnQiufJBEpS8T0H',$,'Column Level 20 11','Perimeter column',$,#12727,#12738,$,$);
#12721=IFCMATERIALPROFILESETUSAGE(#285,$,$);
#12722=IFCRELASSOCIATESMATERIAL('376AFr5bLGKvebRcT2d7T4',$,$,$,(#12720),#12721);
#12723=IFCCARTESIANPOINT((-15.505620983253964,-26.89692130761399,0.));
#12724=IFCDIRECTION((0.,0.,1.));
#12725=IFCDIRECTION((1.,0.,0.));
#12726=IFCAXIS2PLACEMENT3D(#12723,#12724,#12725);
#12727=IFCLOCALPLACEMENT(#218,#12726);
#12728=IFCCARTESIANPOINTLIST2D(((0.,0.),(0.65,0.),(0.65,0.65),(0.,0.65)));
#12729=IFCINDEXEDPOLYCURVE(#12728,(IFCLINEINDEX((1,2,3,4,1))),$);
#12730=IFCARBITRARYCLOSEDPROFILEDEF(.AREA.,$,#12729);
#12731=IFCCARTESIANPOINT((0.,0.,0.));
#12732=IFCDIRECTION((0.,0.,1.));
#12733=IFCDIRECTION((1.,0.,0.));
#12734=IFCAXIS2PLACEMENT3D(#12731,#12732,#12733);
#12735=IFCDIRECTION((0.,0.,1.));
#12736=IFCEXTRUDEDAREASOLID(#12730,#12734,#12735,3.2299999999999933);
#12737=IFCSHAPEREPRESENTATION(#11,'Body','SweptSolid',(#12736));
#12738=IFCPRODUCTDEFINITIONSHAPE($,$,(#12737));
#12739=IFCCOLUMN('0r0k9sS09PzvrhZ_rjcZWO',$,'Column Level 20 12','Perimeter column',$,#12746,#12757,$,$);
#12740=IFCMATERIALPROFILESETUSAGE(#285,$,$);
#12741=IFCRELASSOCIATESMATERIAL('0Ro2VaNZnNTehe9qoLy6wH',$,$,$,(#12739),#12740);
#12742=IFCCARTESIANPOINT((-10.642153379088603,-26.985818048800443,0.));
#12743=IFCDIRECTION((0.,0.,1.));
#12744=IFCDIRECTION((1.,0.,0.));
#12745=IFCAXIS2PLACEMENT3D(#12742,#12743,#12744);
#12746=IFCLOCALPLACEMENT(#218,#12745);
#12747=IFCCARTESIANPOINTLIST2D(((0.,0.),(0.65,0.),(0.65,0.65),(0.,0.65)));
#12748=IFCINDEXEDPOLYCURVE(#12747,(IFCLINEINDEX((1,2,3,4,1))),$);
#12749=IFCARBITRARYCLOSEDPROFILEDEF(.AREA.,$,#12748);
#12750=IFCCARTESIANPOINT((0.,0.,0.));
#12751=IFCDIRECTION((0.,0.,1.));
#12752=IFCDIRECTION((1.,0.,0.));
#12753=IFCAXIS2PLACEMENT3D(#12750,#12751,#12752);
#12754=IFCDIRECTION((0.,0.,1.));
#12755=IFCEXTRUDEDAREASOLID(#12749,#12753,#12754,3.2299999999999933);
#12756=IFCSHAPEREPRESENTATION(#11,'Body','SweptSolid',(#12755));
#12757=IFCPRODUCTDEFINITIONSHAPE($,$,(#12756));
#12758=IFCCOLUMN('02NVP0mInQUhSau6nXODWr',$,'Column Level 20 13','Perimeter column',$,#12765,#12776,$,$);
#12759=IFCMATERIALPROFILESETUSAGE(#285,$,$);
#12760=IFCRELASSOCIATESMATERIAL('1rXHMHRN9TdxW3TFMe2eu6',$,$,$,(#12758),#12759);
#12761=IFCCARTESIANPOINT((-1.8112881386739121,-28.677092721568002,0.));
#12762=IFCDIRECTION((0.,0.,1.));
#12763=IFCDIRECTION((1.,0.,0.));
#12764=IFCAXIS2PLACEMENT3D(#12761,#12762,#12763);
#12765=IFCLOCALPLACEMENT(#218,#12764);
#12766=IFCCARTESIANPOINTLIST2D(((0.,0.),(0.65,0.),(0.65,0.65),(0.,0.65)));
#12767=IFCINDEXEDPOLYCURVE(#12766,(IFCLINEINDEX((1,2,3,4,1))),$);
#12768=IFCARBITRARYCLOSEDPROFILEDEF(.AREA.,$,#12767);
#12769=IFCCARTESIANPOINT((0.,0.,0.));
#12770=IFCDIRECTION((0.,0.,1.));
#12771=IFCDIRECTION((1.,0.,0.));
#12772=IFCAXIS2PLACEMENT3D(#12769,#12770,#12771);
#12773=IFCDIRECTION((0.,0.,1.));
#12774=IFCEXTRUDEDAREASOLID(#12768,#12772,#12773,3.2299999999999933);
#12775=IFCSHAPEREPRESENTATION(#11,'Body','SweptSolid',(#12774));
#12776=IFCPRODUCTDEFINITIONSHAPE($,$,(#12775));
#12777=IFCCOLUMN('3tgNSC$wfLKuP6ZnRI1HtO',$,'Column Level 20 14','Perimeter column',$,#12784,#12795,$,$);
#12778=IFCMATERIALPROFILESETUSAGE(#285,$,$);
#12779=IFCRELASSOCIATESMATERIAL('2K8xIy5MnVWgVnUPaTRJJ4',$,$,$,(#12777),#12778);
#12780=IFCCARTESIANPOINT((7.155189194632025,-29.362839396919544,0.));
#12781=IFCDIRECTION((0.,0.,1.));
#12782=IFCDIRECTION((1.,0.,0.));
#12783=IFCAXIS2PLACEMENT3D(#12780,#12781,#12782);
#12784=IFCLOCALPLACEMENT(#218,#12783);
#12785=IFCCARTESIANPOINTLIST2D(((0.,0.),(0.65,0.),(0.65,0.65),(0.,0.65)));
#12786=IFCINDEXEDPOLYCURVE(#12785,(IFCLINEINDEX((1,2,3,4,1))),$);
#12787=IFCARBITRARYCLOSEDPROFILEDEF(.AREA.,$,#12786);
#12788=IFCCARTESIANPOINT((0.,0.,0.));
#12789=IFCDIRECTION((0.,0.,1.));
#12790=IFCDIRECTION((1.,0.,0.));
#12791=IFCAXIS2PLACEMENT3D(#12788,#12789,#12790);
#12792=IFCDIRECTION((0.,0.,1.));
#12793=IFCEXTRUDEDAREASOLID(#12787,#12791,#12792,3.2299999999999933);
#12794=IFCSHAPEREPRESENTATION(#11,'Body','SweptSolid',(#12793));
#12795=IFCPRODUCTDEFINITIONSHAPE($,$,(#12794));
#12796=IFCCOLUMN('0M_gzUbCbLt9mFPyGxazWh',$,'Column Level 20 15','Perimeter column',$,#12803,#12814,$,$);
#12797=IFCMATERIALPROFILESETUSAGE(#285,$,$);
#12798=IFCRELASSOCIATESMATERIAL('2XrSpqApTPhfAGBhGOOHAl',$,$,$,(#12796),#12797);
#12799=IFCCARTESIANPOINT((14.959943051416223,-27.705279889923776,0.));
#12800=IFCDIRECTION((0.,0.,1.));
#12801=IFCDIRECTION((1.,0.,0.));
#12802=IFCAXIS2PLACEMENT3D(#12799,#12800,#12801);
#12803=IFCLOCALPLACEMENT(#218,#12802);
#12804=IFCCARTESIANPOINTLIST2D(((0.,0.),(0.65,0.),(0.65,0.65),(0.,0.65)));
#12805=IFCINDEXEDPOLYCURVE(#12804,(IFCLINEINDEX((1,2,3,4,1))),$);
#12806=IFCARBITRARYCLOSEDPROFILEDEF(.AREA.,$,#12805);
#12807=IFCCARTESIANPOINT((0.,0.,0.));
#12808=IFCDIRECTION((0.,0.,1.));
#12809=IFCDIRECTION((1.,0.,0.));
#12810=IFCAXIS2PLACEMENT3D(#12807,#12808,#12809);
#12811=IFCDIRECTION((0.,0.,1.));
#12812=IFCEXTRUDEDAREASOLID(#12806,#12810,#12811,3.2299999999999933);
#12813=IFCSHAPEREPRESENTATION(#11,'Body','SweptSolid',(#12812));
#12814=IFCPRODUCTDEFINITIONSHAPE($,$,(#12813));
#12815=IFCCOLUMN('1lNlh7PEfLygqO1GhIHTL2',$,'Column Level 20 16','Perimeter column',$,#12822,#12833,$,$);
#12816=IFCMATERIALPROFILESETUSAGE(#285,$,$);
#12817=IFCRELASSOCIATESMATERIAL('1axpBKlgfREudzspnUmcot',$,$,$,(#12815),#12816);
#12818=IFCCARTESIANPOINT((14.691724944875414,-21.834398366778228,0.));
#12819=IFCDIRECTION((0.,0.,1.));
#12820=IFCDIRECTION((1.,0.,0.));
#12821=IFCAXIS2PLACEMENT3D(#12818,#12819,#12820);
#12822=IFCLOCALPLACEMENT(#218,#12821);
#12823=IFCCARTESIANPOINTLIST2D(((0.,0.),(0.65,0.),(0.65,0.65),(0.,0.65)));
#12824=IFCINDEXEDPOLYCURVE(#12823,(IFCLINEINDEX((1,2,3,4,1))),$);
#12825=IFCARBITRARYCLOSEDPROFILEDEF(.AREA.,$,#12824);
#12826=IFCCARTESIANPOINT((0.,0.,0.));
#12827=IFCDIRECTION((0.,0.,1.));
#12828=IFCDIRECTION((1.,0.,0.));
#12829=IFCAXIS2PLACEMENT3D(#12826,#12827,#12828);
#12830=IFCDIRECTION((0.,0.,1.));
#12831=IFCEXTRUDEDAREASOLID(#12825,#12829,#12830,3.2299999999999933);
#12832=IFCSHAPEREPRESENTATION(#11,'Body','SweptSolid',(#12831));
#12833=IFCPRODUCTDEFINITIONSHAPE($,$,(#12832));
#12834=IFCCOLUMN('3nDowDO9HGFRE8sPMtlERZ',$,'Column Level 20 17','Perimeter column',$,#12841,#12852,$,$);
#12835=IFCMATERIALPROFILESETUSAGE(#285,$,$);
#12836=IFCRELASSOCIATESMATERIAL('1bDi0FIAvNKwkbxGD$oaYM',$,$,$,(#12834),#12835);
#12837=IFCCARTESIANPOINT((11.978455094962154,-16.23364164465886,0.));
#12838=IFCDIRECTION((0.,0.,1.));
#12839=IFCDIRECTION((1.,0.,0.));
#12840=IFCAXIS2PLACEMENT3D(#12837,#12838,#12839);
#12841=IFCLOCALPLACEMENT(#218,#12840);
#12842=IFCCARTESIANPOINTLIST2D(((0.,0.),(0.65,0.),(0.65,0.65),(0.,0.65)));
#12843=IFCINDEXEDPOLYCURVE(#12842,(IFCLINEINDEX((1,2,3,4,1))),$);
#12844=IFCARBITRARYCLOSEDPROFILEDEF(.AREA.,$,#12843);
#12845=IFCCARTESIANPOINT((0.,0.,0.));
#12846=IFCDIRECTION((0.,0.,1.));
#12847=IFCDIRECTION((1.,0.,0.));
#12848=IFCAXIS2PLACEMENT3D(#12845,#12846,#12847);
#12849=IFCDIRECTION((0.,0.,1.));
#12850=IFCEXTRUDEDAREASOLID(#12844,#12848,#12849,3.2299999999999933);
#12851=IFCSHAPEREPRESENTATION(#11,'Body','SweptSolid',(#12850));
#12852=IFCPRODUCTDEFINITIONSHAPE($,$,(#12851));
#12853=IFCCOLUMN('2kvIkX67DUIAlIGEKePWn$',$,'Column Level 20 18','Perimeter column',$,#12860,#12871,$,$);
#12854=IFCMATERIALPROFILESETUSAGE(#285,$,$);
#12855=IFCRELASSOCIATESMATERIAL('2Yro6mpXfIZeNdvm8lchnF',$,$,$,(#12853),#12854);
#12856=IFCCARTESIANPOINT((3.3312160994023383,-13.810817726782739,0.));
#12857=IFCDIRECTION((0.,0.,1.));
#12858=IFCDIRECTION((1.,0.,0.));
#12859=IFCAXIS2PLACEMENT3D(#12856,#12857,#12858);
#12860=IFCLOCALPLACEMENT(#218,#12859);
#12861=IFCCARTESIANPOINTLIST2D(((0.,0.),(0.65,0.),(0.65,0.65),(0.,0.65)));
#12862=IFCINDEXEDPOLYCURVE(#12861,(IFCLINEINDEX((1,2,3,4,1))),$);
#12863=IFCARBITRARYCLOSEDPROFILEDEF(.AREA.,$,#12862);
#12864=IFCCARTESIANPOINT((0.,0.,0.));
#12865=IFCDIRECTION((0.,0.,1.));
#12866=IFCDIRECTION((1.,0.,0.));
#12867=IFCAXIS2PLACEMENT3D(#12864,#12865,#12866);
#12868=IFCDIRECTION((0.,0.,1.));
#12869=IFCEXTRUDEDAREASOLID(#12863,#12867,#12868,3.2299999999999933);
#12870=IFCSHAPEREPRESENTATION(#11,'Body','SweptSolid',(#12869));
#12871=IFCPRODUCTDEFINITIONSHAPE($,$,(#12870));
#12872=IFCCOLUMN('2oKGwB7BnTI8KHZybc6L6Z',$,'Column Level 20 19','Perimeter column',$,#12879,#12890,$,$);
#12873=IFCMATERIALPROFILESETUSAGE(#285,$,$);
#12874=IFCRELASSOCIATESMATERIAL('1kJ1sQ8RnQFvDbxEXYcxse',$,$,$,(#12872),#12873);
#12875=IFCCARTESIANPOINT((-5.552341214096126,-12.48462457227796,0.));
#12876=IFCDIRECTION((0.,0.,1.));
#12877=IFCDIRECTION((1.,0.,0.));
#12878=IFCAXIS2PLACEMENT3D(#12875,#12876,#12877);
#12879=IFCLOCALPLACEMENT(#218,#12878);
#12880=IFCCARTESIANPOINTLIST2D(((0.,0.),(0.65,0.),(0.65,0.65),(0.,0.65)));
#12881=IFCINDEXEDPOLYCURVE(#12880,(IFCLINEINDEX((1,2,3,4,1))),$);
#12882=IFCARBITRARYCLOSEDPROFILEDEF(.AREA.,$,#12881);
#12883=IFCCARTESIANPOINT((0.,0.,0.));
#12884=IFCDIRECTION((0.,0.,1.));
#12885=IFCDIRECTION((1.,0.,0.));
#12886=IFCAXIS2PLACEMENT3D(#12883,#12884,#12885);
#12887=IFCDIRECTION((0.,0.,1.));
#12888=IFCEXTRUDEDAREASOLID(#12882,#12886,#12887,3.2299999999999933);
#12889=IFCSHAPEREPRESENTATION(#11,'Body','SweptSolid',(#12888));
#12890=IFCPRODUCTDEFINITIONSHAPE($,$,(#12889));
#12891=IFCCOLUMN('1VXg7QaEHLNw3UHJpU4cnc',$,'Column Level 20 20','Perimeter column',$,#12898,#12909,$,$);
#12892=IFCMATERIALPROFILESETUSAGE(#285,$,$);
#12893=IFCRELASSOCIATESMATERIAL('1y1fTaL9bGngnGEu891OcV',$,$,$,(#12891),#12892);
#12894=IFCCARTESIANPOINT((-14.534437738165241,-12.052686268029813,0.));
#12895=IFCDIRECTION((0.,0.,1.));
#12896=IFCDIRECTION((1.,0.,0.));
#12897=IFCAXIS2PLACEMENT3D(#12894,#12895,#12896);
#12898=IFCLOCALPLACEMENT(#218,#12897);
#12899=IFCCARTESIANPOINTLIST2D(((0.,0.),(0.65,0.),(0.65,0.65),(0.,0.65)));
#12900=IFCINDEXEDPOLYCURVE(#12899,(IFCLINEINDEX((1,2,3,4,1))),$);
#12901=IFCARBITRARYCLOSEDPROFILEDEF(.AREA.,$,#12900);
#12902=IFCCARTESIANPOINT((0.,0.,0.));
#12903=IFCDIRECTION((0.,0.,1.));
#12904=IFCDIRECTION((1.,0.,0.));
#12905=IFCAXIS2PLACEMENT3D(#12902,#12903,#12904);
#12906=IFCDIRECTION((0.,0.,1.));
#12907=IFCEXTRUDEDAREASOLID(#12901,#12905,#12906,3.2299999999999933);
#12908=IFCSHAPEREPRESENTATION(#11,'Body','SweptSolid',(#12907));
#12909=IFCPRODUCTDEFINITIONSHAPE($,$,(#12908));
#12910=IFCCOLUMN('0yMuWCJbjMAwEwnDehHABE',$,'Column Level 20 21','Perimeter column',$,#12917,#12928,$,$);
#12911=IFCMATERIALPROFILESETUSAGE(#285,$,$);
#12912=IFCRELASSOCIATESMATERIAL('27jM5gMizNFAvBVvyb3wWO',$,$,$,(#12910),#12911);
#12913=IFCCARTESIANPOINT((-12.306420587986375,-5.286250793593608,0.));
#12914=IFCDIRECTION((0.,0.,1.));
#12915=IFCDIRECTION((1.,0.,0.));
#12916=IFCAXIS2PLACEMENT3D(#12913,#12914,#12915);
#12917=IFCLOCALPLACEMENT(#218,#12916);
#12918=IFCCARTESIANPOINTLIST2D(((0.,0.),(0.65,0.),(0.65,0.65),(0.,0.65)));
#12919=IFCINDEXEDPOLYCURVE(#12918,(IFCLINEINDEX((1,2,3,4,1))),$);
#12920=IFCARBITRARYCLOSEDPROFILEDEF(.AREA.,$,#12919);
#12921=IFCCARTESIANPOINT((0.,0.,0.));
#12922=IFCDIRECTION((0.,0.,1.));
#12923=IFCDIRECTION((1.,0.,0.));
#12924=IFCAXIS2PLACEMENT3D(#12921,#12922,#12923);
#12925=IFCDIRECTION((0.,0.,1.));
#12926=IFCEXTRUDEDAREASOLID(#12920,#12924,#12925,3.2299999999999933);
#12927=IFCSHAPEREPRESENTATION(#11,'Body','SweptSolid',(#12926));
#12928=IFCPRODUCTDEFINITIONSHAPE($,$,(#12927));
#12929=IFCCOLUMN('1ksiuEydrIaxVlM78lFTDP',$,'Column Level 21 01','Perimeter column',$,#12936,#12947,$,$);
#12930=IFCMATERIALPROFILESETUSAGE(#285,$,$);
#12931=IFCRELASSOCIATESMATERIAL('2lDh6w$P1Ve8cIJj95lijO',$,$,$,(#12929),#12930);
#12932=IFCCARTESIANPOINT((-11.491999999999999,-4.464,0.));
#12933=IFCDIRECTION((0.,0.,1.));
#12934=IFCDIRECTION((1.,0.,0.));
#12935=IFCAXIS2PLACEMENT3D(#12932,#12933,#12934);
#12936=IFCLOCALPLACEMENT(#225,#12935);
#12937=IFCCARTESIANPOINTLIST2D(((0.,0.),(0.65,0.),(0.65,0.65),(0.,0.65)));
#12938=IFCINDEXEDPOLYCURVE(#12937,(IFCLINEINDEX((1,2,3,4,1))),$);
#12939=IFCARBITRARYCLOSEDPROFILEDEF(.AREA.,$,#12938);
#12940=IFCCARTESIANPOINT((0.,0.,0.));
#12941=IFCDIRECTION((0.,0.,1.));
#12942=IFCDIRECTION((1.,0.,0.));
#12943=IFCAXIS2PLACEMENT3D(#12940,#12941,#12942);
#12944=IFCDIRECTION((0.,0.,1.));
#12945=IFCEXTRUDEDAREASOLID(#12939,#12943,#12944,3.2300000000000075);
#12946=IFCSHAPEREPRESENTATION(#11,'Body','SweptSolid',(#12945));
#12947=IFCPRODUCTDEFINITIONSHAPE($,$,(#12946));
#12948=IFCCOLUMN('0NCA0sGVDSSxETv1WzQh2D',$,'Column Level 21 02','Perimeter column',$,#12955,#12966,$,$);
#12949=IFCMATERIALPROFILESETUSAGE(#285,$,$);
#12950=IFCRELASSOCIATESMATERIAL('3xv$ciovrISAg457HHHqC0',$,$,$,(#12948),#12949);
#12951=IFCCARTESIANPOINT((-20.386822890013605,-3.0920941157316983,0.));
#12952=IFCDIRECTION((0.,0.,1.));
#12953=IFCDIRECTION((1.,0.,0.));
#12954=IFCAXIS2PLACEMENT3D(#12951,#12952,#12953);
#12955=IFCLOCALPLACEMENT(#225,#12954);
#12956=IFCCARTESIANPOINTLIST2D(((0.,0.),(0.65,0.),(0.65,0.65),(0.,0.65)));
#12957=IFCINDEXEDPOLYCURVE(#12956,(IFCLINEINDEX((1,2,3,4,1))),$);
#12958=IFCARBITRARYCLOSEDPROFILEDEF(.AREA.,$,#12957);
#12959=IFCCARTESIANPOINT((0.,0.,0.));
#12960=IFCDIRECTION((0.,0.,1.));
#12961=IFCDIRECTION((1.,0.,0.));
#12962=IFCAXIS2PLACEMENT3D(#12959,#12960,#12961);
#12963=IFCDIRECTION((0.,0.,1.));
#12964=IFCEXTRUDEDAREASOLID(#12958,#12962,#12963,3.2300000000000075);
#12965=IFCSHAPEREPRESENTATION(#11,'Body','SweptSolid',(#12964));
#12966=IFCPRODUCTDEFINITIONSHAPE($,$,(#12965));
#12967=IFCCOLUMN('3NmexnuizLGQtyTTJlpnWh',$,'Column Level 21 03','Perimeter column',$,#12974,#12985,$,$);
#12968=IFCMATERIALPROFILESETUSAGE(#285,$,$);
#12969=IFCRELASSOCIATESMATERIAL('1ohNK1IVnPivFfHtQytW51',$,$,$,(#12967),#12968);
#12970=IFCCARTESIANPOINT((-29.28164578002721,-1.7201882314633956,0.));
#12971=IFCDIRECTION((0.,0.,1.));
#12972=IFCDIRECTION((1.,0.,0.));
#12973=IFCAXIS2PLACEMENT3D(#12970,#12971,#12972);
#12974=IFCLOCALPLACEMENT(#225,#12973);
#12975=IFCCARTESIANPOINTLIST2D(((0.,0.),(0.65,0.),(0.65,0.65),(0.,0.65)));
#12976=IFCINDEXEDPOLYCURVE(#12975,(IFCLINEINDEX((1,2,3,4,1))),$);
#12977=IFCARBITRARYCLOSEDPROFILEDEF(.AREA.,$,#12976);
#12978=IFCCARTESIANPOINT((0.,0.,0.));
#12979=IFCDIRECTION((0.,0.,1.));
#12980=IFCDIRECTION((1.,0.,0.));
#12981=IFCAXIS2PLACEMENT3D(#12978,#12979,#12980);
#12982=IFCDIRECTION((0.,0.,1.));
#12983=IFCEXTRUDEDAREASOLID(#12977,#12981,#12982,3.2300000000000075);
#12984=IFCSHAPEREPRESENTATION(#11,'Body','SweptSolid',(#12983));
#12985=IFCPRODUCTDEFINITIONSHAPE($,$,(#12984));
#12986=IFCCOLUMN('38UyAO2Z9J6RYA_U6$BI5L',$,'Column Level 21 04','Perimeter column',$,#12993,#13004,$,$);
#12987=IFCMATERIALPROFILESETUSAGE(#285,$,$);
#12988=IFCRELASSOCIATESMATERIAL('0Duzh42dnMoOVhSaXXjP7U',$,$,$,(#12986),#12987);
#12989=IFCCARTESIANPOINT((-37.76737804105624,-0.8939477178859212,0.));
#12990=IFCDIRECTION((0.,0.,1.));
#12991=IFCDIRECTION((1.,0.,0.));
#12992=IFCAXIS2PLACEMENT3D(#12989,#12990,#12991);
#12993=IFCLOCALPLACEMENT(#225,#12992);
#12994=IFCCARTESIANPOINTLIST2D(((0.,0.),(0.65,0.),(0.65,0.65),(0.,0.65)));
#12995=IFCINDEXEDPOLYCURVE(#12994,(IFCLINEINDEX((1,2,3,4,1))),$);
#12996=IFCARBITRARYCLOSEDPROFILEDEF(.AREA.,$,#12995);
#12997=IFCCARTESIANPOINT((0.,0.,0.));
#12998=IFCDIRECTION((0.,0.,1.));
#12999=IFCDIRECTION((1.,0.,0.));
#13000=IFCAXIS2PLACEMENT3D(#12997,#12998,#12999);
#13001=IFCDIRECTION((0.,0.,1.));
#13002=IFCEXTRUDEDAREASOLID(#12996,#13000,#13001,3.2300000000000075);
#13003=IFCSHAPEREPRESENTATION(#11,'Body','SweptSolid',(#13002));
#13004=IFCPRODUCTDEFINITIONSHAPE($,$,(#13003));
#13005=IFCCOLUMN('2927SdqZTKWhGKwgFSnl2o',$,'Column Level 21 05','Perimeter column',$,#13012,#13023,$,$);
#13006=IFCMATERIALPROFILESETUSAGE(#285,$,$);
#13007=IFCRELASSOCIATESMATERIAL('0eJoBDi7fUZBm_AISB1USb',$,$,$,(#13005),#13006);
#13008=IFCCARTESIANPOINT((-38.94421472751765,-9.816674622448144,0.));
#13009=IFCDIRECTION((0.,0.,1.));
#13010=IFCDIRECTION((1.,0.,0.));
#13011=IFCAXIS2PLACEMENT3D(#13008,#13009,#13010);
#13012=IFCLOCALPLACEMENT(#225,#13011);
#13013=IFCCARTESIANPOINTLIST2D(((0.,0.),(0.65,0.),(0.65,0.65),(0.,0.65)));
#13014=IFCINDEXEDPOLYCURVE(#13013,(IFCLINEINDEX((1,2,3,4,1))),$);
#13015=IFCARBITRARYCLOSEDPROFILEDEF(.AREA.,$,#13014);
#13016=IFCCARTESIANPOINT((0.,0.,0.));
#13017=IFCDIRECTION((0.,0.,1.));
#13018=IFCDIRECTION((1.,0.,0.));
#13019=IFCAXIS2PLACEMENT3D(#13016,#13017,#13018);
#13020=IFCDIRECTION((0.,0.,1.));
#13021=IFCEXTRUDEDAREASOLID(#13015,#13019,#13020,3.2300000000000075);
#13022=IFCSHAPEREPRESENTATION(#11,'Body','SweptSolid',(#13021));
#13023=IFCPRODUCTDEFINITIONSHAPE($,$,(#13022));
#13024=IFCCOLUMN('2HFbgoFmXUEv3K6ODsyw3v',$,'Column Level 21 06','Perimeter column',$,#13031,#13042,$,$);
#13025=IFCMATERIALPROFILESETUSAGE(#285,$,$);
#13026=IFCRELASSOCIATESMATERIAL('3lotQ3_Y9SbO8$85uefxVw',$,$,$,(#13024),#13025);
#13027=IFCCARTESIANPOINT((-40.121051413979046,-18.739401527010365,0.));
#13028=IFCDIRECTION((0.,0.,1.));
#13029=IFCDIRECTION((1.,0.,0.));
#13030=IFCAXIS2PLACEMENT3D(#13027,#13028,#13029);
#13031=IFCLOCALPLACEMENT(#225,#13030);
#13032=IFCCARTESIANPOINTLIST2D(((0.,0.),(0.65,0.),(0.65,0.65),(0.,0.65)));
#13033=IFCINDEXEDPOLYCURVE(#13032,(IFCLINEINDEX((1,2,3,4,1))),$);
#13034=IFCARBITRARYCLOSEDPROFILEDEF(.AREA.,$,#13033);
#13035=IFCCARTESIANPOINT((0.,0.,0.));
#13036=IFCDIRECTION((0.,0.,1.));
#13037=IFCDIRECTION((1.,0.,0.));
#13038=IFCAXIS2PLACEMENT3D(#13035,#13036,#13037);
#13039=IFCDIRECTION((0.,0.,1.));
#13040=IFCEXTRUDEDAREASOLID(#13034,#13038,#13039,3.2300000000000075);
#13041=IFCSHAPEREPRESENTATION(#11,'Body','SweptSolid',(#13040));
#13042=IFCPRODUCTDEFINITIONSHAPE($,$,(#13041));
#13043=IFCCOLUMN('1lA1w_4WfOTfds1rFKJvCe',$,'Column Level 21 07','Perimeter column',$,#13050,#13061,$,$);
#13044=IFCMATERIALPROFILESETUSAGE(#285,$,$);
#13045=IFCRELASSOCIATESMATERIAL('1oIP0NWavQYBB2QE60Nvpq',$,$,$,(#13043),#13044);
#13046=IFCCARTESIANPOINT((-41.29788810044045,-27.66212843157259,0.));
#13047=IFCDIRECTION((0.,0.,1.));
#13048=IFCDIRECTION((1.,0.,0.));
#13049=IFCAXIS2PLACEMENT3D(#13046,#13047,#13048);
#13050=IFCLOCALPLACEMENT(#225,#13049);
#13051=IFCCARTESIANPOINTLIST2D(((0.,0.),(0.65,0.),(0.65,0.65),(0.,0.65)));
#13052=IFCINDEXEDPOLYCURVE(#13051,(IFCLINEINDEX((1,2,3,4,1))),$);
#13053=IFCARBITRARYCLOSEDPROFILEDEF(.AREA.,$,#13052);
#13054=IFCCARTESIANPOINT((0.,0.,0.));
#13055=IFCDIRECTION((0.,0.,1.));
#13056=IFCDIRECTION((1.,0.,0.));
#13057=IFCAXIS2PLACEMENT3D(#13054,#13055,#13056);
#13058=IFCDIRECTION((0.,0.,1.));
#13059=IFCEXTRUDEDAREASOLID(#13053,#13057,#13058,3.2300000000000075);
#13060=IFCSHAPEREPRESENTATION(#11,'Body','SweptSolid',(#13059));
#13061=IFCPRODUCTDEFINITIONSHAPE($,$,(#13060));
#13062=IFCCOLUMN('0Vnq5lU4jHPAqtOyuQUld9',$,'Column Level 21 08','Perimeter column',$,#13069,#13080,$,$);
#13063=IFCMATERIALPROFILESETUSAGE(#285,$,$);
#13064=IFCRELASSOCIATESMATERIAL('2phginNebITRZRkfDzuuO9',$,$,$,(#13062),#13063);
#13065=IFCCARTESIANPOINT((-33.77008467386413,-29.74144330152788,0.));
#13066=IFCDIRECTION((0.,0.,1.));
#13067=IFCDIRECTION((1.,0.,0.));
#13068=IFCAXIS2PLACEMENT3D(#13065,#13066,#13067);
#13069=IFCLOCALPLACEMENT(#225,#13068);
#13070=IFCCARTESIANPOINTLIST2D(((0.,0.),(0.65,0.),(0.65,0.65),(0.,0.65)));
#13071=IFCINDEXEDPOLYCURVE(#13070,(IFCLINEINDEX((1,2,3,4,1))),$);
#13072=IFCARBITRARYCLOSEDPROFILEDEF(.AREA.,$,#13071);
#13073=IFCCARTESIANPOINT((0.,0.,0.));
#13074=IFCDIRECTION((0.,0.,1.));
#13075=IFCDIRECTION((1.,0.,0.));
#13076=IFCAXIS2PLACEMENT3D(#13073,#13074,#13075);
#13077=IFCDIRECTION((0.,0.,1.));
#13078=IFCEXTRUDEDAREASOLID(#13072,#13076,#13077,3.2300000000000075);
#13079=IFCSHAPEREPRESENTATION(#11,'Body','SweptSolid',(#13078));
#13080=IFCPRODUCTDEFINITIONSHAPE($,$,(#13079));
#13081=IFCCOLUMN('34k1wi8HfQHAji5IJ3WUD2',$,'Column Level 21 09','Perimeter column',$,#13088,#13099,$,$);
#13082=IFCMATERIALPROFILESETUSAGE(#285,$,$);
#13083=IFCRELASSOCIATESMATERIAL('16ZuvaZ1jM49FS6akIPlSH',$,$,$,(#13081),#13082);
#13084=IFCCARTESIANPOINT((-24.821697623507003,-30.70392405302421,0.));
#13085=IFCDIRECTION((0.,0.,1.));
#13086=IFCDIRECTION((1.,0.,0.));
#13087=IFCAXIS2PLACEMENT3D(#13084,#13085,#13086);
#13088=IFCLOCALPLACEMENT(#225,#13087);
#13089=IFCCARTESIANPOINTLIST2D(((0.,0.),(0.65,0.),(0.65,0.65),(0.,0.65)));
#13090=IFCINDEXEDPOLYCURVE(#13089,(IFCLINEINDEX((1,2,3,4,1))),$);
#13091=IFCARBITRARYCLOSEDPROFILEDEF(.AREA.,$,#13090);
#13092=IFCCARTESIANPOINT((0.,0.,0.));
#13093=IFCDIRECTION((0.,0.,1.));
#13094=IFCDIRECTION((1.,0.,0.));
#13095=IFCAXIS2PLACEMENT3D(#13092,#13093,#13094);
#13096=IFCDIRECTION((0.,0.,1.));
#13097=IFCEXTRUDEDAREASOLID(#13091,#13095,#13096,3.2300000000000075);
#13098=IFCSHAPEREPRESENTATION(#11,'Body','SweptSolid',(#13097));
#13099=IFCPRODUCTDEFINITIONSHAPE($,$,(#13098));
#13100=IFCCOLUMN('179kIkv$jH4PudzEz7kxEv',$,'Column Level 21 10','Perimeter column',$,#13107,#13118,$,$);
#13101=IFCMATERIALPROFILESETUSAGE(#285,$,$);
#13102=IFCRELASSOCIATESMATERIAL('2eth7LQC9LCf4H6xGmhdYV',$,$,$,(#13100),#13101);
#13103=IFCCARTESIANPOINT((-15.87331057314988,-31.666404804520536,0.));
#13104=IFCDIRECTION((0.,0.,1.));
#13105=IFCDIRECTION((1.,0.,0.));
#13106=IFCAXIS2PLACEMENT3D(#13103,#13104,#13105);
#13107=IFCLOCALPLACEMENT(#225,#13106);
#13108=IFCCARTESIANPOINTLIST2D(((0.,0.),(0.65,0.),(0.65,0.65),(0.,0.65)));
#13109=IFCINDEXEDPOLYCURVE(#13108,(IFCLINEINDEX((1,2,3,4,1))),$);
#13110=IFCARBITRARYCLOSEDPROFILEDEF(.AREA.,$,#13109);
#13111=IFCCARTESIANPOINT((0.,0.,0.));
#13112=IFCDIRECTION((0.,0.,1.));
#13113=IFCDIRECTION((1.,0.,0.));
#13114=IFCAXIS2PLACEMENT3D(#13111,#13112,#13113);
#13115=IFCDIRECTION((0.,0.,1.));
#13116=IFCEXTRUDEDAREASOLID(#13110,#13114,#13115,3.2300000000000075);
#13117=IFCSHAPEREPRESENTATION(#11,'Body','SweptSolid',(#13116));
#13118=IFCPRODUCTDEFINITIONSHAPE($,$,(#13117));
#13119=IFCCOLUMN('0wrHxWwrLGBP0uAEPH6DMY',$,'Column Level 21 11','Perimeter column',$,#13126,#13137,$,$);
#13120=IFCMATERIALPROFILESETUSAGE(#285,$,$);
#13121=IFCRELASSOCIATESMATERIAL('0i0MYJb29IewnvHO4LCcjI',$,$,$,(#13119),#13120);
#13122=IFCCARTESIANPOINT((-15.938513140541277,-24.986283787436427,0.));
#13123=IFCDIRECTION((0.,0.,1.));
#13124=IFCDIRECTION((1.,0.,0.));
#13125=IFCAXIS2PLACEMENT3D(#13122,#13123,#13124);
#13126=IFCLOCALPLACEMENT(#225,#13125);
#13127=IFCCARTESIANPOINTLIST2D(((0.,0.),(0.65,0.),(0.65,0.65),(0.,0.65)));
#13128=IFCINDEXEDPOLYCURVE(#13127,(IFCLINEINDEX((1,2,3,4,1))),$);
#13129=IFCARBITRARYCLOSEDPROFILEDEF(.AREA.,$,#13128);
#13130=IFCCARTESIANPOINT((0.,0.,0.));
#13131=IFCDIRECTION((0.,0.,1.));
#13132=IFCDIRECTION((1.,0.,0.));
#13133=IFCAXIS2PLACEMENT3D(#13130,#13131,#13132);
#13134=IFCDIRECTION((0.,0.,1.));
#13135=IFCEXTRUDEDAREASOLID(#13129,#13133,#13134,3.2300000000000075);
#13136=IFCSHAPEREPRESENTATION(#11,'Body','SweptSolid',(#13135));
#13137=IFCPRODUCTDEFINITIONSHAPE($,$,(#13136));
#13138=IFCCOLUMN('3EO0CZtfvMxfK56fUnDsNb',$,'Column Level 21 12','Perimeter column',$,#13145,#13156,$,$);
#13139=IFCMATERIALPROFILESETUSAGE(#285,$,$);
#13140=IFCRELASSOCIATESMATERIAL('2$K5DxdGrTc9KNaPbLEdZQ',$,$,$,(#13138),#13139);
#13141=IFCCARTESIANPOINT((-7.4886701535027465,-26.81170570681766,0.));
#13142=IFCDIRECTION((0.,0.,1.));
#13143=IFCDIRECTION((1.,0.,0.));
#13144=IFCAXIS2PLACEMENT3D(#13141,#13142,#13143);
#13145=IFCLOCALPLACEMENT(#225,#13144);
#13146=IFCCARTESIANPOINTLIST2D(((0.,0.),(0.65,0.),(0.65,0.65),(0.,0.65)));
#13147=IFCINDEXEDPOLYCURVE(#13146,(IFCLINEINDEX((1,2,3,4,1))),$);
#13148=IFCARBITRARYCLOSEDPROFILEDEF(.AREA.,$,#13147);
#13149=IFCCARTESIANPOINT((0.,0.,0.));
#13150=IFCDIRECTION((0.,0.,1.));
#13151=IFCDIRECTION((1.,0.,0.));
#13152=IFCAXIS2PLACEMENT3D(#13149,#13150,#13151);
#13153=IFCDIRECTION((0.,0.,1.));
#13154=IFCEXTRUDEDAREASOLID(#13148,#13152,#13153,3.2300000000000075);
#13155=IFCSHAPEREPRESENTATION(#11,'Body','SweptSolid',(#13154));
#13156=IFCPRODUCTDEFINITIONSHAPE($,$,(#13155));
#13157=IFCCOLUMN('3fjaqkLNXSHgHYkaGAwjor',$,'Column Level 21 13','Perimeter column',$,#13164,#13175,$,$);
#13158=IFCMATERIALPROFILESETUSAGE(#285,$,$);
#13159=IFCRELASSOCIATESMATERIAL('3rshCEa6vKS9wcdBXAObPV',$,$,$,(#13157),#13158);
#13160=IFCCARTESIANPOINT((1.3902054237904513,-28.181560095724105,0.));
#13161=IFCDIRECTION((0.,0.,1.));
#13162=IFCDIRECTION((1.,0.,0.));
#13163=IFCAXIS2PLACEMENT3D(#13160,#13161,#13162);
#13164=IFCLOCALPLACEMENT(#225,#13163);
#13165=IFCCARTESIANPOINTLIST2D(((0.,0.),(0.65,0.),(0.65,0.65),(0.,0.65)));
#13166=IFCINDEXEDPOLYCURVE(#13165,(IFCLINEINDEX((1,2,3,4,1))),$);
#13167=IFCARBITRARYCLOSEDPROFILEDEF(.AREA.,$,#13166);
#13168=IFCCARTESIANPOINT((0.,0.,0.));
#13169=IFCDIRECTION((0.,0.,1.));
#13170=IFCDIRECTION((1.,0.,0.));
#13171=IFCAXIS2PLACEMENT3D(#13168,#13169,#13170);
#13172=IFCDIRECTION((0.,0.,1.));
#13173=IFCEXTRUDEDAREASOLID(#13167,#13171,#13172,3.2300000000000075);
#13174=IFCSHAPEREPRESENTATION(#11,'Body','SweptSolid',(#13173));
#13175=IFCPRODUCTDEFINITIONSHAPE($,$,(#13174));
#13176=IFCCOLUMN('35O$zWdW1I98V$0cTuk3wO',$,'Column Level 21 14','Perimeter column',$,#13183,#13194,$,$);
#13177=IFCMATERIALPROFILESETUSAGE(#285,$,$);
#13178=IFCRELASSOCIATESMATERIAL('1XeRfgA1vUHRZjuGajjXXL',$,$,$,(#13176),#13177);
#13179=IFCCARTESIANPOINT((10.356098778588338,-28.363670814485722,0.));
#13180=IFCDIRECTION((0.,0.,1.));
#13181=IFCDIRECTION((1.,0.,0.));
#13182=IFCAXIS2PLACEMENT3D(#13179,#13180,#13181);
#13183=IFCLOCALPLACEMENT(#225,#13182);
#13184=IFCCARTESIANPOINTLIST2D(((0.,0.),(0.65,0.),(0.65,0.65),(0.,0.65)));
#13185=IFCINDEXEDPOLYCURVE(#13184,(IFCLINEINDEX((1,2,3,4,1))),$);
#13186=IFCARBITRARYCLOSEDPROFILEDEF(.AREA.,$,#13185);
#13187=IFCCARTESIANPOINT((0.,0.,0.));
#13188=IFCDIRECTION((0.,0.,1.));
#13189=IFCDIRECTION((1.,0.,0.));
#13190=IFCAXIS2PLACEMENT3D(#13187,#13188,#13189);
#13191=IFCDIRECTION((0.,0.,1.));
#13192=IFCEXTRUDEDAREASOLID(#13186,#13190,#13191,3.2300000000000075);
#13193=IFCSHAPEREPRESENTATION(#11,'Body','SweptSolid',(#13192));
#13194=IFCPRODUCTDEFINITIONSHAPE($,$,(#13193));
#13195=IFCCOLUMN('3i9g9uIVbPIQuI56Pnq6zJ',$,'Column Level 21 15','Perimeter column',$,#13202,#13213,$,$);
#13196=IFCMATERIALPROFILESETUSAGE(#285,$,$);
#13197=IFCRELASSOCIATESMATERIAL('135rmyH1DTZO73xkWMmL8V',$,$,$,(#13195),#13196);
#13198=IFCCARTESIANPOINT((14.384431071190027,-23.867188392871576,0.));
#13199=IFCDIRECTION((0.,0.,1.));
#13200=IFCDIRECTION((1.,0.,0.));
#13201=IFCAXIS2PLACEMENT3D(#13198,#13199,#13200);
#13202=IFCLOCALPLACEMENT(#225,#13201);
#13203=IFCCARTESIANPOINTLIST2D(((0.,0.),(0.65,0.),(0.65,0.65),(0.,0.65)));
#13204=IFCINDEXEDPOLYCURVE(#13203,(IFCLINEINDEX((1,2,3,4,1))),$);
#13205=IFCARBITRARYCLOSEDPROFILEDEF(.AREA.,$,#13204);
#13206=IFCCARTESIANPOINT((0.,0.,0.));
#13207=IFCDIRECTION((0.,0.,1.));
#13208=IFCDIRECTION((1.,0.,0.));
#13209=IFCAXIS2PLACEMENT3D(#13206,#13207,#13208);
#13210=IFCDIRECTION((0.,0.,1.));
#13211=IFCEXTRUDEDAREASOLID(#13205,#13209,#13210,3.2300000000000075);
#13212=IFCSHAPEREPRESENTATION(#11,'Body','SweptSolid',(#13211));
#13213=IFCPRODUCTDEFINITIONSHAPE($,$,(#13212));
#13214=IFCCOLUMN('0vN7YT0xTJHvvMxXSDVB_2',$,'Column Level 21 16','Perimeter column',$,#13221,#13232,$,$);
#13215=IFCMATERIALPROFILESETUSAGE(#285,$,$);
#13216=IFCRELASSOCIATESMATERIAL('3sqxt8sYbTJwGppDurOssZ',$,$,$,(#13214),#13215);
#13217=IFCCARTESIANPOINT((16.2303831288793,-18.20103558979351,0.));
#13218=IFCDIRECTION((0.,0.,1.));
#13219=IFCDIRECTION((1.,0.,0.));
#13220=IFCAXIS2PLACEMENT3D(#13217,#13218,#13219);
#13221=IFCLOCALPLACEMENT(#225,#13220);
#13222=IFCCARTESIANPOINTLIST2D(((0.,0.),(0.65,0.),(0.65,0.65),(0.,0.65)));
#13223=IFCINDEXEDPOLYCURVE(#13222,(IFCLINEINDEX((1,2,3,4,1))),$);
#13224=IFCARBITRARYCLOSEDPROFILEDEF(.AREA.,$,#13223);
#13225=IFCCARTESIANPOINT((0.,0.,0.));
#13226=IFCDIRECTION((0.,0.,1.));
#13227=IFCDIRECTION((1.,0.,0.));
#13228=IFCAXIS2PLACEMENT3D(#13225,#13226,#13227);
#13229=IFCDIRECTION((0.,0.,1.));
#13230=IFCEXTRUDEDAREASOLID(#13224,#13228,#13229,3.2300000000000075);
#13231=IFCSHAPEREPRESENTATION(#11,'Body','SweptSolid',(#13230));
#13232=IFCPRODUCTDEFINITIONSHAPE($,$,(#13231));
#13233=IFCCOLUMN('1ZJ4v0zsrV8BVWor9DvUYq',$,'Column Level 21 17','Perimeter column',$,#13240,#13251,$,$);
#13234=IFCMATERIALPROFILESETUSAGE(#285,$,$);
#13235=IFCRELASSOCIATESMATERIAL('1WfcK1x2PMSxItIeEwMpe0',$,$,$,(#13233),#13234);
#13236=IFCCARTESIANPOINT((8.626824589671829,-14.685526800227795,0.));
#13237=IFCDIRECTION((0.,0.,1.));
#13238=IFCDIRECTION((1.,0.,0.));
#13239=IFCAXIS2PLACEMENT3D(#13236,#13237,#13238);
#13240=IFCLOCALPLACEMENT(#225,#13239);
#13241=IFCCARTESIANPOINTLIST2D(((0.,0.),(0.65,0.),(0.65,0.65),(0.,0.65)));
#13242=IFCINDEXEDPOLYCURVE(#13241,(IFCLINEINDEX((1,2,3,4,1))),$);
#13243=IFCARBITRARYCLOSEDPROFILEDEF(.AREA.,$,#13242);
#13244=IFCCARTESIANPOINT((0.,0.,0.));
#13245=IFCDIRECTION((0.,0.,1.));
#13246=IFCDIRECTION((1.,0.,0.));
#13247=IFCAXIS2PLACEMENT3D(#13244,#13245,#13246);
#13248=IFCDIRECTION((0.,0.,1.));
#13249=IFCEXTRUDEDAREASOLID(#13243,#13247,#13248,3.2300000000000075);
#13250=IFCSHAPEREPRESENTATION(#11,'Body','SweptSolid',(#13249));
#13251=IFCPRODUCTDEFINITIONSHAPE($,$,(#13250));
#13252=IFCCOLUMN('0LwWgPUqvI$8sMAUE4B3Nz',$,'Column Level 21 18','Perimeter column',$,#13259,#13270,$,$);
#13253=IFCMATERIALPROFILESETUSAGE(#285,$,$);
#13254=IFCRELASSOCIATESMATERIAL('0$xElQ68rJ_xEYejFyy5Kn',$,$,$,(#13252),#13253);
#13255=IFCCARTESIANPOINT((-0.1439757315647881,-12.702539434212296,0.));
#13256=IFCDIRECTION((0.,0.,1.));
#13257=IFCDIRECTION((1.,0.,0.));
#13258=IFCAXIS2PLACEMENT3D(#13255,#13256,#13257);
#13259=IFCLOCALPLACEMENT(#225,#13258);
#13260=IFCCARTESIANPOINTLIST2D(((0.,0.),(0.65,0.),(0.65,0.65),(0.,0.65)));
#13261=IFCINDEXEDPOLYCURVE(#13260,(IFCLINEINDEX((1,2,3,4,1))),$);
#13262=IFCARBITRARYCLOSEDPROFILEDEF(.AREA.,$,#13261);
#13263=IFCCARTESIANPOINT((0.,0.,0.));
#13264=IFCDIRECTION((0.,0.,1.));
#13265=IFCDIRECTION((1.,0.,0.));
#13266=IFCAXIS2PLACEMENT3D(#13263,#13264,#13265);
#13267=IFCDIRECTION((0.,0.,1.));
#13268=IFCEXTRUDEDAREASOLID(#13262,#13266,#13267,3.2300000000000075);
#13269=IFCSHAPEREPRESENTATION(#11,'Body','SweptSolid',(#13268));
#13270=IFCPRODUCTDEFINITIONSHAPE($,$,(#13269));
#13271=IFCCOLUMN('2fUaadkBXIr97Uw7VuY7kP',$,'Column Level 21 19','Perimeter column',$,#13278,#13289,$,$);
#13272=IFCMATERIALPROFILESETUSAGE(#285,$,$);
#13273=IFCRELASSOCIATESMATERIAL('0siDxcoTPP8u5ZnbiYela9',$,$,$,(#13271),#13272);
#13274=IFCCARTESIANPOINT((-9.101212890194411,-11.861318209894522,0.));
#13275=IFCDIRECTION((0.,0.,1.));
#13276=IFCDIRECTION((1.,0.,0.));
#13277=IFCAXIS2PLACEMENT3D(#13274,#13275,#13276);
#13278=IFCLOCALPLACEMENT(#225,#13277);
#13279=IFCCARTESIANPOINTLIST2D(((0.,0.),(0.65,0.),(0.65,0.65),(0.,0.65)));
#13280=IFCINDEXEDPOLYCURVE(#13279,(IFCLINEINDEX((1,2,3,4,1))),$);
#13281=IFCARBITRARYCLOSEDPROFILEDEF(.AREA.,$,#13280);
#13282=IFCCARTESIANPOINT((0.,0.,0.));
#13283=IFCDIRECTION((0.,0.,1.));
#13284=IFCDIRECTION((1.,0.,0.));
#13285=IFCAXIS2PLACEMENT3D(#13282,#13283,#13284);
#13286=IFCDIRECTION((0.,0.,1.));
#13287=IFCEXTRUDEDAREASOLID(#13281,#13285,#13286,3.2300000000000075);
#13288=IFCSHAPEREPRESENTATION(#11,'Body','SweptSolid',(#13287));
#13289=IFCPRODUCTDEFINITIONSHAPE($,$,(#13288));
#13290=IFCCOLUMN('25pFEmd8LU9hwEGJnciwmf',$,'Column Level 21 20','Perimeter column',$,#13297,#13308,$,$);
#13291=IFCMATERIALPROFILESETUSAGE(#285,$,$);
#13292=IFCRELASSOCIATESMATERIAL('2efXOhmcPLBQCOcs4_qlsN',$,$,$,(#13290),#13291);
#13293=IFCCARTESIANPOINT((-11.962298196452295,-9.552296451791765,0.));
#13294=IFCDIRECTION((0.,0.,1.));
#13295=IFCDIRECTION((1.,0.,0.));
#13296=IFCAXIS2PLACEMENT3D(#13293,#13294,#13295);
#13297=IFCLOCALPLACEMENT(#225,#13296);
#13298=IFCCARTESIANPOINTLIST2D(((0.,0.),(0.65,0.),(0.65,0.65),(0.,0.65)));
#13299=IFCINDEXEDPOLYCURVE(#13298,(IFCLINEINDEX((1,2,3,4,1))),$);
#13300=IFCARBITRARYCLOSEDPROFILEDEF(.AREA.,$,#13299);
#13301=IFCCARTESIANPOINT((0.,0.,0.));
#13302=IFCDIRECTION((0.,0.,1.));
#13303=IFCDIRECTION((1.,0.,0.));
#13304=IFCAXIS2PLACEMENT3D(#13301,#13302,#13303);
#13305=IFCDIRECTION((0.,0.,1.));
#13306=IFCEXTRUDEDAREASOLID(#13300,#13304,#13305,3.2300000000000075);
#13307=IFCSHAPEREPRESENTATION(#11,'Body','SweptSolid',(#13306));
#13308=IFCPRODUCTDEFINITIONSHAPE($,$,(#13307));
#13309=IFCCOLUMN('3f__yUFS9HixXI3E8uypWD',$,'Column Level 22 01','Perimeter column',$,#13316,#13327,$,$);
#13310=IFCMATERIALPROFILESETUSAGE(#285,$,$);
#13311=IFCRELASSOCIATESMATERIAL('3FfK04o0rIwe5jeXhRsAsy',$,$,$,(#13309),#13310);
#13312=IFCCARTESIANPOINT((-10.729,-4.373,0.));
#13313=IFCDIRECTION((0.,0.,1.));
#13314=IFCDIRECTION((1.,0.,0.));
#13315=IFCAXIS2PLACEMENT3D(#13312,#13313,#13314);
#13316=IFCLOCALPLACEMENT(#232,#13315);
#13317=IFCCARTESIANPOINTLIST2D(((0.,0.),(0.65,0.),(0.65,0.65),(0.,0.65)));
#13318=IFCINDEXEDPOLYCURVE(#13317,(IFCLINEINDEX((1,2,3,4,1))),$);
#13319=IFCARBITRARYCLOSEDPROFILEDEF(.AREA.,$,#13318);
#13320=IFCCARTESIANPOINT((0.,0.,0.));
#13321=IFCDIRECTION((0.,0.,1.));
#13322=IFCDIRECTION((1.,0.,0.));
#13323=IFCAXIS2PLACEMENT3D(#13320,#13321,#13322);
#13324=IFCDIRECTION((0.,0.,1.));
#13325=IFCEXTRUDEDAREASOLID(#13319,#13323,#13324,3.2299999999999933);
#13326=IFCSHAPEREPRESENTATION(#11,'Body','SweptSolid',(#13325));
#13327=IFCPRODUCTDEFINITIONSHAPE($,$,(#13326));
#13328=IFCCOLUMN('0w9wz5U2zKgwhcg_FyojAf',$,'Column Level 22 02','Perimeter column',$,#13335,#13346,$,$);
#13329=IFCMATERIALPROFILESETUSAGE(#285,$,$);
#13330=IFCRELASSOCIATESMATERIAL('1swZb1dW1GowaeYeXJ_bTY',$,$,$,(#13328),#13329);
#13331=IFCCARTESIANPOINT((-19.62301981546108,-2.995897417696984,0.));
#13332=IFCDIRECTION((0.,0.,1.));
#13333=IFCDIRECTION((1.,0.,0.));
#13334=IFCAXIS2PLACEMENT3D(#13331,#13332,#13333);
#13335=IFCLOCALPLACEMENT(#232,#13334);
#13336=IFCCARTESIANPOINTLIST2D(((0.,0.),(0.65,0.),(0.65,0.65),(0.,0.65)));
#13337=IFCINDEXEDPOLYCURVE(#13336,(IFCLINEINDEX((1,2,3,4,1))),$);
#13338=IFCARBITRARYCLOSEDPROFILEDEF(.AREA.,$,#13337);
#13339=IFCCARTESIANPOINT((0.,0.,0.));
#13340=IFCDIRECTION((0.,0.,1.));
#13341=IFCDIRECTION((1.,0.,0.));
#13342=IFCAXIS2PLACEMENT3D(#13339,#13340,#13341);
#13343=IFCDIRECTION((0.,0.,1.));
#13344=IFCEXTRUDEDAREASOLID(#13338,#13342,#13343,3.2299999999999933);
#13345=IFCSHAPEREPRESENTATION(#11,'Body','SweptSolid',(#13344));
#13346=IFCPRODUCTDEFINITIONSHAPE($,$,(#13345));
#13347=IFCCOLUMN('0jJvwJgtnOGf9Zf$hVH7LG',$,'Column Level 22 03','Perimeter column',$,#13354,#13365,$,$);
#13348=IFCMATERIALPROFILESETUSAGE(#285,$,$);
#13349=IFCRELASSOCIATESMATERIAL('2DcupSbbHHDvrGGkLPHm3k',$,$,$,(#13347),#13348);
#13350=IFCCARTESIANPOINT((-28.517039630922163,-1.618794835393967,0.));
#13351=IFCDIRECTION((0.,0.,1.));
#13352=IFCDIRECTION((1.,0.,0.));
#13353=IFCAXIS2PLACEMENT3D(#13350,#13351,#13352);
#13354=IFCLOCALPLACEMENT(#232,#13353);
#13355=IFCCARTESIANPOINTLIST2D(((0.,0.),(0.65,0.),(0.65,0.65),(0.,0.65)));
#13356=IFCINDEXEDPOLYCURVE(#13355,(IFCLINEINDEX((1,2,3,4,1))),$);
#13357=IFCARBITRARYCLOSEDPROFILEDEF(.AREA.,$,#13356);
#13358=IFCCARTESIANPOINT((0.,0.,0.));
#13359=IFCDIRECTION((0.,0.,1.));
#13360=IFCDIRECTION((1.,0.,0.));
#13361=IFCAXIS2PLACEMENT3D(#13358,#13359,#13360);
#13362=IFCDIRECTION((0.,0.,1.));
#13363=IFCEXTRUDEDAREASOLID(#13357,#13361,#13362,3.2299999999999933);
#13364=IFCSHAPEREPRESENTATION(#11,'Body','SweptSolid',(#13363));
#13365=IFCPRODUCTDEFINITIONSHAPE($,$,(#13364));
#13366=IFCCOLUMN('0nQWocijTP0e99GeBrGwF6',$,'Column Level 22 04','Perimeter column',$,#13373,#13384,$,$);
#13367=IFCMATERIALPROFILESETUSAGE(#285,$,$);
#13368=IFCRELASSOCIATESMATERIAL('1wlAoMZsnUvRXc_CCUtzy3',$,$,$,(#13366),#13367);
#13369=IFCCARTESIANPOINT((-36.406261066211925,-1.5827934390599092,0.));
#13370=IFCDIRECTION((0.,0.,1.));
#13371=IFCDIRECTION((1.,0.,0.));
#13372=IFCAXIS2PLACEMENT3D(#13369,#13370,#13371);
#13373=IFCLOCALPLACEMENT(#232,#13372);
#13374=IFCCARTESIANPOINTLIST2D(((0.,0.),(0.65,0.),(0.65,0.65),(0.,0.65)));
#13375=IFCINDEXEDPOLYCURVE(#13374,(IFCLINEINDEX((1,2,3,4,1))),$);
#13376=IFCARBITRARYCLOSEDPROFILEDEF(.AREA.,$,#13375);
#13377=IFCCARTESIANPOINT((0.,0.,0.));
#13378=IFCDIRECTION((0.,0.,1.));
#13379=IFCDIRECTION((1.,0.,0.));
#13380=IFCAXIS2PLACEMENT3D(#13377,#13378,#13379);
#13381=IFCDIRECTION((0.,0.,1.));
#13382=IFCEXTRUDEDAREASOLID(#13376,#13380,#13381,3.2299999999999933);
#13383=IFCSHAPEREPRESENTATION(#11,'Body','SweptSolid',(#13382));
#13384=IFCPRODUCTDEFINITIONSHAPE($,$,(#13383));
#13385=IFCCOLUMN('079hE7BUDVMOrN_GN3KPww',$,'Column Level 22 05','Perimeter column',$,#13392,#13403,$,$);
#13386=IFCMATERIALPROFILESETUSAGE(#285,$,$);
#13387=IFCRELASSOCIATESMATERIAL('0N3LkusKvP3A2M9Y3XSyZH',$,$,$,(#13385),#13386);
#13388=IFCCARTESIANPOINT((-37.58332236827609,-10.505490715734883,0.));
#13389=IFCDIRECTION((0.,0.,1.));
#13390=IFCDIRECTION((1.,0.,0.));
#13391=IFCAXIS2PLACEMENT3D(#13388,#13389,#13390);
#13392=IFCLOCALPLACEMENT(#232,#13391);
#13393=IFCCARTESIANPOINTLIST2D(((0.,0.),(0.65,0.),(0.65,0.65),(0.,0.65)));
#13394=IFCINDEXEDPOLYCURVE(#13393,(IFCLINEINDEX((1,2,3,4,1))),$);
#13395=IFCARBITRARYCLOSEDPROFILEDEF(.AREA.,$,#13394);
#13396=IFCCARTESIANPOINT((0.,0.,0.));
#13397=IFCDIRECTION((0.,0.,1.));
#13398=IFCDIRECTION((1.,0.,0.));
#13399=IFCAXIS2PLACEMENT3D(#13396,#13397,#13398);
#13400=IFCDIRECTION((0.,0.,1.));
#13401=IFCEXTRUDEDAREASOLID(#13395,#13399,#13400,3.2299999999999933);
#13402=IFCSHAPEREPRESENTATION(#11,'Body','SweptSolid',(#13401));
#13403=IFCPRODUCTDEFINITIONSHAPE($,$,(#13402));
#13404=IFCCOLUMN('0il_8FLrfMqeHz9xaVqLp3',$,'Column Level 22 06','Perimeter column',$,#13411,#13422,$,$);
#13405=IFCMATERIALPROFILESETUSAGE(#285,$,$);
#13406=IFCRELASSOCIATESMATERIAL('3Zgf8jyNDTuR_KujKN7ZUI',$,$,$,(#13404),#13405);
#13407=IFCCARTESIANPOINT((-38.76038367034026,-19.42818799240986,0.));
#13408=IFCDIRECTION((0.,0.,1.));
#13409=IFCDIRECTION((1.,0.,0.));
#13410=IFCAXIS2PLACEMENT3D(#13407,#13408,#13409);
#13411=IFCLOCALPLACEMENT(#232,#13410);
#13412=IFCCARTESIANPOINTLIST2D(((0.,0.),(0.65,0.),(0.65,0.65),(0.,0.65)));
#13413=IFCINDEXEDPOLYCURVE(#13412,(IFCLINEINDEX((1,2,3,4,1))),$);
#13414=IFCARBITRARYCLOSEDPROFILEDEF(.AREA.,$,#13413);
#13415=IFCCARTESIANPOINT((0.,0.,0.));
#13416=IFCDIRECTION((0.,0.,1.));
#13417=IFCDIRECTION((1.,0.,0.));
#13418=IFCAXIS2PLACEMENT3D(#13415,#13416,#13417);
#13419=IFCDIRECTION((0.,0.,1.));
#13420=IFCEXTRUDEDAREASOLID(#13414,#13418,#13419,3.2299999999999933);
#13421=IFCSHAPEREPRESENTATION(#11,'Body','SweptSolid',(#13420));
#13422=IFCPRODUCTDEFINITIONSHAPE($,$,(#13421));
#13423=IFCCOLUMN('1NoxxRamvTQR7oTa_grq_a',$,'Column Level 22 07','Perimeter column',$,#13430,#13441,$,$);
#13424=IFCMATERIALPROFILESETUSAGE(#285,$,$);
#13425=IFCRELASSOCIATESMATERIAL('3$De_nJ4bVVQ6Bc5FFcuVv',$,$,$,(#13423),#13424);
#13426=IFCCARTESIANPOINT((-39.71854730450972,-28.17869367676693,0.));
#13427=IFCDIRECTION((0.,0.,1.));
#13428=IFCDIRECTION((1.,0.,0.));
#13429=IFCAXIS2PLACEMENT3D(#13426,#13427,#13428);
#13430=IFCLOCALPLACEMENT(#232,#13429);
#13431=IFCCARTESIANPOINTLIST2D(((0.,0.),(0.65,0.),(0.65,0.65),(0.,0.65)));
#13432=IFCINDEXEDPOLYCURVE(#13431,(IFCLINEINDEX((1,2,3,4,1))),$);
#13433=IFCARBITRARYCLOSEDPROFILEDEF(.AREA.,$,#13432);
#13434=IFCCARTESIANPOINT((0.,0.,0.));
#13435=IFCDIRECTION((0.,0.,1.));
#13436=IFCDIRECTION((1.,0.,0.));
#13437=IFCAXIS2PLACEMENT3D(#13434,#13435,#13436);
#13438=IFCDIRECTION((0.,0.,1.));
#13439=IFCEXTRUDEDAREASOLID(#13433,#13437,#13438,3.2299999999999933);
#13440=IFCSHAPEREPRESENTATION(#11,'Body','SweptSolid',(#13439));
#13441=IFCPRODUCTDEFINITIONSHAPE($,$,(#13440));
#13442=IFCCOLUMN('2JzwmlRzzOxBlQh7LFmM0Y',$,'Column Level 22 08','Perimeter column',$,#13449,#13460,$,$);
#13443=IFCMATERIALPROFILESETUSAGE(#285,$,$);
#13444=IFCRELASSOCIATESMATERIAL('1D7S$b9H1Pwu9kyWEp3PfJ',$,$,$,(#13442),#13443);
#13445=IFCCARTESIANPOINT((-30.76960139792828,-29.135964360053205,0.));
#13446=IFCDIRECTION((0.,0.,1.));
#13447=IFCDIRECTION((1.,0.,0.));
#13448=IFCAXIS2PLACEMENT3D(#13445,#13446,#13447);
#13449=IFCLOCALPLACEMENT(#232,#13448);
#13450=IFCCARTESIANPOINTLIST2D(((0.,0.),(0.65,0.),(0.65,0.65),(0.,0.65)));
#13451=IFCINDEXEDPOLYCURVE(#13450,(IFCLINEINDEX((1,2,3,4,1))),$);
#13452=IFCARBITRARYCLOSEDPROFILEDEF(.AREA.,$,#13451);
#13453=IFCCARTESIANPOINT((0.,0.,0.));
#13454=IFCDIRECTION((0.,0.,1.));
#13455=IFCDIRECTION((1.,0.,0.));
#13456=IFCAXIS2PLACEMENT3D(#13453,#13454,#13455);
#13457=IFCDIRECTION((0.,0.,1.));
#13458=IFCEXTRUDEDAREASOLID(#13452,#13456,#13457,3.2299999999999933);
#13459=IFCSHAPEREPRESENTATION(#11,'Body','SweptSolid',(#13458));
#13460=IFCPRODUCTDEFINITIONSHAPE($,$,(#13459));
#13461=IFCCOLUMN('1p0PbmWRLIDeqhxRAUqB9K',$,'Column Level 22 09','Perimeter column',$,#13468,#13479,$,$);
#13462=IFCMATERIALPROFILESETUSAGE(#285,$,$);
#13463=IFCRELASSOCIATESMATERIAL('0dH7MQ7g9L7g3eMpi5lBFW',$,$,$,(#13461),#13462);
#13464=IFCCARTESIANPOINT((-21.820655491346844,-30.093235043339476,0.));
#13465=IFCDIRECTION((0.,0.,1.));
#13466=IFCDIRECTION((1.,0.,0.));
#13467=IFCAXIS2PLACEMENT3D(#13464,#13465,#13466);
#13468=IFCLOCALPLACEMENT(#232,#13467);
#13469=IFCCARTESIANPOINTLIST2D(((0.,0.),(0.65,0.),(0.65,0.65),(0.,0.65)));
#13470=IFCINDEXEDPOLYCURVE(#13469,(IFCLINEINDEX((1,2,3,4,1))),$);
#13471=IFCARBITRARYCLOSEDPROFILEDEF(.AREA.,$,#13470);
#13472=IFCCARTESIANPOINT((0.,0.,0.));
#13473=IFCDIRECTION((0.,0.,1.));
#13474=IFCDIRECTION((1.,0.,0.));
#13475=IFCAXIS2PLACEMENT3D(#13472,#13473,#13474);
#13476=IFCDIRECTION((0.,0.,1.));
#13477=IFCEXTRUDEDAREASOLID(#13471,#13475,#13476,3.2299999999999933);
#13478=IFCSHAPEREPRESENTATION(#11,'Body','SweptSolid',(#13477));
#13479=IFCPRODUCTDEFINITIONSHAPE($,$,(#13478));
#13480=IFCCOLUMN('1viwzWrcjIQfqtg8Z0Tz78',$,'Column Level 22 10','Perimeter column',$,#13487,#13498,$,$);
#13481=IFCMATERIALPROFILESETUSAGE(#285,$,$);
#13482=IFCRELASSOCIATESMATERIAL('3d3pYUj_PPXOm1JyT7FSK_',$,$,$,(#13480),#13481);
#13483=IFCCARTESIANPOINT((-14.00921832581709,-29.528496166817547,0.));
#13484=IFCDIRECTION((0.,0.,1.));
#13485=IFCDIRECTION((1.,0.,0.));
#13486=IFCAXIS2PLACEMENT3D(#13483,#13484,#13485);
#13487=IFCLOCALPLACEMENT(#232,#13486);
#13488=IFCCARTESIANPOINTLIST2D(((0.,0.),(0.65,0.),(0.65,0.65),(0.,0.65)));
#13489=IFCINDEXEDPOLYCURVE(#13488,(IFCLINEINDEX((1,2,3,4,1))),$);
#13490=IFCARBITRARYCLOSEDPROFILEDEF(.AREA.,$,#13489);
#13491=IFCCARTESIANPOINT((0.,0.,0.));
#13492=IFCDIRECTION((0.,0.,1.));
#13493=IFCDIRECTION((1.,0.,0.));
#13494=IFCAXIS2PLACEMENT3D(#13491,#13492,#13493);
#13495=IFCDIRECTION((0.,0.,1.));
#13496=IFCEXTRUDEDAREASOLID(#13490,#13494,#13495,3.2299999999999933);
#13497=IFCSHAPEREPRESENTATION(#11,'Body','SweptSolid',(#13496));
#13498=IFCPRODUCTDEFINITIONSHAPE($,$,(#13497));
#13499=IFCCOLUMN('0qwfuvTNvP3gFZArcjJB5s',$,'Column Level 22 11','Perimeter column',$,#13506,#13517,$,$);
#13500=IFCMATERIALPROFILESETUSAGE(#285,$,$);
#13501=IFCRELASSOCIATESMATERIAL('39J5DDbXPPKuNC5VNmy2Tb',$,$,$,(#13499),#13500);
#13502=IFCCARTESIANPOINT((-13.016185929237743,-24.562268727633292,0.));
#13503=IFCDIRECTION((0.,0.,1.));
#13504=IFCDIRECTION((1.,0.,0.));
#13505=IFCAXIS2PLACEMENT3D(#13502,#13503,#13504);
#13506=IFCLOCALPLACEMENT(#232,#13505);
#13507=IFCCARTESIANPOINTLIST2D(((0.,0.),(0.65,0.),(0.65,0.65),(0.,0.65)));
#13508=IFCINDEXEDPOLYCURVE(#13507,(IFCLINEINDEX((1,2,3,4,1))),$);
#13509=IFCARBITRARYCLOSEDPROFILEDEF(.AREA.,$,#13508);
#13510=IFCCARTESIANPOINT((0.,0.,0.));
#13511=IFCDIRECTION((0.,0.,1.));
#13512=IFCDIRECTION((1.,0.,0.));
#13513=IFCAXIS2PLACEMENT3D(#13510,#13511,#13512);
#13514=IFCDIRECTION((0.,0.,1.));
#13515=IFCEXTRUDEDAREASOLID(#13509,#13513,#13514,3.2299999999999933);
#13516=IFCSHAPEREPRESENTATION(#11,'Body','SweptSolid',(#13515));
#13517=IFCPRODUCTDEFINITIONSHAPE($,$,(#13516));
#13518=IFCCOLUMN('23F361H5XMFfrL1y1R5qv1',$,'Column Level 22 12','Perimeter column',$,#13525,#13536,$,$);
#13519=IFCMATERIALPROFILESETUSAGE(#285,$,$);
#13520=IFCRELASSOCIATESMATERIAL('1I7GA7ShzVxu774YSaiZHv',$,$,$,(#13518),#13519);
#13521=IFCCARTESIANPOINT((-4.2622913747652404,-26.631886026365212,0.));
#13522=IFCDIRECTION((0.,0.,1.));
#13523=IFCDIRECTION((1.,0.,0.));
#13524=IFCAXIS2PLACEMENT3D(#13521,#13522,#13523);
#13525=IFCLOCALPLACEMENT(#232,#13524);
#13526=IFCCARTESIANPOINTLIST2D(((0.,0.),(0.65,0.),(0.65,0.65),(0.,0.65)));
#13527=IFCINDEXEDPOLYCURVE(#13526,(IFCLINEINDEX((1,2,3,4,1))),$);
#13528=IFCARBITRARYCLOSEDPROFILEDEF(.AREA.,$,#13527);
#13529=IFCCARTESIANPOINT((0.,0.,0.));
#13530=IFCDIRECTION((0.,0.,1.));
#13531=IFCDIRECTION((1.,0.,0.));
#13532=IFCAXIS2PLACEMENT3D(#13529,#13530,#13531);
#13533=IFCDIRECTION((0.,0.,1.));
#13534=IFCEXTRUDEDAREASOLID(#13528,#13532,#13533,3.2299999999999933);
#13535=IFCSHAPEREPRESENTATION(#11,'Body','SweptSolid',(#13534));
#13536=IFCPRODUCTDEFINITIONSHAPE($,$,(#13535));
#13537=IFCCOLUMN('2PCcClAlbV9w3XkZNyLzeg',$,'Column Level 22 13','Perimeter column',$,#13544,#13555,$,$);
#13538=IFCMATERIALPROFILESETUSAGE(#285,$,$);
#13539=IFCRELASSOCIATESMATERIAL('09ygrifdjPA9q8NYv0ub8r',$,$,$,(#13537),#13538);
#13540=IFCCARTESIANPOINT((4.664660499635159,-27.682314228959505,0.));
#13541=IFCDIRECTION((0.,0.,1.));
#13542=IFCDIRECTION((1.,0.,0.));
#13543=IFCAXIS2PLACEMENT3D(#13540,#13541,#13542);
#13544=IFCLOCALPLACEMENT(#232,#13543);
#13545=IFCCARTESIANPOINTLIST2D(((0.,0.),(0.65,0.),(0.65,0.65),(0.,0.65)));
#13546=IFCINDEXEDPOLYCURVE(#13545,(IFCLINEINDEX((1,2,3,4,1))),$);
#13547=IFCARBITRARYCLOSEDPROFILEDEF(.AREA.,$,#13546);
#13548=IFCCARTESIANPOINT((0.,0.,0.));
#13549=IFCDIRECTION((0.,0.,1.));
#13550=IFCDIRECTION((1.,0.,0.));
#13551=IFCAXIS2PLACEMENT3D(#13548,#13549,#13550);
#13552=IFCDIRECTION((0.,0.,1.));
#13553=IFCEXTRUDEDAREASOLID(#13547,#13551,#13552,3.2299999999999933);
#13554=IFCSHAPEREPRESENTATION(#11,'Body','SweptSolid',(#13553));
#13555=IFCPRODUCTDEFINITIONSHAPE($,$,(#13554));
#13556=IFCCOLUMN('3TIKIgSHLGIvc7VgMZO2i6',$,'Column Level 22 14','Perimeter column',$,#13563,#13574,$,$);
#13557=IFCMATERIALPROFILESETUSAGE(#285,$,$);
#13558=IFCRELASSOCIATESMATERIAL('1SiCNKCrHNSgh9ic7z39ot',$,$,$,(#13556),#13557);
#13559=IFCCARTESIANPOINT((13.631061238023324,-27.346859076911098,0.));
#13560=IFCDIRECTION((0.,0.,1.));
#13561=IFCDIRECTION((1.,0.,0.));
#13562=IFCAXIS2PLACEMENT3D(#13559,#13560,#13561);
#13563=IFCLOCALPLACEMENT(#232,#13562);
#13564=IFCCARTESIANPOINTLIST2D(((0.,0.),(0.65,0.),(0.65,0.65),(0.,0.65)));
#13565=IFCINDEXEDPOLYCURVE(#13564,(IFCLINEINDEX((1,2,3,4,1))),$);
#13566=IFCARBITRARYCLOSEDPROFILEDEF(.AREA.,$,#13565);
#13567=IFCCARTESIANPOINT((0.,0.,0.));
#13568=IFCDIRECTION((0.,0.,1.));
#13569=IFCDIRECTION((1.,0.,0.));
#13570=IFCAXIS2PLACEMENT3D(#13567,#13568,#13569);
#13571=IFCDIRECTION((0.,0.,1.));
#13572=IFCEXTRUDEDAREASOLID(#13566,#13570,#13571,3.2299999999999933);
#13573=IFCSHAPEREPRESENTATION(#11,'Body','SweptSolid',(#13572));
#13574=IFCPRODUCTDEFINITIONSHAPE($,$,(#13573));
#13575=IFCCOLUMN('0O4TzSn_fP6AHytU0AUKbl',$,'Column Level 22 15','Perimeter column',$,#13582,#13593,$,$);
#13576=IFCMATERIALPROFILESETUSAGE(#285,$,$);
#13577=IFCRELASSOCIATESMATERIAL('1diodsyaHOF8llbSbE3bHq',$,$,$,(#13575),#13576);
#13578=IFCCARTESIANPOINT((15.978471439563414,-21.502946003990942,0.));
#13579=IFCDIRECTION((0.,0.,1.));
#13580=IFCDIRECTION((1.,0.,0.));
#13581=IFCAXIS2PLACEMENT3D(#13578,#13579,#13580);
#13582=IFCLOCALPLACEMENT(#232,#13581);
#13583=IFCCARTESIANPOINTLIST2D(((0.,0.),(0.65,0.),(0.65,0.65),(0.,0.65)));
#13584=IFCINDEXEDPOLYCURVE(#13583,(IFCLINEINDEX((1,2,3,4,1))),$);
#13585=IFCARBITRARYCLOSEDPROFILEDEF(.AREA.,$,#13584);
#13586=IFCCARTESIANPOINT((0.,0.,0.));
#13587=IFCDIRECTION((0.,0.,1.));
#13588=IFCDIRECTION((1.,0.,0.));
#13589=IFCAXIS2PLACEMENT3D(#13586,#13587,#13588);
#13590=IFCDIRECTION((0.,0.,1.));
#13591=IFCEXTRUDEDAREASOLID(#13585,#13589,#13590,3.2299999999999933);
#13592=IFCSHAPEREPRESENTATION(#11,'Body','SweptSolid',(#13591));
#13593=IFCPRODUCTDEFINITIONSHAPE($,$,(#13592));
#13594=IFCCOLUMN('3rJkg5D$rPzxpiBRXwdupU',$,'Column Level 22 16','Perimeter column',$,#13601,#13612,$,$);
#13595=IFCMATERIALPROFILESETUSAGE(#285,$,$);
#13596=IFCRELASSOCIATESMATERIAL('1KOy1s11TQlgWLu7PZl0iL',$,$,$,(#13594),#13595);
#13597=IFCCARTESIANPOINT((13.675580693474359,-16.050182079757036,0.));
#13598=IFCDIRECTION((0.,0.,1.));
#13599=IFCDIRECTION((1.,0.,0.));
#13600=IFCAXIS2PLACEMENT3D(#13597,#13598,#13599);
#13601=IFCLOCALPLACEMENT(#232,#13600);
#13602=IFCCARTESIANPOINTLIST2D(((0.,0.),(0.65,0.),(0.65,0.65),(0.,0.65)));
#13603=IFCINDEXEDPOLYCURVE(#13602,(IFCLINEINDEX((1,2,3,4,1))),$);
#13604=IFCARBITRARYCLOSEDPROFILEDEF(.AREA.,$,#13603);
#13605=IFCCARTESIANPOINT((0.,0.,0.));
#13606=IFCDIRECTION((0.,0.,1.));
#13607=IFCDIRECTION((1.,0.,0.));
#13608=IFCAXIS2PLACEMENT3D(#13605,#13606,#13607);
#13609=IFCDIRECTION((0.,0.,1.));
#13610=IFCEXTRUDEDAREASOLID(#13604,#13608,#13609,3.2299999999999933);
#13611=IFCSHAPEREPRESENTATION(#11,'Body','SweptSolid',(#13610));
#13612=IFCPRODUCTDEFINITIONSHAPE($,$,(#13611));
#13613=IFCCOLUMN('1G0Xuuqu1SHPNniEyhs1nY',$,'Column Level 22 17','Perimeter column',$,#13620,#13631,$,$);
#13614=IFCMATERIALPROFILESETUSAGE(#285,$,$);
#13615=IFCRELASSOCIATESMATERIAL('0omZs67NzPQQU7REg8YZB_',$,$,$,(#13613),#13614);
#13616=IFCCARTESIANPOINT((5.098050133780285,-13.417948720191188,0.));
#13617=IFCDIRECTION((0.,0.,1.));
#13618=IFCDIRECTION((1.,0.,0.));
#13619=IFCAXIS2PLACEMENT3D(#13616,#13617,#13618);
#13620=IFCLOCALPLACEMENT(#232,#13619);
#13621=IFCCARTESIANPOINTLIST2D(((0.,0.),(0.65,0.),(0.65,0.65),(0.,0.65)));
#13622=IFCINDEXEDPOLYCURVE(#13621,(IFCLINEINDEX((1,2,3,4,1))),$);
#13623=IFCARBITRARYCLOSEDPROFILEDEF(.AREA.,$,#13622);
#13624=IFCCARTESIANPOINT((0.,0.,0.));
#13625=IFCDIRECTION((0.,0.,1.));
#13626=IFCDIRECTION((1.,0.,0.));
#13627=IFCAXIS2PLACEMENT3D(#13624,#13625,#13626);
#13628=IFCDIRECTION((0.,0.,1.));
#13629=IFCEXTRUDEDAREASOLID(#13623,#13627,#13628,3.2299999999999933);
#13630=IFCSHAPEREPRESENTATION(#11,'Body','SweptSolid',(#13629));
#13631=IFCPRODUCTDEFINITIONSHAPE($,$,(#13630));
#13632=IFCCOLUMN('1RkiXiHvrJwx3rNxqds9BT',$,'Column Level 22 18','Perimeter column',$,#13639,#13650,$,$);
#13633=IFCMATERIALPROFILESETUSAGE(#285,$,$);
#13634=IFCRELASSOCIATESMATERIAL('0ZX98HAkvQ$QiaQPFjPbeF',$,$,$,(#13632),#13633);
#13635=IFCCARTESIANPOINT((-3.765642251256061,-11.973291557543924,0.));
#13636=IFCDIRECTION((0.,0.,1.));
#13637=IFCDIRECTION((1.,0.,0.));
#13638=IFCAXIS2PLACEMENT3D(#13635,#13636,#13637);
#13639=IFCLOCALPLACEMENT(#232,#13638);
#13640=IFCCARTESIANPOINTLIST2D(((0.,0.),(0.65,0.),(0.65,0.65),(0.,0.65)));
#13641=IFCINDEXEDPOLYCURVE(#13640,(IFCLINEINDEX((1,2,3,4,1))),$);
#13642=IFCARBITRARYCLOSEDPROFILEDEF(.AREA.,$,#13641);
#13643=IFCCARTESIANPOINT((0.,0.,0.));
#13644=IFCDIRECTION((0.,0.,1.));
#13645=IFCDIRECTION((1.,0.,0.));
#13646=IFCAXIS2PLACEMENT3D(#13643,#13644,#13645);
#13647=IFCDIRECTION((0.,0.,1.));
#13648=IFCEXTRUDEDAREASOLID(#13642,#13646,#13647,3.2299999999999933);
#13649=IFCSHAPEREPRESENTATION(#11,'Body','SweptSolid',(#13648));
#13650=IFCPRODUCTDEFINITIONSHAPE($,$,(#13649));
#13651=IFCCOLUMN('1iIXmvPRbIMxJVABOtMDn0',$,'Column Level 22 19','Perimeter column',$,#13658,#13669,$,$);
#13652=IFCMATERIALPROFILESETUSAGE(#285,$,$);
#13653=IFCRELASSOCIATESMATERIAL('09YZOepZvMXhjVTzQIcAs8',$,$,$,(#13651),#13652);
#13654=IFCCARTESIANPOINT((-12.745120868230366,-11.487306456460201,0.));
#13655=IFCDIRECTION((0.,0.,1.));
#13656=IFCDIRECTION((1.,0.,0.));
#13657=IFCAXIS2PLACEMENT3D(#13654,#13655,#13656);
#13658=IFCLOCALPLACEMENT(#232,#13657);
#13659=IFCCARTESIANPOINTLIST2D(((0.,0.),(0.65,0.),(0.65,0.65),(0.,0.65)));
#13660=IFCINDEXEDPOLYCURVE(#13659,(IFCLINEINDEX((1,2,3,4,1))),$);
#13661=IFCARBITRARYCLOSEDPROFILEDEF(.AREA.,$,#13660);
#13662=IFCCARTESIANPOINT((0.,0.,0.));
#13663=IFCDIRECTION((0.,0.,1.));
#13664=IFCDIRECTION((1.,0.,0.));
#13665=IFCAXIS2PLACEMENT3D(#13662,#13663,#13664);
#13666=IFCDIRECTION((0.,0.,1.));
#13667=IFCEXTRUDEDAREASOLID(#13661,#13665,#13666,3.2299999999999933);
#13668=IFCSHAPEREPRESENTATION(#11,'Body','SweptSolid',(#13667));
#13669=IFCPRODUCTDEFINITIONSHAPE($,$,(#13668));
#13670=IFCCOLUMN('3Ak_4Ef_fI4hVH$P96i9oM',$,'Column Level 22 20','Perimeter column',$,#13677,#13688,$,$);
#13671=IFCMATERIALPROFILESETUSAGE(#285,$,$);
#13672=IFCRELASSOCIATESMATERIAL('1kvWOYlO9GiwNsSAFY$pyh',$,$,$,(#13670),#13671);
#13673=IFCCARTESIANPOINT((-10.763516684485662,-4.751108863079255,0.));
#13674=IFCDIRECTION((0.,0.,1.));
#13675=IFCDIRECTION((1.,0.,0.));
#13676=IFCAXIS2PLACEMENT3D(#13673,#13674,#13675);
#13677=IFCLOCALPLACEMENT(#232,#13676);
#13678=IFCCARTESIANPOINTLIST2D(((0.,0.),(0.65,0.),(0.65,0.65),(0.,0.65)));
#13679=IFCINDEXEDPOLYCURVE(#13678,(IFCLINEINDEX((1,2,3,4,1))),$);
#13680=IFCARBITRARYCLOSEDPROFILEDEF(.AREA.,$,#13679);
#13681=IFCCARTESIANPOINT((0.,0.,0.));
#13682=IFCDIRECTION((0.,0.,1.));
#13683=IFCDIRECTION((1.,0.,0.));
#13684=IFCAXIS2PLACEMENT3D(#13681,#13682,#13683);
#13685=IFCDIRECTION((0.,0.,1.));
#13686=IFCEXTRUDEDAREASOLID(#13680,#13684,#13685,3.2299999999999933);
#13687=IFCSHAPEREPRESENTATION(#11,'Body','SweptSolid',(#13686));
#13688=IFCPRODUCTDEFINITIONSHAPE($,$,(#13687));
#13689=IFCCOLUMN('3IUQQaeCvLAQmTWTjU06Iu',$,'Column Level 23 01','Perimeter column',$,#13696,#13707,$,$);
#13690=IFCMATERIALPROFILESETUSAGE(#285,$,$);
#13691=IFCRELASSOCIATESMATERIAL('2zYTVPaaLO1RMFdTdhN1Q5',$,$,$,(#13689),#13690);
#13692=IFCCARTESIANPOINT((-9.95,-4.279,0.));
#13693=IFCDIRECTION((0.,0.,1.));
#13694=IFCDIRECTION((1.,0.,0.));
#13695=IFCAXIS2PLACEMENT3D(#13692,#13693,#13694);
#13696=IFCLOCALPLACEMENT(#239,#13695);
#13697=IFCCARTESIANPOINTLIST2D(((0.,0.),(0.65,0.),(0.65,0.65),(0.,0.65)));
#13698=IFCINDEXEDPOLYCURVE(#13697,(IFCLINEINDEX((1,2,3,4,1))),$);
#13699=IFCARBITRARYCLOSEDPROFILEDEF(.AREA.,$,#13698);
#13700=IFCCARTESIANPOINT((0.,0.,0.));
#13701=IFCDIRECTION((0.,0.,1.));
#13702=IFCDIRECTION((1.,0.,0.));
#13703=IFCAXIS2PLACEMENT3D(#13700,#13701,#13702);
#13704=IFCDIRECTION((0.,0.,1.));
#13705=IFCEXTRUDEDAREASOLID(#13699,#13703,#13704,3.2300000000000075);
#13706=IFCSHAPEREPRESENTATION(#11,'Body','SweptSolid',(#13705));
#13707=IFCPRODUCTDEFINITIONSHAPE($,$,(#13706));
#13708=IFCCOLUMN('0TmHnbzYrKdvVz2MSP_b8y',$,'Column Level 23 02','Perimeter column',$,#13715,#13726,$,$);
#13709=IFCMATERIALPROFILESETUSAGE(#285,$,$);
#13710=IFCRELASSOCIATESMATERIAL('26x5HtZr1GrBrB62a8ceou',$,$,$,(#13708),#13709);
#13711=IFCCARTESIANPOINT((-18.84320537642974,-2.8966476090948463,0.));
#13712=IFCDIRECTION((0.,0.,1.));
#13713=IFCDIRECTION((1.,0.,0.));
#13714=IFCAXIS2PLACEMENT3D(#13711,#13712,#13713);
#13715=IFCLOCALPLACEMENT(#239,#13714);
#13716=IFCCARTESIANPOINTLIST2D(((0.,0.),(0.65,0.),(0.65,0.65),(0.,0.65)));
#13717=IFCINDEXEDPOLYCURVE(#13716,(IFCLINEINDEX((1,2,3,4,1))),$);
#13718=IFCARBITRARYCLOSEDPROFILEDEF(.AREA.,$,#13717);
#13719=IFCCARTESIANPOINT((0.,0.,0.));
#13720=IFCDIRECTION((0.,0.,1.));
#13721=IFCDIRECTION((1.,0.,0.));
#13722=IFCAXIS2PLACEMENT3D(#13719,#13720,#13721);
#13723=IFCDIRECTION((0.,0.,1.));
#13724=IFCEXTRUDEDAREASOLID(#13718,#13722,#13723,3.2300000000000075);
#13725=IFCSHAPEREPRESENTATION(#11,'Body','SweptSolid',(#13724));
#13726=IFCPRODUCTDEFINITIONSHAPE($,$,(#13725));
#13727=IFCCOLUMN('04dcYsjarVsxDESmOxTcEq',$,'Column Level 23 03','Perimeter column',$,#13734,#13745,$,$);
#13728=IFCMATERIALPROFILESETUSAGE(#285,$,$);
#13729=IFCRELASSOCIATESMATERIAL('0VCLdp9HrHh95wfO9hScwG',$,$,$,(#13727),#13728);
#13730=IFCCARTESIANPOINT((-27.736410752859477,-1.5142952181896916,0.));
#13731=IFCDIRECTION((0.,0.,1.));
#13732=IFCDIRECTION((1.,0.,0.));
#13733=IFCAXIS2PLACEMENT3D(#13730,#13731,#13732);
#13734=IFCLOCALPLACEMENT(#239,#13733);
#13735=IFCCARTESIANPOINTLIST2D(((0.,0.),(0.65,0.),(0.65,0.65),(0.,0.65)));
#13736=IFCINDEXEDPOLYCURVE(#13735,(IFCLINEINDEX((1,2,3,4,1))),$);
#13737=IFCARBITRARYCLOSEDPROFILEDEF(.AREA.,$,#13736);
#13738=IFCCARTESIANPOINT((0.,0.,0.));
#13739=IFCDIRECTION((0.,0.,1.));
#13740=IFCDIRECTION((1.,0.,0.));
#13741=IFCAXIS2PLACEMENT3D(#13738,#13739,#13740);
#13742=IFCDIRECTION((0.,0.,1.));
#13743=IFCEXTRUDEDAREASOLID(#13737,#13741,#13742,3.2300000000000075);
#13744=IFCSHAPEREPRESENTATION(#11,'Body','SweptSolid',(#13743));
#13745=IFCPRODUCTDEFINITIONSHAPE($,$,(#13744));
#13746=IFCCOLUMN('3UEpew_hHSk8A8Mex$exXe',$,'Column Level 23 04','Perimeter column',$,#13753,#13764,$,$);
#13747=IFCMATERIALPROFILESETUSAGE(#285,$,$);
#13748=IFCRELASSOCIATESMATERIAL('0XZC8K4HbMUxldQ1lMAGHR',$,$,$,(#13746),#13747);
#13749=IFCCARTESIANPOINT((-35.01612784303948,-2.2867832892090116,0.));
#13750=IFCDIRECTION((0.,0.,1.));
#13751=IFCDIRECTION((1.,0.,0.));
#13752=IFCAXIS2PLACEMENT3D(#13749,#13750,#13751);
#13753=IFCLOCALPLACEMENT(#239,#13752);
#13754=IFCCARTESIANPOINTLIST2D(((0.,0.),(0.65,0.),(0.65,0.65),(0.,0.65)));
#13755=IFCINDEXEDPOLYCURVE(#13754,(IFCLINEINDEX((1,2,3,4,1))),$);
#13756=IFCARBITRARYCLOSEDPROFILEDEF(.AREA.,$,#13755);
#13757=IFCCARTESIANPOINT((0.,0.,0.));
#13758=IFCDIRECTION((0.,0.,1.));
#13759=IFCDIRECTION((1.,0.,0.));
#13760=IFCAXIS2PLACEMENT3D(#13757,#13758,#13759);
#13761=IFCDIRECTION((0.,0.,1.));
#13762=IFCEXTRUDEDAREASOLID(#13756,#13760,#13761,3.2300000000000075);
#13763=IFCSHAPEREPRESENTATION(#11,'Body','SweptSolid',(#13762));
#13764=IFCPRODUCTDEFINITIONSHAPE($,$,(#13763));
#13765=IFCCOLUMN('3HHIqrM3DLYA7MdnQEveif',$,'Column Level 23 05','Perimeter column',$,#13772,#13783,$,$);
#13766=IFCMATERIALPROFILESETUSAGE(#285,$,$);
#13767=IFCRELASSOCIATESMATERIAL('3e_VCdd35QNP0eZgDIyieu',$,$,$,(#13765),#13766);
#13768=IFCCARTESIANPOINT((-36.193180151057675,-11.20948175235283,0.));
#13769=IFCDIRECTION((0.,0.,1.));
#13770=IFCDIRECTION((1.,0.,0.));
#13771=IFCAXIS2PLACEMENT3D(#13768,#13769,#13770);
#13772=IFCLOCALPLACEMENT(#239,#13771);
#13773=IFCCARTESIANPOINTLIST2D(((0.,0.),(0.65,0.),(0.65,0.65),(0.,0.65)));
#13774=IFCINDEXEDPOLYCURVE(#13773,(IFCLINEINDEX((1,2,3,4,1))),$);
#13775=IFCARBITRARYCLOSEDPROFILEDEF(.AREA.,$,#13774);
#13776=IFCCARTESIANPOINT((0.,0.,0.));
#13777=IFCDIRECTION((0.,0.,1.));
#13778=IFCDIRECTION((1.,0.,0.));
#13779=IFCAXIS2PLACEMENT3D(#13776,#13777,#13778);
#13780=IFCDIRECTION((0.,0.,1.));
#13781=IFCEXTRUDEDAREASOLID(#13775,#13779,#13780,3.2300000000000075);
#13782=IFCSHAPEREPRESENTATION(#11,'Body','SweptSolid',(#13781));
#13783=IFCPRODUCTDEFINITIONSHAPE($,$,(#13782));
#13784=IFCCOLUMN('1jBWJonf9JvvHhB07Q91kI',$,'Column Level 23 06','Perimeter column',$,#13791,#13802,$,$);
#13785=IFCMATERIALPROFILESETUSAGE(#285,$,$);
#13786=IFCRELASSOCIATESMATERIAL('2mcklBXS5Hmh58qTkjBxsH',$,$,$,(#13784),#13785);
#13787=IFCCARTESIANPOINT((-37.370232459075865,-20.132180215496646,0.));
#13788=IFCDIRECTION((0.,0.,1.));
#13789=IFCDIRECTION((1.,0.,0.));
#13790=IFCAXIS2PLACEMENT3D(#13787,#13788,#13789);
#13791=IFCLOCALPLACEMENT(#239,#13790);
#13792=IFCCARTESIANPOINTLIST2D(((0.,0.),(0.65,0.),(0.65,0.65),(0.,0.65)));
#13793=IFCINDEXEDPOLYCURVE(#13792,(IFCLINEINDEX((1,2,3,4,1))),$);
#13794=IFCARBITRARYCLOSEDPROFILEDEF(.AREA.,$,#13793);
#13795=IFCCARTESIANPOINT((0.,0.,0.));
#13796=IFCDIRECTION((0.,0.,1.));
#13797=IFCDIRECTION((1.,0.,0.));
#13798=IFCAXIS2PLACEMENT3D(#13795,#13796,#13797);
#13799=IFCDIRECTION((0.,0.,1.));
#13800=IFCEXTRUDEDAREASOLID(#13794,#13798,#13799,3.2300000000000075);
#13801=IFCSHAPEREPRESENTATION(#11,'Body','SweptSolid',(#13800));
#13802=IFCPRODUCTDEFINITIONSHAPE($,$,(#13801));
#13803=IFCCOLUMN('0qhIulhsbQDeVKIJtFdy4S',$,'Column Level 23 07','Perimeter column',$,#13810,#13821,$,$);
#13804=IFCMATERIALPROFILESETUSAGE(#285,$,$);
#13805=IFCRELASSOCIATESMATERIAL('1QU_0ke0LNivDXu6UYrfq9',$,$,$,(#13803),#13804);
#13806=IFCCARTESIANPOINT((-36.65210358298451,-27.563163330290944,0.));
#13807=IFCDIRECTION((0.,0.,1.));
#13808=IFCDIRECTION((1.,0.,0.));
#13809=IFCAXIS2PLACEMENT3D(#13806,#13807,#13808);
#13810=IFCLOCALPLACEMENT(#239,#13809);
#13811=IFCCARTESIANPOINTLIST2D(((0.,0.),(0.65,0.),(0.65,0.65),(0.,0.65)));
#13812=IFCINDEXEDPOLYCURVE(#13811,(IFCLINEINDEX((1,2,3,4,1))),$);
#13813=IFCARBITRARYCLOSEDPROFILEDEF(.AREA.,$,#13812);
#13814=IFCCARTESIANPOINT((0.,0.,0.));
#13815=IFCDIRECTION((0.,0.,1.));
#13816=IFCDIRECTION((1.,0.,0.));
#13817=IFCAXIS2PLACEMENT3D(#13814,#13815,#13816);
#13818=IFCDIRECTION((0.,0.,1.));
#13819=IFCEXTRUDEDAREASOLID(#13813,#13817,#13818,3.2300000000000075);
#13820=IFCSHAPEREPRESENTATION(#11,'Body','SweptSolid',(#13819));
#13821=IFCPRODUCTDEFINITIONSHAPE($,$,(#13820));
#13822=IFCCOLUMN('3ZmGyNlufNHP_sm8cAVZk4',$,'Column Level 23 08','Perimeter column',$,#13829,#13840,$,$);
#13823=IFCMATERIALPROFILESETUSAGE(#285,$,$);
#13824=IFCRELASSOCIATESMATERIAL('1CFCtSMmvHeRDYqvKX4fJN',$,$,$,(#13822),#13823);
#13825=IFCCARTESIANPOINT((-27.702593731049376,-28.515147264039875,0.));
#13826=IFCDIRECTION((0.,0.,1.));
#13827=IFCDIRECTION((1.,0.,0.));
#13828=IFCAXIS2PLACEMENT3D(#13825,#13826,#13827);
#13829=IFCLOCALPLACEMENT(#239,#13828);
#13830=IFCCARTESIANPOINTLIST2D(((0.,0.),(0.65,0.),(0.65,0.65),(0.,0.65)));
#13831=IFCINDEXEDPOLYCURVE(#13830,(IFCLINEINDEX((1,2,3,4,1))),$);
#13832=IFCARBITRARYCLOSEDPROFILEDEF(.AREA.,$,#13831);
#13833=IFCCARTESIANPOINT((0.,0.,0.));
#13834=IFCDIRECTION((0.,0.,1.));
#13835=IFCDIRECTION((1.,0.,0.));
#13836=IFCAXIS2PLACEMENT3D(#13833,#13834,#13835);
#13837=IFCDIRECTION((0.,0.,1.));
#13838=IFCEXTRUDEDAREASOLID(#13832,#13836,#13837,3.2300000000000075);
#13839=IFCSHAPEREPRESENTATION(#11,'Body','SweptSolid',(#13838));
#13840=IFCPRODUCTDEFINITIONSHAPE($,$,(#13839));
#13841=IFCCOLUMN('2WbCgcAbXRqfWa2n2ggWbj',$,'Column Level 23 09','Perimeter column',$,#13848,#13859,$,$);
#13842=IFCMATERIALPROFILESETUSAGE(#285,$,$);
#13843=IFCRELASSOCIATESMATERIAL('0Sr4BAkzfHwAXmzBUsNa3N',$,$,$,(#13841),#13842);
#13844=IFCCARTESIANPOINT((-18.75308387911425,-29.467131197788806,0.));
#13845=IFCDIRECTION((0.,0.,1.));
#13846=IFCDIRECTION((1.,0.,0.));
#13847=IFCAXIS2PLACEMENT3D(#13844,#13845,#13846);
#13848=IFCLOCALPLACEMENT(#239,#13847);
#13849=IFCCARTESIANPOINTLIST2D(((0.,0.),(0.65,0.),(0.65,0.65),(0.,0.65)));
#13850=IFCINDEXEDPOLYCURVE(#13849,(IFCLINEINDEX((1,2,3,4,1))),$);
#13851=IFCARBITRARYCLOSEDPROFILEDEF(.AREA.,$,#13850);
#13852=IFCCARTESIANPOINT((0.,0.,0.));
#13853=IFCDIRECTION((0.,0.,1.));
#13854=IFCDIRECTION((1.,0.,0.));
#13855=IFCAXIS2PLACEMENT3D(#13852,#13853,#13854);
#13856=IFCDIRECTION((0.,0.,1.));
#13857=IFCEXTRUDEDAREASOLID(#13851,#13855,#13856,3.2300000000000075);
#13858=IFCSHAPEREPRESENTATION(#11,'Body','SweptSolid',(#13857));
#13859=IFCPRODUCTDEFINITIONSHAPE($,$,(#13858));
#13860=IFCCOLUMN('2rywBQWi5JChAoddGJfDIr',$,'Column Level 23 10','Perimeter column',$,#13867,#13878,$,$);
#13861=IFCMATERIALPROFILESETUSAGE(#285,$,$);
#13862=IFCRELASSOCIATESMATERIAL('3uUQ6n2x5RZBH9qjkfnl9R',$,$,$,(#13860),#13861);
#13863=IFCCARTESIANPOINT((-12.727042237155754,-26.504680319640947,0.));
#13864=IFCDIRECTION((0.,0.,1.));
#13865=IFCDIRECTION((1.,0.,0.));
#13866=IFCAXIS2PLACEMENT3D(#13863,#13864,#13865);
#13867=IFCLOCALPLACEMENT(#239,#13866);
#13868=IFCCARTESIANPOINTLIST2D(((0.,0.),(0.65,0.),(0.65,0.65),(0.,0.65)));
#13869=IFCINDEXEDPOLYCURVE(#13868,(IFCLINEINDEX((1,2,3,4,1))),$);
#13870=IFCARBITRARYCLOSEDPROFILEDEF(.AREA.,$,#13869);
#13871=IFCCARTESIANPOINT((0.,0.,0.));
#13872=IFCDIRECTION((0.,0.,1.));
#13873=IFCDIRECTION((1.,0.,0.));
#13874=IFCAXIS2PLACEMENT3D(#13871,#13872,#13873);
#13875=IFCDIRECTION((0.,0.,1.));
#13876=IFCEXTRUDEDAREASOLID(#13870,#13874,#13875,3.2300000000000075);
#13877=IFCSHAPEREPRESENTATION(#11,'Body','SweptSolid',(#13876));
#13878=IFCPRODUCTDEFINITIONSHAPE($,$,(#13877));
#13879=IFCCOLUMN('2u09SlIkDIq9HmhzZ1jgtI',$,'Column Level 23 11','Perimeter column',$,#13886,#13897,$,$);
#13880=IFCMATERIALPROFILESETUSAGE(#285,$,$);
#13881=IFCRELASSOCIATESMATERIAL('13k$lPs0nNrhknMX73Qdqp',$,$,$,(#13879),#13880);
#13882=IFCCARTESIANPOINT((-9.764891448258137,-24.550469924750978,0.));
#13883=IFCDIRECTION((0.,0.,1.));
#13884=IFCDIRECTION((1.,0.,0.));
#13885=IFCAXIS2PLACEMENT3D(#13882,#13883,#13884);
#13886=IFCLOCALPLACEMENT(#239,#13885);
#13887=IFCCARTESIANPOINTLIST2D(((0.,0.),(0.65,0.),(0.65,0.65),(0.,0.65)));
#13888=IFCINDEXEDPOLYCURVE(#13887,(IFCLINEINDEX((1,2,3,4,1))),$);
#13889=IFCARBITRARYCLOSEDPROFILEDEF(.AREA.,$,#13888);
#13890=IFCCARTESIANPOINT((0.,0.,0.));
#13891=IFCDIRECTION((0.,0.,1.));
#13892=IFCDIRECTION((1.,0.,0.));
#13893=IFCAXIS2PLACEMENT3D(#13890,#13891,#13892);
#13894=IFCDIRECTION((0.,0.,1.));
#13895=IFCEXTRUDEDAREASOLID(#13889,#13893,#13894,3.2300000000000075);
#13896=IFCSHAPEREPRESENTATION(#11,'Body','SweptSolid',(#13895));
#13897=IFCPRODUCTDEFINITIONSHAPE($,$,(#13896));
#13898=IFCCOLUMN('2mAy0BgKnRmuGB7$WM6dsY',$,'Column Level 23 12','Perimeter column',$,#13905,#13916,$,$);
#13899=IFCMATERIALPROFILESETUSAGE(#285,$,$);
#13900=IFCRELASSOCIATESMATERIAL('3gYOdBrWvRXw_m2cEfWYg4',$,$,$,(#13898),#13899);
#13901=IFCCARTESIANPOINT((-0.9567633310928421,-26.368753855833358,0.));
#13902=IFCDIRECTION((0.,0.,1.));
#13903=IFCDIRECTION((1.,0.,0.));
#13904=IFCAXIS2PLACEMENT3D(#13901,#13902,#13903);
#13905=IFCLOCALPLACEMENT(#239,#13904);
#13906=IFCCARTESIANPOINTLIST2D(((0.,0.),(0.65,0.),(0.65,0.65),(0.,0.65)));
#13907=IFCINDEXEDPOLYCURVE(#13906,(IFCLINEINDEX((1,2,3,4,1))),$);
#13908=IFCARBITRARYCLOSEDPROFILEDEF(.AREA.,$,#13907);
#13909=IFCCARTESIANPOINT((0.,0.,0.));
#13910=IFCDIRECTION((0.,0.,1.));
#13911=IFCDIRECTION((1.,0.,0.));
#13912=IFCAXIS2PLACEMENT3D(#13909,#13910,#13911);
#13913=IFCDIRECTION((0.,0.,1.));
#13914=IFCEXTRUDEDAREASOLID(#13908,#13912,#13913,3.2300000000000075);
#13915=IFCSHAPEREPRESENTATION(#11,'Body','SweptSolid',(#13914));
#13916=IFCPRODUCTDEFINITIONSHAPE($,$,(#13915));
#13917=IFCCOLUMN('1fzTZWmJ1QKvmvYUrjJDAQ',$,'Column Level 23 13','Perimeter column',$,#13924,#13935,$,$);
#13918=IFCMATERIALPROFILESETUSAGE(#285,$,$);
#13919=IFCRELASSOCIATESMATERIAL('2htVOfiyTTa8nubEFJKVQN',$,$,$,(#13917),#13918);
#13920=IFCCARTESIANPOINT((8.006895873696148,-27.073380263253355,0.));
#13921=IFCDIRECTION((0.,0.,1.));
#13922=IFCDIRECTION((1.,0.,0.));
#13923=IFCAXIS2PLACEMENT3D(#13920,#13921,#13922);
#13924=IFCLOCALPLACEMENT(#239,#13923);
#13925=IFCCARTESIANPOINTLIST2D(((0.,0.),(0.65,0.),(0.65,0.65),(0.,0.65)));
#13926=IFCINDEXEDPOLYCURVE(#13925,(IFCLINEINDEX((1,2,3,4,1))),$);
#13927=IFCARBITRARYCLOSEDPROFILEDEF(.AREA.,$,#13926);
#13928=IFCCARTESIANPOINT((0.,0.,0.));
#13929=IFCDIRECTION((0.,0.,1.));
#13930=IFCDIRECTION((1.,0.,0.));
#13931=IFCAXIS2PLACEMENT3D(#13928,#13929,#13930);
#13932=IFCDIRECTION((0.,0.,1.));
#13933=IFCEXTRUDEDAREASOLID(#13927,#13931,#13932,3.2300000000000075);
#13934=IFCSHAPEREPRESENTATION(#11,'Body','SweptSolid',(#13933));
#13935=IFCPRODUCTDEFINITIONSHAPE($,$,(#13934));
#13936=IFCCOLUMN('0yDcdgZjnTkOE78_6wwmmK',$,'Column Level 23 14','Perimeter column',$,#13943,#13954,$,$);
#13937=IFCMATERIALPROFILESETUSAGE(#285,$,$);
#13938=IFCRELASSOCIATESMATERIAL('3ImfcOpmPGYfuHhTmhdKW_',$,$,$,(#13936),#13937);
#13939=IFCCARTESIANPOINT((14.920453833719945,-24.764617780010752,0.));
#13940=IFCDIRECTION((0.,0.,1.));
#13941=IFCDIRECTION((1.,0.,0.));
#13942=IFCAXIS2PLACEMENT3D(#13939,#13940,#13941);
#13943=IFCLOCALPLACEMENT(#239,#13942);
#13944=IFCCARTESIANPOINTLIST2D(((0.,0.),(0.65,0.),(0.65,0.65),(0.,0.65)));
#13945=IFCINDEXEDPOLYCURVE(#13944,(IFCLINEINDEX((1,2,3,4,1))),$);
#13946=IFCARBITRARYCLOSEDPROFILEDEF(.AREA.,$,#13945);
#13947=IFCCARTESIANPOINT((0.,0.,0.));
#13948=IFCDIRECTION((0.,0.,1.));
#13949=IFCDIRECTION((1.,0.,0.));
#13950=IFCAXIS2PLACEMENT3D(#13947,#13948,#13949);
#13951=IFCDIRECTION((0.,0.,1.));
#13952=IFCEXTRUDEDAREASOLID(#13946,#13950,#13951,3.2300000000000075);
#13953=IFCSHAPEREPRESENTATION(#11,'Body','SweptSolid',(#13952));
#13954=IFCPRODUCTDEFINITIONSHAPE($,$,(#13953));
#13955=IFCCOLUMN('2WabojrY5Sdv4uQbcBQSmW',$,'Column Level 23 15','Perimeter column',$,#13962,#13973,$,$);
#13956=IFCMATERIALPROFILESETUSAGE(#285,$,$);
#13957=IFCRELASSOCIATESMATERIAL('159kOZVivJyOB2ZgrRdjIe',$,$,$,(#13955),#13956);
#13958=IFCCARTESIANPOINT((15.492350832894035,-18.795521247082288,0.));
#13959=IFCDIRECTION((0.,0.,1.));
#13960=IFCDIRECTION((1.,0.,0.));
#13961=IFCAXIS2PLACEMENT3D(#13958,#13959,#13960);
#13962=IFCLOCALPLACEMENT(#239,#13961);
#13963=IFCCARTESIANPOINTLIST2D(((0.,0.),(0.65,0.),(0.65,0.65),(0.,0.65)));
#13964=IFCINDEXEDPOLYCURVE(#13963,(IFCLINEINDEX((1,2,3,4,1))),$);
#13965=IFCARBITRARYCLOSEDPROFILEDEF(.AREA.,$,#13964);
#13966=IFCCARTESIANPOINT((0.,0.,0.));
#13967=IFCDIRECTION((0.,0.,1.));
#13968=IFCDIRECTION((1.,0.,0.));
#13969=IFCAXIS2PLACEMENT3D(#13966,#13967,#13968);
#13970=IFCDIRECTION((0.,0.,1.));
#13971=IFCEXTRUDEDAREASOLID(#13965,#13969,#13970,3.2300000000000075);
#13972=IFCSHAPEREPRESENTATION(#11,'Body','SweptSolid',(#13971));
#13973=IFCPRODUCTDEFINITIONSHAPE($,$,(#13972));
#13974=IFCCOLUMN('1I9J3HX51MvgPJ2xR$NYdL',$,'Column Level 23 16','Perimeter column',$,#13981,#13992,$,$);
#13975=IFCMATERIALPROFILESETUSAGE(#285,$,$);
#13976=IFCRELASSOCIATESMATERIAL('104xhSb6jHKRgRsFkjfXaw',$,$,$,(#13974),#13975);
#13977=IFCCARTESIANPOINT((10.245546990963147,-14.223581898991535,0.));
#13978=IFCDIRECTION((0.,0.,1.));
#13979=IFCDIRECTION((1.,0.,0.));
#13980=IFCAXIS2PLACEMENT3D(#13977,#13978,#13979);
#13981=IFCLOCALPLACEMENT(#239,#13980);
#13982=IFCCARTESIANPOINTLIST2D(((0.,0.),(0.65,0.),(0.65,0.65),(0.,0.65)));
#13983=IFCINDEXEDPOLYCURVE(#13982,(IFCLINEINDEX((1,2,3,4,1))),$);
#13984=IFCARBITRARYCLOSEDPROFILEDEF(.AREA.,$,#13983);
#13985=IFCCARTESIANPOINT((0.,0.,0.));
#13986=IFCDIRECTION((0.,0.,1.));
#13987=IFCDIRECTION((1.,0.,0.));
#13988=IFCAXIS2PLACEMENT3D(#13985,#13986,#13987);
#13989=IFCDIRECTION((0.,0.,1.));
#13990=IFCEXTRUDEDAREASOLID(#13984,#13988,#13989,3.2300000000000075);
#13991=IFCSHAPEREPRESENTATION(#11,'Body','SweptSolid',(#13990));
#13992=IFCPRODUCTDEFINITIONSHAPE($,$,(#13991));
#13993=IFCCOLUMN('0yustkT7HNKBL5CHggatC2',$,'Column Level 23 17','Perimeter column',$,#14000,#14011,$,$);
#13994=IFCMATERIALPROFILESETUSAGE(#285,$,$);
#13995=IFCRELASSOCIATESMATERIAL('07axHxS8LJtgsmuSKNLrLJ',$,$,$,(#13993),#13994);
#13996=IFCCARTESIANPOINT((1.4873863498714017,-12.158226231311527,0.));
#13997=IFCDIRECTION((0.,0.,1.));
#13998=IFCDIRECTION((1.,0.,0.));
#13999=IFCAXIS2PLACEMENT3D(#13996,#13997,#13998);
#14000=IFCLOCALPLACEMENT(#239,#13999);
#14001=IFCCARTESIANPOINTLIST2D(((0.,0.),(0.65,0.),(0.65,0.65),(0.,0.65)));
#14002=IFCINDEXEDPOLYCURVE(#14001,(IFCLINEINDEX((1,2,3,4,1))),$);
#14003=IFCARBITRARYCLOSEDPROFILEDEF(.AREA.,$,#14002);
#14004=IFCCARTESIANPOINT((0.,0.,0.));
#14005=IFCDIRECTION((0.,0.,1.));
#14006=IFCDIRECTION((1.,0.,0.));
#14007=IFCAXIS2PLACEMENT3D(#14004,#14005,#14006);
#14008=IFCDIRECTION((0.,0.,1.));
#14009=IFCEXTRUDEDAREASOLID(#14003,#14007,#14008,3.2300000000000075);
#14010=IFCSHAPEREPRESENTATION(#11,'Body','SweptSolid',(#14009));
#14011=IFCPRODUCTDEFINITIONSHAPE($,$,(#14010));
#14012=IFCCOLUMN('0pdsT4Tm5K191p42bKbbsi',$,'Column Level 23 18','Perimeter column',$,#14019,#14030,$,$);
#14013=IFCMATERIALPROFILESETUSAGE(#285,$,$);
#14014=IFCRELASSOCIATESMATERIAL('3Le3cDPDnLth7wK0vDWZtl',$,$,$,(#14012),#14013);
#14015=IFCCARTESIANPOINT((-7.4686376349906975,-11.294089532113045,0.));
#14016=IFCDIRECTION((0.,0.,1.));
#14017=IFCDIRECTION((1.,0.,0.));
#14018=IFCAXIS2PLACEMENT3D(#14015,#14016,#14017);
#14019=IFCLOCALPLACEMENT(#239,#14018);
#14020=IFCCARTESIANPOINTLIST2D(((0.,0.),(0.65,0.),(0.65,0.65),(0.,0.65)));
#14021=IFCINDEXEDPOLYCURVE(#14020,(IFCLINEINDEX((1,2,3,4,1))),$);
#14022=IFCARBITRARYCLOSEDPROFILEDEF(.AREA.,$,#14021);
#14023=IFCCARTESIANPOINT((0.,0.,0.));
#14024=IFCDIRECTION((0.,0.,1.));
#14025=IFCDIRECTION((1.,0.,0.));
#14026=IFCAXIS2PLACEMENT3D(#14023,#14024,#14025);
#14027=IFCDIRECTION((0.,0.,1.));
#14028=IFCEXTRUDEDAREASOLID(#14022,#14026,#14027,3.2300000000000075);
#14029=IFCSHAPEREPRESENTATION(#11,'Body','SweptSolid',(#14028));
#14030=IFCPRODUCTDEFINITIONSHAPE($,$,(#14029));
#14031=IFCCOLUMN('2Fcxx5aWnQcOYEQELJIy8u',$,'Column Level 23 19','Perimeter column',$,#14038,#14049,$,$);
#14032=IFCMATERIALPROFILESETUSAGE(#285,$,$);
#14033=IFCRELASSOCIATESMATERIAL('02Oh4xRlPRxehWEHBOZ7wh',$,$,$,(#14031),#14032);
#14034=IFCCARTESIANPOINT((-10.358368833920457,-8.811428236554427,0.));
#14035=IFCDIRECTION((0.,0.,1.));
#14036=IFCDIRECTION((1.,0.,0.));
#14037=IFCAXIS2PLACEMENT3D(#14034,#14035,#14036);
#14038=IFCLOCALPLACEMENT(#239,#14037);
#14039=IFCCARTESIANPOINTLIST2D(((0.,0.),(0.65,0.),(0.65,0.65),(0.,0.65)));
#14040=IFCINDEXEDPOLYCURVE(#14039,(IFCLINEINDEX((1,2,3,4,1))),$);
#14041=IFCARBITRARYCLOSEDPROFILEDEF(.AREA.,$,#14040);
#14042=IFCCARTESIANPOINT((0.,0.,0.));
#14043=IFCDIRECTION((0.,0.,1.));
#14044=IFCDIRECTION((1.,0.,0.));
#14045=IFCAXIS2PLACEMENT3D(#14042,#14043,#14044);
#14046=IFCDIRECTION((0.,0.,1.));
#14047=IFCEXTRUDEDAREASOLID(#14041,#14045,#14046,3.2300000000000075);
#14048=IFCSHAPEREPRESENTATION(#11,'Body','SweptSolid',(#14047));
#14049=IFCPRODUCTDEFINITIONSHAPE($,$,(#14048));
#14050=IFCCOLUMN('2bDsdEtNzS5vH6W9EstlW6',$,'Column Level 24 01','Perimeter column',$,#14057,#14068,$,$);
#14051=IFCMATERIALPROFILESETUSAGE(#285,$,$);
#14052=IFCRELASSOCIATESMATERIAL('0VqL_LmmbK39ORAmnap4hJ',$,$,$,(#14050),#14051);
#14053=IFCCARTESIANPOINT((-9.154,-4.184,0.));
#14054=IFCDIRECTION((0.,0.,1.));
#14055=IFCDIRECTION((1.,0.,0.));
#14056=IFCAXIS2PLACEMENT3D(#14053,#14054,#14055);
#14057=IFCLOCALPLACEMENT(#246,#14056);
#14058=IFCCARTESIANPOINTLIST2D(((0.,0.),(0.65,0.),(0.65,0.65),(0.,0.65)));
#14059=IFCINDEXEDPOLYCURVE(#14058,(IFCLINEINDEX((1,2,3,4,1))),$);
#14060=IFCARBITRARYCLOSEDPROFILEDEF(.AREA.,$,#14059);
#14061=IFCCARTESIANPOINT((0.,0.,0.));
#14062=IFCDIRECTION((0.,0.,1.));
#14063=IFCDIRECTION((1.,0.,0.));
#14064=IFCAXIS2PLACEMENT3D(#14061,#14062,#14063);
#14065=IFCDIRECTION((0.,0.,1.));
#14066=IFCEXTRUDEDAREASOLID(#14060,#14064,#14065,3.2299999999999933);
#14067=IFCSHAPEREPRESENTATION(#11,'Body','SweptSolid',(#14066));
#14068=IFCPRODUCTDEFINITIONSHAPE($,$,(#14067));
#14069=IFCCOLUMN('2_ukXXBdjNevAm3LU_A5ZI',$,'Column Level 24 02','Perimeter column',$,#14076,#14087,$,$);
#14070=IFCMATERIALPROFILESETUSAGE(#285,$,$);
#14071=IFCRELASSOCIATESMATERIAL('2SxLvukjzITgWEPUH1Fd5z',$,$,$,(#14069),#14070);
#14072=IFCCARTESIANPOINT((-18.046282323167038,-2.795722259383581,0.));
#14073=IFCDIRECTION((0.,0.,1.));
#14074=IFCDIRECTION((1.,0.,0.));
#14075=IFCAXIS2PLACEMENT3D(#14072,#14073,#14074);
#14076=IFCLOCALPLACEMENT(#246,#14075);
#14077=IFCCARTESIANPOINTLIST2D(((0.,0.),(0.65,0.),(0.65,0.65),(0.,0.65)));
#14078=IFCINDEXEDPOLYCURVE(#14077,(IFCLINEINDEX((1,2,3,4,1))),$);
#14079=IFCARBITRARYCLOSEDPROFILEDEF(.AREA.,$,#14078);
#14080=IFCCARTESIANPOINT((0.,0.,0.));
#14081=IFCDIRECTION((0.,0.,1.));
#14082=IFCDIRECTION((1.,0.,0.));
#14083=IFCAXIS2PLACEMENT3D(#14080,#14081,#14082);
#14084=IFCDIRECTION((0.,0.,1.));
#14085=IFCEXTRUDEDAREASOLID(#14079,#14083,#14084,3.2299999999999933);
#14086=IFCSHAPEREPRESENTATION(#11,'Body','SweptSolid',(#14085));
#14087=IFCPRODUCTDEFINITIONSHAPE($,$,(#14086));
#14088=IFCCOLUMN('2cL__B6rrJdRxCyQ6WaREX',$,'Column Level 24 03','Perimeter column',$,#14095,#14106,$,$);
#14089=IFCMATERIALPROFILESETUSAGE(#285,$,$);
#14090=IFCRELASSOCIATESMATERIAL('3am7rJx9jOcRG8cmFJbydm',$,$,$,(#14088),#14089);
#14091=IFCCARTESIANPOINT((-26.938564646334076,-1.407444518767161,0.));
#14092=IFCDIRECTION((0.,0.,1.));
#14093=IFCDIRECTION((1.,0.,0.));
#14094=IFCAXIS2PLACEMENT3D(#14091,#14092,#14093);
#14095=IFCLOCALPLACEMENT(#246,#14094);
#14096=IFCCARTESIANPOINTLIST2D(((0.,0.),(0.65,0.),(0.65,0.65),(0.,0.65)));
#14097=IFCINDEXEDPOLYCURVE(#14096,(IFCLINEINDEX((1,2,3,4,1))),$);
#14098=IFCARBITRARYCLOSEDPROFILEDEF(.AREA.,$,#14097);
#14099=IFCCARTESIANPOINT((0.,0.,0.));
#14100=IFCDIRECTION((0.,0.,1.));
#14101=IFCDIRECTION((1.,0.,0.));
#14102=IFCAXIS2PLACEMENT3D(#14099,#14100,#14101);
#14103=IFCDIRECTION((0.,0.,1.));
#14104=IFCEXTRUDEDAREASOLID(#14098,#14102,#14103,3.2299999999999933);
#14105=IFCSHAPEREPRESENTATION(#11,'Body','SweptSolid',(#14104));
#14106=IFCPRODUCTDEFINITIONSHAPE($,$,(#14105));
#14107=IFCCOLUMN('3fMKy1BOHJ2fyLjs3el$G_',$,'Column Level 24 04','Perimeter column',$,#14114,#14125,$,$);
#14108=IFCMATERIALPROFILESETUSAGE(#285,$,$);
#14109=IFCRELASSOCIATESMATERIAL('1RlrgP3IHJX9JJ5OuZdumF',$,$,$,(#14107),#14108);
#14110=IFCCARTESIANPOINT((-33.59759279660651,-3.0036642653452983,0.));
#14111=IFCDIRECTION((0.,0.,1.));
#14112=IFCDIRECTION((1.,0.,0.));
#14113=IFCAXIS2PLACEMENT3D(#14110,#14111,#14112);
#14114=IFCLOCALPLACEMENT(#246,#14113);
#14115=IFCCARTESIANPOINTLIST2D(((0.,0.),(0.65,0.),(0.65,0.65),(0.,0.65)));
#14116=IFCINDEXEDPOLYCURVE(#14115,(IFCLINEINDEX((1,2,3,4,1))),$);
#14117=IFCARBITRARYCLOSEDPROFILEDEF(.AREA.,$,#14116);
#14118=IFCCARTESIANPOINT((0.,0.,0.));
#14119=IFCDIRECTION((0.,0.,1.));
#14120=IFCDIRECTION((1.,0.,0.));
#14121=IFCAXIS2PLACEMENT3D(#14118,#14119,#14120);
#14122=IFCDIRECTION((0.,0.,1.));
#14123=IFCEXTRUDEDAREASOLID(#14117,#14121,#14122,3.2299999999999933);
#14124=IFCSHAPEREPRESENTATION(#11,'Body','SweptSolid',(#14123));
#14125=IFCPRODUCTDEFINITIONSHAPE($,$,(#14124));
#14126=IFCCOLUMN('0y7$P5S0jHSg$sl7GifRAD',$,'Column Level 24 05','Perimeter column',$,#14133,#14144,$,$);
#14127=IFCMATERIALPROFILESETUSAGE(#285,$,$);
#14128=IFCRELASSOCIATESMATERIAL('3e0TgdPVTOKwfDaxmXYglH',$,$,$,(#14126),#14127);
#14129=IFCCARTESIANPOINT((-34.77429340878359,-11.926409115967333,0.));
#14130=IFCDIRECTION((0.,0.,1.));
#14131=IFCDIRECTION((1.,0.,0.));
#14132=IFCAXIS2PLACEMENT3D(#14129,#14130,#14131);
#14133=IFCLOCALPLACEMENT(#246,#14132);
#14134=IFCCARTESIANPOINTLIST2D(((0.,0.),(0.65,0.),(0.65,0.65),(0.,0.65)));
#14135=IFCINDEXEDPOLYCURVE(#14134,(IFCLINEINDEX((1,2,3,4,1))),$);
#14136=IFCARBITRARYCLOSEDPROFILEDEF(.AREA.,$,#14135);
#14137=IFCCARTESIANPOINT((0.,0.,0.));
#14138=IFCDIRECTION((0.,0.,1.));
#14139=IFCDIRECTION((1.,0.,0.));
#14140=IFCAXIS2PLACEMENT3D(#14137,#14138,#14139);
#14141=IFCDIRECTION((0.,0.,1.));
#14142=IFCEXTRUDEDAREASOLID(#14136,#14140,#14141,3.2299999999999933);
#14143=IFCSHAPEREPRESENTATION(#11,'Body','SweptSolid',(#14142));
#14144=IFCPRODUCTDEFINITIONSHAPE($,$,(#14143));
#14145=IFCCOLUMN('1CeTUC4fnKwgVE2OGUPqzF',$,'Column Level 24 06','Perimeter column',$,#14152,#14163,$,$);
#14146=IFCMATERIALPROFILESETUSAGE(#285,$,$);
#14147=IFCRELASSOCIATESMATERIAL('2FFmHzz5PV0ReSvsBKDY9v',$,$,$,(#14145),#14146);
#14148=IFCCARTESIANPOINT((-35.95099402096067,-20.849153966589373,0.));
#14149=IFCDIRECTION((0.,0.,1.));
#14150=IFCDIRECTION((1.,0.,0.));
#14151=IFCAXIS2PLACEMENT3D(#14148,#14149,#14150);
#14152=IFCLOCALPLACEMENT(#246,#14151);
#14153=IFCCARTESIANPOINTLIST2D(((0.,0.),(0.65,0.),(0.65,0.65),(0.,0.65)));
#14154=IFCINDEXEDPOLYCURVE(#14153,(IFCLINEINDEX((1,2,3,4,1))),$);
#14155=IFCARBITRARYCLOSEDPROFILEDEF(.AREA.,$,#14154);
#14156=IFCCARTESIANPOINT((0.,0.,0.));
#14157=IFCDIRECTION((0.,0.,1.));
#14158=IFCDIRECTION((1.,0.,0.));
#14159=IFCAXIS2PLACEMENT3D(#14156,#14157,#14158);
#14160=IFCDIRECTION((0.,0.,1.));
#14161=IFCEXTRUDEDAREASOLID(#14155,#14159,#14160,3.2299999999999933);
#14162=IFCSHAPEREPRESENTATION(#11,'Body','SweptSolid',(#14161));
#14163=IFCPRODUCTDEFINITIONSHAPE($,$,(#14162));
#14164=IFCCOLUMN('21P885ohbU28vhwNoj5TNp',$,'Column Level 24 07','Perimeter column',$,#14171,#14182,$,$);
#14165=IFCMATERIALPROFILESETUSAGE(#285,$,$);
#14166=IFCRELASSOCIATESMATERIAL('1gj9DYYtDHUwQEsvtYsz_H',$,$,$,(#14164),#14165);
#14167=IFCCARTESIANPOINT((-33.52434711180992,-26.93356155022716,0.));
#14168=IFCDIRECTION((0.,0.,1.));
#14169=IFCDIRECTION((1.,0.,0.));
#14170=IFCAXIS2PLACEMENT3D(#14167,#14168,#14169);
#14171=IFCLOCALPLACEMENT(#246,#14170);
#14172=IFCCARTESIANPOINTLIST2D(((0.,0.),(0.65,0.),(0.65,0.65),(0.,0.65)));
#14173=IFCINDEXEDPOLYCURVE(#14172,(IFCLINEINDEX((1,2,3,4,1))),$);
#14174=IFCARBITRARYCLOSEDPROFILEDEF(.AREA.,$,#14173);
#14175=IFCCARTESIANPOINT((0.,0.,0.));
#14176=IFCDIRECTION((0.,0.,1.));
#14177=IFCDIRECTION((1.,0.,0.));
#14178=IFCAXIS2PLACEMENT3D(#14175,#14176,#14177);
#14179=IFCDIRECTION((0.,0.,1.));
#14180=IFCEXTRUDEDAREASOLID(#14174,#14178,#14179,3.2299999999999933);
#14181=IFCSHAPEREPRESENTATION(#11,'Body','SweptSolid',(#14180));
#14182=IFCPRODUCTDEFINITIONSHAPE($,$,(#14181));
#14183=IFCCOLUMN('1Q5zmyDSbR4g1iJIZgVpAd',$,'Column Level 24 08','Perimeter column',$,#14190,#14201,$,$);
#14184=IFCMATERIALPROFILESETUSAGE(#285,$,$);
#14185=IFCRELASSOCIATESMATERIAL('3O1B$mFQ1GkQTeaXnXZU9a',$,$,$,(#14183),#14184);
#14186=IFCCARTESIANPOINT((-24.574189391799482,-27.879435107811723,0.));
#14187=IFCDIRECTION((0.,0.,1.));
#14188=IFCDIRECTION((1.,0.,0.));
#14189=IFCAXIS2PLACEMENT3D(#14186,#14187,#14188);
#14190=IFCLOCALPLACEMENT(#246,#14189);
#14191=IFCCARTESIANPOINTLIST2D(((0.,0.),(0.65,0.),(0.65,0.65),(0.,0.65)));
#14192=IFCINDEXEDPOLYCURVE(#14191,(IFCLINEINDEX((1,2,3,4,1))),$);
#14193=IFCARBITRARYCLOSEDPROFILEDEF(.AREA.,$,#14192);
#14194=IFCCARTESIANPOINT((0.,0.,0.));
#14195=IFCDIRECTION((0.,0.,1.));
#14196=IFCDIRECTION((1.,0.,0.));
#14197=IFCAXIS2PLACEMENT3D(#14194,#14195,#14196);
#14198=IFCDIRECTION((0.,0.,1.));
#14199=IFCEXTRUDEDAREASOLID(#14193,#14197,#14198,3.2299999999999933);
#14200=IFCSHAPEREPRESENTATION(#11,'Body','SweptSolid',(#14199));
#14201=IFCPRODUCTDEFINITIONSHAPE($,$,(#14200));
#14202=IFCCOLUMN('3QPafKU7fLjvn5Smcwgkeq',$,'Column Level 24 09','Perimeter column',$,#14209,#14220,$,$);
#14203=IFCMATERIALPROFILESETUSAGE(#285,$,$);
#14204=IFCRELASSOCIATESMATERIAL('183R53QsTLSwQhJLBRLHkN',$,$,$,(#14202),#14203);
#14205=IFCCARTESIANPOINT((-15.624031671789052,-28.825308665396285,0.));
#14206=IFCDIRECTION((0.,0.,1.));
#14207=IFCDIRECTION((1.,0.,0.));
#14208=IFCAXIS2PLACEMENT3D(#14205,#14206,#14207);
#14209=IFCLOCALPLACEMENT(#246,#14208);
#14210=IFCCARTESIANPOINTLIST2D(((0.,0.),(0.65,0.),(0.65,0.65),(0.,0.65)));
#14211=IFCINDEXEDPOLYCURVE(#14210,(IFCLINEINDEX((1,2,3,4,1))),$);
#14212=IFCARBITRARYCLOSEDPROFILEDEF(.AREA.,$,#14211);
#14213=IFCCARTESIANPOINT((0.,0.,0.));
#14214=IFCDIRECTION((0.,0.,1.));
#14215=IFCDIRECTION((1.,0.,0.));
#14216=IFCAXIS2PLACEMENT3D(#14213,#14214,#14215);
#14217=IFCDIRECTION((0.,0.,1.));
#14218=IFCEXTRUDEDAREASOLID(#14212,#14216,#14217,3.2299999999999933);
#14219=IFCSHAPEREPRESENTATION(#11,'Body','SweptSolid',(#14218));
#14220=IFCPRODUCTDEFINITIONSHAPE($,$,(#14219));
#14221=IFCCOLUMN('26Y7K7lH9THeZqGjZU_dRM',$,'Column Level 24 10','Perimeter column',$,#14228,#14239,$,$);
#14222=IFCMATERIALPROFILESETUSAGE(#285,$,$);
#14223=IFCRELASSOCIATESMATERIAL('0KhrLScJrQkh970f9YNmGI',$,$,$,(#14221),#14222);
#14224=IFCCARTESIANPOINT((-12.354683860339792,-23.977707546211096,0.));
#14225=IFCDIRECTION((0.,0.,1.));
#14226=IFCDIRECTION((1.,0.,0.));
#14227=IFCAXIS2PLACEMENT3D(#14224,#14225,#14226);
#14228=IFCLOCALPLACEMENT(#246,#14227);
#14229=IFCCARTESIANPOINTLIST2D(((0.,0.),(0.65,0.),(0.65,0.65),(0.,0.65)));
#14230=IFCINDEXEDPOLYCURVE(#14229,(IFCLINEINDEX((1,2,3,4,1))),$);
#14231=IFCARBITRARYCLOSEDPROFILEDEF(.AREA.,$,#14230);
#14232=IFCCARTESIANPOINT((0.,0.,0.));
#14233=IFCDIRECTION((0.,0.,1.));
#14234=IFCDIRECTION((1.,0.,0.));
#14235=IFCAXIS2PLACEMENT3D(#14232,#14233,#14234);
#14236=IFCDIRECTION((0.,0.,1.));
#14237=IFCEXTRUDEDAREASOLID(#14231,#14235,#14236,3.2299999999999933);
#14238=IFCSHAPEREPRESENTATION(#11,'Body','SweptSolid',(#14237));
#14239=IFCPRODUCTDEFINITIONSHAPE($,$,(#14238));
#14240=IFCCOLUMN('2yATEVqrnK1wzJZZODGzK5',$,'Column Level 24 11','Perimeter column',$,#14247,#14258,$,$);
#14241=IFCMATERIALPROFILESETUSAGE(#285,$,$);
#14242=IFCRELASSOCIATESMATERIAL('2NI$rAGzbPAfZFGAl33Ves',$,$,$,(#14240),#14241);
#14243=IFCCARTESIANPOINT((-6.412849805237456,-24.408040423400777,0.));
#14244=IFCDIRECTION((0.,0.,1.));
#14245=IFCDIRECTION((1.,0.,0.));
#14246=IFCAXIS2PLACEMENT3D(#14243,#14244,#14245);
#14247=IFCLOCALPLACEMENT(#246,#14246);
#14248=IFCCARTESIANPOINTLIST2D(((0.,0.),(0.65,0.),(0.65,0.65),(0.,0.65)));
#14249=IFCINDEXEDPOLYCURVE(#14248,(IFCLINEINDEX((1,2,3,4,1))),$);
#14250=IFCARBITRARYCLOSEDPROFILEDEF(.AREA.,$,#14249);
#14251=IFCCARTESIANPOINT((0.,0.,0.));
#14252=IFCDIRECTION((0.,0.,1.));
#14253=IFCDIRECTION((1.,0.,0.));
#14254=IFCAXIS2PLACEMENT3D(#14251,#14252,#14253);
#14255=IFCDIRECTION((0.,0.,1.));
#14256=IFCEXTRUDEDAREASOLID(#14250,#14254,#14255,3.2299999999999933);
#14257=IFCSHAPEREPRESENTATION(#11,'Body','SweptSolid',(#14256));
#14258=IFCPRODUCTDEFINITIONSHAPE($,$,(#14257));
#14259=IFCCOLUMN('3PwXLcZ0vLiu1I_i2tuMiF',$,'Column Level 24 12','Perimeter column',$,#14266,#14277,$,$);
#14260=IFCMATERIALPROFILESETUSAGE(#285,$,$);
#14261=IFCRELASSOCIATESMATERIAL('0J8cjW1KrUsQy4X9mpHuKT',$,$,$,(#14259),#14260);
#14262=IFCCARTESIANPOINT((2.4561015736053493,-25.851985629518786,0.));
#14263=IFCDIRECTION((0.,0.,1.));
#14264=IFCDIRECTION((1.,0.,0.));
#14265=IFCAXIS2PLACEMENT3D(#14262,#14263,#14264);
#14266=IFCLOCALPLACEMENT(#246,#14265);
#14267=IFCCARTESIANPOINTLIST2D(((0.,0.),(0.65,0.),(0.65,0.65),(0.,0.65)));
#14268=IFCINDEXEDPOLYCURVE(#14267,(IFCLINEINDEX((1,2,3,4,1))),$);
#14269=IFCARBITRARYCLOSEDPROFILEDEF(.AREA.,$,#14268);
#14270=IFCCARTESIANPOINT((0.,0.,0.));
#14271=IFCDIRECTION((0.,0.,1.));
#14272=IFCDIRECTION((1.,0.,0.));
#14273=IFCAXIS2PLACEMENT3D(#14270,#14271,#14272);
#14274=IFCDIRECTION((0.,0.,1.));
#14275=IFCEXTRUDEDAREASOLID(#14269,#14273,#14274,3.2299999999999933);
#14276=IFCSHAPEREPRESENTATION(#11,'Body','SweptSolid',(#14275));
#14277=IFCPRODUCTDEFINITIONSHAPE($,$,(#14276));
#14278=IFCCOLUMN('2tbtPZn5XTJPmmF9HgG5g1',$,'Column Level 24 13','Perimeter column',$,#14285,#14296,$,$);
#14279=IFCMATERIALPROFILESETUSAGE(#285,$,$);
#14280=IFCRELASSOCIATESMATERIAL('36AtD2MUjN9Q8ubqyrMSv2',$,$,$,(#14278),#14279);
#14281=IFCCARTESIANPOINT((11.420815008215097,-26.01667143724503,0.));
#14282=IFCDIRECTION((0.,0.,1.));
#14283=IFCDIRECTION((1.,0.,0.));
#14284=IFCAXIS2PLACEMENT3D(#14281,#14282,#14283);
#14285=IFCLOCALPLACEMENT(#246,#14284);
#14286=IFCCARTESIANPOINTLIST2D(((0.,0.),(0.65,0.),(0.65,0.65),(0.,0.65)));
#14287=IFCINDEXEDPOLYCURVE(#14286,(IFCLINEINDEX((1,2,3,4,1))),$);
#14288=IFCARBITRARYCLOSEDPROFILEDEF(.AREA.,$,#14287);
#14289=IFCCARTESIANPOINT((0.,0.,0.));
#14290=IFCDIRECTION((0.,0.,1.));
#14291=IFCDIRECTION((1.,0.,0.));
#14292=IFCAXIS2PLACEMENT3D(#14289,#14290,#14291);
#14293=IFCDIRECTION((0.,0.,1.));
#14294=IFCEXTRUDEDAREASOLID(#14288,#14292,#14293,3.2299999999999933);
#14295=IFCSHAPEREPRESENTATION(#11,'Body','SweptSolid',(#14294));
#14296=IFCPRODUCTDEFINITIONSHAPE($,$,(#14295));
#14297=IFCCOLUMN('1QXx77kFnGa9bDwqYY1VhO',$,'Column Level 24 14','Perimeter column',$,#14304,#14315,$,$);
#14298=IFCMATERIALPROFILESETUSAGE(#285,$,$);
#14299=IFCRELASSOCIATESMATERIAL('09Je9sKi1Vm89khy6z67NT',$,$,$,(#14297),#14298);
#14300=IFCCARTESIANPOINT((15.443363339751302,-21.752800399269848,0.));
#14301=IFCDIRECTION((0.,0.,1.));
#14302=IFCDIRECTION((1.,0.,0.));
#14303=IFCAXIS2PLACEMENT3D(#14300,#14301,#14302);
#14304=IFCLOCALPLACEMENT(#246,#14303);
#14305=IFCCARTESIANPOINTLIST2D(((0.,0.),(0.65,0.),(0.65,0.65),(0.,0.65)));
#14306=IFCINDEXEDPOLYCURVE(#14305,(IFCLINEINDEX((1,2,3,4,1))),$);
#14307=IFCARBITRARYCLOSEDPROFILEDEF(.AREA.,$,#14306);
#14308=IFCCARTESIANPOINT((0.,0.,0.));
#14309=IFCDIRECTION((0.,0.,1.));
#14310=IFCDIRECTION((1.,0.,0.));
#14311=IFCAXIS2PLACEMENT3D(#14308,#14309,#14310);
#14312=IFCDIRECTION((0.,0.,1.));
#14313=IFCEXTRUDEDAREASOLID(#14307,#14311,#14312,3.2299999999999933);
#14314=IFCSHAPEREPRESENTATION(#11,'Body','SweptSolid',(#14313));
#14315=IFCPRODUCTDEFINITIONSHAPE($,$,(#14314));
#14316=IFCCOLUMN('3ye$nE3z1UCeS_qZlmi0Rh',$,'Column Level 24 15','Perimeter column',$,#14323,#14334,$,$);
#14317=IFCMATERIALPROFILESETUSAGE(#285,$,$);
#14318=IFCRELASSOCIATESMATERIAL('3e8FDi$MzT1wT679A1cjEW',$,$,$,(#14316),#14317);
#14319=IFCCARTESIANPOINT((15.08834538965418,-15.702174897218717,0.));
#14320=IFCDIRECTION((0.,0.,1.));
#14321=IFCDIRECTION((1.,0.,0.));
#14322=IFCAXIS2PLACEMENT3D(#14319,#14320,#14321);
#14323=IFCLOCALPLACEMENT(#246,#14322);
#14324=IFCCARTESIANPOINTLIST2D(((0.,0.),(0.65,0.),(0.65,0.65),(0.,0.65)));
#14325=IFCINDEXEDPOLYCURVE(#14324,(IFCLINEINDEX((1,2,3,4,1))),$);
#14326=IFCARBITRARYCLOSEDPROFILEDEF(.AREA.,$,#14325);
#14327=IFCCARTESIANPOINT((0.,0.,0.));
#14328=IFCDIRECTION((0.,0.,1.));
#14329=IFCDIRECTION((1.,0.,0.));
#14330=IFCAXIS2PLACEMENT3D(#14327,#14328,#14329);
#14331=IFCDIRECTION((0.,0.,1.));
#14332=IFCEXTRUDEDAREASOLID(#14326,#14330,#14331,3.2299999999999933);
#14333=IFCSHAPEREPRESENTATION(#11,'Body','SweptSolid',(#14332));
#14334=IFCPRODUCTDEFINITIONSHAPE($,$,(#14333));
#14335=IFCCOLUMN('2ts2VcBKTMt8Y5ygkEK4CI',$,'Column Level 24 16','Perimeter column',$,#14342,#14353,$,$);
#14336=IFCMATERIALPROFILESETUSAGE(#285,$,$);
#14337=IFCRELASSOCIATESMATERIAL('3zxATQJ8zQVPv3zaXv1xnk',$,$,$,(#14335),#14336);
#14338=IFCCARTESIANPOINT((6.563422855946663,-12.910382843064486,0.));
#14339=IFCDIRECTION((0.,0.,1.));
#14340=IFCDIRECTION((1.,0.,0.));
#14341=IFCAXIS2PLACEMENT3D(#14338,#14339,#14340);
#14342=IFCLOCALPLACEMENT(#246,#14341);
#14343=IFCCARTESIANPOINTLIST2D(((0.,0.),(0.65,0.),(0.65,0.65),(0.,0.65)));
#14344=IFCINDEXEDPOLYCURVE(#14343,(IFCLINEINDEX((1,2,3,4,1))),$);
#14345=IFCARBITRARYCLOSEDPROFILEDEF(.AREA.,$,#14344);
#14346=IFCCARTESIANPOINT((0.,0.,0.));
#14347=IFCDIRECTION((0.,0.,1.));
#14348=IFCDIRECTION((1.,0.,0.));
#14349=IFCAXIS2PLACEMENT3D(#14346,#14347,#14348);
#14350=IFCDIRECTION((0.,0.,1.));
#14351=IFCEXTRUDEDAREASOLID(#14345,#14349,#14350,3.2299999999999933);
#14352=IFCSHAPEREPRESENTATION(#11,'Body','SweptSolid',(#14351));
#14353=IFCPRODUCTDEFINITIONSHAPE($,$,(#14352));
#14354=IFCCOLUMN('2TMqoysC5VtAbHsISbXxiY',$,'Column Level 24 17','Perimeter column',$,#14361,#14372,$,$);
#14355=IFCMATERIALPROFILESETUSAGE(#285,$,$);
#14356=IFCRELASSOCIATESMATERIAL('0gpSguSp9MM96uSuDI8Phd',$,$,$,(#14354),#14355);
#14357=IFCCARTESIANPOINT((-2.2895299643783433,-11.398735539158066,0.));
#14358=IFCDIRECTION((0.,0.,1.));
#14359=IFCDIRECTION((1.,0.,0.));
#14360=IFCAXIS2PLACEMENT3D(#14357,#14358,#14359);
#14361=IFCLOCALPLACEMENT(#246,#14360);
#14362=IFCCARTESIANPOINTLIST2D(((0.,0.),(0.65,0.),(0.65,0.65),(0.,0.65)));
#14363=IFCINDEXEDPOLYCURVE(#14362,(IFCLINEINDEX((1,2,3,4,1))),$);
#14364=IFCARBITRARYCLOSEDPROFILEDEF(.AREA.,$,#14363);
#14365=IFCCARTESIANPOINT((0.,0.,0.));
#14366=IFCDIRECTION((0.,0.,1.));
#14367=IFCDIRECTION((1.,0.,0.));
#14368=IFCAXIS2PLACEMENT3D(#14365,#14366,#14367);
#14369=IFCDIRECTION((0.,0.,1.));
#14370=IFCEXTRUDEDAREASOLID(#14364,#14368,#14369,3.2299999999999933);
#14371=IFCSHAPEREPRESENTATION(#11,'Body','SweptSolid',(#14370));
#14372=IFCPRODUCTDEFINITIONSHAPE($,$,(#14371));
#14373=IFCCOLUMN('22uUNuBm1UfhMLplJNI2rV',$,'Column Level 24 18','Perimeter column',$,#14380,#14391,$,$);
#14374=IFCMATERIALPROFILESETUSAGE(#285,$,$);
#14375=IFCRELASSOCIATESMATERIAL('3hOO5067LGre2Az0H6uzjg',$,$,$,(#14373),#14374);
#14376=IFCCARTESIANPOINT((-11.268323540341271,-10.889595076345103,0.));
#14377=IFCDIRECTION((0.,0.,1.));
#14378=IFCDIRECTION((1.,0.,0.));
#14379=IFCAXIS2PLACEMENT3D(#14376,#14377,#14378);
#14380=IFCLOCALPLACEMENT(#246,#14379);
#14381=IFCCARTESIANPOINTLIST2D(((0.,0.),(0.65,0.),(0.65,0.65),(0.,0.65)));
#14382=IFCINDEXEDPOLYCURVE(#14381,(IFCLINEINDEX((1,2,3,4,1))),$);
#14383=IFCARBITRARYCLOSEDPROFILEDEF(.AREA.,$,#14382);
#14384=IFCCARTESIANPOINT((0.,0.,0.));
#14385=IFCDIRECTION((0.,0.,1.));
#14386=IFCDIRECTION((1.,0.,0.));
#14387=IFCAXIS2PLACEMENT3D(#14384,#14385,#14386);
#14388=IFCDIRECTION((0.,0.,1.));
#14389=IFCEXTRUDEDAREASOLID(#14383,#14387,#14388,3.2299999999999933);
#14390=IFCSHAPEREPRESENTATION(#11,'Body','SweptSolid',(#14389));
#14391=IFCPRODUCTDEFINITIONSHAPE($,$,(#14390));
#14392=IFCCOLUMN('1LkotBd8vUquiM254VDC8D',$,'Column Level 25 01','Perimeter column',$,#14399,#14410,$,$);
#14393=IFCMATERIALPROFILESETUSAGE(#285,$,$);
#14394=IFCRELASSOCIATESMATERIAL('0Fq07_wFPQBRWEbreNsQ7F',$,$,$,(#14392),#14393);
#14395=IFCCARTESIANPOINT((-8.343,-4.087,0.));
#14396=IFCDIRECTION((0.,0.,1.));
#14397=IFCDIRECTION((1.,0.,0.));
#14398=IFCAXIS2PLACEMENT3D(#14395,#14396,#14397);
#14399=IFCLOCALPLACEMENT(#253,#14398);
#14400=IFCCARTESIANPOINTLIST2D(((0.,0.),(0.65,0.),(0.65,0.65),(0.,0.65)));
#14401=IFCINDEXEDPOLYCURVE(#14400,(IFCLINEINDEX((1,2,3,4,1))),$);
#14402=IFCARBITRARYCLOSEDPROFILEDEF(.AREA.,$,#14401);
#14403=IFCCARTESIANPOINT((0.,0.,0.));
#14404=IFCDIRECTION((0.,0.,1.));
#14405=IFCDIRECTION((1.,0.,0.));
#14406=IFCAXIS2PLACEMENT3D(#14403,#14404,#14405);
#14407=IFCDIRECTION((0.,0.,1.));
#14408=IFCEXTRUDEDAREASOLID(#14402,#14406,#14407,3.2300000000000075);
#14409=IFCSHAPEREPRESENTATION(#11,'Body','SweptSolid',(#14408));
#14410=IFCPRODUCTDEFINITIONSHAPE($,$,(#14409));
#14411=IFCCOLUMN('1g1VtcKtfUAfbjf7dXC8Lb',$,'Column Level 25 02','Perimeter column',$,#14418,#14429,$,$);
#14412=IFCMATERIALPROFILESETUSAGE(#285,$,$);
#14413=IFCRELASSOCIATESMATERIAL('3vLQuhcwnRWAOBnT8hnEqK',$,$,$,(#14411),#14412);
#14414=IFCCARTESIANPOINT((-17.234268884886536,-2.6922463957212655,0.));
#14415=IFCDIRECTION((0.,0.,1.));
#14416=IFCDIRECTION((1.,0.,0.));
#14417=IFCAXIS2PLACEMENT3D(#14414,#14415,#14416);
#14418=IFCLOCALPLACEMENT(#253,#14417);
#14419=IFCCARTESIANPOINTLIST2D(((0.,0.),(0.65,0.),(0.65,0.65),(0.,0.65)));
#14420=IFCINDEXEDPOLYCURVE(#14419,(IFCLINEINDEX((1,2,3,4,1))),$);
#14421=IFCARBITRARYCLOSEDPROFILEDEF(.AREA.,$,#14420);
#14422=IFCCARTESIANPOINT((0.,0.,0.));
#14423=IFCDIRECTION((0.,0.,1.));
#14424=IFCDIRECTION((1.,0.,0.));
#14425=IFCAXIS2PLACEMENT3D(#14422,#14423,#14424);
#14426=IFCDIRECTION((0.,0.,1.));
#14427=IFCEXTRUDEDAREASOLID(#14421,#14425,#14426,3.2300000000000075);
#14428=IFCSHAPEREPRESENTATION(#11,'Body','SweptSolid',(#14427));
#14429=IFCPRODUCTDEFINITIONSHAPE($,$,(#14428));
#14430=IFCCOLUMN('02ewpD4inO$AAGKYE6llSB',$,'Column Level 25 03','Perimeter column',$,#14437,#14448,$,$);
#14431=IFCMATERIALPROFILESETUSAGE(#285,$,$);
#14432=IFCRELASSOCIATESMATERIAL('3g$2aSFe9MPRfS0nl1RH3f',$,$,$,(#14430),#14431);
#14433=IFCCARTESIANPOINT((-26.12553776977307,-1.29749279144253,0.));
#14434=IFCDIRECTION((0.,0.,1.));
#14435=IFCDIRECTION((1.,0.,0.));
#14436=IFCAXIS2PLACEMENT3D(#14433,#14434,#14435);
#14437=IFCLOCALPLACEMENT(#253,#14436);
#14438=IFCCARTESIANPOINTLIST2D(((0.,0.),(0.65,0.),(0.65,0.65),(0.,0.65)));
#14439=IFCINDEXEDPOLYCURVE(#14438,(IFCLINEINDEX((1,2,3,4,1))),$);
#14440=IFCARBITRARYCLOSEDPROFILEDEF(.AREA.,$,#14439);
#14441=IFCCARTESIANPOINT((0.,0.,0.));
#14442=IFCDIRECTION((0.,0.,1.));
#14443=IFCDIRECTION((1.,0.,0.));
#14444=IFCAXIS2PLACEMENT3D(#14441,#14442,#14443);
#14445=IFCDIRECTION((0.,0.,1.));
#14446=IFCEXTRUDEDAREASOLID(#14440,#14444,#14445,3.2300000000000075);
#14447=IFCSHAPEREPRESENTATION(#11,'Body','SweptSolid',(#14446));
#14448=IFCPRODUCTDEFINITIONSHAPE($,$,(#14447));
#14449=IFCCOLUMN('161ifVOlvI4x22LZLX2YSC',$,'Column Level 25 04','Perimeter column',$,#14456,#14467,$,$);
#14450=IFCMATERIALPROFILESETUSAGE(#285,$,$);
#14451=IFCRELASSOCIATESMATERIAL('0aa$wSLPDSHxR5JC4EfPrN',$,$,$,(#14449),#14450);
#14452=IFCCARTESIANPOINT((-32.150257581930845,-3.7364997343596262,0.));
#14453=IFCDIRECTION((0.,0.,1.));
#14454=IFCDIRECTION((1.,0.,0.));
#14455=IFCAXIS2PLACEMENT3D(#14452,#14453,#14454);
#14456=IFCLOCALPLACEMENT(#253,#14455);
#14457=IFCCARTESIANPOINTLIST2D(((0.,0.),(0.65,0.),(0.65,0.65),(0.,0.65)));
#14458=IFCINDEXEDPOLYCURVE(#14457,(IFCLINEINDEX((1,2,3,4,1))),$);
#14459=IFCARBITRARYCLOSEDPROFILEDEF(.AREA.,$,#14458);
#14460=IFCCARTESIANPOINT((0.,0.,0.));
#14461=IFCDIRECTION((0.,0.,1.));
#14462=IFCDIRECTION((1.,0.,0.));
#14463=IFCAXIS2PLACEMENT3D(#14460,#14461,#14462);
#14464=IFCDIRECTION((0.,0.,1.));
#14465=IFCEXTRUDEDAREASOLID(#14459,#14463,#14464,3.2300000000000075);
#14466=IFCSHAPEREPRESENTATION(#11,'Body','SweptSolid',(#14465));
#14467=IFCPRODUCTDEFINITIONSHAPE($,$,(#14466));
#14468=IFCCOLUMN('12fOuFiTvV8w5_EUCL2eyM',$,'Column Level 25 05','Perimeter column',$,#14475,#14486,$,$);
#14469=IFCMATERIALPROFILESETUSAGE(#285,$,$);
#14470=IFCRELASSOCIATESMATERIAL('1xEH7LJrLHTgsh9yPiYGqq',$,$,$,(#14468),#14469);
#14471=IFCCARTESIANPOINT((-33.3270137118391,-12.659237263320303,0.));
#14472=IFCDIRECTION((0.,0.,1.));
#14473=IFCDIRECTION((1.,0.,0.));
#14474=IFCAXIS2PLACEMENT3D(#14471,#14472,#14473);
#14475=IFCLOCALPLACEMENT(#253,#14474);
#14476=IFCCARTESIANPOINTLIST2D(((0.,0.),(0.65,0.),(0.65,0.65),(0.,0.65)));
#14477=IFCINDEXEDPOLYCURVE(#14476,(IFCLINEINDEX((1,2,3,4,1))),$);
#14478=IFCARBITRARYCLOSEDPROFILEDEF(.AREA.,$,#14477);
#14479=IFCCARTESIANPOINT((0.,0.,0.));
#14480=IFCDIRECTION((0.,0.,1.));
#14481=IFCDIRECTION((1.,0.,0.));
#14482=IFCAXIS2PLACEMENT3D(#14479,#14480,#14481);
#14483=IFCDIRECTION((0.,0.,1.));
#14484=IFCEXTRUDEDAREASOLID(#14478,#14482,#14483,3.2300000000000075);
#14485=IFCSHAPEREPRESENTATION(#11,'Body','SweptSolid',(#14484));
#14486=IFCPRODUCTDEFINITIONSHAPE($,$,(#14485));
#14487=IFCCOLUMN('2iR2iPr2PVAxScGeyqjUUC',$,'Column Level 25 06','Perimeter column',$,#14494,#14505,$,$);
#14488=IFCMATERIALPROFILESETUSAGE(#285,$,$);
#14489=IFCRELASSOCIATESMATERIAL('1IOd0M$dnO4e6QwOaVA7pi',$,$,$,(#14487),#14488);
#14490=IFCCARTESIANPOINT((-34.50376984174736,-21.581974792280985,0.));
#14491=IFCDIRECTION((0.,0.,1.));
#14492=IFCDIRECTION((1.,0.,0.));
#14493=IFCAXIS2PLACEMENT3D(#14490,#14491,#14492);
#14494=IFCLOCALPLACEMENT(#253,#14493);
#14495=IFCCARTESIANPOINTLIST2D(((0.,0.),(0.65,0.),(0.65,0.65),(0.,0.65)));
#14496=IFCINDEXEDPOLYCURVE(#14495,(IFCLINEINDEX((1,2,3,4,1))),$);
#14497=IFCARBITRARYCLOSEDPROFILEDEF(.AREA.,$,#14496);
#14498=IFCCARTESIANPOINT((0.,0.,0.));
#14499=IFCDIRECTION((0.,0.,1.));
#14500=IFCDIRECTION((1.,0.,0.));
#14501=IFCAXIS2PLACEMENT3D(#14498,#14499,#14500);
#14502=IFCDIRECTION((0.,0.,1.));
#14503=IFCEXTRUDEDAREASOLID(#14497,#14501,#14502,3.2300000000000075);
#14504=IFCSHAPEREPRESENTATION(#11,'Body','SweptSolid',(#14503));
#14505=IFCPRODUCTDEFINITIONSHAPE($,$,(#14504));
#14506=IFCCOLUMN('045bROJG9KpxUR1aZ7nWmd',$,'Column Level 25 07','Perimeter column',$,#14513,#14524,$,$);
#14507=IFCMATERIALPROFILESETUSAGE(#285,$,$);
#14508=IFCRELASSOCIATESMATERIAL('33Sgt32dPHBPyypM4NP0K4',$,$,$,(#14506),#14507);
#14509=IFCCARTESIANPOINT((-30.33147518228747,-26.288448440563123,0.));
#14510=IFCDIRECTION((0.,0.,1.));
#14511=IFCDIRECTION((1.,0.,0.));
#14512=IFCAXIS2PLACEMENT3D(#14509,#14510,#14511);
#14513=IFCLOCALPLACEMENT(#253,#14512);
#14514=IFCCARTESIANPOINTLIST2D(((0.,0.),(0.65,0.),(0.65,0.65),(0.,0.65)));
#14515=IFCINDEXEDPOLYCURVE(#14514,(IFCLINEINDEX((1,2,3,4,1))),$);
#14516=IFCARBITRARYCLOSEDPROFILEDEF(.AREA.,$,#14515);
#14517=IFCCARTESIANPOINT((0.,0.,0.));
#14518=IFCDIRECTION((0.,0.,1.));
#14519=IFCDIRECTION((1.,0.,0.));
#14520=IFCAXIS2PLACEMENT3D(#14517,#14518,#14519);
#14521=IFCDIRECTION((0.,0.,1.));
#14522=IFCEXTRUDEDAREASOLID(#14516,#14520,#14521,3.2300000000000075);
#14523=IFCSHAPEREPRESENTATION(#11,'Body','SweptSolid',(#14522));
#14524=IFCPRODUCTDEFINITIONSHAPE($,$,(#14523));
#14525=IFCCOLUMN('3g$4Db$L1N5OXl1HxN45ra',$,'Column Level 25 08','Perimeter column',$,#14532,#14543,$,$);
#14526=IFCMATERIALPROFILESETUSAGE(#285,$,$);
#14527=IFCRELASSOCIATESMATERIAL('1VEnRyU$zIDeY0tCfjz437',$,$,$,(#14525),#14526);
#14528=IFCCARTESIANPOINT((-21.380692653091476,-27.228391053194205,0.));
#14529=IFCDIRECTION((0.,0.,1.));
#14530=IFCDIRECTION((1.,0.,0.));
#14531=IFCAXIS2PLACEMENT3D(#14528,#14529,#14530);
#14532=IFCLOCALPLACEMENT(#253,#14531);
#14533=IFCCARTESIANPOINTLIST2D(((0.,0.),(0.65,0.),(0.65,0.65),(0.,0.65)));
#14534=IFCINDEXEDPOLYCURVE(#14533,(IFCLINEINDEX((1,2,3,4,1))),$);
#14535=IFCARBITRARYCLOSEDPROFILEDEF(.AREA.,$,#14534);
#14536=IFCCARTESIANPOINT((0.,0.,0.));
#14537=IFCDIRECTION((0.,0.,1.));
#14538=IFCDIRECTION((1.,0.,0.));
#14539=IFCAXIS2PLACEMENT3D(#14536,#14537,#14538);
#14540=IFCDIRECTION((0.,0.,1.));
#14541=IFCEXTRUDEDAREASOLID(#14535,#14539,#14540,3.2300000000000075);
#14542=IFCSHAPEREPRESENTATION(#11,'Body','SweptSolid',(#14541));
#14543=IFCPRODUCTDEFINITIONSHAPE($,$,(#14542));
#14544=IFCCOLUMN('2yYaBY4V1GdBewtq4yYeaO',$,'Column Level 25 09','Perimeter column',$,#14551,#14562,$,$);
#14545=IFCMATERIALPROFILESETUSAGE(#285,$,$);
#14546=IFCRELASSOCIATESMATERIAL('2Dq3Uj7n1QDwMhQUH_Eayp',$,$,$,(#14544),#14545);
#14547=IFCCARTESIANPOINT((-12.429910123895478,-28.168333665825287,0.));
#14548=IFCDIRECTION((0.,0.,1.));
#14549=IFCDIRECTION((1.,0.,0.));
#14550=IFCAXIS2PLACEMENT3D(#14547,#14548,#14549);
#14551=IFCLOCALPLACEMENT(#253,#14550);
#14552=IFCCARTESIANPOINTLIST2D(((0.,0.),(0.65,0.),(0.65,0.65),(0.,0.65)));
#14553=IFCINDEXEDPOLYCURVE(#14552,(IFCLINEINDEX((1,2,3,4,1))),$);
#14554=IFCARBITRARYCLOSEDPROFILEDEF(.AREA.,$,#14553);
#14555=IFCCARTESIANPOINT((0.,0.,0.));
#14556=IFCDIRECTION((0.,0.,1.));
#14557=IFCDIRECTION((1.,0.,0.));
#14558=IFCAXIS2PLACEMENT3D(#14555,#14556,#14557);
#14559=IFCDIRECTION((0.,0.,1.));
#14560=IFCEXTRUDEDAREASOLID(#14554,#14558,#14559,3.2300000000000075);
#14561=IFCSHAPEREPRESENTATION(#11,'Body','SweptSolid',(#14560));
#14562=IFCPRODUCTDEFINITIONSHAPE($,$,(#14561));
#14563=IFCCOLUMN('1vwirz87jRIeKjH0kkBV9R',$,'Column Level 25 10','Perimeter column',$,#14570,#14581,$,$);
#14564=IFCMATERIALPROFILESETUSAGE(#285,$,$);
#14565=IFCRELASSOCIATESMATERIAL('1HESrP2l1QTQqAta1cOjMf',$,$,$,(#14563),#14564);
#14566=IFCCARTESIANPOINT((-11.724431652267338,-22.099096838459555,0.));
#14567=IFCDIRECTION((0.,0.,1.));
#14568=IFCDIRECTION((1.,0.,0.));
#14569=IFCAXIS2PLACEMENT3D(#14566,#14567,#14568);
#14570=IFCLOCALPLACEMENT(#253,#14569);
#14571=IFCCARTESIANPOINTLIST2D(((0.,0.),(0.65,0.),(0.65,0.65),(0.,0.65)));
#14572=IFCINDEXEDPOLYCURVE(#14571,(IFCLINEINDEX((1,2,3,4,1))),$);
#14573=IFCARBITRARYCLOSEDPROFILEDEF(.AREA.,$,#14572);
#14574=IFCCARTESIANPOINT((0.,0.,0.));
#14575=IFCDIRECTION((0.,0.,1.));
#14576=IFCDIRECTION((1.,0.,0.));
#14577=IFCAXIS2PLACEMENT3D(#14574,#14575,#14576);
#14578=IFCDIRECTION((0.,0.,1.));
#14579=IFCEXTRUDEDAREASOLID(#14573,#14577,#14578,3.2300000000000075);
#14580=IFCSHAPEREPRESENTATION(#11,'Body','SweptSolid',(#14579));
#14581=IFCPRODUCTDEFINITIONSHAPE($,$,(#14580));
#14582=IFCCOLUMN('1HmSuY$QzPMP8ffApuLWUC',$,'Column Level 25 11','Perimeter column',$,#14589,#14600,$,$);
#14583=IFCMATERIALPROFILESETUSAGE(#285,$,$);
#14584=IFCRELASSOCIATESMATERIAL('01izPIXOrGswiXn6WJBR1p',$,$,$,(#14582),#14583);
#14585=IFCCARTESIANPOINT((-2.9814874237498703,-24.215768531934845,0.));
#14586=IFCDIRECTION((0.,0.,1.));
#14587=IFCDIRECTION((1.,0.,0.));
#14588=IFCAXIS2PLACEMENT3D(#14585,#14586,#14587);
#14589=IFCLOCALPLACEMENT(#253,#14588);
#14590=IFCCARTESIANPOINTLIST2D(((0.,0.),(0.65,0.),(0.65,0.65),(0.,0.65)));
#14591=IFCINDEXEDPOLYCURVE(#14590,(IFCLINEINDEX((1,2,3,4,1))),$);
#14592=IFCARBITRARYCLOSEDPROFILEDEF(.AREA.,$,#14591);
#14593=IFCCARTESIANPOINT((0.,0.,0.));
#14594=IFCDIRECTION((0.,0.,1.));
#14595=IFCDIRECTION((1.,0.,0.));
#14596=IFCAXIS2PLACEMENT3D(#14593,#14594,#14595);
#14597=IFCDIRECTION((0.,0.,1.));
#14598=IFCEXTRUDEDAREASOLID(#14592,#14596,#14597,3.2300000000000075);
#14599=IFCSHAPEREPRESENTATION(#11,'Body','SweptSolid',(#14598));
#14600=IFCPRODUCTDEFINITIONSHAPE($,$,(#14599));
#14601=IFCCOLUMN('00eN9RjtDJqf26vK9QtJ25',$,'Column Level 25 12','Perimeter column',$,#14608,#14619,$,$);
#14602=IFCMATERIALPROFILESETUSAGE(#285,$,$);
#14603=IFCRELASSOCIATESMATERIAL('03J8W8_GDPwOddWTGcJ06r',$,$,$,(#14601),#14602);
#14604=IFCCARTESIANPOINT((5.9369549179915,-25.335632170436124,0.));
#14605=IFCDIRECTION((0.,0.,1.));
#14606=IFCDIRECTION((1.,0.,0.));
#14607=IFCAXIS2PLACEMENT3D(#14604,#14605,#14606);
#14608=IFCLOCALPLACEMENT(#253,#14607);
#14609=IFCCARTESIANPOINTLIST2D(((0.,0.),(0.65,0.),(0.65,0.65),(0.,0.65)));
#14610=IFCINDEXEDPOLYCURVE(#14609,(IFCLINEINDEX((1,2,3,4,1))),$);
#14611=IFCARBITRARYCLOSEDPROFILEDEF(.AREA.,$,#14610);
#14612=IFCCARTESIANPOINT((0.,0.,0.));
#14613=IFCDIRECTION((0.,0.,1.));
#14614=IFCDIRECTION((1.,0.,0.));
#14615=IFCAXIS2PLACEMENT3D(#14612,#14613,#14614);
#14616=IFCDIRECTION((0.,0.,1.));
#14617=IFCEXTRUDEDAREASOLID(#14611,#14615,#14616,3.2300000000000075);
#14618=IFCSHAPEREPRESENTATION(#11,'Body','SweptSolid',(#14617));
#14619=IFCPRODUCTDEFINITIONSHAPE($,$,(#14618));
#14620=IFCCOLUMN('1Yuhy4z1jRbPmPXPh132JD',$,'Column Level 25 13','Perimeter column',$,#14627,#14638,$,$);
#14621=IFCMATERIALPROFILESETUSAGE(#285,$,$);
#14622=IFCRELASSOCIATESMATERIAL('19NiAUlvXQiAm0i5NMO4Y4',$,$,$,(#14620),#14621);
#14623=IFCCARTESIANPOINT((14.904273711671928,-24.945192918997716,0.));
#14624=IFCDIRECTION((0.,0.,1.));
#14625=IFCDIRECTION((1.,0.,0.));
#14626=IFCAXIS2PLACEMENT3D(#14623,#14624,#14625);
#14627=IFCLOCALPLACEMENT(#253,#14626);
#14628=IFCCARTESIANPOINTLIST2D(((0.,0.),(0.65,0.),(0.65,0.65),(0.,0.65)));
#14629=IFCINDEXEDPOLYCURVE(#14628,(IFCLINEINDEX((1,2,3,4,1))),$);
#14630=IFCARBITRARYCLOSEDPROFILEDEF(.AREA.,$,#14629);
#14631=IFCCARTESIANPOINT((0.,0.,0.));
#14632=IFCDIRECTION((0.,0.,1.));
#14633=IFCDIRECTION((1.,0.,0.));
#14634=IFCAXIS2PLACEMENT3D(#14631,#14632,#14633);
#14635=IFCDIRECTION((0.,0.,1.));
#14636=IFCEXTRUDEDAREASOLID(#14630,#14634,#14635,3.2300000000000075);
#14637=IFCSHAPEREPRESENTATION(#11,'Body','SweptSolid',(#14636));
#14638=IFCPRODUCTDEFINITIONSHAPE($,$,(#14637));
#14639=IFCCOLUMN('0K8ExIEZfJTOAgbph$$mCD',$,'Column Level 25 14','Perimeter column',$,#14646,#14657,$,$);
#14640=IFCMATERIALPROFILESETUSAGE(#285,$,$);
#14641=IFCRELASSOCIATESMATERIAL('19w1iUZdvSpx2mksnE7a3D',$,$,$,(#14639),#14640);
#14642=IFCCARTESIANPOINT((14.88422535420699,-19.074638168181874,0.));
#14643=IFCDIRECTION((0.,0.,1.));
#14644=IFCDIRECTION((1.,0.,0.));
#14645=IFCAXIS2PLACEMENT3D(#14642,#14643,#14644);
#14646=IFCLOCALPLACEMENT(#253,#14645);
#14647=IFCCARTESIANPOINTLIST2D(((0.,0.),(0.65,0.),(0.65,0.65),(0.,0.65)));
#14648=IFCINDEXEDPOLYCURVE(#14647,(IFCLINEINDEX((1,2,3,4,1))),$);
#14649=IFCARBITRARYCLOSEDPROFILEDEF(.AREA.,$,#14648);
#14650=IFCCARTESIANPOINT((0.,0.,0.));
#14651=IFCDIRECTION((0.,0.,1.));
#14652=IFCDIRECTION((1.,0.,0.));
#14653=IFCAXIS2PLACEMENT3D(#14650,#14651,#14652);
#14654=IFCDIRECTION((0.,0.,1.));
#14655=IFCEXTRUDEDAREASOLID(#14649,#14653,#14654,3.2300000000000075);
#14656=IFCSHAPEREPRESENTATION(#11,'Body','SweptSolid',(#14655));
#14657=IFCPRODUCTDEFINITIONSHAPE($,$,(#14656));
#14658=IFCCOLUMN('0r9pRrtgDLMxCJC5yjOh1N',$,'Column Level 25 15','Perimeter column',$,#14665,#14676,$,$);
#14659=IFCMATERIALPROFILESETUSAGE(#285,$,$);
#14660=IFCRELASSOCIATESMATERIAL('0BKdsZsX5UORLKPa7Lk0I4',$,$,$,(#14658),#14659);
#14661=IFCCARTESIANPOINT((11.537188918442151,-13.741495774195098,0.));
#14662=IFCDIRECTION((0.,0.,1.));
#14663=IFCDIRECTION((1.,0.,0.));
#14664=IFCAXIS2PLACEMENT3D(#14661,#14662,#14663);
#14665=IFCLOCALPLACEMENT(#253,#14664);
#14666=IFCCARTESIANPOINTLIST2D(((0.,0.),(0.65,0.),(0.65,0.65),(0.,0.65)));
#14667=IFCINDEXEDPOLYCURVE(#14666,(IFCLINEINDEX((1,2,3,4,1))),$);
#14668=IFCARBITRARYCLOSEDPROFILEDEF(.AREA.,$,#14667);
#14669=IFCCARTESIANPOINT((0.,0.,0.));
#14670=IFCDIRECTION((0.,0.,1.));
#14671=IFCDIRECTION((1.,0.,0.));
#14672=IFCAXIS2PLACEMENT3D(#14669,#14670,#14671);
#14673=IFCDIRECTION((0.,0.,1.));
#14674=IFCEXTRUDEDAREASOLID(#14668,#14672,#14673,3.2300000000000075);
#14675=IFCSHAPEREPRESENTATION(#11,'Body','SweptSolid',(#14674));
#14676=IFCPRODUCTDEFINITIONSHAPE($,$,(#14675));
#14677=IFCCOLUMN('0Nybq2PpbNcuTbkW0redh_',$,'Column Level 25 16','Perimeter column',$,#14684,#14695,$,$);
#14678=IFCMATERIALPROFILESETUSAGE(#285,$,$);
#14679=IFCRELASSOCIATESMATERIAL('3X8kX7sMfUdfLVAGGJxm6b',$,$,$,(#14677),#14678);
#14680=IFCCARTESIANPOINT((2.8068956292103495,-11.585702921859452,0.));
#14681=IFCDIRECTION((0.,0.,1.));
#14682=IFCDIRECTION((1.,0.,0.));
#14683=IFCAXIS2PLACEMENT3D(#14680,#14681,#14682);
#14684=IFCLOCALPLACEMENT(#253,#14683);
#14685=IFCCARTESIANPOINTLIST2D(((0.,0.),(0.65,0.),(0.65,0.65),(0.,0.65)));
#14686=IFCINDEXEDPOLYCURVE(#14685,(IFCLINEINDEX((1,2,3,4,1))),$);
#14687=IFCARBITRARYCLOSEDPROFILEDEF(.AREA.,$,#14686);
#14688=IFCCARTESIANPOINT((0.,0.,0.));
#14689=IFCDIRECTION((0.,0.,1.));
#14690=IFCDIRECTION((1.,0.,0.));
#14691=IFCAXIS2PLACEMENT3D(#14688,#14689,#14690);
#14692=IFCDIRECTION((0.,0.,1.));
#14693=IFCEXTRUDEDAREASOLID(#14687,#14691,#14692,3.2300000000000075);
#14694=IFCSHAPEREPRESENTATION(#11,'Body','SweptSolid',(#14693));
#14695=IFCPRODUCTDEFINITIONSHAPE($,$,(#14694));
#14696=IFCCOLUMN('3mFyWoJCTI6A$hV1aVdfg5',$,'Column Level 25 17','Perimeter column',$,#14703,#14714,$,$);
#14697=IFCMATERIALPROFILESETUSAGE(#285,$,$);
#14698=IFCRELASSOCIATESMATERIAL('1Q40CQIfXQgwuVBALyo5gn',$,$,$,(#14696),#14697);
#14699=IFCCARTESIANPOINT((-6.144121051015346,-10.694660111784088,0.));
#14700=IFCDIRECTION((0.,0.,1.));
#14701=IFCDIRECTION((1.,0.,0.));
#14702=IFCAXIS2PLACEMENT3D(#14699,#14700,#14701);
#14703=IFCLOCALPLACEMENT(#253,#14702);
#14704=IFCCARTESIANPOINTLIST2D(((0.,0.),(0.65,0.),(0.65,0.65),(0.,0.65)));
#14705=IFCINDEXEDPOLYCURVE(#14704,(IFCLINEINDEX((1,2,3,4,1))),$);
#14706=IFCARBITRARYCLOSEDPROFILEDEF(.AREA.,$,#14705);
#14707=IFCCARTESIANPOINT((0.,0.,0.));
#14708=IFCDIRECTION((0.,0.,1.));
#14709=IFCDIRECTION((1.,0.,0.));
#14710=IFCAXIS2PLACEMENT3D(#14707,#14708,#14709);
#14711=IFCDIRECTION((0.,0.,1.));
#14712=IFCEXTRUDEDAREASOLID(#14706,#14710,#14711,3.2300000000000075);
#14713=IFCSHAPEREPRESENTATION(#11,'Body','SweptSolid',(#14712));
#14714=IFCPRODUCTDEFINITIONSHAPE($,$,(#14713));
#14715=IFCCOLUMN('35N9MjEmPHfB0$d4uVENVY',$,'Column Level 25 18','Perimeter column',$,#14722,#14733,$,$);
#14716=IFCMATERIALPROFILESETUSAGE(#285,$,$);
#14717=IFCRELASSOCIATESMATERIAL('2QZ9vTEmLVcvPNCqJX5sQE',$,$,$,(#14715),#14716);
#14718=IFCCARTESIANPOINT((-8.655487929643279,-7.663684761375364,0.));
#14719=IFCDIRECTION((0.,0.,1.));
#14720=IFCDIRECTION((1.,0.,0.));
#14721=IFCAXIS2PLACEMENT3D(#14718,#14719,#14720);
#14722=IFCLOCALPLACEMENT(#253,#14721);
#14723=IFCCARTESIANPOINTLIST2D(((0.,0.),(0.65,0.),(0.65,0.65),(0.,0.65)));
#14724=IFCINDEXEDPOLYCURVE(#14723,(IFCLINEINDEX((1,2,3,4,1))),$);
#14725=IFCARBITRARYCLOSEDPROFILEDEF(.AREA.,$,#14724);
#14726=IFCCARTESIANPOINT((0.,0.,0.));
#14727=IFCDIRECTION((0.,0.,1.));
#14728=IFCDIRECTION((1.,0.,0.));
#14729=IFCAXIS2PLACEMENT3D(#14726,#14727,#14728);
#14730=IFCDIRECTION((0.,0.,1.));
#14731=IFCEXTRUDEDAREASOLID(#14725,#14729,#14730,3.2300000000000075);
#14732=IFCSHAPEREPRESENTATION(#11,'Body','SweptSolid',(#14731));
#14733=IFCPRODUCTDEFINITIONSHAPE($,$,(#14732));
#14734=IFCCOLUMN('0wTAiHoUPPRAzUTMFhIkI1',$,'Column Level 26 01','Perimeter column',$,#14741,#14752,$,$);
#14735=IFCMATERIALPROFILESETUSAGE(#285,$,$);
#14736=IFCRELASSOCIATESMATERIAL('2h4YejQgzJER1tyHvfx9y7',$,$,$,(#14734),#14735);
#14737=IFCCARTESIANPOINT((-7.516,-3.988,0.));
#14738=IFCDIRECTION((0.,0.,1.));
#14739=IFCDIRECTION((1.,0.,0.));
#14740=IFCAXIS2PLACEMENT3D(#14737,#14738,#14739);
#14741=IFCLOCALPLACEMENT(#260,#14740);
#14742=IFCCARTESIANPOINTLIST2D(((0.,0.),(0.65,0.),(0.65,0.65),(0.,0.65)));
#14743=IFCINDEXEDPOLYCURVE(#14742,(IFCLINEINDEX((1,2,3,4,1))),$);
#14744=IFCARBITRARYCLOSEDPROFILEDEF(.AREA.,$,#14743);
#14745=IFCCARTESIANPOINT((0.,0.,0.));
#14746=IFCDIRECTION((0.,0.,1.));
#14747=IFCDIRECTION((1.,0.,0.));
#14748=IFCAXIS2PLACEMENT3D(#14745,#14746,#14747);
#14749=IFCDIRECTION((0.,0.,1.));
#14750=IFCEXTRUDEDAREASOLID(#14744,#14748,#14749,3.2299999999999933);
#14751=IFCSHAPEREPRESENTATION(#11,'Body','SweptSolid',(#14750));
#14752=IFCPRODUCTDEFINITIONSHAPE($,$,(#14751));
#14753=IFCCOLUMN('1Oilsy3u5RVwodwk_dpthT',$,'Column Level 26 02','Perimeter column',$,#14760,#14771,$,$);
#14754=IFCMATERIALPROFILESETUSAGE(#285,$,$);
#14755=IFCRELASSOCIATESMATERIAL('1X1nEvx15RxBeamJ2LJEJC',$,$,$,(#14753),#14754);
#14756=IFCCARTESIANPOINT((-16.406191418935517,-2.5863950147472714,0.));
#14757=IFCDIRECTION((0.,0.,1.));
#14758=IFCDIRECTION((1.,0.,0.));
#14759=IFCAXIS2PLACEMENT3D(#14756,#14757,#14758);
#14760=IFCLOCALPLACEMENT(#260,#14759);
#14761=IFCCARTESIANPOINTLIST2D(((0.,0.),(0.65,0.),(0.65,0.65),(0.,0.65)));
#14762=IFCINDEXEDPOLYCURVE(#14761,(IFCLINEINDEX((1,2,3,4,1))),$);
#14763=IFCARBITRARYCLOSEDPROFILEDEF(.AREA.,$,#14762);
#14764=IFCCARTESIANPOINT((0.,0.,0.));
#14765=IFCDIRECTION((0.,0.,1.));
#14766=IFCDIRECTION((1.,0.,0.));
#14767=IFCAXIS2PLACEMENT3D(#14764,#14765,#14766);
#14768=IFCDIRECTION((0.,0.,1.));
#14769=IFCEXTRUDEDAREASOLID(#14763,#14767,#14768,3.2299999999999933);
#14770=IFCSHAPEREPRESENTATION(#11,'Body','SweptSolid',(#14769));
#14771=IFCPRODUCTDEFINITIONSHAPE($,$,(#14770));
#14772=IFCCOLUMN('0hXiieGF9SS8fWT2JFzWoo',$,'Column Level 26 03','Perimeter column',$,#14779,#14790,$,$);
#14773=IFCMATERIALPROFILESETUSAGE(#285,$,$);
#14774=IFCRELASSOCIATESMATERIAL('3aS03OjPDQ5gAs0Yl9bKaA',$,$,$,(#14772),#14773);
#14775=IFCCARTESIANPOINT((-25.296382837871032,-1.1847900294945426,0.));
#14776=IFCDIRECTION((0.,0.,1.));
#14777=IFCDIRECTION((1.,0.,0.));
#14778=IFCAXIS2PLACEMENT3D(#14775,#14776,#14777);
#14779=IFCLOCALPLACEMENT(#260,#14778);
#14780=IFCCARTESIANPOINTLIST2D(((0.,0.),(0.65,0.),(0.65,0.65),(0.,0.65)));
#14781=IFCINDEXEDPOLYCURVE(#14780,(IFCLINEINDEX((1,2,3,4,1))),$);
#14782=IFCARBITRARYCLOSEDPROFILEDEF(.AREA.,$,#14781);
#14783=IFCCARTESIANPOINT((0.,0.,0.));
#14784=IFCDIRECTION((0.,0.,1.));
#14785=IFCDIRECTION((1.,0.,0.));
#14786=IFCAXIS2PLACEMENT3D(#14783,#14784,#14785);
#14787=IFCDIRECTION((0.,0.,1.));
#14788=IFCEXTRUDEDAREASOLID(#14782,#14786,#14787,3.2299999999999933);
#14789=IFCSHAPEREPRESENTATION(#11,'Body','SweptSolid',(#14788));
#14790=IFCPRODUCTDEFINITIONSHAPE($,$,(#14789));
#14791=IFCCOLUMN('05rs8WRaPQEOtiVw33zrLV',$,'Column Level 26 04','Perimeter column',$,#14798,#14809,$,$);
#14792=IFCMATERIALPROFILESETUSAGE(#285,$,$);
#14793=IFCRELASSOCIATESMATERIAL('3AbqAYRNHRJh_$rO4Pc7hL',$,$,$,(#14791),#14792);
#14794=IFCCARTESIANPOINT((-30.676334548387143,-4.481405879518428,0.));
#14795=IFCDIRECTION((0.,0.,1.));
#14796=IFCDIRECTION((1.,0.,0.));
#14797=IFCAXIS2PLACEMENT3D(#14794,#14795,#14796);
#14798=IFCLOCALPLACEMENT(#260,#14797);
#14799=IFCCARTESIANPOINTLIST2D(((0.,0.),(0.65,0.),(0.65,0.65),(0.,0.65)));
#14800=IFCINDEXEDPOLYCURVE(#14799,(IFCLINEINDEX((1,2,3,4,1))),$);
#14801=IFCARBITRARYCLOSEDPROFILEDEF(.AREA.,$,#14800);
#14802=IFCCARTESIANPOINT((0.,0.,0.));
#14803=IFCDIRECTION((0.,0.,1.));
#14804=IFCDIRECTION((1.,0.,0.));
#14805=IFCAXIS2PLACEMENT3D(#14802,#14803,#14804);
#14806=IFCDIRECTION((0.,0.,1.));
#14807=IFCEXTRUDEDAREASOLID(#14801,#14805,#14806,3.2299999999999933);
#14808=IFCSHAPEREPRESENTATION(#11,'Body','SweptSolid',(#14807));
#14809=IFCPRODUCTDEFINITIONSHAPE($,$,(#14808));
#14810=IFCCOLUMN('3RdpLLIwTL3AWVA_c7bGNj',$,'Column Level 26 05','Perimeter column',$,#14817,#14828,$,$);
#14811=IFCMATERIALPROFILESETUSAGE(#285,$,$);
#14812=IFCRELASSOCIATESMATERIAL('3liXGtbVXRsBZ20eJPEi0g',$,$,$,(#14810),#14811);
#14813=IFCCARTESIANPOINT((-31.852737774782963,-13.404189943302866,0.));
#14814=IFCDIRECTION((0.,0.,1.));
#14815=IFCDIRECTION((1.,0.,0.));
#14816=IFCAXIS2PLACEMENT3D(#14813,#14814,#14815);
#14817=IFCLOCALPLACEMENT(#260,#14816);
#14818=IFCCARTESIANPOINTLIST2D(((0.,0.),(0.65,0.),(0.65,0.65),(0.,0.65)));
#14819=IFCINDEXEDPOLYCURVE(#14818,(IFCLINEINDEX((1,2,3,4,1))),$);
#14820=IFCARBITRARYCLOSEDPROFILEDEF(.AREA.,$,#14819);
#14821=IFCCARTESIANPOINT((0.,0.,0.));
#14822=IFCDIRECTION((0.,0.,1.));
#14823=IFCDIRECTION((1.,0.,0.));
#14824=IFCAXIS2PLACEMENT3D(#14821,#14822,#14823);
#14825=IFCDIRECTION((0.,0.,1.));
#14826=IFCEXTRUDEDAREASOLID(#14820,#14824,#14825,3.2299999999999933);
#14827=IFCSHAPEREPRESENTATION(#11,'Body','SweptSolid',(#14826));
#14828=IFCPRODUCTDEFINITIONSHAPE($,$,(#14827));
#14829=IFCCOLUMN('2jdJK48BDN3R4E$WQ4yIxW',$,'Column Level 26 06','Perimeter column',$,#14836,#14847,$,$);
#14830=IFCMATERIALPROFILESETUSAGE(#285,$,$);
#14831=IFCRELASSOCIATESMATERIAL('1pJK1SBzvRwP$GAgOMDNql',$,$,$,(#14829),#14830);
#14832=IFCCARTESIANPOINT((-33.029141001178786,-22.326974007087298,0.));
#14833=IFCDIRECTION((0.,0.,1.));
#14834=IFCDIRECTION((1.,0.,0.));
#14835=IFCAXIS2PLACEMENT3D(#14832,#14833,#14834);
#14836=IFCLOCALPLACEMENT(#260,#14835);
#14837=IFCCARTESIANPOINTLIST2D(((0.,0.),(0.65,0.),(0.65,0.65),(0.,0.65)));
#14838=IFCINDEXEDPOLYCURVE(#14837,(IFCLINEINDEX((1,2,3,4,1))),$);
#14839=IFCARBITRARYCLOSEDPROFILEDEF(.AREA.,$,#14838);
#14840=IFCCARTESIANPOINT((0.,0.,0.));
#14841=IFCDIRECTION((0.,0.,1.));
#14842=IFCDIRECTION((1.,0.,0.));
#14843=IFCAXIS2PLACEMENT3D(#14840,#14841,#14842);
#14844=IFCDIRECTION((0.,0.,1.));
#14845=IFCEXTRUDEDAREASOLID(#14839,#14843,#14844,3.2299999999999933);
#14846=IFCSHAPEREPRESENTATION(#11,'Body','SweptSolid',(#14845));
#14847=IFCPRODUCTDEFINITIONSHAPE($,$,(#14846));
#14848=IFCCOLUMN('2yUxG4_tbSdhQMVEJLutzY',$,'Column Level 26 07','Perimeter column',$,#14855,#14866,$,$);
#14849=IFCMATERIALPROFILESETUSAGE(#285,$,$);
#14850=IFCRELASSOCIATESMATERIAL('2_RpHDc5fR7grfcIaaqU2I',$,$,$,(#14848),#14849);
#14851=IFCCARTESIANPOINT((-27.081009082921685,-25.629069141995547,0.));
#14852=IFCDIRECTION((0.,0.,1.));
#14853=IFCDIRECTION((1.,0.,0.));
#14854=IFCAXIS2PLACEMENT3D(#14851,#14852,#14853);
#14855=IFCLOCALPLACEMENT(#260,#14854);
#14856=IFCCARTESIANPOINTLIST2D(((0.,0.),(0.65,0.),(0.65,0.65),(0.,0.65)));
#14857=IFCINDEXEDPOLYCURVE(#14856,(IFCLINEINDEX((1,2,3,4,1))),$);
#14858=IFCARBITRARYCLOSEDPROFILEDEF(.AREA.,$,#14857);
#14859=IFCCARTESIANPOINT((0.,0.,0.));
#14860=IFCDIRECTION((0.,0.,1.));
#14861=IFCDIRECTION((1.,0.,0.));
#14862=IFCAXIS2PLACEMENT3D(#14859,#14860,#14861);
#14863=IFCDIRECTION((0.,0.,1.));
#14864=IFCEXTRUDEDAREASOLID(#14858,#14862,#14863,3.2299999999999933);
#14865=IFCSHAPEREPRESENTATION(#11,'Body','SweptSolid',(#14864));
#14866=IFCPRODUCTDEFINITIONSHAPE($,$,(#14865));
#14867=IFCCOLUMN('3zIGJ1muDQpOF2Bsdw7QgR',$,'Column Level 26 08','Perimeter column',$,#14874,#14885,$,$);
#14868=IFCMATERIALPROFILESETUSAGE(#285,$,$);
#14869=IFCRELASSOCIATESMATERIAL('28G6PYD7DGMO4fMfW4j0uZ',$,$,$,(#14867),#14868);
#14870=IFCCARTESIANPOINT((-18.129462827627137,-26.561710358821287,0.));
#14871=IFCDIRECTION((0.,0.,1.));
#14872=IFCDIRECTION((1.,0.,0.));
#14873=IFCAXIS2PLACEMENT3D(#14870,#14871,#14872);
#14874=IFCLOCALPLACEMENT(#260,#14873);
#14875=IFCCARTESIANPOINTLIST2D(((0.,0.),(0.65,0.),(0.65,0.65),(0.,0.65)));
#14876=IFCINDEXEDPOLYCURVE(#14875,(IFCLINEINDEX((1,2,3,4,1))),$);
#14877=IFCARBITRARYCLOSEDPROFILEDEF(.AREA.,$,#14876);
#14878=IFCCARTESIANPOINT((0.,0.,0.));
#14879=IFCDIRECTION((0.,0.,1.));
#14880=IFCDIRECTION((1.,0.,0.));
#14881=IFCAXIS2PLACEMENT3D(#14878,#14879,#14880);
#14882=IFCDIRECTION((0.,0.,1.));
#14883=IFCEXTRUDEDAREASOLID(#14877,#14881,#14882,3.2299999999999933);
#14884=IFCSHAPEREPRESENTATION(#11,'Body','SweptSolid',(#14883));
#14885=IFCPRODUCTDEFINITIONSHAPE($,$,(#14884));
#14886=IFCCOLUMN('3hmpJaeqzLcPdWNTiXks8k',$,'Column Level 26 09','Perimeter column',$,#14893,#14904,$,$);
#14887=IFCMATERIALPROFILESETUSAGE(#285,$,$);
#14888=IFCRELASSOCIATESMATERIAL('0HtbfCDmjMah7MqbYgrKuc',$,$,$,(#14886),#14887);
#14889=IFCCARTESIANPOINT((-10.352589943113955,-25.918148879836924,0.));
#14890=IFCDIRECTION((0.,0.,1.));
#14891=IFCDIRECTION((1.,0.,0.));
#14892=IFCAXIS2PLACEMENT3D(#14889,#14890,#14891);
#14893=IFCLOCALPLACEMENT(#260,#14892);
#14894=IFCCARTESIANPOINTLIST2D(((0.,0.),(0.65,0.),(0.65,0.65),(0.,0.65)));
#14895=IFCINDEXEDPOLYCURVE(#14894,(IFCLINEINDEX((1,2,3,4,1))),$);
#14896=IFCARBITRARYCLOSEDPROFILEDEF(.AREA.,$,#14895);
#14897=IFCCARTESIANPOINT((0.,0.,0.));
#14898=IFCDIRECTION((0.,0.,1.));
#14899=IFCDIRECTION((1.,0.,0.));
#14900=IFCAXIS2PLACEMENT3D(#14897,#14898,#14899);
#14901=IFCDIRECTION((0.,0.,1.));
#14902=IFCEXTRUDEDAREASOLID(#14896,#14900,#14901,3.2299999999999933);
#14903=IFCSHAPEREPRESENTATION(#11,'Body','SweptSolid',(#14902));
#14904=IFCPRODUCTDEFINITIONSHAPE($,$,(#14903));
#14905=IFCCOLUMN('0VYtV668XVVw2so9f$cJPr',$,'Column Level 26 10','Perimeter column',$,#14912,#14923,$,$);
#14906=IFCMATERIALPROFILESETUSAGE(#285,$,$);
#14907=IFCRELASSOCIATESMATERIAL('0$CglBBh5LEfDBo$dJxMW5',$,$,$,(#14905),#14906);
#14908=IFCCARTESIANPOINT((-8.271953506424635,-22.074818426933582,0.));
#14909=IFCDIRECTION((0.,0.,1.));
#14910=IFCDIRECTION((1.,0.,0.));
#14911=IFCAXIS2PLACEMENT3D(#14908,#14909,#14910);
#14912=IFCLOCALPLACEMENT(#260,#14911);
#14913=IFCCARTESIANPOINTLIST2D(((0.,0.),(0.65,0.),(0.65,0.65),(0.,0.65)));
#14914=IFCINDEXEDPOLYCURVE(#14913,(IFCLINEINDEX((1,2,3,4,1))),$);
#14915=IFCARBITRARYCLOSEDPROFILEDEF(.AREA.,$,#14914);
#14916=IFCCARTESIANPOINT((0.,0.,0.));
#14917=IFCDIRECTION((0.,0.,1.));
#14918=IFCDIRECTION((1.,0.,0.));
#14919=IFCAXIS2PLACEMENT3D(#14916,#14917,#14918);
#14920=IFCDIRECTION((0.,0.,1.));
#14921=IFCEXTRUDEDAREASOLID(#14915,#14919,#14920,3.2299999999999933);
#14922=IFCSHAPEREPRESENTATION(#11,'Body','SweptSolid',(#14921));
#14923=IFCPRODUCTDEFINITIONSHAPE($,$,(#14922));
#14924=IFCCOLUMN('1vEcVK2U5I$9U8RH8PuMh5',$,'Column Level 26 11','Perimeter column',$,#14931,#14942,$,$);
#14925=IFCMATERIALPROFILESETUSAGE(#285,$,$);
#14926=IFCRELASSOCIATESMATERIAL('3Ydw4SEMvNsgYfpnvj$$dr',$,$,$,(#14924),#14925);
#14927=IFCCARTESIANPOINT((0.5218502152708215,-23.961272449579464,0.));
#14928=IFCDIRECTION((0.,0.,1.));
#14929=IFCDIRECTION((1.,0.,0.));
#14930=IFCAXIS2PLACEMENT3D(#14927,#14928,#14929);
#14931=IFCLOCALPLACEMENT(#260,#14930);
#14932=IFCCARTESIANPOINTLIST2D(((0.,0.),(0.65,0.),(0.65,0.65),(0.,0.65)));
#14933=IFCINDEXEDPOLYCURVE(#14932,(IFCLINEINDEX((1,2,3,4,1))),$);
#14934=IFCARBITRARYCLOSEDPROFILEDEF(.AREA.,$,#14933);
#14935=IFCCARTESIANPOINT((0.,0.,0.));
#14936=IFCDIRECTION((0.,0.,1.));
#14937=IFCDIRECTION((1.,0.,0.));
#14938=IFCAXIS2PLACEMENT3D(#14935,#14936,#14937);
#14939=IFCDIRECTION((0.,0.,1.));
#14940=IFCEXTRUDEDAREASOLID(#14934,#14938,#14939,3.2299999999999933);
#14941=IFCSHAPEREPRESENTATION(#11,'Body','SweptSolid',(#14940));
#14942=IFCPRODUCTDEFINITIONSHAPE($,$,(#14941));
#14943=IFCCOLUMN('1BM5dKDK9RCv0VIU60WP7e',$,'Column Level 26 12','Perimeter column',$,#14950,#14961,$,$);
#14944=IFCMATERIALPROFILESETUSAGE(#285,$,$);
#14945=IFCRELASSOCIATESMATERIAL('0$FV0gU8HJZh2qQ$3cWEBo',$,$,$,(#14943),#14944);
#14946=IFCCARTESIANPOINT((9.482355053398074,-24.593664240960923,0.));
#14947=IFCDIRECTION((0.,0.,1.));
#14948=IFCDIRECTION((1.,0.,0.));
#14949=IFCAXIS2PLACEMENT3D(#14946,#14947,#14948);
#14950=IFCLOCALPLACEMENT(#260,#14949);
#14951=IFCCARTESIANPOINTLIST2D(((0.,0.),(0.65,0.),(0.65,0.65),(0.,0.65)));
#14952=IFCINDEXEDPOLYCURVE(#14951,(IFCLINEINDEX((1,2,3,4,1))),$);
#14953=IFCARBITRARYCLOSEDPROFILEDEF(.AREA.,$,#14952);
#14954=IFCCARTESIANPOINT((0.,0.,0.));
#14955=IFCDIRECTION((0.,0.,1.));
#14956=IFCDIRECTION((1.,0.,0.));
#14957=IFCAXIS2PLACEMENT3D(#14954,#14955,#14956);
#14958=IFCDIRECTION((0.,0.,1.));
#14959=IFCEXTRUDEDAREASOLID(#14953,#14957,#14958,3.2299999999999933);
#14960=IFCSHAPEREPRESENTATION(#11,'Body','SweptSolid',(#14959));
#14961=IFCPRODUCTDEFINITIONSHAPE($,$,(#14960));
#14962=IFCCOLUMN('2hm8e2p_DMnOb6e3T7q4Xa',$,'Column Level 26 13','Perimeter column',$,#14969,#14980,$,$);
#14963=IFCMATERIALPROFILESETUSAGE(#285,$,$);
#14964=IFCRELASSOCIATESMATERIAL('3eV$PJpU9TnwEGE_nNkKGL',$,$,$,(#14962),#14963);
#14965=IFCCARTESIANPOINT((14.76186279628791,-21.076962950323416,0.));
#14966=IFCDIRECTION((0.,0.,1.));
#14967=IFCDIRECTION((1.,0.,0.));
#14968=IFCAXIS2PLACEMENT3D(#14965,#14966,#14967);
#14969=IFCLOCALPLACEMENT(#260,#14968);
#14970=IFCCARTESIANPOINTLIST2D(((0.,0.),(0.65,0.),(0.65,0.65),(0.,0.65)));
#14971=IFCINDEXEDPOLYCURVE(#14970,(IFCLINEINDEX((1,2,3,4,1))),$);
#14972=IFCARBITRARYCLOSEDPROFILEDEF(.AREA.,$,#14971);
#14973=IFCCARTESIANPOINT((0.,0.,0.));
#14974=IFCDIRECTION((0.,0.,1.));
#14975=IFCDIRECTION((1.,0.,0.));
#14976=IFCAXIS2PLACEMENT3D(#14973,#14974,#14975);
#14977=IFCDIRECTION((0.,0.,1.));
#14978=IFCEXTRUDEDAREASOLID(#14972,#14976,#14977,3.2299999999999933);
#14979=IFCSHAPEREPRESENTATION(#11,'Body','SweptSolid',(#14978));
#14980=IFCPRODUCTDEFINITIONSHAPE($,$,(#14979));
#14981=IFCCOLUMN('0iBExcK5HIGwP0C1nDqK_B',$,'Column Level 26 14','Perimeter column',$,#14988,#14999,$,$);
#14982=IFCMATERIALPROFILESETUSAGE(#285,$,$);
#14983=IFCRELASSOCIATESMATERIAL('1BGLaI791UQhKtQKNgomi5',$,$,$,(#14981),#14982);
#14984=IFCCARTESIANPOINT((16.227478706761495,-15.196928979969258,0.));
#14985=IFCDIRECTION((0.,0.,1.));
#14986=IFCDIRECTION((1.,0.,0.));
#14987=IFCAXIS2PLACEMENT3D(#14984,#14985,#14986);
#14988=IFCLOCALPLACEMENT(#260,#14987);
#14989=IFCCARTESIANPOINTLIST2D(((0.,0.),(0.65,0.),(0.65,0.65),(0.,0.65)));
#14990=IFCINDEXEDPOLYCURVE(#14989,(IFCLINEINDEX((1,2,3,4,1))),$);
#14991=IFCARBITRARYCLOSEDPROFILEDEF(.AREA.,$,#14990);
#14992=IFCCARTESIANPOINT((0.,0.,0.));
#14993=IFCDIRECTION((0.,0.,1.));
#14994=IFCDIRECTION((1.,0.,0.));
#14995=IFCAXIS2PLACEMENT3D(#14992,#14993,#14994);
#14996=IFCDIRECTION((0.,0.,1.));
#14997=IFCEXTRUDEDAREASOLID(#14991,#14995,#14996,3.2299999999999933);
#14998=IFCSHAPEREPRESENTATION(#11,'Body','SweptSolid',(#14997));
#14999=IFCPRODUCTDEFINITIONSHAPE($,$,(#14998));
#15000=IFCCOLUMN('3hRIXQ305IxRBka_P$OvCf',$,'Column Level 26 15','Perimeter column',$,#15007,#15018,$,$);
#15001=IFCMATERIALPROFILESETUSAGE(#285,$,$);
#15002=IFCRELASSOCIATESMATERIAL('0PcsOd_X9MTRDvulyga7QB',$,$,$,(#15000),#15001);
#15003=IFCCARTESIANPOINT((7.738026503981481,-12.29595577868033,0.));
#15004=IFCDIRECTION((0.,0.,1.));
#15005=IFCDIRECTION((1.,0.,0.));
#15006=IFCAXIS2PLACEMENT3D(#15003,#15004,#15005);
#15007=IFCLOCALPLACEMENT(#260,#15006);
#15008=IFCCARTESIANPOINTLIST2D(((0.,0.),(0.65,0.),(0.65,0.65),(0.,0.65)));
#15009=IFCINDEXEDPOLYCURVE(#15008,(IFCLINEINDEX((1,2,3,4,1))),$);
#15010=IFCARBITRARYCLOSEDPROFILEDEF(.AREA.,$,#15009);
#15011=IFCCARTESIANPOINT((0.,0.,0.));
#15012=IFCDIRECTION((0.,0.,1.));
#15013=IFCDIRECTION((1.,0.,0.));
#15014=IFCAXIS2PLACEMENT3D(#15011,#15012,#15013);
#15015=IFCDIRECTION((0.,0.,1.));
#15016=IFCEXTRUDEDAREASOLID(#15010,#15014,#15015,3.2299999999999933);
#15017=IFCSHAPEREPRESENTATION(#11,'Body','SweptSolid',(#15016));
#15018=IFCPRODUCTDEFINITIONSHAPE($,$,(#15017));
#15019=IFCCOLUMN('1h1Wau$ovH5Q2j9DVhv6op',$,'Column Level 26 16','Perimeter column',$,#15026,#15037,$,$);
#15020=IFCMATERIALPROFILESETUSAGE(#285,$,$);
#15021=IFCRELASSOCIATESMATERIAL('2abiytMifVPQmGN_uWorT5',$,$,$,(#15019),#15020);
#15022=IFCCARTESIANPOINT((-1.1125498799330098,-10.764279620118623,0.));
#15023=IFCDIRECTION((0.,0.,1.));
#15024=IFCDIRECTION((1.,0.,0.));
#15025=IFCAXIS2PLACEMENT3D(#15022,#15023,#15024);
#15026=IFCLOCALPLACEMENT(#260,#15025);
#15027=IFCCARTESIANPOINTLIST2D(((0.,0.),(0.65,0.),(0.65,0.65),(0.,0.65)));
#15028=IFCINDEXEDPOLYCURVE(#15027,(IFCLINEINDEX((1,2,3,4,1))),$);
#15029=IFCARBITRARYCLOSEDPROFILEDEF(.AREA.,$,#15028);
#15030=IFCCARTESIANPOINT((0.,0.,0.));
#15031=IFCDIRECTION((0.,0.,1.));
#15032=IFCDIRECTION((1.,0.,0.));
#15033=IFCAXIS2PLACEMENT3D(#15030,#15031,#15032);
#15034=IFCDIRECTION((0.,0.,1.));
#15035=IFCEXTRUDEDAREASOLID(#15029,#15033,#15034,3.2299999999999933);
#15036=IFCSHAPEREPRESENTATION(#11,'Body','SweptSolid',(#15035));
#15037=IFCPRODUCTDEFINITIONSHAPE($,$,(#15036));
#15038=IFCCOLUMN('1oeNqzr1rSdxnNtx8QMIYd',$,'Column Level 26 17','Perimeter column',$,#15045,#15056,$,$);
#15039=IFCMATERIALPROFILESETUSAGE(#285,$,$);
#15040=IFCRELASSOCIATESMATERIAL('2CzFLUrkPKoPL4FclpS1tw',$,$,$,(#15038),#15039);
#15041=IFCCARTESIANPOINT((-9.623090489519418,-9.832863139201212,0.));
#15042=IFCDIRECTION((0.,0.,1.));
#15043=IFCDIRECTION((1.,0.,0.));
#15044=IFCAXIS2PLACEMENT3D(#15041,#15042,#15043);
#15045=IFCLOCALPLACEMENT(#260,#15044);
#15046=IFCCARTESIANPOINTLIST2D(((0.,0.),(0.65,0.),(0.65,0.65),(0.,0.65)));
#15047=IFCINDEXEDPOLYCURVE(#15046,(IFCLINEINDEX((1,2,3,4,1))),$);
#15048=IFCARBITRARYCLOSEDPROFILEDEF(.AREA.,$,#15047);
#15049=IFCCARTESIANPOINT((0.,0.,0.));
#15050=IFCDIRECTION((0.,0.,1.));
#15051=IFCDIRECTION((1.,0.,0.));
#15052=IFCAXIS2PLACEMENT3D(#15049,#15050,#15051);
#15053=IFCDIRECTION((0.,0.,1.));
#15054=IFCEXTRUDEDAREASOLID(#15048,#15052,#15053,3.2299999999999933);
#15055=IFCSHAPEREPRESENTATION(#11,'Body','SweptSolid',(#15054));
#15056=IFCPRODUCTDEFINITIONSHAPE($,$,(#15055));
#15057=IFCPROPERTYSET('1QHVVdInLVUOp8wYRuILcH',$,'Pset_BuildingCommon',$,(#15059,#15060));
#15058=IFCRELDEFINESBYPROPERTIES('0N_H7gXRLPwQBOklR9wlM1',$,$,$,(#33),#15057);
#15059=IFCPROPERTYSINGLEVALUE('NumberOfStoreys',$,IFCINTEGER(27),$);
#15060=IFCPROPERTYSINGLEVALUE('Reference',$,IFCIDENTIFIER('Sail-form hotel, authored massing on the surveyed footprint'),$);
#15061=IFCCLASSIFICATIONREFERENCE($,'REF-FTG','Foundations',#268,$,$);
#15062=IFCRELASSOCIATESCLASSIFICATION('2AjNem579Neg1iut2bRgHZ',$,$,$,(#288),#15061);
#15063=IFCCLASSIFICATIONREFERENCE($,'REF-SLB','Floor slabs',#268,$,$);
#15064=IFCRELASSOCIATESCLASSIFICATION('3EAxlimXHUpwya_s2QAzW4',$,$,$,(#313,#338,#362,#386,#410,#434,#458,#482,#506,#530,#554,#578,#602,#626,#650,#674,#698,#722,#746,#770,#794,#818,#842,#866,#890,#914,#938,#962,#986),#15063);
#15065=IFCCLASSIFICATIONREFERENCE($,'REF-WAL','Walls',#268,$,$);
#15066=IFCRELASSOCIATESCLASSIFICATION('2LOQn9kMfJIuspvAyfExJn',$,$,$,(#1010),#15065);
#15067=IFCCLASSIFICATIONREFERENCE($,'REF-COL','Columns',#268,$,$);
#15068=IFCRELASSOCIATESCLASSIFICATION('0NfEhFcXXGDugSsbkHqz6D',$,$,$,(#1034,#1054,#1073,#1092,#1111,#1130,#1149,#1168,#1187,#1206,#1225,#1244,#1263,#1282,#1301,#1320,#1339,#1358,#1377,#1396,#1415,#1434,#1453,#1472,#1491,#1510,#1529,#1548,#1567,#1586,#1605,#1624,#1643,#1662,#1681,#1700,#1719,#1738,#1757,#1776,#1795,#1814,#1833,#1852,#1871,#1890,#1909,#1928,#1947,#1966,#1985,#2004,#2023,#2042,#2061,#2080,#2099,#2118,#2137,#2156,#2175,#2194,#2213,#2232,#2251,#2270,#2289,#2308,#2327,#2346,#2365,#2384,#2403,#2422,#2441,#2460,#2479,#2498,#2517,#2536,#2555,#2574,#2593,#2612,#2631,#2650,#2669,#2688,#2707,#2726,#2745,#2764,#2783,#2802,#2821,#2840,#2859,#2878,#2897,#2916,#2935,#2954,#2973,#2992,#3011,#3030,#3049,#3068,#3087,#3106,#3125,#3144,#3163,#3182,#3201,#3220,#3239,#3258,#3277,#3296,#3315,#3334,#3353,#3372,#3391,#3410,#3429,#3448,#3467,#3486,#3505,#3524,#3543,#3562,#3581,#3600,#3619,#3638,#3657,#3676,#3695,#3714,#3733,#3752,#3771,#3790,#3809,#3828,#3847,#3866,#3885,#3904,#3923,#3942,#3961,#3980,#3999,#4018,#4037,#4056,#4075,#4094,#4113,#4132,#4151,#4170,#4189,#4208,#4227,#4246,#4265,#4284,#4303,#4322,#4341,#4360,#4379,#4398,#4417,#4436,#4455,#4474,#4493,#4512,#4531,#4550,#4569,#4588,#4607,#4626,#4645,#4664,#4683,#4702,#4721,#4740,#4759,#4778,#4797,#4816,#4835,#4854,#4873,#4892,#4911,#4930,#4949,#4968,#4987,#5006,#5025,#5044,#5063,#5082,#5101,#5120,#5139,#5158,#5177,#5196,#5215,#5234,#5253,#5272,#5291,#5310,#5329,#5348,#5367,#5386,#5405,#5424,#5443,#5462,#5481,#5500,#5519,#5538,#5557,#5576,#5595,#5614,#5633,#5652,#5671,#5690,#5709,#5728,#5747,#5766,#5785,#5804,#5823,#5842,#5861,#5880,#5899,#5918,#5937,#5956,#5975,#5994,#6013,#6032,#6051,#6070,#6089,#6108,#6127,#6146,#6165,#6184,#6203,#6222,#6241,#6260,#6279,#6298,#6317,#6336,#6355,#6374,#6393,#6412,#6431,#6450,#6469,#6488,#6507,#6526,#6545,#6564,#6583,#6602,#6621,#6640,#6659,#6678,#6697,#6716,#6735,#6754,#6773,#6792,#6811,#6830,#6849,#6868,#6887,#6906,#6925,#6944,#6963,#6982,#7001,#7020,#7039,#7058,#7077,#7096,#7115,#7134,#7153,#7172,#7191,#7210,#7229,#7248,#7267,#7286,#7305,#7324,#7343,#7362,#7381,#7400,#7419,#7438,#7457,#7476,#7495,#7514,#7533,#7552,#7571,#7590,#7609,#7628,#7647,#7666,#7685,#7704,#7723,#7742,#7761,#7780,#7799,#7818,#7837,#7856,#7875,#7894,#7913,#7932,#7951,#7970,#7989,#8008,#8027,#8046,#8065,#8084,#8103,#8122,#8141,#8160,#8179,#8198,#8217,#8236,#8255,#8274,#8293,#8312,#8331,#8350,#8369,#8388,#8407,#8426,#8445,#8464,#8483,#8502,#8521,#8540,#8559,#8578,#8597,#8616,#8635,#8654,#8673,#8692,#8711,#8730,#8749,#8768,#8787,#8806,#8825,#8844,#8863,#8882,#8901,#8920,#8939,#8958,#8977,#8996,#9015,#9034,#9053,#9072,#9091,#9110,#9129,#9148,#9167,#9186,#9205,#9224,#9243,#9262,#9281,#9300,#9319,#9338,#9357,#9376,#9395,#9414,#9433,#9452,#9471,#9490,#9509,#9528,#9547,#9566,#9585,#9604,#9623,#9642,#9661,#9680,#9699,#9718,#9737,#9756,#9775,#9794,#9813,#9832,#9851,#9870,#9889,#9908,#9927,#9946,#9965,#9984,#10003,#10022,#10041,#10060,#10079,#10098,#10117,#10136,#10155,#10174,#10193,#10212,#10231,#10250,#10269,#10288,#10307,#10326,#10345,#10364,#10383,#10402,#10421,#10440,#10459,#10478,#10497,#10516,#10535,#10554,#10573,#10592,#10611,#10630,#10649,#10668,#10687,#10706,#10725,#10744,#10763,#10782,#10801,#10820,#10839,#10858,#10877,#10896,#10915,#10934,#10953,#10972,#10991,#11010,#11029,#11048,#11067,#11086,#11105,#11124,#11143,#11162,#11181,#11200,#11219,#11238,#11257,#11276,#11295,#11314,#11333,#11352,#11371,#11390,#11409,#11428,#11447,#11466,#11485,#11504,#11523,#11542,#11561,#11580,#11599,#11618,#11637,#11656,#11675,#11694,#11713,#11732,#11751,#11770,#11789,#11808,#11827,#11846,#11865,#11884,#11903,#11922,#11941,#11960,#11979,#11998,#12017,#12036,#12055,#12074,#12093,#12112,#12131,#12150,#12169,#12188,#12207,#12226,#12245,#12264,#12283,#12302,#12321,#12340,#12359,#12378,#12397,#12416,#12435,#12454,#12473,#12492,#12511,#12530,#12549,#12568,#12587,#12606,#12625,#12644,#12663,#12682,#12701,#12720,#12739,#12758,#12777,#12796,#12815,#12834,#12853,#12872,#12891,#12910,#12929,#12948,#12967,#12986,#13005,#13024,#13043,#13062,#13081,#13100,#13119,#13138,#13157,#13176,#13195,#13214,#13233,#13252,#13271,#13290,#13309,#13328,#13347,#13366,#13385,#13404,#13423,#13442,#13461,#13480,#13499,#13518,#13537,#13556,#13575,#13594,#13613,#13632,#13651,#13670,#13689,#13708,#13727,#13746,#13765,#13784,#13803,#13822,#13841,#13860,#13879,#13898,#13917,#13936,#13955,#13974,#13993,#14012,#14031,#14050,#14069,#14088,#14107,#14126,#14145,#14164,#14183,#14202,#14221,#14240,#14259,#14278,#14297,#14316,#14335,#14354,#14373,#14392,#14411,#14430,#14449,#14468,#14487,#14506,#14525,#14544,#14563,#14582,#14601,#14620,#14639,#14658,#14677,#14696,#14715,#14734,#14753,#14772,#14791,#14810,#14829,#14848,#14867,#14886,#14905,#14924,#14943,#14962,#14981,#15000,#15019,#15038),#15067);
ENDSEC;
END-ISO-10303-21;
