ISO-10303-21;
HEADER;
FILE_DESCRIPTION(('ViewDefinition[DesignTransferView]'),'2;1');
FILE_NAME('HotelVela.ifc','2026-08-28T00:00:00',('Reference Models'),('IFC Viewer Online'),'IfcOpenShell 0.8.6-alpha260809','Bonsai 0.8.6-alpha260809-f05dd4a (Blender 4.5.12 LTS)','IFC Viewer Online');
FILE_SCHEMA(('IFC4'));
ENDSEC;
DATA;
#1=IFCPROJECT('3cGCPi5pHT_wECF8NBf7dF',$,'Hotel Vela','Reference model - landmark massing at the mouth of Port Vell','Reference model','Sail-form hotel at the entrance to Port Vell, Barcelona','REFERENCE',(#10,#22),#5);
#2=IFCSIUNIT(*,.LENGTHUNIT.,$,.METRE.);
#3=IFCSIUNIT(*,.AREAUNIT.,$,.SQUARE_METRE.);
#4=IFCSIUNIT(*,.VOLUMEUNIT.,$,.CUBIC_METRE.);
#5=IFCUNITASSIGNMENT((#2,#3,#4));
#6=IFCCARTESIANPOINT((0.,0.,0.));
#7=IFCDIRECTION((0.,0.,1.));
#8=IFCDIRECTION((1.,0.,0.));
#9=IFCAXIS2PLACEMENT3D(#6,#7,#8);
#10=IFCGEOMETRICREPRESENTATIONCONTEXT($,'Model',3,1.E-05,#9,$);
#11=IFCGEOMETRICREPRESENTATIONSUBCONTEXT('Body','Model',*,*,*,*,#10,$,.MODEL_VIEW.,$);
#12=IFCGEOMETRICREPRESENTATIONSUBCONTEXT('Axis','Model',*,*,*,*,#10,$,.GRAPH_VIEW.,$);
#13=IFCGEOMETRICREPRESENTATIONSUBCONTEXT('Box','Model',*,*,*,*,#10,$,.MODEL_VIEW.,$);
#14=IFCGEOMETRICREPRESENTATIONSUBCONTEXT('Annotation','Model',*,*,*,*,#10,$,.SECTION_VIEW.,$);
#15=IFCGEOMETRICREPRESENTATIONSUBCONTEXT('Annotation','Model',*,*,*,*,#10,$,.ELEVATION_VIEW.,$);
#16=IFCGEOMETRICREPRESENTATIONSUBCONTEXT('Annotation','Model',*,*,*,*,#10,$,.MODEL_VIEW.,$);
#17=IFCGEOMETRICREPRESENTATIONSUBCONTEXT('Annotation','Model',*,*,*,*,#10,$,.PLAN_VIEW.,$);
#18=IFCGEOMETRICREPRESENTATIONSUBCONTEXT('Profile','Model',*,*,*,*,#10,$,.ELEVATION_VIEW.,$);
#19=IFCCARTESIANPOINT((0.,0.));
#20=IFCDIRECTION((1.,0.));
#21=IFCAXIS2PLACEMENT2D(#19,#20);
#22=IFCGEOMETRICREPRESENTATIONCONTEXT($,'Plan',2,1.E-05,#21,$);
#23=IFCGEOMETRICREPRESENTATIONSUBCONTEXT('Axis','Plan',*,*,*,*,#22,$,.GRAPH_VIEW.,$);
#24=IFCGEOMETRICREPRESENTATIONSUBCONTEXT('Body','Plan',*,*,*,*,#22,$,.PLAN_VIEW.,$);
#25=IFCGEOMETRICREPRESENTATIONSUBCONTEXT('Annotation','Plan',*,*,*,*,#22,$,.PLAN_VIEW.,$);
#26=IFCGEOMETRICREPRESENTATIONSUBCONTEXT('Annotation','Plan',*,*,*,*,#22,$,.REFLECTED_PLAN_VIEW.,$);
#27=IFCSITE('3a211pgv5P8Q_teaAxRzKO',$,'Placa de la Rosa dels Vents','Georeferenced to ETRS89 / UTM 31N; curved facade faces north-east',$,#50,$,'Seaward tip of the Barceloneta spit, at the entrance to Port Vell',.ELEMENT.,(41,22,5,880000),(2,11,24,720000),2.5,$,$);
#33=IFCBUILDING('17f8csqVvOq9uMPG8vVEc9',$,'Hotel Vela',$,$,#56,$,'Sail-form hotel, 26 storeys, 98.80 m',.ELEMENT.,$,$,$);
#39=IFCBUILDINGSTOREY('0dfsG3xhTQqxkj$bVQBsic',$,'Ground',$,$,#62,$,'Ground floor - lobby, arrival and beach frontage',.ELEMENT.,0.);
#45=IFCRELAGGREGATES('05KsFewNfKHwqEKAVZ_mUf',$,$,$,#1,(#27));
#46=IFCCARTESIANPOINT((0.,0.,0.));
#47=IFCDIRECTION((0.,0.,1.));
#48=IFCDIRECTION((1.,0.,0.));
#49=IFCAXIS2PLACEMENT3D(#46,#47,#48);
#50=IFCLOCALPLACEMENT($,#49);
#51=IFCRELAGGREGATES('1HHFLFtenQbfVHA7veWfib',$,$,$,#27,(#33));
#52=IFCCARTESIANPOINT((0.,0.,0.));
#53=IFCDIRECTION((0.,0.,1.));
#54=IFCDIRECTION((1.,0.,0.));
#55=IFCAXIS2PLACEMENT3D(#52,#53,#54);
#56=IFCLOCALPLACEMENT(#50,#55);
#57=IFCRELAGGREGATES('28TCApzArPPPGznyNYaGwQ',$,$,$,#33,(#39,#65,#72,#79,#86,#93,#100,#107,#114,#121,#128,#135,#142,#149,#156,#163,#170,#177,#184,#191,#198,#205,#212,#219,#226,#233,#240));
#58=IFCCARTESIANPOINT((0.,0.,0.));
#59=IFCDIRECTION((0.,0.,1.));
#60=IFCDIRECTION((1.,0.,0.));
#61=IFCAXIS2PLACEMENT3D(#58,#59,#60);
#62=IFCLOCALPLACEMENT(#56,#61);
#63=IFCPROJECTEDCRS('EPSG:25831','ETRS89 / UTM zone 31N - the CRS Catalan survey is delivered in','ETRS89','EVRF2000',$,$,#2);
#64=IFCMAPCONVERSION(#10,#63,432274.81,4579959.49,2.5,0.7071067811865476,-0.7071067811865476,1.);
#65=IFCBUILDINGSTOREY('2jcP5gKP9VLw_WhLs2G1d1',$,'Level 01',$,$,#71,$,'Level 1 - guest rooms',.ELEMENT.,3.8);
#67=IFCCARTESIANPOINT((0.,0.,3.8));
#68=IFCDIRECTION((0.,0.,1.));
#69=IFCDIRECTION((1.,0.,0.));
#70=IFCAXIS2PLACEMENT3D(#67,#68,#69);
#71=IFCLOCALPLACEMENT(#56,#70);
#72=IFCBUILDINGSTOREY('0wokTaeKnLFgD3YarCKeHf',$,'Level 02',$,$,#78,$,'Level 2 - guest rooms',.ELEMENT.,7.6);
#74=IFCCARTESIANPOINT((0.,0.,7.6));
#75=IFCDIRECTION((0.,0.,1.));
#76=IFCDIRECTION((1.,0.,0.));
#77=IFCAXIS2PLACEMENT3D(#74,#75,#76);
#78=IFCLOCALPLACEMENT(#56,#77);
#79=IFCBUILDINGSTOREY('1HTi_0BRzQb9RhIDNxdzUE',$,'Level 03',$,$,#85,$,'Level 3 - guest rooms',.ELEMENT.,11.4);
#81=IFCCARTESIANPOINT((0.,0.,11.4));
#82=IFCDIRECTION((0.,0.,1.));
#83=IFCDIRECTION((1.,0.,0.));
#84=IFCAXIS2PLACEMENT3D(#81,#82,#83);
#85=IFCLOCALPLACEMENT(#56,#84);
#86=IFCBUILDINGSTOREY('1rhMus4cvNphkn8vQcxIMW',$,'Level 04',$,$,#92,$,'Level 4 - guest rooms',.ELEMENT.,15.2);
#88=IFCCARTESIANPOINT((0.,0.,15.2));
#89=IFCDIRECTION((0.,0.,1.));
#90=IFCDIRECTION((1.,0.,0.));
#91=IFCAXIS2PLACEMENT3D(#88,#89,#90);
#92=IFCLOCALPLACEMENT(#56,#91);
#93=IFCBUILDINGSTOREY('2E4MSr8M1Un9Uvd2J9uF4A',$,'Level 05',$,$,#99,$,'Level 5 - guest rooms',.ELEMENT.,19.);
#95=IFCCARTESIANPOINT((0.,0.,19.));
#96=IFCDIRECTION((0.,0.,1.));
#97=IFCDIRECTION((1.,0.,0.));
#98=IFCAXIS2PLACEMENT3D(#95,#96,#97);
#99=IFCLOCALPLACEMENT(#56,#98);
#100=IFCBUILDINGSTOREY('20wqFaquTTCxnPPqJCG__8',$,'Level 06',$,$,#106,$,'Level 6 - guest rooms',.ELEMENT.,22.8);
#102=IFCCARTESIANPOINT((0.,0.,22.8));
#103=IFCDIRECTION((0.,0.,1.));
#104=IFCDIRECTION((1.,0.,0.));
#105=IFCAXIS2PLACEMENT3D(#102,#103,#104);
#106=IFCLOCALPLACEMENT(#56,#105);
#107=IFCBUILDINGSTOREY('1piZPiUrjNIQapFP7TbZ0s',$,'Level 07',$,$,#113,$,'Level 7 - guest rooms',.ELEMENT.,26.6);
#109=IFCCARTESIANPOINT((0.,0.,26.6));
#110=IFCDIRECTION((0.,0.,1.));
#111=IFCDIRECTION((1.,0.,0.));
#112=IFCAXIS2PLACEMENT3D(#109,#110,#111);
#113=IFCLOCALPLACEMENT(#56,#112);
#114=IFCBUILDINGSTOREY('0b7Ojg13TTrPxXQxFOCZ$G',$,'Level 08',$,$,#120,$,'Level 8 - guest rooms',.ELEMENT.,30.4);
#116=IFCCARTESIANPOINT((0.,0.,30.4));
#117=IFCDIRECTION((0.,0.,1.));
#118=IFCDIRECTION((1.,0.,0.));
#119=IFCAXIS2PLACEMENT3D(#116,#117,#118);
#120=IFCLOCALPLACEMENT(#56,#119);
#121=IFCBUILDINGSTOREY('3_12RJQwbJUO96Cj83cqBj',$,'Level 09',$,$,#127,$,'Level 9 - guest rooms',.ELEMENT.,34.2);
#123=IFCCARTESIANPOINT((0.,0.,34.2));
#124=IFCDIRECTION((0.,0.,1.));
#125=IFCDIRECTION((1.,0.,0.));
#126=IFCAXIS2PLACEMENT3D(#123,#124,#125);
#127=IFCLOCALPLACEMENT(#56,#126);
#128=IFCBUILDINGSTOREY('3Hh5pJz9HN0uG$xt0mxZbn',$,'Level 10',$,$,#134,$,'Level 10 - guest rooms',.ELEMENT.,38.);
#130=IFCCARTESIANPOINT((0.,0.,38.));
#131=IFCDIRECTION((0.,0.,1.));
#132=IFCDIRECTION((1.,0.,0.));
#133=IFCAXIS2PLACEMENT3D(#130,#131,#132);
#134=IFCLOCALPLACEMENT(#56,#133);
#135=IFCBUILDINGSTOREY('1sKwaKv5XQUPTITLy9oV_c',$,'Level 11',$,$,#141,$,'Level 11 - guest rooms',.ELEMENT.,41.8);
#137=IFCCARTESIANPOINT((0.,0.,41.8));
#138=IFCDIRECTION((0.,0.,1.));
#139=IFCDIRECTION((1.,0.,0.));
#140=IFCAXIS2PLACEMENT3D(#137,#138,#139);
#141=IFCLOCALPLACEMENT(#56,#140);
#142=IFCBUILDINGSTOREY('0Pe70JF25RTfOCj77bKSsw',$,'Level 12',$,$,#148,$,'Level 12 - guest rooms',.ELEMENT.,45.6);
#144=IFCCARTESIANPOINT((0.,0.,45.6));
#145=IFCDIRECTION((0.,0.,1.));
#146=IFCDIRECTION((1.,0.,0.));
#147=IFCAXIS2PLACEMENT3D(#144,#145,#146);
#148=IFCLOCALPLACEMENT(#56,#147);
#149=IFCBUILDINGSTOREY('0qW0rJXP5MEPhC2pn7GU1B',$,'Level 13',$,$,#155,$,'Level 13 - guest rooms',.ELEMENT.,49.4);
#151=IFCCARTESIANPOINT((0.,0.,49.4));
#152=IFCDIRECTION((0.,0.,1.));
#153=IFCDIRECTION((1.,0.,0.));
#154=IFCAXIS2PLACEMENT3D(#151,#152,#153);
#155=IFCLOCALPLACEMENT(#56,#154);
#156=IFCBUILDINGSTOREY('1CTEyDyRXGzxkzoQ_Gd1En',$,'Level 14',$,$,#162,$,'Level 14 - guest rooms',.ELEMENT.,53.2);
#158=IFCCARTESIANPOINT((0.,0.,53.2));
#159=IFCDIRECTION((0.,0.,1.));
#160=IFCDIRECTION((1.,0.,0.));
#161=IFCAXIS2PLACEMENT3D(#158,#159,#160);
#162=IFCLOCALPLACEMENT(#56,#161);
#163=IFCBUILDINGSTOREY('2g27ybh1nQUvEqF26Vcklz',$,'Level 15',$,$,#169,$,'Level 15 - guest rooms',.ELEMENT.,57.);
#165=IFCCARTESIANPOINT((0.,0.,57.));
#166=IFCDIRECTION((0.,0.,1.));
#167=IFCDIRECTION((1.,0.,0.));
#168=IFCAXIS2PLACEMENT3D(#165,#166,#167);
#169=IFCLOCALPLACEMENT(#56,#168);
#170=IFCBUILDINGSTOREY('2COFWuYq5MOPc4ntSc0WFV',$,'Level 16',$,$,#176,$,'Level 16 - guest rooms',.ELEMENT.,60.8);
#172=IFCCARTESIANPOINT((0.,0.,60.8));
#173=IFCDIRECTION((0.,0.,1.));
#174=IFCDIRECTION((1.,0.,0.));
#175=IFCAXIS2PLACEMENT3D(#172,#173,#174);
#176=IFCLOCALPLACEMENT(#56,#175);
#177=IFCBUILDINGSTOREY('1Y0tsgh51HXhVdFoUiVFeD',$,'Level 17',$,$,#183,$,'Level 17 - guest rooms',.ELEMENT.,64.6);
#179=IFCCARTESIANPOINT((0.,0.,64.6));
#180=IFCDIRECTION((0.,0.,1.));
#181=IFCDIRECTION((1.,0.,0.));
#182=IFCAXIS2PLACEMENT3D(#179,#180,#181);
#183=IFCLOCALPLACEMENT(#56,#182);
#184=IFCBUILDINGSTOREY('2eO$16c$DRPvKu6wiLtoVv',$,'Level 18',$,$,#190,$,'Level 18 - guest rooms',.ELEMENT.,68.4);
#186=IFCCARTESIANPOINT((0.,0.,68.4));
#187=IFCDIRECTION((0.,0.,1.));
#188=IFCDIRECTION((1.,0.,0.));
#189=IFCAXIS2PLACEMENT3D(#186,#187,#188);
#190=IFCLOCALPLACEMENT(#56,#189);
#191=IFCBUILDINGSTOREY('1QzRhrzOnK9AtA5YULNTMy',$,'Level 19',$,$,#197,$,'Level 19 - guest rooms',.ELEMENT.,72.2);
#193=IFCCARTESIANPOINT((0.,0.,72.2));
#194=IFCDIRECTION((0.,0.,1.));
#195=IFCDIRECTION((1.,0.,0.));
#196=IFCAXIS2PLACEMENT3D(#193,#194,#195);
#197=IFCLOCALPLACEMENT(#56,#196);
#198=IFCBUILDINGSTOREY('0iJeUrBMjSX9RLFIDVe_by',$,'Level 20',$,$,#204,$,'Level 20 - guest rooms',.ELEMENT.,76.);
#200=IFCCARTESIANPOINT((0.,0.,76.));
#201=IFCDIRECTION((0.,0.,1.));
#202=IFCDIRECTION((1.,0.,0.));
#203=IFCAXIS2PLACEMENT3D(#200,#201,#202);
#204=IFCLOCALPLACEMENT(#56,#203);
#205=IFCBUILDINGSTOREY('0ZNijR2fDVE8O1RyPcJ7ou',$,'Level 21',$,$,#211,$,'Level 21 - guest rooms',.ELEMENT.,79.8);
#207=IFCCARTESIANPOINT((0.,0.,79.8));
#208=IFCDIRECTION((0.,0.,1.));
#209=IFCDIRECTION((1.,0.,0.));
#210=IFCAXIS2PLACEMENT3D(#207,#208,#209);
#211=IFCLOCALPLACEMENT(#56,#210);
#212=IFCBUILDINGSTOREY('18Eyp01vXNMgtA9anlqpYt',$,'Level 22',$,$,#218,$,'Level 22 - guest rooms',.ELEMENT.,83.6);
#214=IFCCARTESIANPOINT((0.,0.,83.6));
#215=IFCDIRECTION((0.,0.,1.));
#216=IFCDIRECTION((1.,0.,0.));
#217=IFCAXIS2PLACEMENT3D(#214,#215,#216);
#218=IFCLOCALPLACEMENT(#56,#217);
#219=IFCBUILDINGSTOREY('2KpX6z4h9JuQkGW9_HN4I3',$,'Level 23',$,$,#225,$,'Level 23 - guest rooms',.ELEMENT.,87.4);
#221=IFCCARTESIANPOINT((0.,0.,87.4));
#222=IFCDIRECTION((0.,0.,1.));
#223=IFCDIRECTION((1.,0.,0.));
#224=IFCAXIS2PLACEMENT3D(#221,#222,#223);
#225=IFCLOCALPLACEMENT(#56,#224);
#226=IFCBUILDINGSTOREY('0yHwaF9FXShPZ6dhc9YEyM',$,'Level 24',$,$,#232,$,'Level 24 - guest rooms',.ELEMENT.,91.2);
#228=IFCCARTESIANPOINT((0.,0.,91.2));
#229=IFCDIRECTION((0.,0.,1.));
#230=IFCDIRECTION((1.,0.,0.));
#231=IFCAXIS2PLACEMENT3D(#228,#229,#230);
#232=IFCLOCALPLACEMENT(#56,#231);
#233=IFCBUILDINGSTOREY('15vyy$DofHth3gVEN7nlDr',$,'Level 25',$,$,#239,$,'Level 25 - guest rooms',.ELEMENT.,95.);
#235=IFCCARTESIANPOINT((0.,0.,95.));
#236=IFCDIRECTION((0.,0.,1.));
#237=IFCDIRECTION((1.,0.,0.));
#238=IFCAXIS2PLACEMENT3D(#235,#236,#237);
#239=IFCLOCALPLACEMENT(#56,#238);
#240=IFCBUILDINGSTOREY('3$gcHmDd1Rm8snglcXvFUO',$,'Level 26',$,$,#246,$,'Roof - plant and terrace',.ELEMENT.,98.8);
#242=IFCCARTESIANPOINT((0.,0.,98.8));
#243=IFCDIRECTION((0.,0.,1.));
#244=IFCDIRECTION((1.,0.,0.));
#245=IFCAXIS2PLACEMENT3D(#242,#243,#244);
#246=IFCLOCALPLACEMENT(#56,#245);
#247=IFCCLASSIFICATION('IFC Viewer Online','2026',$,'Reference Element Classification','In-house element codes for the reference models',$,$);
#248=IFCRELASSOCIATESCLASSIFICATION('1U0q2N4UvKSOF8ycA_071m',$,$,$,(#1),#247);
#249=IFCMATERIAL('Concrete C35/45',$,'concrete');
#250=IFCMATERIAL('Solar Control Glazing',$,'glass');
#251=IFCMATERIAL('Anodised Aluminium',$,'metal');
#252=IFCMATERIAL('White Render',$,'masonry');
#253=IFCSLABTYPE('3kbFOSKYzUSw79e_gGaIMP',$,'SLB-340-C35/45',$,$,$,$,$,$,.FLOOR.);
#254=IFCMATERIALLAYERSET((#255),'SLB-340-C35/45',$);
#255=IFCMATERIALLAYER(#249,0.34,$,'Concrete C35/45',$,$,$);
#256=IFCRELASSOCIATESMATERIAL('3_qVRh7XPQSgmUUARhvtiN',$,$,$,(#253),#254);
#257=IFCSLABTYPE('0Q09qPgb9GJ8NfOXZHiQ6M',$,'SLB-1200-Plinth',$,$,$,$,$,$,.BASESLAB.);
#258=IFCMATERIALLAYERSET((#259),'SLB-1200-Plinth',$);
#259=IFCMATERIALLAYER(#249,1.2,$,'Concrete C35/45',$,$,$);
#260=IFCRELASSOCIATESMATERIAL('2tF4_KlOvP7fr7v6ppsZNy',$,$,$,(#257),#258);
#261=IFCROOFTYPE('1hxgM0lWbGwhNyN3cFsMr6',$,'ROF-340-Terrace',$,$,$,$,$,$,.FLAT_ROOF.);
#262=IFCMATERIALLAYERSET((#263),'ROF-340-Terrace',$);
#263=IFCMATERIALLAYER(#249,0.34,$,'Concrete C35/45',$,$,$);
#264=IFCRELASSOCIATESMATERIAL('2GZN6zOUPK6eUDOg8v9OCi',$,$,$,(#261),#262);
#265=IFCCURTAINWALLTYPE('29_pSclLTSAhkwV$LUtBhf',$,'CWL-180-Unitised',$,$,$,$,$,$,.NOTDEFINED.);
#266=IFCRELASSOCIATESMATERIAL('1dbODGiu9I5u1isPYoZAYm',$,$,$,(#265),#251);
#267=IFCPLATETYPE('3cofGyh7DV1BBDRKq5$RQS',$,'PLT-180-Glazed Unit',$,$,$,$,$,$,.SHEET.);
#268=IFCMATERIALLAYERSET((#269),'PLT-180-Glazed Unit',$);
#269=IFCMATERIALLAYER(#250,0.18,$,'Solar Control Glazing',$,$,$);
#270=IFCRELASSOCIATESMATERIAL('3QeaOxPp1KGuQLEG_6s4rJ',$,$,$,(#267),#268);
#271=IFCPLATETYPE('2I_uUCSTLTTxBC$FN8lLn0',$,'PLT-320-Spandrel',$,$,$,$,$,$,.SHEET.);
#272=IFCMATERIALLAYERSET((#273),'PLT-320-Spandrel',$);
#273=IFCMATERIALLAYER(#251,0.32,$,'Anodised Aluminium',$,$,$);
#274=IFCRELASSOCIATESMATERIAL('0ZPM0jEi5VjxuP2p6mXPMz',$,$,$,(#271),#272);
#275=IFCWALLTYPE('3Ht_pThx5QQuO78Zm_f5Bc',$,'WAL-400-Rendered',$,$,$,$,$,$,.SOLIDWALL.);
#276=IFCMATERIALLAYERSET((#277),'WAL-400-Rendered',$);
#277=IFCMATERIALLAYER(#252,0.4,$,'White Render',$,$,$);
#278=IFCRELASSOCIATESMATERIAL('1onp3nryrKL8ohJGOztrSo',$,$,$,(#275),#276);
#279=IFCWALLTYPE('2JgCCq$9HRfuSTfrl39j7H',$,'WAL-300-Core',$,$,$,$,$,$,.SHEAR.);
#280=IFCMATERIALLAYERSET((#281),'WAL-300-Core',$);
#281=IFCMATERIALLAYER(#249,0.3,$,'Concrete C35/45',$,$,$);
#282=IFCRELASSOCIATESMATERIAL('0E9thHOvzLMeB3ZtGw9GAm',$,$,$,(#279),#280);
#283=IFCSLAB('3XGFMPgGPT4ALOhObBbnh5',$,'Plinth','Plinth meeting the esplanade',$,#292,#303,$,$);
#284=IFCRELCONTAINEDINSPATIALSTRUCTURE('0hud7o_8TH6vcTfOjX34sb',$,$,$,(#283,#308,#332,#355,#378,#2702),#39);
#285=IFCRELDEFINESBYTYPE('3e$ryl8IrIoRPJb3ezixHO',$,$,$,(#283),#257);
#286=IFCMATERIALLAYERSETUSAGE(#258,.AXIS3.,.POSITIVE.,0.,$);
#287=IFCRELASSOCIATESMATERIAL('0Xj87BD9vIxvlxF5uxCZIQ',$,$,$,(#283),#286);
#288=IFCCARTESIANPOINT((-6.,-3.,-1.2));
#289=IFCDIRECTION((0.,0.,1.));
#290=IFCDIRECTION((1.,0.,0.));
#291=IFCAXIS2PLACEMENT3D(#288,#289,#290);
#292=IFCLOCALPLACEMENT(#62,#291);
#293=IFCCARTESIANPOINTLIST2D(((0.,0.),(108.,0.),(105.38694978997394,4.3391636396017645),(102.42603068602986,8.448826709886035),(99.13728691453025,12.301168451837519),(95.54298194242243,15.870110067896874),(91.66744776255985,19.131491264886314),(87.53692017593872,22.063233809435722),(83.17936118592229,24.645490988704715),(78.62426970677255,26.860781964612123),(73.90248186791582,28.694110112048932),(69.04596226580183,30.133064539972878),(64.08758757649687,31.1679041081278),(59.06092399386626,31.79162337062855),(54.,32.),(48.93907600613376,31.791623370628557),(43.91241242350314,31.1679041081278),(38.95403773419816,30.133064539972878),(34.097518132084176,28.694110112048932),(29.375730293227452,26.860781964612123),(24.820638814077736,24.645490988704736),(20.463079824061275,22.063233809435715),(16.332552237440154,19.131491264886314),(12.457018057577578,15.870110067896874),(8.86271308546975,12.301168451837526),(5.57396931397016,8.448826709886042),(2.613050210026067,4.339163639601779)));
#294=IFCINDEXEDPOLYCURVE(#293,(IFCLINEINDEX((1,2,3,4,5,6,7,8,9,10,11,12,13,14,15,16,17,18,19,20,21,22,23,24,25,26,27,1))),$);
#295=IFCARBITRARYCLOSEDPROFILEDEF(.AREA.,$,#294);
#296=IFCCARTESIANPOINT((0.,0.,0.));
#297=IFCDIRECTION((0.,0.,1.));
#298=IFCDIRECTION((1.,0.,0.));
#299=IFCAXIS2PLACEMENT3D(#296,#297,#298);
#300=IFCDIRECTION((0.,0.,1.));
#301=IFCEXTRUDEDAREASOLID(#295,#299,#300,1.2);
#302=IFCSHAPEREPRESENTATION(#11,'Body','SweptSolid',(#301));
#303=IFCPRODUCTDEFINITIONSHAPE($,$,(#302));
#304=IFCPROPERTYSET('3YqRhBUdDQOxIZCwGt1J2N',$,'Pset_SlabCommon',$,(#306,#307));
#305=IFCRELDEFINESBYPROPERTIES('2wv$AIt_5NfRVAkbqejIof',$,$,$,(#283),#304);
#306=IFCPROPERTYSINGLEVALUE('IsExternal',$,IFCBOOLEAN(.T.),$);
#307=IFCPROPERTYSINGLEVALUE('LoadBearing',$,IFCBOOLEAN(.T.),$);
#308=IFCSLAB('2Y4pmlu1HP3hHysnxA1hkX',$,'Ground Slab','Floor plate, chord 96.0 m, depth 26.0 m',$,#316,#327,$,$);
#309=IFCRELDEFINESBYTYPE('0qjuBL5IPLPxVsMCJigSEy',$,$,$,(#308,#402,#493,#584,#675,#766,#857,#948,#1039,#1130,#1221,#1312,#1403,#1494,#1585,#1676,#1767,#1858,#1949,#2040,#2131,#2222,#2313,#2404,#2495,#2586),#253);
#310=IFCMATERIALLAYERSETUSAGE(#254,.AXIS3.,.POSITIVE.,0.,$);
#311=IFCRELASSOCIATESMATERIAL('1rwOL1duXN2h1$wVAv2YCr',$,$,$,(#308),#310);
#312=IFCCARTESIANPOINT((0.,0.,-0.34));
#313=IFCDIRECTION((0.,0.,1.));
#314=IFCDIRECTION((1.,0.,0.));
#315=IFCAXIS2PLACEMENT3D(#312,#313,#314);
#316=IFCLOCALPLACEMENT(#62,#315);
#317=IFCCARTESIANPOINTLIST2D(((0.,0.),(96.,0.),(93.47135074279225,3.5710671206345737),(90.67760535177881,6.938792485958423),(87.63505124947727,10.083542393442741),(84.36142640311843,12.986983078450194),(80.87581591301542,15.632187599340462),(77.1985407472016,18.003734520854678),(73.35103927100975,20.087797820458604),(69.35574226227003,21.872227493494208),(65.23594214078352,23.346620387214934),(61.01565717445772,24.50238085074499),(56.71949145377727,25.33277084737592),(52.372491450952374,25.83294923704785),(48.,26.),(43.62750854904762,25.832949237047842),(39.28050854622272,25.33277084737592),(34.98434282554226,24.502380850744984),(30.76405785921649,23.34662038721494),(26.644257737729976,21.872227493494215),(22.648960728990236,20.087797820458597),(18.801459252798384,18.00373452085467),(15.124184086984584,15.632187599340455),(11.638573596881564,12.986983078450187),(8.364948750522728,10.083542393442741),(5.322394648221177,6.938792485958402),(2.528649257207732,3.5710671206345665)));
#318=IFCINDEXEDPOLYCURVE(#317,(IFCLINEINDEX((1,2,3,4,5,6,7,8,9,10,11,12,13,14,15,16,17,18,19,20,21,22,23,24,25,26,27,1))),$);
#319=IFCARBITRARYCLOSEDPROFILEDEF(.AREA.,$,#318);
#320=IFCCARTESIANPOINT((0.,0.,0.));
#321=IFCDIRECTION((0.,0.,1.));
#322=IFCDIRECTION((1.,0.,0.));
#323=IFCAXIS2PLACEMENT3D(#320,#321,#322);
#324=IFCDIRECTION((0.,0.,1.));
#325=IFCEXTRUDEDAREASOLID(#319,#323,#324,0.34);
#326=IFCSHAPEREPRESENTATION(#11,'Body','SweptSolid',(#325));
#327=IFCPRODUCTDEFINITIONSHAPE($,$,(#326));
#328=IFCELEMENTQUANTITY('0spciJ50XSHhVjb6E8PYP_',$,'Qto_SlabBaseQuantities',$,'BaseQuantities',(#330,#331));
#329=IFCRELDEFINESBYPROPERTIES('3gDpe2wsXTCvAFXJSXiAz9',$,$,$,(#308),#328);
#330=IFCQUANTITYLENGTH('Width',$,$,96.,$);
#331=IFCQUANTITYLENGTH('Depth',$,$,26.,$);
#332=IFCPLATE('3JQvRuZkHMdwIdc6_4YtgV',$,'Ground Curtain Wall','Unitised solar-control glazing to the curved facade',$,#340,#351,$,$);
#333=IFCRELDEFINESBYTYPE('2dmmLHZO1LH9mJg2FGpRpj',$,$,$,(#332,#426,#517,#608,#699,#790,#881,#972,#1063,#1154,#1245,#1336,#1427,#1518,#1609,#1700,#1791,#1882,#1973,#2064,#2155,#2246,#2337,#2428,#2519,#2610),#267);
#334=IFCMATERIALLAYERSETUSAGE(#268,.AXIS2.,.POSITIVE.,0.,$);
#335=IFCRELASSOCIATESMATERIAL('0LSGTYsXjOZ8R2RmBDu4U9',$,$,$,(#332),#334);
#336=IFCCARTESIANPOINT((0.35,0.,0.));
#337=IFCDIRECTION((0.,0.,1.));
#338=IFCDIRECTION((1.,0.,0.));
#339=IFCAXIS2PLACEMENT3D(#336,#337,#338);
#340=IFCLOCALPLACEMENT(#62,#339);
#341=IFCCARTESIANPOINTLIST2D(((95.3,0.),(92.77670369930331,3.5258991431225155),(89.99307471725517,6.850113137269574),(86.96517160760263,9.95346483295895),(83.7104621238218,12.818051219292713),(80.24772244891463,15.427346705128954),(76.59692887697071,17.766298454018724),(72.77914257137519,19.82141322292796),(68.81638806448444,21.580835203778157),(64.73152619969606,23.034414418743403),(60.548122248900796,24.17376527473653),(56.29030996613808,24.992314939287482),(51.98265236171878,25.48534125873728),(47.65,25.65),(43.317347638281205,25.48534125873728),(39.00969003386192,24.992314939287482),(34.75187775109919,24.17376527473653),(30.568473800303945,23.03441441874341),(26.48361193551553,21.58083520377815),(22.52085742862481,19.82141322292796),(18.70307112302928,17.766298454018717),(15.05227755108536,15.427346705128954),(11.589537876178177,12.818051219292705),(8.334828392397363,9.95346483295895),(5.306925282744821,6.850113137269567),(2.5232963006966784,3.5258991431225155),(0.,0.),(95.012,0.18),(2.796045317808942,3.681155991240954),(5.562849847667581,6.9820421678852185),(8.572452094873533,10.063615956938184),(11.807489882299073,12.908099982666089),(15.249300511532105,15.499084622987699),(18.87802842662986,17.821622675394025),(22.672739759381496,19.862315586275834),(26.61154309527569,21.609390746207776),(30.67171576348364,23.052769405278543),(34.829834922299256,24.184124816668206),(39.061912683814654,24.996930273046868),(43.343534498305864,25.486496758675965),(47.65,25.65),(51.95646550169412,25.486496758675965),(56.23808731618535,24.996930273046868),(60.47016507770072,24.184124816668206),(64.62828423651636,23.052769405278536),(68.68845690472429,21.609390746207787),(72.62726024061851,19.862315586275834),(76.42197157337013,17.821622675394032),(80.05069948846788,15.499084622987699),(83.4925101177009,12.908099982666096),(86.72754790512646,10.063615956938184),(89.73715015233242,6.9820421678852265),(92.50395468219105,3.681155991240954),(0.288,0.18)));
#342=IFCINDEXEDPOLYCURVE(#341,(IFCLINEINDEX((1,2,3,4,5,6,7,8,9,10,11,12,13,14,15,16,17,18,19,20,21,22,23,24,25,26,27,28,29,30,31,32,33,34,35,36,37,38,39,40,41,42,43,44,45,46,47,48,49,50,51,52,53,54,1))),$);
#343=IFCARBITRARYCLOSEDPROFILEDEF(.AREA.,$,#342);
#344=IFCCARTESIANPOINT((0.,0.,0.));
#345=IFCDIRECTION((0.,0.,1.));
#346=IFCDIRECTION((1.,0.,0.));
#347=IFCAXIS2PLACEMENT3D(#344,#345,#346);
#348=IFCDIRECTION((0.,0.,1.));
#349=IFCEXTRUDEDAREASOLID(#343,#347,#348,3.8);
#350=IFCSHAPEREPRESENTATION(#11,'Body','SweptSolid',(#349));
#351=IFCPRODUCTDEFINITIONSHAPE($,$,(#350));
#352=IFCPROPERTYSET('28Kl8t7gzLjx_tOhYGt47M',$,'Pset_PlateCommon',$,(#354));
#353=IFCRELDEFINESBYPROPERTIES('1bJ1kV8EnP09MMF14RleGl',$,$,$,(#332),#352);
#354=IFCPROPERTYSINGLEVALUE('IsExternal',$,IFCBOOLEAN(.T.),$);
#355=IFCPLATE('0M2e6eM0LJZ9YmwtkeTRgR',$,'Ground Spandrel','Opaque spandrel band expressing the floor line',$,#363,#374,$,$);
#356=IFCRELDEFINESBYTYPE('0CLFMCr_nLeAif6K5NEENh',$,$,$,(#355,#448,#539,#630,#721,#812,#903,#994,#1085,#1176,#1267,#1358,#1449,#1540,#1631,#1722,#1813,#1904,#1995,#2086,#2177,#2268,#2359,#2450,#2541,#2632),#271);
#357=IFCMATERIALLAYERSETUSAGE(#272,.AXIS2.,.POSITIVE.,0.,$);
#358=IFCRELASSOCIATESMATERIAL('2SOniE5ITQOvxt1Yw$ZBfT',$,$,$,(#355),#357);
#359=IFCCARTESIANPOINT((0.,0.,0.));
#360=IFCDIRECTION((0.,0.,1.));
#361=IFCDIRECTION((1.,0.,0.));
#362=IFCAXIS2PLACEMENT3D(#359,#360,#361);
#363=IFCLOCALPLACEMENT(#62,#362);
#364=IFCCARTESIANPOINTLIST2D(((96.,0.),(93.47135074279225,3.5710671206345737),(90.67760535177881,6.938792485958423),(87.63505124947727,10.083542393442741),(84.36142640311843,12.986983078450194),(80.87581591301542,15.632187599340462),(77.1985407472016,18.003734520854678),(73.35103927100975,20.087797820458604),(69.35574226227003,21.872227493494208),(65.23594214078352,23.346620387214934),(61.01565717445772,24.50238085074499),(56.71949145377727,25.33277084737592),(52.372491450952374,25.83294923704785),(48.,26.),(43.62750854904762,25.832949237047842),(39.28050854622272,25.33277084737592),(34.98434282554226,24.502380850744984),(30.76405785921649,23.34662038721494),(26.644257737729976,21.872227493494215),(22.648960728990236,20.087797820458597),(18.801459252798384,18.00373452085467),(15.124184086984584,15.632187599340455),(11.638573596881564,12.986983078450187),(8.364948750522728,10.083542393442741),(5.322394648221177,6.938792485958402),(2.528649257207732,3.5710671206345665),(0.,0.),(95.488,0.32),(3.013676998464183,3.8471155253036797),(5.777622438640151,7.173391963054298),(8.787722630517154,10.279437256292677),(12.026428811848161,13.147143286715416),(15.474859456723415,15.75979144427165),(19.112910354101867,18.102150095982612),(22.919371814547674,20.160563385745263),(26.87205232186086,21.923030847420442),(30.94790790871818,23.379277367064603),(35.1231765020698,24.520813086428124),(39.37351645506301,25.340982898485137),(43.674148457857775,25.835005246438023),(48.,26.),(52.32585154214221,25.83500524643803),(56.62648354493698,25.340982898485137),(60.87682349793017,24.52081308642813),(65.05209209128184,23.3792773670646),(69.12794767813915,21.92303084742043),(73.08062818545231,20.160563385745267),(76.88708964589812,18.10215009598262),(80.52514054327658,15.759791444271656),(83.97357118815184,13.147143286715423),(87.21227736948283,10.279437256292677),(90.22237756135983,7.17339196305432),(92.98632300153581,3.847115525303686),(0.512,0.32)));
#365=IFCINDEXEDPOLYCURVE(#364,(IFCLINEINDEX((1,2,3,4,5,6,7,8,9,10,11,12,13,14,15,16,17,18,19,20,21,22,23,24,25,26,27,28,29,30,31,32,33,34,35,36,37,38,39,40,41,42,43,44,45,46,47,48,49,50,51,52,53,54,1))),$);
#366=IFCARBITRARYCLOSEDPROFILEDEF(.AREA.,$,#365);
#367=IFCCARTESIANPOINT((0.,0.,0.));
#368=IFCDIRECTION((0.,0.,1.));
#369=IFCDIRECTION((1.,0.,0.));
#370=IFCAXIS2PLACEMENT3D(#367,#368,#369);
#371=IFCDIRECTION((0.,0.,1.));
#372=IFCEXTRUDEDAREASOLID(#366,#370,#371,1.1);
#373=IFCSHAPEREPRESENTATION(#11,'Body','SweptSolid',(#372));
#374=IFCPRODUCTDEFINITIONSHAPE($,$,(#373));
#375=IFCPROPERTYSET('1$m8rdyVjRHhznk2HP0K4D',$,'Pset_PlateCommon',$,(#377));
#376=IFCRELDEFINESBYPROPERTIES('2Rm6KkxcjSzOk9PtWFLBIr',$,$,$,(#355),#375);
#377=IFCPROPERTYSINGLEVALUE('IsExternal',$,IFCBOOLEAN(.T.),$);
#378=IFCWALL('38ZWtsXM1LRBvD1z3Rxs2f',$,'Ground Back Facade','Rendered facade to the harbour side',$,#386,#397,$,$);
#379=IFCRELDEFINESBYTYPE('2_qLP5TsXJLwEbKyx2pA5B',$,$,$,(#378,#470,#561,#652,#743,#834,#925,#1016,#1107,#1198,#1289,#1380,#1471,#1562,#1653,#1744,#1835,#1926,#2017,#2108,#2199,#2290,#2381,#2472,#2563,#2654),#275);
#380=IFCMATERIALLAYERSETUSAGE(#276,.AXIS2.,.POSITIVE.,0.,$);
#381=IFCRELASSOCIATESMATERIAL('3VWxkxWVjIH8OvftIEvwwu',$,$,$,(#378),#380);
#382=IFCCARTESIANPOINT((0.,-0.4,0.));
#383=IFCDIRECTION((0.,0.,1.));
#384=IFCDIRECTION((1.,0.,0.));
#385=IFCAXIS2PLACEMENT3D(#382,#383,#384);
#386=IFCLOCALPLACEMENT(#62,#385);
#387=IFCCARTESIANPOINTLIST2D(((0.,0.),(96.,0.),(96.,0.4),(0.,0.4)));
#388=IFCINDEXEDPOLYCURVE(#387,(IFCLINEINDEX((1,2,3,4,1))),$);
#389=IFCARBITRARYCLOSEDPROFILEDEF(.AREA.,$,#388);
#390=IFCCARTESIANPOINT((0.,0.,0.));
#391=IFCDIRECTION((0.,0.,1.));
#392=IFCDIRECTION((1.,0.,0.));
#393=IFCAXIS2PLACEMENT3D(#390,#391,#392);
#394=IFCDIRECTION((0.,0.,1.));
#395=IFCEXTRUDEDAREASOLID(#389,#393,#394,3.8);
#396=IFCSHAPEREPRESENTATION(#11,'Body','SweptSolid',(#395));
#397=IFCPRODUCTDEFINITIONSHAPE($,$,(#396));
#398=IFCPROPERTYSET('0E0vCpiIHUZxOwh6lcqic4',$,'Pset_WallCommon',$,(#400,#401));
#399=IFCRELDEFINESBYPROPERTIES('0VJdzBBwjVFRsSGbgxbdzB',$,$,$,(#378),#398);
#400=IFCPROPERTYSINGLEVALUE('IsExternal',$,IFCBOOLEAN(.T.),$);
#401=IFCPROPERTYSINGLEVALUE('LoadBearing',$,IFCBOOLEAN(.F.),$);
#402=IFCSLAB('3Xls9N7mzLohB3dxq18bvh',$,'Level 01 Slab','Floor plate, chord 95.7 m, depth 25.8 m',$,#410,#421,$,$);
#403=IFCMATERIALLAYERSETUSAGE(#254,.AXIS3.,.POSITIVE.,0.,$);
#404=IFCRELASSOCIATESMATERIAL('1SXSwsKlrUOeKgonx$Q42L',$,$,$,(#402),#403);
#405=IFCRELCONTAINEDINSPATIALSTRUCTURE('0nAr8bJBTNGvz9Lq1HI1_G',$,$,$,(#402,#426,#448,#470),#65);
#406=IFCCARTESIANPOINT((0.,0.,-0.33999999999999986));
#407=IFCDIRECTION((0.,0.,1.));
#408=IFCDIRECTION((1.,0.,0.));
#409=IFCAXIS2PLACEMENT3D(#406,#407,#408);
#410=IFCLOCALPLACEMENT(#71,#409);
#411=IFCCARTESIANPOINTLIST2D(((0.,0.),(95.66673120264645,0.),(93.13623174115617,3.5431420039114414),(90.34385526011272,6.883788104982237),(87.30574332610195,10.00262741807699),(84.03945800011778,12.881631230812324),(80.56388031859481,15.50415722004172),(76.8991011499928,17.855045654201177),(73.06630505784531,19.920707025409698),(69.08764784161257,21.68920060475999),(64.98612846322325,23.150303466704052),(60.78545609964506,24.295569583532163),(56.50991308999751,25.118378648344866),(52.18421456945286,25.613974344292615),(47.83336560132322,25.779491838864416),(43.48251663319358,25.613974344292615),(39.15681811264893,25.118378648344866),(34.881275103001364,24.295569583532156),(30.680602739423176,23.150303466704045),(26.579083361033867,21.68920060475999),(22.600426144801144,19.920707025409705),(18.767630052653633,17.85504565420117),(15.102850884051627,15.50415722004172),(11.62727320252867,12.881631230812317),(8.360987876544492,10.00262741807699),(5.322875942533713,6.88378810498223),(2.5304994614902654,3.5431420039114343)));
#412=IFCINDEXEDPOLYCURVE(#411,(IFCLINEINDEX((1,2,3,4,5,6,7,8,9,10,11,12,13,14,15,16,17,18,19,20,21,22,23,24,25,26,27,1))),$);
#413=IFCARBITRARYCLOSEDPROFILEDEF(.AREA.,$,#412);
#414=IFCCARTESIANPOINT((0.,0.,0.));
#415=IFCDIRECTION((0.,0.,1.));
#416=IFCDIRECTION((1.,0.,0.));
#417=IFCAXIS2PLACEMENT3D(#414,#415,#416);
#418=IFCDIRECTION((0.,0.,1.));
#419=IFCEXTRUDEDAREASOLID(#413,#417,#418,0.34);
#420=IFCSHAPEREPRESENTATION(#11,'Body','SweptSolid',(#419));
#421=IFCPRODUCTDEFINITIONSHAPE($,$,(#420));
#422=IFCELEMENTQUANTITY('3iIHBmJZzRehZKUb_9vcXF',$,'Qto_SlabBaseQuantities',$,'BaseQuantities',(#424,#425));
#423=IFCRELDEFINESBYPROPERTIES('2iBeIsRGLTS9xzAvul9AJy',$,$,$,(#402),#422);
#424=IFCQUANTITYLENGTH('Width',$,$,95.67,$);
#425=IFCQUANTITYLENGTH('Depth',$,$,25.78,$);
#426=IFCPLATE('0b9SShnQrO6fycACPNZIph',$,'Level 01 Curtain Wall','Unitised solar-control glazing to the curved facade',$,#433,#444,$,$);
#427=IFCMATERIALLAYERSETUSAGE(#268,.AXIS2.,.POSITIVE.,0.,$);
#428=IFCRELASSOCIATESMATERIAL('2vAXAvjaLGeueK_stnSWFo',$,$,$,(#426),#427);
#429=IFCCARTESIANPOINT((0.35,0.,0.));
#430=IFCDIRECTION((0.,0.,1.));
#431=IFCDIRECTION((1.,0.,0.));
#432=IFCAXIS2PLACEMENT3D(#429,#430,#431);
#433=IFCLOCALPLACEMENT(#71,#432);
#434=IFCCARTESIANPOINTLIST2D(((94.96673120264644,0.),(92.44162995550249,3.4979373455560676),(89.65940803070049,6.795048678664905),(86.63597722548118,9.87247749958258),(83.38862883408511,12.712623694175562),(79.93593475716236,15.299244190681819),(76.2976412872702,17.617545855414804),(72.49455617790923,19.65427009613093),(68.54842964196152,21.3977686892055),(64.48182996011187,22.838070396954258),(60.31801441066007,23.96693799410955),(56.08079625888888,24.77791537731114),(51.79440856668845,25.266364488188024),(47.48336560132322,25.429491838864415),(43.172322635958,25.26636448818803),(38.885934943757576,24.777915377311146),(34.648716791986374,23.96693799410955),(30.48490124253459,22.838070396954265),(26.41830156068493,21.397768689205506),(22.4721750247372,19.65427009613093),(18.66908991537627,17.61754585541481),(15.030796445484071,15.299244190681812),(11.57810236856134,12.71262369417557),(8.330753977165259,9.872477499582587),(5.30732317194596,6.795048678664912),(2.525101247143958,3.4979373455560676),(0.,0.),(94.67873120264645,0.18),(2.7977857961440566,3.653177561672466),(5.56313276054265,6.926950636835764),(8.568225605491522,9.982596199508436),(11.795877913324901,12.802638716125225),(15.22763042720632,15.37095008980977),(18.8438566214103,17.672841898526134),(22.623874947327696,19.695149399590044),(26.546067113250036,21.426306820110252),(30.588001721477788,22.85641350276619),(34.72656255566126,23.977290528628288),(38.9380807846857,24.782527493189146),(43.19847032701363,25.26751916808914),(47.483365601323214,25.429491838864415),(51.76826087563282,25.267519168089134),(56.028650417960755,24.782527493189143),(60.24016864698518,23.977290528628288),(64.37872948116868,22.856413502766188),(68.42066408939642,21.42630682011024),(72.34285625531874,19.695149399590044),(76.12287458123618,17.67284189852613),(79.73910077544011,15.370950089809776),(83.17085328932156,12.80263871612522),(86.39850559715492,9.982596199508428),(89.4035984421038,6.926950636835756),(92.16894540650239,3.653177561672466),(0.288,0.18)));
#435=IFCINDEXEDPOLYCURVE(#434,(IFCLINEINDEX((1,2,3,4,5,6,7,8,9,10,11,12,13,14,15,16,17,18,19,20,21,22,23,24,25,26,27,28,29,30,31,32,33,34,35,36,37,38,39,40,41,42,43,44,45,46,47,48,49,50,51,52,53,54,1))),$);
#436=IFCARBITRARYCLOSEDPROFILEDEF(.AREA.,$,#435);
#437=IFCCARTESIANPOINT((0.,0.,0.));
#438=IFCDIRECTION((0.,0.,1.));
#439=IFCDIRECTION((1.,0.,0.));
#440=IFCAXIS2PLACEMENT3D(#437,#438,#439);
#441=IFCDIRECTION((0.,0.,1.));
#442=IFCEXTRUDEDAREASOLID(#436,#440,#441,3.8);
#443=IFCSHAPEREPRESENTATION(#11,'Body','SweptSolid',(#442));
#444=IFCPRODUCTDEFINITIONSHAPE($,$,(#443));
#445=IFCPROPERTYSET('0jbIl17$fS_gwUtGaWnjx3',$,'Pset_PlateCommon',$,(#447));
#446=IFCRELDEFINESBYPROPERTIES('3zZu1tXCHQjOWxqJSEVKtJ',$,$,$,(#426),#445);
#447=IFCPROPERTYSINGLEVALUE('IsExternal',$,IFCBOOLEAN(.T.),$);
#448=IFCPLATE('1Cxg9YUQTOfevNxBrLwXIb',$,'Level 01 Spandrel','Opaque spandrel band expressing the floor line',$,#455,#466,$,$);
#449=IFCMATERIALLAYERSETUSAGE(#272,.AXIS2.,.POSITIVE.,0.,$);
#450=IFCRELASSOCIATESMATERIAL('1riZSqXYPThfz0Buh66kIH',$,$,$,(#448),#449);
#451=IFCCARTESIANPOINT((0.,0.,0.));
#452=IFCDIRECTION((0.,0.,1.));
#453=IFCDIRECTION((1.,0.,0.));
#454=IFCAXIS2PLACEMENT3D(#451,#452,#453);
#455=IFCLOCALPLACEMENT(#71,#454);
#456=IFCCARTESIANPOINTLIST2D(((95.66673120264645,0.),(93.13623174115617,3.5431420039114414),(90.34385526011272,6.883788104982237),(87.30574332610195,10.00262741807699),(84.03945800011778,12.881631230812324),(80.56388031859481,15.50415722004172),(76.8991011499928,17.855045654201177),(73.06630505784531,19.920707025409698),(69.08764784161257,21.68920060475999),(64.98612846322325,23.150303466704052),(60.78545609964506,24.295569583532163),(56.50991308999751,25.118378648344866),(52.18421456945286,25.613974344292615),(47.83336560132322,25.779491838864416),(43.48251663319358,25.613974344292615),(39.15681811264893,25.118378648344866),(34.881275103001364,24.295569583532156),(30.680602739423176,23.150303466704045),(26.579083361033867,21.68920060475999),(22.600426144801144,19.920707025409705),(18.767630052653633,17.85504565420117),(15.102850884051627,15.50415722004172),(11.62727320252867,12.881631230812317),(8.360987876544492,10.00262741807699),(5.322875942533713,6.88378810498223),(2.5304994614902654,3.5431420039114343),(0.,0.),(95.15473120264645,0.32),(3.0154134367459147,3.8191610965941547),(5.7779008071169,7.118339865452799),(8.783493321039655,10.19846512683434),(12.014816898757104,13.041731958180204),(15.453192603154484,15.631704616963882),(19.078744614922847,17.953411548879874),(22.870515126400672,19.993431932169855),(26.806585489939614,21.73997325780896),(30.864202920486953,23.182939497094022),(35.01991201996874,24.31398946258464),(39.249690363186915,25.126585025037183),(43.52908736146408,25.616028907609614),(47.83336560132322,25.779491838864416),(52.13764384118237,25.616028907609614),(56.417040839459524,25.126585025037183),(60.64681918267768,24.313989462584644),(64.80252828215947,23.18293949709403),(68.86014571270681,21.73997325780896),(72.79621607624578,19.99343193216985),(76.58798658772359,17.95341154887988),(80.21353859949195,15.631704616963882),(83.65191430388934,13.041731958180211),(86.88323788160679,10.19846512683434),(89.88883039552954,7.118339865452805),(92.65131776590052,3.819161096594162),(0.512,0.32)));
#457=IFCINDEXEDPOLYCURVE(#456,(IFCLINEINDEX((1,2,3,4,5,6,7,8,9,10,11,12,13,14,15,16,17,18,19,20,21,22,23,24,25,26,27,28,29,30,31,32,33,34,35,36,37,38,39,40,41,42,43,44,45,46,47,48,49,50,51,52,53,54,1))),$);
#458=IFCARBITRARYCLOSEDPROFILEDEF(.AREA.,$,#457);
#459=IFCCARTESIANPOINT((0.,0.,0.));
#460=IFCDIRECTION((0.,0.,1.));
#461=IFCDIRECTION((1.,0.,0.));
#462=IFCAXIS2PLACEMENT3D(#459,#460,#461);
#463=IFCDIRECTION((0.,0.,1.));
#464=IFCEXTRUDEDAREASOLID(#458,#462,#463,1.1);
#465=IFCSHAPEREPRESENTATION(#11,'Body','SweptSolid',(#464));
#466=IFCPRODUCTDEFINITIONSHAPE($,$,(#465));
#467=IFCPROPERTYSET('1WPtk_r5TSl8LaJT76R75J',$,'Pset_PlateCommon',$,(#469));
#468=IFCRELDEFINESBYPROPERTIES('14TwnJW_jIyeeegN$iS_dh',$,$,$,(#448),#467);
#469=IFCPROPERTYSINGLEVALUE('IsExternal',$,IFCBOOLEAN(.T.),$);
#470=IFCWALL('3$o_LyfH9LwuvH2oEBgbHC',$,'Level 01 Back Facade','Rendered facade to the harbour side',$,#477,#488,$,$);
#471=IFCMATERIALLAYERSETUSAGE(#276,.AXIS2.,.POSITIVE.,0.,$);
#472=IFCRELASSOCIATESMATERIAL('1nkNLzTvnKRPL8BlSMunO3',$,$,$,(#470),#471);
#473=IFCCARTESIANPOINT((0.,-0.4,0.));
#474=IFCDIRECTION((0.,0.,1.));
#475=IFCDIRECTION((1.,0.,0.));
#476=IFCAXIS2PLACEMENT3D(#473,#474,#475);
#477=IFCLOCALPLACEMENT(#71,#476);
#478=IFCCARTESIANPOINTLIST2D(((0.,0.),(95.66673120264645,0.),(95.66673120264645,0.4),(0.,0.4)));
#479=IFCINDEXEDPOLYCURVE(#478,(IFCLINEINDEX((1,2,3,4,1))),$);
#480=IFCARBITRARYCLOSEDPROFILEDEF(.AREA.,$,#479);
#481=IFCCARTESIANPOINT((0.,0.,0.));
#482=IFCDIRECTION((0.,0.,1.));
#483=IFCDIRECTION((1.,0.,0.));
#484=IFCAXIS2PLACEMENT3D(#481,#482,#483);
#485=IFCDIRECTION((0.,0.,1.));
#486=IFCEXTRUDEDAREASOLID(#480,#484,#485,3.8);
#487=IFCSHAPEREPRESENTATION(#11,'Body','SweptSolid',(#486));
#488=IFCPRODUCTDEFINITIONSHAPE($,$,(#487));
#489=IFCPROPERTYSET('1MeNuZP6bIzg19QbE__BGL',$,'Pset_WallCommon',$,(#491,#492));
#490=IFCRELDEFINESBYPROPERTIES('1vCWBkk_jROeDMTsHCEoTD',$,$,$,(#470),#489);
#491=IFCPROPERTYSINGLEVALUE('IsExternal',$,IFCBOOLEAN(.T.),$);
#492=IFCPROPERTYSINGLEVALUE('LoadBearing',$,IFCBOOLEAN(.F.),$);
#493=IFCSLAB('0WED_53jXS$OWqhu_557Q5',$,'Level 02 Slab','Floor plate, chord 95.0 m, depth 25.5 m',$,#501,#512,$,$);
#494=IFCMATERIALLAYERSETUSAGE(#254,.AXIS3.,.POSITIVE.,0.,$);
#495=IFCRELASSOCIATESMATERIAL('1etpH9fJLKtAywjIy8in67',$,$,$,(#493),#494);
#496=IFCRELCONTAINEDINSPATIALSTRUCTURE('3bYf8ZDyfSguIUr5WB5Zmh',$,$,$,(#493,#517,#539,#561),#72);
#497=IFCCARTESIANPOINT((0.,0.,-0.33999999999999986));
#498=IFCDIRECTION((0.,0.,1.));
#499=IFCDIRECTION((1.,0.,0.));
#500=IFCAXIS2PLACEMENT3D(#497,#498,#499);
#501=IFCLOCALPLACEMENT(#78,#500);
#502=IFCCARTESIANPOINTLIST2D(((0.,0.),(95.02413184177931,0.),(92.50144446313445,3.5058559516302275),(89.72062755098854,6.810706154752648),(86.69763622620657,9.89558881285296),(83.44981510135554,12.742804207747849),(79.99579876484312,15.336016252888083),(76.35540486373486,17.660346222735097),(72.5495203986941,19.702458120432293),(68.59998188343476,21.450635193968647),(64.5294500562805,22.894847161817925),(60.36127986268038,24.026807762342013),(56.11938645466568,24.84002229676482),(51.828107976083906,25.329824892935886),(47.512065920889654,25.49340527608027),(43.19602386569541,25.329824892935886),(38.904745387113636,24.84002229676482),(34.66285197909892,24.026807762342006),(30.494681785498823,22.894847161817932),(26.424149958344547,21.450635193968647),(22.474611443085212,19.702458120432293),(18.668726978044425,17.660346222735082),(15.028333076936192,15.336016252888083),(11.574316740423775,12.742804207747849),(8.326495615572739,9.895588812852967),(5.303504290790762,6.810706154752641),(2.5226873786448465,3.5058559516302203)));
#503=IFCINDEXEDPOLYCURVE(#502,(IFCLINEINDEX((1,2,3,4,5,6,7,8,9,10,11,12,13,14,15,16,17,18,19,20,21,22,23,24,25,26,27,1))),$);
#504=IFCARBITRARYCLOSEDPROFILEDEF(.AREA.,$,#503);
#505=IFCCARTESIANPOINT((0.,0.,0.));
#506=IFCDIRECTION((0.,0.,1.));
#507=IFCDIRECTION((1.,0.,0.));
#508=IFCAXIS2PLACEMENT3D(#505,#506,#507);
#509=IFCDIRECTION((0.,0.,1.));
#510=IFCEXTRUDEDAREASOLID(#504,#508,#509,0.34);
#511=IFCSHAPEREPRESENTATION(#11,'Body','SweptSolid',(#510));
#512=IFCPRODUCTDEFINITIONSHAPE($,$,(#511));
#513=IFCELEMENTQUANTITY('2yItuCdmHM4x8iEhsR67sA',$,'Qto_SlabBaseQuantities',$,'BaseQuantities',(#515,#516));
#514=IFCRELDEFINESBYPROPERTIES('2nugWf1szQChtVBx2VoZTb',$,$,$,(#493),#513);
#515=IFCQUANTITYLENGTH('Width',$,$,95.02,$);
#516=IFCQUANTITYLENGTH('Depth',$,$,25.49,$);
#517=IFCPLATE('02ezrTJwLVXx2TUAVS4qt8',$,'Level 02 Curtain Wall','Unitised solar-control glazing to the curved facade',$,#524,#535,$,$);
#518=IFCMATERIALLAYERSETUSAGE(#268,.AXIS2.,.POSITIVE.,0.,$);
#519=IFCRELASSOCIATESMATERIAL('0pCcRt48HU9xHWJyv$VR5l',$,$,$,(#517),#518);
#520=IFCCARTESIANPOINT((0.35,0.,0.));
#521=IFCDIRECTION((0.,0.,1.));
#522=IFCDIRECTION((1.,0.,0.));
#523=IFCAXIS2PLACEMENT3D(#520,#521,#522);
#524=IFCLOCALPLACEMENT(#78,#523);
#525=IFCCARTESIANPOINTLIST2D(((94.3241318417793,0.),(91.80688270546163,3.460619031411813),(89.03625405698799,6.721913894977323),(86.02797046610415,9.765375268427075),(82.79910530176046,12.573730132996278),(79.36798383302695,15.131039805612755),(75.75407922490936,17.422790398126683),(71.97790201933687,19.435975190185392),(68.06088372856723,21.159168448249563),(64.0252552016688,22.582590271794896),(59.893920454404935,23.698162098667535),(55.69032667859339,24.499552554575313),(51.43833116869581,24.982213386498305),(47.16206592088965,25.14340527608027),(42.8858006730835,24.982213386498305),(38.63380516318594,24.499552554575313),(34.430211387374385,23.698162098667535),(30.298876640110514,22.582590271794903),(26.26324811321207,21.159168448249563),(22.346229822442442,19.4359751901854),(18.57005261686995,17.422790398126683),(14.956148008752336,15.131039805612748),(11.52502654001885,12.573730132996292),(8.296161375675162,9.765375268427075),(5.287877784791313,6.721913894977316),(2.5172491363176803,3.46061903141182),(0.,0.),(94.03613184177931,0.18),(2.7898772958967037,3.6158446852636192),(5.543586815931416,6.853792151410347),(8.533500014058768,9.87546558320281),(11.742647781609644,12.663715618292015),(15.152816754651935,15.20271767759927),(18.744652683062352,17.478061776954345),(22.49777027464276,19.476834310268007),(26.390868890866454,21.187691340082825),(30.401853437628482,22.600922979545107),(34.507959764890394,23.708508500401024),(38.68588386351978,24.504161854254427),(42.91191412607417,24.983367348732383),(47.16206592088966,25.14340527608027),(51.41221771570514,24.983367348732383),(55.63824797825956,24.504161854254427),(59.816172076888925,23.708508500401024),(63.92227840415084,22.600922979545103),(67.93326295091286,21.187691340082825),(71.82636156713656,19.476834310268),(75.57947915871696,17.478061776954345),(79.17131508712737,15.202717677599278),(82.58148406016967,12.663715618292),(85.79063182772055,9.87546558320281),(88.78054502584789,6.853792151410354),(91.5342545458826,3.6158446852636117),(0.288,0.18)));
#526=IFCINDEXEDPOLYCURVE(#525,(IFCLINEINDEX((1,2,3,4,5,6,7,8,9,10,11,12,13,14,15,16,17,18,19,20,21,22,23,24,25,26,27,28,29,30,31,32,33,34,35,36,37,38,39,40,41,42,43,44,45,46,47,48,49,50,51,52,53,54,1))),$);
#527=IFCARBITRARYCLOSEDPROFILEDEF(.AREA.,$,#526);
#528=IFCCARTESIANPOINT((0.,0.,0.));
#529=IFCDIRECTION((0.,0.,1.));
#530=IFCDIRECTION((1.,0.,0.));
#531=IFCAXIS2PLACEMENT3D(#528,#529,#530);
#532=IFCDIRECTION((0.,0.,1.));
#533=IFCEXTRUDEDAREASOLID(#527,#531,#532,3.8);
#534=IFCSHAPEREPRESENTATION(#11,'Body','SweptSolid',(#533));
#535=IFCPRODUCTDEFINITIONSHAPE($,$,(#534));
#536=IFCPROPERTYSET('2Vf_krF_jSN9GydAMVnHg4',$,'Pset_PlateCommon',$,(#538));
#537=IFCRELDEFINESBYPROPERTIES('1_IakoyQLUP9yOZ0S_my1i',$,$,$,(#517),#536);
#538=IFCPROPERTYSINGLEVALUE('IsExternal',$,IFCBOOLEAN(.T.),$);
#539=IFCPLATE('3tY8iDZCTMwQZgmtzNdMkH',$,'Level 02 Spandrel','Opaque spandrel band expressing the floor line',$,#546,#557,$,$);
#540=IFCMATERIALLAYERSETUSAGE(#272,.AXIS2.,.POSITIVE.,0.,$);
#541=IFCRELASSOCIATESMATERIAL('17p758YwrLruRC5pVl_I1m',$,$,$,(#539),#540);
#542=IFCCARTESIANPOINT((0.,0.,0.));
#543=IFCDIRECTION((0.,0.,1.));
#544=IFCDIRECTION((1.,0.,0.));
#545=IFCAXIS2PLACEMENT3D(#542,#543,#544);
#546=IFCLOCALPLACEMENT(#78,#545);
#547=IFCCARTESIANPOINTLIST2D(((95.02413184177931,0.),(92.50144446313445,3.5058559516302275),(89.72062755098854,6.810706154752648),(86.69763622620657,9.89558881285296),(83.44981510135554,12.742804207747849),(79.99579876484312,15.336016252888083),(76.35540486373486,17.660346222735097),(72.5495203986941,19.702458120432293),(68.59998188343476,21.450635193968647),(64.5294500562805,22.894847161817925),(60.36127986268038,24.026807762342013),(56.11938645466568,24.84002229676482),(51.828107976083906,25.329824892935886),(47.512065920889654,25.49340527608027),(43.19602386569541,25.329824892935886),(38.904745387113636,24.84002229676482),(34.66285197909892,24.026807762342006),(30.494681785498823,22.894847161817932),(26.424149958344547,21.450635193968647),(22.474611443085212,19.702458120432293),(18.668726978044425,17.660346222735082),(15.028333076936192,15.336016252888083),(11.574316740423775,12.742804207747849),(8.326495615572739,9.895588812852967),(5.303504290790762,6.810706154752641),(2.5226873786448465,3.5058559516302203),(0.,0.),(94.51213184177931,0.32),(3.00750236968277,3.781849515755045),(5.758352614805842,7.045216360591414),(8.74876755023726,10.091376751505319),(11.961589472597447,12.902853141881206),(15.378384603716714,15.463514500070904),(18.97954885565602,17.75866886225403),(22.74442031045757,19.775147628551718),(26.651397769264843,21.501381118738827),(30.67806469062923,22.927464954049245),(34.80131780689834,24.045216884203676),(38.99749968074151,24.848223733611594),(43.24253444126034,25.331878197390086),(47.512065920889654,25.49340527608027),(51.78159740051898,25.331878197390086),(56.026632161037796,24.848223733611594),(60.22281403488095,24.04521688420368),(64.34606715115008,22.927464954049242),(68.37273407251446,21.501381118738827),(72.27971153132174,19.775147628551718),(76.04458298612326,17.758668862254044),(79.6457472380626,15.463514500070904),(83.06254236918187,12.902853141881206),(86.27536429154205,10.091376751505312),(89.26577922697346,7.045216360591421),(92.01662947209653,3.7818495157550522),(0.512,0.32)));
#548=IFCINDEXEDPOLYCURVE(#547,(IFCLINEINDEX((1,2,3,4,5,6,7,8,9,10,11,12,13,14,15,16,17,18,19,20,21,22,23,24,25,26,27,28,29,30,31,32,33,34,35,36,37,38,39,40,41,42,43,44,45,46,47,48,49,50,51,52,53,54,1))),$);
#549=IFCARBITRARYCLOSEDPROFILEDEF(.AREA.,$,#548);
#550=IFCCARTESIANPOINT((0.,0.,0.));
#551=IFCDIRECTION((0.,0.,1.));
#552=IFCDIRECTION((1.,0.,0.));
#553=IFCAXIS2PLACEMENT3D(#550,#551,#552);
#554=IFCDIRECTION((0.,0.,1.));
#555=IFCEXTRUDEDAREASOLID(#549,#553,#554,1.1);
#556=IFCSHAPEREPRESENTATION(#11,'Body','SweptSolid',(#555));
#557=IFCPRODUCTDEFINITIONSHAPE($,$,(#556));
#558=IFCPROPERTYSET('3X5c2PD5nLHA260FcFxUlJ',$,'Pset_PlateCommon',$,(#560));
#559=IFCRELDEFINESBYPROPERTIES('01zMviIfrSruG7g_mZtG84',$,$,$,(#539),#558);
#560=IFCPROPERTYSINGLEVALUE('IsExternal',$,IFCBOOLEAN(.T.),$);
#561=IFCWALL('28Vg6VCFXGp9ryBqSwa9_H',$,'Level 02 Back Facade','Rendered facade to the harbour side',$,#568,#579,$,$);
#562=IFCMATERIALLAYERSETUSAGE(#276,.AXIS2.,.POSITIVE.,0.,$);
#563=IFCRELASSOCIATESMATERIAL('1wnhp41m5KXh_U4D8o5e9Z',$,$,$,(#561),#562);
#564=IFCCARTESIANPOINT((0.,-0.4,0.));
#565=IFCDIRECTION((0.,0.,1.));
#566=IFCDIRECTION((1.,0.,0.));
#567=IFCAXIS2PLACEMENT3D(#564,#565,#566);
#568=IFCLOCALPLACEMENT(#78,#567);
#569=IFCCARTESIANPOINTLIST2D(((0.,0.),(95.02413184177931,0.),(95.02413184177931,0.4),(0.,0.4)));
#570=IFCINDEXEDPOLYCURVE(#569,(IFCLINEINDEX((1,2,3,4,1))),$);
#571=IFCARBITRARYCLOSEDPROFILEDEF(.AREA.,$,#570);
#572=IFCCARTESIANPOINT((0.,0.,0.));
#573=IFCDIRECTION((0.,0.,1.));
#574=IFCDIRECTION((1.,0.,0.));
#575=IFCAXIS2PLACEMENT3D(#572,#573,#574);
#576=IFCDIRECTION((0.,0.,1.));
#577=IFCEXTRUDEDAREASOLID(#571,#575,#576,3.8);
#578=IFCSHAPEREPRESENTATION(#11,'Body','SweptSolid',(#577));
#579=IFCPRODUCTDEFINITIONSHAPE($,$,(#578));
#580=IFCPROPERTYSET('17AnY2X1DR2BwGxMR1A3OB',$,'Pset_WallCommon',$,(#582,#583));
#581=IFCRELDEFINESBYPROPERTIES('2tMZGLHcnGKO5YnO9trV2Y',$,$,$,(#561),#580);
#582=IFCPROPERTYSINGLEVALUE('IsExternal',$,IFCBOOLEAN(.T.),$);
#583=IFCPROPERTYSINGLEVALUE('LoadBearing',$,IFCBOOLEAN(.F.),$);
#584=IFCSLAB('1NWcM2lSPLwwGOU4cC5xvS',$,'Level 03 Slab','Floor plate, chord 94.2 m, depth 25.2 m',$,#592,#603,$,$);
#585=IFCMATERIALLAYERSETUSAGE(#254,.AXIS3.,.POSITIVE.,0.,$);
#586=IFCRELASSOCIATESMATERIAL('04_WvJp0HLKxiyFIVRrLR4',$,$,$,(#584),#585);
#587=IFCRELCONTAINEDINSPATIALSTRUCTURE('2IWee1tZTLwey4JJFiitwt',$,$,$,(#584,#608,#630,#652),#79);
#588=IFCCARTESIANPOINT((0.,0.,-0.33999999999999986));
#589=IFCDIRECTION((0.,0.,1.));
#590=IFCDIRECTION((1.,0.,0.));
#591=IFCAXIS2PLACEMENT3D(#588,#589,#590);
#592=IFCLOCALPLACEMENT(#85,#591);
#593=IFCCARTESIANPOINTLIST2D(((0.,0.),(94.17049921952311,0.),(91.66329689217443,3.4637799655254966),(88.90183870389475,6.728467367746667),(85.90187493922745,9.775441698213157),(82.68051622585247,12.587324199243646),(79.25613594221427,15.148076985607169),(75.64826542291028,17.443094518388932),(71.87748255954716,19.45928690930935),(67.96529443244255,21.185154580360695),(63.93401464259561,22.610853852931925),(59.806636043576816,23.728253092326717),(55.60669959922498,24.530979087448216),(51.35816011513646,25.01445340111885),(47.085249609761554,25.175918483707044),(42.81233910438664,25.01445340111885),(38.56379962029812,24.530979087448216),(34.36386317594628,23.72825309232671),(30.236484576927484,22.610853852931918),(26.20520478708056,21.185154580360695),(22.29301665997594,19.45928690930934),(18.522233796612817,17.443094518388932),(14.914363277308823,15.148076985607155),(11.489982993670644,12.587324199243646),(8.268624280295661,9.775441698213157),(5.268660515628355,6.72846736774666),(2.5072023273486863,3.4637799655254966)));
#594=IFCINDEXEDPOLYCURVE(#593,(IFCLINEINDEX((1,2,3,4,5,6,7,8,9,10,11,12,13,14,15,16,17,18,19,20,21,22,23,24,25,26,27,1))),$);
#595=IFCARBITRARYCLOSEDPROFILEDEF(.AREA.,$,#594);
#596=IFCCARTESIANPOINT((0.,0.,0.));
#597=IFCDIRECTION((0.,0.,1.));
#598=IFCDIRECTION((1.,0.,0.));
#599=IFCAXIS2PLACEMENT3D(#596,#597,#598);
#600=IFCDIRECTION((0.,0.,1.));
#601=IFCEXTRUDEDAREASOLID(#595,#599,#600,0.34);
#602=IFCSHAPEREPRESENTATION(#11,'Body','SweptSolid',(#601));
#603=IFCPRODUCTDEFINITIONSHAPE($,$,(#602));
#604=IFCELEMENTQUANTITY('1kaIKZbKHOHxUYx3YHozJU',$,'Qto_SlabBaseQuantities',$,'BaseQuantities',(#606,#607));
#605=IFCRELDEFINESBYPROPERTIES('0QnjS9EsHOfxkjD_GdOgmC',$,$,$,(#584),#604);
#606=IFCQUANTITYLENGTH('Width',$,$,94.17,$);
#607=IFCQUANTITYLENGTH('Depth',$,$,25.18,$);
#608=IFCPLATE('2CbUHwcNfQBgJODIzYnQ1P',$,'Level 03 Curtain Wall','Unitised solar-control glazing to the curved facade',$,#615,#626,$,$);
#609=IFCMATERIALLAYERSETUSAGE(#268,.AXIS2.,.POSITIVE.,0.,$);
#610=IFCRELASSOCIATESMATERIAL('1PvGuD_zPRQvyOrRxjQlZL',$,$,$,(#608),#609);
#611=IFCCARTESIANPOINT((0.35,0.,0.));
#612=IFCDIRECTION((0.,0.,1.));
#613=IFCDIRECTION((1.,0.,0.));
#614=IFCAXIS2PLACEMENT3D(#611,#612,#613);
#615=IFCLOCALPLACEMENT(#85,#614);
#616=IFCCARTESIANPOINTLIST2D(((93.4704992195231,0.),(90.96876716801177,3.4185173473831867),(88.21752419759912,6.6396330282729465),(85.2322894259037,9.645177483073041),(82.02990186352515,12.418197139015298),(78.62842542912684,14.943050041295315),(75.04704705509889,17.20549408567826),(71.30596845856363,19.192767354875194),(67.42629218821783,20.89366010553138),(63.42990258979504,22.29857799976469),(59.33934236159355,23.399596224579888),(55.17768539639202,24.19050419388376),(50.968406627020954,24.666840580947614),(46.73524960976155,24.825918483707042),(42.50209259250214,24.666840580947614),(38.2928138231311,24.19050419388377),(34.13115685792954,23.399596224579888),(30.04059662972807,22.298577999764696),(26.044207031305255,20.893660105531374),(22.16453076095949,19.192767354875194),(18.423452164424216,17.205494085678254),(14.842073790396256,14.943050041295308),(11.440597355997944,12.418197139015291),(8.238209793619404,9.645177483073049),(5.252975021923994,6.6396330282729465),(2.5017320515113326,3.4185173473831796),(0.,0.),(93.18249921952311,0.18),(2.7743154476234446,3.5737314316905615),(5.508604235013762,6.771492455110528),(8.475442879130371,9.755245248819861),(11.658096137623385,12.50815916170985),(15.038611408418495,15.014705650766578),(18.597919996143126,17.26074587394725),(22.31594467417366,19.233610444078728),(26.171712935571374,20.922170893905072),(30.14347529408521,22.316902449166566),(34.20882796791264,23.409937755621783),(38.34483925418906,24.195111256951474),(42.52817888135585,24.667993973218497),(46.73524960976155,24.825918483707042),(50.94232033816724,24.667993973218497),(55.12565996533405,24.19511125695147),(59.26167125161045,23.409937755621783),(63.327023925437906,22.316902449166555),(67.29878628395171,20.92217089390508),(71.15455454534946,19.233610444078728),(74.87257922337999,17.260745873947258),(78.4318878111046,15.014705650766587),(81.81240308189972,12.508159161709857),(84.99505634039274,9.755245248819852),(87.96189498450936,6.771492455110528),(90.69618377189967,3.5737314316905686),(0.288,0.18)));
#617=IFCINDEXEDPOLYCURVE(#616,(IFCLINEINDEX((1,2,3,4,5,6,7,8,9,10,11,12,13,14,15,16,17,18,19,20,21,22,23,24,25,26,27,28,29,30,31,32,33,34,35,36,37,38,39,40,41,42,43,44,45,46,47,48,49,50,51,52,53,54,1))),$);
#618=IFCARBITRARYCLOSEDPROFILEDEF(.AREA.,$,#617);
#619=IFCCARTESIANPOINT((0.,0.,0.));
#620=IFCDIRECTION((0.,0.,1.));
#621=IFCDIRECTION((1.,0.,0.));
#622=IFCAXIS2PLACEMENT3D(#619,#620,#621);
#623=IFCDIRECTION((0.,0.,1.));
#624=IFCEXTRUDEDAREASOLID(#618,#622,#623,3.8);
#625=IFCSHAPEREPRESENTATION(#11,'Body','SweptSolid',(#624));
#626=IFCPRODUCTDEFINITIONSHAPE($,$,(#625));
#627=IFCPROPERTYSET('01gNwoE0fIXh79zEwrOeLk',$,'Pset_PlateCommon',$,(#629));
#628=IFCRELDEFINESBYPROPERTIES('04yzQDC7PSJ8sWwxjDf3H3',$,$,$,(#608),#627);
#629=IFCPROPERTYSINGLEVALUE('IsExternal',$,IFCBOOLEAN(.T.),$);
#630=IFCPLATE('3ye31qlKLV1uj5$LRTqFBI',$,'Level 03 Spandrel','Opaque spandrel band expressing the floor line',$,#637,#648,$,$);
#631=IFCMATERIALLAYERSETUSAGE(#272,.AXIS2.,.POSITIVE.,0.,$);
#632=IFCRELASSOCIATESMATERIAL('27JwVHEt9OUOZ7nM3Pb4eS',$,$,$,(#630),#631);
#633=IFCCARTESIANPOINT((0.,0.,0.));
#634=IFCDIRECTION((0.,0.,1.));
#635=IFCDIRECTION((1.,0.,0.));
#636=IFCAXIS2PLACEMENT3D(#633,#634,#635);
#637=IFCLOCALPLACEMENT(#85,#636);
#638=IFCCARTESIANPOINTLIST2D(((94.17049921952311,0.),(91.66329689217443,3.4637799655254966),(88.90183870389475,6.728467367746667),(85.90187493922745,9.775441698213157),(82.68051622585247,12.587324199243646),(79.25613594221427,15.148076985607169),(75.64826542291028,17.443094518388932),(71.87748255954716,19.45928690930935),(67.96529443244255,21.185154580360695),(63.93401464259561,22.610853852931925),(59.806636043576816,23.728253092326717),(55.60669959922498,24.530979087448216),(51.35816011513646,25.01445340111885),(47.085249609761554,25.175918483707044),(42.81233910438664,25.01445340111885),(38.56379962029812,24.530979087448216),(34.36386317594628,23.72825309232671),(30.236484576927484,22.610853852931918),(26.20520478708056,21.185154580360695),(22.29301665997594,19.45928690930934),(18.522233796612817,17.443094518388932),(14.914363277308823,15.148076985607155),(11.489982993670644,12.587324199243646),(8.268624280295661,9.775441698213157),(5.268660515628355,6.72846736774666),(2.5072023273486863,3.4637799655254966),(0.,0.),(93.65849921952311,0.32),(2.9919392757084884,3.739753385534563),(5.723369661138705,6.962944785558752),(8.690712138667475,9.971190368695522),(11.8770421397617,12.747332270990276),(15.264186076141367,15.275536457700245),(18.832824994865703,17.541383034476368),(22.56260476613432,19.53194849283771),(26.43225217533517,21.235879420842572),(30.419696257194815,22.64345725853872),(34.50219417998885,23.7466537288533),(38.65646096181729,24.53917662776582),(42.858802279093865,25.01650571259506),(47.085249609761554,25.175918483707047),(51.31169694042922,25.01650571259506),(55.51403825770582,24.53917662776582),(59.668305039534246,23.746653728853303),(63.75080296232828,22.643457258538724),(67.73824704418794,21.235879420842572),(71.60789445338878,19.531948492837714),(75.33767422465739,17.541383034476368),(78.90631314338172,15.275536457700259),(82.29345707976141,12.747332270990276),(85.47978708085564,9.971190368695522),(88.4471295583844,6.962944785558759),(91.17855994381463,3.739753385534563),(0.512,0.32)));
#639=IFCINDEXEDPOLYCURVE(#638,(IFCLINEINDEX((1,2,3,4,5,6,7,8,9,10,11,12,13,14,15,16,17,18,19,20,21,22,23,24,25,26,27,28,29,30,31,32,33,34,35,36,37,38,39,40,41,42,43,44,45,46,47,48,49,50,51,52,53,54,1))),$);
#640=IFCARBITRARYCLOSEDPROFILEDEF(.AREA.,$,#639);
#641=IFCCARTESIANPOINT((0.,0.,0.));
#642=IFCDIRECTION((0.,0.,1.));
#643=IFCDIRECTION((1.,0.,0.));
#644=IFCAXIS2PLACEMENT3D(#641,#642,#643);
#645=IFCDIRECTION((0.,0.,1.));
#646=IFCEXTRUDEDAREASOLID(#640,#644,#645,1.1);
#647=IFCSHAPEREPRESENTATION(#11,'Body','SweptSolid',(#646));
#648=IFCPRODUCTDEFINITIONSHAPE($,$,(#647));
#649=IFCPROPERTYSET('0ewXNczQrGHv3M2FVOD9lw',$,'Pset_PlateCommon',$,(#651));
#650=IFCRELDEFINESBYPROPERTIES('0hKT9fbpfMZ9GfAEr8ULLa',$,$,$,(#630),#649);
#651=IFCPROPERTYSINGLEVALUE('IsExternal',$,IFCBOOLEAN(.T.),$);
#652=IFCWALL('1UwWr4RbfPCgDJZq9NJ8BX',$,'Level 03 Back Facade','Rendered facade to the harbour side',$,#659,#670,$,$);
#653=IFCMATERIALLAYERSETUSAGE(#276,.AXIS2.,.POSITIVE.,0.,$);
#654=IFCRELASSOCIATESMATERIAL('0D2PrwGk5OA9rOnsh57g4_',$,$,$,(#652),#653);
#655=IFCCARTESIANPOINT((0.,-0.4,0.));
#656=IFCDIRECTION((0.,0.,1.));
#657=IFCDIRECTION((1.,0.,0.));
#658=IFCAXIS2PLACEMENT3D(#655,#656,#657);
#659=IFCLOCALPLACEMENT(#85,#658);
#660=IFCCARTESIANPOINTLIST2D(((0.,0.),(94.17049921952311,0.),(94.17049921952311,0.4),(0.,0.4)));
#661=IFCINDEXEDPOLYCURVE(#660,(IFCLINEINDEX((1,2,3,4,1))),$);
#662=IFCARBITRARYCLOSEDPROFILEDEF(.AREA.,$,#661);
#663=IFCCARTESIANPOINT((0.,0.,0.));
#664=IFCDIRECTION((0.,0.,1.));
#665=IFCDIRECTION((1.,0.,0.));
#666=IFCAXIS2PLACEMENT3D(#663,#664,#665);
#667=IFCDIRECTION((0.,0.,1.));
#668=IFCEXTRUDEDAREASOLID(#662,#666,#667,3.8);
#669=IFCSHAPEREPRESENTATION(#11,'Body','SweptSolid',(#668));
#670=IFCPRODUCTDEFINITIONSHAPE($,$,(#669));
#671=IFCPROPERTYSET('1PE8Pf60LRjA7vWxBdTgIU',$,'Pset_WallCommon',$,(#673,#674));
#672=IFCRELDEFINESBYPROPERTIES('0bujDKTJPGzOHmnpoJE_xU',$,$,$,(#652),#671);
#673=IFCPROPERTYSINGLEVALUE('IsExternal',$,IFCBOOLEAN(.T.),$);
#674=IFCPROPERTYSINGLEVALUE('LoadBearing',$,IFCBOOLEAN(.F.),$);
#675=IFCSLAB('1jDiHepFbIsvy3iQ5a_xEf',$,'Level 04 Slab','Floor plate, chord 93.1 m, depth 24.8 m',$,#683,#694,$,$);
#676=IFCMATERIALLAYERSETUSAGE(#254,.AXIS3.,.POSITIVE.,0.,$);
#677=IFCRELASSOCIATESMATERIAL('0bl4HRrqbUB84EkPAuhmEJ',$,$,$,(#675),#676);
#678=IFCRELCONTAINEDINSPATIALSTRUCTURE('0WDzPuYW5Nvw6T$pqexjqH',$,$,$,(#675,#699,#721,#743),#86);
#679=IFCCARTESIANPOINT((0.,0.,-0.33999999999999986));
#680=IFCDIRECTION((0.,0.,1.));
#681=IFCDIRECTION((1.,0.,0.));
#682=IFCAXIS2PLACEMENT3D(#679,#680,#681);
#683=IFCLOCALPLACEMENT(#92,#682);
#684=IFCCARTESIANPOINTLIST2D(((0.,0.),(93.14249077684056,0.),(90.65740139153164,3.4181922163111125),(87.92197117708425,6.639547338385221),(84.95173312457806,9.645773077092997),(81.76355356857741,12.419798743759472),(78.3755364125715,14.945872185137347),(74.8069203269473,17.209649231148965),(71.07796950325029,19.198275147472664),(67.20985858507959,20.900457630449573),(63.22455242903068,22.30653092981327),(59.144681378456816,23.40851073512473),(54.993412758300266,24.20013951424309),(50.79431932070284,24.67692204638024),(46.57124538842028,24.83615094796646),(42.34817145613771,24.67692204638024),(38.14907801854029,24.20013951424309),(33.99780939838374,23.40851073512472),(29.91793834780988,22.30653092981327),(25.932632191760963,20.900457630449566),(22.064521273590255,19.198275147472657),(18.335570449893243,17.20964923114896),(14.766954364269036,14.94587218513734),(11.378937208263153,12.419798743759458),(8.190757652262512,9.645773077093004),(5.220519599756308,6.639547338385206),(2.4850893853089175,3.4181922163111125)));
#685=IFCINDEXEDPOLYCURVE(#684,(IFCLINEINDEX((1,2,3,4,5,6,7,8,9,10,11,12,13,14,15,16,17,18,19,20,21,22,23,24,25,26,27,1))),$);
#686=IFCARBITRARYCLOSEDPROFILEDEF(.AREA.,$,#685);
#687=IFCCARTESIANPOINT((0.,0.,0.));
#688=IFCDIRECTION((0.,0.,1.));
#689=IFCDIRECTION((1.,0.,0.));
#690=IFCAXIS2PLACEMENT3D(#687,#688,#689);
#691=IFCDIRECTION((0.,0.,1.));
#692=IFCEXTRUDEDAREASOLID(#686,#690,#691,0.34);
#693=IFCSHAPEREPRESENTATION(#11,'Body','SweptSolid',(#692));
#694=IFCPRODUCTDEFINITIONSHAPE($,$,(#693));
#695=IFCELEMENTQUANTITY('1N9R7UioDVWO3VRpHFBUU0',$,'Qto_SlabBaseQuantities',$,'BaseQuantities',(#697,#698));
#696=IFCRELDEFINESBYPROPERTIES('34PhIvSFbM8RWYf$2l48bc',$,$,$,(#675),#695);
#697=IFCQUANTITYLENGTH('Width',$,$,93.14,$);
#698=IFCQUANTITYLENGTH('Depth',$,$,24.84,$);
#699=IFCPLATE('17Ed_E8IXUzRhC5UbbGPst',$,'Level 04 Curtain Wall','Unitised solar-control glazing to the curved facade',$,#706,#717,$,$);
#700=IFCMATERIALLAYERSETUSAGE(#268,.AXIS2.,.POSITIVE.,0.,$);
#701=IFCRELASSOCIATESMATERIAL('37cciXHT9KrviIbAvkXB5u',$,$,$,(#699),#700);
#702=IFCCARTESIANPOINT((0.35,0.,0.));
#703=IFCDIRECTION((0.,0.,1.));
#704=IFCDIRECTION((1.,0.,0.));
#705=IFCAXIS2PLACEMENT3D(#702,#703,#704);
#706=IFCLOCALPLACEMENT(#92,#705);
#707=IFCCARTESIANPOINTLIST2D(((92.44249077684056,0.),(89.96289573077807,3.3729103639215054),(87.23770096982963,6.550681505839343),(84.2822078612518,9.515470941980766),(81.1130108467068,12.250632033855567),(77.74790426813412,14.740807455458125),(74.20578245644694,16.972015421264253),(70.50653364403324,18.931728190871716),(66.67092829671931,20.60894240949837),(62.72050249218721,21.99424088939128),(58.677436999650666,23.079845485258012),(54.56443273973021,23.859660766836164),(50.40458332379289,24.32930824338934),(46.22124538842028,24.486150947966458),(42.03790745304766,24.32930824338934),(37.878058037110364,23.859660766836164),(33.76505377718989,23.079845485258012),(29.721988284653357,21.99424088939128),(25.77156248012125,20.60894240949837),(21.93595713280732,18.931728190871716),(18.236708320393614,16.972015421264246),(14.694586508706447,14.740807455458132),(11.329479930133743,12.25063203385556),(8.160282915588752,9.515470941980766),(5.20478980701094,6.550681505839357),(2.4795950460624994,3.3729103639215197),(0.,0.),(92.15449077684056,0.18),(2.7521449350309846,3.5281157824131393),(5.460359277460677,6.682526829608015),(8.397437001335687,9.625521819589245),(11.546887063315491,12.340576484872793),(14.891025996242028,14.81244639260179),(18.411077197905747,17.027252538673206),(22.08727635752403,18.972559275283537),(25.898982427985,20.63744413434713),(29.824793520772662,22.012559154744483),(33.842667072848364,23.090183369061208),(37.9300436107786,23.864266155116383),(42.06397341720035,24.330461208871093),(46.22124538842028,24.486150947966454),(50.3785173596402,24.330461208871093),(54.512447166061975,23.864266155116383),(58.5998237039922,23.090183369061208),(62.617697256067906,22.012559154744483),(66.54350834885557,20.63744413434713),(70.35521441931654,18.972559275283537),(74.03141357893482,17.027252538673217),(77.55146478059855,14.812446392601784),(80.89560371352506,12.3405764848728),(84.04505377550487,9.625521819589245),(86.9821314993799,6.682526829608001),(89.69034584180959,3.5281157824131246),(0.288,0.18)));
#708=IFCINDEXEDPOLYCURVE(#707,(IFCLINEINDEX((1,2,3,4,5,6,7,8,9,10,11,12,13,14,15,16,17,18,19,20,21,22,23,24,25,26,27,28,29,30,31,32,33,34,35,36,37,38,39,40,41,42,43,44,45,46,47,48,49,50,51,52,53,54,1))),$);
#709=IFCARBITRARYCLOSEDPROFILEDEF(.AREA.,$,#708);
#710=IFCCARTESIANPOINT((0.,0.,0.));
#711=IFCDIRECTION((0.,0.,1.));
#712=IFCDIRECTION((1.,0.,0.));
#713=IFCAXIS2PLACEMENT3D(#710,#711,#712);
#714=IFCDIRECTION((0.,0.,1.));
#715=IFCEXTRUDEDAREASOLID(#709,#713,#714,3.8);
#716=IFCSHAPEREPRESENTATION(#11,'Body','SweptSolid',(#715));
#717=IFCPRODUCTDEFINITIONSHAPE($,$,(#716));
#718=IFCPROPERTYSET('1p_kJkKW9TwhH0npFKkmC$',$,'Pset_PlateCommon',$,(#720));
#719=IFCRELDEFINESBYPROPERTIES('04spmGI4nK5B1F6ZPgbivz',$,$,$,(#699),#718);
#720=IFCPROPERTYSINGLEVALUE('IsExternal',$,IFCBOOLEAN(.T.),$);
#721=IFCPLATE('1TcUT9K$zLouUrKr8Ykh1O',$,'Level 04 Spandrel','Opaque spandrel band expressing the floor line',$,#728,#739,$,$);
#722=IFCMATERIALLAYERSETUSAGE(#272,.AXIS2.,.POSITIVE.,0.,$);
#723=IFCRELASSOCIATESMATERIAL('16OFc4SsLIkP$OfnlSxy1Y',$,$,$,(#721),#722);
#724=IFCCARTESIANPOINT((0.,0.,0.));
#725=IFCDIRECTION((0.,0.,1.));
#726=IFCDIRECTION((1.,0.,0.));
#727=IFCAXIS2PLACEMENT3D(#724,#725,#726);
#728=IFCLOCALPLACEMENT(#92,#727);
#729=IFCCARTESIANPOINTLIST2D(((93.14249077684056,0.),(90.65740139153164,3.4181922163111125),(87.92197117708425,6.639547338385221),(84.95173312457806,9.645773077092997),(81.76355356857741,12.419798743759472),(78.3755364125715,14.945872185137347),(74.8069203269473,17.209649231148965),(71.07796950325029,19.198275147472664),(67.20985858507959,20.900457630449573),(63.22455242903068,22.30653092981327),(59.144681378456816,23.40851073512473),(54.993412758300266,24.20013951424309),(50.79431932070284,24.67692204638024),(46.57124538842028,24.83615094796646),(42.34817145613771,24.67692204638024),(38.14907801854029,24.20013951424309),(33.99780939838374,23.40851073512472),(29.91793834780988,22.30653092981327),(25.932632191760963,20.900457630449566),(22.064521273590255,19.198275147472657),(18.335570449893243,17.20964923114896),(14.766954364269036,14.94587218513734),(11.378937208263153,12.419798743759458),(8.190757652262512,9.645773077093004),(5.220519599756308,6.639547338385206),(2.4850893853089175,3.4181922163111125),(0.,0.),(92.63049077684056,0.32),(2.969768540554473,3.694150709577191),(5.675125686134667,6.874000461466372),(8.612709213940072,9.841492652516084),(11.765838216341427,12.579776540386256),(15.116607822503898,15.07330292956855),(18.645990870218107,17.307912466643646),(22.33394595060164,19.270916043396415),(26.159531212144838,20.951166851223913),(30.101023277870876,22.33912367767927),(34.136040600345524,23.426905085725448),(38.241670554071895,24.208334168045038),(42.394599543582984,24.67897362227114),(46.57124538842028,24.83615094796646),(50.74789123325757,24.67897362227114),(54.90082022276866,24.208334168045038),(59.00645017649503,23.42690508572545),(63.04146749896969,22.33912367767927),(66.9829595646957,20.951166851223917),(70.80854482623891,19.270916043396422),(74.49649990662245,17.307912466643653),(78.02588295433665,15.07330292956856),(81.37665256049912,12.579776540386272),(84.5297815629005,9.841492652516077),(87.46736509070588,6.8740004614663865),(90.17272223628608,3.694150709577191),(0.512,0.32)));
#730=IFCINDEXEDPOLYCURVE(#729,(IFCLINEINDEX((1,2,3,4,5,6,7,8,9,10,11,12,13,14,15,16,17,18,19,20,21,22,23,24,25,26,27,28,29,30,31,32,33,34,35,36,37,38,39,40,41,42,43,44,45,46,47,48,49,50,51,52,53,54,1))),$);
#731=IFCARBITRARYCLOSEDPROFILEDEF(.AREA.,$,#730);
#732=IFCCARTESIANPOINT((0.,0.,0.));
#733=IFCDIRECTION((0.,0.,1.));
#734=IFCDIRECTION((1.,0.,0.));
#735=IFCAXIS2PLACEMENT3D(#732,#733,#734);
#736=IFCDIRECTION((0.,0.,1.));
#737=IFCEXTRUDEDAREASOLID(#731,#735,#736,1.1);
#738=IFCSHAPEREPRESENTATION(#11,'Body','SweptSolid',(#737));
#739=IFCPRODUCTDEFINITIONSHAPE($,$,(#738));
#740=IFCPROPERTYSET('2ArkQjCn5LCfL07dIXoZp$',$,'Pset_PlateCommon',$,(#742));
#741=IFCRELDEFINESBYPROPERTIES('15dVcx5SjJhOMrXQk897Vg',$,$,$,(#721),#740);
#742=IFCPROPERTYSINGLEVALUE('IsExternal',$,IFCBOOLEAN(.T.),$);
#743=IFCWALL('0HwVrE4kPJcvCu0DgEOiCU',$,'Level 04 Back Facade','Rendered facade to the harbour side',$,#750,#761,$,$);
#744=IFCMATERIALLAYERSETUSAGE(#276,.AXIS2.,.POSITIVE.,0.,$);
#745=IFCRELASSOCIATESMATERIAL('1LiHDM_wbJVvv_6OqNCAG6',$,$,$,(#743),#744);
#746=IFCCARTESIANPOINT((0.,-0.4,0.));
#747=IFCDIRECTION((0.,0.,1.));
#748=IFCDIRECTION((1.,0.,0.));
#749=IFCAXIS2PLACEMENT3D(#746,#747,#748);
#750=IFCLOCALPLACEMENT(#92,#749);
#751=IFCCARTESIANPOINTLIST2D(((0.,0.),(93.14249077684056,0.),(93.14249077684056,0.4),(0.,0.4)));
#752=IFCINDEXEDPOLYCURVE(#751,(IFCLINEINDEX((1,2,3,4,1))),$);
#753=IFCARBITRARYCLOSEDPROFILEDEF(.AREA.,$,#752);
#754=IFCCARTESIANPOINT((0.,0.,0.));
#755=IFCDIRECTION((0.,0.,1.));
#756=IFCDIRECTION((1.,0.,0.));
#757=IFCAXIS2PLACEMENT3D(#754,#755,#756);
#758=IFCDIRECTION((0.,0.,1.));
#759=IFCEXTRUDEDAREASOLID(#753,#757,#758,3.8);
#760=IFCSHAPEREPRESENTATION(#11,'Body','SweptSolid',(#759));
#761=IFCPRODUCTDEFINITIONSHAPE($,$,(#760));
#762=IFCPROPERTYSET('2F78mxbRjVCREjQV$EGv85',$,'Pset_WallCommon',$,(#764,#765));
#763=IFCRELDEFINESBYPROPERTIES('1P5$0Y$IjVhBpsuKKBmgPR',$,$,$,(#743),#762);
#764=IFCPROPERTYSINGLEVALUE('IsExternal',$,IFCBOOLEAN(.T.),$);
#765=IFCPROPERTYSINGLEVALUE('LoadBearing',$,IFCBOOLEAN(.F.),$);
#766=IFCSLAB('3TePgzLgbLZBi$ZQ1wORUO',$,'Level 05 Slab','Floor plate, chord 92.0 m, depth 24.5 m',$,#774,#785,$,$);
#767=IFCMATERIALLAYERSETUSAGE(#254,.AXIS3.,.POSITIVE.,0.,$);
#768=IFCRELASSOCIATESMATERIAL('3F2ZEOWJzIZPlAf_IAOEY5',$,$,$,(#766),#767);
#769=IFCRELCONTAINEDINSPATIALSTRUCTURE('0uqsbnT_HRQvfcNyyfltYI',$,$,$,(#766,#790,#812,#834),#93);
#770=IFCCARTESIANPOINT((0.,0.,-0.33999999999999986));
#771=IFCDIRECTION((0.,0.,1.));
#772=IFCDIRECTION((1.,0.,0.));
#773=IFCAXIS2PLACEMENT3D(#770,#771,#772);
#774=IFCLOCALPLACEMENT(#99,#773);
#775=IFCCARTESIANPOINTLIST2D(((0.,0.),(91.96170388651876,0.),(89.50468253407377,3.3697652209091657),(86.8012390432201,6.545243903278262),(83.86667970288133,9.50845720111056),(80.71761932793282,12.242628067268868),(77.37188718985735,14.732276241342582),(73.84842607142046,16.9633058953999),(70.16718501689559,18.923085441394853),(66.3490063850627,20.600519048377414),(62.41550784446136,21.986109464592367),(58.388959979014075,23.072011788782483),(54.292160196989805,23.85207788625472),(50.14830365720649,24.321891198235853),(45.98085194325938,24.47879174743484),(41.813400229312265,24.321891198235853),(37.66954368952895,23.85207788625472),(33.57274390750467,23.072011788782483),(29.546196042057385,21.98610946459236),(25.612697501456047,20.600519048377407),(21.794518869623175,18.923085441394853),(18.113277815098296,16.9633058953999),(14.589816696661387,14.732276241342568),(11.24408455858594,12.242628067268875),(8.095024183637427,9.508457201110545),(5.160464843298662,6.545243903278255),(2.457021352444997,3.3697652209091586)));
#776=IFCINDEXEDPOLYCURVE(#775,(IFCLINEINDEX((1,2,3,4,5,6,7,8,9,10,11,12,13,14,15,16,17,18,19,20,21,22,23,24,25,26,27,1))),$);
#777=IFCARBITRARYCLOSEDPROFILEDEF(.AREA.,$,#776);
#778=IFCCARTESIANPOINT((0.,0.,0.));
#779=IFCDIRECTION((0.,0.,1.));
#780=IFCDIRECTION((1.,0.,0.));
#781=IFCAXIS2PLACEMENT3D(#778,#779,#780);
#782=IFCDIRECTION((0.,0.,1.));
#783=IFCEXTRUDEDAREASOLID(#777,#781,#782,0.34);
#784=IFCSHAPEREPRESENTATION(#11,'Body','SweptSolid',(#783));
#785=IFCPRODUCTDEFINITIONSHAPE($,$,(#784));
#786=IFCELEMENTQUANTITY('1r$jKEiQ1PIf2k3SW6MEpZ',$,'Qto_SlabBaseQuantities',$,'BaseQuantities',(#788,#789));
#787=IFCRELDEFINESBYPROPERTIES('3rft9Xq_5HPOWXrb84gCiU',$,$,$,(#766),#786);
#788=IFCQUANTITYLENGTH('Width',$,$,91.96,$);
#789=IFCQUANTITYLENGTH('Depth',$,$,24.48,$);
#790=IFCPLATE('3VgTRS7fbTe9Lb$rWqEwFz',$,'Level 05 Curtain Wall','Unitised solar-control glazing to the curved facade',$,#797,#808,$,$);
#791=IFCMATERIALLAYERSETUSAGE(#268,.AXIS2.,.POSITIVE.,0.,$);
#792=IFCRELASSOCIATESMATERIAL('01NWm_8yLVOfKF7oIw3Eae',$,$,$,(#790),#791);
#793=IFCCARTESIANPOINT((0.35,0.,0.));
#794=IFCDIRECTION((0.,0.,1.));
#795=IFCDIRECTION((1.,0.,0.));
#796=IFCAXIS2PLACEMENT3D(#793,#794,#795);
#797=IFCLOCALPLACEMENT(#99,#796);
#798=IFCCARTESIANPOINTLIST2D(((91.26170388651876,0.),(88.81019307482197,3.3244704520742587),(86.11699865591338,6.456356923283053),(83.19719499000848,9.37812960423367),(80.06712481564455,12.073434735408696),(76.74430777602927,14.527186142504256),(73.2473423580129,16.72564967683423),(69.59580179255204,18.656520088170723),(65.81012449933101,20.308989899747267),(61.911499688745096,21.67380989991765),(57.921748761554376,22.743340911885923),(53.86320317003882,23.511596551742016),(49.75857942429066,23.974276735477346),(45.63085194325938,24.12879174743484),(41.5031244622281,23.974276735477346),(37.39850071647993,23.511596551742016),(33.33995512496437,22.743340911885916),(29.35020419777365,21.673809899917643),(25.45157938718776,20.308989899747274),(21.665902093966736,18.656520088170723),(18.01436152850586,16.72564967683423),(14.517396110489486,14.527186142504249),(11.194579070874198,12.073434735408696),(8.064508896510276,9.378129604233656),(5.144705230605375,6.456356923283039),(2.451510811696778,3.3244704520742374),(0.,0.),(90.97370388651876,0.18),(2.7240380540404754,3.479670010857077),(5.400234324555742,6.588192711069036),(8.30160959344482,9.488169063049844),(11.41192426967915,12.163367305795084),(14.713769285616264,14.59881380736945),(18.188663539113485,16.78087687538841),(21.817157336038015,18.697343056389688),(25.578941254184574,20.337485497031246),(29.452959819266987,21.69212398448427),(33.41752935671596,22.75367632996276),(37.450459359642245,23.516200807785484),(41.529176693644146,23.9754294124304),(45.63085194325938,24.12879174743484),(49.73252719287461,23.9754294124304),(53.81124452687651,23.516200807785484),(57.844174529802785,22.753676329962765),(61.808744067251766,21.69212398448428),(65.6827626323342,20.33748549703124),(69.44454655048077,18.697343056389688),(73.07304034740528,16.78087687538841),(76.5479346009025,14.598813807369456),(79.8497796168396,12.163367305795084),(82.96009429307395,9.488169063049858),(85.86146956196302,6.58819271106905),(88.53766583247827,3.4796700108570984),(0.288,0.18)));
#799=IFCINDEXEDPOLYCURVE(#798,(IFCLINEINDEX((1,2,3,4,5,6,7,8,9,10,11,12,13,14,15,16,17,18,19,20,21,22,23,24,25,26,27,28,29,30,31,32,33,34,35,36,37,38,39,40,41,42,43,44,45,46,47,48,49,50,51,52,53,54,1))),$);
#800=IFCARBITRARYCLOSEDPROFILEDEF(.AREA.,$,#799);
#801=IFCCARTESIANPOINT((0.,0.,0.));
#802=IFCDIRECTION((0.,0.,1.));
#803=IFCDIRECTION((1.,0.,0.));
#804=IFCAXIS2PLACEMENT3D(#801,#802,#803);
#805=IFCDIRECTION((0.,0.,1.));
#806=IFCEXTRUDEDAREASOLID(#800,#804,#805,3.8);
#807=IFCSHAPEREPRESENTATION(#11,'Body','SweptSolid',(#806));
#808=IFCPRODUCTDEFINITIONSHAPE($,$,(#807));
#809=IFCPROPERTYSET('3UA1foDKrLxR3Hcl3V5Cvn',$,'Pset_PlateCommon',$,(#811));
#810=IFCRELDEFINESBYPROPERTIES('1Oj4_RAuLGuuvWTurhEn2P',$,$,$,(#790),#809);
#811=IFCPROPERTYSINGLEVALUE('IsExternal',$,IFCBOOLEAN(.T.),$);
#812=IFCPLATE('2gxYfyHX9Hwuw6pLg0JAhF',$,'Level 05 Spandrel','Opaque spandrel band expressing the floor line',$,#819,#830,$,$);
#813=IFCMATERIALLAYERSETUSAGE(#272,.AXIS2.,.POSITIVE.,0.,$);
#814=IFCRELASSOCIATESMATERIAL('07nxayh1zMQBCHTfVcpSTH',$,$,$,(#812),#813);
#815=IFCCARTESIANPOINT((0.,0.,0.));
#816=IFCDIRECTION((0.,0.,1.));
#817=IFCDIRECTION((1.,0.,0.));
#818=IFCAXIS2PLACEMENT3D(#815,#816,#817);
#819=IFCLOCALPLACEMENT(#99,#818);
#820=IFCCARTESIANPOINTLIST2D(((91.96170388651876,0.),(89.50468253407377,3.3697652209091657),(86.8012390432201,6.545243903278262),(83.86667970288133,9.50845720111056),(80.71761932793282,12.242628067268868),(77.37188718985735,14.732276241342582),(73.84842607142046,16.9633058953999),(70.16718501689559,18.923085441394853),(66.3490063850627,20.600519048377414),(62.41550784446136,21.986109464592367),(58.388959979014075,23.072011788782483),(54.292160196989805,23.85207788625472),(50.14830365720649,24.321891198235853),(45.98085194325938,24.47879174743484),(41.813400229312265,24.321891198235853),(37.66954368952895,23.85207788625472),(33.57274390750467,23.072011788782483),(29.546196042057385,21.98610946459236),(25.612697501456047,20.600519048377407),(21.794518869623175,18.923085441394853),(18.113277815098296,16.9633058953999),(14.589816696661387,14.732276241342568),(11.24408455858594,12.242628067268875),(8.095024183637427,9.508457201110545),(5.160464843298662,6.545243903278255),(2.457021352444997,3.3697652209091586),(0.,0.),(91.44970388651876,0.32),(2.9416622479637615,3.645713828102815),(5.615002706602514,6.779680936336942),(8.516885523589613,9.704157507900637),(11.630880891174554,12.402585814287308),(14.939358068058581,14.859687961419658),(18.423585200686226,17.061552389649485),(22.063835378786226,18.995712637878892),(25.839498324700298,20.65121792585891),(29.729197084138967,22.0186951550439),(33.71090905768819,23.090401976967154),(37.76209068781339,23.860270628676275),(41.85980509541118,24.3239422870421),(45.98085194325939,24.47879174743484),(50.10189879110757,24.3239422870421),(54.199613198705364,23.860270628676275),(58.25079482883056,23.090401976967154),(62.232506802379774,22.018695155043904),(66.12220556181845,20.651217925858916),(69.89786850773254,18.995712637878892),(73.53811868583253,17.061552389649485),(77.02234581846015,14.859687961419672),(80.3308229953442,12.402585814287303),(83.44481836292914,9.704157507900652),(86.34670117991624,6.779680936336949),(89.020041638555,3.6457138281028216),(0.512,0.32)));
#821=IFCINDEXEDPOLYCURVE(#820,(IFCLINEINDEX((1,2,3,4,5,6,7,8,9,10,11,12,13,14,15,16,17,18,19,20,21,22,23,24,25,26,27,28,29,30,31,32,33,34,35,36,37,38,39,40,41,42,43,44,45,46,47,48,49,50,51,52,53,54,1))),$);
#822=IFCARBITRARYCLOSEDPROFILEDEF(.AREA.,$,#821);
#823=IFCCARTESIANPOINT((0.,0.,0.));
#824=IFCDIRECTION((0.,0.,1.));
#825=IFCDIRECTION((1.,0.,0.));
#826=IFCAXIS2PLACEMENT3D(#823,#824,#825);
#827=IFCDIRECTION((0.,0.,1.));
#828=IFCEXTRUDEDAREASOLID(#822,#826,#827,1.1);
#829=IFCSHAPEREPRESENTATION(#11,'Body','SweptSolid',(#828));
#830=IFCPRODUCTDEFINITIONSHAPE($,$,(#829));
#831=IFCPROPERTYSET('3N4znmGT5TABzpJaUy$lDy',$,'Pset_PlateCommon',$,(#833));
#832=IFCRELDEFINESBYPROPERTIES('2I0kkjQ0bOYfbVuDFTYDcY',$,$,$,(#812),#831);
#833=IFCPROPERTYSINGLEVALUE('IsExternal',$,IFCBOOLEAN(.T.),$);
#834=IFCWALL('0KDwhvIkXNAPxeMaZvZyxw',$,'Level 05 Back Facade','Rendered facade to the harbour side',$,#841,#852,$,$);
#835=IFCMATERIALLAYERSETUSAGE(#276,.AXIS2.,.POSITIVE.,0.,$);
#836=IFCRELASSOCIATESMATERIAL('2WJqim9qvJtBx_XtZEJAvB',$,$,$,(#834),#835);
#837=IFCCARTESIANPOINT((0.,-0.4,0.));
#838=IFCDIRECTION((0.,0.,1.));
#839=IFCDIRECTION((1.,0.,0.));
#840=IFCAXIS2PLACEMENT3D(#837,#838,#839);
#841=IFCLOCALPLACEMENT(#99,#840);
#842=IFCCARTESIANPOINTLIST2D(((0.,0.),(91.96170388651876,0.),(91.96170388651876,0.4),(0.,0.4)));
#843=IFCINDEXEDPOLYCURVE(#842,(IFCLINEINDEX((1,2,3,4,1))),$);
#844=IFCARBITRARYCLOSEDPROFILEDEF(.AREA.,$,#843);
#845=IFCCARTESIANPOINT((0.,0.,0.));
#846=IFCDIRECTION((0.,0.,1.));
#847=IFCDIRECTION((1.,0.,0.));
#848=IFCAXIS2PLACEMENT3D(#845,#846,#847);
#849=IFCDIRECTION((0.,0.,1.));
#850=IFCEXTRUDEDAREASOLID(#844,#848,#849,3.8);
#851=IFCSHAPEREPRESENTATION(#11,'Body','SweptSolid',(#850));
#852=IFCPRODUCTDEFINITIONSHAPE($,$,(#851));
#853=IFCPROPERTYSET('1PqFGRKeXOiuxLY$4Qpxia',$,'Pset_WallCommon',$,(#855,#856));
#854=IFCRELDEFINESBYPROPERTIES('3filS1xJXN7AJuWJU6wbOZ',$,$,$,(#834),#853);
#855=IFCPROPERTYSINGLEVALUE('IsExternal',$,IFCBOOLEAN(.T.),$);
#856=IFCPROPERTYSINGLEVALUE('LoadBearing',$,IFCBOOLEAN(.F.),$);
#857=IFCSLAB('1MtmwbXODV8fIL$VDPmnAt',$,'Level 06 Slab','Floor plate, chord 90.6 m, depth 24.1 m',$,#865,#876,$,$);
#858=IFCMATERIALLAYERSETUSAGE(#254,.AXIS3.,.POSITIVE.,0.,$);
#859=IFCRELASSOCIATESMATERIAL('1r8apwP61QcgwIfY4yWIZM',$,$,$,(#857),#858);
#860=IFCRELCONTAINEDINSPATIALSTRUCTURE('2vl5tylzzLOx1ySKaN9ylG',$,$,$,(#857,#881,#903,#925),#100);
#861=IFCCARTESIANPOINT((0.,0.,-0.33999999999999986));
#862=IFCDIRECTION((0.,0.,1.));
#863=IFCDIRECTION((1.,0.,0.));
#864=IFCAXIS2PLACEMENT3D(#861,#862,#863);
#865=IFCLOCALPLACEMENT(#106,#864);
#866=IFCCARTESIANPOINTLIST2D(((0.,0.),(90.64290815316484,0.),(88.21942694753648,3.3189237080833607),(85.55342516738779,6.446374785615326),(82.65997486018682,9.364672415033965),(79.55543393713279,12.057318212608259),(76.25735369489288,14.509089500852461),(72.78437959062123,16.70612536882782),(69.15614583122066,18.636005033796017),(65.39316437277989,20.28781806121252),(61.516708957719274,21.65222604607588),(57.548694845232745,22.72151540692237),(53.51155491496149,23.48964099399862),(49.42811284433788,23.952260265076774),(45.32145407658242,24.106757835701636),(41.214795308826965,23.952260265076774),(37.131353238203346,23.48964099399862),(33.09421330793208,22.721515406922364),(29.12619919544555,21.652226046075874),(25.249743780384925,20.287818061212512),(21.48676232194417,18.63600503379601),(17.858528562543604,16.706125368827813),(14.38555445827194,14.509089500852461),(11.08747421603205,12.057318212608259),(7.982933292978018,9.364672415033958),(5.08948298577706,6.446374785615319),(2.42348120562837,3.3189237080833607)));
#867=IFCINDEXEDPOLYCURVE(#866,(IFCLINEINDEX((1,2,3,4,5,6,7,8,9,10,11,12,13,14,15,16,17,18,19,20,21,22,23,24,25,26,27,1))),$);
#868=IFCARBITRARYCLOSEDPROFILEDEF(.AREA.,$,#867);
#869=IFCCARTESIANPOINT((0.,0.,0.));
#870=IFCDIRECTION((0.,0.,1.));
#871=IFCDIRECTION((1.,0.,0.));
#872=IFCAXIS2PLACEMENT3D(#869,#870,#871);
#873=IFCDIRECTION((0.,0.,1.));
#874=IFCEXTRUDEDAREASOLID(#868,#872,#873,0.34);
#875=IFCSHAPEREPRESENTATION(#11,'Body','SweptSolid',(#874));
#876=IFCPRODUCTDEFINITIONSHAPE($,$,(#875));
#877=IFCELEMENTQUANTITY('3wCMUrRlfOUxWO6Pg5R90k',$,'Qto_SlabBaseQuantities',$,'BaseQuantities',(#879,#880));
#878=IFCRELDEFINESBYPROPERTIES('1$y$p3Gt1LdPRwnN58IPsA',$,$,$,(#857),#877);
#879=IFCQUANTITYLENGTH('Width',$,$,90.64,$);
#880=IFCQUANTITYLENGTH('Depth',$,$,24.11,$);
#881=IFCPLATE('07gHInfiXT6eENqfS0Y$wj',$,'Level 06 Curtain Wall','Unitised solar-control glazing to the curved facade',$,#888,#899,$,$);
#882=IFCMATERIALLAYERSETUSAGE(#268,.AXIS2.,.POSITIVE.,0.,$);
#883=IFCRELASSOCIATESMATERIAL('1puQoQp6XPkfne92qymNjq',$,$,$,(#881),#882);
#884=IFCCARTESIANPOINT((0.35,0.,0.));
#885=IFCDIRECTION((0.,0.,1.));
#886=IFCDIRECTION((1.,0.,0.));
#887=IFCAXIS2PLACEMENT3D(#884,#885,#886);
#888=IFCLOCALPLACEMENT(#106,#887);
#889=IFCCARTESIANPOINTLIST2D(((89.94290815316484,0.),(87.5249458825339,3.2736222578489134),(84.86920022837327,6.357476866887012),(81.99051115235568,9.234331648222977),(78.90496439502971,11.888111111108614),(75.6298015907914,14.303986280692598),(72.18332392387154,16.46845756040532),(68.58478986369578,18.369430165950575),(64.85430755105965,19.996281709388853),(61.01272243645029,21.33992155566103),(57.08150079837745,22.392841619876002),(53.08260979259815,23.149158321513582),(49.03839470250431,23.604645461108042),(44.97145407658242,23.756757835701634),(40.90451345066051,23.604645461108035),(36.860298360566695,23.149158321513582),(32.86140735478739,22.392841619876002),(28.930185716714536,21.33992155566102),(25.088600602105185,19.996281709388853),(21.35811828946904,18.369430165950575),(17.759584229293296,16.468457560405326),(14.31310656237343,14.303986280692598),(11.037943758135143,11.888111111108621),(7.9523970008091425,9.23433164822297),(5.073707924791549,6.357476866887005),(2.4179622706309445,3.2736222578489134),(0.,0.),(89.65490815316484,0.18),(2.690477489268175,3.4288187046667837),(5.32921558243029,6.489307590424543),(8.189469353854859,9.344365043007917),(11.25525607708019,11.97803737230981),(14.509444534213438,14.37560795952895),(17.93385074295046,16.523679491723826),(21.509339566306295,18.41024882425663),(25.2159316372747,20.024774052806148),(29.03291500093503,21.358233420159365),(32.938960850165536,22.403175728618724),(36.912242708246325,23.153761976326678),(40.93055839237556,23.60579798484954),(44.97145407658242,23.756757835701634),(49.01234976078927,23.60579798484955),(53.03066544491852,23.153761976326678),(57.0039473029993,22.403175728618724),(60.9099931522298,21.358233420159372),(64.72697651589014,20.024774052806148),(68.43356858685853,18.41024882425663),(72.00905741021437,16.52367949172382),(75.4334636189514,14.37560795952895),(78.68765207608466,11.978037372309803),(81.75343879930996,9.344365043007924),(84.61369257073454,6.48930759042455),(87.25243066389667,3.4288187046667837),(0.288,0.18)));
#890=IFCINDEXEDPOLYCURVE(#889,(IFCLINEINDEX((1,2,3,4,5,6,7,8,9,10,11,12,13,14,15,16,17,18,19,20,21,22,23,24,25,26,27,28,29,30,31,32,33,34,35,36,37,38,39,40,41,42,43,44,45,46,47,48,49,50,51,52,53,54,1))),$);
#891=IFCARBITRARYCLOSEDPROFILEDEF(.AREA.,$,#890);
#892=IFCCARTESIANPOINT((0.,0.,0.));
#893=IFCDIRECTION((0.,0.,1.));
#894=IFCDIRECTION((1.,0.,0.));
#895=IFCAXIS2PLACEMENT3D(#892,#893,#894);
#896=IFCDIRECTION((0.,0.,1.));
#897=IFCEXTRUDEDAREASOLID(#891,#895,#896,3.8);
#898=IFCSHAPEREPRESENTATION(#11,'Body','SweptSolid',(#897));
#899=IFCPRODUCTDEFINITIONSHAPE($,$,(#898));
#900=IFCPROPERTYSET('0Ay8KCjPDIkvxgwUEsSYHn',$,'Pset_PlateCommon',$,(#902));
#901=IFCRELDEFINESBYPROPERTIES('3EZb4czajPLhGPIhyVoEVz',$,$,$,(#881),#900);
#902=IFCPROPERTYSINGLEVALUE('IsExternal',$,IFCBOOLEAN(.T.),$);
#903=IFCPLATE('2yYuw8I35JBxQxv1EseRz5',$,'Level 06 Spandrel','Opaque spandrel band expressing the floor line',$,#910,#921,$,$);
#904=IFCMATERIALLAYERSETUSAGE(#272,.AXIS2.,.POSITIVE.,0.,$);
#905=IFCRELASSOCIATESMATERIAL('3A$U8_9ULR7voYePmFwtrk',$,$,$,(#903),#904);
#906=IFCCARTESIANPOINT((0.,0.,0.));
#907=IFCDIRECTION((0.,0.,1.));
#908=IFCDIRECTION((1.,0.,0.));
#909=IFCAXIS2PLACEMENT3D(#906,#907,#908);
#910=IFCLOCALPLACEMENT(#106,#909);
#911=IFCCARTESIANPOINTLIST2D(((90.64290815316484,0.),(88.21942694753648,3.3189237080833607),(85.55342516738779,6.446374785615326),(82.65997486018682,9.364672415033965),(79.55543393713279,12.057318212608259),(76.25735369489288,14.509089500852461),(72.78437959062123,16.70612536882782),(69.15614583122066,18.636005033796017),(65.39316437277989,20.28781806121252),(61.516708957719274,21.65222604607588),(57.548694845232745,22.72151540692237),(53.51155491496149,23.48964099399862),(49.42811284433788,23.952260265076774),(45.32145407658242,24.106757835701636),(41.214795308826965,23.952260265076774),(37.131353238203346,23.48964099399862),(33.09421330793208,22.721515406922364),(29.12619919544555,21.652226046075874),(25.249743780384925,20.287818061212512),(21.48676232194417,18.63600503379601),(17.858528562543604,16.706125368827813),(14.38555445827194,14.509089500852461),(11.08747421603205,12.057318212608259),(7.982933292978018,9.364672415033958),(5.08948298577706,6.446374785615319),(2.42348120562837,3.3189237080833607),(0.,0.),(90.13090815316484,0.32),(2.908102949511851,3.5948673653007654),(5.5439866997065685,6.6808037625247785),(8.404749473211373,9.560363074340586),(11.474218155425168,12.21726592128269),(14.7350397280475,14.636491696041201),(18.168779373107363,16.80436348137451),(21.75602469286797,18.708625371567734),(25.476495456407676,20.338511760305746),(29.309158252432795,21.684808203246632),(33.23234540014101,22.739903511213722),(37.22387744588133,23.49783277950088),(41.2611885530847,23.95431111002809),(45.32145407658242,24.106757835701636),(49.381719600080146,23.95431111002809),(53.419030707283504,23.49783277950088),(57.41056275302382,22.73990351121373),(61.33374990073204,21.68480820324664),(65.16641269675713,20.338511760305753),(68.88688346029686,18.70862537156774),(72.47412878005747,16.804363481374516),(75.90786842511733,14.636491696041201),(79.16868999773968,12.21726592128269),(82.23815867995347,9.560363074340591),(85.09892145345827,6.680803762524786),(87.734805203653,3.5948673653007654),(0.512,0.32)));
#912=IFCINDEXEDPOLYCURVE(#911,(IFCLINEINDEX((1,2,3,4,5,6,7,8,9,10,11,12,13,14,15,16,17,18,19,20,21,22,23,24,25,26,27,28,29,30,31,32,33,34,35,36,37,38,39,40,41,42,43,44,45,46,47,48,49,50,51,52,53,54,1))),$);
#913=IFCARBITRARYCLOSEDPROFILEDEF(.AREA.,$,#912);
#914=IFCCARTESIANPOINT((0.,0.,0.));
#915=IFCDIRECTION((0.,0.,1.));
#916=IFCDIRECTION((1.,0.,0.));
#917=IFCAXIS2PLACEMENT3D(#914,#915,#916);
#918=IFCDIRECTION((0.,0.,1.));
#919=IFCEXTRUDEDAREASOLID(#913,#917,#918,1.1);
#920=IFCSHAPEREPRESENTATION(#11,'Body','SweptSolid',(#919));
#921=IFCPRODUCTDEFINITIONSHAPE($,$,(#920));
#922=IFCPROPERTYSET('1nh9el3qTM6w3xqQbtlA4d',$,'Pset_PlateCommon',$,(#924));
#923=IFCRELDEFINESBYPROPERTIES('2F9V0K9S9JGf0HpjmLqNB6',$,$,$,(#903),#922);
#924=IFCPROPERTYSINGLEVALUE('IsExternal',$,IFCBOOLEAN(.T.),$);
#925=IFCWALL('35jM4nO71Sy9f_HZ0yUoc_',$,'Level 06 Back Facade','Rendered facade to the harbour side',$,#932,#943,$,$);
#926=IFCMATERIALLAYERSETUSAGE(#276,.AXIS2.,.POSITIVE.,0.,$);
#927=IFCRELASSOCIATESMATERIAL('0bqxrq$CbIlf1Hz5H8E4nc',$,$,$,(#925),#926);
#928=IFCCARTESIANPOINT((0.,-0.4,0.));
#929=IFCDIRECTION((0.,0.,1.));
#930=IFCDIRECTION((1.,0.,0.));
#931=IFCAXIS2PLACEMENT3D(#928,#929,#930);
#932=IFCLOCALPLACEMENT(#106,#931);
#933=IFCCARTESIANPOINTLIST2D(((0.,0.),(90.64290815316484,0.),(90.64290815316484,0.4),(0.,0.4)));
#934=IFCINDEXEDPOLYCURVE(#933,(IFCLINEINDEX((1,2,3,4,1))),$);
#935=IFCARBITRARYCLOSEDPROFILEDEF(.AREA.,$,#934);
#936=IFCCARTESIANPOINT((0.,0.,0.));
#937=IFCDIRECTION((0.,0.,1.));
#938=IFCDIRECTION((1.,0.,0.));
#939=IFCAXIS2PLACEMENT3D(#936,#937,#938);
#940=IFCDIRECTION((0.,0.,1.));
#941=IFCEXTRUDEDAREASOLID(#935,#939,#940,3.8);
#942=IFCSHAPEREPRESENTATION(#11,'Body','SweptSolid',(#941));
#943=IFCPRODUCTDEFINITIONSHAPE($,$,(#942));
#944=IFCPROPERTYSET('3szf0J_ADGevssVYsJcJqj',$,'Pset_WallCommon',$,(#946,#947));
#945=IFCRELDEFINESBYPROPERTIES('0wygQkwojV09m1xSwCr6OC',$,$,$,(#925),#944);
#946=IFCPROPERTYSINGLEVALUE('IsExternal',$,IFCBOOLEAN(.T.),$);
#947=IFCPROPERTYSINGLEVALUE('LoadBearing',$,IFCBOOLEAN(.F.),$);
#948=IFCSLAB('1$Qv0oGjzRUhA6qswqbi52',$,'Level 07 Slab','Floor plate, chord 89.2 m, depth 23.7 m',$,#956,#967,$,$);
#949=IFCMATERIALLAYERSETUSAGE(#254,.AXIS3.,.POSITIVE.,0.,$);
#950=IFCRELASSOCIATESMATERIAL('2shX$7KDfTO93Fz2TPhzlj',$,$,$,(#948),#949);
#951=IFCRELCONTAINEDINSPATIALSTRUCTURE('3pYFUJcwPHvR09ydpJX1wL',$,$,$,(#948,#972,#994,#1016),#107);
#952=IFCCARTESIANPOINT((0.,0.,-0.33999999999999986));
#953=IFCDIRECTION((0.,0.,1.));
#954=IFCDIRECTION((1.,0.,0.));
#955=IFCAXIS2PLACEMENT3D(#952,#953,#954);
#956=IFCLOCALPLACEMENT(#113,#955);
#957=IFCCARTESIANPOINTLIST2D(((0.,0.),(89.19706038097667,0.),(86.81222244001648,3.26596302268581),(84.18873536171671,6.3435078266145055),(81.34143065914088,9.215235947604363),(78.28640516662881,11.864912476974617),(75.04093003862081,14.277557843305075),(71.62335310962942,16.439532497323945),(68.05299516735246,18.33861402117018),(64.3500407253331,19.964066226103775),(60.535423912667966,21.30669984803),(56.63071012586966,22.35892449770403),(52.65797411194849,23.11479157192271),(48.63967517195288,23.570027883111273),(44.59853019048833,23.722059817184785),(40.55738520902377,23.570027883111273),(36.53908626902818,23.11479157192271),(32.56635025510699,22.35892449770403),(28.661636468308703,21.306699848030007),(24.847019655643553,19.964066226103768),(21.144065213624213,18.33861402117018),(17.573707271347246,16.439532497323945),(14.156130342355837,14.277557843305068),(10.910655214347855,11.864912476974617),(7.85562972183579,9.215235947604363),(5.008325019259949,6.3435078266145055),(2.384837940960182,3.26596302268581)));
#958=IFCINDEXEDPOLYCURVE(#957,(IFCLINEINDEX((1,2,3,4,5,6,7,8,9,10,11,12,13,14,15,16,17,18,19,20,21,22,23,24,25,26,27,1))),$);
#959=IFCARBITRARYCLOSEDPROFILEDEF(.AREA.,$,#958);
#960=IFCCARTESIANPOINT((0.,0.,0.));
#961=IFCDIRECTION((0.,0.,1.));
#962=IFCDIRECTION((1.,0.,0.));
#963=IFCAXIS2PLACEMENT3D(#960,#961,#962);
#964=IFCDIRECTION((0.,0.,1.));
#965=IFCEXTRUDEDAREASOLID(#959,#963,#964,0.34);
#966=IFCSHAPEREPRESENTATION(#11,'Body','SweptSolid',(#965));
#967=IFCPRODUCTDEFINITIONSHAPE($,$,(#966));
#968=IFCELEMENTQUANTITY('1NhS2d5HLTvhWkK9TX1j_o',$,'Qto_SlabBaseQuantities',$,'BaseQuantities',(#970,#971));
#969=IFCRELDEFINESBYPROPERTIES('31JywFzfrI0QZYZNDrzSc4',$,$,$,(#948),#968);
#970=IFCQUANTITYLENGTH('Width',$,$,89.2,$);
#971=IFCQUANTITYLENGTH('Depth',$,$,23.72,$);
#972=IFCPLATE('0P9$Xp9bPK4g_fV$GxvDwZ',$,'Level 07 Curtain Wall','Unitised solar-control glazing to the curved facade',$,#979,#990,$,$);
#973=IFCMATERIALLAYERSETUSAGE(#268,.AXIS2.,.POSITIVE.,0.,$);
#974=IFCRELASSOCIATESMATERIAL('3NOHVxrhzN6QTd3ysTg$_3',$,$,$,(#972),#973);
#975=IFCCARTESIANPOINT((0.35,0.,0.));
#976=IFCDIRECTION((0.,0.,1.));
#977=IFCDIRECTION((1.,0.,0.));
#978=IFCAXIS2PLACEMENT3D(#975,#976,#977);
#979=IFCLOCALPLACEMENT(#113,#978);
#980=IFCCARTESIANPOINTLIST2D(((88.49706038097666,0.),(86.11774194837504,3.22066111685573),(83.50451147774865,6.254609162016351),(80.67196838569856,9.084894282816663),(77.63593732952397,11.695704436636277),(74.413379799113,14.072453728533887),(71.02229935765547,16.201863898723843),(67.48164106057192,18.072038504646393),(63.81118561457849,19.672529383196313),(60.031438868192645,20.994395021803314),(56.16351725106625,22.030250512260608),(52.229029802166025,22.774308808223218),(48.249957445878024,23.222413055881105),(44.24853019048833,23.372059817184784),(40.24710293509864,23.222413055881105),(36.26803057881065,22.774308808223218),(32.33354312991042,22.030250512260615),(28.46562151278402,20.994395021803314),(24.68587476639818,19.67252938319632),(21.015419320404757,18.0720385046464),(17.474761023321186,16.201863898723836),(14.083680581863678,14.072453728533901),(10.861123051452694,11.695704436636277),(7.8250919952781,9.08489428281667),(4.992548903228034,6.254609162016365),(2.3793184326016217,3.22066111685573),(0.,0.),(88.20906038097667,0.18),(2.6518321846824406,3.3758571840586824),(5.2480539462669835,6.3864392677935555),(8.06216089124056,9.194926937888662),(11.078431360104927,11.785629928224887),(14.28001426006462,14.144074677181584),(17.649023207555313,16.257085187536987),(21.166636454663884,18.112856637225175),(24.813202041177334,19.701021329705387),(28.568347584805185,21.012706615497507),(32.411094096206334,22.040584461291022),(36.319973182966514,22.778912389698476),(40.27314698773928,23.223565560933952),(44.24853019048833,23.37205981718478),(48.22391339323738,23.223565560933952),(52.17708719801016,22.778912389698476),(56.085966284770336,22.04058446129101),(59.928712796171475,21.012706615497507),(63.68385833979934,19.70102132970538),(67.33042392631279,18.112856637225168),(70.84803717342135,16.257085187536994),(74.21704612091207,14.14407467718157),(77.41862902087173,11.785629928224887),(80.43489948973611,9.194926937888654),(83.2490064347097,6.386439267793542),(85.84522819629423,3.3758571840586824),(0.288,0.18)));
#981=IFCINDEXEDPOLYCURVE(#980,(IFCLINEINDEX((1,2,3,4,5,6,7,8,9,10,11,12,13,14,15,16,17,18,19,20,21,22,23,24,25,26,27,28,29,30,31,32,33,34,35,36,37,38,39,40,41,42,43,44,45,46,47,48,49,50,51,52,53,54,1))),$);
#982=IFCARBITRARYCLOSEDPROFILEDEF(.AREA.,$,#981);
#983=IFCCARTESIANPOINT((0.,0.,0.));
#984=IFCDIRECTION((0.,0.,1.));
#985=IFCDIRECTION((1.,0.,0.));
#986=IFCAXIS2PLACEMENT3D(#983,#984,#985);
#987=IFCDIRECTION((0.,0.,1.));
#988=IFCEXTRUDEDAREASOLID(#982,#986,#987,3.8);
#989=IFCSHAPEREPRESENTATION(#11,'Body','SweptSolid',(#988));
#990=IFCPRODUCTDEFINITIONSHAPE($,$,(#989));
#991=IFCPROPERTYSET('0DnIq8jtLOQvlhP4xMomeX',$,'Pset_PlateCommon',$,(#993));
#992=IFCRELDEFINESBYPROPERTIES('03o46b4xfILQgfpGESEKcA',$,$,$,(#972),#991);
#993=IFCPROPERTYSINGLEVALUE('IsExternal',$,IFCBOOLEAN(.T.),$);
#994=IFCPLATE('1S8_VSd0HTvgDxHWKtcUtc',$,'Level 07 Spandrel','Opaque spandrel band expressing the floor line',$,#1001,#1012,$,$);
#995=IFCMATERIALLAYERSETUSAGE(#272,.AXIS2.,.POSITIVE.,0.,$);
#996=IFCRELASSOCIATESMATERIAL('1HRZuFyM9TC87b0XajbWpb',$,$,$,(#994),#995);
#997=IFCCARTESIANPOINT((0.,0.,0.));
#998=IFCDIRECTION((0.,0.,1.));
#999=IFCDIRECTION((1.,0.,0.));
#1000=IFCAXIS2PLACEMENT3D(#997,#998,#999);
#1001=IFCLOCALPLACEMENT(#113,#1000);
#1002=IFCCARTESIANPOINTLIST2D(((89.19706038097667,0.),(86.81222244001648,3.26596302268581),(84.18873536171671,6.3435078266145055),(81.34143065914088,9.215235947604363),(78.28640516662881,11.864912476974617),(75.04093003862081,14.277557843305075),(71.62335310962942,16.439532497323945),(68.05299516735246,18.33861402117018),(64.3500407253331,19.964066226103775),(60.535423912667966,21.30669984803),(56.63071012586966,22.35892449770403),(52.65797411194849,23.11479157192271),(48.63967517195288,23.570027883111273),(44.59853019048833,23.722059817184785),(40.55738520902377,23.570027883111273),(36.53908626902818,23.11479157192271),(32.56635025510699,22.35892449770403),(28.661636468308703,21.306699848030007),(24.847019655643553,19.964066226103768),(21.144065213624213,18.33861402117018),(17.573707271347246,16.439532497323945),(14.156130342355837,14.277557843305068),(10.910655214347855,11.864912476974617),(7.85562972183579,9.215235947604363),(5.008325019259949,6.3435078266145055),(2.384837940960182,3.26596302268581),(0.,0.),(88.68506038097667,0.32),(2.8694595269058096,3.5419066390785834),(5.462828451572435,6.577936737081795),(8.27744552965724,9.410926527344948),(11.297398721681255,12.024860102859893),(14.50561514949345,14.404959959939651),(17.88395761537206,16.537770540744916),(21.4133271381061,18.41123430237682),(25.073770926383805,20.014759882489997),(28.844595179075732,21.3392819760613),(32.70448207471187,22.37731258480926),(36.63161028876971,23.122983349533143),(40.60377835744531,23.572078726051494),(44.59853019048833,23.722059817184785),(48.593282023531344,23.572078726051494),(52.56545009220697,23.122983349533143),(56.49257830626478,22.37731258480926),(60.35246520190094,21.339281976061294),(64.12328945459285,20.014759882490004),(67.78373324287058,18.41123430237682),(71.3131027656046,16.537770540744916),(74.6914452314832,14.404959959939658),(77.89966165929542,12.024860102859893),(80.91961485131942,9.410926527344948),(83.73423192940423,6.577936737081795),(86.32760085407085,3.5419066390785834),(0.512,0.32)));
#1003=IFCINDEXEDPOLYCURVE(#1002,(IFCLINEINDEX((1,2,3,4,5,6,7,8,9,10,11,12,13,14,15,16,17,18,19,20,21,22,23,24,25,26,27,28,29,30,31,32,33,34,35,36,37,38,39,40,41,42,43,44,45,46,47,48,49,50,51,52,53,54,1))),$);
#1004=IFCARBITRARYCLOSEDPROFILEDEF(.AREA.,$,#1003);
#1005=IFCCARTESIANPOINT((0.,0.,0.));
#1006=IFCDIRECTION((0.,0.,1.));
#1007=IFCDIRECTION((1.,0.,0.));
#1008=IFCAXIS2PLACEMENT3D(#1005,#1006,#1007);
#1009=IFCDIRECTION((0.,0.,1.));
#1010=IFCEXTRUDEDAREASOLID(#1004,#1008,#1009,1.1);
#1011=IFCSHAPEREPRESENTATION(#11,'Body','SweptSolid',(#1010));
#1012=IFCPRODUCTDEFINITIONSHAPE($,$,(#1011));
#1013=IFCPROPERTYSET('30nGjBnKTJdwkCfknbC4ZV',$,'Pset_PlateCommon',$,(#1015));
#1014=IFCRELDEFINESBYPROPERTIES('1noRPpH3zOnv_prH1Yu0Xs',$,$,$,(#994),#1013);
#1015=IFCPROPERTYSINGLEVALUE('IsExternal',$,IFCBOOLEAN(.T.),$);
#1016=IFCWALL('0cH7rJOtXSDuGPfHfwfDpm',$,'Level 07 Back Facade','Rendered facade to the harbour side',$,#1023,#1034,$,$);
#1017=IFCMATERIALLAYERSETUSAGE(#276,.AXIS2.,.POSITIVE.,0.,$);
#1018=IFCRELASSOCIATESMATERIAL('2j281JVCfHguDDSyi82mMR',$,$,$,(#1016),#1017);
#1019=IFCCARTESIANPOINT((0.,-0.4,0.));
#1020=IFCDIRECTION((0.,0.,1.));
#1021=IFCDIRECTION((1.,0.,0.));
#1022=IFCAXIS2PLACEMENT3D(#1019,#1020,#1021);
#1023=IFCLOCALPLACEMENT(#113,#1022);
#1024=IFCCARTESIANPOINTLIST2D(((0.,0.),(89.19706038097667,0.),(89.19706038097667,0.4),(0.,0.4)));
#1025=IFCINDEXEDPOLYCURVE(#1024,(IFCLINEINDEX((1,2,3,4,1))),$);
#1026=IFCARBITRARYCLOSEDPROFILEDEF(.AREA.,$,#1025);
#1027=IFCCARTESIANPOINT((0.,0.,0.));
#1028=IFCDIRECTION((0.,0.,1.));
#1029=IFCDIRECTION((1.,0.,0.));
#1030=IFCAXIS2PLACEMENT3D(#1027,#1028,#1029);
#1031=IFCDIRECTION((0.,0.,1.));
#1032=IFCEXTRUDEDAREASOLID(#1026,#1030,#1031,3.8);
#1033=IFCSHAPEREPRESENTATION(#11,'Body','SweptSolid',(#1032));
#1034=IFCPRODUCTDEFINITIONSHAPE($,$,(#1033));
#1035=IFCPROPERTYSET('1W8MjUCO1O6hsApU2Nm0$w',$,'Pset_WallCommon',$,(#1037,#1038));
#1036=IFCRELDEFINESBYPROPERTIES('3IlfX388XQRh$htjFUJoZ6',$,$,$,(#1016),#1035);
#1037=IFCPROPERTYSINGLEVALUE('IsExternal',$,IFCBOOLEAN(.T.),$);
#1038=IFCPROPERTYSINGLEVALUE('LoadBearing',$,IFCBOOLEAN(.F.),$);
#1039=IFCSLAB('0oWkeuwwLVzwGXT7Ngz7gw',$,'Level 08 Slab','Floor plate, chord 87.6 m, depth 23.3 m',$,#1047,#1058,$,$);
#1040=IFCMATERIALLAYERSETUSAGE(#254,.AXIS3.,.POSITIVE.,0.,$);
#1041=IFCRELASSOCIATESMATERIAL('3qjITP8f9NFuem$tXkSbWH',$,$,$,(#1039),#1040);
#1042=IFCRELCONTAINEDINSPATIALSTRUCTURE('23nfiWi5LMkQw_URangZob',$,$,$,(#1039,#1063,#1085,#1107),#114);
#1043=IFCCARTESIANPOINT((0.,0.,-0.33999999999999986));
#1044=IFCDIRECTION((0.,0.,1.));
#1045=IFCDIRECTION((1.,0.,0.));
#1046=IFCAXIS2PLACEMENT3D(#1043,#1044,#1045);
#1047=IFCLOCALPLACEMENT(#120,#1046);
#1048=IFCCARTESIANPOINTLIST2D(((0.,0.),(87.63272324067914,0.),(85.29133828194927,3.2111010358075767),(82.71513656715481,6.237061728186287),(79.91870364590491,9.060750150105523),(76.91787193957686,11.66617956911254),(73.729631103705,14.038598958598751),(70.37203183851614,16.164576512933277),(66.8640836922024,18.032075693630564),(63.22564743553363,19.630523376005268),(59.477322617146314,20.950869710492046),(55.640330936131726,21.985639359716362),(51.736396092226556,22.728973821230174),(47.78762079385211,23.176664596295847),(43.81636162033957,23.32617701692843),(39.84510244682702,23.176664596295847),(35.8963271484526,22.72897382123018),(31.99239230454741,21.985639359716362),(28.15540062353283,20.950869710492046),(24.40707580514551,19.630523376005268),(20.76863954847674,18.032075693630564),(17.260691402162998,16.164576512933277),(13.903092136974148,14.038598958598758),(10.7148513011023,11.666179569112554),(7.714019594774236,9.060750150105523),(4.917586673524326,6.237061728186287),(2.3413849587298827,3.211101035807598)));
#1049=IFCINDEXEDPOLYCURVE(#1048,(IFCLINEINDEX((1,2,3,4,5,6,7,8,9,10,11,12,13,14,15,16,17,18,19,20,21,22,23,24,25,26,27,1))),$);
#1050=IFCARBITRARYCLOSEDPROFILEDEF(.AREA.,$,#1049);
#1051=IFCCARTESIANPOINT((0.,0.,0.));
#1052=IFCDIRECTION((0.,0.,1.));
#1053=IFCDIRECTION((1.,0.,0.));
#1054=IFCAXIS2PLACEMENT3D(#1051,#1052,#1053);
#1055=IFCDIRECTION((0.,0.,1.));
#1056=IFCEXTRUDEDAREASOLID(#1050,#1054,#1055,0.34);
#1057=IFCSHAPEREPRESENTATION(#11,'Body','SweptSolid',(#1056));
#1058=IFCPRODUCTDEFINITIONSHAPE($,$,(#1057));
#1059=IFCELEMENTQUANTITY('1AzfJSFPPUDOELVkpNaEsJ',$,'Qto_SlabBaseQuantities',$,'BaseQuantities',(#1061,#1062));
#1060=IFCRELDEFINESBYPROPERTIES('3aSx_sVpPJbOZPjINZjI1D',$,$,$,(#1039),#1059);
#1061=IFCQUANTITYLENGTH('Width',$,$,87.63,$);
#1062=IFCQUANTITYLENGTH('Depth',$,$,23.33,$);
#1063=IFCPLATE('2vTWRzBKrQs9S_i2mN7Ro6',$,'Level 08 Curtain Wall','Unitised solar-control glazing to the curved facade',$,#1070,#1081,$,$);
#1064=IFCMATERIALLAYERSETUSAGE(#268,.AXIS2.,.POSITIVE.,0.,$);
#1065=IFCRELASSOCIATESMATERIAL('0xNR_m1ifKpQee__dRK4Ns',$,$,$,(#1063),#1064);
#1066=IFCCARTESIANPOINT((0.35,0.,0.));
#1067=IFCDIRECTION((0.,0.,1.));
#1068=IFCDIRECTION((1.,0.,0.));
#1069=IFCAXIS2PLACEMENT3D(#1066,#1067,#1068);
#1070=IFCLOCALPLACEMENT(#120,#1069);
#1071=IFCCARTESIANPOINTLIST2D(((86.93272324067914,0.),(84.59685046354244,3.165804961908375),(82.03089919939617,6.148172611585107),(79.24922303851365,8.930419980851514),(76.26738230756361,11.496983547775077),(73.10205702721142,13.833506296942165),(69.77095360630071,15.926918030693788),(66.2927057945561,17.765508482073823),(62.68677044786426,19.338992820505712),(58.973318689208526,20.63856918376749),(55.17312307408835,21.65696791443902),(51.30744139160514,22.388492225399244),(47.39789775121592,22.829050066896),(43.46636162033957,22.97617701692843),(39.53482548946322,22.829050066896),(35.62528184907401,22.388492225399244),(31.759600166590797,21.65696791443902),(27.959404551470616,20.63856918376749),(24.245952792814887,19.338992820505712),(20.640017446123046,17.765508482073823),(17.161769634378434,15.926918030693788),(13.830666213467723,13.833506296942165),(10.66534093311553,11.496983547775077),(7.68350020216549,8.930419980851514),(4.901824041282964,6.148172611585107),(2.3358727771367,3.165804961908382),(0.,0.),(86.64472324067914,0.18),(2.608395720057679,3.321003407989135),(5.157345470009383,6.280006588609659),(7.920590763792158,9.040457271416916),(10.882674374557753,11.58691386224494),(14.027026800344755,13.905131821431508),(17.33605895166999,15.982143345879486),(20.791260542556916,17.806329909223464),(24.373303634614743,19.36748725432182),(28.062150754956498,20.65688247451464),(31.837166983158717,21.6673028643427),(35.67723538026323,22.39309626646305),(39.560875114126596,22.83020268906575),(43.46636162033957,22.976177016928432),(47.37184812655254,22.83020268906575),(51.25548786041591,22.39309626646305),(55.095556257520435,21.6673028643427),(58.87057248572265,20.65688247451464),(62.55941960606441,19.36748725432182),(66.14146269812223,17.806329909223464),(69.59666428900915,15.982143345879486),(72.9056964403344,13.905131821431508),(76.05004886612139,11.58691386224494),(79.01213247688698,9.040457271416916),(81.77537777066976,6.280006588609659),(84.32432752062145,3.3210034079891284),(0.288,0.18)));
#1072=IFCINDEXEDPOLYCURVE(#1071,(IFCLINEINDEX((1,2,3,4,5,6,7,8,9,10,11,12,13,14,15,16,17,18,19,20,21,22,23,24,25,26,27,28,29,30,31,32,33,34,35,36,37,38,39,40,41,42,43,44,45,46,47,48,49,50,51,52,53,54,1))),$);
#1073=IFCARBITRARYCLOSEDPROFILEDEF(.AREA.,$,#1072);
#1074=IFCCARTESIANPOINT((0.,0.,0.));
#1075=IFCDIRECTION((0.,0.,1.));
#1076=IFCDIRECTION((1.,0.,0.));
#1077=IFCAXIS2PLACEMENT3D(#1074,#1075,#1076);
#1078=IFCDIRECTION((0.,0.,1.));
#1079=IFCEXTRUDEDAREASOLID(#1073,#1077,#1078,3.8);
#1080=IFCSHAPEREPRESENTATION(#11,'Body','SweptSolid',(#1079));
#1081=IFCPRODUCTDEFINITIONSHAPE($,$,(#1080));
#1082=IFCPROPERTYSET('3ICUh9n7jNfOTCCkmqDhYN',$,'Pset_PlateCommon',$,(#1084));
#1083=IFCRELDEFINESBYPROPERTIES('0CSJGhQ0fRYx4k3010kXIY',$,$,$,(#1063),#1082);
#1084=IFCPROPERTYSINGLEVALUE('IsExternal',$,IFCBOOLEAN(.T.),$);
#1085=IFCPLATE('3Xn7gvzQzLVBQFcXUQEtiJ',$,'Level 08 Spandrel','Opaque spandrel band expressing the floor line',$,#1092,#1103,$,$);
#1086=IFCMATERIALLAYERSETUSAGE(#272,.AXIS2.,.POSITIVE.,0.,$);
#1087=IFCRELASSOCIATESMATERIAL('0WFUhCjIbIN8uQH5UKaHtS',$,$,$,(#1085),#1086);
#1088=IFCCARTESIANPOINT((0.,0.,0.));
#1089=IFCDIRECTION((0.,0.,1.));
#1090=IFCDIRECTION((1.,0.,0.));
#1091=IFCAXIS2PLACEMENT3D(#1088,#1089,#1090);
#1092=IFCLOCALPLACEMENT(#120,#1091);
#1093=IFCCARTESIANPOINTLIST2D(((87.63272324067914,0.),(85.29133828194927,3.2111010358075767),(82.71513656715481,6.237061728186287),(79.91870364590491,9.060750150105523),(76.91787193957686,11.66617956911254),(73.729631103705,14.038598958598751),(70.37203183851614,16.164576512933277),(66.8640836922024,18.032075693630564),(63.22564743553363,19.630523376005268),(59.477322617146314,20.950869710492046),(55.640330936131726,21.985639359716362),(51.736396092226556,22.728973821230174),(47.78762079385211,23.176664596295847),(43.81636162033957,23.32617701692843),(39.84510244682702,23.176664596295847),(35.8963271484526,22.72897382123018),(31.99239230454741,21.985639359716362),(28.15540062353283,20.950869710492046),(24.40707580514551,19.630523376005268),(20.76863954847674,18.032075693630564),(17.260691402162998,16.164576512933277),(13.903092136974148,14.038598958598758),(10.7148513011023,11.666179569112554),(7.714019594774236,9.060750150105523),(4.917586673524326,6.237061728186287),(2.3413849587298827,3.211101035807598),(0.,0.),(87.12072324067914,0.32),(2.826025564783462,3.4870495681919356),(5.372124020676498,6.471498639491078),(8.13588025215271,9.256450311090774),(11.101646841779559,11.826137164418174),(14.25263266040213,14.166010534722382),(17.57099793262113,16.262822880506295),(21.037955239337663,18.104702786455327),(24.63387588552385,19.681222175222867),(28.338401031002604,20.983455347542986),(32.13055695505265,22.004029516405843),(35.988873802251526,22.737166549189194),(39.89150713725879,23.178715681416556),(43.81636162033957,23.326177016928426),(47.74121610342035,23.178715681416556),(51.64384943842763,22.737166549189183),(55.50216628562649,22.004029516405843),(59.294322209676544,20.983455347542986),(62.998847355155284,19.681222175222867),(66.59476800134148,18.104702786455327),(70.061725308058,16.262822880506295),(73.38009058027701,14.166010534722375),(76.5310763988996,11.82613716441816),(79.49684298852644,9.256450311090774),(82.26059922000265,6.471498639491078),(84.80669767589569,3.4870495681919147),(0.512,0.32)));
#1094=IFCINDEXEDPOLYCURVE(#1093,(IFCLINEINDEX((1,2,3,4,5,6,7,8,9,10,11,12,13,14,15,16,17,18,19,20,21,22,23,24,25,26,27,28,29,30,31,32,33,34,35,36,37,38,39,40,41,42,43,44,45,46,47,48,49,50,51,52,53,54,1))),$);
#1095=IFCARBITRARYCLOSEDPROFILEDEF(.AREA.,$,#1094);
#1096=IFCCARTESIANPOINT((0.,0.,0.));
#1097=IFCDIRECTION((0.,0.,1.));
#1098=IFCDIRECTION((1.,0.,0.));
#1099=IFCAXIS2PLACEMENT3D(#1096,#1097,#1098);
#1100=IFCDIRECTION((0.,0.,1.));
#1101=IFCEXTRUDEDAREASOLID(#1095,#1099,#1100,1.1);
#1102=IFCSHAPEREPRESENTATION(#11,'Body','SweptSolid',(#1101));
#1103=IFCPRODUCTDEFINITIONSHAPE($,$,(#1102));
#1104=IFCPROPERTYSET('2jKLOv5qfT7eZ3EWwK3_Zi',$,'Pset_PlateCommon',$,(#1106));
#1105=IFCRELDEFINESBYPROPERTIES('3Um2Lk_fHI99cDfpw_Huw8',$,$,$,(#1085),#1104);
#1106=IFCPROPERTYSINGLEVALUE('IsExternal',$,IFCBOOLEAN(.T.),$);
#1107=IFCWALL('3k74SnGaLIbf_RxvWcnkIk',$,'Level 08 Back Facade','Rendered facade to the harbour side',$,#1114,#1125,$,$);
#1108=IFCMATERIALLAYERSETUSAGE(#276,.AXIS2.,.POSITIVE.,0.,$);
#1109=IFCRELASSOCIATESMATERIAL('2hX6HKgN5HEw9siZl_PbVw',$,$,$,(#1107),#1108);
#1110=IFCCARTESIANPOINT((0.,-0.4,0.));
#1111=IFCDIRECTION((0.,0.,1.));
#1112=IFCDIRECTION((1.,0.,0.));
#1113=IFCAXIS2PLACEMENT3D(#1110,#1111,#1112);
#1114=IFCLOCALPLACEMENT(#120,#1113);
#1115=IFCCARTESIANPOINTLIST2D(((0.,0.),(87.63272324067914,0.),(87.63272324067914,0.4),(0.,0.4)));
#1116=IFCINDEXEDPOLYCURVE(#1115,(IFCLINEINDEX((1,2,3,4,1))),$);
#1117=IFCARBITRARYCLOSEDPROFILEDEF(.AREA.,$,#1116);
#1118=IFCCARTESIANPOINT((0.,0.,0.));
#1119=IFCDIRECTION((0.,0.,1.));
#1120=IFCDIRECTION((1.,0.,0.));
#1121=IFCAXIS2PLACEMENT3D(#1118,#1119,#1120);
#1122=IFCDIRECTION((0.,0.,1.));
#1123=IFCEXTRUDEDAREASOLID(#1117,#1121,#1122,3.8);
#1124=IFCSHAPEREPRESENTATION(#11,'Body','SweptSolid',(#1123));
#1125=IFCPRODUCTDEFINITIONSHAPE($,$,(#1124));
#1126=IFCPROPERTYSET('1h87LKAMDTOgcEVZZqWq$e',$,'Pset_WallCommon',$,(#1128,#1129));
#1127=IFCRELDEFINESBYPROPERTIES('2uaNR$1YDQ6A82wfi_9MJW',$,$,$,(#1107),#1126);
#1128=IFCPROPERTYSINGLEVALUE('IsExternal',$,IFCBOOLEAN(.T.),$);
#1129=IFCPROPERTYSINGLEVALUE('LoadBearing',$,IFCBOOLEAN(.F.),$);
#1130=IFCSLAB('0BxEKtrk9VrwcGE1F2MmiK',$,'Level 09 Slab','Floor plate, chord 86.0 m, depth 22.9 m',$,#1138,#1149,$,$);
#1131=IFCMATERIALLAYERSETUSAGE(#254,.AXIS3.,.POSITIVE.,0.,$);
#1132=IFCRELASSOCIATESMATERIAL('3Hp4kI3RLLYvcX6L$z1STo',$,$,$,(#1130),#1131);
#1133=IFCRELCONTAINEDINSPATIALSTRUCTURE('3Aia9DkJHPHvcbd5lK6phb',$,$,$,(#1130,#1154,#1176,#1198),#121);
#1134=IFCCARTESIANPOINT((0.,0.,-0.3400000000000034));
#1135=IFCDIRECTION((0.,0.,1.));
#1136=IFCDIRECTION((1.,0.,0.));
#1137=IFCAXIS2PLACEMENT3D(#1134,#1135,#1136);
#1138=IFCLOCALPLACEMENT(#127,#1137);
#1139=IFCCARTESIANPOINTLIST2D(((0.,0.),(85.95683624646466,0.),(83.66347428953036,3.1545048064530015),(81.13908224981148,6.127357723980651),(78.39799488696855,8.901677407923252),(75.45577746500825,11.461709884545762),(72.32913736493526,13.792918009974343),(69.03582921189265,15.882064019364705),(65.5945540555268,17.717284697546987),(62.02485317608101,19.288158744290584),(58.34699711923976,20.58576595165526),(54.581870589839355,21.602737857390068),(50.750853858075956,22.33329958674466),(46.87570135164584,22.773302645094304),(42.97841812323233,22.920248475165785),(39.08113489481883,22.773302645094304),(35.2059823883887,22.33329958674466),(31.374965656625314,21.602737857390075),(27.609839127224888,20.58576595165526),(23.931983070383648,19.288158744290584),(20.362282190937865,17.717284697546987),(16.921007034572003,15.882064019364691),(13.627698881529394,13.792918009974343),(10.501058781456408,11.461709884545762),(7.558841359496107,8.901677407923245),(4.817753996653167,6.127357723980651),(2.293361956934291,3.1545048064529837)));
#1140=IFCINDEXEDPOLYCURVE(#1139,(IFCLINEINDEX((1,2,3,4,5,6,7,8,9,10,11,12,13,14,15,16,17,18,19,20,21,22,23,24,25,26,27,1))),$);
#1141=IFCARBITRARYCLOSEDPROFILEDEF(.AREA.,$,#1140);
#1142=IFCCARTESIANPOINT((0.,0.,0.));
#1143=IFCDIRECTION((0.,0.,1.));
#1144=IFCDIRECTION((1.,0.,0.));
#1145=IFCAXIS2PLACEMENT3D(#1142,#1143,#1144);
#1146=IFCDIRECTION((0.,0.,1.));
#1147=IFCEXTRUDEDAREASOLID(#1141,#1145,#1146,0.34);
#1148=IFCSHAPEREPRESENTATION(#11,'Body','SweptSolid',(#1147));
#1149=IFCPRODUCTDEFINITIONSHAPE($,$,(#1148));
#1150=IFCELEMENTQUANTITY('2NK5enCAHTLwP3d_gKoGGU',$,'Qto_SlabBaseQuantities',$,'BaseQuantities',(#1152,#1153));
#1151=IFCRELDEFINESBYPROPERTIES('1fzYbBFVnNRhsq6qkaHQdl',$,$,$,(#1130),#1150);
#1152=IFCQUANTITYLENGTH('Width',$,$,85.96,$);
#1153=IFCQUANTITYLENGTH('Depth',$,$,22.92,$);
#1154=IFCPLATE('15_q55HA1JhuvLtqM5PZDc',$,'Level 09 Curtain Wall','Unitised solar-control glazing to the curved facade',$,#1161,#1172,$,$);
#1155=IFCMATERIALLAYERSETUSAGE(#268,.AXIS2.,.POSITIVE.,0.,$);
#1156=IFCRELASSOCIATESMATERIAL('3j46fYpBbO0wh78sHzAmtE',$,$,$,(#1154),#1155);
#1157=IFCCARTESIANPOINT((0.35,0.,0.));
#1158=IFCDIRECTION((0.,0.,1.));
#1159=IFCDIRECTION((1.,0.,0.));
#1160=IFCAXIS2PLACEMENT3D(#1157,#1158,#1159);
#1161=IFCLOCALPLACEMENT(#127,#1160);
#1162=IFCCARTESIANPOINTLIST2D(((85.25683624646466,0.),(82.96897110394931,3.109220981665665),(80.4548165981199,6.038488662159274),(77.72847581830862,8.771371384762787),(74.80524210765671,11.292539109463966),(71.70151327547323,13.587849406447745),(68.43469961411763,15.64442678771671),(65.02312623638264,17.45073493183184),(61.48593028121418,18.996641396630615),(57.84295356438991,20.273474456918045),(54.114631276330044,21.274071748300955),(50.3218773513874,21.992820444299014),(46.48596715163478,22.42568874136017),(42.62841812323233,22.570248475165783),(38.77086909482986,22.42568874136016),(34.93495889507726,21.99282044429902),(31.142204970134607,21.274071748300955),(27.413882682074735,20.273474456918045),(23.770905965250474,18.996641396630615),(20.23371001008201,17.450734931831832),(16.822136632347036,15.64442678771671),(13.555322970991416,13.587849406447745),(10.451594138807955,11.292539109463966),(7.528360428156027,8.771371384762787),(4.802019648344746,6.038488662159267),(2.2878651425153436,3.109220981665665),(0.,0.),(84.96883624646466,0.18),(2.560408196420379,3.264424631846317),(5.0575769324380655,6.170331108183527),(7.7654983999887826,8.881418816407392),(10.668982578621158,11.382479975115487),(13.75174244355172,13.659484941791908),(16.996485327339414,15.69966091175006),(20.38500992268825,17.491563566873847),(23.89830838224373,19.02514127224537),(27.516672942655983,20.291791460549593),(31.219806474805253,21.28440888796924),(34.98693634006017,21.997425490879273),(38.79693091389545,22.42684161976616),(42.62841812323233,22.570248475165783),(46.45990533256919,22.426841619766165),(50.2698999064045,21.997425490879266),(54.037029771659405,21.28440888796924),(57.740163303808664,20.291791460549593),(61.35852786422093,19.02514127224537),(64.8718263237764,17.491563566873854),(68.26035091912526,15.69966091175006),(71.50509380291292,13.659484941791908),(74.58785366784352,11.382479975115487),(77.49133784647587,8.881418816407392),(80.19925931402659,6.170331108183533),(82.69642805004428,3.264424631846317),(0.288,0.18)));
#1163=IFCINDEXEDPOLYCURVE(#1162,(IFCLINEINDEX((1,2,3,4,5,6,7,8,9,10,11,12,13,14,15,16,17,18,19,20,21,22,23,24,25,26,27,28,29,30,31,32,33,34,35,36,37,38,39,40,41,42,43,44,45,46,47,48,49,50,51,52,53,54,1))),$);
#1164=IFCARBITRARYCLOSEDPROFILEDEF(.AREA.,$,#1163);
#1165=IFCCARTESIANPOINT((0.,0.,0.));
#1166=IFCDIRECTION((0.,0.,1.));
#1167=IFCDIRECTION((1.,0.,0.));
#1168=IFCAXIS2PLACEMENT3D(#1165,#1166,#1167);
#1169=IFCDIRECTION((0.,0.,1.));
#1170=IFCEXTRUDEDAREASOLID(#1164,#1168,#1169,3.8);
#1171=IFCSHAPEREPRESENTATION(#11,'Body','SweptSolid',(#1170));
#1172=IFCPRODUCTDEFINITIONSHAPE($,$,(#1171));
#1173=IFCPROPERTYSET('33a9LRJtrMvA_H470VlrJu',$,'Pset_PlateCommon',$,(#1175));
#1174=IFCRELDEFINESBYPROPERTIES('1TMV8uWKvJhQi1RB4d_23M',$,$,$,(#1154),#1173);
#1175=IFCPROPERTYSINGLEVALUE('IsExternal',$,IFCBOOLEAN(.T.),$);
#1176=IFCPLATE('3SV3M2FufKdhfoEq9k$mPz',$,'Level 09 Spandrel','Opaque spandrel band expressing the floor line',$,#1183,#1194,$,$);
#1177=IFCMATERIALLAYERSETUSAGE(#272,.AXIS2.,.POSITIVE.,0.,$);
#1178=IFCRELASSOCIATESMATERIAL('1ss6gMxhnMWhPuvVAgvikw',$,$,$,(#1176),#1177);
#1179=IFCCARTESIANPOINT((0.,0.,0.));
#1180=IFCDIRECTION((0.,0.,1.));
#1181=IFCDIRECTION((1.,0.,0.));
#1182=IFCAXIS2PLACEMENT3D(#1179,#1180,#1181);
#1183=IFCLOCALPLACEMENT(#127,#1182);
#1184=IFCCARTESIANPOINTLIST2D(((85.95683624646466,0.),(83.66347428953036,3.1545048064530015),(81.13908224981148,6.127357723980651),(78.39799488696855,8.901677407923252),(75.45577746500825,11.461709884545762),(72.32913736493526,13.792918009974343),(69.03582921189265,15.882064019364705),(65.5945540555268,17.717284697546987),(62.02485317608101,19.288158744290584),(58.34699711923976,20.58576595165526),(54.581870589839355,21.602737857390068),(50.750853858075956,22.33329958674466),(46.87570135164584,22.773302645094304),(42.97841812323233,22.920248475165785),(39.08113489481883,22.773302645094304),(35.2059823883887,22.33329958674466),(31.374965656625314,21.602737857390075),(27.609839127224888,20.58576595165526),(23.931983070383648,19.288158744290584),(20.362282190937865,17.717284697546987),(16.921007034572003,15.882064019364691),(13.627698881529394,13.792918009974343),(10.501058781456408,11.461709884545762),(7.558841359496107,8.901677407923245),(4.817753996653167,6.127357723980651),(2.293361956934291,3.1545048064529837),(0.,0.),(85.44483624646466,0.32),(2.7780412370654592,3.4304633319829887),(5.272360305726394,6.361810899573477),(7.980793215682038,9.097397046232496),(10.88796013122946,11.621687746608268),(13.977352705657198,13.920348816495743),(17.231427823888637,15.980327309498593),(20.631707221057233,17.7899256381826),(24.158882411329543,19.338867998823293),(27.792924331138018,20.618358722555314),(31.513197074214215,21.62113222157618),(35.298575072578,22.34149424678503),(39.127563058071054,22.77535422257497),(42.97841812323233,22.92024847516579),(46.829273188393614,22.77535422257497),(50.65826117388666,22.34149424678503),(54.44363917225046,21.621132221576172),(58.16391191532663,20.618358722555314),(61.79795383513512,19.338867998823293),(65.32512902540742,17.7899256381826),(68.72540842257602,15.980327309498609),(71.97948354080746,13.920348816495743),(75.0688761152352,11.621687746608268),(77.97604303078262,9.097397046232503),(80.68447594073825,6.361810899573477),(83.17879500939918,3.430463331983006),(0.512,0.32)));
#1185=IFCINDEXEDPOLYCURVE(#1184,(IFCLINEINDEX((1,2,3,4,5,6,7,8,9,10,11,12,13,14,15,16,17,18,19,20,21,22,23,24,25,26,27,28,29,30,31,32,33,34,35,36,37,38,39,40,41,42,43,44,45,46,47,48,49,50,51,52,53,54,1))),$);
#1186=IFCARBITRARYCLOSEDPROFILEDEF(.AREA.,$,#1185);
#1187=IFCCARTESIANPOINT((0.,0.,0.));
#1188=IFCDIRECTION((0.,0.,1.));
#1189=IFCDIRECTION((1.,0.,0.));
#1190=IFCAXIS2PLACEMENT3D(#1187,#1188,#1189);
#1191=IFCDIRECTION((0.,0.,1.));
#1192=IFCEXTRUDEDAREASOLID(#1186,#1190,#1191,1.1);
#1193=IFCSHAPEREPRESENTATION(#11,'Body','SweptSolid',(#1192));
#1194=IFCPRODUCTDEFINITIONSHAPE($,$,(#1193));
#1195=IFCPROPERTYSET('1SnJeecy9Rtvgm$RU71ors',$,'Pset_PlateCommon',$,(#1197));
#1196=IFCRELDEFINESBYPROPERTIES('2IWSvxNKnODvYjPQlee4uF',$,$,$,(#1176),#1195);
#1197=IFCPROPERTYSINGLEVALUE('IsExternal',$,IFCBOOLEAN(.T.),$);
#1198=IFCWALL('3qtYx_0ITT6O3IleBTF2w1',$,'Level 09 Back Facade','Rendered facade to the harbour side',$,#1205,#1216,$,$);
#1199=IFCMATERIALLAYERSETUSAGE(#276,.AXIS2.,.POSITIVE.,0.,$);
#1200=IFCRELASSOCIATESMATERIAL('0QCA1jenPG7gx$TGUeLIf6',$,$,$,(#1198),#1199);
#1201=IFCCARTESIANPOINT((0.,-0.4,0.));
#1202=IFCDIRECTION((0.,0.,1.));
#1203=IFCDIRECTION((1.,0.,0.));
#1204=IFCAXIS2PLACEMENT3D(#1201,#1202,#1203);
#1205=IFCLOCALPLACEMENT(#127,#1204);
#1206=IFCCARTESIANPOINTLIST2D(((0.,0.),(85.95683624646466,0.),(85.95683624646466,0.4),(0.,0.4)));
#1207=IFCINDEXEDPOLYCURVE(#1206,(IFCLINEINDEX((1,2,3,4,1))),$);
#1208=IFCARBITRARYCLOSEDPROFILEDEF(.AREA.,$,#1207);
#1209=IFCCARTESIANPOINT((0.,0.,0.));
#1210=IFCDIRECTION((0.,0.,1.));
#1211=IFCDIRECTION((1.,0.,0.));
#1212=IFCAXIS2PLACEMENT3D(#1209,#1210,#1211);
#1213=IFCDIRECTION((0.,0.,1.));
#1214=IFCEXTRUDEDAREASOLID(#1208,#1212,#1213,3.8);
#1215=IFCSHAPEREPRESENTATION(#11,'Body','SweptSolid',(#1214));
#1216=IFCPRODUCTDEFINITIONSHAPE($,$,(#1215));
#1217=IFCPROPERTYSET('0FT_HsIKPIh9KHdj2lSOpl',$,'Pset_WallCommon',$,(#1219,#1220));
#1218=IFCRELDEFINESBYPROPERTIES('3d3UohOyvSk8HGgj6h_YJy',$,$,$,(#1198),#1217);
#1219=IFCPROPERTYSINGLEVALUE('IsExternal',$,IFCBOOLEAN(.T.),$);
#1220=IFCPROPERTYSINGLEVALUE('LoadBearing',$,IFCBOOLEAN(.F.),$);
#1221=IFCSLAB('3aCckLo0TQWe1rx89yLf31',$,'Level 10 Slab','Floor plate, chord 84.2 m, depth 22.5 m',$,#1229,#1240,$,$);
#1222=IFCMATERIALLAYERSETUSAGE(#254,.AXIS3.,.POSITIVE.,0.,$);
#1223=IFCRELASSOCIATESMATERIAL('3AqIUleefHo9aHFz8SywEK',$,$,$,(#1221),#1222);
#1224=IFCRELCONTAINEDINSPATIALSTRUCTURE('14vnWL$O9Uuu16w0bSqpmF',$,$,$,(#1221,#1245,#1267,#1289),#128);
#1225=IFCCARTESIANPOINT((0.,0.,-0.3400000000000034));
#1226=IFCDIRECTION((0.,0.,1.));
#1227=IFCDIRECTION((1.,0.,0.));
#1228=IFCAXIS2PLACEMENT3D(#1225,#1226,#1227);
#1229=IFCLOCALPLACEMENT(#134,#1228);
#1230=IFCCARTESIANPOINTLIST2D(((0.,0.),(84.17517684851862,0.),(81.9342083916892,3.0963057516812427),(79.4659454685898,6.014648958854021),(76.78446762986178,8.738382707370821),(73.90507065403462,11.251970181081678),(70.84417929681744,13.541073287477705),(67.61925360044012,15.592634445533694),(64.24868929747716,17.39495106921294),(60.75171287727436,18.937742321762823),(57.148271913544114,20.212207760019016),(53.45892127872617,21.211077534197397),(49.70470589417418,21.928653856822375),(45.90704068498825,22.360843504243046),(42.08758842425931,22.505181165340975),(38.26813616353035,22.360843504243046),(34.47047095434444,21.928653856822375),(30.71625556979245,21.211077534197397),(27.026904934974496,20.212207760019016),(23.42346397124424,18.937742321762816),(19.926487551041465,17.39495106921294),(16.555923248078493,15.592634445533687),(13.330997551701167,13.541073287477698),(10.270106194484,11.251970181081685),(7.390709218656831,8.738382707370821),(4.709231379928816,6.014648958854021),(2.240968456829407,3.096305751681232)));
#1231=IFCINDEXEDPOLYCURVE(#1230,(IFCLINEINDEX((1,2,3,4,5,6,7,8,9,10,11,12,13,14,15,16,17,18,19,20,21,22,23,24,25,26,27,1))),$);
#1232=IFCARBITRARYCLOSEDPROFILEDEF(.AREA.,$,#1231);
#1233=IFCCARTESIANPOINT((0.,0.,0.));
#1234=IFCDIRECTION((0.,0.,1.));
#1235=IFCDIRECTION((1.,0.,0.));
#1236=IFCAXIS2PLACEMENT3D(#1233,#1234,#1235);
#1237=IFCDIRECTION((0.,0.,1.));
#1238=IFCEXTRUDEDAREASOLID(#1232,#1236,#1237,0.34);
#1239=IFCSHAPEREPRESENTATION(#11,'Body','SweptSolid',(#1238));
#1240=IFCPRODUCTDEFINITIONSHAPE($,$,(#1239));
#1241=IFCELEMENTQUANTITY('2rhuGoSXLRavqLVQXnY5$s',$,'Qto_SlabBaseQuantities',$,'BaseQuantities',(#1243,#1244));
#1242=IFCRELDEFINESBYPROPERTIES('2zvXYQSnPVCxsB5Ty0yM2Y',$,$,$,(#1221),#1241);
#1243=IFCQUANTITYLENGTH('Width',$,$,84.18,$);
#1244=IFCQUANTITYLENGTH('Depth',$,$,22.51,$);
#1245=IFCPLATE('3PyRC9t6HOAB72JfzI_VU6',$,'Level 10 Curtain Wall','Unitised solar-control glazing to the curved facade',$,#1252,#1263,$,$);
#1246=IFCMATERIALLAYERSETUSAGE(#268,.AXIS2.,.POSITIVE.,0.,$);
#1247=IFCRELASSOCIATESMATERIAL('19tZCnKqTKp9EP_0KRJ41X',$,$,$,(#1245),#1246);
#1248=IFCCARTESIANPOINT((0.35,0.,0.));
#1249=IFCDIRECTION((0.,0.,1.));
#1250=IFCDIRECTION((1.,0.,0.));
#1251=IFCAXIS2PLACEMENT3D(#1248,#1249,#1250);
#1252=IFCLOCALPLACEMENT(#134,#1251);
#1253=IFCCARTESIANPOINTLIST2D(((83.47517684851861,0.),(81.2396816008447,3.0510407894408544),(78.78163636223033,5.92581078130625),(76.11488946074103,8.608113870929383),(73.25446502424046,11.082838288773718),(70.2164783362804,13.336041738305521),(67.01804504455222,15.35502994519764),(63.677184733408495,17.1284281753279),(60.2127194037152,18.646245318648422),(56.64416743198698,19.89993017788503),(52.99163360622653,20.882419644943237),(49.275695857993064,21.588178493600584),(45.517289328837364,22.013230564298315),(41.73758842425931,22.155181165340974),(37.95788751968126,22.013230564298315),(34.19948099052557,21.58817849360059),(30.483543242292107,20.882419644943244),(26.831009416531664,19.899930177885043),(23.262457444803438,18.64624531864843),(19.79799211511014,17.128428175327922),(16.45713180396639,15.355029945197646),(13.258698512238226,13.336041738305529),(10.220711824278162,11.082838288773726),(7.360287387777603,8.608113870929397),(4.693540486288292,5.92581078130625),(2.2354952476739243,3.0510407894408615),(0.,0.),(83.18717684851862,0.18),(2.5080697605857467,3.206252576787539),(4.94915386044133,6.057666469929381),(7.597499528495158,8.718177160179714),(10.43818630719579,11.172795653730864),(13.45521011255615,13.407692928382446),(16.63157339921708,15.410277844571208),(19.949380922551697,17.169268082320777),(23.389940558298104,18.674753704460805),(26.933868611715308,19.918252988008444),(30.56119902296301,20.8927602091644),(34.251495853455545,21.592785112709304),(37.983968419455664,22.014383843434107),(41.73758842425931,22.155181165340974),(45.49120842906296,22.014383843434107),(49.2236809950631,21.592785112709297),(52.91397782555563,20.892760209164397),(56.54130823680334,19.91825298800843),(60.085236290220536,18.6747537044608),(63.525795925966946,17.169268082320755),(66.84360344930154,15.410277844571201),(70.01996673596248,13.407692928382437),(73.03699054132284,11.172795653730857),(75.87767732002348,8.7181771601797),(78.5260229880773,6.057666469929381),(80.96710708793289,3.206252576787532),(0.288,0.18)));
#1254=IFCINDEXEDPOLYCURVE(#1253,(IFCLINEINDEX((1,2,3,4,5,6,7,8,9,10,11,12,13,14,15,16,17,18,19,20,21,22,23,24,25,26,27,28,29,30,31,32,33,34,35,36,37,38,39,40,41,42,43,44,45,46,47,48,49,50,51,52,53,54,1))),$);
#1255=IFCARBITRARYCLOSEDPROFILEDEF(.AREA.,$,#1254);
#1256=IFCCARTESIANPOINT((0.,0.,0.));
#1257=IFCDIRECTION((0.,0.,1.));
#1258=IFCDIRECTION((1.,0.,0.));
#1259=IFCAXIS2PLACEMENT3D(#1256,#1257,#1258);
#1260=IFCDIRECTION((0.,0.,1.));
#1261=IFCEXTRUDEDAREASOLID(#1255,#1259,#1260,3.8);
#1262=IFCSHAPEREPRESENTATION(#11,'Body','SweptSolid',(#1261));
#1263=IFCPRODUCTDEFINITIONSHAPE($,$,(#1262));
#1264=IFCPROPERTYSET('1H2RsgogjOnApzgSx52kFD',$,'Pset_PlateCommon',$,(#1266));
#1265=IFCRELDEFINESBYPROPERTIES('1BBgAtmjXIh8LRcrExIz7C',$,$,$,(#1245),#1264);
#1266=IFCPROPERTYSINGLEVALUE('IsExternal',$,IFCBOOLEAN(.T.),$);
#1267=IFCPLATE('2X64NHJsnG6hVL$5hj_TAk',$,'Level 10 Spandrel','Opaque spandrel band expressing the floor line',$,#1274,#1285,$,$);
#1268=IFCMATERIALLAYERSETUSAGE(#272,.AXIS2.,.POSITIVE.,0.,$);
#1269=IFCRELASSOCIATESMATERIAL('3yhRo9fGnIP8G_bCcJxdbs',$,$,$,(#1267),#1268);
#1270=IFCCARTESIANPOINT((0.,0.,0.));
#1271=IFCDIRECTION((0.,0.,1.));
#1272=IFCDIRECTION((1.,0.,0.));
#1273=IFCAXIS2PLACEMENT3D(#1270,#1271,#1272);
#1274=IFCLOCALPLACEMENT(#134,#1273);
#1275=IFCCARTESIANPOINTLIST2D(((84.17517684851862,0.),(81.9342083916892,3.0963057516812427),(79.4659454685898,6.014648958854021),(76.78446762986178,8.738382707370821),(73.90507065403462,11.251970181081678),(70.84417929681744,13.541073287477705),(67.61925360044012,15.592634445533694),(64.24868929747716,17.39495106921294),(60.75171287727436,18.937742321762823),(57.148271913544114,20.212207760019016),(53.45892127872617,21.211077534197397),(49.70470589417418,21.928653856822375),(45.90704068498825,22.360843504243046),(42.08758842425931,22.505181165340975),(38.26813616353035,22.360843504243046),(34.47047095434444,21.928653856822375),(30.71625556979245,21.211077534197397),(27.026904934974496,20.212207760019016),(23.42346397124424,18.937742321762816),(19.926487551041465,17.39495106921294),(16.555923248078493,15.592634445533687),(13.330997551701167,13.541073287477698),(10.270106194484,11.251970181081685),(7.390709218656831,8.738382707370821),(4.709231379928816,6.014648958854021),(2.240968456829407,3.096305751681232),(0.,0.),(83.66317684851862,0.32),(2.7257068366498265,3.3722795413051116),(5.163943078156368,6.249126978262397),(7.8128004531127555,8.9341320983304),(10.65716925776598,11.411979002539596),(13.680824545311072,13.668533470972417),(16.866518676793287,15.690923587668873),(20.196079705685978,17.4676131650542),(23.65051503493587,18.988467549058615),(27.2101197551914,20.244811429561256),(30.854589046227307,21.229478326393803),(34.5631340004017,21.936851468624322),(38.31460020746132,22.36289583393602),(42.08758842425931,22.505181165340975),(45.860576641057285,22.36289583393602),(49.61204284811692,21.936851468624322),(53.320587802291314,21.229478326393803),(56.965057093327204,20.244811429561256),(60.524661813582725,18.98846754905862),(63.97909714283265,17.4676131650542),(67.30865817172533,15.69092358766888),(70.49435230320753,13.668533470972424),(73.51800759075263,11.411979002539589),(76.36237639540586,8.9341320983304),(79.01123377036225,6.249126978262397),(81.44947001186878,3.3722795413051223),(0.512,0.32)));
#1276=IFCINDEXEDPOLYCURVE(#1275,(IFCLINEINDEX((1,2,3,4,5,6,7,8,9,10,11,12,13,14,15,16,17,18,19,20,21,22,23,24,25,26,27,28,29,30,31,32,33,34,35,36,37,38,39,40,41,42,43,44,45,46,47,48,49,50,51,52,53,54,1))),$);
#1277=IFCARBITRARYCLOSEDPROFILEDEF(.AREA.,$,#1276);
#1278=IFCCARTESIANPOINT((0.,0.,0.));
#1279=IFCDIRECTION((0.,0.,1.));
#1280=IFCDIRECTION((1.,0.,0.));
#1281=IFCAXIS2PLACEMENT3D(#1278,#1279,#1280);
#1282=IFCDIRECTION((0.,0.,1.));
#1283=IFCEXTRUDEDAREASOLID(#1277,#1281,#1282,1.1);
#1284=IFCSHAPEREPRESENTATION(#11,'Body','SweptSolid',(#1283));
#1285=IFCPRODUCTDEFINITIONSHAPE($,$,(#1284));
#1286=IFCPROPERTYSET('0CPj4fl7TMwwclVj3IH1VK',$,'Pset_PlateCommon',$,(#1288));
#1287=IFCRELDEFINESBYPROPERTIES('1SSu0paxDQUu$ulWyqxoKl',$,$,$,(#1267),#1286);
#1288=IFCPROPERTYSINGLEVALUE('IsExternal',$,IFCBOOLEAN(.T.),$);
#1289=IFCWALL('0GKCaHeC9K7xXEBImkpCFu',$,'Level 10 Back Facade','Rendered facade to the harbour side',$,#1296,#1307,$,$);
#1290=IFCMATERIALLAYERSETUSAGE(#276,.AXIS2.,.POSITIVE.,0.,$);
#1291=IFCRELASSOCIATESMATERIAL('0FQh6DxFDN$8pn1v4FsviK',$,$,$,(#1289),#1290);
#1292=IFCCARTESIANPOINT((0.,-0.4,0.));
#1293=IFCDIRECTION((0.,0.,1.));
#1294=IFCDIRECTION((1.,0.,0.));
#1295=IFCAXIS2PLACEMENT3D(#1292,#1293,#1294);
#1296=IFCLOCALPLACEMENT(#134,#1295);
#1297=IFCCARTESIANPOINTLIST2D(((0.,0.),(84.17517684851862,0.),(84.17517684851862,0.4),(0.,0.4)));
#1298=IFCINDEXEDPOLYCURVE(#1297,(IFCLINEINDEX((1,2,3,4,1))),$);
#1299=IFCARBITRARYCLOSEDPROFILEDEF(.AREA.,$,#1298);
#1300=IFCCARTESIANPOINT((0.,0.,0.));
#1301=IFCDIRECTION((0.,0.,1.));
#1302=IFCDIRECTION((1.,0.,0.));
#1303=IFCAXIS2PLACEMENT3D(#1300,#1301,#1302);
#1304=IFCDIRECTION((0.,0.,1.));
#1305=IFCEXTRUDEDAREASOLID(#1299,#1303,#1304,3.8);
#1306=IFCSHAPEREPRESENTATION(#11,'Body','SweptSolid',(#1305));
#1307=IFCPRODUCTDEFINITIONSHAPE($,$,(#1306));
#1308=IFCPROPERTYSET('2xoKpbtXjItQr$navHsi8P',$,'Pset_WallCommon',$,(#1310,#1311));
#1309=IFCRELDEFINESBYPROPERTIES('16pyBqManNIeNb_N8YY5eJ',$,$,$,(#1289),#1308);
#1310=IFCPROPERTYSINGLEVALUE('IsExternal',$,IFCBOOLEAN(.T.),$);
#1311=IFCPROPERTYSINGLEVALUE('LoadBearing',$,IFCBOOLEAN(.F.),$);
#1312=IFCSLAB('1$Rx0tV0TKTgmX1ue$4kBU',$,'Level 11 Slab','Floor plate, chord 82.3 m, depth 22.1 m',$,#1320,#1331,$,$);
#1313=IFCMATERIALLAYERSETUSAGE(#254,.AXIS3.,.POSITIVE.,0.,$);
#1314=IFCRELASSOCIATESMATERIAL('1dpwlRsjDUHBkw$mxVgkSa',$,$,$,(#1312),#1313);
#1315=IFCRELCONTAINEDINSPATIALSTRUCTURE('3Hi2EFIbDJ8vp0jyymZIM7',$,$,$,(#1312,#1336,#1358,#1380),#135);
#1316=IFCCARTESIANPOINT((0.,0.,-0.3400000000000034));
#1317=IFCDIRECTION((0.,0.,1.));
#1318=IFCDIRECTION((1.,0.,0.));
#1319=IFCAXIS2PLACEMENT3D(#1316,#1317,#1318);
#1320=IFCLOCALPLACEMENT(#141,#1319);
#1321=IFCCARTESIANPOINTLIST2D(((0.,0.),(82.29265586449826,0.),(80.1082832292166,3.036608902284719),(77.70029606221203,5.899138419817003),(75.08251453546109,8.571159623588333),(72.26996289468742,11.037336969843782),(69.27878323063841,13.283516315439723),(66.12614283470836,15.29680615278362),(62.83013567062301,17.065651598123647),(59.40967852766907,18.579900708546912),(55.88440245147737,19.830862747072718),(52.27454007547102,20.81135806143988),(48.60080949961811,21.515759290318424),(44.88429538294393,21.940023660450688),(41.14632793224913,22.08171618935874),(37.408360481554325,21.940023660450688),(33.69184636488015,21.515759290318424),(30.018115789027227,20.81135806143988),(26.40825341302088,19.830862747072718),(22.882977336829182,18.579900708546912),(19.462520193875267,17.06565159812366),(16.16651302978989,15.29680615278362),(13.013872633859862,13.283516315439737),(10.02269296981083,11.037336969843782),(7.210141329037185,8.571159623588354),(4.592359802286218,5.899138419817003),(2.1843726352816617,3.0366089022847262)));
#1322=IFCINDEXEDPOLYCURVE(#1321,(IFCLINEINDEX((1,2,3,4,5,6,7,8,9,10,11,12,13,14,15,16,17,18,19,20,21,22,23,24,25,26,27,1))),$);
#1323=IFCARBITRARYCLOSEDPROFILEDEF(.AREA.,$,#1322);
#1324=IFCCARTESIANPOINT((0.,0.,0.));
#1325=IFCDIRECTION((0.,0.,1.));
#1326=IFCDIRECTION((1.,0.,0.));
#1327=IFCAXIS2PLACEMENT3D(#1324,#1325,#1326);
#1328=IFCDIRECTION((0.,0.,1.));
#1329=IFCEXTRUDEDAREASOLID(#1323,#1327,#1328,0.34);
#1330=IFCSHAPEREPRESENTATION(#11,'Body','SweptSolid',(#1329));
#1331=IFCPRODUCTDEFINITIONSHAPE($,$,(#1330));
#1332=IFCELEMENTQUANTITY('39Fiv_HLnLUfO_2tANhyZV',$,'Qto_SlabBaseQuantities',$,'BaseQuantities',(#1334,#1335));
#1333=IFCRELDEFINESBYPROPERTIES('0wSYFb8zrRcwaHQay_x5JZ',$,$,$,(#1312),#1332);
#1334=IFCQUANTITYLENGTH('Width',$,$,82.29,$);
#1335=IFCQUANTITYLENGTH('Depth',$,$,22.08,$);
#1336=IFCPLATE('27NovV_BfP4Bc00C5yWwJe',$,'Level 11 Curtain Wall','Unitised solar-control glazing to the curved facade',$,#1343,#1354,$,$);
#1337=IFCMATERIALLAYERSETUSAGE(#268,.AXIS2.,.POSITIVE.,0.,$);
#1338=IFCRELASSOCIATESMATERIAL('2spdhRflvS79f8mW5t84LR',$,$,$,(#1336),#1337);
#1339=IFCCARTESIANPOINT((0.35,0.,0.));
#1340=IFCDIRECTION((0.,0.,1.));
#1341=IFCDIRECTION((1.,0.,0.));
#1342=IFCAXIS2PLACEMENT3D(#1339,#1340,#1341);
#1343=IFCLOCALPLACEMENT(#141,#1342);
#1344=IFCCARTESIANPOINTLIST2D(((81.59265586449825,0.),(79.41372434238606,2.991369679496792),(77.01592785460386,5.8103423896602315),(74.4128559668595,8.440941539037016),(71.61926164782277,10.868258147580836),(68.65097765634253,13.078535343633174),(65.52482680892857,15.059246331304006),(62.258526636059464,16.79916538637008),(58.870588967678614,18.288431478320437),(55.380215016980415,19.518604157969232),(51.807186557101026,20.482711393892092),(48.17175380747275,21.175289086571492),(44.494520665248395,21.592412036304115),(40.79632793224913,21.73171618935874),(37.09813519924987,21.592412036304122),(33.420902057025486,21.175289086571492),(29.785469307397225,20.482711393892092),(26.212440847517843,19.518604157969232),(22.722066896819623,18.28843147832043),(19.33412922843879,16.79916538637008),(16.067829055569675,15.059246331304),(12.941678208155729,13.078535343633174),(9.97339421667548,10.868258147580821),(7.179799897638759,8.440941539037016),(4.576728009894396,5.810342389660224),(2.1789315221121868,2.9913696794967812),(0.,0.),(81.30465586449826,0.18),(2.4515494446024055,3.146592688226618),(4.832418786646692,5.94221634103039),(7.417114395405472,8.551026698267531),(10.190987450184814,10.958238268362884),(13.138316962846135,13.150208125417123),(16.242398876861213,15.1145132307971),(19.485640737929607,16.84002084098773),(22.849661399610373,18.316951602667093),(26.31539519888442,19.53693497741207),(29.86320001122978,20.493056681913757),(33.472968572805826,21.179897874834186),(37.12424243882478,21.59356586821189),(40.79632793224913,21.73171618935874),(44.46841342567349,21.593565868211883),(48.11968729169241,21.179897874834186),(51.72945585326847,20.493056681913757),(55.27726066561385,19.53693497741207),(58.742994464887865,18.3169516026671),(62.107015126568655,16.84002084098773),(65.35025698763702,15.114513230797106),(68.45433890165212,13.150208125417123),(71.40166841431343,10.9582382683629),(74.17554146909278,8.551026698267531),(76.76023707785157,5.942216341030397),(79.14110641989585,3.146592688226628),(0.288,0.18)));
#1345=IFCINDEXEDPOLYCURVE(#1344,(IFCLINEINDEX((1,2,3,4,5,6,7,8,9,10,11,12,13,14,15,16,17,18,19,20,21,22,23,24,25,26,27,28,29,30,31,32,33,34,35,36,37,38,39,40,41,42,43,44,45,46,47,48,49,50,51,52,53,54,1))),$);
#1346=IFCARBITRARYCLOSEDPROFILEDEF(.AREA.,$,#1345);
#1347=IFCCARTESIANPOINT((0.,0.,0.));
#1348=IFCDIRECTION((0.,0.,1.));
#1349=IFCDIRECTION((1.,0.,0.));
#1350=IFCAXIS2PLACEMENT3D(#1347,#1348,#1349);
#1351=IFCDIRECTION((0.,0.,1.));
#1352=IFCEXTRUDEDAREASOLID(#1346,#1350,#1351,3.8);
#1353=IFCSHAPEREPRESENTATION(#11,'Body','SweptSolid',(#1352));
#1354=IFCPRODUCTDEFINITIONSHAPE($,$,(#1353));
#1355=IFCPROPERTYSET('2Mshy2aELNGeAQ9QnIsNbU',$,'Pset_PlateCommon',$,(#1357));
#1356=IFCRELDEFINESBYPROPERTIES('3Xc$si3x1Lh9lpij13$gp6',$,$,$,(#1336),#1355);
#1357=IFCPROPERTYSINGLEVALUE('IsExternal',$,IFCBOOLEAN(.T.),$);
#1358=IFCPLATE('3zWWRbyn1VRe9S_tI1kwq3',$,'Level 11 Spandrel','Opaque spandrel band expressing the floor line',$,#1365,#1376,$,$);
#1359=IFCMATERIALLAYERSETUSAGE(#272,.AXIS2.,.POSITIVE.,0.,$);
#1360=IFCRELASSOCIATESMATERIAL('1oloqAOqHQn9DOimJkfVy1',$,$,$,(#1358),#1359);
#1361=IFCCARTESIANPOINT((0.,0.,0.));
#1362=IFCDIRECTION((0.,0.,1.));
#1363=IFCDIRECTION((1.,0.,0.));
#1364=IFCAXIS2PLACEMENT3D(#1361,#1362,#1363);
#1365=IFCLOCALPLACEMENT(#141,#1364);
#1366=IFCCARTESIANPOINTLIST2D(((82.29265586449826,0.),(80.1082832292166,3.036608902284719),(77.70029606221203,5.899138419817003),(75.08251453546109,8.571159623588333),(72.26996289468742,11.037336969843782),(69.27878323063841,13.283516315439723),(66.12614283470836,15.29680615278362),(62.83013567062301,17.065651598123647),(59.40967852766907,18.579900708546912),(55.88440245147737,19.830862747072718),(52.27454007547102,20.81135806143988),(48.60080949961811,21.515759290318424),(44.88429538294393,21.940023660450688),(41.14632793224913,22.08171618935874),(37.408360481554325,21.940023660450688),(33.69184636488015,21.515759290318424),(30.018115789027227,20.81135806143988),(26.40825341302088,19.830862747072718),(22.882977336829182,18.579900708546912),(19.462520193875267,17.06565159812366),(16.16651302978989,15.29680615278362),(13.013872633859862,13.283516315439737),(10.02269296981083,11.037336969843782),(7.210141329037185,8.571159623588354),(4.592359802286218,5.899138419817003),(2.1843726352816617,3.0366089022847262),(0.,0.),(81.78065586449826,0.32),(2.669191624351458,3.3126034979765504),(5.047215256541039,6.13365030475595),(7.632422694447348,8.766949573244984),(10.40997664496666,11.197387996672392),(13.363935879758557,13.411016548461065),(16.477346726811856,15.395130539941098),(19.732340372733706,17.138342536428937),(23.110235417313348,18.63064771318416),(26.591645091769706,19.86348127614695),(30.15658852532368,20.829767617900437),(33.78460542150307,21.523960926737434),(37.4548734860175,21.94207701576337),(41.14632793224913,22.08171618935874),(44.83778237848077,21.94207701576337),(48.508050442995184,21.523960926737434),(52.13606733917457,20.829767617900437),(55.70101077272855,19.86348127614695),(59.1824204471849,18.63064771318416),(62.56031549176457,17.13834253642892),(65.81530913768638,15.395130539941098),(68.92871998473971,13.41101654846105),(71.8826792195316,11.197387996672392),(74.66023317005092,8.766949573244963),(77.24544060795722,6.13365030475595),(79.6234642401468,3.3126034979765437),(0.512,0.32)));
#1367=IFCINDEXEDPOLYCURVE(#1366,(IFCLINEINDEX((1,2,3,4,5,6,7,8,9,10,11,12,13,14,15,16,17,18,19,20,21,22,23,24,25,26,27,28,29,30,31,32,33,34,35,36,37,38,39,40,41,42,43,44,45,46,47,48,49,50,51,52,53,54,1))),$);
#1368=IFCARBITRARYCLOSEDPROFILEDEF(.AREA.,$,#1367);
#1369=IFCCARTESIANPOINT((0.,0.,0.));
#1370=IFCDIRECTION((0.,0.,1.));
#1371=IFCDIRECTION((1.,0.,0.));
#1372=IFCAXIS2PLACEMENT3D(#1369,#1370,#1371);
#1373=IFCDIRECTION((0.,0.,1.));
#1374=IFCEXTRUDEDAREASOLID(#1368,#1372,#1373,1.1);
#1375=IFCSHAPEREPRESENTATION(#11,'Body','SweptSolid',(#1374));
#1376=IFCPRODUCTDEFINITIONSHAPE($,$,(#1375));
#1377=IFCPROPERTYSET('0qc0N1dWLHCgU_O_2b0VBN',$,'Pset_PlateCommon',$,(#1379));
#1378=IFCRELDEFINESBYPROPERTIES('1RB901eQnMVPYlO4lJ6G2e',$,$,$,(#1358),#1377);
#1379=IFCPROPERTYSINGLEVALUE('IsExternal',$,IFCBOOLEAN(.T.),$);
#1380=IFCWALL('29fWcRTLDRjQrfWgCFMKkw',$,'Level 11 Back Facade','Rendered facade to the harbour side',$,#1387,#1398,$,$);
#1381=IFCMATERIALLAYERSETUSAGE(#276,.AXIS2.,.POSITIVE.,0.,$);
#1382=IFCRELASSOCIATESMATERIAL('1Yj9C4AHDGXxwmWo_HW2zf',$,$,$,(#1380),#1381);
#1383=IFCCARTESIANPOINT((0.,-0.4,0.));
#1384=IFCDIRECTION((0.,0.,1.));
#1385=IFCDIRECTION((1.,0.,0.));
#1386=IFCAXIS2PLACEMENT3D(#1383,#1384,#1385);
#1387=IFCLOCALPLACEMENT(#141,#1386);
#1388=IFCCARTESIANPOINTLIST2D(((0.,0.),(82.29265586449826,0.),(82.29265586449826,0.4),(0.,0.4)));
#1389=IFCINDEXEDPOLYCURVE(#1388,(IFCLINEINDEX((1,2,3,4,1))),$);
#1390=IFCARBITRARYCLOSEDPROFILEDEF(.AREA.,$,#1389);
#1391=IFCCARTESIANPOINT((0.,0.,0.));
#1392=IFCDIRECTION((0.,0.,1.));
#1393=IFCDIRECTION((1.,0.,0.));
#1394=IFCAXIS2PLACEMENT3D(#1391,#1392,#1393);
#1395=IFCDIRECTION((0.,0.,1.));
#1396=IFCEXTRUDEDAREASOLID(#1390,#1394,#1395,3.8);
#1397=IFCSHAPEREPRESENTATION(#11,'Body','SweptSolid',(#1396));
#1398=IFCPRODUCTDEFINITIONSHAPE($,$,(#1397));
#1399=IFCPROPERTYSET('1lZ8xSzSHRr89mWQ0L581x',$,'Pset_WallCommon',$,(#1401,#1402));
#1400=IFCRELDEFINESBYPROPERTIES('1rGgT3TV5NIwj71HiMJYGZ',$,$,$,(#1380),#1399);
#1401=IFCPROPERTYSINGLEVALUE('IsExternal',$,IFCBOOLEAN(.T.),$);
#1402=IFCPROPERTYSINGLEVALUE('LoadBearing',$,IFCBOOLEAN(.F.),$);
#1403=IFCSLAB('17WjG3ofDTYwzfHP2I5IdX',$,'Level 12 Slab','Floor plate, chord 80.3 m, depth 21.7 m',$,#1411,#1422,$,$);
#1404=IFCMATERIALLAYERSETUSAGE(#254,.AXIS3.,.POSITIVE.,0.,$);
#1405=IFCRELASSOCIATESMATERIAL('1DHABBHfHSrhkvg_2NHWu8',$,$,$,(#1403),#1404);
#1406=IFCRELCONTAINEDINSPATIALSTRUCTURE('32V4l_BRLHYRMyTR7cGTvP',$,$,$,(#1403,#1427,#1449,#1471),#142);
#1407=IFCCARTESIANPOINT((0.,0.,-0.3400000000000034));
#1408=IFCDIRECTION((0.,0.,1.));
#1409=IFCDIRECTION((1.,0.,0.));
#1410=IFCAXIS2PLACEMENT3D(#1407,#1408,#1409);
#1411=IFCLOCALPLACEMENT(#148,#1410);
#1412=IFCCARTESIANPOINTLIST2D(((0.,0.),(80.3135169103634,0.),(78.18979959567879,2.975498820391227),(75.8460877257707,5.7809904232467275),(73.29593803538691,8.400247000880206),(70.55410135775205,10.81811798503486),(67.6364373013093,13.020617682329458),(64.55982251297252,14.995006171717556),(61.34205305852183,16.729862996024643),(58.001741484803745,18.215153221309215),(54.558209159159226,19.44228548194046),(51.03137450882046,20.4041616756425),(47.441637806733915,21.095218021053974),(43.80976317024233,21.51145724031374),(40.1567584551817,21.65047168051889),(36.50375374012106,21.51145724031374),(32.871879103629496,21.095218021053974),(29.282142401542924,20.4041616756425),(25.755307751204185,19.44228548194046),(22.311775425559645,18.215153221309208),(18.971463851841584,16.72986299602465),(15.75369439739088,14.995006171717556),(12.677079609054093,13.020617682329451),(9.759415552611348,10.81811798503486),(7.017578874976493,8.400247000880206),(4.467429184592696,5.7809904232467275),(2.1237173146846047,2.9754988203912163)));
#1413=IFCINDEXEDPOLYCURVE(#1412,(IFCLINEINDEX((1,2,3,4,5,6,7,8,9,10,11,12,13,14,15,16,17,18,19,20,21,22,23,24,25,26,27,1))),$);
#1414=IFCARBITRARYCLOSEDPROFILEDEF(.AREA.,$,#1413);
#1415=IFCCARTESIANPOINT((0.,0.,0.));
#1416=IFCDIRECTION((0.,0.,1.));
#1417=IFCDIRECTION((1.,0.,0.));
#1418=IFCAXIS2PLACEMENT3D(#1415,#1416,#1417);
#1419=IFCDIRECTION((0.,0.,1.));
#1420=IFCEXTRUDEDAREASOLID(#1414,#1418,#1419,0.34);
#1421=IFCSHAPEREPRESENTATION(#11,'Body','SweptSolid',(#1420));
#1422=IFCPRODUCTDEFINITIONSHAPE($,$,(#1421));
#1423=IFCELEMENTQUANTITY('2dwbnxn4rGDBfVQEtbvRQX',$,'Qto_SlabBaseQuantities',$,'BaseQuantities',(#1425,#1426));
#1424=IFCRELDEFINESBYPROPERTIES('2aoksrx69QdBIQNM4ebzkS',$,$,$,(#1403),#1423);
#1425=IFCQUANTITYLENGTH('Width',$,$,80.31,$);
#1426=IFCQUANTITYLENGTH('Depth',$,$,21.65,$);
#1427=IFCPLATE('2tR5rvxFvNpgMQG5yyRkwS',$,'Level 12 Curtain Wall','Unitised solar-control glazing to the curved facade',$,#1434,#1445,$,$);
#1428=IFCMATERIALLAYERSETUSAGE(#268,.AXIS2.,.POSITIVE.,0.,$);
#1429=IFCRELASSOCIATESMATERIAL('2AH4QZAqXU$hPu64MyW$gr',$,$,$,(#1427),#1428);
#1430=IFCCARTESIANPOINT((0.35,0.,0.));
#1431=IFCDIRECTION((0.,0.,1.));
#1432=IFCDIRECTION((1.,0.,0.));
#1433=IFCAXIS2PLACEMENT3D(#1430,#1431,#1432);
#1434=IFCLOCALPLACEMENT(#148,#1433);
#1435=IFCCARTESIANPOINTLIST2D(((79.6135169103634,0.),(77.49519981605698,2.930292547097281),(75.16164419133092,5.692248352303828),(72.62617696256328,8.270093897609051),(69.90327817245522,10.64910711792389),(67.00849828456805,12.815701478732727),(63.95836937469103,14.757503568734975),(60.77031071622594,16.4634237643451),(57.46252929878982,17.923719562486355),(54.05391584817366,19.130051219984942),(50.563936941486716,20.075529381808323),(47.01252383361635,20.75475442614284),(43.41995862991501,21.163847301611256),(39.8067584551817,21.30047168051889),(36.1935582804484,21.163847301611256),(32.60099307674706,20.754754426142846),(29.049579968876678,20.075529381808323),(25.55960106218974,19.130051219984942),(22.15098761157358,17.923719562486355),(18.843206194137473,16.46342376434511),(15.655147535672366,14.757503568734975),(12.605018625795363,12.815701478732734),(9.710238737908181,10.64910711792389),(6.987339947800145,8.270093897609058),(4.45187271903248,5.692248352303828),(2.118317094306434,2.9302925470972845),(0.,0.),(79.3255169103634,0.18),(2.390991171100526,3.0855300598440136),(4.707663632112607,5.824145910311815),(7.224786876335355,8.380207327776377),(9.927985623486263,10.739116656211278),(12.801821916866745,12.887402174343073),(15.829883289467796,14.812795032594822),(18.994876495500456,16.504299320434676),(22.278726272049646,17.95225486397462),(25.662678566825075,19.148392395183116),(29.12740764247497,20.085880777640067),(32.65312644579105,20.759366019128247),(36.21969961148631,21.165001848260374),(39.8067584551817,21.30047168051889),(43.393817298877096,21.165001848260374),(46.96039046457235,20.759366019128244),(50.48610926788843,20.085880777640067),(53.95083834353833,19.148392395183116),(57.334790638313756,17.95225486397462),(60.61864041486296,16.50429932043467),(63.7836336208956,14.812795032594822),(66.81169499349667,12.887402174343066),(69.68553128687714,10.739116656211278),(72.38873003402807,8.38020732777637),(74.90585327825079,5.824145910311815),(77.22252573926289,3.08553005984401),(0.288,0.18)));
#1436=IFCINDEXEDPOLYCURVE(#1435,(IFCLINEINDEX((1,2,3,4,5,6,7,8,9,10,11,12,13,14,15,16,17,18,19,20,21,22,23,24,25,26,27,28,29,30,31,32,33,34,35,36,37,38,39,40,41,42,43,44,45,46,47,48,49,50,51,52,53,54,1))),$);
#1437=IFCARBITRARYCLOSEDPROFILEDEF(.AREA.,$,#1436);
#1438=IFCCARTESIANPOINT((0.,0.,0.));
#1439=IFCDIRECTION((0.,0.,1.));
#1440=IFCDIRECTION((1.,0.,0.));
#1441=IFCAXIS2PLACEMENT3D(#1438,#1439,#1440);
#1442=IFCDIRECTION((0.,0.,1.));
#1443=IFCEXTRUDEDAREASOLID(#1437,#1441,#1442,3.8);
#1444=IFCSHAPEREPRESENTATION(#11,'Body','SweptSolid',(#1443));
#1445=IFCPRODUCTDEFINITIONSHAPE($,$,(#1444));
#1446=IFCPROPERTYSET('018nCzqZrHIBtk_Dz4ds$V',$,'Pset_PlateCommon',$,(#1448));
#1447=IFCRELDEFINESBYPROPERTIES('00n5Ry6TnVhx03MWNkh1N_',$,$,$,(#1427),#1446);
#1448=IFCPROPERTYSINGLEVALUE('IsExternal',$,IFCBOOLEAN(.T.),$);
#1449=IFCPLATE('2kUx66QYDJTe3XEpdd9v$$',$,'Level 12 Spandrel','Opaque spandrel band expressing the floor line',$,#1456,#1467,$,$);
#1450=IFCMATERIALLAYERSETUSAGE(#272,.AXIS2.,.POSITIVE.,0.,$);
#1451=IFCRELASSOCIATESMATERIAL('1Pn8QWZWrUZ902HeARkOF0',$,$,$,(#1449),#1450);
#1452=IFCCARTESIANPOINT((0.,0.,0.));
#1453=IFCDIRECTION((0.,0.,1.));
#1454=IFCDIRECTION((1.,0.,0.));
#1455=IFCAXIS2PLACEMENT3D(#1452,#1453,#1454);
#1456=IFCLOCALPLACEMENT(#148,#1455);
#1457=IFCCARTESIANPOINTLIST2D(((80.3135169103634,0.),(78.18979959567879,2.975498820391227),(75.8460877257707,5.7809904232467275),(73.29593803538691,8.400247000880206),(70.55410135775205,10.81811798503486),(67.6364373013093,13.020617682329458),(64.55982251297252,14.995006171717556),(61.34205305852183,16.729862996024643),(58.001741484803745,18.215153221309215),(54.558209159159226,19.44228548194046),(51.03137450882046,20.4041616756425),(47.441637806733915,21.095218021053974),(43.80976317024233,21.51145724031374),(40.1567584551817,21.65047168051889),(36.50375374012106,21.51145724031374),(32.871879103629496,21.095218021053974),(29.282142401542924,20.4041616756425),(25.755307751204185,19.44228548194046),(22.311775425559645,18.215153221309208),(18.971463851841584,16.72986299602465),(15.75369439739088,14.995006171717556),(12.677079609054093,13.020617682329451),(9.759415552611348,10.81811798503486),(7.017578874976493,8.400247000880206),(4.467429184592696,5.7809904232467275),(2.1237173146846047,2.9754988203912163),(0.,0.),(79.8015169103634,0.32),(2.608639848600481,3.251520119299824),(4.9224693145607485,6.015545775077538),(7.440104511949954,8.59608901116304),(10.146982681155503,10.978223188917042),(13.027446424267033,13.14816932740079),(16.064834272177677,15.093375805148352),(19.24157705953528,16.802590962522256),(22.53929955008189,18.26592818469886),(25.938926724550004,19.47492308882368),(29.420794116314102,20.422582484548908),(32.964761556583404,21.10342482475094),(36.55032967119873,21.513511912448465),(40.1567584551817,21.65047168051889),(43.76318723916466,21.513511912448465),(47.348755353780014,21.10342482475094),(50.892722794049284,20.422582484548908),(54.3745901858134,19.47492308882368),(57.7742173602815,18.265928184698872),(61.07193985082812,16.80259096252225),(64.24868263818571,15.093375805148352),(67.28607048609636,13.1481693274008),(70.1665342292079,10.978223188917042),(72.87341239841345,8.59608901116304),(75.39104759580265,6.015545775077538),(77.70487706176291,3.2515201192998346),(0.512,0.32)));
#1458=IFCINDEXEDPOLYCURVE(#1457,(IFCLINEINDEX((1,2,3,4,5,6,7,8,9,10,11,12,13,14,15,16,17,18,19,20,21,22,23,24,25,26,27,28,29,30,31,32,33,34,35,36,37,38,39,40,41,42,43,44,45,46,47,48,49,50,51,52,53,54,1))),$);
#1459=IFCARBITRARYCLOSEDPROFILEDEF(.AREA.,$,#1458);
#1460=IFCCARTESIANPOINT((0.,0.,0.));
#1461=IFCDIRECTION((0.,0.,1.));
#1462=IFCDIRECTION((1.,0.,0.));
#1463=IFCAXIS2PLACEMENT3D(#1460,#1461,#1462);
#1464=IFCDIRECTION((0.,0.,1.));
#1465=IFCEXTRUDEDAREASOLID(#1459,#1463,#1464,1.1);
#1466=IFCSHAPEREPRESENTATION(#11,'Body','SweptSolid',(#1465));
#1467=IFCPRODUCTDEFINITIONSHAPE($,$,(#1466));
#1468=IFCPROPERTYSET('11RNdFD4zOWwxLfMPyD9ju',$,'Pset_PlateCommon',$,(#1470));
#1469=IFCRELDEFINESBYPROPERTIES('125Izx23HOeeJ8VwOWO85R',$,$,$,(#1449),#1468);
#1470=IFCPROPERTYSINGLEVALUE('IsExternal',$,IFCBOOLEAN(.T.),$);
#1471=IFCWALL('3Xu3lIWUXJ5w1nLi9xFHAk',$,'Level 12 Back Facade','Rendered facade to the harbour side',$,#1478,#1489,$,$);
#1472=IFCMATERIALLAYERSETUSAGE(#276,.AXIS2.,.POSITIVE.,0.,$);
#1473=IFCRELASSOCIATESMATERIAL('1oiadAGyLVaOxfpu9825dY',$,$,$,(#1471),#1472);
#1474=IFCCARTESIANPOINT((0.,-0.4,0.));
#1475=IFCDIRECTION((0.,0.,1.));
#1476=IFCDIRECTION((1.,0.,0.));
#1477=IFCAXIS2PLACEMENT3D(#1474,#1475,#1476);
#1478=IFCLOCALPLACEMENT(#148,#1477);
#1479=IFCCARTESIANPOINTLIST2D(((0.,0.),(80.3135169103634,0.),(80.3135169103634,0.4),(0.,0.4)));
#1480=IFCINDEXEDPOLYCURVE(#1479,(IFCLINEINDEX((1,2,3,4,1))),$);
#1481=IFCARBITRARYCLOSEDPROFILEDEF(.AREA.,$,#1480);
#1482=IFCCARTESIANPOINT((0.,0.,0.));
#1483=IFCDIRECTION((0.,0.,1.));
#1484=IFCDIRECTION((1.,0.,0.));
#1485=IFCAXIS2PLACEMENT3D(#1482,#1483,#1484);
#1486=IFCDIRECTION((0.,0.,1.));
#1487=IFCEXTRUDEDAREASOLID(#1481,#1485,#1486,3.8);
#1488=IFCSHAPEREPRESENTATION(#11,'Body','SweptSolid',(#1487));
#1489=IFCPRODUCTDEFINITIONSHAPE($,$,(#1488));
#1490=IFCPROPERTYSET('0J05a3Ff5G28N_476ToFIh',$,'Pset_WallCommon',$,(#1492,#1493));
#1491=IFCRELDEFINESBYPROPERTIES('3V$KODAT9N2xD9LB_0b3g2',$,$,$,(#1471),#1490);
#1492=IFCPROPERTYSINGLEVALUE('IsExternal',$,IFCBOOLEAN(.T.),$);
#1493=IFCPROPERTYSINGLEVALUE('LoadBearing',$,IFCBOOLEAN(.F.),$);
#1494=IFCSLAB('3i9UM$J_XHNuVTrf9cuv9j',$,'Level 13 Slab','Floor plate, chord 78.2 m, depth 21.2 m',$,#1502,#1513,$,$);
#1495=IFCMATERIALLAYERSETUSAGE(#254,.AXIS3.,.POSITIVE.,0.,$);
#1496=IFCRELASSOCIATESMATERIAL('08x_XgIl1SCw1dvpa_N3iK',$,$,$,(#1494),#1495);
#1497=IFCRELCONTAINEDINSPATIALSTRUCTURE('1cPicAnsLOfu17JxQDTOSF',$,$,$,(#1494,#1518,#1540,#1562),#149);
#1498=IFCCARTESIANPOINT((0.,0.,-0.3400000000000034));
#1499=IFCDIRECTION((0.,0.,1.));
#1500=IFCDIRECTION((1.,0.,0.));
#1501=IFCAXIS2PLACEMENT3D(#1498,#1499,#1500);
#1502=IFCLOCALPLACEMENT(#155,#1501);
#1503=IFCCARTESIANPOINTLIST2D(((0.,0.),(78.24147666219287,0.),(76.18235254436122,2.913043484627096),(73.90678970093398,5.660338194260124),(71.42807735129082,8.2258400094399),(68.76069110189039,10.594566475808243),(65.9202084091589,12.75268430119619),(62.923217607607455,14.687590141639163),(59.78722103445151,16.387984204531186),(56.53053281648165,17.843936239077863),(53.172171916107445,19.046943528665935),(49.73175106118214,19.989980546475586),(46.22936220725488,20.66753998434831),(42.685459201147395,21.07566491530288),(39.12073833109643,21.211971901871316),(35.55601746104546,21.07566491530288),(32.01211445493799,20.66753998434831),(28.509725601010725,19.989980546475586),(25.069304746085415,19.046943528665928),(21.710943845711213,17.843936239077863),(18.45425562774135,16.38798420453118),(15.31825905458539,14.687590141639156),(12.32126825303396,12.75268430119619),(9.480785560302468,10.594566475808236),(6.8133993109020565,8.225840009439906),(4.334686961258875,5.660338194260124),(2.0591241178316366,2.9130434846270816)));
#1504=IFCINDEXEDPOLYCURVE(#1503,(IFCLINEINDEX((1,2,3,4,5,6,7,8,9,10,11,12,13,14,15,16,17,18,19,20,21,22,23,24,25,26,27,1))),$);
#1505=IFCARBITRARYCLOSEDPROFILEDEF(.AREA.,$,#1504);
#1506=IFCCARTESIANPOINT((0.,0.,0.));
#1507=IFCDIRECTION((0.,0.,1.));
#1508=IFCDIRECTION((1.,0.,0.));
#1509=IFCAXIS2PLACEMENT3D(#1506,#1507,#1508);
#1510=IFCDIRECTION((0.,0.,1.));
#1511=IFCEXTRUDEDAREASOLID(#1505,#1509,#1510,0.34);
#1512=IFCSHAPEREPRESENTATION(#11,'Body','SweptSolid',(#1511));
#1513=IFCPRODUCTDEFINITIONSHAPE($,$,(#1512));
#1514=IFCELEMENTQUANTITY('3rVDUv23vMDwpMqsYmNjuE',$,'Qto_SlabBaseQuantities',$,'BaseQuantities',(#1516,#1517));
#1515=IFCRELDEFINESBYPROPERTIES('2Hj3z2vITP_QZjT7bsPrS7',$,$,$,(#1494),#1514);
#1516=IFCQUANTITYLENGTH('Width',$,$,78.24,$);
#1517=IFCQUANTITYLENGTH('Depth',$,$,21.21,$);
#1518=IFCPLATE('2Satm7pE9H3vEsqig9Agc$',$,'Level 13 Curtain Wall','Unitised solar-control glazing to the curved facade',$,#1525,#1536,$,$);
#1519=IFCMATERIALLAYERSETUSAGE(#268,.AXIS2.,.POSITIVE.,0.,$);
#1520=IFCRELASSOCIATESMATERIAL('0hqQpnVbPTFxzHn7WYLx0a',$,$,$,(#1518),#1519);
#1521=IFCCARTESIANPOINT((0.35,0.,0.));
#1522=IFCDIRECTION((0.,0.,1.));
#1523=IFCDIRECTION((1.,0.,0.));
#1524=IFCAXIS2PLACEMENT3D(#1521,#1522,#1523);
#1525=IFCLOCALPLACEMENT(#155,#1524);
#1526=IFCCARTESIANPOINTLIST2D(((77.54147666219286,0.),(75.48770271655957,2.8678777778040114),(73.22225393276153,5.571662565129387),(70.7581907179622,8.095766929385547),(68.10971849984196,10.425639303149708),(65.29210583171226,12.54784787456282),(62.321596368666064,14.45015802228773),(59.215315222225556,16.121602848613847),(55.99117023335664,17.552546404081966),(52.667748733015536,18.734739239136637),(49.264210385406805,19.661365962548565),(45.80017673171659,20.327084532430554),(42.29561807110531,20.72805705333287),(38.77073833109643,20.861971901871314),(35.24585859108755,20.72805705333287),(31.74129993047628,20.327084532430554),(28.277266276786044,19.661365962548565),(24.873727929177335,18.734739239136637),(21.550306428836222,17.55254640408196),(18.326161439967315,16.121602848613847),(15.219880293526778,14.450158022287717),(12.249370830480593,12.54784787456282),(9.431758162350903,10.425639303149708),(6.783285944230659,8.095766929385547),(4.319222729431317,5.571662565129365),(2.0537739456332886,2.8678777778040043),(0.,0.),(77.25347666219287,0.18),(2.326517932418086,3.0231333287925275),(4.575138322488813,5.70358948428923),(7.020897779443725,8.205915524439561),(9.649696397533328,10.515685434771685),(12.44637904257469,12.619583294970576),(15.394822721934958,14.505480045716459),(18.47802953425952,16.1625034132201),(21.678224663085405,17.581100588336643),(24.976958849403132,18.753093298910724),(28.355214752407868,19.67172495785805),(31.793516585266033,20.33169961517308),(35.272042393842426,20.729212489302693),(38.77073833109643,20.861971901871314),(42.26943426835043,20.729212489302693),(45.74796007692684,20.33169961517308),(49.18626190978499,19.67172495785805),(52.56451781278974,18.753093298910724),(55.86325199910746,17.58110058833665),(59.06344712793336,16.1625034132201),(62.14665394025789,14.505480045716471),(65.09509761961817,12.619583294970576),(67.89178026465954,10.515685434771685),(70.52057888274913,8.205915524439561),(72.96633833970404,5.703589484289251),(75.21495872977478,3.0231333287925346),(0.288,0.18)));
#1527=IFCINDEXEDPOLYCURVE(#1526,(IFCLINEINDEX((1,2,3,4,5,6,7,8,9,10,11,12,13,14,15,16,17,18,19,20,21,22,23,24,25,26,27,28,29,30,31,32,33,34,35,36,37,38,39,40,41,42,43,44,45,46,47,48,49,50,51,52,53,54,1))),$);
#1528=IFCARBITRARYCLOSEDPROFILEDEF(.AREA.,$,#1527);
#1529=IFCCARTESIANPOINT((0.,0.,0.));
#1530=IFCDIRECTION((0.,0.,1.));
#1531=IFCDIRECTION((1.,0.,0.));
#1532=IFCAXIS2PLACEMENT3D(#1529,#1530,#1531);
#1533=IFCDIRECTION((0.,0.,1.));
#1534=IFCEXTRUDEDAREASOLID(#1528,#1532,#1533,3.8);
#1535=IFCSHAPEREPRESENTATION(#11,'Body','SweptSolid',(#1534));
#1536=IFCPRODUCTDEFINITIONSHAPE($,$,(#1535));
#1537=IFCPROPERTYSET('1Fof3Zyd1Tf855$rmBuDCd',$,'Pset_PlateCommon',$,(#1539));
#1538=IFCRELDEFINESBYPROPERTIES('3$z2vYJCjUQw8Y5MTeH9BY',$,$,$,(#1518),#1537);
#1539=IFCPROPERTYSINGLEVALUE('IsExternal',$,IFCBOOLEAN(.T.),$);
#1540=IFCPLATE('2wjVcdxjfVyP6jgh5K7EWT',$,'Level 13 Spandrel','Opaque spandrel band expressing the floor line',$,#1547,#1558,$,$);
#1541=IFCMATERIALLAYERSETUSAGE(#272,.AXIS2.,.POSITIVE.,0.,$);
#1542=IFCRELASSOCIATESMATERIAL('2TQgLV$x9V5PNbPCQztdFz',$,$,$,(#1540),#1541);
#1543=IFCCARTESIANPOINT((0.,0.,0.));
#1544=IFCDIRECTION((0.,0.,1.));
#1545=IFCDIRECTION((1.,0.,0.));
#1546=IFCAXIS2PLACEMENT3D(#1543,#1544,#1545);
#1547=IFCLOCALPLACEMENT(#155,#1546);
#1548=IFCCARTESIANPOINTLIST2D(((78.24147666219287,0.),(76.18235254436122,2.913043484627096),(73.90678970093398,5.660338194260124),(71.42807735129082,8.2258400094399),(68.76069110189039,10.594566475808243),(65.9202084091589,12.75268430119619),(62.923217607607455,14.687590141639163),(59.78722103445151,16.387984204531186),(56.53053281648165,17.843936239077863),(53.172171916107445,19.046943528665935),(49.73175106118214,19.989980546475586),(46.22936220725488,20.66753998434831),(42.685459201147395,21.07566491530288),(39.12073833109643,21.211971901871316),(35.55601746104546,21.07566491530288),(32.01211445493799,20.66753998434831),(28.509725601010725,19.989980546475586),(25.069304746085415,19.046943528665928),(21.710943845711213,17.843936239077863),(18.45425562774135,16.38798420453118),(15.31825905458539,14.687590141639156),(12.32126825303396,12.75268430119619),(9.480785560302468,10.594566475808236),(6.8133993109020565,8.225840009439906),(4.334686961258875,5.660338194260124),(2.0591241178316366,2.9130434846270816),(0.,0.),(77.72947666219287,0.32),(2.5441749447509285,3.1890978335865747),(4.789955932683158,5.894947348442369),(7.236227669568056,8.421746463813978),(9.868704001161332,10.754738747959909),(12.672011343919367,12.880299595273458),(15.629778466270075,14.786015793574425),(18.724732096118913,16.460758016899497),(21.938797796244447,17.89474582043502),(25.253205518474644,19.07960475802408),(28.64859922021043,20.008415288683224),(32.10514990313913,20.67575318651609),(35.6026714139954,21.077721218031535),(39.12073833109643,21.211971901871316),(42.63880524819745,21.077721218031535),(46.136326759053745,20.67575318651609),(49.59287744198244,20.008415288683224),(52.988271143718215,19.07960475802409),(56.302678865948415,17.89474582043502),(59.516744566073946,16.460758016899504),(62.61169819592276,14.786015793574434),(65.5694653182735,12.880299595273458),(68.37277266103152,10.754738747959916),(71.00524899262483,8.421746463813971),(73.4515207295097,5.894947348442369),(75.69730171744193,3.189097833586589),(0.512,0.32)));
#1549=IFCINDEXEDPOLYCURVE(#1548,(IFCLINEINDEX((1,2,3,4,5,6,7,8,9,10,11,12,13,14,15,16,17,18,19,20,21,22,23,24,25,26,27,28,29,30,31,32,33,34,35,36,37,38,39,40,41,42,43,44,45,46,47,48,49,50,51,52,53,54,1))),$);
#1550=IFCARBITRARYCLOSEDPROFILEDEF(.AREA.,$,#1549);
#1551=IFCCARTESIANPOINT((0.,0.,0.));
#1552=IFCDIRECTION((0.,0.,1.));
#1553=IFCDIRECTION((1.,0.,0.));
#1554=IFCAXIS2PLACEMENT3D(#1551,#1552,#1553);
#1555=IFCDIRECTION((0.,0.,1.));
#1556=IFCEXTRUDEDAREASOLID(#1550,#1554,#1555,1.1);
#1557=IFCSHAPEREPRESENTATION(#11,'Body','SweptSolid',(#1556));
#1558=IFCPRODUCTDEFINITIONSHAPE($,$,(#1557));
#1559=IFCPROPERTYSET('0Hw8CEv_jJV8PE8IKcLLDY',$,'Pset_PlateCommon',$,(#1561));
#1560=IFCRELDEFINESBYPROPERTIES('3amfC$p7HUig19uyoK7c7s',$,$,$,(#1540),#1559);
#1561=IFCPROPERTYSINGLEVALUE('IsExternal',$,IFCBOOLEAN(.T.),$);
#1562=IFCWALL('2E3oKdbbHPmfNvGW7M9FBX',$,'Level 13 Back Facade','Rendered facade to the harbour side',$,#1569,#1580,$,$);
#1563=IFCMATERIALLAYERSETUSAGE(#276,.AXIS2.,.POSITIVE.,0.,$);
#1564=IFCRELASSOCIATESMATERIAL('0mCIXAstbHtBe2R6B8rxre',$,$,$,(#1562),#1563);
#1565=IFCCARTESIANPOINT((0.,-0.4,0.));
#1566=IFCDIRECTION((0.,0.,1.));
#1567=IFCDIRECTION((1.,0.,0.));
#1568=IFCAXIS2PLACEMENT3D(#1565,#1566,#1567);
#1569=IFCLOCALPLACEMENT(#155,#1568);
#1570=IFCCARTESIANPOINTLIST2D(((0.,0.),(78.24147666219287,0.),(78.24147666219287,0.4),(0.,0.4)));
#1571=IFCINDEXEDPOLYCURVE(#1570,(IFCLINEINDEX((1,2,3,4,1))),$);
#1572=IFCARBITRARYCLOSEDPROFILEDEF(.AREA.,$,#1571);
#1573=IFCCARTESIANPOINT((0.,0.,0.));
#1574=IFCDIRECTION((0.,0.,1.));
#1575=IFCDIRECTION((1.,0.,0.));
#1576=IFCAXIS2PLACEMENT3D(#1573,#1574,#1575);
#1577=IFCDIRECTION((0.,0.,1.));
#1578=IFCEXTRUDEDAREASOLID(#1572,#1576,#1577,3.8);
#1579=IFCSHAPEREPRESENTATION(#11,'Body','SweptSolid',(#1578));
#1580=IFCPRODUCTDEFINITIONSHAPE($,$,(#1579));
#1581=IFCPROPERTYSET('0Lc45xwZXPe9NEE8Q6cCTy',$,'Pset_WallCommon',$,(#1583,#1584));
#1582=IFCRELDEFINESBYPROPERTIES('24aYdSzOvHVwzMaJFur6D8',$,$,$,(#1562),#1581);
#1583=IFCPROPERTYSINGLEVALUE('IsExternal',$,IFCBOOLEAN(.T.),$);
#1584=IFCPROPERTYSINGLEVALUE('LoadBearing',$,IFCBOOLEAN(.F.),$);
#1585=IFCSLAB('048PB$RXPGbRklGErnnctr',$,'Level 14 Slab','Floor plate, chord 76.1 m, depth 20.8 m',$,#1593,#1604,$,$);
#1586=IFCMATERIALLAYERSETUSAGE(#254,.AXIS3.,.POSITIVE.,0.,$);
#1587=IFCRELASSOCIATESMATERIAL('0sJw$sXgzNkx_lizSiGT1S',$,$,$,(#1585),#1586);
#1588=IFCRELCONTAINEDINSPATIALSTRUCTURE('33LLPha$DTC8guERQpW1Pp',$,$,$,(#1585,#1609,#1631,#1653),#156);
#1589=IFCCARTESIANPOINT((0.,0.,-0.3400000000000034));
#1590=IFCDIRECTION((0.,0.,1.));
#1591=IFCDIRECTION((1.,0.,0.));
#1592=IFCAXIS2PLACEMENT3D(#1589,#1590,#1591);
#1593=IFCLOCALPLACEMENT(#162,#1592);
#1594=IFCCARTESIANPOINTLIST2D(((0.,0.),(76.07982682681232,0.),(74.0891304593882,2.8492968489045722),(71.88548274877962,5.537288911389616),(69.4819011688274,8.048097575738122),(66.89258425053576,10.366890894924158),(64.13282770795522,12.479971202469759),(61.21893408274306,14.374856027835424),(58.16811644115241,16.0403518333577),(54.99839669233482,17.46662013715221),(51.72849912861453,18.64523563137806),(48.377739816617414,19.569235952545565),(44.96591249264755,20.233162809861756),(41.51317163635498,20.633094228659008),(38.03991341340616,20.766667718437038),(34.56665519045734,20.633094228659008),(31.11391433416477,20.23316280986175),(27.70208701019491,19.569235952545558),(24.351327698197785,18.64523563137806),(21.0814301344775,17.46662013715221),(17.911710385659916,16.040351833357708),(14.860892744069247,14.37485602783541),(11.946999118857097,12.479971202469759),(9.187242576276546,10.36689089492415),(6.597925657984916,8.048097575738115),(4.194344078032707,5.537288911389616),(1.9906963674241211,2.8492968489045793)));
#1595=IFCINDEXEDPOLYCURVE(#1594,(IFCLINEINDEX((1,2,3,4,5,6,7,8,9,10,11,12,13,14,15,16,17,18,19,20,21,22,23,24,25,26,27,1))),$);
#1596=IFCARBITRARYCLOSEDPROFILEDEF(.AREA.,$,#1595);
#1597=IFCCARTESIANPOINT((0.,0.,0.));
#1598=IFCDIRECTION((0.,0.,1.));
#1599=IFCDIRECTION((1.,0.,0.));
#1600=IFCAXIS2PLACEMENT3D(#1597,#1598,#1599);
#1601=IFCDIRECTION((0.,0.,1.));
#1602=IFCEXTRUDEDAREASOLID(#1596,#1600,#1601,0.34);
#1603=IFCSHAPEREPRESENTATION(#11,'Body','SweptSolid',(#1602));
#1604=IFCPRODUCTDEFINITIONSHAPE($,$,(#1603));
#1605=IFCELEMENTQUANTITY('2u2_lqpwbPWu7cjUJH0e5d',$,'Qto_SlabBaseQuantities',$,'BaseQuantities',(#1607,#1608));
#1606=IFCRELDEFINESBYPROPERTIES('3bFVFahpHJyAW$_882e9Kw',$,$,$,(#1585),#1605);
#1607=IFCQUANTITYLENGTH('Width',$,$,76.08,$);
#1608=IFCQUANTITYLENGTH('Depth',$,$,20.77,$);
#1609=IFCPLATE('0q9iVb2irOfuWFJfmZpRUL',$,'Level 14 Curtain Wall','Unitised solar-control glazing to the curved facade',$,#1616,#1627,$,$);
#1610=IFCMATERIALLAYERSETUSAGE(#268,.AXIS2.,.POSITIVE.,0.,$);
#1611=IFCRELASSOCIATESMATERIAL('1BqDis1t5PD9hzDXP0sD3M',$,$,$,(#1609),#1610);
#1612=IFCCARTESIANPOINT((0.35,0.,0.));
#1613=IFCDIRECTION((0.,0.,1.));
#1614=IFCDIRECTION((1.,0.,0.));
#1615=IFCAXIS2PLACEMENT3D(#1612,#1613,#1614);
#1616=IFCLOCALPLACEMENT(#162,#1615);
#1617=IFCCARTESIANPOINTLIST2D(((75.37982682681232,0.),(73.39442101777894,2.8041798119554215),(71.2008370567026,5.448693009129983),(68.81186482043658,7.918120533612527),(66.24143341370176,10.198064179318077),(63.504529954263106,12.275230541946403),(60.61711218927175,14.137508527300408),(57.596015452270244,15.774039966045354),(54.45885450335611,17.175282923183776),(51.22392082483302,18.33306733311463),(47.9100759711758,19.24064263589197),(44.53664159514145,19.892717136935797),(41.123286791238215,20.285488860704927),(37.68991341340616,20.416667718437036),(34.2565400355741,20.285488860704927),(30.843185231670862,19.892717136935797),(27.469750855636505,19.24064263589197),(24.1559060019793,18.33306733311463),(20.92097232345621,17.175282923183776),(17.783811374542076,15.774039966045354),(14.762714637540554,14.137508527300401),(11.875296872549214,12.275230541946403),(9.138393413110563,10.19806417931807),(6.5679620063757405,7.918120533612527),(4.178989770109723,5.4486930091299755),(1.9854058090333666,2.804179811955411),(0.,0.),(75.09182682681232,0.18),(2.258234724220043,2.959457248356251),(4.435056848412867,5.580655554871084),(6.805774227033075,8.02831180107567),(9.356564191851604,10.288154720164773),(12.072554146192152,12.347008106825168),(14.937908280864253,14.192867642215315),(17.935919906188467,15.814970886161953),(21.04910886176377,17.203860028477933),(24.259323436021603,18.351437033524622),(27.54784620131567,19.251010856493757),(30.89550314746736,19.89733645611025),(34.282775477453995,20.286645376289027),(37.68991341340616,20.416667718437036),(41.09705134935832,20.286645376289027),(44.48432367934495,19.89733645611025),(47.83198062549664,19.251010856493757),(51.120503390790724,18.351437033524622),(54.33071796504855,17.203860028477933),(57.44390692062386,15.814970886161953),(60.441918545948056,14.192867642215324),(63.307272680620166,12.347008106825168),(66.02326263496072,10.28815472016478),(68.57405259977925,8.02831180107567),(70.94476997839946,5.5806555548710906),(73.12159210259227,2.959457248356262),(0.288,0.18)));
#1618=IFCINDEXEDPOLYCURVE(#1617,(IFCLINEINDEX((1,2,3,4,5,6,7,8,9,10,11,12,13,14,15,16,17,18,19,20,21,22,23,24,25,26,27,28,29,30,31,32,33,34,35,36,37,38,39,40,41,42,43,44,45,46,47,48,49,50,51,52,53,54,1))),$);
#1619=IFCARBITRARYCLOSEDPROFILEDEF(.AREA.,$,#1618);
#1620=IFCCARTESIANPOINT((0.,0.,0.));
#1621=IFCDIRECTION((0.,0.,1.));
#1622=IFCDIRECTION((1.,0.,0.));
#1623=IFCAXIS2PLACEMENT3D(#1620,#1621,#1622);
#1624=IFCDIRECTION((0.,0.,1.));
#1625=IFCEXTRUDEDAREASOLID(#1619,#1623,#1624,3.8);
#1626=IFCSHAPEREPRESENTATION(#11,'Body','SweptSolid',(#1625));
#1627=IFCPRODUCTDEFINITIONSHAPE($,$,(#1626));
#1628=IFCPROPERTYSET('0lUf_ApeDGD8nAgeDevwIu',$,'Pset_PlateCommon',$,(#1630));
#1629=IFCRELDEFINESBYPROPERTIES('3HWV09GYTNyfoUea_EeFFY',$,$,$,(#1609),#1628);
#1630=IFCPROPERTYSINGLEVALUE('IsExternal',$,IFCBOOLEAN(.T.),$);
#1631=IFCPLATE('2U4BlZw6fQWweOBPMSB9qM',$,'Level 14 Spandrel','Opaque spandrel band expressing the floor line',$,#1638,#1649,$,$);
#1632=IFCMATERIALLAYERSETUSAGE(#272,.AXIS2.,.POSITIVE.,0.,$);
#1633=IFCRELASSOCIATESMATERIAL('0PT68KBKPHsvkHrWfP_8Tw',$,$,$,(#1631),#1632);
#1634=IFCCARTESIANPOINT((0.,0.,0.));
#1635=IFCDIRECTION((0.,0.,1.));
#1636=IFCDIRECTION((1.,0.,0.));
#1637=IFCAXIS2PLACEMENT3D(#1634,#1635,#1636);
#1638=IFCLOCALPLACEMENT(#162,#1637);
#1639=IFCCARTESIANPOINTLIST2D(((76.07982682681232,0.),(74.0891304593882,2.8492968489045722),(71.88548274877962,5.537288911389616),(69.4819011688274,8.048097575738122),(66.89258425053576,10.366890894924158),(64.13282770795522,12.479971202469759),(61.21893408274306,14.374856027835424),(58.16811644115241,16.0403518333577),(54.99839669233482,17.46662013715221),(51.72849912861453,18.64523563137806),(48.377739816617414,19.569235952545565),(44.96591249264755,20.233162809861756),(41.51317163635498,20.633094228659008),(38.03991341340616,20.766667718437038),(34.56665519045734,20.633094228659008),(31.11391433416477,20.23316280986175),(27.70208701019491,19.569235952545558),(24.351327698197785,18.64523563137806),(21.0814301344775,17.46662013715221),(17.911710385659916,16.040351833357708),(14.860892744069247,14.37485602783541),(11.946999118857097,12.479971202469759),(9.187242576276546,10.36689089492415),(6.597925657984916,8.048097575738115),(4.194344078032707,5.537288911389616),(1.9906963674241211,2.8492968489045793),(0.,0.),(75.56782682681232,0.32),(2.475902496232975,3.1253911532960355),(4.6498901070519025,5.771963115471405),(7.02112056791608,8.244081953243722),(9.575586453615767,10.527144269642019),(12.298197923481633,12.607663469763816),(15.17287186068096,14.47334942931535),(18.182626879033798,16.113181095314005),(21.30968363612063,17.517471590082888),(24.535569860108613,18.67792543395318),(27.841229469877234,19.587687548645643),(31.20713514384521,20.241383751856816),(34.613403672527305,20.63515250383866),(38.03991341340616,20.766667718437038),(41.46642315428501,20.63515250383866),(44.87269168296711,20.241383751856823),(48.23859735693508,19.58768754864565),(51.544256966703706,18.67792543395318),(54.770143190691684,17.517471590082888),(57.897199947778525,16.113181095313994),(60.90695496613135,14.473349429315363),(63.781628903330684,12.607663469763816),(66.50424037319654,10.527144269642024),(69.05870625889624,8.244081953243729),(71.42993671976042,5.771963115471405),(73.60392433057935,3.125391153296029),(0.512,0.32)));
#1640=IFCINDEXEDPOLYCURVE(#1639,(IFCLINEINDEX((1,2,3,4,5,6,7,8,9,10,11,12,13,14,15,16,17,18,19,20,21,22,23,24,25,26,27,28,29,30,31,32,33,34,35,36,37,38,39,40,41,42,43,44,45,46,47,48,49,50,51,52,53,54,1))),$);
#1641=IFCARBITRARYCLOSEDPROFILEDEF(.AREA.,$,#1640);
#1642=IFCCARTESIANPOINT((0.,0.,0.));
#1643=IFCDIRECTION((0.,0.,1.));
#1644=IFCDIRECTION((1.,0.,0.));
#1645=IFCAXIS2PLACEMENT3D(#1642,#1643,#1644);
#1646=IFCDIRECTION((0.,0.,1.));
#1647=IFCEXTRUDEDAREASOLID(#1641,#1645,#1646,1.1);
#1648=IFCSHAPEREPRESENTATION(#11,'Body','SweptSolid',(#1647));
#1649=IFCPRODUCTDEFINITIONSHAPE($,$,(#1648));
#1650=IFCPROPERTYSET('1UOjQyffLQUuwqRZmAOjTn',$,'Pset_PlateCommon',$,(#1652));
#1651=IFCRELDEFINESBYPROPERTIES('2x9yZBAu1QOv_Wf5EA2CbR',$,$,$,(#1631),#1650);
#1652=IFCPROPERTYSINGLEVALUE('IsExternal',$,IFCBOOLEAN(.T.),$);
#1653=IFCWALL('1464JbvJrT9P5Wdkcuxrf3',$,'Level 14 Back Facade','Rendered facade to the harbour side',$,#1660,#1671,$,$);
#1654=IFCMATERIALLAYERSETUSAGE(#276,.AXIS2.,.POSITIVE.,0.,$);
#1655=IFCRELASSOCIATESMATERIAL('2fD3Kc295UIQerL$y4QddG',$,$,$,(#1653),#1654);
#1656=IFCCARTESIANPOINT((0.,-0.4,0.));
#1657=IFCDIRECTION((0.,0.,1.));
#1658=IFCDIRECTION((1.,0.,0.));
#1659=IFCAXIS2PLACEMENT3D(#1656,#1657,#1658);
#1660=IFCLOCALPLACEMENT(#162,#1659);
#1661=IFCCARTESIANPOINTLIST2D(((0.,0.),(76.07982682681232,0.),(76.07982682681232,0.4),(0.,0.4)));
#1662=IFCINDEXEDPOLYCURVE(#1661,(IFCLINEINDEX((1,2,3,4,1))),$);
#1663=IFCARBITRARYCLOSEDPROFILEDEF(.AREA.,$,#1662);
#1664=IFCCARTESIANPOINT((0.,0.,0.));
#1665=IFCDIRECTION((0.,0.,1.));
#1666=IFCDIRECTION((1.,0.,0.));
#1667=IFCAXIS2PLACEMENT3D(#1664,#1665,#1666);
#1668=IFCDIRECTION((0.,0.,1.));
#1669=IFCEXTRUDEDAREASOLID(#1663,#1667,#1668,3.8);
#1670=IFCSHAPEREPRESENTATION(#11,'Body','SweptSolid',(#1669));
#1671=IFCPRODUCTDEFINITIONSHAPE($,$,(#1670));
#1672=IFCPROPERTYSET('0AZxA5YiTNKhe4VsWDm3n4',$,'Pset_WallCommon',$,(#1674,#1675));
#1673=IFCRELDEFINESBYPROPERTIES('1UBblb0jjLhhOsJvtwtOhi',$,$,$,(#1653),#1672);
#1674=IFCPROPERTYSINGLEVALUE('IsExternal',$,IFCBOOLEAN(.T.),$);
#1675=IFCPROPERTYSINGLEVALUE('LoadBearing',$,IFCBOOLEAN(.F.),$);
#1676=IFCSLAB('2ltsvS6e5V8eQfePVJBS7F',$,'Level 15 Slab','Floor plate, chord 73.8 m, depth 20.3 m',$,#1684,#1695,$,$);
#1677=IFCMATERIALLAYERSETUSAGE(#254,.AXIS3.,.POSITIVE.,0.,$);
#1678=IFCRELASSOCIATESMATERIAL('1nmPHJNpDL4ACnoRir4s15',$,$,$,(#1676),#1677);
#1679=IFCRELCONTAINEDINSPATIALSTRUCTURE('26V$49C41Pyws099q1WVBm',$,$,$,(#1676,#1700,#1722,#1744),#163);
#1680=IFCCARTESIANPOINT((0.,0.,-0.3400000000000034));
#1681=IFCDIRECTION((0.,0.,1.));
#1682=IFCDIRECTION((1.,0.,0.));
#1683=IFCAXIS2PLACEMENT3D(#1680,#1681,#1682);
#1684=IFCLOCALPLACEMENT(#169,#1683);
#1685=IFCCARTESIANPOINTLIST2D(((0.,0.),(73.83151033016489,0.),(71.91298925447234,2.7843004716148734),(69.7849311948292,5.411926991670416),(67.46007735433597,7.867147318739928),(64.95234720047456,10.135261449361572),(62.27675512585839,12.202689630547681),(59.449320553398564,14.057053665080886),(56.4869720241083,15.68725102280267),(53.407445841795244,17.083521314171712),(50.22917988148094,18.23750472809877),(46.97120319734195,19.142292084176447),(43.65302209111721,19.79246619962896),(40.294503323117645,20.184134323307852),(36.915755165082444,20.314951442543375),(33.53700700704725,20.184134323307852),(30.1784882390477,19.79246619962896),(26.860307132822946,19.142292084176447),(23.60233044868395,18.23750472809877),(20.42406448836965,17.083521314171712),(17.3445383060566,15.68725102280267),(14.38218977676631,14.057053665080886),(11.554755204306506,12.202689630547688),(8.879163129690326,10.135261449361572),(6.371432975828927,7.867147318739928),(4.046579135335712,5.4119269916704305),(1.91852107569256,2.784300471614877)));
#1686=IFCINDEXEDPOLYCURVE(#1685,(IFCLINEINDEX((1,2,3,4,5,6,7,8,9,10,11,12,13,14,15,16,17,18,19,20,21,22,23,24,25,26,27,1))),$);
#1687=IFCARBITRARYCLOSEDPROFILEDEF(.AREA.,$,#1686);
#1688=IFCCARTESIANPOINT((0.,0.,0.));
#1689=IFCDIRECTION((0.,0.,1.));
#1690=IFCDIRECTION((1.,0.,0.));
#1691=IFCAXIS2PLACEMENT3D(#1688,#1689,#1690);
#1692=IFCDIRECTION((0.,0.,1.));
#1693=IFCEXTRUDEDAREASOLID(#1687,#1691,#1692,0.34);
#1694=IFCSHAPEREPRESENTATION(#11,'Body','SweptSolid',(#1693));
#1695=IFCPRODUCTDEFINITIONSHAPE($,$,(#1694));
#1696=IFCELEMENTQUANTITY('0BoBTevWbUbhZV7kkD3iOl',$,'Qto_SlabBaseQuantities',$,'BaseQuantities',(#1698,#1699));
#1697=IFCRELDEFINESBYPROPERTIES('36NsK2OdDKceyH6v1g8kEJ',$,$,$,(#1676),#1696);
#1698=IFCQUANTITYLENGTH('Width',$,$,73.83,$);
#1699=IFCQUANTITYLENGTH('Depth',$,$,20.31,$);
#1700=IFCPLATE('2ZvWD1bOXOreArXx$35120',$,'Level 15 Curtain Wall','Unitised solar-control glazing to the curved facade',$,#1707,#1718,$,$);
#1701=IFCMATERIALLAYERSETUSAGE(#268,.AXIS2.,.POSITIVE.,0.,$);
#1702=IFCRELASSOCIATESMATERIAL('3rnznFNEDMtxcgJ9P6vdyK',$,$,$,(#1700),#1701);
#1703=IFCCARTESIANPOINT((0.35,0.,0.));
#1704=IFCDIRECTION((0.,0.,1.));
#1705=IFCDIRECTION((1.,0.,0.));
#1706=IFCAXIS2PLACEMENT3D(#1703,#1704,#1705);
#1707=IFCLOCALPLACEMENT(#169,#1706);
#1708=IFCCARTESIANPOINTLIST2D(((73.13151033016489,0.),(71.2182101728196,2.7392407809844137),(69.10015700428,5.32342504754612),(66.78986589062245,7.737283477210241),(64.30098778564373,9.966553161852083),(61.64822887066278,11.99806188378627),(58.84726365923696,13.819805947228765),(55.9146423802364,15.421021105244314),(52.86769318652745,16.79224616308929),(49.724419767090524,17.92537888213279),(46.503394967557874,18.81372385403349),(43.223651047741626,19.452032062294982),(39.9045672245942,19.83653189744018),(36.56575516508244,19.964951442543374),(33.22694310557069,19.83653189744018),(29.907859282423274,19.452032062294982),(26.62811536260702,18.81372385403349),(23.407090563074373,17.925378882132797),(20.263817143637446,16.79224616308929),(17.216867949928478,15.421021105244314),(14.284246670927942,13.819805947228765),(11.483281459502106,11.99806188378627),(8.830522544521166,9.96655316185209),(6.341644439542442,7.737283477210244),(4.031353325884886,5.323425047546124),(1.9133001573452972,2.7392407809844173),(0.,0.),(72.84351033016489,0.18),(2.186230580829573,2.894544335215633),(4.287601492711658,5.455430114459713),(6.579696241006883,7.847525680407888),(9.048971389859096,10.056696716455955),(11.680836587096062,12.069889762992652),(14.459740775106717,13.875209347148868),(17.36926407829521,15.46198827028189),(20.392214824171596,16.820850637883293),(23.510731124804032,17.943767259481493),(26.706386418412976,18.82410309119458),(29.960298347487,19.456656440606668),(33.25324033008577,19.837689702315647),(36.56575516508244,19.964951442543374),(39.87827000007913,19.837689702315647),(43.1712119826779,19.456656440606668),(46.425123911751925,18.82410309119458),(49.62077920536086,17.943767259481486),(52.739295505993304,16.820850637883293),(55.76224625186967,15.46198827028189),(58.67176955505819,13.875209347148868),(61.45067374306882,12.069889762992652),(64.0825389403058,10.056696716455948),(66.55181408915801,7.847525680407886),(68.84390883745324,5.455430114459709),(70.94527974933533,2.8945443352156293),(0.288,0.18)));
#1709=IFCINDEXEDPOLYCURVE(#1708,(IFCLINEINDEX((1,2,3,4,5,6,7,8,9,10,11,12,13,14,15,16,17,18,19,20,21,22,23,24,25,26,27,28,29,30,31,32,33,34,35,36,37,38,39,40,41,42,43,44,45,46,47,48,49,50,51,52,53,54,1))),$);
#1710=IFCARBITRARYCLOSEDPROFILEDEF(.AREA.,$,#1709);
#1711=IFCCARTESIANPOINT((0.,0.,0.));
#1712=IFCDIRECTION((0.,0.,1.));
#1713=IFCDIRECTION((1.,0.,0.));
#1714=IFCAXIS2PLACEMENT3D(#1711,#1712,#1713);
#1715=IFCDIRECTION((0.,0.,1.));
#1716=IFCEXTRUDEDAREASOLID(#1710,#1714,#1715,3.8);
#1717=IFCSHAPEREPRESENTATION(#11,'Body','SweptSolid',(#1716));
#1718=IFCPRODUCTDEFINITIONSHAPE($,$,(#1717));
#1719=IFCPROPERTYSET('1zgS8kc5TPmAnGWNjehbLC',$,'Pset_PlateCommon',$,(#1721));
#1720=IFCRELDEFINESBYPROPERTIES('1EhYOVpaHKAxIQ$kMT611F',$,$,$,(#1700),#1719);
#1721=IFCPROPERTYSINGLEVALUE('IsExternal',$,IFCBOOLEAN(.T.),$);
#1722=IFCPLATE('0J2JB9VFHVSB63wVqM9eWs',$,'Level 15 Spandrel','Opaque spandrel band expressing the floor line',$,#1729,#1740,$,$);
#1723=IFCMATERIALLAYERSETUSAGE(#272,.AXIS2.,.POSITIVE.,0.,$);
#1724=IFCRELASSOCIATESMATERIAL('2pjgHNhoTOXuU5a7PVXGf6',$,$,$,(#1722),#1723);
#1725=IFCCARTESIANPOINT((0.,0.,0.));
#1726=IFCDIRECTION((0.,0.,1.));
#1727=IFCDIRECTION((1.,0.,0.));
#1728=IFCAXIS2PLACEMENT3D(#1725,#1726,#1727);
#1729=IFCLOCALPLACEMENT(#169,#1728);
#1730=IFCCARTESIANPOINTLIST2D(((73.83151033016489,0.),(71.91298925447234,2.7843004716148734),(69.7849311948292,5.411926991670416),(67.46007735433597,7.867147318739928),(64.95234720047456,10.135261449361572),(62.27675512585839,12.202689630547681),(59.449320553398564,14.057053665080886),(56.4869720241083,15.68725102280267),(53.407445841795244,17.083521314171712),(50.22917988148094,18.23750472809877),(46.97120319734195,19.142292084176447),(43.65302209111721,19.79246619962896),(40.294503323117645,20.184134323307852),(36.915755165082444,20.314951442543375),(33.53700700704725,20.184134323307852),(30.1784882390477,19.79246619962896),(26.860307132822946,19.142292084176447),(23.60233044868395,18.23750472809877),(20.42406448836965,17.083521314171712),(17.3445383060566,15.68725102280267),(14.38218977676631,14.057053665080886),(11.554755204306506,12.202689630547688),(8.879163129690326,10.135261449361572),(6.371432975828927,7.867147318739928),(4.046579135335712,5.4119269916704305),(1.91852107569256,2.784300471614877),(0.,0.),(73.31951033016489,0.32),(2.403912306987655,3.0604423234210847),(4.502455442131364,5.646678614767704),(6.795064915388705,8.063224446016507),(9.268014314175874,10.29561136735332),(11.906497486750704,12.330473533314114),(14.694717190257517,14.155627727364605),(17.61597967267665,15.760146305791917),(20.652794622392847,17.134422624175013),(23.78697988696074,18.270228554710048),(26.9997703340901,19.160763750020134),(30.27193020307374,19.800696358495227),(33.58386827398269,20.18619494738927),(36.915755165082444,20.314951442543375),(40.247642056182215,20.18619494738927),(43.559580127091166,19.800696358495227),(46.831739996074795,19.160763750020134),(50.044530443204145,18.270228554710048),(53.17871570777205,17.134422624175013),(56.21553065748825,15.760146305791917),(59.13679313990736,14.155627727364605),(61.92501284341419,12.330473533314107),(64.56349601598902,10.29561136735332),(67.03644541477618,8.063224446016507),(69.32905488803355,5.64667861476769),(71.42759802317724,3.060442323421081),(0.512,0.32)));
#1731=IFCINDEXEDPOLYCURVE(#1730,(IFCLINEINDEX((1,2,3,4,5,6,7,8,9,10,11,12,13,14,15,16,17,18,19,20,21,22,23,24,25,26,27,28,29,30,31,32,33,34,35,36,37,38,39,40,41,42,43,44,45,46,47,48,49,50,51,52,53,54,1))),$);
#1732=IFCARBITRARYCLOSEDPROFILEDEF(.AREA.,$,#1731);
#1733=IFCCARTESIANPOINT((0.,0.,0.));
#1734=IFCDIRECTION((0.,0.,1.));
#1735=IFCDIRECTION((1.,0.,0.));
#1736=IFCAXIS2PLACEMENT3D(#1733,#1734,#1735);
#1737=IFCDIRECTION((0.,0.,1.));
#1738=IFCEXTRUDEDAREASOLID(#1732,#1736,#1737,1.1);
#1739=IFCSHAPEREPRESENTATION(#11,'Body','SweptSolid',(#1738));
#1740=IFCPRODUCTDEFINITIONSHAPE($,$,(#1739));
#1741=IFCPROPERTYSET('10veh257vSdPqsPZgQqyeB',$,'Pset_PlateCommon',$,(#1743));
#1742=IFCRELDEFINESBYPROPERTIES('2kWttsAZLT8wplwqnN9qhi',$,$,$,(#1722),#1741);
#1743=IFCPROPERTYSINGLEVALUE('IsExternal',$,IFCBOOLEAN(.T.),$);
#1744=IFCWALL('0Q3x9DprvJZAzFgXq8gJM5',$,'Level 15 Back Facade','Rendered facade to the harbour side',$,#1751,#1762,$,$);
#1745=IFCMATERIALLAYERSETUSAGE(#276,.AXIS2.,.POSITIVE.,0.,$);
#1746=IFCRELASSOCIATESMATERIAL('3EF5xHFs9I_AtgVXMCAQ$0',$,$,$,(#1744),#1745);
#1747=IFCCARTESIANPOINT((0.,-0.4,0.));
#1748=IFCDIRECTION((0.,0.,1.));
#1749=IFCDIRECTION((1.,0.,0.));
#1750=IFCAXIS2PLACEMENT3D(#1747,#1748,#1749);
#1751=IFCLOCALPLACEMENT(#169,#1750);
#1752=IFCCARTESIANPOINTLIST2D(((0.,0.),(73.83151033016489,0.),(73.83151033016489,0.4),(0.,0.4)));
#1753=IFCINDEXEDPOLYCURVE(#1752,(IFCLINEINDEX((1,2,3,4,1))),$);
#1754=IFCARBITRARYCLOSEDPROFILEDEF(.AREA.,$,#1753);
#1755=IFCCARTESIANPOINT((0.,0.,0.));
#1756=IFCDIRECTION((0.,0.,1.));
#1757=IFCDIRECTION((1.,0.,0.));
#1758=IFCAXIS2PLACEMENT3D(#1755,#1756,#1757);
#1759=IFCDIRECTION((0.,0.,1.));
#1760=IFCEXTRUDEDAREASOLID(#1754,#1758,#1759,3.8);
#1761=IFCSHAPEREPRESENTATION(#11,'Body','SweptSolid',(#1760));
#1762=IFCPRODUCTDEFINITIONSHAPE($,$,(#1761));
#1763=IFCPROPERTYSET('1hGO8x4_jIL8crhs_exaoj',$,'Pset_WallCommon',$,(#1765,#1766));
#1764=IFCRELDEFINESBYPROPERTIES('33EgUGyhvStRf2rnS_1gWv',$,$,$,(#1744),#1763);
#1765=IFCPROPERTYSINGLEVALUE('IsExternal',$,IFCBOOLEAN(.T.),$);
#1766=IFCPROPERTYSINGLEVALUE('LoadBearing',$,IFCBOOLEAN(.F.),$);
#1767=IFCSLAB('19P3EVW45JvAN_jHP8iMNA',$,'Level 16 Slab','Floor plate, chord 71.5 m, depth 19.9 m',$,#1775,#1786,$,$);
#1768=IFCMATERIALLAYERSETUSAGE(#254,.AXIS3.,.POSITIVE.,0.,$);
#1769=IFCRELASSOCIATESMATERIAL('3rdU4RjTrJVA5UQ5y6RhR9',$,$,$,(#1767),#1768);
#1770=IFCRELCONTAINEDINSPATIALSTRUCTURE('2KYLVP5$DSkA2$Ny4sK2aH',$,$,$,(#1767,#1791,#1813,#1835),#170);
#1771=IFCCARTESIANPOINT((0.,0.,-0.3400000000000034));
#1772=IFCDIRECTION((0.,0.,1.));
#1773=IFCDIRECTION((1.,0.,0.));
#1774=IFCAXIS2PLACEMENT3D(#1771,#1772,#1773);
#1775=IFCLOCALPLACEMENT(#176,#1774);
#1776=IFCCARTESIANPOINTLIST2D(((0.,0.),(71.4991795653201,0.),(69.65650933331953,2.7180844385267697),(67.60763845500526,5.284316057624732),(65.3650268797009,7.683088644005817),(62.94231276629519,9.899814365327067),(60.3542295445021,11.921012484249495),(57.61651631537002,13.734391339838602),(54.74582213592772,15.32892309774703),(51.759604770048,16.694910814595502),(48.67602452126296,17.824047408708545),(45.513833793172964,18.709466178581934),(42.29226304907401,19.345782561860076),(39.0309038643254,19.729126880871554),(35.74958978266005,19.857167875584842),(32.46827570099471,19.72912688087156),(29.206916516246103,19.345782561860084),(25.985345772147152,18.709466178581934),(22.823155044057152,17.824047408708545),(19.739574795272105,16.694910814595502),(16.75335742939239,15.32892309774703),(13.882663249950088,13.734391339838602),(11.144950020818008,11.921012484249495),(8.556866799024917,9.899814365327067),(6.134152685619203,7.683088644005817),(3.8915411103148543,5.284316057624732),(1.8426702320005717,2.7180844385267697)));
#1777=IFCINDEXEDPOLYCURVE(#1776,(IFCLINEINDEX((1,2,3,4,5,6,7,8,9,10,11,12,13,14,15,16,17,18,19,20,21,22,23,24,25,26,27,1))),$);
#1778=IFCARBITRARYCLOSEDPROFILEDEF(.AREA.,$,#1777);
#1779=IFCCARTESIANPOINT((0.,0.,0.));
#1780=IFCDIRECTION((0.,0.,1.));
#1781=IFCDIRECTION((1.,0.,0.));
#1782=IFCAXIS2PLACEMENT3D(#1779,#1780,#1781);
#1783=IFCDIRECTION((0.,0.,1.));
#1784=IFCEXTRUDEDAREASOLID(#1778,#1782,#1783,0.34);
#1785=IFCSHAPEREPRESENTATION(#11,'Body','SweptSolid',(#1784));
#1786=IFCPRODUCTDEFINITIONSHAPE($,$,(#1785));
#1787=IFCELEMENTQUANTITY('20MPxZPLbRc8aYqWV0wLPe',$,'Qto_SlabBaseQuantities',$,'BaseQuantities',(#1789,#1790));
#1788=IFCRELDEFINESBYPROPERTIES('2aARdsXEnN_fWg7AmPxm2f',$,$,$,(#1767),#1787);
#1789=IFCQUANTITYLENGTH('Width',$,$,71.5,$);
#1790=IFCQUANTITYLENGTH('Depth',$,$,19.86,$);
#1791=IFCPLATE('0R2Srk8rfMafoWOOicvm0m',$,'Level 16 Curtain Wall','Unitised solar-control glazing to the curved facade',$,#1798,#1809,$,$);
#1792=IFCMATERIALLAYERSETUSAGE(#268,.AXIS2.,.POSITIVE.,0.,$);
#1793=IFCRELASSOCIATESMATERIAL('3if_$xya1KgOYXa2l3fdIS',$,$,$,(#1791),#1792);
#1794=IFCCARTESIANPOINT((0.35,0.,0.));
#1795=IFCDIRECTION((0.,0.,1.));
#1796=IFCDIRECTION((1.,0.,0.));
#1797=IFCAXIS2PLACEMENT3D(#1794,#1795,#1796);
#1798=IFCLOCALPLACEMENT(#176,#1797);
#1799=IFCCARTESIANPOINTLIST2D(((70.7991795653201,0.),(68.96165007685855,2.6730914386986413),(66.92271620842408,5.195923407094604),(64.69461350837034,7.553356506595641),(62.290712718507805,9.731243889613417),(59.72543953689713,11.716516154145118),(57.01418804989878,13.497259772653692),(54.173228352968835,15.062788584598543),(51.2196089145646,16.403707923593437),(48.171054269069664,17.51197099436724),(45.0458586526783,18.38092716121229),(41.8627762205257,19.00536185814326),(38.64090850386563,19.38152788126783),(35.399589782660044,19.50716787558484),(32.158271061454464,19.38152788126783),(28.936403344794385,19.005361858143253),(25.753320912641783,18.380927161212284),(22.628125296250424,17.51197099436724),(19.579570650755485,16.40370792359343),(16.625951212351268,15.062788584598543),(13.78499151542131,13.497259772653678),(11.07374002842296,11.716516154145111),(8.508466846812293,9.73124388961341),(6.104566056949743,7.553356506595623),(3.876463356896018,5.19592340709459),(1.8375294884615556,2.6730914386986377),(0.,0.),(70.5111795653201,0.18),(2.110579922776584,2.8284258151681216),(4.132925662430052,5.327978660874017),(6.342901215204524,7.663658835469879),(8.727244619466534,9.8214500296691),(11.271647540126727,11.78840343777352),(13.960841132300601,13.552715462860842),(16.77868766894426,15.103798549626772),(19.70827738261203,16.432344719817326),(22.732029940193158,17.530381428978234),(25.831799941682007,18.391319409327437),(28.98898580988886,19.009992211647955),(32.18464141764895,19.38268720891197),(35.399589782660044,19.50716787558484),(38.614538147671155,19.38268720891197),(41.810193755431236,19.00999221164796),(44.96737962363808,18.391319409327448),(48.06714962512694,17.530381428978234),(51.09090218270806,16.432344719817333),(54.020491896375844,15.103798549626772),(56.83833843301949,13.552715462860856),(59.52753202519336,11.788403437773527),(62.07193494585356,9.821450029669105),(64.45627835011555,7.663658835469896),(66.66625390289005,5.32797866087403),(68.68859964254352,2.8284258151681256),(0.288,0.18)));
#1800=IFCINDEXEDPOLYCURVE(#1799,(IFCLINEINDEX((1,2,3,4,5,6,7,8,9,10,11,12,13,14,15,16,17,18,19,20,21,22,23,24,25,26,27,28,29,30,31,32,33,34,35,36,37,38,39,40,41,42,43,44,45,46,47,48,49,50,51,52,53,54,1))),$);
#1801=IFCARBITRARYCLOSEDPROFILEDEF(.AREA.,$,#1800);
#1802=IFCCARTESIANPOINT((0.,0.,0.));
#1803=IFCDIRECTION((0.,0.,1.));
#1804=IFCDIRECTION((1.,0.,0.));
#1805=IFCAXIS2PLACEMENT3D(#1802,#1803,#1804);
#1806=IFCDIRECTION((0.,0.,1.));
#1807=IFCEXTRUDEDAREASOLID(#1801,#1805,#1806,3.8);
#1808=IFCSHAPEREPRESENTATION(#11,'Body','SweptSolid',(#1807));
#1809=IFCPRODUCTDEFINITIONSHAPE($,$,(#1808));
#1810=IFCPROPERTYSET('12Z41f699OYe3k6utk0DdY',$,'Pset_PlateCommon',$,(#1812));
#1811=IFCRELDEFINESBYPROPERTIES('2$K1e34lHLYRla87$Di5D_',$,$,$,(#1791),#1810);
#1812=IFCPROPERTYSINGLEVALUE('IsExternal',$,IFCBOOLEAN(.T.),$);
#1813=IFCPLATE('2z12qRQpjLVfU3uzZiiS1K',$,'Level 16 Spandrel','Opaque spandrel band expressing the floor line',$,#1820,#1831,$,$);
#1814=IFCMATERIALLAYERSETUSAGE(#272,.AXIS2.,.POSITIVE.,0.,$);
#1815=IFCRELASSOCIATESMATERIAL('0UZxKOPvrLJg$Gi_BPR0vr',$,$,$,(#1813),#1814);
#1816=IFCCARTESIANPOINT((0.,0.,0.));
#1817=IFCDIRECTION((0.,0.,1.));
#1818=IFCDIRECTION((1.,0.,0.));
#1819=IFCAXIS2PLACEMENT3D(#1816,#1817,#1818);
#1820=IFCLOCALPLACEMENT(#176,#1819);
#1821=IFCCARTESIANPOINTLIST2D(((71.4991795653201,0.),(69.65650933331953,2.7180844385267697),(67.60763845500526,5.284316057624732),(65.3650268797009,7.683088644005817),(62.94231276629519,9.899814365327067),(60.3542295445021,11.921012484249495),(57.61651631537002,13.734391339838602),(54.74582213592772,15.32892309774703),(51.759604770048,16.694910814595502),(48.67602452126296,17.824047408708545),(45.513833793172964,18.709466178581934),(42.29226304907401,19.345782561860076),(39.0309038643254,19.729126880871554),(35.74958978266005,19.857167875584842),(32.46827570099471,19.72912688087156),(29.206916516246103,19.345782561860084),(25.985345772147152,18.709466178581934),(22.823155044057152,17.824047408708545),(19.739574795272105,16.694910814595502),(16.75335742939239,15.32892309774703),(13.882663249950088,13.734391339838602),(11.144950020818008,11.921012484249495),(8.556866799024917,9.899814365327067),(6.134152685619203,7.683088644005817),(3.8915411103148543,5.284316057624732),(1.8426702320005717,2.7180844385267697),(0.,0.),(70.9871795653201,0.32),(2.3282797988649753,2.994282269668742),(4.347807070830921,5.519158841397586),(6.558300316007946,7.879274997392859),(8.946316699073119,10.060277989507847),(11.497333800174644,12.048904323666827),(14.195837931192946,13.833060420128136),(17.02541848027445,15.401896159061064),(19.968867710893715,16.745870864178443),(23.00828540852849,17.856811323153785),(26.125187738552246,18.727961491979194),(29.30061965333857,19.354023580993186),(32.5152701649879,19.731190272719026),(35.74958978266005,19.857167875584842),(38.98390940033221,19.731190272719022),(42.19855991198154,19.35402358099318),(45.37399182676787,18.727961491979194),(48.49089415679162,17.856811323153785),(51.530311854426394,16.745870864178443),(54.47376108504566,15.401896159061064),(57.303341634127165,13.833060420128136),(60.00184576514546,12.048904323666827),(62.55286286624698,10.060277989507847),(64.94087924931216,7.879274997392859),(67.1513724944892,5.519158841397586),(69.17089976645514,2.994282269668742),(0.512,0.32)));
#1822=IFCINDEXEDPOLYCURVE(#1821,(IFCLINEINDEX((1,2,3,4,5,6,7,8,9,10,11,12,13,14,15,16,17,18,19,20,21,22,23,24,25,26,27,28,29,30,31,32,33,34,35,36,37,38,39,40,41,42,43,44,45,46,47,48,49,50,51,52,53,54,1))),$);
#1823=IFCARBITRARYCLOSEDPROFILEDEF(.AREA.,$,#1822);
#1824=IFCCARTESIANPOINT((0.,0.,0.));
#1825=IFCDIRECTION((0.,0.,1.));
#1826=IFCDIRECTION((1.,0.,0.));
#1827=IFCAXIS2PLACEMENT3D(#1824,#1825,#1826);
#1828=IFCDIRECTION((0.,0.,1.));
#1829=IFCEXTRUDEDAREASOLID(#1823,#1827,#1828,1.1);
#1830=IFCSHAPEREPRESENTATION(#11,'Body','SweptSolid',(#1829));
#1831=IFCPRODUCTDEFINITIONSHAPE($,$,(#1830));
#1832=IFCPROPERTYSET('3z8wDP9ZXUNRiOGVVwkkaI',$,'Pset_PlateCommon',$,(#1834));
#1833=IFCRELDEFINESBYPROPERTIES('2M55xsRsjG1OfbWqPldPZl',$,$,$,(#1813),#1832);
#1834=IFCPROPERTYSINGLEVALUE('IsExternal',$,IFCBOOLEAN(.T.),$);
#1835=IFCWALL('39JtxaB$nHq98Ye9IyfUU4',$,'Level 16 Back Facade','Rendered facade to the harbour side',$,#1842,#1853,$,$);
#1836=IFCMATERIALLAYERSETUSAGE(#276,.AXIS2.,.POSITIVE.,0.,$);
#1837=IFCRELASSOCIATESMATERIAL('3LCldBJrDTIxWJfWk3rxau',$,$,$,(#1835),#1836);
#1838=IFCCARTESIANPOINT((0.,-0.4,0.));
#1839=IFCDIRECTION((0.,0.,1.));
#1840=IFCDIRECTION((1.,0.,0.));
#1841=IFCAXIS2PLACEMENT3D(#1838,#1839,#1840);
#1842=IFCLOCALPLACEMENT(#176,#1841);
#1843=IFCCARTESIANPOINTLIST2D(((0.,0.),(71.4991795653201,0.),(71.4991795653201,0.4),(0.,0.4)));
#1844=IFCINDEXEDPOLYCURVE(#1843,(IFCLINEINDEX((1,2,3,4,1))),$);
#1845=IFCARBITRARYCLOSEDPROFILEDEF(.AREA.,$,#1844);
#1846=IFCCARTESIANPOINT((0.,0.,0.));
#1847=IFCDIRECTION((0.,0.,1.));
#1848=IFCDIRECTION((1.,0.,0.));
#1849=IFCAXIS2PLACEMENT3D(#1846,#1847,#1848);
#1850=IFCDIRECTION((0.,0.,1.));
#1851=IFCEXTRUDEDAREASOLID(#1845,#1849,#1850,3.8);
#1852=IFCSHAPEREPRESENTATION(#11,'Body','SweptSolid',(#1851));
#1853=IFCPRODUCTDEFINITIONSHAPE($,$,(#1852));
#1854=IFCPROPERTYSET('0qlRezZE1MWB5OEviYzyR4',$,'Pset_WallCommon',$,(#1856,#1857));
#1855=IFCRELDEFINESBYPROPERTIES('1CWM0slP5QbO3016rSW21y',$,$,$,(#1835),#1854);
#1856=IFCPROPERTYSINGLEVALUE('IsExternal',$,IFCBOOLEAN(.T.),$);
#1857=IFCPROPERTYSINGLEVALUE('LoadBearing',$,IFCBOOLEAN(.F.),$);
#1858=IFCSLAB('2CvaodVtbGcuvwxLcqzO7Q',$,'Level 17 Slab','Floor plate, chord 69.1 m, depth 19.4 m',$,#1866,#1877,$,$);
#1859=IFCMATERIALLAYERSETUSAGE(#254,.AXIS3.,.POSITIVE.,0.,$);
#1860=IFCRELASSOCIATESMATERIAL('16GSQxC0nMIg_39e9_zt5f',$,$,$,(#1858),#1859);
#1861=IFCRELCONTAINEDINSPATIALSTRUCTURE('3MrZ5GiUbQEhLNS5MoMHHU',$,$,$,(#1858,#1882,#1904,#1926),#177);
#1862=IFCCARTESIANPOINT((0.,0.,-0.3400000000000034));
#1863=IFCDIRECTION((0.,0.,1.));
#1864=IFCDIRECTION((1.,0.,0.));
#1865=IFCAXIS2PLACEMENT3D(#1862,#1863,#1864);
#1866=IFCLOCALPLACEMENT(#183,#1865);
#1867=IFCCARTESIANPOINTLIST2D(((0.,0.),(69.08524180536389,0.),(67.32204029614445,2.650667695784435),(65.35589089479683,5.154499824176682),(63.19896666246717,7.495994357926019),(60.864621808428616,9.660654353863631),(58.36730900989123,11.635077708124378),(55.722489930844986,13.407040132867586),(52.9465394939421,14.965570840761266),(50.056644498102344,16.301020468642903),(47.07069720953206,17.40512081981965),(44.00718458496917,18.27103605512427),(40.88507381300845,18.893405015786463),(37.72369488215746,19.2683744160852),(34.54262090268194,19.393622700275706),(31.361546923206422,19.2683744160852),(28.200167992355443,18.893405015786463),(25.07805722039472,18.27103605512427),(22.014544595831826,17.405120819819643),(19.02859730726154,16.30102046864289),(16.138702311421778,14.965570840761266),(13.362751874518896,13.407040132867579),(10.717932795472652,11.635077708124363),(8.220619996935266,9.66065435386362),(5.886275142896714,7.4959943579260155),(3.729350910567053,5.154499824176664),(1.7632015092194209,2.650667695784417)));
#1868=IFCINDEXEDPOLYCURVE(#1867,(IFCLINEINDEX((1,2,3,4,5,6,7,8,9,10,11,12,13,14,15,16,17,18,19,20,21,22,23,24,25,26,27,1))),$);
#1869=IFCARBITRARYCLOSEDPROFILEDEF(.AREA.,$,#1868);
#1870=IFCCARTESIANPOINT((0.,0.,0.));
#1871=IFCDIRECTION((0.,0.,1.));
#1872=IFCDIRECTION((1.,0.,0.));
#1873=IFCAXIS2PLACEMENT3D(#1870,#1871,#1872);
#1874=IFCDIRECTION((0.,0.,1.));
#1875=IFCEXTRUDEDAREASOLID(#1869,#1873,#1874,0.34);
#1876=IFCSHAPEREPRESENTATION(#11,'Body','SweptSolid',(#1875));
#1877=IFCPRODUCTDEFINITIONSHAPE($,$,(#1876));
#1878=IFCELEMENTQUANTITY('0RvpIeHxDTqga9mx_3hw6u',$,'Qto_SlabBaseQuantities',$,'BaseQuantities',(#1880,#1881));
#1879=IFCRELDEFINESBYPROPERTIES('26hyCtH1jG1PbVpnsFyzkf',$,$,$,(#1858),#1878);
#1880=IFCQUANTITYLENGTH('Width',$,$,69.09,$);
#1881=IFCQUANTITYLENGTH('Depth',$,$,19.39,$);
#1882=IFCPLATE('1FJcB1onPQ0xgMNy0AAexM',$,'Level 17 Curtain Wall','Unitised solar-control glazing to the curved facade',$,#1889,#1900,$,$);
#1883=IFCMATERIALLAYERSETUSAGE(#268,.AXIS2.,.POSITIVE.,0.,$);
#1884=IFCRELASSOCIATESMATERIAL('2ax4i$t5nGAAM$KTnJDLhJ',$,$,$,(#1882),#1883);
#1885=IFCCARTESIANPOINT((0.35,0.,0.));
#1886=IFCDIRECTION((0.,0.,1.));
#1887=IFCDIRECTION((1.,0.,0.));
#1888=IFCAXIS2PLACEMENT3D(#1885,#1886,#1887);
#1889=IFCLOCALPLACEMENT(#183,#1888);
#1890=IFCCARTESIANPOINTLIST2D(((68.38524180536389,0.),(66.62708977827306,2.6057515036035745),(64.67079995900288,5.066233080839158),(62.52832305798857,7.366413981880651),(60.21274717741523,9.49224271209457),(57.738217857768205,11.430732870723979),(55.11985166463573,13.17004248305782),(52.373643843650314,14.699546341455836),(49.516370607692224,16.009900913307845),(46.56548665326959,17.093101419413237),(43.539018532133575,17.942530734096508),(40.455454529507,18.552999808334874),(37.3336317216456,18.920779368958257),(34.192620902681945,19.043622700275705),(31.051610083718305,18.920779368958257),(27.929787275856913,18.55299980833488),(24.84622327323033,17.942530734096515),(21.819755152094306,17.093101419413237),(18.868871197671673,16.009900913307852),(16.011597961713594,14.699546341455843),(13.265390140728169,13.170042483057827),(10.647023947595699,11.430732870723986),(8.172494627948666,9.49224271209457),(5.856918747375335,7.366413981880669),(3.71444184636103,5.066233080839172),(1.758152027090837,2.605751503603585),(0.,0.),(68.0972418053639,0.18),(2.0313433411687107,2.7611219844185695),(3.9711555856559295,5.198347131358674),(6.09558668230653,7.476786761387619),(8.391658768318363,9.58252219436176),(10.845345449254351,11.50268977676474),(13.441657484392662,13.225559464030356),(16.16473435397501,14.740606477801448),(18.99794114898087,16.0385756003802),(21.923970191541304,17.11153771360374),(24.924946765206663,17.95293823675668),(27.98253830917663,18.55763716761989),(31.078066409439472,18.921940482050296),(34.192620902681945,19.043622700275705),(37.30717539592444,18.921940482050296),(40.40270349618729,18.557637167619884),(43.46029504015725,17.95293823675667),(46.46127161382259,17.11153771360374),(49.387300656383026,16.03857560038019),(52.220507451388904,14.740606477801439),(54.94358432097124,13.225559464030349),(57.53989635610956,11.502689776764733),(59.99358303704554,9.58252219436176),(62.289655123057386,7.476786761387603),(64.41408621970798,5.198347131358661),(66.35389846419518,2.761121984418559),(0.288,0.18)));
#1891=IFCINDEXEDPOLYCURVE(#1890,(IFCLINEINDEX((1,2,3,4,5,6,7,8,9,10,11,12,13,14,15,16,17,18,19,20,21,22,23,24,25,26,27,28,29,30,31,32,33,34,35,36,37,38,39,40,41,42,43,44,45,46,47,48,49,50,51,52,53,54,1))),$);
#1892=IFCARBITRARYCLOSEDPROFILEDEF(.AREA.,$,#1891);
#1893=IFCCARTESIANPOINT((0.,0.,0.));
#1894=IFCDIRECTION((0.,0.,1.));
#1895=IFCDIRECTION((1.,0.,0.));
#1896=IFCAXIS2PLACEMENT3D(#1893,#1894,#1895);
#1897=IFCDIRECTION((0.,0.,1.));
#1898=IFCEXTRUDEDAREASOLID(#1892,#1896,#1897,3.8);
#1899=IFCSHAPEREPRESENTATION(#11,'Body','SweptSolid',(#1898));
#1900=IFCPRODUCTDEFINITIONSHAPE($,$,(#1899));
#1901=IFCPROPERTYSET('0$rNZ29orRq9BO$BC0Y6xV',$,'Pset_PlateCommon',$,(#1903));
#1902=IFCRELDEFINESBYPROPERTIES('0ef5wjfdHP7BhxKF326_qk',$,$,$,(#1882),#1901);
#1903=IFCPROPERTYSINGLEVALUE('IsExternal',$,IFCBOOLEAN(.T.),$);
#1904=IFCPLATE('17H9ZWejLVrgSLA1_sbDwR',$,'Level 17 Spandrel','Opaque spandrel band expressing the floor line',$,#1911,#1922,$,$);
#1905=IFCMATERIALLAYERSETUSAGE(#272,.AXIS2.,.POSITIVE.,0.,$);
#1906=IFCRELASSOCIATESMATERIAL('37F9chdznOJO2Y4P5psZj9',$,$,$,(#1904),#1905);
#1907=IFCCARTESIANPOINT((0.,0.,0.));
#1908=IFCDIRECTION((0.,0.,1.));
#1909=IFCDIRECTION((1.,0.,0.));
#1910=IFCAXIS2PLACEMENT3D(#1907,#1908,#1909);
#1911=IFCLOCALPLACEMENT(#183,#1910);
#1912=IFCCARTESIANPOINTLIST2D(((69.08524180536389,0.),(67.32204029614445,2.650667695784435),(65.35589089479683,5.154499824176682),(63.19896666246717,7.495994357926019),(60.864621808428616,9.660654353863631),(58.36730900989123,11.635077708124378),(55.722489930844986,13.407040132867586),(52.9465394939421,14.965570840761266),(50.056644498102344,16.301020468642903),(47.07069720953206,17.40512081981965),(44.00718458496917,18.27103605512427),(40.88507381300845,18.893405015786463),(37.72369488215746,19.2683744160852),(34.54262090268194,19.393622700275706),(31.361546923206422,19.2683744160852),(28.200167992355443,18.893405015786463),(25.07805722039472,18.27103605512427),(22.014544595831826,17.405120819819643),(19.02859730726154,16.30102046864289),(16.138702311421778,14.965570840761266),(13.362751874518896,13.407040132867579),(10.717932795472652,11.635077708124363),(8.220619996935266,9.66065435386362),(5.886275142896714,7.4959943579260155),(3.729350910567053,5.154499824176664),(1.7632015092194209,2.650667695784417),(0.,0.),(68.57324180536389,0.32),(2.2490668631176174,2.9269309646042774),(4.186073470224879,5.389449188241941),(6.311027192555773,7.692308431288791),(8.610771760511954,9.821250954044338),(11.071068718344796,11.763095790968325),(13.67668557899867,13.505820358263186),(16.41149013332077,15.038634889543882),(19.25855032973872,16.35204923874),(22.200239106019072,17.437931636631962),(25.2183435240595,18.289559037240622),(28.294177532026332,18.901658742359903),(31.408697655690794,19.27044104652142),(34.54262090268194,19.393622700275706),(37.67654414967309,19.27044104652142),(40.791064273337554,18.901658742359903),(43.86689828130439,18.289559037240622),(46.88500269934481,17.437931636631966),(49.82669147562516,16.352049238740015),(52.6737516720431,15.038634889543882),(55.40855622636521,13.505820358263193),(58.01417308701909,11.76309579096834),(60.474470044851934,9.821250954044348),(62.77421461280811,7.692308431288794),(64.89916833513901,5.389449188241959),(66.83617494224625,2.9269309646042947),(0.512,0.32)));
#1913=IFCINDEXEDPOLYCURVE(#1912,(IFCLINEINDEX((1,2,3,4,5,6,7,8,9,10,11,12,13,14,15,16,17,18,19,20,21,22,23,24,25,26,27,28,29,30,31,32,33,34,35,36,37,38,39,40,41,42,43,44,45,46,47,48,49,50,51,52,53,54,1))),$);
#1914=IFCARBITRARYCLOSEDPROFILEDEF(.AREA.,$,#1913);
#1915=IFCCARTESIANPOINT((0.,0.,0.));
#1916=IFCDIRECTION((0.,0.,1.));
#1917=IFCDIRECTION((1.,0.,0.));
#1918=IFCAXIS2PLACEMENT3D(#1915,#1916,#1917);
#1919=IFCDIRECTION((0.,0.,1.));
#1920=IFCEXTRUDEDAREASOLID(#1914,#1918,#1919,1.1);
#1921=IFCSHAPEREPRESENTATION(#11,'Body','SweptSolid',(#1920));
#1922=IFCPRODUCTDEFINITIONSHAPE($,$,(#1921));
#1923=IFCPROPERTYSET('3lnqcChD1MH9f79_4HwXf5',$,'Pset_PlateCommon',$,(#1925));
#1924=IFCRELDEFINESBYPROPERTIES('1diAlzNrfSqRqivR99qrZX',$,$,$,(#1904),#1923);
#1925=IFCPROPERTYSINGLEVALUE('IsExternal',$,IFCBOOLEAN(.T.),$);
#1926=IFCWALL('300HAVi91UgA3Rzuee1o0$',$,'Level 17 Back Facade','Rendered facade to the harbour side',$,#1933,#1944,$,$);
#1927=IFCMATERIALLAYERSETUSAGE(#276,.AXIS2.,.POSITIVE.,0.,$);
#1928=IFCRELASSOCIATESMATERIAL('35uRCsdUjQbhwRX5ryu3iC',$,$,$,(#1926),#1927);
#1929=IFCCARTESIANPOINT((0.,-0.4,0.));
#1930=IFCDIRECTION((0.,0.,1.));
#1931=IFCDIRECTION((1.,0.,0.));
#1932=IFCAXIS2PLACEMENT3D(#1929,#1930,#1931);
#1933=IFCLOCALPLACEMENT(#183,#1932);
#1934=IFCCARTESIANPOINTLIST2D(((0.,0.),(69.08524180536389,0.),(69.08524180536389,0.4),(0.,0.4)));
#1935=IFCINDEXEDPOLYCURVE(#1934,(IFCLINEINDEX((1,2,3,4,1))),$);
#1936=IFCARBITRARYCLOSEDPROFILEDEF(.AREA.,$,#1935);
#1937=IFCCARTESIANPOINT((0.,0.,0.));
#1938=IFCDIRECTION((0.,0.,1.));
#1939=IFCDIRECTION((1.,0.,0.));
#1940=IFCAXIS2PLACEMENT3D(#1937,#1938,#1939);
#1941=IFCDIRECTION((0.,0.,1.));
#1942=IFCEXTRUDEDAREASOLID(#1936,#1940,#1941,3.8);
#1943=IFCSHAPEREPRESENTATION(#11,'Body','SweptSolid',(#1942));
#1944=IFCPRODUCTDEFINITIONSHAPE($,$,(#1943));
#1945=IFCPROPERTYSET('3FKhKPqH9KkAhVpNb749gU',$,'Pset_WallCommon',$,(#1947,#1948));
#1946=IFCRELDEFINESBYPROPERTIES('1FM4sRb1DV7glQG3708I9Y',$,$,$,(#1926),#1945);
#1947=IFCPROPERTYSINGLEVALUE('IsExternal',$,IFCBOOLEAN(.T.),$);
#1948=IFCPROPERTYSINGLEVALUE('LoadBearing',$,IFCBOOLEAN(.F.),$);
#1949=IFCSLAB('13SfK9QyHPDAkAubbmm6_X',$,'Level 18 Slab','Floor plate, chord 66.6 m, depth 18.9 m',$,#1957,#1968,$,$);
#1950=IFCMATERIALLAYERSETUSAGE(#254,.AXIS3.,.POSITIVE.,0.,$);
#1951=IFCRELASSOCIATESMATERIAL('0X$BhYi25NWwqpTYCUpvwB',$,$,$,(#1949),#1950);
#1952=IFCRELCONTAINEDINSPATIALSTRUCTURE('0xdCAMz19G$8lXF4lekdSQ',$,$,$,(#1949,#1973,#1995,#2017),#184);
#1953=IFCCARTESIANPOINT((0.,0.,-0.3400000000000034));
#1954=IFCDIRECTION((0.,0.,1.));
#1955=IFCDIRECTION((1.,0.,0.));
#1956=IFCAXIS2PLACEMENT3D(#1953,#1954,#1955);
#1957=IFCLOCALPLACEMENT(#190,#1956);
#1958=IFCCARTESIANPOINTLIST2D(((0.,0.),(66.59189521281868,0.),(64.91173676340446,2.5820578349023826),(63.03179332443713,5.022502004352376),(60.96394454498854,7.305910969748574),(58.72125747661157,9.417855521874284),(56.3179040006501,11.344989961269402),(53.769071273961224,13.07513643173904),(51.09086575895667,14.597361874082551),(48.30021144441237,15.902047113760737),(45.41474290020448,16.98094764592556),(42.45269384177489,17.827245733702675),(39.43278190850487,18.435593490509646),(36.374090384099375,18.802146674166266),(33.295947606409335,18.924588979246657),(30.217804828719295,18.802146674166266),(27.15911330431381,18.435593490509646),(24.139201371043775,17.827245733702668),(21.177152312614194,16.98094764592556),(18.2916837684063,15.902047113760737),(15.50102945386201,14.597361874082544),(12.822823938857432,13.075136431739018),(10.273991212168575,11.344989961269398),(7.870637736207101,9.41785552187427),(5.627950667830142,7.305910969748574),(3.5601018883815385,5.0225020043523685),(1.6801584494142041,2.5820578349023613)));
#1959=IFCINDEXEDPOLYCURVE(#1958,(IFCLINEINDEX((1,2,3,4,5,6,7,8,9,10,11,12,13,14,15,16,17,18,19,20,21,22,23,24,25,26,27,1))),$);
#1960=IFCARBITRARYCLOSEDPROFILEDEF(.AREA.,$,#1959);
#1961=IFCCARTESIANPOINT((0.,0.,0.));
#1962=IFCDIRECTION((0.,0.,1.));
#1963=IFCDIRECTION((1.,0.,0.));
#1964=IFCAXIS2PLACEMENT3D(#1961,#1962,#1963);
#1965=IFCDIRECTION((0.,0.,1.));
#1966=IFCEXTRUDEDAREASOLID(#1960,#1964,#1965,0.34);
#1967=IFCSHAPEREPRESENTATION(#11,'Body','SweptSolid',(#1966));
#1968=IFCPRODUCTDEFINITIONSHAPE($,$,(#1967));
#1969=IFCELEMENTQUANTITY('2ay3rhIkDSneMrsA8TaLh4',$,'Qto_SlabBaseQuantities',$,'BaseQuantities',(#1971,#1972));
#1970=IFCRELDEFINESBYPROPERTIES('1OLm8e3nzVOOenmXHAcKyW',$,$,$,(#1949),#1969);
#1971=IFCQUANTITYLENGTH('Width',$,$,66.59,$);
#1972=IFCQUANTITYLENGTH('Depth',$,$,18.92,$);
#1973=IFCPLATE('2hhFLHONHT1gqnqE4zMNQJ',$,'Level 18 Curtain Wall','Unitised solar-control glazing to the curved facade',$,#1980,#1991,$,$);
#1974=IFCMATERIALLAYERSETUSAGE(#268,.AXIS2.,.POSITIVE.,0.,$);
#1975=IFCRELASSOCIATESMATERIAL('3BNRBTATTViR74pieu6f9u',$,$,$,(#1973),#1974);
#1976=IFCCARTESIANPOINT((0.35,0.,0.));
#1977=IFCDIRECTION((0.,0.,1.));
#1978=IFCDIRECTION((1.,0.,0.));
#1979=IFCAXIS2PLACEMENT3D(#1976,#1977,#1978);
#1980=IFCLOCALPLACEMENT(#190,#1979);
#1981=IFCCARTESIANPOINTLIST2D(((65.89189521281868,0.),(64.2166833106088,2.5372294535738185),(62.3465119099572,4.934379250639704),(60.29304071985572,7.176504200059636),(58.06907224412369,9.249625623502624),(55.688471963339495,11.14081850645201),(53.16608188957228,12.838292080075114),(50.517628032862476,14.331463331562048),(47.75962235635779,15.611022984628733),(44.90925983137191,16.668993538823997),(41.98431123418283,17.4987790057911),(39.00301235293671,18.095206032399354),(35.98395029540391,18.4545561543611),(32.94594760640934,18.574588979246656),(29.9079449174148,18.4545561543611),(26.888882859881985,18.095206032399354),(23.907583978635856,17.4987790057911),(20.982635381446787,16.668993538824004),(18.132272856460897,15.611022984628733),(15.374267179956227,14.331463331562055),(12.72581332324641,12.838292080075114),(10.20342324947919,11.140818506452014),(7.822822968695014,9.249625623502634),(5.598854492962971,7.176504200059643),(3.545383302861481,4.934379250639704),(1.6752119022098952,2.5372294535738327),(0.,0.),(65.60389521281868,0.18),(1.9485678848758003,2.692642029208558),(3.80239101199092,5.066561866033911),(5.837911596761083,7.286959148082772),(8.04243904961946,9.339990659623181),(10.40222909634825,11.212856638041254),(12.902569467677905,12.89388057481944),(15.527871623916251,14.37258201351171),(18.261767942744445,15.639741890852028),(21.087213764255818,16.687460013622413),(23.98659365703079,17.509204312937243),(26.9418312427253,18.099851568864732),(29.934501894463484,18.45571935148506),(32.94594760640934,18.574588979246656),(35.95739331835523,18.45571935148506),(38.950063970093396,18.099851568864732),(41.9053015557879,17.509204312937243),(44.80468144856289,16.687460013622406),(47.63012727007424,15.639741890852028),(50.364023588902455,14.372582013511703),(52.989325745140796,12.89388057481944),(55.48966611647044,11.212856638041252),(57.84945616319925,9.33999065962317),(60.05398361605761,7.286959148082764),(62.08950420082776,5.066561866033911),(63.943327327942896,2.6926420292085442),(0.288,0.18)));
#1982=IFCINDEXEDPOLYCURVE(#1981,(IFCLINEINDEX((1,2,3,4,5,6,7,8,9,10,11,12,13,14,15,16,17,18,19,20,21,22,23,24,25,26,27,28,29,30,31,32,33,34,35,36,37,38,39,40,41,42,43,44,45,46,47,48,49,50,51,52,53,54,1))),$);
#1983=IFCARBITRARYCLOSEDPROFILEDEF(.AREA.,$,#1982);
#1984=IFCCARTESIANPOINT((0.,0.,0.));
#1985=IFCDIRECTION((0.,0.,1.));
#1986=IFCDIRECTION((1.,0.,0.));
#1987=IFCAXIS2PLACEMENT3D(#1984,#1985,#1986);
#1988=IFCDIRECTION((0.,0.,1.));
#1989=IFCEXTRUDEDAREASOLID(#1983,#1987,#1988,3.8);
#1990=IFCSHAPEREPRESENTATION(#11,'Body','SweptSolid',(#1989));
#1991=IFCPRODUCTDEFINITIONSHAPE($,$,(#1990));
#1992=IFCPROPERTYSET('1bvBnk3izPK9POrCJK2wmG',$,'Pset_PlateCommon',$,(#1994));
#1993=IFCRELDEFINESBYPROPERTIES('0JI0QIg5HKgvQlj63tKJvk',$,$,$,(#1973),#1992);
#1994=IFCPROPERTYSINGLEVALUE('IsExternal',$,IFCBOOLEAN(.T.),$);
#1995=IFCPLATE('1OrFNqJ8PN2OwVLkqGSwLo',$,'Level 18 Spandrel','Opaque spandrel band expressing the floor line',$,#2002,#2013,$,$);
#1996=IFCMATERIALLAYERSETUSAGE(#272,.AXIS2.,.POSITIVE.,0.,$);
#1997=IFCRELASSOCIATESMATERIAL('3Qx1a_yAzRSR9ysyAENGmM',$,$,$,(#1995),#1996);
#1998=IFCCARTESIANPOINT((0.,0.,0.));
#1999=IFCDIRECTION((0.,0.,1.));
#2000=IFCDIRECTION((1.,0.,0.));
#2001=IFCAXIS2PLACEMENT3D(#1998,#1999,#2000);
#2002=IFCLOCALPLACEMENT(#190,#2001);
#2003=IFCCARTESIANPOINTLIST2D(((66.59189521281868,0.),(64.91173676340446,2.5820578349023826),(63.03179332443713,5.022502004352376),(60.96394454498854,7.305910969748574),(58.72125747661157,9.417855521874284),(56.3179040006501,11.344989961269402),(53.769071273961224,13.07513643173904),(51.09086575895667,14.597361874082551),(48.30021144441237,15.902047113760737),(45.41474290020448,16.98094764592556),(42.45269384177489,17.827245733702675),(39.43278190850487,18.435593490509646),(36.374090384099375,18.802146674166266),(33.295947606409335,18.924588979246657),(30.217804828719295,18.802146674166266),(27.15911330431381,18.435593490509646),(24.139201371043775,17.827245733702668),(21.177152312614194,16.98094764592556),(18.2916837684063,15.902047113760737),(15.50102945386201,14.597361874082544),(12.822823938857432,13.075136431739018),(10.273991212168575,11.344989961269398),(7.870637736207101,9.41785552187427),(5.627950667830142,7.305910969748574),(3.5601018883815385,5.0225020043523685),(1.6801584494142041,2.5820578349023613),(0.,0.),(66.07989521281868,0.32),(2.1663222384653835,2.858397256166682),(4.017357323415306,5.2575754232173555),(6.0534082820722315,7.502373728708181),(8.261608998158442,9.578606950066199),(10.628005514845524,11.473155053172455),(13.13764421193381,13.174046099856787),(15.774666300057383,14.670531900399684),(18.52240803479056,15.953155932980863),(21.363506017388424,17.013813100881798),(24.280006916749425,17.845800949826998),(27.25348091925047,18.443862021813942),(30.265138189547685,18.804217077791346),(33.295947606409335,18.924588979246657),(36.326757023270986,18.804217077791346),(39.33841429356821,18.443862021813942),(42.311888296069235,17.84580094982701),(45.228389195430246,17.013813100881798),(48.069487178028105,15.953155932980863),(50.817228912761294,14.67053190039969),(53.454251000884845,13.174046099856808),(55.96388969797315,11.473155053172459),(58.33028621466023,9.578606950066213),(60.53848693074645,7.502373728708181),(62.57453788940336,5.2575754232173635),(64.42557297435329,2.858397256166703),(0.512,0.32)));
#2004=IFCINDEXEDPOLYCURVE(#2003,(IFCLINEINDEX((1,2,3,4,5,6,7,8,9,10,11,12,13,14,15,16,17,18,19,20,21,22,23,24,25,26,27,28,29,30,31,32,33,34,35,36,37,38,39,40,41,42,43,44,45,46,47,48,49,50,51,52,53,54,1))),$);
#2005=IFCARBITRARYCLOSEDPROFILEDEF(.AREA.,$,#2004);
#2006=IFCCARTESIANPOINT((0.,0.,0.));
#2007=IFCDIRECTION((0.,0.,1.));
#2008=IFCDIRECTION((1.,0.,0.));
#2009=IFCAXIS2PLACEMENT3D(#2006,#2007,#2008);
#2010=IFCDIRECTION((0.,0.,1.));
#2011=IFCEXTRUDEDAREASOLID(#2005,#2009,#2010,1.1);
#2012=IFCSHAPEREPRESENTATION(#11,'Body','SweptSolid',(#2011));
#2013=IFCPRODUCTDEFINITIONSHAPE($,$,(#2012));
#2014=IFCPROPERTYSET('2ZrPdGXXPNMR9VI90NhgN6',$,'Pset_PlateCommon',$,(#2016));
#2015=IFCRELDEFINESBYPROPERTIES('3FKJt9SR9PoeWIGtJXqFsY',$,$,$,(#1995),#2014);
#2016=IFCPROPERTYSINGLEVALUE('IsExternal',$,IFCBOOLEAN(.T.),$);
#2017=IFCWALL('1yjg8jyyrRVuebCS3jXYmk',$,'Level 18 Back Facade','Rendered facade to the harbour side',$,#2024,#2035,$,$);
#2018=IFCMATERIALLAYERSETUSAGE(#276,.AXIS2.,.POSITIVE.,0.,$);
#2019=IFCRELASSOCIATESMATERIAL('1_imgNwNnQsQE$zrtptyb1',$,$,$,(#2017),#2018);
#2020=IFCCARTESIANPOINT((0.,-0.4,0.));
#2021=IFCDIRECTION((0.,0.,1.));
#2022=IFCDIRECTION((1.,0.,0.));
#2023=IFCAXIS2PLACEMENT3D(#2020,#2021,#2022);
#2024=IFCLOCALPLACEMENT(#190,#2023);
#2025=IFCCARTESIANPOINTLIST2D(((0.,0.),(66.59189521281868,0.),(66.59189521281868,0.4),(0.,0.4)));
#2026=IFCINDEXEDPOLYCURVE(#2025,(IFCLINEINDEX((1,2,3,4,1))),$);
#2027=IFCARBITRARYCLOSEDPROFILEDEF(.AREA.,$,#2026);
#2028=IFCCARTESIANPOINT((0.,0.,0.));
#2029=IFCDIRECTION((0.,0.,1.));
#2030=IFCDIRECTION((1.,0.,0.));
#2031=IFCAXIS2PLACEMENT3D(#2028,#2029,#2030);
#2032=IFCDIRECTION((0.,0.,1.));
#2033=IFCEXTRUDEDAREASOLID(#2027,#2031,#2032,3.8);
#2034=IFCSHAPEREPRESENTATION(#11,'Body','SweptSolid',(#2033));
#2035=IFCPRODUCTDEFINITIONSHAPE($,$,(#2034));
#2036=IFCPROPERTYSET('00BWVlqa1IlhCsjr5Sulhi',$,'Pset_WallCommon',$,(#2038,#2039));
#2037=IFCRELDEFINESBYPROPERTIES('3hSpA5aX1QvAF$bvoXyf4t',$,$,$,(#2017),#2036);
#2038=IFCPROPERTYSINGLEVALUE('IsExternal',$,IFCBOOLEAN(.T.),$);
#2039=IFCPROPERTYSINGLEVALUE('LoadBearing',$,IFCBOOLEAN(.F.),$);
#2040=IFCSLAB('1C0UiHcf9TJB8WWmkjwlL1',$,'Level 19 Slab','Floor plate, chord 64.0 m, depth 18.5 m',$,#2048,#2059,$,$);
#2041=IFCMATERIALLAYERSETUSAGE(#254,.AXIS3.,.POSITIVE.,0.,$);
#2042=IFCRELASSOCIATESMATERIAL('2Y0Yckf7TVMQ2uBQkp4N39',$,$,$,(#2040),#2041);
#2043=IFCRELCONTAINEDINSPATIALSTRUCTURE('1i9qnLkm9NkeDkRctvv8BP',$,$,$,(#2040,#2064,#2086,#2108),#191);
#2044=IFCCARTESIANPOINT((0.,0.,-0.3400000000000034));
#2045=IFCDIRECTION((0.,0.,1.));
#2046=IFCDIRECTION((1.,0.,0.));
#2047=IFCAXIS2PLACEMENT3D(#2044,#2045,#2046);
#2048=IFCLOCALPLACEMENT(#197,#2047);
#2049=IFCCARTESIANPOINTLIST2D(((0.,0.),(64.02115781652972,0.),(62.42758767382979,2.5122503105367926),(60.63729846808103,4.888325221451076),(58.66186872161135,7.1128576980087175),(56.514074335293856,9.17146079151653),(54.2078059616432,11.050820685521838),(51.75797916836365,12.738782801633004),(49.180437973357144,14.22443040807989),(46.49185237506963,15.49815522262103),(43.70961054088791,16.551719553179936),(40.85170635084844,17.37830957432206),(37.9366230239581,17.972579395011977),(34.983213579762456,18.330685632646713),(32.01057890826486,18.45031226976107),(29.037944236767274,18.330685632646713),(26.084534792571635,17.972579395011977),(23.169451465681295,17.37830957432206),(20.31154727564183,16.551719553179936),(17.52930544146011,15.498155222621037),(14.840719843172593,14.224430408079904),(12.263178648166097,12.738782801633011),(9.813351854886537,11.050820685521852),(7.507083481235881,9.171460791516541),(5.359289094918385,7.112857698008728),(3.383859348448702,4.888325221451083),(1.5935701426999316,2.5122503105367997)));
#2050=IFCINDEXEDPOLYCURVE(#2049,(IFCLINEINDEX((1,2,3,4,5,6,7,8,9,10,11,12,13,14,15,16,17,18,19,20,21,22,23,24,25,26,27,1))),$);
#2051=IFCARBITRARYCLOSEDPROFILEDEF(.AREA.,$,#2050);
#2052=IFCCARTESIANPOINT((0.,0.,0.));
#2053=IFCDIRECTION((0.,0.,1.));
#2054=IFCDIRECTION((1.,0.,0.));
#2055=IFCAXIS2PLACEMENT3D(#2052,#2053,#2054);
#2056=IFCDIRECTION((0.,0.,1.));
#2057=IFCEXTRUDEDAREASOLID(#2051,#2055,#2056,0.34);
#2058=IFCSHAPEREPRESENTATION(#11,'Body','SweptSolid',(#2057));
#2059=IFCPRODUCTDEFINITIONSHAPE($,$,(#2058));
#2060=IFCELEMENTQUANTITY('0PCfRRBeLKUQ$D1tomGOXp',$,'Qto_SlabBaseQuantities',$,'BaseQuantities',(#2062,#2063));
#2061=IFCRELDEFINESBYPROPERTIES('2FSIZITx1SKOstxhLSjMwA',$,$,$,(#2040),#2060);
#2062=IFCQUANTITYLENGTH('Width',$,$,64.02,$);
#2063=IFCQUANTITYLENGTH('Depth',$,$,18.45,$);
#2064=IFCPLATE('0F3cSQEtPSRfsEsrjjOrGp',$,'Level 19 Curtain Wall','Unitised solar-control glazing to the curved facade',$,#2071,#2082,$,$);
#2065=IFCMATERIALLAYERSETUSAGE(#268,.AXIS2.,.POSITIVE.,0.,$);
#2066=IFCRELASSOCIATESMATERIAL('3f9E5tHfjOoQrGkvK7VwR4',$,$,$,(#2064),#2065);
#2067=IFCCARTESIANPOINT((0.35,0.,0.));
#2068=IFCDIRECTION((0.,0.,1.));
#2069=IFCDIRECTION((1.,0.,0.));
#2070=IFCAXIS2PLACEMENT3D(#2067,#2068,#2069);
#2071=IFCLOCALPLACEMENT(#197,#2070);
#2072=IFCCARTESIANPOINTLIST2D(((63.32115781652972,0.),(61.73241900463013,2.4675217525444033),(59.95180357025279,4.8003662151207465),(57.99067292242307,6.9836484217671675),(55.8615402669753,9.003437704643432),(53.57799076469196,10.846846580161134),(51.15459484971859,12.50211297896415),(48.60681526133557,13.958675295082053),(45.95090838228071,15.207239775397333),(43.20382051314404,16.239839819440547),(40.383079744667285,17.04988681114476),(37.50668411786842,17.63221215822169),(34.592986785597795,17.98310027092284),(31.660578908264863,18.10031226976107),(28.728171030931932,17.98310027092284),(25.814473698661303,17.63221215822169),(22.938078071862442,17.04988681114476),(20.11733730338567,16.239839819440547),(17.370249434249004,15.207239775397333),(14.71434255519415,13.958675295082053),(12.16656296681112,12.502112978964142),(9.743167051837759,10.846846580161131),(7.459617549554427,9.003437704643432),(5.330484894106643,6.98364842176716),(3.3693542462769237,4.8003662151207465),(1.5887388118995815,2.467521752544389),(0.,0.),(63.03315781652972,0.18),(1.8622868721813335,2.6229832855368334),(3.6267049639078492,4.932628590164669),(5.569996215047716,7.094198972653613),(7.679761245963248,9.093902299801645),(9.942538473091311,10.918979248629464),(12.343890002030717,12.557784718618429),(14.868493750086241,13.99986213453165),(17.500241210471458,15.236010165721233),(20.222340234375583,16.258341436211943),(23.017422175081858,17.060332850955177),(25.86765271049315,17.63686721714119),(28.754845636949682,17.98426589500028),(31.660578908264863,18.10031226976107),(34.56631217958004,17.98426589500028),(37.453505106036566,17.63686721714119),(40.303735641447865,17.060332850955177),(43.09881758215412,16.258341436211943),(45.82091660605825,15.236010165721233),(48.452664066443475,13.99986213453165),(50.977267814498994,12.557784718618437),(53.3786193434384,10.918979248629467),(55.64139657056647,9.093902299801645),(57.751161601481996,7.094198972653619),(59.69445285262186,4.932628590164669),(61.45887094434838,2.6229832855368476),(0.288,0.18)));
#2073=IFCINDEXEDPOLYCURVE(#2072,(IFCLINEINDEX((1,2,3,4,5,6,7,8,9,10,11,12,13,14,15,16,17,18,19,20,21,22,23,24,25,26,27,28,29,30,31,32,33,34,35,36,37,38,39,40,41,42,43,44,45,46,47,48,49,50,51,52,53,54,1))),$);
#2074=IFCARBITRARYCLOSEDPROFILEDEF(.AREA.,$,#2073);
#2075=IFCCARTESIANPOINT((0.,0.,0.));
#2076=IFCDIRECTION((0.,0.,1.));
#2077=IFCDIRECTION((1.,0.,0.));
#2078=IFCAXIS2PLACEMENT3D(#2075,#2076,#2077);
#2079=IFCDIRECTION((0.,0.,1.));
#2080=IFCEXTRUDEDAREASOLID(#2074,#2078,#2079,3.8);
#2081=IFCSHAPEREPRESENTATION(#11,'Body','SweptSolid',(#2080));
#2082=IFCPRODUCTDEFINITIONSHAPE($,$,(#2081));
#2083=IFCPROPERTYSET('2CF79WTsLQ9A0B_o6mMqK1',$,'Pset_PlateCommon',$,(#2085));
#2084=IFCRELDEFINESBYPROPERTIES('2wjWackiPUDghHJptJjzum',$,$,$,(#2064),#2083);
#2085=IFCPROPERTYSINGLEVALUE('IsExternal',$,IFCBOOLEAN(.T.),$);
#2086=IFCPLATE('3MM6mEHoLPBO1C$dMme8$J',$,'Level 19 Spandrel','Opaque spandrel band expressing the floor line',$,#2093,#2104,$,$);
#2087=IFCMATERIALLAYERSETUSAGE(#272,.AXIS2.,.POSITIVE.,0.,$);
#2088=IFCRELASSOCIATESMATERIAL('3vX_$GhNzVfeSwiCMgmEW3',$,$,$,(#2086),#2087);
#2089=IFCCARTESIANPOINT((0.,0.,0.));
#2090=IFCDIRECTION((0.,0.,1.));
#2091=IFCDIRECTION((1.,0.,0.));
#2092=IFCAXIS2PLACEMENT3D(#2089,#2090,#2091);
#2093=IFCLOCALPLACEMENT(#197,#2092);
#2094=IFCCARTESIANPOINTLIST2D(((64.02115781652972,0.),(62.42758767382979,2.5122503105367926),(60.63729846808103,4.888325221451076),(58.66186872161135,7.1128576980087175),(56.514074335293856,9.17146079151653),(54.2078059616432,11.050820685521838),(51.75797916836365,12.738782801633004),(49.180437973357144,14.22443040807989),(46.49185237506963,15.49815522262103),(43.70961054088791,16.551719553179936),(40.85170635084844,17.37830957432206),(37.9366230239581,17.972579395011977),(34.983213579762456,18.330685632646713),(32.01057890826486,18.45031226976107),(29.037944236767274,18.330685632646713),(26.084534792571635,17.972579395011977),(23.169451465681295,17.37830957432206),(20.31154727564183,16.551719553179936),(17.52930544146011,15.498155222621037),(14.840719843172593,14.224430408079904),(12.263178648166097,12.738782801633011),(9.813351854886537,11.050820685521852),(7.507083481235881,9.171460791516541),(5.359289094918385,7.112857698008728),(3.383859348448702,4.888325221451083),(1.5935701426999316,2.5122503105367997),(0.,0.),(63.50915781652972,0.32),(2.0800814467472413,2.7886781428890277),(3.8417354917271225,5.12354269593101),(5.7855688077451415,7.309493148396569),(7.899009840786961,9.332392077102673),(10.168390115328474,11.179156578830135),(12.579032633879553,12.837842882735078),(15.115346799046154,14.297723595532037),(17.760929244211447,15.549357079872694),(20.49866992072328,16.58464851722255),(23.31086275547943,17.396902260317013),(26.179320163243315,17.980865136612692),(29.085490673092853,18.33276042267286),(32.01057890826486,18.45031226976107),(34.93566714343688,18.33276042267286),(37.84183765328642,17.980865136612692),(40.7102950610503,17.396902260317013),(43.52248789580646,16.58464851722255),(46.26022857231829,15.549357079872687),(48.90581101748358,14.297723595532021),(51.44212518265019,12.837842882735071),(53.852767701201266,11.17915657883012),(56.12214797574278,9.332392077102664),(58.235589008784586,7.309493148396558),(60.1794223248026,5.123542695931003),(61.94107636978248,2.7886781428890206),(0.512,0.32)));
#2095=IFCINDEXEDPOLYCURVE(#2094,(IFCLINEINDEX((1,2,3,4,5,6,7,8,9,10,11,12,13,14,15,16,17,18,19,20,21,22,23,24,25,26,27,28,29,30,31,32,33,34,35,36,37,38,39,40,41,42,43,44,45,46,47,48,49,50,51,52,53,54,1))),$);
#2096=IFCARBITRARYCLOSEDPROFILEDEF(.AREA.,$,#2095);
#2097=IFCCARTESIANPOINT((0.,0.,0.));
#2098=IFCDIRECTION((0.,0.,1.));
#2099=IFCDIRECTION((1.,0.,0.));
#2100=IFCAXIS2PLACEMENT3D(#2097,#2098,#2099);
#2101=IFCDIRECTION((0.,0.,1.));
#2102=IFCEXTRUDEDAREASOLID(#2096,#2100,#2101,1.1);
#2103=IFCSHAPEREPRESENTATION(#11,'Body','SweptSolid',(#2102));
#2104=IFCPRODUCTDEFINITIONSHAPE($,$,(#2103));
#2105=IFCPROPERTYSET('2BlQ8lU$5PkREfwzwNTA_a',$,'Pset_PlateCommon',$,(#2107));
#2106=IFCRELDEFINESBYPROPERTIES('0$yyLeRXzGDROGdyuekNfr',$,$,$,(#2086),#2105);
#2107=IFCPROPERTYSINGLEVALUE('IsExternal',$,IFCBOOLEAN(.T.),$);
#2108=IFCWALL('0BFnljJvbQDQeLG$webTyR',$,'Level 19 Back Facade','Rendered facade to the harbour side',$,#2115,#2126,$,$);
#2109=IFCMATERIALLAYERSETUSAGE(#276,.AXIS2.,.POSITIVE.,0.,$);
#2110=IFCRELASSOCIATESMATERIAL('1Vw2YrOdTNJgKe0m$iNxwN',$,$,$,(#2108),#2109);
#2111=IFCCARTESIANPOINT((0.,-0.4,0.));
#2112=IFCDIRECTION((0.,0.,1.));
#2113=IFCDIRECTION((1.,0.,0.));
#2114=IFCAXIS2PLACEMENT3D(#2111,#2112,#2113);
#2115=IFCLOCALPLACEMENT(#197,#2114);
#2116=IFCCARTESIANPOINTLIST2D(((0.,0.),(64.02115781652972,0.),(64.02115781652972,0.4),(0.,0.4)));
#2117=IFCINDEXEDPOLYCURVE(#2116,(IFCLINEINDEX((1,2,3,4,1))),$);
#2118=IFCARBITRARYCLOSEDPROFILEDEF(.AREA.,$,#2117);
#2119=IFCCARTESIANPOINT((0.,0.,0.));
#2120=IFCDIRECTION((0.,0.,1.));
#2121=IFCDIRECTION((1.,0.,0.));
#2122=IFCAXIS2PLACEMENT3D(#2119,#2120,#2121);
#2123=IFCDIRECTION((0.,0.,1.));
#2124=IFCEXTRUDEDAREASOLID(#2118,#2122,#2123,3.8);
#2125=IFCSHAPEREPRESENTATION(#11,'Body','SweptSolid',(#2124));
#2126=IFCPRODUCTDEFINITIONSHAPE($,$,(#2125));
#2127=IFCPROPERTYSET('2Z1mVkZXvUfwq5XGGTYqZ6',$,'Pset_WallCommon',$,(#2129,#2130));
#2128=IFCRELDEFINESBYPROPERTIES('3D$0xd1bXOPuKkzUbNcz5O',$,$,$,(#2108),#2127);
#2129=IFCPROPERTYSINGLEVALUE('IsExternal',$,IFCBOOLEAN(.T.),$);
#2130=IFCPROPERTYSINGLEVALUE('LoadBearing',$,IFCBOOLEAN(.F.),$);
#2131=IFCSLAB('0lx7zgHMrPE8Q7igPFtM9x',$,'Level 20 Slab','Floor plate, chord 61.4 m, depth 18.0 m',$,#2139,#2150,$,$);
#2132=IFCMATERIALLAYERSETUSAGE(#254,.AXIS3.,.POSITIVE.,0.,$);
#2133=IFCRELASSOCIATESMATERIAL('2m9EGnc99LIA0kptShq01k',$,$,$,(#2131),#2132);
#2134=IFCRELCONTAINEDINSPATIALSTRUCTURE('2qJNtKoIvP$vQqb8RmeLHv',$,$,$,(#2131,#2155,#2177,#2199),#198);
#2135=IFCCARTESIANPOINT((0.,0.,-0.3400000000000034));
#2136=IFCDIRECTION((0.,0.,1.));
#2137=IFCDIRECTION((1.,0.,0.));
#2138=IFCAXIS2PLACEMENT3D(#2135,#2136,#2137);
#2139=IFCLOCALPLACEMENT(#204,#2138);
#2140=IFCCARTESIANPOINTLIST2D(((0.,0.),(61.37489113365887,0.),(59.8714407619576,2.4412270113161867),(58.174232136904266,4.751948808502728),(56.294533358584744,6.916824057502662),(54.2448241149129,8.921479728024316),(52.03871282654115,10.752606518901239),(49.69084629789354,12.398047221146289),(47.21681247416583,13.846877432040465),(44.63303694990783,15.089478084379635),(41.956673916287926,16.11759930934354),(39.20549227106198,16.92441520898874),(36.39775764738506,17.50456917472048),(33.55211114469959,17.854209450865014),(30.68744556682944,17.971014707229045),(27.822779988959276,17.854209450865014),(24.977133486273818,17.50456917472048),(22.169398862596893,16.92441520898874),(19.41821721737095,16.11759930934354),(16.741854183751038,15.089478084379635),(14.158078659493047,13.846877432040465),(11.68404483576532,12.398047221146289),(9.336178307117724,10.752606518901239),(7.130067018745972,8.921479728024316),(5.0803577750741304,6.916824057502662),(3.2006589967546084,4.7519488085027355),(1.5034503717012662,2.441227011316183)));
#2141=IFCINDEXEDPOLYCURVE(#2140,(IFCLINEINDEX((1,2,3,4,5,6,7,8,9,10,11,12,13,14,15,16,17,18,19,20,21,22,23,24,25,26,27,1))),$);
#2142=IFCARBITRARYCLOSEDPROFILEDEF(.AREA.,$,#2141);
#2143=IFCCARTESIANPOINT((0.,0.,0.));
#2144=IFCDIRECTION((0.,0.,1.));
#2145=IFCDIRECTION((1.,0.,0.));
#2146=IFCAXIS2PLACEMENT3D(#2143,#2144,#2145);
#2147=IFCDIRECTION((0.,0.,1.));
#2148=IFCEXTRUDEDAREASOLID(#2142,#2146,#2147,0.34);
#2149=IFCSHAPEREPRESENTATION(#11,'Body','SweptSolid',(#2148));
#2150=IFCPRODUCTDEFINITIONSHAPE($,$,(#2149));
#2151=IFCELEMENTQUANTITY('3RkLj30pnUsu6yr1KNr5Dg',$,'Qto_SlabBaseQuantities',$,'BaseQuantities',(#2153,#2154));
#2152=IFCRELDEFINESBYPROPERTIES('3cphe69hjREPtHKsbAUDhR',$,$,$,(#2131),#2151);
#2153=IFCQUANTITYLENGTH('Width',$,$,61.37,$);
#2154=IFCQUANTITYLENGTH('Depth',$,$,17.97,$);
#2155=IFCPLATE('1LnVHM7yrRPuFK11ctcOVs',$,'Level 20 Curtain Wall','Unitised solar-control glazing to the curved facade',$,#2162,#2173,$,$);
#2156=IFCMATERIALLAYERSETUSAGE(#268,.AXIS2.,.POSITIVE.,0.,$);
#2157=IFCRELASSOCIATESMATERIAL('2SY07mozfOqA6VyY3XlOak',$,$,$,(#2155),#2156);
#2158=IFCCARTESIANPOINT((0.35,0.,0.));
#2159=IFCDIRECTION((0.,0.,1.));
#2160=IFCDIRECTION((1.,0.,0.));
#2161=IFCAXIS2PLACEMENT3D(#2158,#2159,#2160);
#2162=IFCLOCALPLACEMENT(#204,#2161);
#2163=IFCCARTESIANPOINTLIST2D(((60.67489113365887,0.),(59.1761439889186,2.3966114274751398),(57.488499514404225,4.664175200737681),(55.623012007025345,6.7878384739486),(53.59190065933056,8.75369096878056),(51.40846952216288,10.54885608860052),(49.08702036134821,12.16157526189896),(46.64275897921735,13.58128496250514),(44.091695614568074,14.798685902095663),(41.450540073460765,15.805803941776063),(38.73659227775495,16.596042323756564),(35.96762894830857,17.164224880997438),(33.16178716507993,17.506629941795055),(30.337445566829427,17.621014707229044),(27.513103968578935,17.506629941795055),(24.70726218535028,17.164224880997438),(21.9382988559039,16.596042323756564),(19.224351060198092,15.805803941776055),(16.583195519090783,14.798685902095663),(14.032132154441516,13.58128496250514),(11.587870772310644,12.16157526189895),(9.266421611495975,10.548856088600512),(7.082990474328298,8.753690968780557),(5.051879126633512,6.787838473948582),(3.1863916192546355,4.664175200737674),(1.4987471447402712,2.3966114274751327),(0.,0.),(60.38689113365887,0.18),(1.7725192105941892,2.5521298602037237),(3.444142507333732,4.796530297757804),(5.291920534165158,6.898500189768529),(7.303750098004823,8.844271352455394),(9.466453446271517,10.6210987245953),(11.7658645829275,12.217343849377414),(14.186922057646228,13.622551107851015),(16.7137676203253,14.827516204627308),(19.32985009474467,15.824346457244673),(22.01803379098332,16.60651249429387),(24.760710746478935,17.16889102367354),(27.539916060536523,17.50779839083844),(30.337445566829427,17.621014707229044),(33.13497507312234,17.50779839083844),(35.91418038717991,17.16889102367354),(38.65685734267553,16.60651249429387),(41.34504103891419,15.82434645724468),(43.961123513333554,14.827516204627308),(46.48796907601263,13.622551107851015),(48.90902655073135,12.217343849377425),(51.20843768738734,10.621098724595306),(53.371141035654034,8.844271352455396),(55.382970599493696,6.898500189768547),(57.23074862632512,4.796530297757811),(58.90237192306468,2.5521298602037303),(0.288,0.18)));
#2164=IFCINDEXEDPOLYCURVE(#2163,(IFCLINEINDEX((1,2,3,4,5,6,7,8,9,10,11,12,13,14,15,16,17,18,19,20,21,22,23,24,25,26,27,28,29,30,31,32,33,34,35,36,37,38,39,40,41,42,43,44,45,46,47,48,49,50,51,52,53,54,1))),$);
#2165=IFCARBITRARYCLOSEDPROFILEDEF(.AREA.,$,#2164);
#2166=IFCCARTESIANPOINT((0.,0.,0.));
#2167=IFCDIRECTION((0.,0.,1.));
#2168=IFCDIRECTION((1.,0.,0.));
#2169=IFCAXIS2PLACEMENT3D(#2166,#2167,#2168);
#2170=IFCDIRECTION((0.,0.,1.));
#2171=IFCEXTRUDEDAREASOLID(#2165,#2169,#2170,3.8);
#2172=IFCSHAPEREPRESENTATION(#11,'Body','SweptSolid',(#2171));
#2173=IFCPRODUCTDEFINITIONSHAPE($,$,(#2172));
#2174=IFCPROPERTYSET('2oyHGZdRfPNf_nSA5HpgNJ',$,'Pset_PlateCommon',$,(#2176));
#2175=IFCRELDEFINESBYPROPERTIES('0EZnZdpKnMKA4mlZLjx54p',$,$,$,(#2155),#2174);
#2176=IFCPROPERTYSINGLEVALUE('IsExternal',$,IFCBOOLEAN(.T.),$);
#2177=IFCPLATE('1FFRNT_VbSc8yjTyah$74K',$,'Level 20 Spandrel','Opaque spandrel band expressing the floor line',$,#2184,#2195,$,$);
#2178=IFCMATERIALLAYERSETUSAGE(#272,.AXIS2.,.POSITIVE.,0.,$);
#2179=IFCRELASSOCIATESMATERIAL('2zP_978yPLPQSHYcUwQcYM',$,$,$,(#2177),#2178);
#2180=IFCCARTESIANPOINT((0.,0.,0.));
#2181=IFCDIRECTION((0.,0.,1.));
#2182=IFCDIRECTION((1.,0.,0.));
#2183=IFCAXIS2PLACEMENT3D(#2180,#2181,#2182);
#2184=IFCLOCALPLACEMENT(#204,#2183);
#2185=IFCCARTESIANPOINTLIST2D(((61.37489113365887,0.),(59.8714407619576,2.4412270113161867),(58.174232136904266,4.751948808502728),(56.294533358584744,6.916824057502662),(54.2448241149129,8.921479728024316),(52.03871282654115,10.752606518901239),(49.69084629789354,12.398047221146289),(47.21681247416583,13.846877432040465),(44.63303694990783,15.089478084379635),(41.956673916287926,16.11759930934354),(39.20549227106198,16.92441520898874),(36.39775764738506,17.50456917472048),(33.55211114469959,17.854209450865014),(30.68744556682944,17.971014707229045),(27.822779988959276,17.854209450865014),(24.977133486273818,17.50456917472048),(22.169398862596893,16.92441520898874),(19.41821721737095,16.11759930934354),(16.741854183751038,15.089478084379635),(14.158078659493047,13.846877432040465),(11.68404483576532,12.398047221146289),(9.336178307117724,10.752606518901239),(7.130067018745972,8.921479728024316),(5.0803577750741304,6.916824057502662),(3.2006589967546084,4.7519488085027355),(1.5034503717012662,2.441227011316183),(0.,0.),(60.86289113365887,0.32),(1.990366283531246,2.7177574211818576),(3.6592580904207916,4.987333462986982),(5.507595321478137,7.113659966077681),(7.5231065042369405,9.082619832827671),(9.692410265661344,10.881140753494888),(12.001104173699327,12.497281995843185),(14.433860357846724,13.920313681999653),(16.974527273877968,15.140788026212853),(19.60623693710805,16.150602060550725),(22.311516912242613,16.94305143208983),(25.072406316294074,17.51287491442602),(27.870575064397386,17.85628933798577),(30.68744556682944,17.971014707229045),(33.50431606926148,17.85628933798577),(36.30248481736481,17.51287491442602),(39.063374221416254,16.94305143208983),(41.76865419655083,16.150602060550725),(44.4003638597809,15.140788026212853),(46.94103077581215,13.920313681999653),(49.37378695995953,12.497281995843185),(51.682480867997526,10.881140753494888),(53.851784629421935,9.082619832827671),(55.867295812180735,7.113659966077681),(57.71563304323808,4.987333462986975),(59.38452485012762,2.717757421181861),(0.512,0.32)));
#2186=IFCINDEXEDPOLYCURVE(#2185,(IFCLINEINDEX((1,2,3,4,5,6,7,8,9,10,11,12,13,14,15,16,17,18,19,20,21,22,23,24,25,26,27,28,29,30,31,32,33,34,35,36,37,38,39,40,41,42,43,44,45,46,47,48,49,50,51,52,53,54,1))),$);
#2187=IFCARBITRARYCLOSEDPROFILEDEF(.AREA.,$,#2186);
#2188=IFCCARTESIANPOINT((0.,0.,0.));
#2189=IFCDIRECTION((0.,0.,1.));
#2190=IFCDIRECTION((1.,0.,0.));
#2191=IFCAXIS2PLACEMENT3D(#2188,#2189,#2190);
#2192=IFCDIRECTION((0.,0.,1.));
#2193=IFCEXTRUDEDAREASOLID(#2187,#2191,#2192,1.1);
#2194=IFCSHAPEREPRESENTATION(#11,'Body','SweptSolid',(#2193));
#2195=IFCPRODUCTDEFINITIONSHAPE($,$,(#2194));
#2196=IFCPROPERTYSET('0p3HFrIs5RlOsXN0nv1age',$,'Pset_PlateCommon',$,(#2198));
#2197=IFCRELDEFINESBYPROPERTIES('0q01sVRyvSDQjMOc3m2K$f',$,$,$,(#2177),#2196);
#2198=IFCPROPERTYSINGLEVALUE('IsExternal',$,IFCBOOLEAN(.T.),$);
#2199=IFCWALL('1rk2tQoyLS89ajPohU9dB7',$,'Level 20 Back Facade','Rendered facade to the harbour side',$,#2206,#2217,$,$);
#2200=IFCMATERIALLAYERSETUSAGE(#276,.AXIS2.,.POSITIVE.,0.,$);
#2201=IFCRELASSOCIATESMATERIAL('2K3HIe5gPTo8FidVb_G6MY',$,$,$,(#2199),#2200);
#2202=IFCCARTESIANPOINT((0.,-0.4,0.));
#2203=IFCDIRECTION((0.,0.,1.));
#2204=IFCDIRECTION((1.,0.,0.));
#2205=IFCAXIS2PLACEMENT3D(#2202,#2203,#2204);
#2206=IFCLOCALPLACEMENT(#204,#2205);
#2207=IFCCARTESIANPOINTLIST2D(((0.,0.),(61.37489113365887,0.),(61.37489113365887,0.4),(0.,0.4)));
#2208=IFCINDEXEDPOLYCURVE(#2207,(IFCLINEINDEX((1,2,3,4,1))),$);
#2209=IFCARBITRARYCLOSEDPROFILEDEF(.AREA.,$,#2208);
#2210=IFCCARTESIANPOINT((0.,0.,0.));
#2211=IFCDIRECTION((0.,0.,1.));
#2212=IFCDIRECTION((1.,0.,0.));
#2213=IFCAXIS2PLACEMENT3D(#2210,#2211,#2212);
#2214=IFCDIRECTION((0.,0.,1.));
#2215=IFCEXTRUDEDAREASOLID(#2209,#2213,#2214,3.8);
#2216=IFCSHAPEREPRESENTATION(#11,'Body','SweptSolid',(#2215));
#2217=IFCPRODUCTDEFINITIONSHAPE($,$,(#2216));
#2218=IFCPROPERTYSET('1H1TbQNgbIHfRP8kTqcH6Y',$,'Pset_WallCommon',$,(#2220,#2221));
#2219=IFCRELDEFINESBYPROPERTIES('20pV6_zQzINwKmHx6gx7Dw',$,$,$,(#2199),#2218);
#2220=IFCPROPERTYSINGLEVALUE('IsExternal',$,IFCBOOLEAN(.T.),$);
#2221=IFCPROPERTYSINGLEVALUE('LoadBearing',$,IFCBOOLEAN(.F.),$);
#2222=IFCSLAB('2z10w3BS5RmOccbF0Q16C1',$,'Level 21 Slab','Floor plate, chord 58.7 m, depth 17.5 m',$,#2230,#2241,$,$);
#2223=IFCMATERIALLAYERSETUSAGE(#254,.AXIS3.,.POSITIVE.,0.,$);
#2224=IFCRELASSOCIATESMATERIAL('2M$aaG4PrNs9fExhy2WM74',$,$,$,(#2222),#2223);
#2225=IFCRELCONTAINEDINSPATIALSTRUCTURE('0kNcLm7fTI_hqvfVkSi4X3',$,$,$,(#2222,#2246,#2268,#2290),#205);
#2226=IFCCARTESIANPOINT((0.,0.,-0.3400000000000034));
#2227=IFCDIRECTION((0.,0.,1.));
#2228=IFCDIRECTION((1.,0.,0.));
#2229=IFCAXIS2PLACEMENT3D(#2226,#2227,#2228);
#2230=IFCLOCALPLACEMENT(#211,#2229);
#2231=IFCCARTESIANPOINTLIST2D(((0.,0.),(58.65481964896741,0.),(57.24502349714929,2.368954033009768),(55.644315458207444,4.613325253254185),(53.86364181845531,6.717765746327416),(51.9151795414723,8.66788450049821),(49.81225299712219,10.450345818244575),(47.569242844145066,12.052960511124923),(45.20148768942055,13.46476925435822),(42.72517919639582,14.67611753110113),(40.157251359969095,15.678721653922896),(37.51526470501181,16.465725411996537),(34.817286200426366,17.031746956630087),(32.08176570993569,17.37291560451566),(29.3274098244837,17.48689830702098),(26.57305393903171,17.37291560451566),(23.837533448541034,17.031746956630087),(21.139554943955584,16.465725411996537),(18.497568288998302,15.678721653922892),(15.92964045257158,14.676117531101127),(13.453331959546848,13.464769254358213),(11.085576804822342,12.052960511124919),(8.842566651845214,10.450345818244571),(6.739640107495099,8.6678845004982),(4.791177830512094,6.717765746327405),(3.0105041907599563,4.613325253254171),(1.4097961518181172,2.3689540330097536)));
#2232=IFCINDEXEDPOLYCURVE(#2231,(IFCLINEINDEX((1,2,3,4,5,6,7,8,9,10,11,12,13,14,15,16,17,18,19,20,21,22,23,24,25,26,27,1))),$);
#2233=IFCARBITRARYCLOSEDPROFILEDEF(.AREA.,$,#2232);
#2234=IFCCARTESIANPOINT((0.,0.,0.));
#2235=IFCDIRECTION((0.,0.,1.));
#2236=IFCDIRECTION((1.,0.,0.));
#2237=IFCAXIS2PLACEMENT3D(#2234,#2235,#2236);
#2238=IFCDIRECTION((0.,0.,1.));
#2239=IFCEXTRUDEDAREASOLID(#2233,#2237,#2238,0.34);
#2240=IFCSHAPEREPRESENTATION(#11,'Body','SweptSolid',(#2239));
#2241=IFCPRODUCTDEFINITIONSHAPE($,$,(#2240));
#2242=IFCELEMENTQUANTITY('1CpmWKkmbNkfderzdy8o5Z',$,'Qto_SlabBaseQuantities',$,'BaseQuantities',(#2244,#2245));
#2243=IFCRELDEFINESBYPROPERTIES('16kHYgAIfItRfIPfmRAxCs',$,$,$,(#2222),#2242);
#2244=IFCQUANTITYLENGTH('Width',$,$,58.65,$);
#2245=IFCQUANTITYLENGTH('Depth',$,$,17.49,$);
#2246=IFCPLATE('1lV3Jct71JbPbOKqh3t_GL',$,'Level 21 Curtain Wall','Unitised solar-control glazing to the curved facade',$,#2253,#2264,$,$);
#2247=IFCMATERIALLAYERSETUSAGE(#268,.AXIS2.,.POSITIVE.,0.,$);
#2248=IFCRELASSOCIATESMATERIAL('1PF52pki9Ude6jwynUKk6b',$,$,$,(#2246),#2247);
#2249=IFCCARTESIANPOINT((0.35,0.,0.));
#2250=IFCDIRECTION((0.,0.,1.));
#2251=IFCDIRECTION((1.,0.,0.));
#2252=IFCAXIS2PLACEMENT3D(#2249,#2250,#2251);
#2253=IFCLOCALPLACEMENT(#211,#2252);
#2254=IFCCARTESIANPOINTLIST2D(((57.95481964896741,0.),(56.54958516595269,2.3244658412054484),(54.95831967363043,4.525760808293899),(53.191759529286415,6.589032640990659),(51.261823813028954,8.500360328829242),(49.181533909088614,10.246848036987668),(46.964925649810496,11.816712115207373),(44.62695461510826,13.199360602740597),(42.18339522632991,14.385464692902065),(39.6507343153546,15.367021675049472),(37.046059887015744,16.137408929319847),(34.38694582537656,16.6914286098162),(31.691333321751245,17.025342714764548),(28.977409824483708,17.136898307020978),(26.26348632721616,17.025342714764548),(23.567873823590848,16.6914286098162),(20.90875976195165,16.13740892931984),(18.304085333612797,15.367021675049468),(15.771424422637493,14.385464692902062),(13.327865033859155,13.199360602740601),(10.989893999156905,11.816712115207366),(8.77328573987879,10.246848036987668),(6.692995835938454,8.500360328829242),(4.763060119680993,6.589032640990659),(2.996499975336981,4.525760808293896),(1.4052344830147163,2.324465841205445),(0.,0.),(57.66681964896741,0.18),(1.679268171547972,2.4800504631177103),(3.254718431778595,4.65822379600042),(5.003721129661634,6.699823741332755),(6.914475646162154,8.59107551008451),(8.974090013677266,10.319218720782757),(11.168667898862637,11.872593494519403),(13.483402361970922,13.240719124806411),(15.902675760102381,14.414364791488659),(18.410165120315252,15.385611841603959),(20.988952271637103,16.147907216977444),(23.6216379929108,16.696107668071683),(26.290459406312852,17.02651445577896),(28.977409824483708,17.136898307020978),(31.664360242654553,17.02651445577896),(34.3331816560566,16.696107668071683),(36.965867377330284,16.14790721697745),(39.544654528652146,15.385611841603962),(42.05214388886502,14.414364791488662),(44.47141728699649,13.240719124806407),(46.786151750104764,11.87259349451941),(48.98072963529013,10.319218720782757),(51.040344002805256,8.59107551008451),(52.95109851930577,6.699823741332755),(54.70010121718881,4.658223796000423),(56.275551477419434,2.480050463117714),(0.288,0.18)));
#2255=IFCINDEXEDPOLYCURVE(#2254,(IFCLINEINDEX((1,2,3,4,5,6,7,8,9,10,11,12,13,14,15,16,17,18,19,20,21,22,23,24,25,26,27,28,29,30,31,32,33,34,35,36,37,38,39,40,41,42,43,44,45,46,47,48,49,50,51,52,53,54,1))),$);
#2256=IFCARBITRARYCLOSEDPROFILEDEF(.AREA.,$,#2255);
#2257=IFCCARTESIANPOINT((0.,0.,0.));
#2258=IFCDIRECTION((0.,0.,1.));
#2259=IFCDIRECTION((1.,0.,0.));
#2260=IFCAXIS2PLACEMENT3D(#2257,#2258,#2259);
#2261=IFCDIRECTION((0.,0.,1.));
#2262=IFCEXTRUDEDAREASOLID(#2256,#2260,#2261,3.8);
#2263=IFCSHAPEREPRESENTATION(#11,'Body','SweptSolid',(#2262));
#2264=IFCPRODUCTDEFINITIONSHAPE($,$,(#2263));
#2265=IFCPROPERTYSET('0984nDnMjHaegy1MDNAcWZ',$,'Pset_PlateCommon',$,(#2267));
#2266=IFCRELDEFINESBYPROPERTIES('0pBqA_gtTUvuuOxnmtvO50',$,$,$,(#2246),#2265);
#2267=IFCPROPERTYSINGLEVALUE('IsExternal',$,IFCBOOLEAN(.T.),$);
#2268=IFCPLATE('3deFR$22nRfPrNVe24Ilsu',$,'Level 21 Spandrel','Opaque spandrel band expressing the floor line',$,#2275,#2286,$,$);
#2269=IFCMATERIALLAYERSETUSAGE(#272,.AXIS2.,.POSITIVE.,0.,$);
#2270=IFCRELASSOCIATESMATERIAL('1vWU2LbP9TTefilZaV75oo',$,$,$,(#2268),#2269);
#2271=IFCCARTESIANPOINT((0.,0.,0.));
#2272=IFCDIRECTION((0.,0.,1.));
#2273=IFCDIRECTION((1.,0.,0.));
#2274=IFCAXIS2PLACEMENT3D(#2271,#2272,#2273);
#2275=IFCLOCALPLACEMENT(#211,#2274);
#2276=IFCCARTESIANPOINTLIST2D(((58.65481964896741,0.),(57.24502349714929,2.368954033009768),(55.644315458207444,4.613325253254185),(53.86364181845531,6.717765746327416),(51.9151795414723,8.66788450049821),(49.81225299712219,10.450345818244575),(47.569242844145066,12.052960511124923),(45.20148768942055,13.46476925435822),(42.72517919639582,14.67611753110113),(40.157251359969095,15.678721653922896),(37.51526470501181,16.465725411996537),(34.817286200426366,17.031746956630087),(32.08176570993569,17.37291560451566),(29.3274098244837,17.48689830702098),(26.57305393903171,17.37291560451566),(23.837533448541034,17.031746956630087),(21.139554943955584,16.465725411996537),(18.497568288998302,15.678721653922892),(15.92964045257158,14.676117531101127),(13.453331959546848,13.464769254358213),(11.085576804822342,12.052960511124919),(8.842566651845214,10.450345818244571),(6.739640107495099,8.6678845004982),(4.791177830512094,6.717765746327405),(3.0105041907599563,4.613325253254171),(1.4097961518181172,2.3689540330097536),(0.,0.),(58.14281964896741,0.32),(1.8971838306465327,2.6456035612878037),(3.4699465951559185,4.84890410233751),(5.219533108257275,6.914834566590307),(7.133978992664675,8.829267289403322),(9.200192496308127,10.579110608710836),(11.404044019007392,12.152398391082658),(13.730462736369235,13.538371860964286),(16.16353966015493,14.72755317351767),(18.68663643034979,15.711810227941708),(21.282499094970603,16.48441227805309),(23.93337609953901,17.040075959839683),(26.621139679361022,17.375001421231772),(29.3274098244837,17.48689830702098),(32.033679969606375,17.375001421231772),(34.721443549428386,17.040075959839683),(37.372320553996786,16.48441227805309),(39.96818321861761,15.711810227941712),(42.491279988812465,14.727553173517672),(44.924356912598164,13.538371860964293),(47.25077562996002,12.152398391082661),(49.45462715265927,10.579110608710842),(51.520840656302724,8.829267289403331),(53.43528654071012,6.914834566590317),(55.18487305381148,4.8489041023375234),(56.75763581832088,2.645603561287818),(0.512,0.32)));
#2277=IFCINDEXEDPOLYCURVE(#2276,(IFCLINEINDEX((1,2,3,4,5,6,7,8,9,10,11,12,13,14,15,16,17,18,19,20,21,22,23,24,25,26,27,28,29,30,31,32,33,34,35,36,37,38,39,40,41,42,43,44,45,46,47,48,49,50,51,52,53,54,1))),$);
#2278=IFCARBITRARYCLOSEDPROFILEDEF(.AREA.,$,#2277);
#2279=IFCCARTESIANPOINT((0.,0.,0.));
#2280=IFCDIRECTION((0.,0.,1.));
#2281=IFCDIRECTION((1.,0.,0.));
#2282=IFCAXIS2PLACEMENT3D(#2279,#2280,#2281);
#2283=IFCDIRECTION((0.,0.,1.));
#2284=IFCEXTRUDEDAREASOLID(#2278,#2282,#2283,1.1);
#2285=IFCSHAPEREPRESENTATION(#11,'Body','SweptSolid',(#2284));
#2286=IFCPRODUCTDEFINITIONSHAPE($,$,(#2285));
#2287=IFCPROPERTYSET('38mXr1NgzOrO5Grlwym3h7',$,'Pset_PlateCommon',$,(#2289));
#2288=IFCRELDEFINESBYPROPERTIES('3FeI6$WG1SI9uL2lKx7FWF',$,$,$,(#2268),#2287);
#2289=IFCPROPERTYSINGLEVALUE('IsExternal',$,IFCBOOLEAN(.T.),$);
#2290=IFCWALL('0ZRLEnjS9K_hR$O8t2_4Kr',$,'Level 21 Back Facade','Rendered facade to the harbour side',$,#2297,#2308,$,$);
#2291=IFCMATERIALLAYERSETUSAGE(#276,.AXIS2.,.POSITIVE.,0.,$);
#2292=IFCRELASSOCIATESMATERIAL('1UfNsANObOS89bU2i57OPy',$,$,$,(#2290),#2291);
#2293=IFCCARTESIANPOINT((0.,-0.4,0.));
#2294=IFCDIRECTION((0.,0.,1.));
#2295=IFCDIRECTION((1.,0.,0.));
#2296=IFCAXIS2PLACEMENT3D(#2293,#2294,#2295);
#2297=IFCLOCALPLACEMENT(#211,#2296);
#2298=IFCCARTESIANPOINTLIST2D(((0.,0.),(58.65481964896741,0.),(58.65481964896741,0.4),(0.,0.4)));
#2299=IFCINDEXEDPOLYCURVE(#2298,(IFCLINEINDEX((1,2,3,4,1))),$);
#2300=IFCARBITRARYCLOSEDPROFILEDEF(.AREA.,$,#2299);
#2301=IFCCARTESIANPOINT((0.,0.,0.));
#2302=IFCDIRECTION((0.,0.,1.));
#2303=IFCDIRECTION((1.,0.,0.));
#2304=IFCAXIS2PLACEMENT3D(#2301,#2302,#2303);
#2305=IFCDIRECTION((0.,0.,1.));
#2306=IFCEXTRUDEDAREASOLID(#2300,#2304,#2305,3.8);
#2307=IFCSHAPEREPRESENTATION(#11,'Body','SweptSolid',(#2306));
#2308=IFCPRODUCTDEFINITIONSHAPE($,$,(#2307));
#2309=IFCPROPERTYSET('3GrCRytvfRYA1HA0MyUCOU',$,'Pset_WallCommon',$,(#2311,#2312));
#2310=IFCRELDEFINESBYPROPERTIES('0Gex8eT8TNLAeKm6fv3tP6',$,$,$,(#2290),#2309);
#2311=IFCPROPERTYSINGLEVALUE('IsExternal',$,IFCBOOLEAN(.T.),$);
#2312=IFCPROPERTYSINGLEVALUE('LoadBearing',$,IFCBOOLEAN(.F.),$);
#2313=IFCSLAB('3ybJ2SMevVDg54JzDsxWZ$',$,'Level 22 Slab','Floor plate, chord 55.9 m, depth 17.0 m',$,#2321,#2332,$,$);
#2314=IFCMATERIALLAYERSETUSAGE(#254,.AXIS3.,.POSITIVE.,0.,$);
#2315=IFCRELASSOCIATESMATERIAL('2Lq9Ao0QDMFPcjmFz9SOgt',$,$,$,(#2313),#2314);
#2316=IFCRELCONTAINEDINSPATIALSTRUCTURE('0p_ScKqWfIGeXZfwMxNu_n',$,$,$,(#2313,#2337,#2359,#2381),#212);
#2317=IFCCARTESIANPOINT((0.,0.,-0.3400000000000034));
#2318=IFCDIRECTION((0.,0.,1.));
#2319=IFCDIRECTION((1.,0.,0.));
#2320=IFCAXIS2PLACEMENT3D(#2317,#2318,#2319);
#2321=IFCLOCALPLACEMENT(#218,#2320);
#2322=IFCCARTESIANPOINTLIST2D(((0.,0.),(55.86254704361548,0.),(54.54996149448836,2.2953784090129687),(53.04918529462827,4.472374886335288),(51.37082873594541,6.515598350929032),(49.52675758031596,8.410603479501429),(47.53000917019391,10.143992833055705),(45.39470025630102,11.703511575036664),(43.13592719404123,13.07813411142611),(40.76965921423765,14.25814204025394),(38.312625522754416,15.235192859431997),(35.78219702719401,16.002378947155286),(33.19626352684713,16.554276397886838),(30.573107234145958,16.886983368662136),(27.931273521807743,16.99814766460974),(25.289439809469524,16.886983368662136),(22.66628351676835,16.554276397886838),(20.080350016421466,16.002378947155286),(17.549921520861062,15.235192859431997),(15.092887829377826,14.25814204025394),(12.726619849574243,13.07813411142611),(10.46784678731445,11.70351157503666),(8.332537873421572,10.143992833055705),(6.33578946329952,8.410603479501429),(4.4917183076700695,6.515598350929029),(2.813361748987205,4.472374886335288),(1.312585549127121,2.2953784090129687)));
#2323=IFCINDEXEDPOLYCURVE(#2322,(IFCLINEINDEX((1,2,3,4,5,6,7,8,9,10,11,12,13,14,15,16,17,18,19,20,21,22,23,24,25,26,27,1))),$);
#2324=IFCARBITRARYCLOSEDPROFILEDEF(.AREA.,$,#2323);
#2325=IFCCARTESIANPOINT((0.,0.,0.));
#2326=IFCDIRECTION((0.,0.,1.));
#2327=IFCDIRECTION((1.,0.,0.));
#2328=IFCAXIS2PLACEMENT3D(#2325,#2326,#2327);
#2329=IFCDIRECTION((0.,0.,1.));
#2330=IFCEXTRUDEDAREASOLID(#2324,#2328,#2329,0.34);
#2331=IFCSHAPEREPRESENTATION(#11,'Body','SweptSolid',(#2330));
#2332=IFCPRODUCTDEFINITIONSHAPE($,$,(#2331));
#2333=IFCELEMENTQUANTITY('3bO2NTTafLrQc_v65NGVqu',$,'Qto_SlabBaseQuantities',$,'BaseQuantities',(#2335,#2336));
#2334=IFCRELDEFINESBYPROPERTIES('0j6V3r8QnRzffOzrU5ekA2',$,$,$,(#2313),#2333);
#2335=IFCQUANTITYLENGTH('Width',$,$,55.86,$);
#2336=IFCQUANTITYLENGTH('Depth',$,$,17.,$);
#2337=IFCPLATE('0dDB$nXpnKvxb5WqjAmIlo',$,'Level 22 Curtain Wall','Unitised solar-control glazing to the curved facade',$,#2344,#2355,$,$);
#2338=IFCMATERIALLAYERSETUSAGE(#268,.AXIS2.,.POSITIVE.,0.,$);
#2339=IFCRELASSOCIATESMATERIAL('0b43ik_MjHFugxmbEEsM4J',$,$,$,(#2337),#2338);
#2340=IFCCARTESIANPOINT((0.35,0.,0.));
#2341=IFCDIRECTION((0.,0.,1.));
#2342=IFCDIRECTION((1.,0.,0.));
#2343=IFCAXIS2PLACEMENT3D(#2340,#2341,#2342);
#2344=IFCLOCALPLACEMENT(#218,#2343);
#2345=IFCCARTESIANPOINTLIST2D(((55.162547043615476,0.),(53.85436768165748,2.251033409631699),(52.36289985568508,4.385045681953507),(50.69854846301587,6.38714934961186),(48.87292448515387,8.243377176627241),(46.89876398633018,9.940779597744623),(44.78983926315158,11.467515058227889),(42.56086276520175,12.812932623862519),(40.22738445687191,13.967646284856041),(37.80568333645373,14.92360043527135),(35.312653869287395,15.674126071190155),(32.76568812723929,16.213987315552295),(30.182554456736984,16.53941794510069),(27.581273521807734,16.648147664609738),(24.97999258687848,16.53941794510069),(22.396858916376182,16.21398731555229),(19.849893174328063,15.674126071190152),(17.356863707161732,14.923600435271346),(14.935162586743555,13.967646284856034),(12.601684278413721,12.812932623862519),(10.37270778046388,11.467515058227878),(8.263783057285291,9.940779597744616),(6.2896225584616055,8.243377176627238),(4.46399858059959,6.38714934961185),(2.799647187930386,4.3850456819534855),(1.3081793619579898,2.2510334096316917),(0.,0.),(54.87454704361548,0.18),(1.5825195265647471,2.4066952056526967),(3.05841364331228,4.517634508130855),(4.705386099482785,6.498091403581366),(6.511947153901163,8.334249669970918),(8.465493730629785,10.01329975292093),(10.552397341556425,11.523528128746893),(12.758099162544667,12.854399021280534),(15.06721159986903,13.996627902395463),(17.463625638378932,14.942246263476052),(19.93062322250055,15.684657205965477),(22.45099388607523,16.218681463177884),(25.00715481739214,16.540593532313512),(27.581273521807734,16.648147664609738),(30.155392226223327,16.540593532313512),(32.71155315754023,16.218681463177887),(35.231923821114904,15.68465720596548),(37.69892140523653,14.942246263476056),(40.09533544374643,13.99662790239547),(42.4044478810708,12.854399021280534),(44.61014970205903,11.523528128746902),(46.69705331298568,10.013299752920938),(48.65059988971431,8.334249669970921),(50.45716094413267,6.498091403581377),(52.104133400303176,4.517634508130876),(53.580027517050716,2.406695205652704),(0.288,0.18)));
#2346=IFCINDEXEDPOLYCURVE(#2345,(IFCLINEINDEX((1,2,3,4,5,6,7,8,9,10,11,12,13,14,15,16,17,18,19,20,21,22,23,24,25,26,27,28,29,30,31,32,33,34,35,36,37,38,39,40,41,42,43,44,45,46,47,48,49,50,51,52,53,54,1))),$);
#2347=IFCARBITRARYCLOSEDPROFILEDEF(.AREA.,$,#2346);
#2348=IFCCARTESIANPOINT((0.,0.,0.));
#2349=IFCDIRECTION((0.,0.,1.));
#2350=IFCDIRECTION((1.,0.,0.));
#2351=IFCAXIS2PLACEMENT3D(#2348,#2349,#2350);
#2352=IFCDIRECTION((0.,0.,1.));
#2353=IFCEXTRUDEDAREASOLID(#2347,#2351,#2352,3.8);
#2354=IFCSHAPEREPRESENTATION(#11,'Body','SweptSolid',(#2353));
#2355=IFCPRODUCTDEFINITIONSHAPE($,$,(#2354));
#2356=IFCPROPERTYSET('3h8z7$wZPIROti6JjWERoA',$,'Pset_PlateCommon',$,(#2358));
#2357=IFCRELDEFINESBYPROPERTIES('1hHYpFSv1Ta8QIg6Oh61wN',$,$,$,(#2337),#2356);
#2358=IFCPROPERTYSINGLEVALUE('IsExternal',$,IFCBOOLEAN(.T.),$);
#2359=IFCPLATE('2slAPdEoDVexU03y_$Avr1',$,'Level 22 Spandrel','Opaque spandrel band expressing the floor line',$,#2366,#2377,$,$);
#2360=IFCMATERIALLAYERSETUSAGE(#272,.AXIS2.,.POSITIVE.,0.,$);
#2361=IFCRELASSOCIATESMATERIAL('0PS6JPmQzVf9QG9QRcPiI0',$,$,$,(#2359),#2360);
#2362=IFCCARTESIANPOINT((0.,0.,0.));
#2363=IFCDIRECTION((0.,0.,1.));
#2364=IFCDIRECTION((1.,0.,0.));
#2365=IFCAXIS2PLACEMENT3D(#2362,#2363,#2364);
#2366=IFCLOCALPLACEMENT(#218,#2365);
#2367=IFCCARTESIANPOINTLIST2D(((55.86254704361548,0.),(54.54996149448836,2.2953784090129687),(53.04918529462827,4.472374886335288),(51.37082873594541,6.515598350929032),(49.52675758031596,8.410603479501429),(47.53000917019391,10.143992833055705),(45.39470025630102,11.703511575036664),(43.13592719404123,13.07813411142611),(40.76965921423765,14.25814204025394),(38.312625522754416,15.235192859431997),(35.78219702719401,16.002378947155286),(33.19626352684713,16.554276397886838),(30.573107234145958,16.886983368662136),(27.931273521807743,16.99814766460974),(25.289439809469524,16.886983368662136),(22.66628351676835,16.554276397886838),(20.080350016421466,16.002378947155286),(17.549921520861062,15.235192859431997),(15.092887829377826,14.25814204025394),(12.726619849574243,13.07813411142611),(10.46784678731445,11.70351157503666),(8.332537873421572,10.143992833055705),(6.33578946329952,8.410603479501429),(4.4917183076700695,6.515598350929029),(2.813361748987205,4.472374886335288),(1.312585549127121,2.2953784090129687),(0.,0.),(55.35054704361548,0.32),(1.800524927593757,2.5721665776195146),(3.273790838181552,4.708179832152592),(4.921381934008785,6.712938428598888),(6.731649961007346,8.57226898526451),(8.691796560431998,10.273026277721199),(10.787963751586757,11.80318617382785),(13.005331905940219,13.151930642775842),(15.328224519965598,14.309724237155274),(17.740219045975152,15.268381507323992),(20.224262997389534,16.021124871468487),(22.76279450759286,16.562632532222995),(25.33786649003821,16.889076101082466),(27.931273521807743,16.99814766460974),(30.52468055357727,16.889076101082466),(33.09975253602262,16.562632532222995),(35.63828404622594,16.021124871468487),(38.122327997640326,15.268381507323992),(40.53432252364988,14.309724237155274),(42.857215137675254,13.151930642775842),(45.07458329202871,11.803186173827854),(47.17075048318348,10.273026277721199),(49.130897082608136,8.57226898526451),(50.94116510960669,6.712938428598892),(52.588756205433924,4.708179832152592),(54.06202211602172,2.5721665776195146),(0.512,0.32)));
#2368=IFCINDEXEDPOLYCURVE(#2367,(IFCLINEINDEX((1,2,3,4,5,6,7,8,9,10,11,12,13,14,15,16,17,18,19,20,21,22,23,24,25,26,27,28,29,30,31,32,33,34,35,36,37,38,39,40,41,42,43,44,45,46,47,48,49,50,51,52,53,54,1))),$);
#2369=IFCARBITRARYCLOSEDPROFILEDEF(.AREA.,$,#2368);
#2370=IFCCARTESIANPOINT((0.,0.,0.));
#2371=IFCDIRECTION((0.,0.,1.));
#2372=IFCDIRECTION((1.,0.,0.));
#2373=IFCAXIS2PLACEMENT3D(#2370,#2371,#2372);
#2374=IFCDIRECTION((0.,0.,1.));
#2375=IFCEXTRUDEDAREASOLID(#2369,#2373,#2374,1.1);
#2376=IFCSHAPEREPRESENTATION(#11,'Body','SweptSolid',(#2375));
#2377=IFCPRODUCTDEFINITIONSHAPE($,$,(#2376));
#2378=IFCPROPERTYSET('2tMAdU$ZDPu8oNZUrhfJOl',$,'Pset_PlateCommon',$,(#2380));
#2379=IFCRELDEFINESBYPROPERTIES('1RExEW8cvIEQIBg6$O6wvv',$,$,$,(#2359),#2378);
#2380=IFCPROPERTYSINGLEVALUE('IsExternal',$,IFCBOOLEAN(.T.),$);
#2381=IFCWALL('30EgzeTnjMbvJOmoYLKAGw',$,'Level 22 Back Facade','Rendered facade to the harbour side',$,#2388,#2399,$,$);
#2382=IFCMATERIALLAYERSETUSAGE(#276,.AXIS2.,.POSITIVE.,0.,$);
#2383=IFCRELASSOCIATESMATERIAL('3qu3DhFpjHghgCxtUR7MxF',$,$,$,(#2381),#2382);
#2384=IFCCARTESIANPOINT((0.,-0.4,0.));
#2385=IFCDIRECTION((0.,0.,1.));
#2386=IFCDIRECTION((1.,0.,0.));
#2387=IFCAXIS2PLACEMENT3D(#2384,#2385,#2386);
#2388=IFCLOCALPLACEMENT(#218,#2387);
#2389=IFCCARTESIANPOINTLIST2D(((0.,0.),(55.86254704361548,0.),(55.86254704361548,0.4),(0.,0.4)));
#2390=IFCINDEXEDPOLYCURVE(#2389,(IFCLINEINDEX((1,2,3,4,1))),$);
#2391=IFCARBITRARYCLOSEDPROFILEDEF(.AREA.,$,#2390);
#2392=IFCCARTESIANPOINT((0.,0.,0.));
#2393=IFCDIRECTION((0.,0.,1.));
#2394=IFCDIRECTION((1.,0.,0.));
#2395=IFCAXIS2PLACEMENT3D(#2392,#2393,#2394);
#2396=IFCDIRECTION((0.,0.,1.));
#2397=IFCEXTRUDEDAREASOLID(#2391,#2395,#2396,3.8);
#2398=IFCSHAPEREPRESENTATION(#11,'Body','SweptSolid',(#2397));
#2399=IFCPRODUCTDEFINITIONSHAPE($,$,(#2398));
#2400=IFCPROPERTYSET('0vSxGxZA5I39p$Rxx02hWW',$,'Pset_WallCommon',$,(#2402,#2403));
#2401=IFCRELDEFINESBYPROPERTIES('2xRJYXFDHPGROZKaEG7Nw4',$,$,$,(#2381),#2400);
#2402=IFCPROPERTYSINGLEVALUE('IsExternal',$,IFCBOOLEAN(.T.),$);
#2403=IFCPROPERTYSINGLEVALUE('LoadBearing',$,IFCBOOLEAN(.F.),$);
#2404=IFCSLAB('3P2PvPNGHTx8uglWRhDNWo',$,'Level 23 Slab','Floor plate, chord 53.0 m, depth 16.5 m',$,#2412,#2423,$,$);
#2405=IFCMATERIALLAYERSETUSAGE(#254,.AXIS3.,.POSITIVE.,0.,$);
#2406=IFCRELASSOCIATESMATERIAL('2RePNSsavM3wgyRb6iD7N9',$,$,$,(#2404),#2405);
#2407=IFCRELCONTAINEDINSPATIALSTRUCTURE('0ANKTskcHIHQQ4_NgmsHA2',$,$,$,(#2404,#2428,#2450,#2472),#219);
#2408=IFCCARTESIANPOINT((0.,0.,-0.3400000000000034));
#2409=IFCDIRECTION((0.,0.,1.));
#2410=IFCDIRECTION((1.,0.,0.));
#2411=IFCAXIS2PLACEMENT3D(#2408,#2409,#2410);
#2412=IFCLOCALPLACEMENT(#225,#2411);
#2413=IFCCARTESIANPOINTLIST2D(((0.,0.),(52.999569841124185,0.),(51.78779524343529,2.220423417666515),(50.390413892604684,4.3289781809289565),(48.81768216752959,6.3101881017269115),(47.08114346863286,8.149511666671366),(45.19354349260996,9.833448767588227),(43.168736682665674,11.349639788445806),(41.02158454086894,12.686956321396636),(38.767846548984124,13.835582846103819),(36.42406449838843,14.787088772849096),(34.00744107806091,15.534490320646789),(31.535713611772216,16.07230177619607),(29.027023871208307,16.396575757445433),(26.49978492056209,16.50493218624639),(23.972545969915867,16.396575757445433),(21.463856229351958,16.07230177619607),(18.99212876306327,15.534490320646789),(16.575505342735745,14.787088772849092),(14.231723292140053,13.835582846103812),(11.977985300255236,12.686956321396632),(9.8308331584585,11.349639788445803),(7.806026348514223,9.833448767588227),(5.918426372491325,8.149511666671366),(4.181887673594591,6.310188101726908),(2.609155948519497,4.328978180928949),(1.211774597688894,2.220423417666515)));
#2414=IFCINDEXEDPOLYCURVE(#2413,(IFCLINEINDEX((1,2,3,4,5,6,7,8,9,10,11,12,13,14,15,16,17,18,19,20,21,22,23,24,25,26,27,1))),$);
#2415=IFCARBITRARYCLOSEDPROFILEDEF(.AREA.,$,#2414);
#2416=IFCCARTESIANPOINT((0.,0.,0.));
#2417=IFCDIRECTION((0.,0.,1.));
#2418=IFCDIRECTION((1.,0.,0.));
#2419=IFCAXIS2PLACEMENT3D(#2416,#2417,#2418);
#2420=IFCDIRECTION((0.,0.,1.));
#2421=IFCEXTRUDEDAREASOLID(#2415,#2419,#2420,0.34);
#2422=IFCSHAPEREPRESENTATION(#11,'Body','SweptSolid',(#2421));
#2423=IFCPRODUCTDEFINITIONSHAPE($,$,(#2422));
#2424=IFCELEMENTQUANTITY('0LTLzwNBDUa9z8fb2kF65q',$,'Qto_SlabBaseQuantities',$,'BaseQuantities',(#2426,#2427));
#2425=IFCRELDEFINESBYPROPERTIES('3STeaVLo1TagC2jOHL2TpE',$,$,$,(#2404),#2424);
#2426=IFCQUANTITYLENGTH('Width',$,$,53.,$);
#2427=IFCQUANTITYLENGTH('Depth',$,$,16.5,$);
#2428=IFCPLATE('1og_7Br0XVK9eU82f9je1R',$,'Level 23 Curtain Wall','Unitised solar-control glazing to the curved facade',$,#2435,#2446,$,$);
#2429=IFCMATERIALLAYERSETUSAGE(#268,.AXIS2.,.POSITIVE.,0.,$);
#2430=IFCRELASSOCIATESMATERIAL('0KsOFOavzRaQ7V9XEMmY8e',$,$,$,(#2428),#2429);
#2431=IFCCARTESIANPOINT((0.35,0.,0.));
#2432=IFCDIRECTION((0.,0.,1.));
#2433=IFCDIRECTION((1.,0.,0.));
#2434=IFCAXIS2PLACEMENT3D(#2431,#2432,#2433);
#2435=IFCLOCALPLACEMENT(#225,#2434);
#2436=IFCCARTESIANPOINTLIST2D(((52.29956984112418,0.),(51.09203174601366,2.176238871036741),(49.70381155432787,4.241912750028856),(48.14496555876963,6.182057857253174),(46.42678606851564,7.98261974572716),(44.561719607520416,9.630555111882387),(42.56327675166682,11.11392628149644),(40.44593425790496,12.421987686425407),(38.22503019435748,13.545263705697938),(35.916652831070884,14.475617307088541),(33.53752409629022,15.20630899192928),(31.1048784425021,15.732045616162559),(28.636337999742643,16.04901873397443),(26.149784920562094,16.154932186246388),(23.663231841381542,16.04901873397443),(21.19469139862209,15.732045616162559),(18.762045744833962,15.20630899192928),(16.382917010053298,14.475617307088545),(14.074539646766704,13.545263705697938),(11.853635583219228,12.421987686425407),(9.736293089457359,11.11392628149644),(7.737850233603769,9.63055511188239),(5.8727837726085355,7.982619745727156),(4.154604282354558,6.182057857253177),(2.5957582867963076,4.241912750028856),(1.2075380951105252,2.176238871036732),(0.,0.),(52.011569841124185,0.18),(1.4822389046029059,2.3319909823875857),(2.8551699680446108,4.374648899818748),(4.396847652349649,6.293176700620843),(6.096104015905018,8.073676533978228),(7.940629614235479,9.70325042622022),(9.91706266984657,11.170093713980464),(12.0110858651876,12.463580557396407),(14.207530057564252,13.574340913889417),(16.490484164688468,14.494328414926295),(18.843410424852294,15.216878654061471),(21.249264196779087,15.736757464020386),(23.69061743131964,16.05019883310386),(26.149784920562094,16.154932186246388),(28.60895240980454,16.05019883310386),(31.0503056443451,15.736757464020386),(33.45615941627188,15.216878654061471),(35.809085676435714,14.494328414926292),(38.092039783559926,13.574340913889417),(40.288483975936586,12.463580557396407),(42.3825071712776,11.170093713980464),(44.3589402268887,9.703250426220217),(46.203465825219155,8.073676533978231),(47.90272218877453,6.2931767006208394),(49.44439987307956,4.374648899818748),(50.81733093652127,2.3319909823875946),(0.288,0.18)));
#2437=IFCINDEXEDPOLYCURVE(#2436,(IFCLINEINDEX((1,2,3,4,5,6,7,8,9,10,11,12,13,14,15,16,17,18,19,20,21,22,23,24,25,26,27,28,29,30,31,32,33,34,35,36,37,38,39,40,41,42,43,44,45,46,47,48,49,50,51,52,53,54,1))),$);
#2438=IFCARBITRARYCLOSEDPROFILEDEF(.AREA.,$,#2437);
#2439=IFCCARTESIANPOINT((0.,0.,0.));
#2440=IFCDIRECTION((0.,0.,1.));
#2441=IFCDIRECTION((1.,0.,0.));
#2442=IFCAXIS2PLACEMENT3D(#2439,#2440,#2441);
#2443=IFCDIRECTION((0.,0.,1.));
#2444=IFCEXTRUDEDAREASOLID(#2438,#2442,#2443,3.8);
#2445=IFCSHAPEREPRESENTATION(#11,'Body','SweptSolid',(#2444));
#2446=IFCPRODUCTDEFINITIONSHAPE($,$,(#2445));
#2447=IFCPROPERTYSET('1VsRxvUXXR1xngJhPHZib5',$,'Pset_PlateCommon',$,(#2449));
#2448=IFCRELDEFINESBYPROPERTIES('3aOXiqGNXIZgN7eqoY6_8J',$,$,$,(#2428),#2447);
#2449=IFCPROPERTYSINGLEVALUE('IsExternal',$,IFCBOOLEAN(.T.),$);
#2450=IFCPLATE('1YhjFgaPnJae2UoJBWWn9c',$,'Level 23 Spandrel','Opaque spandrel band expressing the floor line',$,#2457,#2468,$,$);
#2451=IFCMATERIALLAYERSETUSAGE(#272,.AXIS2.,.POSITIVE.,0.,$);
#2452=IFCRELASSOCIATESMATERIAL('3AkFpdhOnPX87muuUYmf8b',$,$,$,(#2450),#2451);
#2453=IFCCARTESIANPOINT((0.,0.,0.));
#2454=IFCDIRECTION((0.,0.,1.));
#2455=IFCDIRECTION((1.,0.,0.));
#2456=IFCAXIS2PLACEMENT3D(#2453,#2454,#2455);
#2457=IFCLOCALPLACEMENT(#225,#2456);
#2458=IFCCARTESIANPOINTLIST2D(((52.999569841124185,0.),(51.78779524343529,2.220423417666515),(50.390413892604684,4.3289781809289565),(48.81768216752959,6.3101881017269115),(47.08114346863286,8.149511666671366),(45.19354349260996,9.833448767588227),(43.168736682665674,11.349639788445806),(41.02158454086894,12.686956321396636),(38.767846548984124,13.835582846103819),(36.42406449838843,14.787088772849096),(34.00744107806091,15.534490320646789),(31.535713611772216,16.07230177619607),(29.027023871208307,16.396575757445433),(26.49978492056209,16.50493218624639),(23.972545969915867,16.396575757445433),(21.463856229351958,16.07230177619607),(18.99212876306327,15.534490320646789),(16.575505342735745,14.787088772849092),(14.231723292140053,13.835582846103812),(11.977985300255236,12.686956321396632),(9.8308331584585,11.349639788445803),(7.806026348514223,9.833448767588227),(5.918426372491325,8.149511666671366),(4.181887673594591,6.310188101726908),(2.609155948519497,4.328978180928949),(1.211774597688894,2.220423417666515),(0.,0.),(52.487569841124184,0.32),(1.7003620078932953,2.497373528964435),(3.0707446772715774,4.565047329092333),(4.613089791826916,6.507845266884165),(6.316076980154774,8.311507761904767),(8.167206804037916,9.962796448019752),(10.152892500743004,11.44959133921139),(12.258559705967787,12.760979786804748),(14.468753425500807,13.8873365751835),(16.767251470452592,14.820394568115868),(19.13718352347594,15.55330538716676),(21.56115496206352,16.080689676834126),(24.021374530095116,16.39867658747763),(26.49978492056209,16.50493218624639),(28.978195311029054,16.39867658747763),(31.43841487906066,16.080689676834126),(33.86238631764824,15.55330538716676),(36.232318370671585,14.820394568115871),(38.53081641562337,13.887336575183507),(40.74101013515639,12.760979786804754),(42.84667734038116,11.449591339211393),(44.83236303708627,9.962796448019752),(46.68349286096941,8.311507761904767),(48.38648004929726,6.507845266884169),(49.9288251638526,4.56504732909234),(51.299207833230895,2.497373528964435),(0.512,0.32)));
#2459=IFCINDEXEDPOLYCURVE(#2458,(IFCLINEINDEX((1,2,3,4,5,6,7,8,9,10,11,12,13,14,15,16,17,18,19,20,21,22,23,24,25,26,27,28,29,30,31,32,33,34,35,36,37,38,39,40,41,42,43,44,45,46,47,48,49,50,51,52,53,54,1))),$);
#2460=IFCARBITRARYCLOSEDPROFILEDEF(.AREA.,$,#2459);
#2461=IFCCARTESIANPOINT((0.,0.,0.));
#2462=IFCDIRECTION((0.,0.,1.));
#2463=IFCDIRECTION((1.,0.,0.));
#2464=IFCAXIS2PLACEMENT3D(#2461,#2462,#2463);
#2465=IFCDIRECTION((0.,0.,1.));
#2466=IFCEXTRUDEDAREASOLID(#2460,#2464,#2465,1.1);
#2467=IFCSHAPEREPRESENTATION(#11,'Body','SweptSolid',(#2466));
#2468=IFCPRODUCTDEFINITIONSHAPE($,$,(#2467));
#2469=IFCPROPERTYSET('13U4ZPpM1VVPbvNKhiAb5q',$,'Pset_PlateCommon',$,(#2471));
#2470=IFCRELDEFINESBYPROPERTIES('1cUfhGkdjLfxOoOYgTbRVy',$,$,$,(#2450),#2469);
#2471=IFCPROPERTYSINGLEVALUE('IsExternal',$,IFCBOOLEAN(.T.),$);
#2472=IFCWALL('00BMtvBa1RORi9Q037wB1I',$,'Level 23 Back Facade','Rendered facade to the harbour side',$,#2479,#2490,$,$);
#2473=IFCMATERIALLAYERSETUSAGE(#276,.AXIS2.,.POSITIVE.,0.,$);
#2474=IFCRELASSOCIATESMATERIAL('2D0iscqwjLsPF5BgPJ1kb2',$,$,$,(#2472),#2473);
#2475=IFCCARTESIANPOINT((0.,-0.4,0.));
#2476=IFCDIRECTION((0.,0.,1.));
#2477=IFCDIRECTION((1.,0.,0.));
#2478=IFCAXIS2PLACEMENT3D(#2475,#2476,#2477);
#2479=IFCLOCALPLACEMENT(#225,#2478);
#2480=IFCCARTESIANPOINTLIST2D(((0.,0.),(52.999569841124185,0.),(52.999569841124185,0.4),(0.,0.4)));
#2481=IFCINDEXEDPOLYCURVE(#2480,(IFCLINEINDEX((1,2,3,4,1))),$);
#2482=IFCARBITRARYCLOSEDPROFILEDEF(.AREA.,$,#2481);
#2483=IFCCARTESIANPOINT((0.,0.,0.));
#2484=IFCDIRECTION((0.,0.,1.));
#2485=IFCDIRECTION((1.,0.,0.));
#2486=IFCAXIS2PLACEMENT3D(#2483,#2484,#2485);
#2487=IFCDIRECTION((0.,0.,1.));
#2488=IFCEXTRUDEDAREASOLID(#2482,#2486,#2487,3.8);
#2489=IFCSHAPEREPRESENTATION(#11,'Body','SweptSolid',(#2488));
#2490=IFCPRODUCTDEFINITIONSHAPE($,$,(#2489));
#2491=IFCPROPERTYSET('218TGQEIjGnhCwyWSvyfkL',$,'Pset_WallCommon',$,(#2493,#2494));
#2492=IFCRELDEFINESBYPROPERTIES('3tGeXWPaXPUQ1CaxY7SuCy',$,$,$,(#2472),#2491);
#2493=IFCPROPERTYSINGLEVALUE('IsExternal',$,IFCBOOLEAN(.T.),$);
#2494=IFCPROPERTYSINGLEVALUE('LoadBearing',$,IFCBOOLEAN(.F.),$);
#2495=IFCSLAB('1xq8cJBVDTpvWIg6kYi8i6',$,'Level 24 Slab','Floor plate, chord 50.1 m, depth 16.0 m',$,#2503,#2514,$,$);
#2496=IFCMATERIALLAYERSETUSAGE(#254,.AXIS3.,.POSITIVE.,0.,$);
#2497=IFCRELASSOCIATESMATERIAL('3ADfYb$QXTeu5BhRA8flsS',$,$,$,(#2495),#2496);
#2498=IFCRELCONTAINEDINSPATIALSTRUCTURE('3kcQaxpljSFwOsx0UVfIwK',$,$,$,(#2495,#2519,#2541,#2563),#226);
#2499=IFCCARTESIANPOINT((0.,0.,-0.3400000000000034));
#2500=IFCDIRECTION((0.,0.,1.));
#2501=IFCDIRECTION((1.,0.,0.));
#2502=IFCAXIS2PLACEMENT3D(#2499,#2500,#2501);
#2503=IFCLOCALPLACEMENT(#232,#2502);
#2504=IFCCARTESIANPOINTLIST2D(((0.,0.),(50.06728897754024,0.),(48.95999591762964,2.143981881462965),(47.66952881264969,4.182964686572495),(46.205767149673505,6.101338482934629),(44.5799171147183,7.884416689969807),(42.804425801042896,9.518548515628574),(40.89288591737594,10.9912234633744),(38.85993172560411,12.29116710935487),(36.72112700459502,13.40842741651559),(34.492845897875114,14.334450924858007),(32.19214755736246,15.06214823454794),(29.83664554284986,15.585948280552827),(27.44437297708275,15.90184098329495),(25.03364448877012,16.00740794879806),(22.62291600045749,15.90184098329495),(20.230643434690382,15.585948280552827),(17.875141420177776,15.062148234547937),(15.574443079665118,14.334450924858007),(13.346161972945223,13.40842741651559),(11.207357251936129,12.29116710935487),(9.174403060164297,10.9912234633744),(7.262863176497337,9.51854851562857),(5.487371862821945,7.884416689969811),(3.861521827866728,6.101338482934633),(2.397760164890542,4.182964686572486),(1.1072930599105995,2.1439818814629614)));
#2505=IFCINDEXEDPOLYCURVE(#2504,(IFCLINEINDEX((1,2,3,4,5,6,7,8,9,10,11,12,13,14,15,16,17,18,19,20,21,22,23,24,25,26,27,1))),$);
#2506=IFCARBITRARYCLOSEDPROFILEDEF(.AREA.,$,#2505);
#2507=IFCCARTESIANPOINT((0.,0.,0.));
#2508=IFCDIRECTION((0.,0.,1.));
#2509=IFCDIRECTION((1.,0.,0.));
#2510=IFCAXIS2PLACEMENT3D(#2507,#2508,#2509);
#2511=IFCDIRECTION((0.,0.,1.));
#2512=IFCEXTRUDEDAREASOLID(#2506,#2510,#2511,0.34);
#2513=IFCSHAPEREPRESENTATION(#11,'Body','SweptSolid',(#2512));
#2514=IFCPRODUCTDEFINITIONSHAPE($,$,(#2513));
#2515=IFCELEMENTQUANTITY('2OjrvpVq5PcOtyS957Rl$Z',$,'Qto_SlabBaseQuantities',$,'BaseQuantities',(#2517,#2518));
#2516=IFCRELDEFINESBYPROPERTIES('0l55BgI35HgAASjLjifRrv',$,$,$,(#2495),#2515);
#2517=IFCQUANTITYLENGTH('Width',$,$,50.07,$);
#2518=IFCQUANTITYLENGTH('Depth',$,$,16.01,$);
#2519=IFCPLATE('0B9I7H6ZbJSgMPJPL4IkP3',$,'Level 24 Curtain Wall','Unitised solar-control glazing to the curved facade',$,#2526,#2537,$,$);
#2520=IFCMATERIALLAYERSETUSAGE(#268,.AXIS2.,.POSITIVE.,0.,$);
#2521=IFCRELASSOCIATESMATERIAL('07SejUg4rUae5Ew$lSiigM',$,$,$,(#2519),#2520);
#2522=IFCCARTESIANPOINT((0.35,0.,0.));
#2523=IFCDIRECTION((0.,0.,1.));
#2524=IFCDIRECTION((1.,0.,0.));
#2525=IFCAXIS2PLACEMENT3D(#2522,#2523,#2524);
#2526=IFCLOCALPLACEMENT(#232,#2525);
#2527=IFCCARTESIANPOINTLIST2D(((49.367288977540234,0.),(48.26404858629989,2.099976501686921),(46.982582135443295,4.096194025863671),(45.5325752399888,5.973564706266407),(43.92498738198453,7.717898948118746),(42.171969076249184,9.316012676317767),(40.286770034016506,10.755826983673524),(38.28363901860282,12.02645942603799),(36.177716150011825,13.118306274294126),(33.984918472462624,14.02311510152573),(31.721819649747797,14.734047156737853),(29.40552469771127,15.24572905369286),(27.053540700646554,15.554293384186296),(24.683644488770117,15.657407948798062),(22.313748276893683,15.554293384186296),(19.961764279828966,15.24572905369286),(17.645469327792437,14.734047156737853),(15.38237050507761,14.023115101525734),(13.189572827528414,13.118306274294126),(11.083649958937428,12.026459426037997),(9.080518943523726,10.755826983673524),(7.19531990129105,9.31601267631777),(5.442301595555708,7.717898948118746),(3.834713737551425,5.973564706266407),(2.384706842096943,4.096194025863667),(1.1032403912403446,2.099976501686923),(0.,0.),(49.07928897754024,0.18),(1.3783681740593778,2.2558348448086107),(2.6448829293503313,4.229103541470172),(4.07797165917166,6.084891676180958),(5.666802752820669,7.80917277995577),(7.3993674633714965,9.388914343872141),(9.262570672516802,10.81217632173814),(11.242329866451643,12.068201375678326),(13.323681574717009,13.14749618254109),(15.490894467514444,14.041903186595178),(17.727588256676043,14.744662256192012),(20.016857501609636,15.250461778378916),(22.341399384465376,15.555478805278398),(24.683644488770113,15.657407948798062),(27.02588959307486,15.555478805278398),(29.3504314759306,15.250461778378916),(31.63970072086419,14.744662256192012),(33.87639451002578,14.041903186595176),(36.04360740282323,13.14749618254109),(38.1249591110886,12.068201375678317),(40.104718305023425,10.81217632173814),(41.96792151416873,9.388914343872138),(43.70048622471956,7.80917277995577),(45.28931731836857,6.084891676180958),(46.7224060481899,4.229103541470176),(47.98892080348085,2.2558348448086085),(0.288,0.18)));
#2528=IFCINDEXEDPOLYCURVE(#2527,(IFCLINEINDEX((1,2,3,4,5,6,7,8,9,10,11,12,13,14,15,16,17,18,19,20,21,22,23,24,25,26,27,28,29,30,31,32,33,34,35,36,37,38,39,40,41,42,43,44,45,46,47,48,49,50,51,52,53,54,1))),$);
#2529=IFCARBITRARYCLOSEDPROFILEDEF(.AREA.,$,#2528);
#2530=IFCCARTESIANPOINT((0.,0.,0.));
#2531=IFCDIRECTION((0.,0.,1.));
#2532=IFCDIRECTION((1.,0.,0.));
#2533=IFCAXIS2PLACEMENT3D(#2530,#2531,#2532);
#2534=IFCDIRECTION((0.,0.,1.));
#2535=IFCEXTRUDEDAREASOLID(#2529,#2533,#2534,3.8);
#2536=IFCSHAPEREPRESENTATION(#11,'Body','SweptSolid',(#2535));
#2537=IFCPRODUCTDEFINITIONSHAPE($,$,(#2536));
#2538=IFCPROPERTYSET('3tZRCg0rzMHAGPx06HYpD4',$,'Pset_PlateCommon',$,(#2540));
#2539=IFCRELDEFINESBYPROPERTIES('38bbPKWCnUgwrF$Bdcmjxd',$,$,$,(#2519),#2538);
#2540=IFCPROPERTYSINGLEVALUE('IsExternal',$,IFCBOOLEAN(.T.),$);
#2541=IFCPLATE('3TCmit26zN2ur4sv$Al_eP',$,'Level 24 Spandrel','Opaque spandrel band expressing the floor line',$,#2548,#2559,$,$);
#2542=IFCMATERIALLAYERSETUSAGE(#272,.AXIS2.,.POSITIVE.,0.,$);
#2543=IFCRELASSOCIATESMATERIAL('23e3C96nHPRhcy4JcesmAg',$,$,$,(#2541),#2542);
#2544=IFCCARTESIANPOINT((0.,0.,0.));
#2545=IFCDIRECTION((0.,0.,1.));
#2546=IFCDIRECTION((1.,0.,0.));
#2547=IFCAXIS2PLACEMENT3D(#2544,#2545,#2546);
#2548=IFCLOCALPLACEMENT(#232,#2547);
#2549=IFCCARTESIANPOINTLIST2D(((50.06728897754024,0.),(48.95999591762964,2.143981881462965),(47.66952881264969,4.182964686572495),(46.205767149673505,6.101338482934629),(44.5799171147183,7.884416689969807),(42.804425801042896,9.518548515628574),(40.89288591737594,10.9912234633744),(38.85993172560411,12.29116710935487),(36.72112700459502,13.40842741651559),(34.492845897875114,14.334450924858007),(32.19214755736246,15.06214823454794),(29.83664554284986,15.585948280552827),(27.44437297708275,15.90184098329495),(25.03364448877012,16.00740794879806),(22.62291600045749,15.90184098329495),(20.230643434690382,15.585948280552827),(17.875141420177776,15.062148234547937),(15.574443079665118,14.334450924858007),(13.346161972945223,13.40842741651559),(11.207357251936129,12.29116710935487),(9.174403060164297,10.9912234633744),(7.262863176497337,9.51854851562857),(5.487371862821945,7.884416689969811),(3.861521827866728,6.101338482934633),(2.397760164890542,4.182964686572486),(1.1072930599105995,2.1439818814629614),(0.,0.),(49.555288977540236,0.32),(1.5966461757572135,2.4211220877810202),(2.860720033919014,4.419344108900902),(4.294544147379387,6.299368185133503),(5.887141524365825,8.046801331576962),(7.626319645489106,9.64826564567586),(9.498763806562557,11.091500725031624),(11.49013905258184,12.365457529916752),(13.585199922484962,13.460382971905359),(15.767907164514384,14.367894581031024),(18.02155052863833,15.081044679839241),(20.328876695963704,15.594373573034275),(22.67222136574578,15.903951345514058),(25.03364448877012,16.00740794879806),(27.39506761179446,15.903951345514058),(29.738412281576537,15.594373573034275),(32.0457384489019,15.081044679839245),(34.299381813025846,14.367894581031024),(36.48208905505528,13.460382971905359),(38.577149924958405,12.365457529916752),(40.56852517097768,11.091500725031624),(42.440969332051125,9.648265645675863),(44.18014745317442,8.046801331576958),(45.772744830160846,6.299368185133499),(47.206568943621214,4.419344108900911),(48.47064280178303,2.4211220877810233),(0.512,0.32)));
#2550=IFCINDEXEDPOLYCURVE(#2549,(IFCLINEINDEX((1,2,3,4,5,6,7,8,9,10,11,12,13,14,15,16,17,18,19,20,21,22,23,24,25,26,27,28,29,30,31,32,33,34,35,36,37,38,39,40,41,42,43,44,45,46,47,48,49,50,51,52,53,54,1))),$);
#2551=IFCARBITRARYCLOSEDPROFILEDEF(.AREA.,$,#2550);
#2552=IFCCARTESIANPOINT((0.,0.,0.));
#2553=IFCDIRECTION((0.,0.,1.));
#2554=IFCDIRECTION((1.,0.,0.));
#2555=IFCAXIS2PLACEMENT3D(#2552,#2553,#2554);
#2556=IFCDIRECTION((0.,0.,1.));
#2557=IFCEXTRUDEDAREASOLID(#2551,#2555,#2556,1.1);
#2558=IFCSHAPEREPRESENTATION(#11,'Body','SweptSolid',(#2557));
#2559=IFCPRODUCTDEFINITIONSHAPE($,$,(#2558));
#2560=IFCPROPERTYSET('2ZNHa72PLIBhN8GkeejtE7',$,'Pset_PlateCommon',$,(#2562));
#2561=IFCRELDEFINESBYPROPERTIES('3oxC3JNs5ORBf7OHbJpa9b',$,$,$,(#2541),#2560);
#2562=IFCPROPERTYSINGLEVALUE('IsExternal',$,IFCBOOLEAN(.T.),$);
#2563=IFCWALL('2BKS5cW7nQSeunf2gI_p$n',$,'Level 24 Back Facade','Rendered facade to the harbour side',$,#2570,#2581,$,$);
#2564=IFCMATERIALLAYERSETUSAGE(#276,.AXIS2.,.POSITIVE.,0.,$);
#2565=IFCRELASSOCIATESMATERIAL('1X7ErJiATTGxkl9MKlO9jp',$,$,$,(#2563),#2564);
#2566=IFCCARTESIANPOINT((0.,-0.4,0.));
#2567=IFCDIRECTION((0.,0.,1.));
#2568=IFCDIRECTION((1.,0.,0.));
#2569=IFCAXIS2PLACEMENT3D(#2566,#2567,#2568);
#2570=IFCLOCALPLACEMENT(#232,#2569);
#2571=IFCCARTESIANPOINTLIST2D(((0.,0.),(50.06728897754024,0.),(50.06728897754024,0.4),(0.,0.4)));
#2572=IFCINDEXEDPOLYCURVE(#2571,(IFCLINEINDEX((1,2,3,4,1))),$);
#2573=IFCARBITRARYCLOSEDPROFILEDEF(.AREA.,$,#2572);
#2574=IFCCARTESIANPOINT((0.,0.,0.));
#2575=IFCDIRECTION((0.,0.,1.));
#2576=IFCDIRECTION((1.,0.,0.));
#2577=IFCAXIS2PLACEMENT3D(#2574,#2575,#2576);
#2578=IFCDIRECTION((0.,0.,1.));
#2579=IFCEXTRUDEDAREASOLID(#2573,#2577,#2578,3.8);
#2580=IFCSHAPEREPRESENTATION(#11,'Body','SweptSolid',(#2579));
#2581=IFCPRODUCTDEFINITIONSHAPE($,$,(#2580));
#2582=IFCPROPERTYSET('0rCPBWSFXOrRYx2eJJWu5D',$,'Pset_WallCommon',$,(#2584,#2585));
#2583=IFCRELDEFINESBYPROPERTIES('1bdUUXpHXRBu3RKugItAkI',$,$,$,(#2563),#2582);
#2584=IFCPROPERTYSINGLEVALUE('IsExternal',$,IFCBOOLEAN(.T.),$);
#2585=IFCPROPERTYSINGLEVALUE('LoadBearing',$,IFCBOOLEAN(.F.),$);
#2586=IFCSLAB('0Ts4dbO$LO2uvpv6DGJPcQ',$,'Level 25 Slab','Floor plate, chord 47.1 m, depth 15.5 m',$,#2594,#2605,$,$);
#2587=IFCMATERIALLAYERSETUSAGE(#254,.AXIS3.,.POSITIVE.,0.,$);
#2588=IFCRELASSOCIATESMATERIAL('34bBz16NvKdAGECjItAYp9',$,$,$,(#2586),#2587);
#2589=IFCRELCONTAINEDINSPATIALSTRUCTURE('0Ib7GZrC1L0xB4fRafGPQd',$,$,$,(#2586,#2610,#2632,#2654),#233);
#2590=IFCCARTESIANPOINT((0.,0.,-0.3400000000000034));
#2591=IFCDIRECTION((0.,0.,1.));
#2592=IFCDIRECTION((1.,0.,0.));
#2593=IFCAXIS2PLACEMENT3D(#2590,#2591,#2592);
#2594=IFCLOCALPLACEMENT(#239,#2593);
#2595=IFCCARTESIANPOINTLIST2D(((0.,0.),(47.067019686043444,0.),(46.067981015963554,2.0659065537947257),(44.88803431800302,4.034097078946962),(43.53665227197288,5.888770828961881),(42.02468385049755,7.615038376530448),(40.36426722283991,9.199041146706376),(38.568732308981865,10.628062674341196),(36.652493766261664,11.890630692596273),(34.63093526767753,12.976609232959435),(32.52028600087793,13.877279997381864),(30.337490379311646,14.585412349275257),(28.100072011504206,15.095321361477295),(25.825993020522844,15.402913455173183),(23.533509843021722,15.505719263381332),(21.24102666552059,15.402913455173183),(18.96694767453924,15.095321361477295),(16.729529306731788,14.585412349275254),(14.546733685165513,13.877279997381864),(12.436084418365905,12.976609232959431),(10.414525919781784,11.890630692596277),(8.49828737706158,10.628062674341193),(6.702752463203531,9.199041146706376),(5.0423358355458845,7.615038376530444),(3.5303674140705574,5.888770828961885),(2.178985368040422,4.034097078946958),(0.9990386700798872,2.065906553794715)));
#2596=IFCINDEXEDPOLYCURVE(#2595,(IFCLINEINDEX((1,2,3,4,5,6,7,8,9,10,11,12,13,14,15,16,17,18,19,20,21,22,23,24,25,26,27,1))),$);
#2597=IFCARBITRARYCLOSEDPROFILEDEF(.AREA.,$,#2596);
#2598=IFCCARTESIANPOINT((0.,0.,0.));
#2599=IFCDIRECTION((0.,0.,1.));
#2600=IFCDIRECTION((1.,0.,0.));
#2601=IFCAXIS2PLACEMENT3D(#2598,#2599,#2600);
#2602=IFCDIRECTION((0.,0.,1.));
#2603=IFCEXTRUDEDAREASOLID(#2597,#2601,#2602,0.34);
#2604=IFCSHAPEREPRESENTATION(#11,'Body','SweptSolid',(#2603));
#2605=IFCPRODUCTDEFINITIONSHAPE($,$,(#2604));
#2606=IFCELEMENTQUANTITY('1npFoyaUTSWxOBi3mTZLXh',$,'Qto_SlabBaseQuantities',$,'BaseQuantities',(#2608,#2609));
#2607=IFCRELDEFINESBYPROPERTIES('27J5FeBJzGDOLiDkdZPv2q',$,$,$,(#2586),#2606);
#2608=IFCQUANTITYLENGTH('Width',$,$,47.07,$);
#2609=IFCQUANTITYLENGTH('Depth',$,$,15.51,$);
#2610=IFCPLATE('3NyuemNhvGWh1cwnnz_HLz',$,'Level 25 Curtain Wall','Unitised solar-control glazing to the curved facade',$,#2617,#2628,$,$);
#2611=IFCMATERIALLAYERSETUSAGE(#268,.AXIS2.,.POSITIVE.,0.,$);
#2612=IFCRELASSOCIATESMATERIAL('1RPSldI7vQJgvzIBfBue9a',$,$,$,(#2610),#2611);
#2613=IFCCARTESIANPOINT((0.35,0.,0.));
#2614=IFCDIRECTION((0.,0.,1.));
#2615=IFCDIRECTION((1.,0.,0.));
#2616=IFCAXIS2PLACEMENT3D(#2613,#2614,#2615);
#2617=IFCLOCALPLACEMENT(#239,#2616);
#2618=IFCCARTESIANPOINTLIST2D(((46.36701968604344,0.),(45.371836311448135,2.022100335522394),(44.20071663115762,3.947654388367166),(42.86294672045885,5.761394000885925),(41.36913406235842,7.448937617652504),(39.73112343842834,8.996904320098935),(37.96190300882903,10.393019926873361),(36.07550132622251,11.62621431862592),(34.08687610017588,12.686709215512128),(32.01179559406768,13.566095711405953),(29.86671359492796,14.257400950036061),(27.668638947604887,14.755143414354936),(25.435000687751177,15.055376390738896),(23.18350984302172,15.155719263381332),(20.932018998292268,15.055376390738896),(18.69838073843856,14.755143414354936),(16.50030609111548,14.257400950036057),(14.355224091975764,13.566095711405953),(12.280143585867558,12.686709215512128),(10.291518359820937,11.62621431862592),(8.405116677214409,10.393019926873357),(6.635896247615101,8.996904320098928),(4.997885623685022,7.448937617652504),(3.504072965584598,5.761394000885931),(2.1663030548858266,3.947654388367166),(0.9951833745953067,2.0221003355223903),(0.,0.),(46.079019686043445,0.18),(1.270820586828306,2.178084447258119),(2.4273918889738666,4.080769263513807),(3.748543188561119,5.8729676265161475),(5.223798775344647,7.540468786323788),(6.8414610110071115,9.070050745585268),(8.588703082403768,10.449585099774307),(10.451670708291996,11.66813320607793),(12.415591993089883,12.716032918392415),(14.464894556608476,13.584975200685417),(16.583329011009052,14.26807001123943),(18.75409780590877,14.759900935365435),(20.959988419992115,15.056568133391407),(23.18350984302172,15.155719263381332),(25.407031266051327,15.056568133391407),(27.612921880134675,14.759900935365435),(29.78369067503439,14.268070011239434),(31.902125129434964,13.584975200685417),(33.95142769295355,12.716032918392415),(35.91534897775145,11.66813320607793),(37.77831660363967,10.44958509977431),(39.52555867503633,9.070050745585275),(41.143220910698794,7.540468786323788),(42.61847649748233,5.872967626516142),(43.93962779706957,4.080769263513807),(45.09619909921513,2.1780844472581227),(0.288,0.18)));
#2619=IFCINDEXEDPOLYCURVE(#2618,(IFCLINEINDEX((1,2,3,4,5,6,7,8,9,10,11,12,13,14,15,16,17,18,19,20,21,22,23,24,25,26,27,28,29,30,31,32,33,34,35,36,37,38,39,40,41,42,43,44,45,46,47,48,49,50,51,52,53,54,1))),$);
#2620=IFCARBITRARYCLOSEDPROFILEDEF(.AREA.,$,#2619);
#2621=IFCCARTESIANPOINT((0.,0.,0.));
#2622=IFCDIRECTION((0.,0.,1.));
#2623=IFCDIRECTION((1.,0.,0.));
#2624=IFCAXIS2PLACEMENT3D(#2621,#2622,#2623);
#2625=IFCDIRECTION((0.,0.,1.));
#2626=IFCEXTRUDEDAREASOLID(#2620,#2624,#2625,3.8);
#2627=IFCSHAPEREPRESENTATION(#11,'Body','SweptSolid',(#2626));
#2628=IFCPRODUCTDEFINITIONSHAPE($,$,(#2627));
#2629=IFCPROPERTYSET('1vyjtGssDTWwjAREvaHwFo',$,'Pset_PlateCommon',$,(#2631));
#2630=IFCRELDEFINESBYPROPERTIES('13vuRT1arNk9zhBOi63jqB',$,$,$,(#2610),#2629);
#2631=IFCPROPERTYSINGLEVALUE('IsExternal',$,IFCBOOLEAN(.T.),$);
#2632=IFCPLATE('2iop9fylPNx85aBl$N1D6h',$,'Level 25 Spandrel','Opaque spandrel band expressing the floor line',$,#2639,#2650,$,$);
#2633=IFCMATERIALLAYERSETUSAGE(#272,.AXIS2.,.POSITIVE.,0.,$);
#2634=IFCRELASSOCIATESMATERIAL('21cL$ANP9M7AIe5KnpeujH',$,$,$,(#2632),#2633);
#2635=IFCCARTESIANPOINT((0.,0.,0.));
#2636=IFCDIRECTION((0.,0.,1.));
#2637=IFCDIRECTION((1.,0.,0.));
#2638=IFCAXIS2PLACEMENT3D(#2635,#2636,#2637);
#2639=IFCLOCALPLACEMENT(#239,#2638);
#2640=IFCCARTESIANPOINTLIST2D(((47.067019686043444,0.),(46.067981015963554,2.0659065537947257),(44.88803431800302,4.034097078946962),(43.53665227197288,5.888770828961881),(42.02468385049755,7.615038376530448),(40.36426722283991,9.199041146706376),(38.568732308981865,10.628062674341196),(36.652493766261664,11.890630692596273),(34.63093526767753,12.976609232959435),(32.52028600087793,13.877279997381864),(30.337490379311646,14.585412349275257),(28.100072011504206,15.095321361477295),(25.825993020522844,15.402913455173183),(23.533509843021722,15.505719263381332),(21.24102666552059,15.402913455173183),(18.96694767453924,15.095321361477295),(16.729529306731788,14.585412349275254),(14.546733685165513,13.877279997381864),(12.436084418365905,12.976609232959431),(10.414525919781784,11.890630692596277),(8.49828737706158,10.628062674341193),(6.702752463203531,9.199041146706376),(5.0423358355458845,7.615038376530444),(3.5303674140705574,5.888770828961885),(2.178985368040422,4.034097078946958),(0.9990386700798872,2.065906553794715),(0.,0.),(46.555019686043444,0.32),(1.4893033742190966,2.3432713115344246),(2.643578903136611,4.2708432134967),(3.9655599965599,6.087241048030145),(5.444633714399471,7.777882669071935),(7.068925967961139,9.32919550865862),(8.82539684581149,10.728725538280628),(10.699945298935319,11.965237250537978),(12.677522344766356,13.028803858438451),(14.742251881283071,13.910886988213335),(16.877558141266785,14.604405225872048),(19.066298763512325,15.103790967200096),(21.2909024126875,15.405035114805207),(23.533509843021726,15.505719263381332),(25.776117273355933,15.405035114805207),(28.000720922531123,15.103790967200096),(30.189461544776645,14.604405225872052),(32.32476780476037,13.910886988213335),(34.38949734127708,13.028803858438454),(36.367074387108126,11.965237250537974),(38.241622840231955,10.728725538280631),(39.99809371808231,9.32919550865862),(41.622385971643965,7.777882669071938),(43.10145968948354,6.08724104803014),(44.42344078290683,4.270843213496704),(45.57771631182435,2.3432713115344352),(0.512,0.32)));
#2641=IFCINDEXEDPOLYCURVE(#2640,(IFCLINEINDEX((1,2,3,4,5,6,7,8,9,10,11,12,13,14,15,16,17,18,19,20,21,22,23,24,25,26,27,28,29,30,31,32,33,34,35,36,37,38,39,40,41,42,43,44,45,46,47,48,49,50,51,52,53,54,1))),$);
#2642=IFCARBITRARYCLOSEDPROFILEDEF(.AREA.,$,#2641);
#2643=IFCCARTESIANPOINT((0.,0.,0.));
#2644=IFCDIRECTION((0.,0.,1.));
#2645=IFCDIRECTION((1.,0.,0.));
#2646=IFCAXIS2PLACEMENT3D(#2643,#2644,#2645);
#2647=IFCDIRECTION((0.,0.,1.));
#2648=IFCEXTRUDEDAREASOLID(#2642,#2646,#2647,1.1);
#2649=IFCSHAPEREPRESENTATION(#11,'Body','SweptSolid',(#2648));
#2650=IFCPRODUCTDEFINITIONSHAPE($,$,(#2649));
#2651=IFCPROPERTYSET('09v_AQF1LMePww1znHPCY2',$,'Pset_PlateCommon',$,(#2653));
#2652=IFCRELDEFINESBYPROPERTIES('0uoM37CyLLjR$iHZq3ylic',$,$,$,(#2632),#2651);
#2653=IFCPROPERTYSINGLEVALUE('IsExternal',$,IFCBOOLEAN(.T.),$);
#2654=IFCWALL('2M2A2PyqzHCPFAEK3uMg6e',$,'Level 25 Back Facade','Rendered facade to the harbour side',$,#2661,#2672,$,$);
#2655=IFCMATERIALLAYERSETUSAGE(#276,.AXIS2.,.POSITIVE.,0.,$);
#2656=IFCRELASSOCIATESMATERIAL('0UWL4b4jXJ8B$osBI_NH0D',$,$,$,(#2654),#2655);
#2657=IFCCARTESIANPOINT((0.,-0.4,0.));
#2658=IFCDIRECTION((0.,0.,1.));
#2659=IFCDIRECTION((1.,0.,0.));
#2660=IFCAXIS2PLACEMENT3D(#2657,#2658,#2659);
#2661=IFCLOCALPLACEMENT(#239,#2660);
#2662=IFCCARTESIANPOINTLIST2D(((0.,0.),(47.067019686043444,0.),(47.067019686043444,0.4),(0.,0.4)));
#2663=IFCINDEXEDPOLYCURVE(#2662,(IFCLINEINDEX((1,2,3,4,1))),$);
#2664=IFCARBITRARYCLOSEDPROFILEDEF(.AREA.,$,#2663);
#2665=IFCCARTESIANPOINT((0.,0.,0.));
#2666=IFCDIRECTION((0.,0.,1.));
#2667=IFCDIRECTION((1.,0.,0.));
#2668=IFCAXIS2PLACEMENT3D(#2665,#2666,#2667);
#2669=IFCDIRECTION((0.,0.,1.));
#2670=IFCEXTRUDEDAREASOLID(#2664,#2668,#2669,3.8);
#2671=IFCSHAPEREPRESENTATION(#11,'Body','SweptSolid',(#2670));
#2672=IFCPRODUCTDEFINITIONSHAPE($,$,(#2671));
#2673=IFCPROPERTYSET('2LCHzX_xnSFBw5xgeCJaxU',$,'Pset_WallCommon',$,(#2675,#2676));
#2674=IFCRELDEFINESBYPROPERTIES('2B32f5UZfHQv0mklVN9VWm',$,$,$,(#2654),#2673);
#2675=IFCPROPERTYSINGLEVALUE('IsExternal',$,IFCBOOLEAN(.T.),$);
#2676=IFCPROPERTYSINGLEVALUE('LoadBearing',$,IFCBOOLEAN(.F.),$);
#2677=IFCROOF('2J597pM$1HHwhxlgC6rzAx',$,'Roof Slab','Floor plate, chord 44.0 m, depth 15.0 m',$,#2686,#2697,$,$);
#2678=IFCRELDEFINESBYTYPE('00FjsbeVrGJPAYtYeVjL9h',$,$,$,(#2677),#261);
#2679=IFCMATERIALLAYERSETUSAGE(#262,.AXIS3.,.POSITIVE.,0.,$);
#2680=IFCRELASSOCIATESMATERIAL('04JYsclWvPdOumlISWO$qa',$,$,$,(#2677),#2679);
#2681=IFCRELCONTAINEDINSPATIALSTRUCTURE('0k3UrOuxPSjA8E5WE$q67$',$,$,$,(#2677),#240);
#2682=IFCCARTESIANPOINT((0.,0.,-0.3400000000000034));
#2683=IFCDIRECTION((0.,0.,1.));
#2684=IFCDIRECTION((1.,0.,0.));
#2685=IFCAXIS2PLACEMENT3D(#2682,#2683,#2684);
#2686=IFCLOCALPLACEMENT(#246,#2685);
#2687=IFCCARTESIANPOINTLIST2D(((0.,0.),(44.,0.),(43.11313063515226,1.9859961759831375),(42.04743564935568,3.8820479365036977),(40.81194134812934,5.672095956240131),(39.41711221631982,7.340978748523815),(37.87476228520102,8.874561081267291),(36.19795506908159,10.2598537006423),(34.40089291894469,11.48512334846291),(32.498796730281164,12.539992141439917),(30.507777023975862,13.415525470576519),(28.44469749217628,14.104307676208116),(26.327032164893254,14.600504857728076),(24.172717407114856,14.899914286008638),(22.,15.),(19.827282592885137,14.899914286008638),(17.672967835106743,14.600504857728076),(15.555302507823711,14.104307676208116),(13.492222976024138,13.415525470576515),(11.501203269718832,12.539992141439917),(9.59910708105531,11.485123348462906),(7.802044930918406,10.259853700642292),(6.125237714798972,8.874561081267284),(4.582887783680182,7.340978748523819),(3.1880586518706657,5.672095956240131),(1.9525643506443195,3.8820479365036924),(0.8868693648477404,1.9859961759831357)));
#2688=IFCINDEXEDPOLYCURVE(#2687,(IFCLINEINDEX((1,2,3,4,5,6,7,8,9,10,11,12,13,14,15,16,17,18,19,20,21,22,23,24,25,26,27,1))),$);
#2689=IFCARBITRARYCLOSEDPROFILEDEF(.AREA.,$,#2688);
#2690=IFCCARTESIANPOINT((0.,0.,0.));
#2691=IFCDIRECTION((0.,0.,1.));
#2692=IFCDIRECTION((1.,0.,0.));
#2693=IFCAXIS2PLACEMENT3D(#2690,#2691,#2692);
#2694=IFCDIRECTION((0.,0.,1.));
#2695=IFCEXTRUDEDAREASOLID(#2689,#2693,#2694,0.34);
#2696=IFCSHAPEREPRESENTATION(#11,'Body','SweptSolid',(#2695));
#2697=IFCPRODUCTDEFINITIONSHAPE($,$,(#2696));
#2698=IFCELEMENTQUANTITY('2nCwvRRQLGuOy3MoB$FckH',$,'Qto_SlabBaseQuantities',$,'BaseQuantities',(#2700,#2701));
#2699=IFCRELDEFINESBYPROPERTIES('0PerSKdpnT_O0hSANH$2oY',$,$,$,(#2677),#2698);
#2700=IFCQUANTITYLENGTH('Width',$,$,44.,$);
#2701=IFCQUANTITYLENGTH('Depth',$,$,15.,$);
#2702=IFCWALL('368mAOiLPL5PbJ7$q2BqDY',$,'Service Core','Lift and stair core, full height',$,#2710,#2721,$,$);
#2703=IFCRELDEFINESBYTYPE('2PJwYHYkbGROPi1Mh9_hue',$,$,$,(#2702),#279);
#2704=IFCMATERIALLAYERSETUSAGE(#280,.AXIS2.,.POSITIVE.,0.,$);
#2705=IFCRELASSOCIATESMATERIAL('2MRh1O975KDvVhHrMq59vY',$,$,$,(#2702),#2704);
#2706=IFCCARTESIANPOINT((3.,3.,0.));
#2707=IFCDIRECTION((0.,0.,1.));
#2708=IFCDIRECTION((1.,0.,0.));
#2709=IFCAXIS2PLACEMENT3D(#2706,#2707,#2708);
#2710=IFCLOCALPLACEMENT(#62,#2709);
#2711=IFCCARTESIANPOINTLIST2D(((0.,0.),(16.,0.),(16.,9.),(0.,9.)));
#2712=IFCINDEXEDPOLYCURVE(#2711,(IFCLINEINDEX((1,2,3,4,1))),$);
#2713=IFCARBITRARYCLOSEDPROFILEDEF(.AREA.,$,#2712);
#2714=IFCCARTESIANPOINT((0.,0.,0.));
#2715=IFCDIRECTION((0.,0.,1.));
#2716=IFCDIRECTION((1.,0.,0.));
#2717=IFCAXIS2PLACEMENT3D(#2714,#2715,#2716);
#2718=IFCDIRECTION((0.,0.,1.));
#2719=IFCEXTRUDEDAREASOLID(#2713,#2717,#2718,95.);
#2720=IFCSHAPEREPRESENTATION(#11,'Body','SweptSolid',(#2719));
#2721=IFCPRODUCTDEFINITIONSHAPE($,$,(#2720));
#2722=IFCPROPERTYSET('22zKZwNkDQzOsjFvUwTzSy',$,'Pset_WallCommon',$,(#2724,#2725));
#2723=IFCRELDEFINESBYPROPERTIES('0csW2PsfjRLeOacwKh5m4t',$,$,$,(#2702),#2722);
#2724=IFCPROPERTYSINGLEVALUE('IsExternal',$,IFCBOOLEAN(.F.),$);
#2725=IFCPROPERTYSINGLEVALUE('LoadBearing',$,IFCBOOLEAN(.T.),$);
#2726=IFCPROPERTYSET('3j941mHcfIBvs9ux55YnOU',$,'Pset_BuildingCommon',$,(#2728,#2729,#2730));
#2727=IFCRELDEFINESBYPROPERTIES('0FSO_7O7bJ$x8RRZ7Mqd5r',$,$,$,(#33),#2726);
#2728=IFCPROPERTYSINGLEVALUE('IsLandmarked',$,IFCLOGICAL(.U.),$);
#2729=IFCPROPERTYSINGLEVALUE('NumberOfStoreys',$,IFCINTEGER(26),$);
#2730=IFCPROPERTYSINGLEVALUE('Reference',$,IFCIDENTIFIER('Sail-form hotel, authored massing'),$);
#2731=IFCCLASSIFICATIONREFERENCE($,'REF-SLB','Floor slabs',#247,$,$);
#2732=IFCRELASSOCIATESCLASSIFICATION('2xmwukJPnIjRJCWCw2D_xA',$,$,$,(#283,#308,#402,#493,#584,#675,#766,#857,#948,#1039,#1130,#1221,#1312,#1403,#1494,#1585,#1676,#1767,#1858,#1949,#2040,#2131,#2222,#2313,#2404,#2495,#2586),#2731);
#2733=IFCCLASSIFICATIONREFERENCE($,'REF-CWL','Curtain walling',#247,$,$);
#2734=IFCRELASSOCIATESCLASSIFICATION('2Qa7D0Dk5U3AHtu4PP2A_d',$,$,$,(#332,#355,#426,#448,#517,#539,#608,#630,#699,#721,#790,#812,#881,#903,#972,#994,#1063,#1085,#1154,#1176,#1245,#1267,#1336,#1358,#1427,#1449,#1518,#1540,#1609,#1631,#1700,#1722,#1791,#1813,#1882,#1904,#1973,#1995,#2064,#2086,#2155,#2177,#2246,#2268,#2337,#2359,#2428,#2450,#2519,#2541,#2610,#2632),#2733);
#2735=IFCCLASSIFICATIONREFERENCE($,'REF-WAL','Walls',#247,$,$);
#2736=IFCRELASSOCIATESCLASSIFICATION('0GKqssPA5UEwgpaU6Is7Zw',$,$,$,(#378,#470,#561,#652,#743,#834,#925,#1016,#1107,#1198,#1289,#1380,#1471,#1562,#1653,#1744,#1835,#1926,#2017,#2108,#2199,#2290,#2381,#2472,#2563,#2654),#2735);
#2737=IFCCLASSIFICATIONREFERENCE($,'REF-ROF','Roof',#247,$,$);
#2738=IFCRELASSOCIATESCLASSIFICATION('3ln4GScsDRqhTZKqRmlBe2',$,$,$,(#2677),#2737);
#2739=IFCCLASSIFICATIONREFERENCE($,'REF-COR','Service core',#247,$,$);
#2740=IFCRELASSOCIATESCLASSIFICATION('3lGWM95hzJHR8bvCSCjn51',$,$,$,(#2702),#2739);
ENDSEC;
END-ISO-10303-21;
