ISO-10303-21;
HEADER;
FILE_DESCRIPTION(('ViewDefinition [CoordinationView]'),'2;1');
FILE_NAME('','2026-10-01T15:25:41',(''),(''),'IfcOpenShell 0.9.0alpha0-8c614fa','IfcOpenShell 0.9.0alpha0-8c614fa','');
FILE_SCHEMA(('IFC4X3_ADD2'));
ENDSEC;
DATA;
#1=IFCPERSON($,$,'InGreen CDE demo',$,$,$,$,$);
#2=IFCORGANIZATION($,'InGreen',$,$,$);
#3=IFCPERSONANDORGANIZATION(#1,#2,$);
#4=IFCAPPLICATION(#2,'2.0','InGreen landmark builder (IfcOpenShell)','ingreen-landmark');
#5=IFCOWNERHISTORY(#3,#4,$,.ADDED.,1790861141,#3,#4,1790861141);
#6=IFCSIUNIT(*,.LENGTHUNIT.,$,.METRE.);
#7=IFCSIUNIT(*,.AREAUNIT.,$,.SQUARE_METRE.);
#8=IFCSIUNIT(*,.VOLUMEUNIT.,$,.CUBIC_METRE.);
#9=IFCSIUNIT(*,.MASSUNIT.,.KILO.,.GRAM.);
#10=IFCSIUNIT(*,.PLANEANGLEUNIT.,$,.RADIAN.);
#11=IFCUNITASSIGNMENT((#6,#7,#8,#9,#10));
#12=IFCCARTESIANPOINT((0.,0.,0.));
#13=IFCAXIS2PLACEMENT3D(#12,$,$);
#14=IFCDIRECTION((0.,1.));
#15=IFCGEOMETRICREPRESENTATIONCONTEXT($,'Model',3,1.E-05,#13,#14);
#16=IFCGEOMETRICREPRESENTATIONSUBCONTEXT('Body','Model',*,*,*,*,#15,$,.MODEL_VIEW.,$);
#17=IFCPROJECT('19Mkt19SPCtQ8_IKC4niL1',#5,'Bancs-fanals de Pere Falqu\X2\00E9\X0\s \X2\2014\X0\ Passeig de Gr\X2\00E0\X0\cia','Illustrative IFC4X3 model (\X2\2248\X0\LOD 400 geometry, LOD 500-style asset data with demo values). Street geometry \X2\00A9\X0\ OpenStreetMap contributors (ODbL); pavement levels measured on the ICGC 3D mesh; form from Wikimedia Commons photographs. Not the owner''s as-built model.',$,$,$,(#15),#11);
#18=IFCSIUNIT(*,.LENGTHUNIT.,$,.METRE.);
#19=IFCPROJECTEDCRS('EPSG:25831','ETRS89 / UTM zone 31N','ETRS89','Alicante (REDNAP)',$,$,#18);
#20=IFCMAPCONVERSION(#15,#19,430426.09229142306,4582379.870743454,23.22,0.9999538853210748,-0.00960350099114519,1.);
#21=IFCLOCALPLACEMENT($,#13);
#22=IFCSITE('34603PUYT5OPu319LFoWkM',#5,'Passeig de Gr\X2\00E0\X0\cia, Bes\X2\00F2\X0\s island, Gran Via\X2\2013\X0\Diputaci\X2\00F3\X0\',$,$,#21,$,$,.ELEMENT.,(41,23,23,791199),(2,10,4,148400),23.22,$,$);
#23=IFCLOCALPLACEMENT(#21,#13);
#24=IFCBUILDING('27G9PrzbTEHwpsKdch4lkZ',#5,'Bancs-fanals de Pere Falqu\X2\00E9\X0\s \X2\00B7\X0\ Passeig de Gr\X2\00E0\X0\cia','Illustrative IFC4X3 model (\X2\2248\X0\LOD 400 geometry, LOD 500-style asset data with demo values). Street geometry \X2\00A9\X0\ OpenStreetMap contributors (ODbL); pavement levels measured on the ICGC 3D mesh; form from Wikimedia Commons photographs. Not the owner''s as-built model.',$,#23,$,$,.ELEMENT.,$,$,$);
#25=IFCRELAGGREGATES('2yQr0EL9DCjwJRUYYDWXim',#5,$,$,#17,(#22));
#26=IFCRELAGGREGATES('3siTRJjybF6uYmInURxoaK',#5,$,$,#22,(#24));
#27=IFCCOLOURRGB($,0.92,0.91,0.86);
#28=IFCSURFACESTYLESHADING(#27,0.);
#29=IFCSURFACESTYLE('Trencad\X2\00ED\X0\s, white glazed ceramic on mortar',.BOTH.,(#28));
#30=IFCMATERIAL('Trencad\X2\00ED\X0\s, white glazed ceramic on mortar','Broken white glazed tiles set in mortar over a brick and concrete core: the modernista \X2\00AB\X0\trencad\X2\00ED\X0\s\X2\00BB\X0\','Ceramic');
#31=IFCPROPERTYSINGLEVALUE('MassDensity',$,IFCMASSDENSITYMEASURE(2000.),$);
#32=IFCMATERIALPROPERTIES('Pset_MaterialCommon',$,(#31),#30);
#33=IFCSTYLEDITEM($,(#29),$);
#34=IFCSTYLEDREPRESENTATION(#15,'Style','Material',(#33));
#35=IFCMATERIALDEFINITIONREPRESENTATION($,$,(#34),#30);
#36=IFCCOLOURRGB($,0.13,0.1,0.08);
#37=IFCSURFACESTYLESHADING(#36,0.);
#38=IFCSURFACESTYLE('Wrought and cast iron, painted dark brown-black',.BOTH.,(#37));
#39=IFCMATERIAL('Wrought and cast iron, painted dark brown-black','Forged scrollwork and cast parts, the near-black brown of the Passeig''s 1906 ironwork','Iron');
#40=IFCPROPERTYSINGLEVALUE('MassDensity',$,IFCMASSDENSITYMEASURE(7600.),$);
#41=IFCMATERIALPROPERTIES('Pset_MaterialCommon',$,(#40),#39);
#42=IFCSTYLEDITEM($,(#38),$);
#43=IFCSTYLEDREPRESENTATION(#15,'Style','Material',(#42));
#44=IFCMATERIALDEFINITIONREPRESENTATION($,$,(#43),#39);
#45=IFCCOLOURRGB($,0.2,0.2,0.2);
#46=IFCSURFACESTYLESHADING(#45,0.);
#47=IFCSURFACESTYLE('Cast iron, painted dark grey',.BOTH.,(#46));
#48=IFCMATERIAL('Cast iron, painted dark grey',$,'Iron');
#49=IFCPROPERTYSINGLEVALUE('MassDensity',$,IFCMASSDENSITYMEASURE(7200.),$);
#50=IFCMATERIALPROPERTIES('Pset_MaterialCommon',$,(#49),#48);
#51=IFCSTYLEDITEM($,(#47),$);
#52=IFCSTYLEDREPRESENTATION(#15,'Style','Material',(#51));
#53=IFCMATERIALDEFINITIONREPRESENTATION($,$,(#52),#48);
#54=IFCCOLOURRGB($,0.95,0.94,0.9);
#55=IFCSURFACESTYLESHADING(#54,0.3);
#56=IFCSURFACESTYLE('Opal glass globe',.BOTH.,(#55));
#57=IFCMATERIAL('Opal glass globe',$,'Glass');
#58=IFCPROPERTYSINGLEVALUE('MassDensity',$,IFCMASSDENSITYMEASURE(2500.),$);
#59=IFCMATERIALPROPERTIES('Pset_MaterialCommon',$,(#58),#57);
#60=IFCSTYLEDITEM($,(#56),$);
#61=IFCSTYLEDREPRESENTATION(#15,'Style','Material',(#60));
#62=IFCMATERIALDEFINITIONREPRESENTATION($,$,(#61),#57);
#63=IFCCOLOURRGB($,1.,0.94,0.72);
#64=IFCSURFACESTYLESHADING(#63,0.);
#65=IFCSURFACESTYLE('LED lamp, warm white diffuser',.BOTH.,(#64));
#66=IFCMATERIAL('LED lamp, warm white diffuser',$,'Plastic');
#67=IFCPROPERTYSINGLEVALUE('MassDensity',$,IFCMASSDENSITYMEASURE(1200.),$);
#68=IFCMATERIALPROPERTIES('Pset_MaterialCommon',$,(#67),#66);
#69=IFCSTYLEDITEM($,(#65),$);
#70=IFCSTYLEDREPRESENTATION(#15,'Style','Material',(#69));
#71=IFCMATERIALDEFINITIONREPRESENTATION($,$,(#70),#66);
#72=IFCCOLOURRGB($,0.55,0.6,0.57);
#73=IFCSURFACESTYLESHADING(#72,0.);
#74=IFCSURFACESTYLE('Hydraulic concrete tile \X2\00AB\X0\panot\X2\00BB\X0\ with the hexagonal Gaud\X2\00ED\X0\ relief, grey-green',.BOTH.,(#73));
#75=IFCMATERIAL('Hydraulic concrete tile \X2\00AB\X0\panot\X2\00BB\X0\ with the hexagonal Gaud\X2\00ED\X0\ relief, grey-green','Hexagonal 3-sided relief tile (starfish, ammonite, seaweed) designed by Antoni Gaud\X2\00ED\X0\, Passeig de Gr\X2\00E0\X0\cia standard','Concrete');
#76=IFCPROPERTYSINGLEVALUE('MassDensity',$,IFCMASSDENSITYMEASURE(2300.),$);
#77=IFCMATERIALPROPERTIES('Pset_MaterialCommon',$,(#76),#75);
#78=IFCSTYLEDITEM($,(#74),$);
#79=IFCSTYLEDREPRESENTATION(#15,'Style','Material',(#78));
#80=IFCMATERIALDEFINITIONREPRESENTATION($,$,(#79),#75);
#81=IFCCOLOURRGB($,0.68,0.67,0.64);
#82=IFCSURFACESTYLESHADING(#81,0.);
#83=IFCSURFACESTYLE('Concrete C20/25, base and footings',.BOTH.,(#82));
#84=IFCMATERIAL('Concrete C20/25, base and footings',$,'Concrete');
#85=IFCPROPERTYSINGLEVALUE('MassDensity',$,IFCMASSDENSITYMEASURE(2400.),$);
#86=IFCMATERIALPROPERTIES('Pset_MaterialCommon',$,(#85),#84);
#87=IFCSTYLEDITEM($,(#83),$);
#88=IFCSTYLEDREPRESENTATION(#15,'Style','Material',(#87));
#89=IFCMATERIALDEFINITIONREPRESENTATION($,$,(#88),#84);
#90=IFCCOLOURRGB($,0.62,0.61,0.59);
#91=IFCSURFACESTYLESHADING(#90,0.);
#92=IFCSURFACESTYLE('Granite kerb, flamed finish, grey',.BOTH.,(#91));
#93=IFCMATERIAL('Granite kerb, flamed finish, grey',$,'Stone');
#94=IFCPROPERTYSINGLEVALUE('MassDensity',$,IFCMASSDENSITYMEASURE(2650.),$);
#95=IFCMATERIALPROPERTIES('Pset_MaterialCommon',$,(#94),#93);
#96=IFCSTYLEDITEM($,(#92),$);
#97=IFCSTYLEDREPRESENTATION(#15,'Style','Material',(#96));
#98=IFCMATERIALDEFINITIONREPRESENTATION($,$,(#97),#93);
#99=IFCCOLOURRGB($,0.08,0.08,0.08);
#100=IFCSURFACESTYLESHADING(#99,0.);
#101=IFCSURFACESTYLE('Copper conductors, XLPE insulation, black PVC sheath',.BOTH.,(#100));
#102=IFCMATERIAL('Copper conductors, XLPE insulation, black PVC sheath',$,'Copper');
#103=IFCPROPERTYSINGLEVALUE('MassDensity',$,IFCMASSDENSITYMEASURE(3500.),$);
#104=IFCMATERIALPROPERTIES('Pset_MaterialCommon',$,(#103),#102);
#105=IFCSTYLEDITEM($,(#101),$);
#106=IFCSTYLEDREPRESENTATION(#15,'Style','Material',(#105));
#107=IFCMATERIALDEFINITIONREPRESENTATION($,$,(#106),#102);
#108=IFCCOLOURRGB($,0.7,0.12,0.1);
#109=IFCSURFACESTYLESHADING(#108,0.);
#110=IFCSURFACESTYLE('Corrugated HDPE duct, red (power)',.BOTH.,(#109));
#111=IFCMATERIAL('Corrugated HDPE duct, red (power)',$,'Plastic');
#112=IFCPROPERTYSINGLEVALUE('MassDensity',$,IFCMASSDENSITYMEASURE(950.),$);
#113=IFCMATERIALPROPERTIES('Pset_MaterialCommon',$,(#112),#111);
#114=IFCSTYLEDITEM($,(#110),$);
#115=IFCSTYLEDREPRESENTATION(#15,'Style','Material',(#114));
#116=IFCMATERIALDEFINITIONREPRESENTATION($,$,(#115),#111);
#117=IFCCOLOURRGB($,0.7,0.69,0.66);
#118=IFCSURFACESTYLESHADING(#117,0.);
#119=IFCSURFACESTYLE('Precast concrete C30/37',.BOTH.,(#118));
#120=IFCMATERIAL('Precast concrete C30/37',$,'Concrete');
#121=IFCPROPERTYSINGLEVALUE('MassDensity',$,IFCMASSDENSITYMEASURE(2400.),$);
#122=IFCMATERIALPROPERTIES('Pset_MaterialCommon',$,(#121),#120);
#123=IFCSTYLEDITEM($,(#119),$);
#124=IFCSTYLEDREPRESENTATION(#15,'Style','Material',(#123));
#125=IFCMATERIALDEFINITIONREPRESENTATION($,$,(#124),#120);
#126=IFCCOLOURRGB($,0.55,0.56,0.57);
#127=IFCSURFACESTYLESHADING(#126,0.);
#128=IFCSURFACESTYLE('Glass-fibre polyester (GRP), grey',.BOTH.,(#127));
#129=IFCMATERIAL('Glass-fibre polyester (GRP), grey',$,'Plastic');
#130=IFCPROPERTYSINGLEVALUE('MassDensity',$,IFCMASSDENSITYMEASURE(1800.),$);
#131=IFCMATERIALPROPERTIES('Pset_MaterialCommon',$,(#130),#129);
#132=IFCSTYLEDITEM($,(#128),$);
#133=IFCSTYLEDREPRESENTATION(#15,'Style','Material',(#132));
#134=IFCMATERIALDEFINITIONREPRESENTATION($,$,(#133),#129);
#135=IFCCOLOURRGB($,0.55,0.5,0.4);
#136=IFCSURFACESTYLESHADING(#135,0.);
#137=IFCSURFACESTYLE('Plane-tree bark',.BOTH.,(#136));
#138=IFCMATERIAL('Plane-tree bark',$,'Wood');
#139=IFCPROPERTYSINGLEVALUE('MassDensity',$,IFCMASSDENSITYMEASURE(700.),$);
#140=IFCMATERIALPROPERTIES('Pset_MaterialCommon',$,(#139),#138);
#141=IFCSTYLEDITEM($,(#137),$);
#142=IFCSTYLEDREPRESENTATION(#15,'Style','Material',(#141));
#143=IFCMATERIALDEFINITIONREPRESENTATION($,$,(#142),#138);
#144=IFCCARTESIANPOINT((0.,0.,0.));
#145=IFCAXIS2PLACEMENT3D(#144,$,$);
#146=IFCLOCALPLACEMENT(#23,#145);
#147=IFCBUILDINGSTOREY('29GTluyu10BPuCliBe8C7c',#5,'Andana Bes\X2\00F2\X0\s del Passeig de Gr\X2\00E0\X0\cia \X2\00B7\X0\ Island level','The tree-lined island between the Bes\X2\00F2\X0\s side lane and the central carriageway, at bench-lamp 1''s pavement',$,#146,$,$,.ELEMENT.,0.);
#148=IFCRELAGGREGATES('3aFgQ4Gy98cRN4zu$m03qB',#5,$,$,#24,(#147));
#149=IFCLOCALPLACEMENT(#23,#13);
#150=IFCELEMENTASSEMBLY('3Rsam2MHf38AFtw6OnVGI2',#5,'Banc-fanal 1 \X2\00B7\X0\ Bench-lamp 1','Modernista bench-lamp of Passeig de Gr\X2\00E0\X0\cia, designed by Pere Falqu\X2\00E9\X0\s i Urp\X2\00ED\X0\ (1906).','Banc-fanal: trencad\X2\00ED\X0\s bench with two-light iron lamp',#149,$,'PFAL-ASM-001',.NOTDEFINED.,.USERDEFINED.);
#151=IFCPROPERTYSINGLEVALUE('Designer',$,IFCLABEL('Pere Falqu\X2\00E9\X0\s i Urp\X2\00ED\X0\'),$);
#152=IFCPROPERTYSINGLEVALUE('DesignYear',$,IFCINTEGER(1906),$);
#153=IFCPROPERTYSINGLEVALUE('Type',$,IFCLABEL('Banc-fanal (bench-lamp)'),$);
#154=IFCPROPERTYSINGLEVALUE('Bench',$,IFCLABEL('Trencad\X2\00ED\X0\s over a masonry core'),$);
#155=IFCPROPERTYSINGLEVALUE('Lanterns',$,IFCINTEGER(2),$);
#156=IFCPROPERTYSINGLEVALUE('OverallHeight_m',$,IFCREAL(7.),$);
#157=IFCPROPERTYSINGLEVALUE('BenchLength_m',$,IFCREAL(2.6),$);
#158=IFCPROPERTYSINGLEVALUE('HeritageStatus',$,IFCLABEL('Municipal heritage (demo \X2\2014\X0\ not checked)'),$);
#159=IFCPROPERTYSINGLEVALUE('InventoryRef',$,IFCLABEL('PG-BF-01 (demo)'),$);
#160=IFCPROPERTYSET('3gwVrPIQT3ZQcQc0K6UcKb',#5,'Pset_CDE_Specification',$,(#151,#152,#153,#154,#155,#156,#157,#158,#159));
#161=IFCRELDEFINESBYPROPERTIES('1S4oXacbnCHg400p7EbLM8',#5,$,$,(#150),#160);
#162=IFCPROPERTYSINGLEVALUE('DataStatus',$,IFCLABEL('Illustrative demo values \X2\2014\X0\ not the owner''s as-built register'),$);
#163=IFCPROPERTYSINGLEVALUE('AssetOwner',$,IFCLABEL('Ajuntament de Barcelona (register values are demo)'),$);
#164=IFCPROPERTYSINGLEVALUE('Manufacturer',$,IFCLABEL('Original ironwork, 1906 (workshop not recorded here)'),$);
#165=IFCPROPERTYSINGLEVALUE('Model',$,IFCLABEL('Banc-fanal, municipal model by Pere Falqu\X2\00E9\X0\s i Urp\X2\00ED\X0\ (1906)'),$);
#166=IFCPROPERTYSINGLEVALUE('SerialNumber',$,IFCLABEL('BCN-PFA-PGR-001'),$);
#167=IFCPROPERTYSINGLEVALUE('LifecycleStatus',$,IFCLABEL('In service'),$);
#168=IFCPROPERTYSINGLEVALUE('InstallationYear',$,IFCINTEGER(1906),$);
#169=IFCPROPERTYSINGLEVALUE('LastInspection',$,IFCLABEL('2026-06-17'),$);
#170=IFCPROPERTYSINGLEVALUE('InspectionInterval_months',$,IFCINTEGER(12),$);
#171=IFCPROPERTYSINGLEVALUE('NextInspection',$,IFCLABEL('2027-06-17'),$);
#172=IFCPROPERTYSINGLEVALUE('ConditionIndex_1to5',$,IFCINTEGER(4),$);
#173=IFCPROPERTYSINGLEVALUE('WarrantyEnd',$,IFCLABEL('None (heritage asset, pre-dates warranties)'),$);
#174=IFCPROPERTYSINGLEVALUE('MaintenanceContractor',$,IFCLABEL('Demo contractor \X2\2014\X0\ heritage ironwork and ceramics'),$);
#175=IFCPROPERTYSINGLEVALUE('MaintenanceStrategy',$,IFCLABEL('Condition-based'),$);
#176=IFCPROPERTYSINGLEVALUE('LastRestoration',$,IFCLABEL('2014 (demo)'),$);
#177=IFCPROPERTYSET('2v3Fahl$L2lQiUk2cMxcBg',#5,'Pset_CDE_AssetManagement (demo)',$,(#162,#163,#164,#165,#166,#167,#168,#169,#170,#171,#172,#173,#174,#175,#176));
#178=IFCRELDEFINESBYPROPERTIES('14gkPqYx9BCeUe4sB8mboQ',#5,$,$,(#150),#177);
#179=IFCPROPERTYSINGLEVALUE('GeometrySource',$,IFCLABEL('Form from Wikimedia Commons photographs; dimensions estimated; position in a gap of the OSM island tree row'),$);
#180=IFCPROPERTYSINGLEVALUE('Confidence',$,IFCLABEL('Medium'),$);
#181=IFCPROPERTYSINGLEVALUE('Reference',$,IFCLABEL('Commons Category:Fanals-bancs (\X2\00AB\X0\Banc-fanal del passeig de Gr\X2\00E0\X0\cia.jpg\X2\00BB\X0\, \X2\00AB\X0\109 Banc fanal\X2\202600BB\X0\, \X2\00AB\X0\035 Banc de trencad\X2\00ED\X0\s\X2\202600BB\X0\); OSM tree nodes 12633020995/96 and 12633020992/93 (ODbL)'),$);
#182=IFCPROPERTYSET('3xR9eEljr3I8fOykooNbjN',#5,'Pset_CDE_Provenance',$,(#179,#180,#181));
#183=IFCRELDEFINESBYPROPERTIES('08Xy0$dVP5lfxt9TgFsr65',#5,$,$,(#150),#182);
#184=IFCCARTESIANPOINT((1.750210928908599,-0.41651942808489995));
#185=IFCCARTESIANPOINT((1.356205786160851,-0.2510950790975569));
#186=IFCCARTESIANPOINT((1.0045689721444067,-0.04602314931383866));
#187=IFCCARTESIANPOINT((0.6906383331551385,0.19433359499237618));
#188=IFCCARTESIANPOINT((0.4121149374690746,0.46782385156298983));
#189=IFCCARTESIANPOINT((0.16844556430433105,0.7739299255465695));
#190=IFCCARTESIANPOINT((-0.03931228238856177,1.1136414116374684));
#191=IFCCARTESIANPOINT((-0.2082278179659086,1.4897008895983832));
#192=IFCCARTESIANPOINT((-0.3326669312286231,1.907380667440285));
#193=IFCCARTESIANPOINT((-1.0920356989142053,1.1967759428122533));
#194=IFCCARTESIANPOINT((-0.9675965856514908,0.7790961649703517));
#195=IFCCARTESIANPOINT((-0.7986810500741439,0.40303668700943707));
#196=IFCCARTESIANPOINT((-0.590923203381251,0.06332520091853794));
#197=IFCCARTESIANPOINT((-0.34725383021650746,-0.24278087306504173));
#198=IFCCARTESIANPOINT((-0.06873043453044367,-0.5162711296356552));
#199=IFCCARTESIANPOINT((0.24520020445882465,-0.7566278739418701));
#200=IFCCARTESIANPOINT((0.5968370184752688,-0.9616998037255884));
#201=IFCCARTESIANPOINT((0.9908421612230168,-1.1271241527129314));
#202=IFCCARTESIANPOINT((1.750210928908599,-0.41651942808489995));
#203=IFCPOLYLINE((#184,#185,#186,#187,#188,#189,#190,#191,#192,#193,#194,#195,#196,#197,#198,#199,#200,#201,#202));
#204=IFCARBITRARYCLOSEDPROFILEDEF(.AREA.,$,#203);
#205=IFCCARTESIANPOINT((0.,0.,0.));
#206=IFCAXIS2PLACEMENT3D(#205,$,$);
#207=IFCDIRECTION((0.,0.,1.));
#208=IFCEXTRUDEDAREASOLID(#204,#206,#207,0.05);
#209=IFCSTYLEDITEM(#208,(#29),$);
#210=IFCSHAPEREPRESENTATION(#16,'Body','SweptSolid',(#208));
#211=IFCPRODUCTDEFINITIONSHAPE($,$,(#210));
#212=IFCLOCALPLACEMENT(#23,#13);
#213=IFCSLAB('3Ti7QQ3irF6AJ5RDARxZtl',#5,'S\X2\00F2\X0\col del banc 1 \X2\00B7\X0\ Bench plinth',$,'Low mosaic-clad plinth following the bench''s curve',#212,#211,'PFAL-SLB-001',.BASESLAB.);
#214=IFCRELASSOCIATESMATERIAL('2HOrodi2X4ggPgLMIocOLH',#5,$,$,(#213),#30);
#215=IFCPROPERTYSINGLEVALUE('Reference',$,IFCLABEL('Low mosaic-clad plinth following the bench''s curve'),$);
#216=IFCPROPERTYSINGLEVALUE('IsExternal',$,IFCBOOLEAN(.T.),$);
#217=IFCPROPERTYSINGLEVALUE('LoadBearing',$,IFCBOOLEAN(.T.),$);
#218=IFCPROPERTYSINGLEVALUE('Status',$,IFCLABEL('EXISTING'),$);
#219=IFCPROPERTYSET('2EY1NmKbT1JBpOmEEBrFRu',#5,'Pset_SlabCommon',$,(#215,#216,#217,#218));
#220=IFCRELDEFINESBYPROPERTIES('1$EDx5M2591P2hR2UAIMi3',#5,$,$,(#213),#219);
#221=IFCPROPERTYSINGLEVALUE('Material',$,IFCLABEL('Trencad\X2\00ED\X0\s, white glazed ceramic on mortar'),$);
#222=IFCPROPERTYSINGLEVALUE('Category',$,IFCLABEL('Ceramic'),$);
#223=IFCPROPERTYSINGLEVALUE('Description',$,IFCLABEL('Broken white glazed tiles set in mortar over a brick and concrete core: the modernista \X2\00AB\X0\trencad\X2\00ED\X0\s\X2\00BB\X0\'),$);
#224=IFCPROPERTYSINGLEVALUE('MassDensity_kg_m3',$,IFCREAL(2000.),$);
#225=IFCPROPERTYSET('16FuhfiA91MB1hOWUPfHB2',#5,'Pset_CDE_Material',$,(#221,#222,#223,#224));
#226=IFCRELDEFINESBYPROPERTIES('1bwEARPED7xgw8t9tfD22l',#5,$,$,(#213),#225);
#227=IFCPROPERTYSINGLEVALUE('GeometrySource',$,IFCLABEL('Form from Wikimedia Commons photographs; dimensions estimated; position in a gap of the OSM island tree row'),$);
#228=IFCPROPERTYSINGLEVALUE('Confidence',$,IFCLABEL('Medium'),$);
#229=IFCPROPERTYSINGLEVALUE('Reference',$,IFCLABEL('Commons Category:Fanals-bancs (\X2\00AB\X0\Banc-fanal del passeig de Gr\X2\00E0\X0\cia.jpg\X2\00BB\X0\, \X2\00AB\X0\109 Banc fanal\X2\202600BB\X0\, \X2\00AB\X0\035 Banc de trencad\X2\00ED\X0\s\X2\202600BB\X0\); OSM tree nodes 12633020995/96 and 12633020992/93 (ODbL)'),$);
#230=IFCPROPERTYSET('0R$BpcJ_r6D8CTbNtnRKQP',#5,'Pset_CDE_Provenance',$,(#227,#228,#229));
#231=IFCRELDEFINESBYPROPERTIES('0W9Nh53urB9OgdGnqIXK71',#5,$,$,(#213),#230);
#232=IFCPROPERTYSINGLEVALUE('Height_mm',$,IFCINTEGER(50),$);
#233=IFCPROPERTYSINGLEVALUE('Finish',$,IFCLABEL('Trencad\X2\00ED\X0\s, white'),$);
#234=IFCPROPERTYSET('35Fl77KeT0pwiaCpnwING1',#5,'Pset_CDE_Specification',$,(#232,#233));
#235=IFCRELDEFINESBYPROPERTIES('37zuwlj6DDmhPZngkr5LU1',#5,$,$,(#213),#234);
#236=IFCPROPERTYSINGLEVALUE('DataStatus',$,IFCLABEL('Illustrative demo values \X2\2014\X0\ not the owner''s as-built register'),$);
#237=IFCPROPERTYSINGLEVALUE('AssetOwner',$,IFCLABEL('Ajuntament de Barcelona (register values are demo)'),$);
#238=IFCPROPERTYSINGLEVALUE('Manufacturer',$,IFCLABEL('Original ironwork, 1906 (workshop not recorded here)'),$);
#239=IFCPROPERTYSINGLEVALUE('Model',$,IFCLABEL('Banc-fanal, municipal model by Pere Falqu\X2\00E9\X0\s i Urp\X2\00ED\X0\ (1906)'),$);
#240=IFCPROPERTYSINGLEVALUE('SerialNumber',$,IFCLABEL('BCN-PFA-PGR-002'),$);
#241=IFCPROPERTYSINGLEVALUE('LifecycleStatus',$,IFCLABEL('In service'),$);
#242=IFCPROPERTYSINGLEVALUE('InstallationYear',$,IFCINTEGER(1906),$);
#243=IFCPROPERTYSINGLEVALUE('LastInspection',$,IFCLABEL('2026-06-17'),$);
#244=IFCPROPERTYSINGLEVALUE('InspectionInterval_months',$,IFCINTEGER(12),$);
#245=IFCPROPERTYSINGLEVALUE('NextInspection',$,IFCLABEL('2027-06-17'),$);
#246=IFCPROPERTYSINGLEVALUE('ConditionIndex_1to5',$,IFCINTEGER(4),$);
#247=IFCPROPERTYSINGLEVALUE('WarrantyEnd',$,IFCLABEL('None (heritage asset, pre-dates warranties)'),$);
#248=IFCPROPERTYSINGLEVALUE('MaintenanceContractor',$,IFCLABEL('Demo contractor \X2\2014\X0\ heritage ironwork and ceramics'),$);
#249=IFCPROPERTYSINGLEVALUE('MaintenanceStrategy',$,IFCLABEL('Condition-based'),$);
#250=IFCPROPERTYSET('3ELkqCZZj7fADdmKcdWeJs',#5,'Pset_CDE_AssetManagement (demo)',$,(#236,#237,#238,#239,#240,#241,#242,#243,#244,#245,#246,#247,#248,#249));
#251=IFCRELDEFINESBYPROPERTIES('0Zoe25Nhv0d9bUansWNnE1',#5,$,$,(#213),#250);
#252=IFCCARTESIANPOINT((1.1315565147197435,-0.557187248754101));
#253=IFCCARTESIANPOINT((0.8654136646500493,-0.4159151318596069));
#254=IFCCARTESIANPOINT((0.6202776190163742,-0.25498519505362405));
#255=IFCCARTESIANPOINT((0.3947814435003641,-0.07567659284739103));
#256=IFCCARTESIANPOINT((0.1881491995040006,0.12128456426148293));
#257=IFCCARTESIANPOINT((9.181497686902573E-05,0.33562776743259803));
#258=IFCCARTESIANPOINT((-0.16922927604237825,0.5675040839674597));
#259=IFCCARTESIANPOINT((-0.31918198844049633,0.8175050086535189));
#260=IFCCARTESIANPOINT((-0.4485807689684805,1.086739962599322));
#261=IFCCARTESIANPOINT((-0.8282651528112716,0.7314376002853061));
#262=IFCCARTESIANPOINT((-0.6988663722832874,0.46220264633950325));
#263=IFCCARTESIANPOINT((-0.5489136598851693,0.21220172165344398));
#264=IFCCARTESIANPOINT((-0.379592568865922,-0.019674594881417734));
#265=IFCCARTESIANPOINT((-0.19153518433879047,-0.2340177980525328));
#266=IFCCARTESIANPOINT((0.015097059657573048,-0.4309789551614068));
#267=IFCCARTESIANPOINT((0.24059323517358316,-0.6102875573676398));
#268=IFCCARTESIANPOINT((0.4857292808072583,-0.7712174941736226));
#269=IFCCARTESIANPOINT((0.7518721308769526,-0.9124896110681168));
#270=IFCCARTESIANPOINT((1.1315565147197435,-0.557187248754101));
#271=IFCPOLYLINE((#252,#253,#254,#255,#256,#257,#258,#259,#260,#261,#262,#263,#264,#265,#266,#267,#268,#269,#270));
#272=IFCARBITRARYCLOSEDPROFILEDEF(.AREA.,$,#271);
#273=IFCCARTESIANPOINT((0.,0.,0.05));
#274=IFCAXIS2PLACEMENT3D(#273,$,$);
#275=IFCDIRECTION((0.,0.,1.));
#276=IFCEXTRUDEDAREASOLID(#272,#274,#275,0.31);
#277=IFCCARTESIANPOINT((1.4312420664857433,-0.46848466859272225));
#278=IFCCARTESIANPOINT((1.1284968854211161,-0.3238015466993051));
#279=IFCCARTESIANPOINT((0.8519196136328406,-0.15463092840530823));
#280=IFCCARTESIANPOINT((0.5993754380789261,0.03702946357746928));
#281=IFCCARTESIANPOINT((0.3696596632560364,0.25005229513569804));
#282=IFCCARTESIANPOINT((0.16229625053977706,0.48399209720349734));
#283=IFCCARTESIANPOINT((-0.02253530770423473,0.7390168357658665));
#284=IFCCARTESIANPOINT((-0.18397283900633232,1.0159333175502625));
#285=IFCCARTESIANPOINT((-0.3203338903103778,1.3163159542806497));
#286=IFCCARTESIANPOINT((-0.8606539750097343,0.810693361756858));
#287=IFCCARTESIANPOINT((-0.7242929237056888,0.5103107250264709));
#288=IFCCARTESIANPOINT((-0.5628553924035913,0.2333942432420749));
#289=IFCCARTESIANPOINT((-0.37802383415957946,-0.02163049532029432));
#290=IFCCARTESIANPOINT((-0.17066042144332016,-0.2555702973880936));
#291=IFCCARTESIANPOINT((0.05905535337956963,-0.46859312894632243));
#292=IFCCARTESIANPOINT((0.3115995289334842,-0.6602535209290998));
#293=IFCCARTESIANPOINT((0.5881768007217597,-0.8294241392230968));
#294=IFCCARTESIANPOINT((0.8909219817863868,-0.9741072611165139));
#295=IFCCARTESIANPOINT((1.4312420664857433,-0.46848466859272225));
#296=IFCPOLYLINE((#277,#278,#279,#280,#281,#282,#283,#284,#285,#286,#287,#288,#289,#290,#291,#292,#293,#294,#295));
#297=IFCARBITRARYCLOSEDPROFILEDEF(.AREA.,$,#296);
#298=IFCCARTESIANPOINT((0.,0.,0.36));
#299=IFCAXIS2PLACEMENT3D(#298,$,$);
#300=IFCDIRECTION((0.,0.,1.));
#301=IFCEXTRUDEDAREASOLID(#297,#299,#300,0.1);
#302=IFCCARTESIANPOINT((-0.7414717424622373,1.0180912219822311,0.05));
#303=IFCDIRECTION((0.,-1.,0.));
#304=IFCDIRECTION((1.,0.,0.));
#305=IFCAXIS2PLACEMENT3D(#302,#303,#304);
#306=IFCCARTESIANPOINT((0.,0.));
#307=IFCCARTESIANPOINT((0.32,0.));
#308=IFCCARTESIANPOINT((0.34,0.2));
#309=IFCCARTESIANPOINT((0.3,0.42));
#310=IFCCARTESIANPOINT((0.2,0.56));
#311=IFCCARTESIANPOINT((0.,0.63));
#312=IFCCARTESIANPOINT((0.,0.));
#313=IFCPOLYLINE((#306,#307,#308,#309,#310,#311,#312));
#314=IFCARBITRARYCLOSEDPROFILEDEF(.AREA.,$,#313);
#315=IFCCARTESIANPOINT((0.,0.,0.));
#316=IFCDIRECTION((0.,1.,0.));
#317=IFCAXIS1PLACEMENT(#315,#316);
#318=IFCREVOLVEDAREASOLID(#314,#305,#317,6.283185307179586);
#319=IFCSTYLEDITEM(#276,(#29),$);
#320=IFCSTYLEDITEM(#301,(#29),$);
#321=IFCSTYLEDITEM(#318,(#29),$);
#322=IFCSHAPEREPRESENTATION(#16,'Body','SweptSolid',(#276,#301,#318));
#323=IFCPRODUCTDEFINITIONSHAPE($,$,(#322));
#324=IFCLOCALPLACEMENT(#23,#13);
#325=IFCFURNITURE('2EOU7Hc410Peml2Qqjp9a1',#5,'Banc de trencad\X2\00ED\X0\s 1 \X2\00B7\X0\ Mosaic bench',$,'Curved bench, brick core clad in white trencad\X2\00ED\X0\s, with end bolster',#324,#323,'PFAL-ELM-001',.USERDEFINED.);
#326=IFCRELASSOCIATESMATERIAL('1Weebv1Kz6tOTzSoUA794u',#5,$,$,(#325),#30);
#327=IFCPROPERTYSINGLEVALUE('Material',$,IFCLABEL('Trencad\X2\00ED\X0\s, white glazed ceramic on mortar'),$);
#328=IFCPROPERTYSINGLEVALUE('Category',$,IFCLABEL('Ceramic'),$);
#329=IFCPROPERTYSINGLEVALUE('Description',$,IFCLABEL('Broken white glazed tiles set in mortar over a brick and concrete core: the modernista \X2\00AB\X0\trencad\X2\00ED\X0\s\X2\00BB\X0\'),$);
#330=IFCPROPERTYSINGLEVALUE('MassDensity_kg_m3',$,IFCREAL(2000.),$);
#331=IFCPROPERTYSET('33sLrCVqT4lQbLtIiNkgsD',#5,'Pset_CDE_Material',$,(#327,#328,#329,#330));
#332=IFCRELDEFINESBYPROPERTIES('2TiJLsf8952BhqWdwkcAxU',#5,$,$,(#325),#331);
#333=IFCPROPERTYSINGLEVALUE('GeometrySource',$,IFCLABEL('Form from Wikimedia Commons photographs; dimensions estimated; position in a gap of the OSM island tree row'),$);
#334=IFCPROPERTYSINGLEVALUE('Confidence',$,IFCLABEL('Medium'),$);
#335=IFCPROPERTYSINGLEVALUE('Reference',$,IFCLABEL('Commons Category:Fanals-bancs (\X2\00AB\X0\Banc-fanal del passeig de Gr\X2\00E0\X0\cia.jpg\X2\00BB\X0\, \X2\00AB\X0\109 Banc fanal\X2\202600BB\X0\, \X2\00AB\X0\035 Banc de trencad\X2\00ED\X0\s\X2\202600BB\X0\); OSM tree nodes 12633020995/96 and 12633020992/93 (ODbL)'),$);
#336=IFCPROPERTYSET('3moIeMoAX7CQXPSkQm1r5a',#5,'Pset_CDE_Provenance',$,(#333,#334,#335));
#337=IFCRELDEFINESBYPROPERTIES('1If5VFW$TAL8Y7gveBKimy',#5,$,$,(#325),#336);
#338=IFCPROPERTYSINGLEVALUE('SeatHeight_mm',$,IFCINTEGER(460),$);
#339=IFCPROPERTYSINGLEVALUE('SeatDepth_mm',$,IFCINTEGER(740),$);
#340=IFCPROPERTYSINGLEVALUE('Length_mm',$,IFCINTEGER(2600),$);
#341=IFCPROPERTYSINGLEVALUE('Seats',$,IFCINTEGER(3),$);
#342=IFCPROPERTYSINGLEVALUE('Finish',$,IFCLABEL('Trencad\X2\00ED\X0\s, white glazed ceramic'),$);
#343=IFCPROPERTYSET('0d$UiGUFn0p8mGIhT5HMlQ',#5,'Pset_CDE_Specification',$,(#338,#339,#340,#341,#342));
#344=IFCRELDEFINESBYPROPERTIES('0kZ4NuvS56Cv1AUghUPQeB',#5,$,$,(#325),#343);
#345=IFCPROPERTYSINGLEVALUE('DataStatus',$,IFCLABEL('Illustrative demo values \X2\2014\X0\ not the owner''s as-built register'),$);
#346=IFCPROPERTYSINGLEVALUE('AssetOwner',$,IFCLABEL('Ajuntament de Barcelona (register values are demo)'),$);
#347=IFCPROPERTYSINGLEVALUE('Manufacturer',$,IFCLABEL('Original ironwork, 1906 (workshop not recorded here)'),$);
#348=IFCPROPERTYSINGLEVALUE('Model',$,IFCLABEL('Banc-fanal, municipal model by Pere Falqu\X2\00E9\X0\s i Urp\X2\00ED\X0\ (1906)'),$);
#349=IFCPROPERTYSINGLEVALUE('SerialNumber',$,IFCLABEL('BCN-PFA-PGR-003'),$);
#350=IFCPROPERTYSINGLEVALUE('LifecycleStatus',$,IFCLABEL('In service'),$);
#351=IFCPROPERTYSINGLEVALUE('InstallationYear',$,IFCINTEGER(1906),$);
#352=IFCPROPERTYSINGLEVALUE('LastInspection',$,IFCLABEL('2026-06-17'),$);
#353=IFCPROPERTYSINGLEVALUE('InspectionInterval_months',$,IFCINTEGER(6),$);
#354=IFCPROPERTYSINGLEVALUE('NextInspection',$,IFCLABEL('2026-12-17'),$);
#355=IFCPROPERTYSINGLEVALUE('ConditionIndex_1to5',$,IFCINTEGER(4),$);
#356=IFCPROPERTYSINGLEVALUE('WarrantyEnd',$,IFCLABEL('None (heritage asset, pre-dates warranties)'),$);
#357=IFCPROPERTYSINGLEVALUE('MaintenanceContractor',$,IFCLABEL('Demo contractor \X2\2014\X0\ heritage ironwork and ceramics'),$);
#358=IFCPROPERTYSINGLEVALUE('MaintenanceStrategy',$,IFCLABEL('Condition-based'),$);
#359=IFCPROPERTYSET('1_9Adsyr1Cw9e$1ewoVQRt',#5,'Pset_CDE_AssetManagement (demo)',$,(#345,#346,#347,#348,#349,#350,#351,#352,#353,#354,#355,#356,#357,#358));
#360=IFCRELDEFINESBYPROPERTIES('3thKA7B_rBBAGPXsK1aHV1',#5,$,$,(#325),#359);
#361=IFCCARTESIANPOINT((0.9224472114384308,-0.8076506164470517));
#362=IFCCARTESIANPOINT((0.6600097347281061,-0.6731827617295092));
#363=IFCCARTESIANPOINT((0.4177668885217761,-0.5198171060239254));
#364=IFCCARTESIANPOINT((0.1943433843654933,-0.3488406215033599));
#365=IFCCARTESIANPOINT((-0.011078486991443315,-0.16101850695086398));
#366=IFCCARTESIANPOINT((-0.19886475737967346,0.04330671110457497));
#367=IFCCARTESIANPOINT((-0.36897376144079613,0.26417402241575333));
#368=IFCCARTESIANPOINT((-0.5209512354142782,0.5020085194913422));
#369=IFCCARTESIANPOINT((-0.6538751263310639,0.7576730442390552));
#370=IFCCARTESIANPOINT((-0.7999075816552144,0.6210182895028953));
#371=IFCCARTESIANPOINT((-0.6669836907384287,0.3653537647551822));
#372=IFCCARTESIANPOINT((-0.5150062167649465,0.1275192676795934));
#373=IFCCARTESIANPOINT((-0.3448972127038239,-0.09334804363158494));
#374=IFCCARTESIANPOINT((-0.15711094231559375,-0.2976732616870239));
#375=IFCCARTESIANPOINT((0.048310929041342876,-0.4854953762395199));
#376=IFCCARTESIANPOINT((0.2717344331976257,-0.6564718607600853));
#377=IFCCARTESIANPOINT((0.5139772794039557,-0.809837516465669));
#378=IFCCARTESIANPOINT((0.7764147561142805,-0.9443053711832117));
#379=IFCCARTESIANPOINT((0.9224472114384308,-0.8076506164470517));
#380=IFCPOLYLINE((#361,#362,#363,#364,#365,#366,#367,#368,#369,#370,#371,#372,#373,#374,#375,#376,#377,#378,#379));
#381=IFCARBITRARYCLOSEDPROFILEDEF(.AREA.,$,#380);
#382=IFCCARTESIANPOINT((0.,0.,0.46));
#383=IFCAXIS2PLACEMENT3D(#382,$,$);
#384=IFCDIRECTION((0.,0.,1.));
#385=IFCEXTRUDEDAREASOLID(#381,#383,#384,0.4);
#386=IFCCARTESIANPOINT((0.,0.));
#387=IFCDIRECTION((1.,0.));
#388=IFCAXIS2PLACEMENT2D(#386,#387);
#389=IFCCIRCLEPROFILEDEF(.AREA.,$,#388,0.1);
#390=IFCCARTESIANPOINT((0.8494309837763556,-0.8759779938151318,0.86));
#391=IFCDIRECTION((-0.8830099636059772,0.4693542416688815,0.));
#392=IFCDIRECTION((0.46935424166888157,0.8830099636059773,-0.));
#393=IFCAXIS2PLACEMENT3D(#390,#391,#392);
#394=IFCDIRECTION((0.,0.,1.));
#395=IFCEXTRUDEDAREASOLID(#389,#393,#394,0.39110301456507685);
#396=IFCCARTESIANPOINT((0.,0.));
#397=IFCDIRECTION((1.,0.));
#398=IFCAXIS2PLACEMENT2D(#396,#397);
#399=IFCCIRCLEPROFILEDEF(.AREA.,$,#398,0.1);
#400=IFCCARTESIANPOINT((0.5040831251190592,-0.6924121349995266,0.86));
#401=IFCDIRECTION((-0.8203067273190472,0.5719238350647001,0.));
#402=IFCDIRECTION((0.5719238350647001,0.8203067273190472,-0.));
#403=IFCAXIS2PLACEMENT3D(#400,#401,#402);
#404=IFCDIRECTION((0.,0.,1.));
#405=IFCEXTRUDEDAREASOLID(#399,#403,#404,0.3782878005113913);
#406=IFCCARTESIANPOINT((0.,0.));
#407=IFCDIRECTION((1.,0.));
#408=IFCAXIS2PLACEMENT2D(#406,#407);
#409=IFCCIRCLEPROFILEDEF(.AREA.,$,#408,0.1);
#410=IFCCARTESIANPOINT((0.1937710974968392,-0.4760603253728614,0.86));
#411=IFCDIRECTION((-0.7477798805416306,0.6639467224538012,0.));
#412=IFCDIRECTION((0.6639467224538012,0.7477798805416306,-0.));
#413=IFCAXIS2PLACEMENT3D(#410,#411,#412);
#414=IFCDIRECTION((0.,0.,1.));
#415=IFCEXTRUDEDAREASOLID(#409,#413,#414,0.3715877083361679);
#416=IFCCARTESIANPOINT((0.,0.));
#417=IFCDIRECTION((1.,0.));
#418=IFCAXIS2PLACEMENT2D(#416,#417);
#419=IFCCIRCLEPROFILEDEF(.AREA.,$,#418,0.1);
#420=IFCCARTESIANPOINT((-0.08409471465351868,-0.22934588431894376,0.86));
#421=IFCDIRECTION((-0.6659435866354969,0.7460021041652969,0.));
#422=IFCDIRECTION((0.7460021041652969,0.6659435866354969,-0.));
#423=IFCAXIS2PLACEMENT3D(#420,#421,#422);
#424=IFCDIRECTION((0.,0.,1.));
#425=IFCEXTRUDEDAREASOLID(#419,#423,#424,0.3701020066859926);
#426=IFCCARTESIANPOINT((0.,0.));
#427=IFCDIRECTION((1.,0.));
#428=IFCAXIS2PLACEMENT2D(#426,#427);
#429=IFCCIRCLEPROFILEDEF(.AREA.,$,#428,0.1);
#430=IFCCARTESIANPOINT((-0.33056177240698326,0.04675099142460551,0.86));
#431=IFCDIRECTION((-0.5749003214001549,0.8182234538645288,0.));
#432=IFCDIRECTION((0.8182234538645288,0.5749003214001549,-0.));
#433=IFCAXIS2PLACEMENT3D(#430,#431,#432);
#434=IFCDIRECTION((0.,0.,1.));
#435=IFCEXTRUDEDAREASOLID(#429,#433,#434,0.3736429394655678);
#436=IFCCARTESIANPOINT((0.,0.));
#437=IFCDIRECTION((1.,0.));
#438=IFCAXIS2PLACEMENT2D(#436,#437);
#439=IFCCIRCLEPROFILEDEF(.AREA.,$,#438,0.1);
#440=IFCCARTESIANPOINT((-0.5453692183946368,0.3524744078662175,0.86));
#441=IFCDIRECTION((-0.4743630011962725,0.8803293378594542,0.));
#442=IFCDIRECTION((0.8803293378594543,0.47436300119627256,-0.));
#443=IFCAXIS2PLACEMENT3D(#440,#441,#442);
#444=IFCDIRECTION((0.,0.,1.));
#445=IFCEXTRUDEDAREASOLID(#439,#443,#444,0.38266503740960184);
#446=IFCSTYLEDITEM(#385,(#29),$);
#447=IFCSTYLEDITEM(#395,(#29),$);
#448=IFCSTYLEDITEM(#405,(#29),$);
#449=IFCSTYLEDITEM(#415,(#29),$);
#450=IFCSTYLEDITEM(#425,(#29),$);
#451=IFCSTYLEDITEM(#435,(#29),$);
#452=IFCSTYLEDITEM(#445,(#29),$);
#453=IFCSHAPEREPRESENTATION(#16,'Body','SweptSolid',(#385,#395,#405,#415,#425,#435,#445));
#454=IFCPRODUCTDEFINITIONSHAPE($,$,(#453));
#455=IFCLOCALPLACEMENT(#23,#13);
#456=IFCFURNITURE('2lEf9mZeL5QADeDLlJvrI_',#5,'Respatller 1 \X2\00B7\X0\ Backrest',$,'Curved backrest with a rounded top roll, trencad\X2\00ED\X0\s',#455,#454,'PFAL-ELM-002',.USERDEFINED.);
#457=IFCRELASSOCIATESMATERIAL('2uDStKOj96PRAjKAd1_ptt',#5,$,$,(#456),#30);
#458=IFCPROPERTYSINGLEVALUE('Material',$,IFCLABEL('Trencad\X2\00ED\X0\s, white glazed ceramic on mortar'),$);
#459=IFCPROPERTYSINGLEVALUE('Category',$,IFCLABEL('Ceramic'),$);
#460=IFCPROPERTYSINGLEVALUE('Description',$,IFCLABEL('Broken white glazed tiles set in mortar over a brick and concrete core: the modernista \X2\00AB\X0\trencad\X2\00ED\X0\s\X2\00BB\X0\'),$);
#461=IFCPROPERTYSINGLEVALUE('MassDensity_kg_m3',$,IFCREAL(2000.),$);
#462=IFCPROPERTYSET('1UwpMtyFj9TvtmH9XcJChh',#5,'Pset_CDE_Material',$,(#458,#459,#460,#461));
#463=IFCRELDEFINESBYPROPERTIES('2ch1jCrif2JAn5QbcUS3Av',#5,$,$,(#456),#462);
#464=IFCPROPERTYSINGLEVALUE('GeometrySource',$,IFCLABEL('Form from Wikimedia Commons photographs; dimensions estimated; position in a gap of the OSM island tree row'),$);
#465=IFCPROPERTYSINGLEVALUE('Confidence',$,IFCLABEL('Medium'),$);
#466=IFCPROPERTYSINGLEVALUE('Reference',$,IFCLABEL('Commons Category:Fanals-bancs (\X2\00AB\X0\Banc-fanal del passeig de Gr\X2\00E0\X0\cia.jpg\X2\00BB\X0\, \X2\00AB\X0\109 Banc fanal\X2\202600BB\X0\, \X2\00AB\X0\035 Banc de trencad\X2\00ED\X0\s\X2\202600BB\X0\); OSM tree nodes 12633020995/96 and 12633020992/93 (ODbL)'),$);
#467=IFCPROPERTYSET('3pvkKwPc5BUwqdsNLxUaQg',#5,'Pset_CDE_Provenance',$,(#464,#465,#466));
#468=IFCRELDEFINESBYPROPERTIES('1n1Fve4E9228_hZS_GC0Qc',#5,$,$,(#456),#467);
#469=IFCPROPERTYSINGLEVALUE('BackHeight_mm',$,IFCINTEGER(500),$);
#470=IFCPROPERTYSET('2_aRpAM0v2sRdVGfA7bpl_',#5,'Pset_CDE_Specification',$,(#469));
#471=IFCRELDEFINESBYPROPERTIES('2l0UABBET9SQXwZ1X0EM3z',#5,$,$,(#456),#470);
#472=IFCPROPERTYSINGLEVALUE('DataStatus',$,IFCLABEL('Illustrative demo values \X2\2014\X0\ not the owner''s as-built register'),$);
#473=IFCPROPERTYSINGLEVALUE('AssetOwner',$,IFCLABEL('Ajuntament de Barcelona (register values are demo)'),$);
#474=IFCPROPERTYSINGLEVALUE('Manufacturer',$,IFCLABEL('Original ironwork, 1906 (workshop not recorded here)'),$);
#475=IFCPROPERTYSINGLEVALUE('Model',$,IFCLABEL('Banc-fanal, municipal model by Pere Falqu\X2\00E9\X0\s i Urp\X2\00ED\X0\ (1906)'),$);
#476=IFCPROPERTYSINGLEVALUE('SerialNumber',$,IFCLABEL('BCN-PFA-PGR-004'),$);
#477=IFCPROPERTYSINGLEVALUE('LifecycleStatus',$,IFCLABEL('In service'),$);
#478=IFCPROPERTYSINGLEVALUE('InstallationYear',$,IFCINTEGER(1906),$);
#479=IFCPROPERTYSINGLEVALUE('LastInspection',$,IFCLABEL('2026-06-17'),$);
#480=IFCPROPERTYSINGLEVALUE('InspectionInterval_months',$,IFCINTEGER(6),$);
#481=IFCPROPERTYSINGLEVALUE('NextInspection',$,IFCLABEL('2026-12-17'),$);
#482=IFCPROPERTYSINGLEVALUE('ConditionIndex_1to5',$,IFCINTEGER(4),$);
#483=IFCPROPERTYSINGLEVALUE('WarrantyEnd',$,IFCLABEL('None (heritage asset, pre-dates warranties)'),$);
#484=IFCPROPERTYSINGLEVALUE('MaintenanceContractor',$,IFCLABEL('Demo contractor \X2\2014\X0\ heritage ironwork and ceramics'),$);
#485=IFCPROPERTYSINGLEVALUE('MaintenanceStrategy',$,IFCLABEL('Condition-based'),$);
#486=IFCPROPERTYSET('0gUu29pE58duWkMR7JVEtt',#5,'Pset_CDE_AssetManagement (demo)',$,(#472,#473,#474,#475,#476,#477,#478,#479,#480,#481,#482,#483,#484,#485));
#487=IFCRELDEFINESBYPROPERTIES('3F4HFpB2HBZeSTssiaOb3c',#5,$,$,(#456),#486);
#488=IFCCARTESIANPOINT((0.,0.));
#489=IFCDIRECTION((-0.6832737736807996,0.730162276620752));
#490=IFCAXIS2PLACEMENT2D(#488,#489);
#491=IFCRECTANGLEPROFILEDEF(.AREA.,$,#490,0.7000000000000001,0.7);
#492=IFCCARTESIANPOINT((-0.7560749879946524,1.004425746508615,-0.95));
#493=IFCAXIS2PLACEMENT3D(#492,$,$);
#494=IFCDIRECTION((0.,0.,1.));
#495=IFCEXTRUDEDAREASOLID(#491,#493,#494,0.8);
#496=IFCSTYLEDITEM(#495,(#83),$);
#497=IFCSHAPEREPRESENTATION(#16,'Body','SweptSolid',(#495));
#498=IFCPRODUCTDEFINITIONSHAPE($,$,(#497));
#499=IFCLOCALPLACEMENT(#23,#13);
#500=IFCFOOTING('1ZV$2T_95EfQ_NIzDJUmnQ',#5,'Fonament del fanal 1 \X2\00B7\X0\ Lamp footing',$,'Concrete pad 700 \X2\00D7\X0\ 700 \X2\00D7\X0\ 800 with anchor cage',#499,#498,'PFAL-ELM-003',.PAD_FOOTING.);
#501=IFCRELASSOCIATESMATERIAL('1tyisO9JPEBR_aC8Iz2LA3',#5,$,$,(#500),#84);
#502=IFCPROPERTYSINGLEVALUE('Material',$,IFCLABEL('Concrete C20/25, base and footings'),$);
#503=IFCPROPERTYSINGLEVALUE('Category',$,IFCLABEL('Concrete'),$);
#504=IFCPROPERTYSINGLEVALUE('MassDensity_kg_m3',$,IFCREAL(2400.),$);
#505=IFCPROPERTYSET('38E3jeXm5APur0M87Dz3Qf',#5,'Pset_CDE_Material',$,(#502,#503,#504));
#506=IFCRELDEFINESBYPROPERTIES('0N08NXkl11ogIs2SgXn9rn',#5,$,$,(#500),#505);
#507=IFCPROPERTYSINGLEVALUE('GeometrySource',$,IFCLABEL('Below the pavement: not visible in any open source; typical for a Barcelona street-lighting circuit'),$);
#508=IFCPROPERTYSINGLEVALUE('Confidence',$,IFCLABEL('Low'),$);
#509=IFCPROPERTYSET('1cIXkbW4P68gde2ZNxkaPX',#5,'Pset_CDE_Provenance',$,(#507,#508));
#510=IFCRELDEFINESBYPROPERTIES('3VXe5IHIv7owlnKvt1quo7',#5,$,$,(#500),#509);
#511=IFCPROPERTYSINGLEVALUE('Size_mm',$,IFCLABEL('700 \X2\00D7\X0\ 700 \X2\00D7\X0\ 800'),$);
#512=IFCPROPERTYSINGLEVALUE('Anchors',$,IFCLABEL('4 \X2\00D7\X0\ M24 (demo)'),$);
#513=IFCPROPERTYSET('239OvQqo1CvvbkFrpSyNKQ',#5,'Pset_CDE_Specification',$,(#511,#512));
#514=IFCRELDEFINESBYPROPERTIES('33hfAKplvDohgIFhmfG0zu',#5,$,$,(#500),#513);
#515=IFCPROPERTYSINGLEVALUE('DataStatus',$,IFCLABEL('Illustrative demo values \X2\2014\X0\ not the owner''s as-built register'),$);
#516=IFCPROPERTYSINGLEVALUE('AssetOwner',$,IFCLABEL('Ajuntament de Barcelona \X2\2014\X0\ public lighting (demo)'),$);
#517=IFCPROPERTYSINGLEVALUE('Manufacturer',$,IFCLABEL('Demo civil contractor'),$);
#518=IFCPROPERTYSINGLEVALUE('Model',$,IFCLABEL('Pad footing'),$);
#519=IFCPROPERTYSINGLEVALUE('SerialNumber',$,IFCLABEL('BCN-ELE-PGR-001'),$);
#520=IFCPROPERTYSINGLEVALUE('LifecycleStatus',$,IFCLABEL('In service'),$);
#521=IFCPROPERTYSINGLEVALUE('InstallationYear',$,IFCINTEGER(2009),$);
#522=IFCPROPERTYSINGLEVALUE('LastInspection',$,IFCLABEL('2026-06-17'),$);
#523=IFCPROPERTYSINGLEVALUE('InspectionInterval_months',$,IFCINTEGER(60),$);
#524=IFCPROPERTYSINGLEVALUE('NextInspection',$,IFCLABEL('2031-06-17'),$);
#525=IFCPROPERTYSINGLEVALUE('ConditionIndex_1to5',$,IFCINTEGER(4),$);
#526=IFCPROPERTYSINGLEVALUE('WarrantyEnd',$,IFCLABEL('2019-12-31 (expired)'),$);
#527=IFCPROPERTYSINGLEVALUE('MaintenanceContractor',$,IFCLABEL('Demo contractor \X2\2014\X0\ public lighting'),$);
#528=IFCPROPERTYSINGLEVALUE('MaintenanceStrategy',$,IFCLABEL('Condition-based'),$);
#529=IFCPROPERTYSET('2YejPADMPC_htowiJlXHfr',#5,'Pset_CDE_AssetManagement (demo)',$,(#515,#516,#517,#518,#519,#520,#521,#522,#523,#524,#525,#526,#527,#528));
#530=IFCRELDEFINESBYPROPERTIES('202ErLPhvFfgb28wSigmD7',#5,$,$,(#500),#529);
#531=IFCCARTESIANPOINT((0.,0.));
#532=IFCDIRECTION((-0.6832737736807996,0.730162276620752));
#533=IFCAXIS2PLACEMENT2D(#531,#532);
#534=IFCRECTANGLEPROFILEDEF(.AREA.,$,#533,0.18000000000000016,0.18);
#535=IFCCARTESIANPOINT((-0.7560749879946524,1.004425746508615,0.62));
#536=IFCAXIS2PLACEMENT3D(#535,$,$);
#537=IFCDIRECTION((0.,0.,1.));
#538=IFCEXTRUDEDAREASOLID(#534,#536,#537,0.4);
#539=IFCCARTESIANPOINT((0.,0.));
#540=IFCDIRECTION((-0.6832737736807996,0.730162276620752));
#541=IFCAXIS2PLACEMENT2D(#539,#540);
#542=IFCRECTANGLEPROFILEDEF(.AREA.,$,#541,0.1200000000000001,0.010000000000000009);
#543=IFCCARTESIANPOINT((-0.6867095717156809,1.069336755008291,0.68));
#544=IFCAXIS2PLACEMENT3D(#543,$,$);
#545=IFCDIRECTION((0.,0.,1.));
#546=IFCEXTRUDEDAREASOLID(#542,#544,#545,0.28);
#547=IFCSTYLEDITEM(#538,(#47),$);
#548=IFCSTYLEDITEM(#546,(#47),$);
#549=IFCSHAPEREPRESENTATION(#16,'Body','SweptSolid',(#538,#546));
#550=IFCPRODUCTDEFINITIONSHAPE($,$,(#549));
#551=IFCLOCALPLACEMENT(#23,#13);
#552=IFCJUNCTIONBOX('1CZYFOtT1D6hwakMtqb$Sv',#5,'Caixa de connexi\X2\00F3\X0\ 1 \X2\00B7\X0\ Connection box in the post base',$,'Connection box with fuses behind a bolted door in the post base',#551,#550,'PFAL-ELM-004',.POWER.);
#553=IFCRELASSOCIATESMATERIAL('2JDoRA5K59fgMKVYL5RZBY',#5,$,$,(#552),#48);
#554=IFCPROPERTYSINGLEVALUE('Material',$,IFCLABEL('Cast iron, painted dark grey'),$);
#555=IFCPROPERTYSINGLEVALUE('Category',$,IFCLABEL('Iron'),$);
#556=IFCPROPERTYSINGLEVALUE('MassDensity_kg_m3',$,IFCREAL(7200.),$);
#557=IFCPROPERTYSET('3tbuHGyiP58udnNRJtpq8O',#5,'Pset_CDE_Material',$,(#554,#555,#556));
#558=IFCRELDEFINESBYPROPERTIES('1$oCBcqqTEGBYcP$TKfUD0',#5,$,$,(#552),#557);
#559=IFCPROPERTYSINGLEVALUE('GeometrySource',$,IFCLABEL('Typical dimensions and detailing for Barcelona street lighting; not visible in any open source'),$);
#560=IFCPROPERTYSINGLEVALUE('Confidence',$,IFCLABEL('Low'),$);
#561=IFCPROPERTYSET('0RhrSBklTEG95MEQGbycmt',#5,'Pset_CDE_Provenance',$,(#559,#560));
#562=IFCRELDEFINESBYPROPERTIES('2mFTX5GIH9Wx65B9DEJ25S',#5,$,$,(#552),#561);
#563=IFCPROPERTYSINGLEVALUE('Fuses',$,IFCLABEL('2 \X2\00D7\X0\ 6 A gG (demo)'),$);
#564=IFCPROPERTYSINGLEVALUE('Class',$,IFCLABEL('II'),$);
#565=IFCPROPERTYSINGLEVALUE('IngressProtection',$,IFCLABEL('IP44'),$);
#566=IFCPROPERTYSINGLEVALUE('Access',$,IFCLABEL('Bolted door, triangular key'),$);
#567=IFCPROPERTYSET('3dVvqsDgn5ERPxu_bo7Cse',#5,'Pset_CDE_Specification',$,(#563,#564,#565,#566));
#568=IFCRELDEFINESBYPROPERTIES('0AOrpaa9TFOwAXi212568e',#5,$,$,(#552),#567);
#569=IFCPROPERTYSINGLEVALUE('DataStatus',$,IFCLABEL('Illustrative demo values \X2\2014\X0\ not the owner''s as-built register'),$);
#570=IFCPROPERTYSINGLEVALUE('AssetOwner',$,IFCLABEL('Ajuntament de Barcelona \X2\2014\X0\ public lighting (demo)'),$);
#571=IFCPROPERTYSINGLEVALUE('Manufacturer',$,IFCLABEL('Demo electrical supplier'),$);
#572=IFCPROPERTYSINGLEVALUE('Model',$,IFCLABEL('Pole connection box CL-2'),$);
#573=IFCPROPERTYSINGLEVALUE('SerialNumber',$,IFCLABEL('BCN-ELE-PGR-002'),$);
#574=IFCPROPERTYSINGLEVALUE('LifecycleStatus',$,IFCLABEL('In service'),$);
#575=IFCPROPERTYSINGLEVALUE('InstallationYear',$,IFCINTEGER(2009),$);
#576=IFCPROPERTYSINGLEVALUE('LastInspection',$,IFCLABEL('2026-06-17'),$);
#577=IFCPROPERTYSINGLEVALUE('InspectionInterval_months',$,IFCINTEGER(12),$);
#578=IFCPROPERTYSINGLEVALUE('NextInspection',$,IFCLABEL('2027-06-17'),$);
#579=IFCPROPERTYSINGLEVALUE('ConditionIndex_1to5',$,IFCINTEGER(4),$);
#580=IFCPROPERTYSINGLEVALUE('WarrantyEnd',$,IFCLABEL('2019-12-31 (expired)'),$);
#581=IFCPROPERTYSINGLEVALUE('MaintenanceContractor',$,IFCLABEL('Demo contractor \X2\2014\X0\ public lighting'),$);
#582=IFCPROPERTYSINGLEVALUE('MaintenanceStrategy',$,IFCLABEL('Condition-based'),$);
#583=IFCPROPERTYSET('3qFcp$dsjApAgz70iwEdoj',#5,'Pset_CDE_AssetManagement (demo)',$,(#569,#570,#571,#572,#573,#574,#575,#576,#577,#578,#579,#580,#581,#582));
#584=IFCRELDEFINESBYPROPERTIES('11NugE_tD40hae5efw3tu$',#5,$,$,(#552),#583);
#585=IFCLOCALPLACEMENT(#23,#13);
#586=IFCELEMENTASSEMBLY('1FusuLPbv0tPewWpghurUp',#5,'Fanal de dos llums 1 \X2\00B7\X0\ Two-light lamp 1',$,'Iron lamp rising from the bench',#585,$,'PFAL-ASM-002',.NOTDEFINED.,.USERDEFINED.);
#587=IFCPROPERTYSINGLEVALUE('Lights',$,IFCINTEGER(2),$);
#588=IFCPROPERTYSINGLEVALUE('Control',$,IFCLABEL('Street-lighting circuit, astronomical clock'),$);
#589=IFCPROPERTYSINGLEVALUE('Retrofit',$,IFCLABEL('LED, 2019 (demo)'),$);
#590=IFCPROPERTYSET('14CvJnrU5DEetZXgi5hTXf',#5,'Pset_CDE_Specification',$,(#587,#588,#589));
#591=IFCRELDEFINESBYPROPERTIES('3Xh8x5uxXAmAS8qL83PEog',#5,$,$,(#586),#590);
#592=IFCPROPERTYSINGLEVALUE('DataStatus',$,IFCLABEL('Illustrative demo values \X2\2014\X0\ not the owner''s as-built register'),$);
#593=IFCPROPERTYSINGLEVALUE('AssetOwner',$,IFCLABEL('Ajuntament de Barcelona \X2\2014\X0\ public lighting (demo)'),$);
#594=IFCPROPERTYSINGLEVALUE('Manufacturer',$,IFCLABEL('Original ironwork, 1906 (workshop not recorded here)'),$);
#595=IFCPROPERTYSINGLEVALUE('Model',$,IFCLABEL('Banc-fanal, municipal model by Pere Falqu\X2\00E9\X0\s i Urp\X2\00ED\X0\ (1906)'),$);
#596=IFCPROPERTYSINGLEVALUE('SerialNumber',$,IFCLABEL('BCN-ENL-PGR-001'),$);
#597=IFCPROPERTYSINGLEVALUE('LifecycleStatus',$,IFCLABEL('In service'),$);
#598=IFCPROPERTYSINGLEVALUE('InstallationYear',$,IFCINTEGER(2019),$);
#599=IFCPROPERTYSINGLEVALUE('LastInspection',$,IFCLABEL('2026-06-17'),$);
#600=IFCPROPERTYSINGLEVALUE('InspectionInterval_months',$,IFCINTEGER(12),$);
#601=IFCPROPERTYSINGLEVALUE('NextInspection',$,IFCLABEL('2027-06-17'),$);
#602=IFCPROPERTYSINGLEVALUE('ConditionIndex_1to5',$,IFCINTEGER(4),$);
#603=IFCPROPERTYSINGLEVALUE('WarrantyEnd',$,IFCLABEL('2024-12-31 (expired)'),$);
#604=IFCPROPERTYSINGLEVALUE('MaintenanceContractor',$,IFCLABEL('Demo contractor \X2\2014\X0\ public lighting'),$);
#605=IFCPROPERTYSINGLEVALUE('MaintenanceStrategy',$,IFCLABEL('Condition-based'),$);
#606=IFCPROPERTYSET('1_tPT19jXDl9W5gKU1HcGO',#5,'Pset_CDE_AssetManagement (demo)',$,(#592,#593,#594,#595,#596,#597,#598,#599,#600,#601,#602,#603,#604,#605));
#607=IFCRELDEFINESBYPROPERTIES('2qaWfuY_v59wet$cejatvX',#5,$,$,(#586),#606);
#608=IFCPROPERTYSINGLEVALUE('GeometrySource',$,IFCLABEL('Form from Wikimedia Commons photographs; dimensions estimated; position in a gap of the OSM island tree row'),$);
#609=IFCPROPERTYSINGLEVALUE('Confidence',$,IFCLABEL('Medium'),$);
#610=IFCPROPERTYSINGLEVALUE('Reference',$,IFCLABEL('Commons Category:Fanals-bancs (\X2\00AB\X0\Banc-fanal del passeig de Gr\X2\00E0\X0\cia.jpg\X2\00BB\X0\, \X2\00AB\X0\109 Banc fanal\X2\202600BB\X0\, \X2\00AB\X0\035 Banc de trencad\X2\00ED\X0\s\X2\202600BB\X0\); OSM tree nodes 12633020995/96 and 12633020992/93 (ODbL)'),$);
#611=IFCPROPERTYSET('3UVL8Lv3XA4QEapVd6WNqS',#5,'Pset_CDE_Provenance',$,(#608,#609,#610));
#612=IFCRELDEFINESBYPROPERTIES('3ft2WnqkL9EviuYus$7GgO',#5,$,$,(#586),#611);
#613=IFCCARTESIANPOINT((0.,0.));
#614=IFCDIRECTION((-0.6832737736807996,0.730162276620752));
#615=IFCAXIS2PLACEMENT2D(#613,#614);
#616=IFCRECTANGLEPROFILEDEF(.AREA.,$,#615,0.10999999999999988,0.10999999999999999);
#617=IFCCARTESIANPOINT((-0.7560749879946524,1.004425746508615,-0.55));
#618=IFCAXIS2PLACEMENT3D(#617,$,$);
#619=IFCDIRECTION((0.,0.,1.));
#620=IFCEXTRUDEDAREASOLID(#616,#618,#619,7.4);
#621=IFCCARTESIANPOINT((-0.7560749879946524,1.004425746508615,1.02));
#622=IFCDIRECTION((0.,-1.,0.));
#623=IFCDIRECTION((1.,0.,0.));
#624=IFCAXIS2PLACEMENT3D(#621,#622,#623);
#625=IFCCARTESIANPOINT((0.,0.));
#626=IFCCARTESIANPOINT((0.13,0.));
#627=IFCCARTESIANPOINT((0.13,0.05));
#628=IFCCARTESIANPOINT((0.09,0.12));
#629=IFCCARTESIANPOINT((0.1,0.2));
#630=IFCCARTESIANPOINT((0.075,0.3));
#631=IFCCARTESIANPOINT((0.,0.3));
#632=IFCCARTESIANPOINT((0.,0.));
#633=IFCPOLYLINE((#625,#626,#627,#628,#629,#630,#631,#632));
#634=IFCARBITRARYCLOSEDPROFILEDEF(.AREA.,$,#633);
#635=IFCCARTESIANPOINT((0.,0.,0.));
#636=IFCDIRECTION((0.,1.,0.));
#637=IFCAXIS1PLACEMENT(#635,#636);
#638=IFCREVOLVEDAREASOLID(#634,#624,#637,6.283185307179586);
#639=IFCSTYLEDITEM(#620,(#38),$);
#640=IFCSTYLEDITEM(#638,(#38),$);
#641=IFCSHAPEREPRESENTATION(#16,'Body','SweptSolid',(#620,#638));
#642=IFCPRODUCTDEFINITIONSHAPE($,$,(#641));
#643=IFCLOCALPLACEMENT(#23,#13);
#644=IFCCOLUMN('0CK47SzP9B39r0RAXQltjI',#5,'Pal principal 1 \X2\00B7\X0\ Main post',$,'Square wrought-iron post 110 mm with cast base moulding, embedded 0.55 m in the footing',#643,#642,'PFAL-COL-001',.USERDEFINED.);
#645=IFCRELASSOCIATESMATERIAL('3x59UKguf5UOBTJflItSCv',#5,$,$,(#644),#39);
#646=IFCPROPERTYSINGLEVALUE('Reference',$,IFCLABEL('Square wrought-iron post 110 mm with cast base moulding, embedded 0.55 m in the footing'),$);
#647=IFCPROPERTYSINGLEVALUE('IsExternal',$,IFCBOOLEAN(.T.),$);
#648=IFCPROPERTYSINGLEVALUE('LoadBearing',$,IFCBOOLEAN(.T.),$);
#649=IFCPROPERTYSINGLEVALUE('Status',$,IFCLABEL('EXISTING'),$);
#650=IFCPROPERTYSET('07D740R$D2BvK2nWX1ThUu',#5,'Pset_ColumnCommon',$,(#646,#647,#648,#649));
#651=IFCRELDEFINESBYPROPERTIES('2y8a7AFSP93wn8uOV82xmF',#5,$,$,(#644),#650);
#652=IFCPROPERTYSINGLEVALUE('Material',$,IFCLABEL('Wrought and cast iron, painted dark brown-black'),$);
#653=IFCPROPERTYSINGLEVALUE('Category',$,IFCLABEL('Iron'),$);
#654=IFCPROPERTYSINGLEVALUE('Description',$,IFCLABEL('Forged scrollwork and cast parts, the near-black brown of the Passeig''s 1906 ironwork'),$);
#655=IFCPROPERTYSINGLEVALUE('MassDensity_kg_m3',$,IFCREAL(7600.),$);
#656=IFCPROPERTYSET('0qwRiMpUf0bAaJJ81nWYUp',#5,'Pset_CDE_Material',$,(#652,#653,#654,#655));
#657=IFCRELDEFINESBYPROPERTIES('39MYg0nBL9VA2JNOQRy11p',#5,$,$,(#644),#656);
#658=IFCPROPERTYSINGLEVALUE('GeometrySource',$,IFCLABEL('Form from Wikimedia Commons photographs; dimensions estimated; position in a gap of the OSM island tree row'),$);
#659=IFCPROPERTYSINGLEVALUE('Confidence',$,IFCLABEL('Medium'),$);
#660=IFCPROPERTYSINGLEVALUE('Reference',$,IFCLABEL('Commons Category:Fanals-bancs (\X2\00AB\X0\Banc-fanal del passeig de Gr\X2\00E0\X0\cia.jpg\X2\00BB\X0\, \X2\00AB\X0\109 Banc fanal\X2\202600BB\X0\, \X2\00AB\X0\035 Banc de trencad\X2\00ED\X0\s\X2\202600BB\X0\); OSM tree nodes 12633020995/96 and 12633020992/93 (ODbL)'),$);
#661=IFCPROPERTYSET('0C705xYqL4MwcUCvjY$nPo',#5,'Pset_CDE_Provenance',$,(#658,#659,#660));
#662=IFCRELDEFINESBYPROPERTIES('3AgknnTj5E8fxZafaJo8u_',#5,$,$,(#644),#661);
#663=IFCPROPERTYSINGLEVALUE('Section_mm',$,IFCLABEL('110 \X2\00D7\X0\ 110'),$);
#664=IFCPROPERTYSINGLEVALUE('Height_mm',$,IFCINTEGER(6850),$);
#665=IFCPROPERTYSET('0z38Mk1Kn2CQuakrWRlunz',#5,'Pset_CDE_Specification',$,(#663,#664));
#666=IFCRELDEFINESBYPROPERTIES('0RFtX0VEj0Pe$cBMG_mqrg',#5,$,$,(#644),#665);
#667=IFCPROPERTYSINGLEVALUE('DataStatus',$,IFCLABEL('Illustrative demo values \X2\2014\X0\ not the owner''s as-built register'),$);
#668=IFCPROPERTYSINGLEVALUE('AssetOwner',$,IFCLABEL('Ajuntament de Barcelona \X2\2014\X0\ public lighting (demo)'),$);
#669=IFCPROPERTYSINGLEVALUE('Manufacturer',$,IFCLABEL('Original ironwork, 1906 (workshop not recorded here)'),$);
#670=IFCPROPERTYSINGLEVALUE('Model',$,IFCLABEL('Banc-fanal, municipal model by Pere Falqu\X2\00E9\X0\s i Urp\X2\00ED\X0\ (1906)'),$);
#671=IFCPROPERTYSINGLEVALUE('SerialNumber',$,IFCLABEL('BCN-ENL-PGR-002'),$);
#672=IFCPROPERTYSINGLEVALUE('LifecycleStatus',$,IFCLABEL('In service'),$);
#673=IFCPROPERTYSINGLEVALUE('InstallationYear',$,IFCINTEGER(2019),$);
#674=IFCPROPERTYSINGLEVALUE('LastInspection',$,IFCLABEL('2026-06-17'),$);
#675=IFCPROPERTYSINGLEVALUE('InspectionInterval_months',$,IFCINTEGER(12),$);
#676=IFCPROPERTYSINGLEVALUE('NextInspection',$,IFCLABEL('2027-06-17'),$);
#677=IFCPROPERTYSINGLEVALUE('ConditionIndex_1to5',$,IFCINTEGER(4),$);
#678=IFCPROPERTYSINGLEVALUE('WarrantyEnd',$,IFCLABEL('2024-12-31 (expired)'),$);
#679=IFCPROPERTYSINGLEVALUE('MaintenanceContractor',$,IFCLABEL('Demo contractor \X2\2014\X0\ public lighting'),$);
#680=IFCPROPERTYSINGLEVALUE('MaintenanceStrategy',$,IFCLABEL('Condition-based'),$);
#681=IFCPROPERTYSET('1ATPYxao5D4eIQ9JZUayU_',#5,'Pset_CDE_AssetManagement (demo)',$,(#667,#668,#669,#670,#671,#672,#673,#674,#675,#676,#677,#678,#679,#680));
#682=IFCRELDEFINESBYPROPERTIES('2e3EASz89BBvBytSFFm4o3',#5,$,$,(#644),#681);
#683=IFCCARTESIANPOINT((0.,0.));
#684=IFCDIRECTION((1.,0.));
#685=IFCAXIS2PLACEMENT2D(#683,#684);
#686=IFCCIRCLEPROFILEDEF(.AREA.,$,#685,0.03);
#687=IFCCARTESIANPOINT((1.0887642009435063,-0.9670124003674153,0.05));
#688=IFCDIRECTION((-0.04136243973629322,0.04420086695519724,0.9981660342545576));
#689=IFCDIRECTION((0.,0.9990209883246529,-0.044238726098674616));
#690=IFCAXIS2PLACEMENT3D(#687,#688,#689);
#691=IFCDIRECTION((0.,0.,1.));
#692=IFCEXTRUDEDAREASOLID(#686,#690,#691,0.7433633028338161);
#693=IFCCARTESIANPOINT((0.,0.));
#694=IFCDIRECTION((1.,0.));
#695=IFCAXIS2PLACEMENT2D(#693,#694);
#696=IFCCIRCLEPROFILEDEF(.AREA.,$,#695,0.03);
#697=IFCCARTESIANPOINT((1.0580168811278707,-0.9341550979194818,0.792));
#698=IFCDIRECTION((-0.09372798090956984,0.10015990450698757,0.9905468485254831));
#699=IFCDIRECTION((0.,0.994926671633525,-0.10060277368062837));
#700=IFCAXIS2PLACEMENT3D(#697,#698,#699);
#701=IFCDIRECTION((0.,0.,1.));
#702=IFCEXTRUDEDAREASOLID(#696,#700,#701,0.6925467493245494);
#703=IFCCARTESIANPOINT((0.,0.));
#704=IFCDIRECTION((1.,0.));
#705=IFCAXIS2PLACEMENT2D(#703,#704);
#706=IFCCIRCLEPROFILEDEF(.AREA.,$,#705,0.03);
#707=IFCCARTESIANPOINT((0.9931058726281947,-0.8647896816405103,1.4780000000000002));
#708=IFCDIRECTION((-0.15325462086632557,0.16377145909112914,0.9745213852811447));
#709=IFCDIRECTION((0.,0.9861712890757213,-0.16572926296442092));
#710=IFCAXIS2PLACEMENT3D(#707,#708,#709);
#711=IFCDIRECTION((0.,0.,1.));
#712=IFCEXTRUDEDAREASOLID(#706,#710,#711,0.646471190386702);
#713=IFCCARTESIANPOINT((0.,0.));
#714=IFCDIRECTION((1.,0.));
#715=IFCAXIS2PLACEMENT2D(#713,#714);
#716=IFCCIRCLEPROFILEDEF(.AREA.,$,#715,0.03);
#717=IFCCARTESIANPOINT((0.8940311754444785,-0.758916151530501,2.1079999999999997));
#718=IFCDIRECTION((-0.21978603796340918,0.23486848175704753,0.94685315323628));
#719=IFCDIRECTION((0.,0.9705858195923497,-0.24075540867495965));
#720=IFCAXIS2PLACEMENT3D(#717,#718,#719);
#721=IFCDIRECTION((0.,0.,1.));
#722=IFCEXTRUDEDAREASOLID(#716,#720,#721,0.6062186074346451);
#723=IFCCARTESIANPOINT((0.,0.));
#724=IFCDIRECTION((1.,0.));
#725=IFCAXIS2PLACEMENT2D(#723,#724);
#726=IFCCIRCLEPROFILEDEF(.AREA.,$,#725,0.03);
#727=IFCCARTESIANPOINT((0.7607927895767226,-0.6165345075894543,2.682));
#728=IFCDIRECTION((-0.2921413196807773,0.31218902186747477,0.9039864290798858));
#729=IFCDIRECTION((0.,0.9452215674028817,-0.3264294541190174));
#730=IFCAXIS2PLACEMENT3D(#727,#728,#729);
#731=IFCDIRECTION((0.,0.,1.));
#732=IFCEXTRUDEDAREASOLID(#726,#730,#731,0.5730174517412189);
#733=IFCCARTESIANPOINT((0.,0.));
#734=IFCDIRECTION((1.,0.));
#735=IFCAXIS2PLACEMENT2D(#733,#734);
#736=IFCCIRCLEPROFILEDEF(.AREA.,$,#735,0.03);
#737=IFCCARTESIANPOINT((0.5933907150249268,-0.4376447498173702,3.2));
#738=IFCDIRECTION((-0.3677197291462555,0.39295387139683674,0.8428341804595033));
#739=IFCDIRECTION((0.730162276620752,0.6832737736807994,-0.));
#740=IFCAXIS2PLACEMENT3D(#737,#738,#739);
#741=IFCDIRECTION((0.,0.,1.));
#742=IFCEXTRUDEDAREASOLID(#736,#740,#741,0.5481505267716157);
#743=IFCCARTESIANPOINT((0.,0.));
#744=IFCDIRECTION((1.,0.));
#745=IFCAXIS2PLACEMENT2D(#743,#744);
#746=IFCCIRCLEPROFILEDEF(.AREA.,$,#745,0.03);
#747=IFCCARTESIANPOINT((0.391824951789091,-0.22224687821424843,3.662));
#748=IFCDIRECTION((-0.44244672241391364,0.47280887773698443,0.7620319304059893));
#749=IFCDIRECTION((0.7301622766207521,0.6832737736807994,-0.));
#750=IFCAXIS2PLACEMENT3D(#747,#748,#749);
#751=IFCDIRECTION((0.,0.,1.));
#752=IFCEXTRUDEDAREASOLID(#746,#750,#751,0.5327860733915628);
#753=IFCCARTESIANPOINT((0.,0.));
#754=IFCDIRECTION((1.,0.));
#755=IFCAXIS2PLACEMENT2D(#753,#754);
#756=IFCCIRCLEPROFILEDEF(.AREA.,$,#755,0.03);
#757=IFCCARTESIANPOINT((0.15609549986921517,0.02965910721991101,4.068));
#758=IFCDIRECTION((-0.5113988599775511,0.5464927387025785,0.6631869212816371));
#759=IFCDIRECTION((0.7301622766207521,0.6832737736807994,-0.));
#760=IFCAXIS2PLACEMENT3D(#757,#758,#759);
#761=IFCDIRECTION((0.,0.,1.));
#762=IFCEXTRUDEDAREASOLID(#756,#760,#761,0.527754677857052);
#763=IFCCARTESIANPOINT((0.,0.));
#764=IFCDIRECTION((1.,0.));
#765=IFCAXIS2PLACEMENT2D(#763,#764);
#766=IFCCIRCLEPROFILEDEF(.AREA.,$,#765,0.03);
#767=IFCCARTESIANPOINT((-0.11379764073470097,0.3180732064851084,4.418));
#768=IFCDIRECTION((-0.5700899646475783,0.6092114208091653,0.5512339584639186));
#769=IFCDIRECTION((0.7301622766207522,0.6832737736807994,-0.));
#770=IFCAXIS2PLACEMENT3D(#767,#768,#769);
#771=IFCDIRECTION((0.,0.,1.));
#772=IFCEXTRUDEDAREASOLID(#766,#770,#771,0.5333488539408328);
#773=IFCCARTESIANPOINT((0.,0.));
#774=IFCDIRECTION((1.,0.));
#775=IFCAXIS2PLACEMENT2D(#773,#774);
#776=IFCCIRCLEPROFILEDEF(.AREA.,$,#775,0.03);
#777=IFCCARTESIANPOINT((-0.4178544700226567,0.6429954195813431,4.712));
#778=IFCDIRECTION((-0.6157928024986797,0.6580505383324705,0.4333228742994857));
#779=IFCDIRECTION((0.7301622766207517,0.6832737736807998,-0.));
#780=IFCAXIS2PLACEMENT3D(#777,#778,#779);
#781=IFCDIRECTION((0.,0.,1.));
#782=IFCEXTRUDEDAREASOLID(#776,#780,#781,0.5492440259119802);
#783=IFCSTYLEDITEM(#692,(#38),$);
#784=IFCSTYLEDITEM(#702,(#38),$);
#785=IFCSTYLEDITEM(#712,(#38),$);
#786=IFCSTYLEDITEM(#722,(#38),$);
#787=IFCSTYLEDITEM(#732,(#38),$);
#788=IFCSTYLEDITEM(#742,(#38),$);
#789=IFCSTYLEDITEM(#752,(#38),$);
#790=IFCSTYLEDITEM(#762,(#38),$);
#791=IFCSTYLEDITEM(#772,(#38),$);
#792=IFCSTYLEDITEM(#782,(#38),$);
#793=IFCSHAPEREPRESENTATION(#16,'Body','SweptSolid',(#692,#702,#712,#722,#732,#742,#752,#762,#772,#782));
#794=IFCPRODUCTDEFINITIONSHAPE($,$,(#793));
#795=IFCLOCALPLACEMENT(#23,#13);
#796=IFCMEMBER('2TRK8NrrH5d9za0B6vSYQl',#5,'Montant corbat 1 \X2\00B7\X0\ Curved stay',$,'Curved flat-bar stay from the far end of the bench to the post',#795,#794,'PFAL-MEM-001',.MEMBER.);
#797=IFCRELASSOCIATESMATERIAL('0YHYwom9XDTgtGEurNVkpQ',#5,$,$,(#796),#39);
#798=IFCPROPERTYSINGLEVALUE('Reference',$,IFCLABEL('Curved flat-bar stay from the far end of the bench to the post'),$);
#799=IFCPROPERTYSINGLEVALUE('IsExternal',$,IFCBOOLEAN(.T.),$);
#800=IFCPROPERTYSINGLEVALUE('Status',$,IFCLABEL('EXISTING'),$);
#801=IFCPROPERTYSET('3y__XayMrCY8$mwVfyhVVe',#5,'Pset_MemberCommon',$,(#798,#799,#800));
#802=IFCRELDEFINESBYPROPERTIES('2KDjmihU9DAAPx$b8x2iyH',#5,$,$,(#796),#801);
#803=IFCPROPERTYSINGLEVALUE('Material',$,IFCLABEL('Wrought and cast iron, painted dark brown-black'),$);
#804=IFCPROPERTYSINGLEVALUE('Category',$,IFCLABEL('Iron'),$);
#805=IFCPROPERTYSINGLEVALUE('Description',$,IFCLABEL('Forged scrollwork and cast parts, the near-black brown of the Passeig''s 1906 ironwork'),$);
#806=IFCPROPERTYSINGLEVALUE('MassDensity_kg_m3',$,IFCREAL(7600.),$);
#807=IFCPROPERTYSET('12biZd6TbCLApX5PVRZs$W',#5,'Pset_CDE_Material',$,(#803,#804,#805,#806));
#808=IFCRELDEFINESBYPROPERTIES('2FWFVcFTL8seJZsbVyqbEh',#5,$,$,(#796),#807);
#809=IFCPROPERTYSINGLEVALUE('GeometrySource',$,IFCLABEL('Form from Wikimedia Commons photographs; dimensions estimated; position in a gap of the OSM island tree row'),$);
#810=IFCPROPERTYSINGLEVALUE('Confidence',$,IFCLABEL('Medium'),$);
#811=IFCPROPERTYSINGLEVALUE('Reference',$,IFCLABEL('Commons Category:Fanals-bancs (\X2\00AB\X0\Banc-fanal del passeig de Gr\X2\00E0\X0\cia.jpg\X2\00BB\X0\, \X2\00AB\X0\109 Banc fanal\X2\202600BB\X0\, \X2\00AB\X0\035 Banc de trencad\X2\00ED\X0\s\X2\202600BB\X0\); OSM tree nodes 12633020995/96 and 12633020992/93 (ODbL)'),$);
#812=IFCPROPERTYSET('2o1G$t3rr35vvhj6UfYWNv',#5,'Pset_CDE_Provenance',$,(#809,#810,#811));
#813=IFCRELDEFINESBYPROPERTIES('1flWzgCbXAmw6V3RX_gN6b',#5,$,$,(#796),#812);
#814=IFCPROPERTYSINGLEVALUE('Section_mm',$,IFCLABEL('60 \X2\00D7\X0\ 20 (as round bar \X2\00D8\X0\60 here)'),$);
#815=IFCPROPERTYSET('0nOO13rPD1aRHU$OjLhVyw',#5,'Pset_CDE_Specification',$,(#814));
#816=IFCRELDEFINESBYPROPERTIES('2xY0RqHavCSu$YfNO5sri6',#5,$,$,(#796),#815);
#817=IFCPROPERTYSINGLEVALUE('DataStatus',$,IFCLABEL('Illustrative demo values \X2\2014\X0\ not the owner''s as-built register'),$);
#818=IFCPROPERTYSINGLEVALUE('AssetOwner',$,IFCLABEL('Ajuntament de Barcelona \X2\2014\X0\ public lighting (demo)'),$);
#819=IFCPROPERTYSINGLEVALUE('Manufacturer',$,IFCLABEL('Original ironwork, 1906 (workshop not recorded here)'),$);
#820=IFCPROPERTYSINGLEVALUE('Model',$,IFCLABEL('Banc-fanal, municipal model by Pere Falqu\X2\00E9\X0\s i Urp\X2\00ED\X0\ (1906)'),$);
#821=IFCPROPERTYSINGLEVALUE('SerialNumber',$,IFCLABEL('BCN-ENL-PGR-003'),$);
#822=IFCPROPERTYSINGLEVALUE('LifecycleStatus',$,IFCLABEL('In service'),$);
#823=IFCPROPERTYSINGLEVALUE('InstallationYear',$,IFCINTEGER(2019),$);
#824=IFCPROPERTYSINGLEVALUE('LastInspection',$,IFCLABEL('2026-06-17'),$);
#825=IFCPROPERTYSINGLEVALUE('InspectionInterval_months',$,IFCINTEGER(12),$);
#826=IFCPROPERTYSINGLEVALUE('NextInspection',$,IFCLABEL('2027-06-17'),$);
#827=IFCPROPERTYSINGLEVALUE('ConditionIndex_1to5',$,IFCINTEGER(4),$);
#828=IFCPROPERTYSINGLEVALUE('WarrantyEnd',$,IFCLABEL('2024-12-31 (expired)'),$);
#829=IFCPROPERTYSINGLEVALUE('MaintenanceContractor',$,IFCLABEL('Demo contractor \X2\2014\X0\ public lighting'),$);
#830=IFCPROPERTYSINGLEVALUE('MaintenanceStrategy',$,IFCLABEL('Condition-based'),$);
#831=IFCPROPERTYSET('0QwfglDMv5je0$tngnczxq',#5,'Pset_CDE_AssetManagement (demo)',$,(#817,#818,#819,#820,#821,#822,#823,#824,#825,#826,#827,#828,#829,#830));
#832=IFCRELDEFINESBYPROPERTIES('01E_dp9oP15hANabXho_4t',#5,$,$,(#796),#831);
#833=IFCCARTESIANPOINT((-0.9017843737236408,1.070522455280542));
#834=IFCCARTESIANPOINT((-0.9058445137128881,0.9481310827638628));
#835=IFCCARTESIANPOINT((-0.822171696766579,0.8587163607796268));
#836=IFCCARTESIANPOINT((-0.6997803242498999,0.8546562207903793));
#837=IFCCARTESIANPOINT((-0.6103656022656639,0.9383290377366884));
#838=IFCCARTESIANPOINT((-0.6063054622764166,1.0607204102533676));
#839=IFCCARTESIANPOINT((-0.6899782792227257,1.1501351322376037));
#840=IFCCARTESIANPOINT((-0.8123696517394049,1.154195272226851));
#841=IFCCARTESIANPOINT((-0.9017843737236408,1.070522455280542));
#842=IFCPOLYLINE((#833,#834,#835,#836,#837,#838,#839,#840,#841));
#843=IFCARBITRARYCLOSEDPROFILEDEF(.AREA.,$,#842);
#844=IFCCARTESIANPOINT((0.,0.,3.5));
#845=IFCAXIS2PLACEMENT3D(#844,$,$);
#846=IFCDIRECTION((0.,0.,1.));
#847=IFCEXTRUDEDAREASOLID(#843,#845,#846,0.12);
#848=IFCCARTESIANPOINT((0.,0.));
#849=IFCDIRECTION((1.,0.));
#850=IFCAXIS2PLACEMENT2D(#848,#849);
#851=IFCCIRCLEPROFILEDEF(.AREA.,$,#850,0.018);
#852=IFCCARTESIANPOINT((0.45377806516460767,-0.288451418836853,3.52));
#853=IFCDIRECTION((-0.6832737736807996,0.730162276620752,0.));
#854=IFCDIRECTION((0.730162276620752,0.6832737736807996,-0.));
#855=IFCAXIS2PLACEMENT3D(#852,#853,#854);
#856=IFCDIRECTION((0.,0.,1.));
#857=IFCEXTRUDEDAREASOLID(#851,#855,#856,1.770670995670996);
#858=IFCCARTESIANPOINT((0.,0.));
#859=IFCDIRECTION((1.,0.));
#860=IFCAXIS2PLACEMENT2D(#858,#859);
#861=IFCCIRCLEPROFILEDEF(.AREA.,$,#860,0.018);
#862=IFCCARTESIANPOINT((0.3926975308507179,-0.22317933653287658,3.66));
#863=IFCDIRECTION((-0.6832737736807997,0.730162276620752,0.));
#864=IFCDIRECTION((0.730162276620752,0.6832737736807997,-0.));
#865=IFCAXIS2PLACEMENT3D(#862,#863,#864);
#866=IFCDIRECTION((0.,0.,1.));
#867=IFCEXTRUDEDAREASOLID(#861,#865,#866,1.6812770562770563);
#868=IFCCARTESIANPOINT((0.,0.));
#869=IFCDIRECTION((1.,0.));
#870=IFCAXIS2PLACEMENT2D(#868,#869);
#871=IFCCIRCLEPROFILEDEF(.AREA.,$,#870,0.06);
#872=IFCCARTESIANPOINT((0.2867761339066847,-0.08803613055546783,3.59));
#873=IFCDIRECTION((-0.7301622766207521,-0.6832737736807996,0.));
#874=IFCDIRECTION((-0.6832737736807996,0.7301622766207521,0.));
#875=IFCAXIS2PLACEMENT3D(#872,#873,#874);
#876=IFCDIRECTION((0.,0.,1.));
#877=IFCEXTRUDEDAREASOLID(#871,#875,#876,0.03);
#878=IFCCARTESIANPOINT((0.,0.));
#879=IFCDIRECTION((1.,0.));
#880=IFCAXIS2PLACEMENT2D(#878,#879);
#881=IFCCIRCLEPROFILEDEF(.AREA.,$,#880,0.06);
#882=IFCCARTESIANPOINT((-0.00805206259389406,0.22702415049290214,3.59));
#883=IFCDIRECTION((-0.7301622766207521,-0.6832737736807996,0.));
#884=IFCDIRECTION((-0.6832737736807996,0.7301622766207521,0.));
#885=IFCAXIS2PLACEMENT3D(#882,#883,#884);
#886=IFCDIRECTION((0.,0.,1.));
#887=IFCEXTRUDEDAREASOLID(#881,#885,#886,0.03);
#888=IFCCARTESIANPOINT((0.,0.));
#889=IFCDIRECTION((1.,0.));
#890=IFCAXIS2PLACEMENT2D(#888,#889);
#891=IFCCIRCLEPROFILEDEF(.AREA.,$,#890,0.06);
#892=IFCCARTESIANPOINT((-0.30288025909447286,0.5420844315412721,3.59));
#893=IFCDIRECTION((-0.7301622766207521,-0.6832737736807996,0.));
#894=IFCDIRECTION((-0.6832737736807996,0.7301622766207521,0.));
#895=IFCAXIS2PLACEMENT3D(#892,#893,#894);
#896=IFCDIRECTION((0.,0.,1.));
#897=IFCEXTRUDEDAREASOLID(#891,#895,#896,0.03);
#898=IFCCARTESIANPOINT((0.,0.));
#899=IFCDIRECTION((1.,0.));
#900=IFCAXIS2PLACEMENT2D(#898,#899);
#901=IFCCIRCLEPROFILEDEF(.AREA.,$,#900,0.06);
#902=IFCCARTESIANPOINT((-0.5977084555950518,0.8571447125896422,3.59));
#903=IFCDIRECTION((-0.7301622766207521,-0.6832737736807996,0.));
#904=IFCDIRECTION((-0.6832737736807996,0.7301622766207521,0.));
#905=IFCAXIS2PLACEMENT3D(#902,#903,#904);
#906=IFCDIRECTION((0.,0.,1.));
#907=IFCEXTRUDEDAREASOLID(#901,#905,#906,0.03);
#908=IFCSTYLEDITEM(#847,(#38),$);
#909=IFCSTYLEDITEM(#857,(#38),$);
#910=IFCSTYLEDITEM(#867,(#38),$);
#911=IFCSTYLEDITEM(#877,(#38),$);
#912=IFCSTYLEDITEM(#887,(#38),$);
#913=IFCSTYLEDITEM(#897,(#38),$);
#914=IFCSTYLEDITEM(#907,(#38),$);
#915=IFCSHAPEREPRESENTATION(#16,'Body','SweptSolid',(#847,#857,#867,#877,#887,#897,#907));
#916=IFCPRODUCTDEFINITIONSHAPE($,$,(#915));
#917=IFCLOCALPLACEMENT(#23,#13);
#918=IFCMEMBER('2AtwA$jYP05vCkrduPuKpD',#5,'Anell i banda decorada 1 \X2\00B7\X0\ Collar ring and ornamental band',$,'Octagonal collar with a flowered band tying the stay to the post',#917,#916,'PFAL-MEM-002',.USERDEFINED.);
#919=IFCRELASSOCIATESMATERIAL('1ny3X8DzTBXOGn_ez04lMp',#5,$,$,(#918),#39);
#920=IFCPROPERTYSINGLEVALUE('Reference',$,IFCLABEL('Octagonal collar with a flowered band tying the stay to the post'),$);
#921=IFCPROPERTYSINGLEVALUE('IsExternal',$,IFCBOOLEAN(.T.),$);
#922=IFCPROPERTYSINGLEVALUE('Status',$,IFCLABEL('EXISTING'),$);
#923=IFCPROPERTYSET('1Tjv9TceT85RbOEy$xtvwS',#5,'Pset_MemberCommon',$,(#920,#921,#922));
#924=IFCRELDEFINESBYPROPERTIES('1CKCufUczDaRYyDnnCS1tG',#5,$,$,(#918),#923);
#925=IFCPROPERTYSINGLEVALUE('Material',$,IFCLABEL('Wrought and cast iron, painted dark brown-black'),$);
#926=IFCPROPERTYSINGLEVALUE('Category',$,IFCLABEL('Iron'),$);
#927=IFCPROPERTYSINGLEVALUE('Description',$,IFCLABEL('Forged scrollwork and cast parts, the near-black brown of the Passeig''s 1906 ironwork'),$);
#928=IFCPROPERTYSINGLEVALUE('MassDensity_kg_m3',$,IFCREAL(7600.),$);
#929=IFCPROPERTYSET('2c9u0m9fHD3fi88V7E3YPs',#5,'Pset_CDE_Material',$,(#925,#926,#927,#928));
#930=IFCRELDEFINESBYPROPERTIES('1JqYrSOnD7Hh6SYA9hsvPO',#5,$,$,(#918),#929);
#931=IFCPROPERTYSINGLEVALUE('GeometrySource',$,IFCLABEL('Ornament simplified to rings, discs and bars; layout after photographs'),$);
#932=IFCPROPERTYSINGLEVALUE('Confidence',$,IFCLABEL('Low'),$);
#933=IFCPROPERTYSINGLEVALUE('Reference',$,IFCLABEL('Commons \X2\00AB\X0\Banc-fanal del passeig de Gr\X2\00E0\X0\cia.jpg\X2\00BB\X0\, \X2\00AB\X0\109 Banc fanal del passeig de Gr\X2\00E0\X0\cia (Barcelona).jpg\X2\00BB\X0\'),$);
#934=IFCPROPERTYSET('0LKkMnCz1DS9F50Q67wWGi',#5,'Pset_CDE_Provenance',$,(#931,#932,#933));
#935=IFCRELDEFINESBYPROPERTIES('3N$5ggHOn6r9HyxrWhxgom',#5,$,$,(#918),#934);
#936=IFCPROPERTYSINGLEVALUE('DataStatus',$,IFCLABEL('Illustrative demo values \X2\2014\X0\ not the owner''s as-built register'),$);
#937=IFCPROPERTYSINGLEVALUE('AssetOwner',$,IFCLABEL('Ajuntament de Barcelona \X2\2014\X0\ public lighting (demo)'),$);
#938=IFCPROPERTYSINGLEVALUE('Manufacturer',$,IFCLABEL('Original ironwork, 1906 (workshop not recorded here)'),$);
#939=IFCPROPERTYSINGLEVALUE('Model',$,IFCLABEL('Banc-fanal, municipal model by Pere Falqu\X2\00E9\X0\s i Urp\X2\00ED\X0\ (1906)'),$);
#940=IFCPROPERTYSINGLEVALUE('SerialNumber',$,IFCLABEL('BCN-ENL-PGR-004'),$);
#941=IFCPROPERTYSINGLEVALUE('LifecycleStatus',$,IFCLABEL('In service'),$);
#942=IFCPROPERTYSINGLEVALUE('InstallationYear',$,IFCINTEGER(2019),$);
#943=IFCPROPERTYSINGLEVALUE('LastInspection',$,IFCLABEL('2026-06-17'),$);
#944=IFCPROPERTYSINGLEVALUE('InspectionInterval_months',$,IFCINTEGER(12),$);
#945=IFCPROPERTYSINGLEVALUE('NextInspection',$,IFCLABEL('2027-06-17'),$);
#946=IFCPROPERTYSINGLEVALUE('ConditionIndex_1to5',$,IFCINTEGER(4),$);
#947=IFCPROPERTYSINGLEVALUE('WarrantyEnd',$,IFCLABEL('2024-12-31 (expired)'),$);
#948=IFCPROPERTYSINGLEVALUE('MaintenanceContractor',$,IFCLABEL('Demo contractor \X2\2014\X0\ public lighting'),$);
#949=IFCPROPERTYSINGLEVALUE('MaintenanceStrategy',$,IFCLABEL('Condition-based'),$);
#950=IFCPROPERTYSET('1EVyL3ohr5qAmYFCybTJgI',#5,'Pset_CDE_AssetManagement (demo)',$,(#936,#937,#938,#939,#940,#941,#942,#943,#944,#945,#946,#947,#948,#949));
#951=IFCRELDEFINESBYPROPERTIES('2jHFwv6sPFzuzqO0UR0nht',#5,$,$,(#918),#950);
#952=IFCCARTESIANPOINT((0.,0.));
#953=IFCDIRECTION((1.,0.));
#954=IFCAXIS2PLACEMENT2D(#952,#953);
#955=IFCCIRCLEPROFILEDEF(.AREA.,$,#954,0.011);
#956=IFCCARTESIANPOINT((0.4943160178412109,-0.3317712197073612,1.55));
#957=IFCDIRECTION((0.21114320787806914,-0.22563255212731378,0.9510565162951535));
#958=IFCDIRECTION((-0.,0.9729924984143974,0.23083673457512963));
#959=IFCAXIS2PLACEMENT3D(#956,#957,#958);
#960=IFCDIRECTION((0.,0.,1.));
#961=IFCEXTRUDEDAREASOLID(#955,#959,#960,0.13596747752497684);
#962=IFCCARTESIANPOINT((0.,0.));
#963=IFCDIRECTION((1.,0.));
#964=IFCAXIS2PLACEMENT2D(#962,#963);
#965=IFCCIRCLEPROFILEDEF(.AREA.,$,#964,0.011);
#966=IFCCARTESIANPOINT((0.5230246272129238,-0.3624499086676349,1.6793127555043441));
#967=IFCDIRECTION((0.5527800947184685,-0.5907136904376895,0.5877852522924734));
#968=IFCDIRECTION((-0.7301622766207518,-0.6832737736807996,0.));
#969=IFCAXIS2PLACEMENT3D(#966,#967,#968);
#970=IFCDIRECTION((0.,0.,1.));
#971=IFCEXTRUDEDAREASOLID(#965,#969,#970,0.1359674775249769);
#972=IFCCARTESIANPOINT((0.,0.));
#973=IFCDIRECTION((1.,0.));
#974=IFCAXIS2PLACEMENT2D(#972,#973);
#975=IFCCIRCLEPROFILEDEF(.AREA.,$,#974,0.011);
#976=IFCCARTESIANPOINT((0.5981847423178117,-0.4427677590959176,1.7592324335849339));
#977=IFCDIRECTION((0.6832737736807988,-0.7301622766207525,0.));
#978=IFCDIRECTION((-0.7301622766207526,-0.6832737736807989,0.));
#979=IFCAXIS2PLACEMENT3D(#976,#977,#978);
#980=IFCDIRECTION((0.,0.,1.));
#981=IFCEXTRUDEDAREASOLID(#975,#979,#980,0.13596747752497673);
#982=IFCCARTESIANPOINT((0.,0.));
#983=IFCDIRECTION((1.,0.));
#984=IFCAXIS2PLACEMENT2D(#982,#983);
#985=IFCCIRCLEPROFILEDEF(.AREA.,$,#984,0.011);
#986=IFCCARTESIANPOINT((0.6910877537841618,-0.5420460820319356,1.7592324335849339));
#987=IFCDIRECTION((0.5527800947184683,-0.5907136904376898,-0.5877852522924732));
#988=IFCDIRECTION((-0.7301622766207522,-0.6832737736807993,0.));
#989=IFCAXIS2PLACEMENT3D(#986,#987,#988);
#990=IFCDIRECTION((0.,0.,1.));
#991=IFCEXTRUDEDAREASOLID(#985,#989,#990,0.13596747752497693);
#992=IFCCARTESIANPOINT((0.,0.));
#993=IFCDIRECTION((1.,0.));
#994=IFCAXIS2PLACEMENT2D(#992,#993);
#995=IFCCIRCLEPROFILEDEF(.AREA.,$,#994,0.011);
#996=IFCCARTESIANPOINT((0.7662478688890497,-0.6223639324602184,1.6793127555043441));
#997=IFCDIRECTION((0.21114320787806873,-0.22563255212731378,-0.9510565162951535));
#998=IFCDIRECTION((0.,-0.9729924984143974,0.23083673457512963));
#999=IFCAXIS2PLACEMENT3D(#996,#997,#998);
#1000=IFCDIRECTION((0.,0.,1.));
#1001=IFCEXTRUDEDAREASOLID(#995,#999,#1000,0.13596747752497684);
#1002=IFCCARTESIANPOINT((0.,0.));
#1003=IFCDIRECTION((1.,0.));
#1004=IFCAXIS2PLACEMENT2D(#1002,#1003);
#1005=IFCCIRCLEPROFILEDEF(.AREA.,$,#1004,0.011);
#1006=IFCCARTESIANPOINT((0.7949564782607625,-0.6530426214204921,1.55));
#1007=IFCDIRECTION((-0.21114320787806717,0.22563255212731387,-0.951056516295154));
#1008=IFCDIRECTION((0.,-0.9729924984143974,-0.2308367345751296));
#1009=IFCAXIS2PLACEMENT3D(#1006,#1007,#1008);
#1010=IFCDIRECTION((0.,0.,1.));
#1011=IFCEXTRUDEDAREASOLID(#1005,#1009,#1010,0.1359674775249768);
#1012=IFCCARTESIANPOINT((0.,0.));
#1013=IFCDIRECTION((1.,0.));
#1014=IFCAXIS2PLACEMENT2D(#1012,#1013);
#1015=IFCCIRCLEPROFILEDEF(.AREA.,$,#1014,0.011);
#1016=IFCCARTESIANPOINT((0.7662478688890499,-0.6223639324602184,1.420687244495656));
#1017=IFCDIRECTION((-0.5527800947184696,0.5907136904376893,-0.5877852522924728));
#1018=IFCDIRECTION((0.7301622766207511,0.6832737736808004,-0.));
#1019=IFCAXIS2PLACEMENT3D(#1016,#1017,#1018);
#1020=IFCDIRECTION((0.,0.,1.));
#1021=IFCEXTRUDEDAREASOLID(#1015,#1019,#1020,0.13596747752497704);
#1022=IFCCARTESIANPOINT((0.,0.));
#1023=IFCDIRECTION((1.,0.));
#1024=IFCAXIS2PLACEMENT2D(#1022,#1023);
#1025=IFCCIRCLEPROFILEDEF(.AREA.,$,#1024,0.011);
#1026=IFCCARTESIANPOINT((0.6910877537841618,-0.5420460820319356,1.3407675664150662));
#1027=IFCDIRECTION((-0.6832737736807988,0.7301622766207525,0.));
#1028=IFCDIRECTION((0.7301622766207526,0.6832737736807989,-0.));
#1029=IFCAXIS2PLACEMENT3D(#1026,#1027,#1028);
#1030=IFCDIRECTION((0.,0.,1.));
#1031=IFCEXTRUDEDAREASOLID(#1025,#1029,#1030,0.13596747752497673);
#1032=IFCCARTESIANPOINT((0.,0.));
#1033=IFCDIRECTION((1.,0.));
#1034=IFCAXIS2PLACEMENT2D(#1032,#1033);
#1035=IFCCIRCLEPROFILEDEF(.AREA.,$,#1034,0.011);
#1036=IFCCARTESIANPOINT((0.5981847423178117,-0.4427677590959176,1.3407675664150662));
#1037=IFCDIRECTION((-0.5527800947184685,0.5907136904376895,0.5877852522924734));
#1038=IFCDIRECTION((0.7301622766207518,0.6832737736807996,-0.));
#1039=IFCAXIS2PLACEMENT3D(#1036,#1037,#1038);
#1040=IFCDIRECTION((0.,0.,1.));
#1041=IFCEXTRUDEDAREASOLID(#1035,#1039,#1040,0.1359674775249769);
#1042=IFCCARTESIANPOINT((0.,0.));
#1043=IFCDIRECTION((1.,0.));
#1044=IFCAXIS2PLACEMENT2D(#1042,#1043);
#1045=IFCCIRCLEPROFILEDEF(.AREA.,$,#1044,0.011);
#1046=IFCCARTESIANPOINT((0.5230246272129238,-0.3624499086676349,1.420687244495656));
#1047=IFCDIRECTION((-0.21114320787806914,0.22563255212731378,0.9510565162951535));
#1048=IFCDIRECTION((0.,0.9729924984143974,-0.23083673457512963));
#1049=IFCAXIS2PLACEMENT3D(#1046,#1047,#1048);
#1050=IFCDIRECTION((0.,0.,1.));
#1051=IFCEXTRUDEDAREASOLID(#1045,#1049,#1050,0.13596747752497684);
#1052=IFCCARTESIANPOINT((0.,0.));
#1053=IFCDIRECTION((1.,0.));
#1054=IFCAXIS2PLACEMENT2D(#1052,#1053);
#1055=IFCCIRCLEPROFILEDEF(.AREA.,$,#1054,0.011);
#1056=IFCCARTESIANPOINT((0.227839246105699,-0.047007931825267815,2.45));
#1057=IFCDIRECTION((0.21114320787806864,-0.2256325521273138,0.9510565162951536));
#1058=IFCDIRECTION((-0.,0.9729924984143974,0.23083673457512963));
#1059=IFCAXIS2PLACEMENT3D(#1056,#1057,#1058);
#1060=IFCDIRECTION((0.,0.,1.));
#1061=IFCEXTRUDEDAREASOLID(#1055,#1059,#1060,0.16068883707497258);
#1062=IFCCARTESIANPOINT((0.,0.));
#1063=IFCDIRECTION((1.,0.));
#1064=IFCAXIS2PLACEMENT2D(#1062,#1063);
#1065=IFCCIRCLEPROFILEDEF(.AREA.,$,#1064,0.011);
#1066=IFCCARTESIANPOINT((0.26176760263590504,-0.083264564232864,2.602824165596043));
#1067=IFCDIRECTION((0.5527800947184682,-0.5907136904376891,0.587785252292474));
#1068=IFCDIRECTION((-0.7301622766207517,-0.6832737736807998,0.));
#1069=IFCAXIS2PLACEMENT3D(#1066,#1067,#1068);
#1070=IFCDIRECTION((0.,0.,1.));
#1071=IFCEXTRUDEDAREASOLID(#1065,#1069,#1070,0.1606888370749728);
#1072=IFCCARTESIANPOINT((0.,0.));
#1073=IFCDIRECTION((1.,0.));
#1074=IFCAXIS2PLACEMENT2D(#1072,#1073);
#1075=IFCCIRCLEPROFILEDEF(.AREA.,$,#1074,0.011);
#1076=IFCCARTESIANPOINT((0.350593193214409,-0.17818566019356175,2.6972746942367403));
#1077=IFCDIRECTION((0.6832737736807996,-0.7301622766207522,0.));
#1078=IFCDIRECTION((-0.7301622766207521,-0.6832737736807994,0.));
#1079=IFCAXIS2PLACEMENT3D(#1076,#1077,#1078);
#1080=IFCDIRECTION((0.,0.,1.));
#1081=IFCEXTRUDEDAREASOLID(#1075,#1079,#1080,0.1606888370749727);
#1082=IFCCARTESIANPOINT((0.,0.));
#1083=IFCDIRECTION((1.,0.));
#1084=IFCAXIS2PLACEMENT2D(#1082,#1083);
#1085=IFCCIRCLEPROFILEDEF(.AREA.,$,#1084,0.011);
#1086=IFCCARTESIANPOINT((0.4603876613110048,-0.29551458729976493,2.6972746942367403));
#1087=IFCDIRECTION((0.5527800947184678,-0.5907136904376891,-0.5877852522924742));
#1088=IFCDIRECTION((-0.7301622766207521,-0.6832737736807994,0.));
#1089=IFCAXIS2PLACEMENT3D(#1086,#1087,#1088);
#1090=IFCDIRECTION((0.,0.,1.));
#1091=IFCEXTRUDEDAREASOLID(#1085,#1089,#1090,0.16068883707497272);
#1092=IFCCARTESIANPOINT((0.,0.));
#1093=IFCDIRECTION((1.,0.));
#1094=IFCAXIS2PLACEMENT2D(#1092,#1093);
#1095=IFCCIRCLEPROFILEDEF(.AREA.,$,#1094,0.011);
#1096=IFCCARTESIANPOINT((0.5492132518895086,-0.39043568326046263,2.602824165596043));
#1097=IFCDIRECTION((0.21114320787806895,-0.22563255212731412,-0.9510565162951534));
#1098=IFCDIRECTION((0.,-0.9729924984143974,0.23083673457513));
#1099=IFCAXIS2PLACEMENT3D(#1096,#1097,#1098);
#1100=IFCDIRECTION((0.,0.,1.));
#1101=IFCEXTRUDEDAREASOLID(#1095,#1099,#1100,0.1606888370749726);
#1102=IFCCARTESIANPOINT((0.,0.));
#1103=IFCDIRECTION((1.,0.));
#1104=IFCAXIS2PLACEMENT2D(#1102,#1103);
#1105=IFCCIRCLEPROFILEDEF(.AREA.,$,#1104,0.011);
#1106=IFCCARTESIANPOINT((0.5831416084197147,-0.4266923156680589,2.45));
#1107=IFCDIRECTION((-0.2111432078780683,0.2256325521273135,-0.9510565162951538));
#1108=IFCDIRECTION((0.,-0.9729924984143975,-0.2308367345751293));
#1109=IFCAXIS2PLACEMENT3D(#1106,#1107,#1108);
#1110=IFCDIRECTION((0.,0.,1.));
#1111=IFCEXTRUDEDAREASOLID(#1105,#1109,#1110,0.16068883707497256);
#1112=IFCCARTESIANPOINT((0.,0.));
#1113=IFCDIRECTION((1.,0.));
#1114=IFCAXIS2PLACEMENT2D(#1112,#1113);
#1115=IFCCIRCLEPROFILEDEF(.AREA.,$,#1114,0.011);
#1116=IFCCARTESIANPOINT((0.5492132518895088,-0.39043568326046274,2.2971758344039572));
#1117=IFCDIRECTION((-0.552780094718468,0.5907136904376893,-0.5877852522924738));
#1118=IFCDIRECTION((0.7301622766207521,0.6832737736807994,-0.));
#1119=IFCAXIS2PLACEMENT3D(#1116,#1117,#1118);
#1120=IFCDIRECTION((0.,0.,1.));
#1121=IFCEXTRUDEDAREASOLID(#1115,#1119,#1120,0.16068883707497286);
#1122=IFCCARTESIANPOINT((0.,0.));
#1123=IFCDIRECTION((1.,0.));
#1124=IFCAXIS2PLACEMENT2D(#1122,#1123);
#1125=IFCCIRCLEPROFILEDEF(.AREA.,$,#1124,0.011);
#1126=IFCCARTESIANPOINT((0.4603876613110048,-0.29551458729976493,2.20272530576326));
#1127=IFCDIRECTION((-0.6832737736807996,0.7301622766207518,0.));
#1128=IFCDIRECTION((0.730162276620752,0.6832737736807997,-0.));
#1129=IFCAXIS2PLACEMENT3D(#1126,#1127,#1128);
#1130=IFCDIRECTION((0.,0.,1.));
#1131=IFCEXTRUDEDAREASOLID(#1125,#1129,#1130,0.1606888370749726);
#1132=IFCCARTESIANPOINT((0.,0.));
#1133=IFCDIRECTION((1.,0.));
#1134=IFCAXIS2PLACEMENT2D(#1132,#1133);
#1135=IFCCIRCLEPROFILEDEF(.AREA.,$,#1134,0.011);
#1136=IFCCARTESIANPOINT((0.35059319321440907,-0.17818566019356186,2.20272530576326));
#1137=IFCDIRECTION((-0.552780094718468,0.5907136904376894,0.5877852522924738));
#1138=IFCDIRECTION((0.7301622766207521,0.6832737736807993,-0.));
#1139=IFCAXIS2PLACEMENT3D(#1136,#1137,#1138);
#1140=IFCDIRECTION((0.,0.,1.));
#1141=IFCEXTRUDEDAREASOLID(#1135,#1139,#1140,0.16068883707497286);
#1142=IFCCARTESIANPOINT((0.,0.));
#1143=IFCDIRECTION((1.,0.));
#1144=IFCAXIS2PLACEMENT2D(#1142,#1143);
#1145=IFCCIRCLEPROFILEDEF(.AREA.,$,#1144,0.011);
#1146=IFCCARTESIANPOINT((0.2617676026359051,-0.08326456423286403,2.2971758344039572));
#1147=IFCDIRECTION((-0.21114320787806895,0.22563255212731395,0.9510565162951534));
#1148=IFCDIRECTION((0.,0.9729924984143974,-0.23083673457512982));
#1149=IFCAXIS2PLACEMENT3D(#1146,#1147,#1148);
#1150=IFCDIRECTION((0.,0.,1.));
#1151=IFCEXTRUDEDAREASOLID(#1145,#1149,#1150,0.1606888370749726);
#1152=IFCCARTESIANPOINT((0.,0.));
#1153=IFCDIRECTION((1.,0.));
#1154=IFCAXIS2PLACEMENT2D(#1152,#1153);
#1155=IFCCIRCLEPROFILEDEF(.AREA.,$,#1154,0.011);
#1156=IFCCARTESIANPOINT((-0.2914488218917086,0.5079153984065037,2.85));
#1157=IFCDIRECTION((0.21114320787806873,-0.22563255212731337,0.9510565162951535));
#1158=IFCDIRECTION((-0.,0.9729924984143975,0.2308367345751292));
#1159=IFCAXIS2PLACEMENT3D(#1156,#1157,#1158);
#1160=IFCDIRECTION((0.,0.,1.));
#1161=IFCEXTRUDEDAREASOLID(#1155,#1159,#1160,0.13596747752497684);
#1162=IFCCARTESIANPOINT((0.,0.));
#1163=IFCDIRECTION((1.,0.));
#1164=IFCAXIS2PLACEMENT2D(#1162,#1163);
#1165=IFCCIRCLEPROFILEDEF(.AREA.,$,#1164,0.011);
#1166=IFCCARTESIANPOINT((-0.2627402125199958,0.47723670944623003,2.979312755504344));
#1167=IFCDIRECTION((0.5527800947184685,-0.5907136904376895,0.5877852522924734));
#1168=IFCDIRECTION((-0.7301622766207518,-0.6832737736807996,0.));
#1169=IFCAXIS2PLACEMENT3D(#1166,#1167,#1168);
#1170=IFCDIRECTION((0.,0.,1.));
#1171=IFCEXTRUDEDAREASOLID(#1165,#1169,#1170,0.1359674775249769);
#1172=IFCCARTESIANPOINT((0.,0.));
#1173=IFCDIRECTION((1.,0.));
#1174=IFCAXIS2PLACEMENT2D(#1172,#1173);
#1175=IFCCIRCLEPROFILEDEF(.AREA.,$,#1174,0.011);
#1176=IFCCARTESIANPOINT((-0.18758009741510784,0.3969188590179473,3.059232433584934));
#1177=IFCDIRECTION((0.6832737736807993,-0.7301622766207522,0.));
#1178=IFCDIRECTION((-0.7301622766207522,-0.6832737736807993,0.));
#1179=IFCAXIS2PLACEMENT3D(#1176,#1177,#1178);
#1180=IFCDIRECTION((0.,0.,1.));
#1181=IFCEXTRUDEDAREASOLID(#1175,#1179,#1180,0.13596747752497687);
#1182=IFCCARTESIANPOINT((0.,0.));
#1183=IFCDIRECTION((1.,0.));
#1184=IFCAXIS2PLACEMENT2D(#1182,#1183);
#1185=IFCCIRCLEPROFILEDEF(.AREA.,$,#1184,0.011);
#1186=IFCCARTESIANPOINT((-0.09467708594875762,0.29764053608192925,3.059232433584934));
#1187=IFCDIRECTION((0.5527800947184682,-0.5907136904376895,-0.5877852522924734));
#1188=IFCDIRECTION((-0.7301622766207521,-0.6832737736807994,0.));
#1189=IFCAXIS2PLACEMENT3D(#1186,#1187,#1188);
#1190=IFCDIRECTION((0.,0.,1.));
#1191=IFCEXTRUDEDAREASOLID(#1185,#1189,#1190,0.1359674775249769);
#1192=IFCCARTESIANPOINT((0.,0.));
#1193=IFCDIRECTION((1.,0.));
#1194=IFCAXIS2PLACEMENT2D(#1192,#1193);
#1195=IFCCIRCLEPROFILEDEF(.AREA.,$,#1194,0.011);
#1196=IFCCARTESIANPOINT((-0.01951697084386969,0.21732268565364654,2.979312755504344));
#1197=IFCDIRECTION((0.21114320787806892,-0.22563255212731378,-0.9510565162951535));
#1198=IFCDIRECTION((0.,-0.9729924984143974,0.23083673457512963));
#1199=IFCAXIS2PLACEMENT3D(#1196,#1197,#1198);
#1200=IFCDIRECTION((0.,0.,1.));
#1201=IFCEXTRUDEDAREASOLID(#1195,#1199,#1200,0.13596747752497684);
#1202=IFCCARTESIANPOINT((0.,0.));
#1203=IFCDIRECTION((1.,0.));
#1204=IFCAXIS2PLACEMENT2D(#1202,#1203);
#1205=IFCCIRCLEPROFILEDEF(.AREA.,$,#1204,0.011);
#1206=IFCCARTESIANPOINT((0.00919163852784316,0.18664399669337284,2.85));
#1207=IFCDIRECTION((-0.21114320787806867,0.22563255212731342,-0.9510565162951538));
#1208=IFCDIRECTION((0.,-0.9729924984143975,-0.2308367345751292));
#1209=IFCAXIS2PLACEMENT3D(#1206,#1207,#1208);
#1210=IFCDIRECTION((0.,0.,1.));
#1211=IFCEXTRUDEDAREASOLID(#1205,#1209,#1210,0.13596747752497682);
#1212=IFCCARTESIANPOINT((0.,0.));
#1213=IFCDIRECTION((1.,0.));
#1214=IFCAXIS2PLACEMENT2D(#1212,#1213);
#1215=IFCCIRCLEPROFILEDEF(.AREA.,$,#1214,0.011);
#1216=IFCCARTESIANPOINT((-0.01951697084386965,0.21732268565364649,2.720687244495656));
#1217=IFCDIRECTION((-0.5527800947184683,0.5907136904376895,-0.5877852522924734));
#1218=IFCDIRECTION((0.7301622766207521,0.6832737736807996,-0.));
#1219=IFCAXIS2PLACEMENT3D(#1216,#1217,#1218);
#1220=IFCDIRECTION((0.,0.,1.));
#1221=IFCEXTRUDEDAREASOLID(#1215,#1219,#1220,0.1359674775249769);
#1222=IFCCARTESIANPOINT((0.,0.));
#1223=IFCDIRECTION((1.,0.));
#1224=IFCAXIS2PLACEMENT2D(#1222,#1223);
#1225=IFCCIRCLEPROFILEDEF(.AREA.,$,#1224,0.011);
#1226=IFCCARTESIANPOINT((-0.0946770859487576,0.2976405360819292,2.6407675664150663));
#1227=IFCDIRECTION((-0.6832737736807992,0.7301622766207523,0.));
#1228=IFCDIRECTION((0.7301622766207523,0.6832737736807992,-0.));
#1229=IFCAXIS2PLACEMENT3D(#1226,#1227,#1228);
#1230=IFCDIRECTION((0.,0.,1.));
#1231=IFCEXTRUDEDAREASOLID(#1225,#1229,#1230,0.13596747752497693);
#1232=IFCCARTESIANPOINT((0.,0.));
#1233=IFCDIRECTION((1.,0.));
#1234=IFCAXIS2PLACEMENT2D(#1232,#1233);
#1235=IFCCIRCLEPROFILEDEF(.AREA.,$,#1234,0.011);
#1236=IFCCARTESIANPOINT((-0.18758009741510784,0.3969188590179473,2.6407675664150663));
#1237=IFCDIRECTION((-0.5527800947184685,0.5907136904376895,0.5877852522924734));
#1238=IFCDIRECTION((0.7301622766207518,0.6832737736807996,-0.));
#1239=IFCAXIS2PLACEMENT3D(#1236,#1237,#1238);
#1240=IFCDIRECTION((0.,0.,1.));
#1241=IFCEXTRUDEDAREASOLID(#1235,#1239,#1240,0.1359674775249769);
#1242=IFCCARTESIANPOINT((0.,0.));
#1243=IFCDIRECTION((1.,0.));
#1244=IFCAXIS2PLACEMENT2D(#1242,#1243);
#1245=IFCCIRCLEPROFILEDEF(.AREA.,$,#1244,0.011);
#1246=IFCCARTESIANPOINT((-0.2627402125199958,0.47723670944623003,2.720687244495656));
#1247=IFCDIRECTION((-0.21114320787806873,0.22563255212731337,0.9510565162951535));
#1248=IFCDIRECTION((0.,0.9729924984143975,-0.2308367345751292));
#1249=IFCAXIS2PLACEMENT3D(#1246,#1247,#1248);
#1250=IFCDIRECTION((0.,0.,1.));
#1251=IFCEXTRUDEDAREASOLID(#1245,#1249,#1250,0.13596747752497684);
#1252=IFCCARTESIANPOINT((0.,0.));
#1253=IFCDIRECTION((1.,0.));
#1254=IFCAXIS2PLACEMENT2D(#1252,#1253);
#1255=IFCCIRCLEPROFILEDEF(.AREA.,$,#1254,0.011);
#1256=IFCCARTESIANPOINT((-0.5715910691008366,0.807281931821012,1.95));
#1257=IFCDIRECTION((0.21114320787806976,-0.22563255212731365,0.9510565162951533));
#1258=IFCDIRECTION((-0.,0.9729924984143975,0.23083673457512954));
#1259=IFCAXIS2PLACEMENT3D(#1256,#1257,#1258);
#1260=IFCDIRECTION((0.,0.,1.));
#1261=IFCEXTRUDEDAREASOLID(#1255,#1259,#1260,0.1112461179749809);
#1262=IFCCARTESIANPOINT((0.,0.));
#1263=IFCDIRECTION((1.,0.));
#1264=IFCAXIS2PLACEMENT2D(#1262,#1263);
#1265=IFCCIRCLEPROFILEDEF(.AREA.,$,#1264,0.011);
#1266=IFCCARTESIANPOINT((-0.5481022068876169,0.7821811863080609,2.055801345412645));
#1267=IFCDIRECTION((0.5527800947184675,-0.5907136904376886,0.5877852522924751));
#1268=IFCDIRECTION((-0.7301622766207521,-0.6832737736807996,0.));
#1269=IFCAXIS2PLACEMENT3D(#1266,#1267,#1268);
#1270=IFCDIRECTION((0.,0.,1.));
#1271=IFCEXTRUDEDAREASOLID(#1265,#1269,#1270,0.11124611797498125);
#1272=IFCCARTESIANPOINT((0.,0.));
#1273=IFCDIRECTION((1.,0.));
#1274=IFCAXIS2PLACEMENT2D(#1272,#1273);
#1275=IFCCIRCLEPROFILEDEF(.AREA.,$,#1274,0.011);
#1276=IFCCARTESIANPOINT((-0.48660756725634496,0.7164665814121932,2.1211901729331277));
#1277=IFCDIRECTION((0.6832737736807999,-0.7301622766207516,0.));
#1278=IFCDIRECTION((-0.7301622766207517,-0.6832737736808,0.));
#1279=IFCAXIS2PLACEMENT3D(#1276,#1277,#1278);
#1280=IFCDIRECTION((0.,0.,1.));
#1281=IFCEXTRUDEDAREASOLID(#1275,#1279,#1280,0.11124611797498107);
#1282=IFCCARTESIANPOINT((0.,0.));
#1283=IFCDIRECTION((1.,0.));
#1284=IFCAXIS2PLACEMENT2D(#1282,#1283);
#1285=IFCCIRCLEPROFILEDEF(.AREA.,$,#1284,0.011);
#1286=IFCCARTESIANPOINT((-0.4105960124202402,0.6352388626463603,2.1211901729331277));
#1287=IFCDIRECTION((0.5527800947184671,-0.5907136904376888,-0.5877852522924754));
#1288=IFCDIRECTION((-0.7301622766207524,-0.6832737736807992,0.));
#1289=IFCAXIS2PLACEMENT3D(#1286,#1287,#1288);
#1290=IFCDIRECTION((0.,0.,1.));
#1291=IFCEXTRUDEDAREASOLID(#1285,#1289,#1290,0.11124611797498121);
#1292=IFCCARTESIANPOINT((0.,0.));
#1293=IFCDIRECTION((1.,0.));
#1294=IFCAXIS2PLACEMENT2D(#1292,#1293);
#1295=IFCCIRCLEPROFILEDEF(.AREA.,$,#1294,0.011);
#1296=IFCCARTESIANPOINT((-0.3491013727889683,0.5695242577504926,2.055801345412645));
#1297=IFCDIRECTION((0.21114320787806923,-0.22563255212731462,-0.9510565162951532));
#1298=IFCDIRECTION((0.,-0.9729924984143973,0.23083673457513051));
#1299=IFCAXIS2PLACEMENT3D(#1296,#1297,#1298);
#1300=IFCDIRECTION((0.,0.,1.));
#1301=IFCEXTRUDEDAREASOLID(#1295,#1299,#1300,0.11124611797498091);
#1302=IFCCARTESIANPOINT((0.,0.));
#1303=IFCDIRECTION((1.,0.));
#1304=IFCAXIS2PLACEMENT2D(#1302,#1303);
#1305=IFCCIRCLEPROFILEDEF(.AREA.,$,#1304,0.011);
#1306=IFCCARTESIANPOINT((-0.3256125105757487,0.5444235122375414,1.95));
#1307=IFCDIRECTION((-0.21114320787806884,0.2256325521273142,-0.9510565162951534));
#1308=IFCDIRECTION((0.,-0.9729924984143974,-0.23083673457513007));
#1309=IFCAXIS2PLACEMENT3D(#1306,#1307,#1308);
#1310=IFCDIRECTION((0.,0.,1.));
#1311=IFCEXTRUDEDAREASOLID(#1305,#1309,#1310,0.11124611797498112);
#1312=IFCCARTESIANPOINT((0.,0.));
#1313=IFCDIRECTION((1.,0.));
#1314=IFCAXIS2PLACEMENT2D(#1312,#1313);
#1315=IFCCIRCLEPROFILEDEF(.AREA.,$,#1314,0.011);
#1316=IFCCARTESIANPOINT((-0.3491013727889683,0.5695242577504926,1.8441986545873548));
#1317=IFCDIRECTION((-0.5527800947184683,0.5907136904376902,-0.5877852522924727));
#1318=IFCDIRECTION((0.7301622766207523,0.6832737736807991,-0.));
#1319=IFCAXIS2PLACEMENT3D(#1316,#1317,#1318);
#1320=IFCDIRECTION((0.,0.,1.));
#1321=IFCEXTRUDEDAREASOLID(#1315,#1319,#1320,0.11124611797498096);
#1322=IFCCARTESIANPOINT((0.,0.));
#1323=IFCDIRECTION((1.,0.));
#1324=IFCAXIS2PLACEMENT2D(#1322,#1323);
#1325=IFCCIRCLEPROFILEDEF(.AREA.,$,#1324,0.011);
#1326=IFCCARTESIANPOINT((-0.4105960124202402,0.6352388626463603,1.7788098270668724));
#1327=IFCDIRECTION((-0.6832737736807999,0.7301622766207516,-1.9959762099291276E-15));
#1328=IFCDIRECTION((0.7301622766207517,0.6832737736808,-0.));
#1329=IFCAXIS2PLACEMENT3D(#1326,#1327,#1328);
#1330=IFCDIRECTION((0.,0.,1.));
#1331=IFCEXTRUDEDAREASOLID(#1325,#1329,#1330,0.11124611797498107);
#1332=IFCCARTESIANPOINT((0.,0.));
#1333=IFCDIRECTION((1.,0.));
#1334=IFCAXIS2PLACEMENT2D(#1332,#1333);
#1335=IFCCIRCLEPROFILEDEF(.AREA.,$,#1334,0.011);
#1336=IFCCARTESIANPOINT((-0.48660756725634496,0.7164665814121932,1.7788098270668722));
#1337=IFCDIRECTION((-0.5527800947184681,0.5907136904376894,0.5877852522924738));
#1338=IFCDIRECTION((0.7301622766207521,0.6832737736807996,-0.));
#1339=IFCAXIS2PLACEMENT3D(#1336,#1337,#1338);
#1340=IFCDIRECTION((0.,0.,1.));
#1341=IFCEXTRUDEDAREASOLID(#1335,#1339,#1340,0.11124611797498112);
#1342=IFCCARTESIANPOINT((0.,0.));
#1343=IFCDIRECTION((1.,0.));
#1344=IFCAXIS2PLACEMENT2D(#1342,#1343);
#1345=IFCCIRCLEPROFILEDEF(.AREA.,$,#1344,0.011);
#1346=IFCCARTESIANPOINT((-0.5481022068876169,0.7821811863080609,1.8441986545873548));
#1347=IFCDIRECTION((-0.21114320787806937,0.22563255212731323,0.9510565162951535));
#1348=IFCDIRECTION((0.,0.9729924984143975,-0.23083673457512907));
#1349=IFCAXIS2PLACEMENT3D(#1346,#1347,#1348);
#1350=IFCDIRECTION((0.,0.,1.));
#1351=IFCEXTRUDEDAREASOLID(#1345,#1349,#1350,0.1112461179749811);
#1352=IFCCARTESIANPOINT((0.,0.));
#1353=IFCDIRECTION((1.,0.));
#1354=IFCAXIS2PLACEMENT2D(#1352,#1353);
#1355=IFCCIRCLEPROFILEDEF(.AREA.,$,#1354,0.011);
#1356=IFCCARTESIANPOINT((-0.07280121431385281,0.2742634698878631,4.25));
#1357=IFCDIRECTION((0.21114320787806884,-0.2256325521273138,0.9510565162951535));
#1358=IFCDIRECTION((-0.,0.9729924984143974,0.23083673457512965));
#1359=IFCAXIS2PLACEMENT3D(#1356,#1357,#1358);
#1360=IFCDIRECTION((0.,0.,1.));
#1361=IFCEXTRUDEDAREASOLID(#1355,#1359,#1360,0.18541019662496835);
#1362=IFCCARTESIANPOINT((0.,0.));
#1363=IFCDIRECTION((1.,0.));
#1364=IFCAXIS2PLACEMENT2D(#1362,#1363);
#1365=IFCCIRCLEPROFILEDEF(.AREA.,$,#1364,0.011);
#1366=IFCCARTESIANPOINT((-0.0336531106251535,0.23242889403294442,4.426335575687742));
#1367=IFCDIRECTION((0.5527800947184686,-0.59071369043769,0.5877852522924729));
#1368=IFCDIRECTION((-0.7301622766207521,-0.6832737736807994,0.));
#1369=IFCAXIS2PLACEMENT3D(#1366,#1367,#1368);
#1370=IFCDIRECTION((0.,0.,1.));
#1371=IFCEXTRUDEDAREASOLID(#1365,#1369,#1370,0.18541019662496844);
#1372=IFCCARTESIANPOINT((0.,0.));
#1373=IFCDIRECTION((1.,0.));
#1374=IFCAXIS2PLACEMENT2D(#1372,#1373);
#1375=IFCCIRCLEPROFILEDEF(.AREA.,$,#1374,0.011);
#1376=IFCCARTESIANPOINT((0.06883795542696644,0.1229045525398316,4.535316954888546));
#1377=IFCDIRECTION((0.6832737736807994,-0.730162276620752,0.));
#1378=IFCDIRECTION((-0.7301622766207521,-0.6832737736807996,0.));
#1379=IFCAXIS2PLACEMENT3D(#1376,#1377,#1378);
#1380=IFCDIRECTION((0.,0.,1.));
#1381=IFCEXTRUDEDAREASOLID(#1375,#1379,#1380,0.18541019662496847);
#1382=IFCCARTESIANPOINT((0.,0.));
#1383=IFCDIRECTION((1.,0.));
#1384=IFCAXIS2PLACEMENT2D(#1382,#1383);
#1385=IFCCIRCLEPROFILEDEF(.AREA.,$,#1384,0.011);
#1386=IFCCARTESIANPOINT((0.19552388015380767,-0.012474978736556647,4.535316954888546));
#1387=IFCDIRECTION((0.5527800947184686,-0.5907136904376898,-0.5877852522924729));
#1388=IFCDIRECTION((-0.7301622766207521,-0.6832737736807994,0.));
#1389=IFCAXIS2PLACEMENT3D(#1386,#1387,#1388);
#1390=IFCDIRECTION((0.,0.,1.));
#1391=IFCEXTRUDEDAREASOLID(#1385,#1389,#1390,0.18541019662496844);
#1392=IFCCARTESIANPOINT((0.,0.));
#1393=IFCDIRECTION((1.,0.));
#1394=IFCAXIS2PLACEMENT2D(#1392,#1393);
#1395=IFCCIRCLEPROFILEDEF(.AREA.,$,#1394,0.011);
#1396=IFCCARTESIANPOINT((0.2980149462059276,-0.12199932022966946,4.426335575687742));
#1397=IFCDIRECTION((0.21114320787806884,-0.2256325521273139,-0.9510565162951535));
#1398=IFCDIRECTION((0.,-0.9729924984143974,0.23083673457512974));
#1399=IFCAXIS2PLACEMENT3D(#1396,#1397,#1398);
#1400=IFCDIRECTION((0.,0.,1.));
#1401=IFCEXTRUDEDAREASOLID(#1395,#1399,#1400,0.18541019662496835);
#1402=IFCCARTESIANPOINT((0.,0.));
#1403=IFCDIRECTION((1.,0.));
#1404=IFCAXIS2PLACEMENT2D(#1402,#1403);
#1405=IFCCIRCLEPROFILEDEF(.AREA.,$,#1404,0.011);
#1406=IFCCARTESIANPOINT((0.3371630498946269,-0.16383389608458815,4.25));
#1407=IFCDIRECTION((-0.21114320787806884,0.22563255212731373,-0.9510565162951535));
#1408=IFCDIRECTION((0.,-0.9729924984143974,-0.23083673457512957));
#1409=IFCAXIS2PLACEMENT3D(#1406,#1407,#1408);
#1410=IFCDIRECTION((0.,0.,1.));
#1411=IFCEXTRUDEDAREASOLID(#1405,#1409,#1410,0.18541019662496835);
#1412=IFCCARTESIANPOINT((0.,0.));
#1413=IFCDIRECTION((1.,0.));
#1414=IFCAXIS2PLACEMENT2D(#1412,#1413);
#1415=IFCCIRCLEPROFILEDEF(.AREA.,$,#1414,0.011);
#1416=IFCCARTESIANPOINT((0.2980149462059276,-0.12199932022966949,4.073664424312258));
#1417=IFCDIRECTION((-0.5527800947184685,0.5907136904376897,-0.5877852522924729));
#1418=IFCDIRECTION((0.730162276620752,0.6832737736807994,-0.));
#1419=IFCAXIS2PLACEMENT3D(#1416,#1417,#1418);
#1420=IFCDIRECTION((0.,0.,1.));
#1421=IFCEXTRUDEDAREASOLID(#1415,#1419,#1420,0.18541019662496844);
#1422=IFCCARTESIANPOINT((0.,0.));
#1423=IFCDIRECTION((1.,0.));
#1424=IFCAXIS2PLACEMENT2D(#1422,#1423);
#1425=IFCCIRCLEPROFILEDEF(.AREA.,$,#1424,0.011);
#1426=IFCCARTESIANPOINT((0.1955238801538077,-0.012474978736556688,3.964683045111454));
#1427=IFCDIRECTION((-0.6832737736807994,0.7301622766207521,0.));
#1428=IFCDIRECTION((0.7301622766207521,0.6832737736807994,-0.));
#1429=IFCAXIS2PLACEMENT3D(#1426,#1427,#1428);
#1430=IFCDIRECTION((0.,0.,1.));
#1431=IFCEXTRUDEDAREASOLID(#1425,#1429,#1430,0.18541019662496844);
#1432=IFCCARTESIANPOINT((0.,0.));
#1433=IFCDIRECTION((1.,0.));
#1434=IFCAXIS2PLACEMENT2D(#1432,#1433);
#1435=IFCCIRCLEPROFILEDEF(.AREA.,$,#1434,0.011);
#1436=IFCCARTESIANPOINT((0.06883795542696648,0.12290455253983154,3.964683045111454));
#1437=IFCDIRECTION((-0.5527800947184686,0.59071369043769,0.5877852522924729));
#1438=IFCDIRECTION((0.7301622766207521,0.6832737736807994,-0.));
#1439=IFCAXIS2PLACEMENT3D(#1436,#1437,#1438);
#1440=IFCDIRECTION((0.,0.,1.));
#1441=IFCEXTRUDEDAREASOLID(#1435,#1439,#1440,0.18541019662496844);
#1442=IFCCARTESIANPOINT((0.,0.));
#1443=IFCDIRECTION((1.,0.));
#1444=IFCAXIS2PLACEMENT2D(#1442,#1443);
#1445=IFCCIRCLEPROFILEDEF(.AREA.,$,#1444,0.011);
#1446=IFCCARTESIANPOINT((-0.03365311062515344,0.23242889403294437,4.073664424312258));
#1447=IFCDIRECTION((-0.2111432078780691,0.2256325521273141,0.9510565162951533));
#1448=IFCDIRECTION((0.,0.9729924984143974,-0.23083673457513));
#1449=IFCAXIS2PLACEMENT3D(#1446,#1447,#1448);
#1450=IFCDIRECTION((0.,0.,1.));
#1451=IFCEXTRUDEDAREASOLID(#1445,#1449,#1450,0.18541019662496838);
#1452=IFCCARTESIANPOINT((0.,0.));
#1453=IFCDIRECTION((1.,0.));
#1454=IFCAXIS2PLACEMENT2D(#1452,#1453);
#1455=IFCCIRCLEPROFILEDEF(.AREA.,$,#1454,0.011);
#1456=IFCCARTESIANPOINT((-0.5374273804167964,0.7707738179899745,4.55));
#1457=IFCDIRECTION((0.21114320787806826,-0.2256325521273142,0.9510565162951535));
#1458=IFCDIRECTION((-0.,0.9729924984143974,0.23083673457513004));
#1459=IFCAXIS2PLACEMENT3D(#1456,#1457,#1458);
#1460=IFCDIRECTION((0.,0.,1.));
#1461=IFCEXTRUDEDAREASOLID(#1455,#1459,#1460,0.11124611797498063);
#1462=IFCCARTESIANPOINT((0.,0.));
#1463=IFCDIRECTION((1.,0.));
#1464=IFCAXIS2PLACEMENT2D(#1462,#1463);
#1465=IFCCIRCLEPROFILEDEF(.AREA.,$,#1464,0.011);
#1466=IFCCARTESIANPOINT((-0.5139385182035769,0.7456730724770233,4.655801345412645));
#1467=IFCDIRECTION((0.5527800947184675,-0.5907136904376886,0.5877852522924751));
#1468=IFCDIRECTION((-0.7301622766207521,-0.6832737736807996,0.));
#1469=IFCAXIS2PLACEMENT3D(#1466,#1467,#1468);
#1470=IFCDIRECTION((0.,0.,1.));
#1471=IFCEXTRUDEDAREASOLID(#1465,#1469,#1470,0.11124611797498125);
#1472=IFCCARTESIANPOINT((0.,0.));
#1473=IFCDIRECTION((1.,0.));
#1474=IFCAXIS2PLACEMENT2D(#1472,#1473);
#1475=IFCCIRCLEPROFILEDEF(.AREA.,$,#1474,0.011);
#1476=IFCCARTESIANPOINT((-0.452443878572305,0.6799584675811556,4.721190172933127));
#1477=IFCDIRECTION((0.6832737736807994,-0.7301622766207522,0.));
#1478=IFCDIRECTION((-0.7301622766207522,-0.6832737736807994,0.));
#1479=IFCAXIS2PLACEMENT3D(#1476,#1477,#1478);
#1480=IFCDIRECTION((0.,0.,1.));
#1481=IFCEXTRUDEDAREASOLID(#1475,#1479,#1480,0.11124611797498114);
#1482=IFCCARTESIANPOINT((0.,0.));
#1483=IFCDIRECTION((1.,0.));
#1484=IFCAXIS2PLACEMENT2D(#1482,#1483);
#1485=IFCCIRCLEPROFILEDEF(.AREA.,$,#1484,0.011);
#1486=IFCCARTESIANPOINT((-0.3764323237362002,0.5987307488153226,4.721190172933127));
#1487=IFCDIRECTION((0.5527800947184675,-0.5907136904376886,-0.5877852522924751));
#1488=IFCDIRECTION((-0.7301622766207521,-0.6832737736807996,0.));
#1489=IFCAXIS2PLACEMENT3D(#1486,#1487,#1488);
#1490=IFCDIRECTION((0.,0.,1.));
#1491=IFCEXTRUDEDAREASOLID(#1485,#1489,#1490,0.11124611797498125);
#1492=IFCCARTESIANPOINT((0.,0.));
#1493=IFCDIRECTION((1.,0.));
#1494=IFCAXIS2PLACEMENT2D(#1492,#1493);
#1495=IFCCIRCLEPROFILEDEF(.AREA.,$,#1494,0.011);
#1496=IFCCARTESIANPOINT((-0.3149376841049283,0.533016143919455,4.655801345412645));
#1497=IFCDIRECTION((0.2111432078780692,-0.22563255212731415,-0.9510565162951533));
#1498=IFCDIRECTION((0.,-0.9729924984143974,0.23083673457513004));
#1499=IFCAXIS2PLACEMENT3D(#1496,#1497,#1498);
#1500=IFCDIRECTION((0.,0.,1.));
#1501=IFCEXTRUDEDAREASOLID(#1495,#1499,#1500,0.11124611797498066);
#1502=IFCCARTESIANPOINT((0.,0.));
#1503=IFCDIRECTION((1.,0.));
#1504=IFCAXIS2PLACEMENT2D(#1502,#1503);
#1505=IFCCIRCLEPROFILEDEF(.AREA.,$,#1504,0.011);
#1506=IFCCARTESIANPOINT((-0.29144882189170873,0.5079153984065038,4.55));
#1507=IFCDIRECTION((-0.2111432078780692,0.22563255212731415,-0.9510565162951533));
#1508=IFCDIRECTION((0.,-0.9729924984143974,-0.23083673457513004));
#1509=IFCAXIS2PLACEMENT3D(#1506,#1507,#1508);
#1510=IFCDIRECTION((0.,0.,1.));
#1511=IFCEXTRUDEDAREASOLID(#1505,#1509,#1510,0.11124611797498066);
#1512=IFCCARTESIANPOINT((0.,0.));
#1513=IFCDIRECTION((1.,0.));
#1514=IFCAXIS2PLACEMENT2D(#1512,#1513);
#1515=IFCCIRCLEPROFILEDEF(.AREA.,$,#1514,0.011);
#1516=IFCCARTESIANPOINT((-0.3149376841049283,0.533016143919455,4.444198654587355));
#1517=IFCDIRECTION((-0.5527800947184675,0.5907136904376886,-0.5877852522924751));
#1518=IFCDIRECTION((0.7301622766207521,0.6832737736807996,-0.));
#1519=IFCAXIS2PLACEMENT3D(#1516,#1517,#1518);
#1520=IFCDIRECTION((0.,0.,1.));
#1521=IFCEXTRUDEDAREASOLID(#1515,#1519,#1520,0.11124611797498125);
#1522=IFCCARTESIANPOINT((0.,0.));
#1523=IFCDIRECTION((1.,0.));
#1524=IFCAXIS2PLACEMENT2D(#1522,#1523);
#1525=IFCCIRCLEPROFILEDEF(.AREA.,$,#1524,0.011);
#1526=IFCCARTESIANPOINT((-0.3764323237362002,0.5987307488153226,4.378809827066872));
#1527=IFCDIRECTION((-0.6832737736807994,0.7301622766207522,0.));
#1528=IFCDIRECTION((0.7301622766207522,0.6832737736807994,-0.));
#1529=IFCAXIS2PLACEMENT3D(#1526,#1527,#1528);
#1530=IFCDIRECTION((0.,0.,1.));
#1531=IFCEXTRUDEDAREASOLID(#1525,#1529,#1530,0.11124611797498114);
#1532=IFCCARTESIANPOINT((0.,0.));
#1533=IFCDIRECTION((1.,0.));
#1534=IFCAXIS2PLACEMENT2D(#1532,#1533);
#1535=IFCCIRCLEPROFILEDEF(.AREA.,$,#1534,0.011);
#1536=IFCCARTESIANPOINT((-0.452443878572305,0.6799584675811556,4.378809827066872));
#1537=IFCDIRECTION((-0.5527800947184701,0.5907136904376914,0.5877852522924699));
#1538=IFCDIRECTION((0.730162276620752,0.6832737736807996,-0.));
#1539=IFCAXIS2PLACEMENT3D(#1536,#1537,#1538);
#1540=IFCDIRECTION((0.,0.,1.));
#1541=IFCEXTRUDEDAREASOLID(#1535,#1539,#1540,0.11124611797498073);
#1542=IFCCARTESIANPOINT((0.,0.));
#1543=IFCDIRECTION((1.,0.));
#1544=IFCAXIS2PLACEMENT2D(#1542,#1543);
#1545=IFCCIRCLEPROFILEDEF(.AREA.,$,#1544,0.011);
#1546=IFCCARTESIANPOINT((-0.5139385182035769,0.7456730724770233,4.444198654587354));
#1547=IFCDIRECTION((-0.21114320787806665,0.22563255212731248,0.9510565162951543));
#1548=IFCDIRECTION((0.,0.9729924984143978,-0.2308367345751282));
#1549=IFCAXIS2PLACEMENT3D(#1546,#1547,#1548);
#1550=IFCDIRECTION((0.,0.,1.));
#1551=IFCEXTRUDEDAREASOLID(#1545,#1549,#1550,0.11124611797498148);
#1552=IFCCARTESIANPOINT((0.,0.));
#1553=IFCDIRECTION((1.,0.));
#1554=IFCAXIS2PLACEMENT2D(#1552,#1553);
#1555=IFCCIRCLEPROFILEDEF(.AREA.,$,#1554,0.011);
#1556=IFCCARTESIANPOINT((-0.35977619925978865,0.580931626068579,5.45));
#1557=IFCDIRECTION((0.21114320787806873,-0.22563255212731378,0.9510565162951535));
#1558=IFCDIRECTION((-0.,0.9729924984143974,0.23083673457512963));
#1559=IFCAXIS2PLACEMENT3D(#1556,#1557,#1558);
#1560=IFCDIRECTION((0.,0.,1.));
#1561=IFCEXTRUDEDAREASOLID(#1555,#1559,#1560,0.13596747752497684);
#1562=IFCCARTESIANPOINT((0.,0.));
#1563=IFCDIRECTION((1.,0.));
#1564=IFCAXIS2PLACEMENT2D(#1562,#1563);
#1565=IFCCIRCLEPROFILEDEF(.AREA.,$,#1564,0.011);
#1566=IFCCARTESIANPOINT((-0.33106758988807583,0.5502529371083053,5.579312755504344));
#1567=IFCDIRECTION((0.5527800947184697,-0.5907136904376904,0.5877852522924715));
#1568=IFCDIRECTION((-0.7301622766207517,-0.6832737736807999,0.));
#1569=IFCAXIS2PLACEMENT3D(#1566,#1567,#1568);
#1570=IFCDIRECTION((0.,0.,1.));
#1571=IFCEXTRUDEDAREASOLID(#1565,#1569,#1570,0.1359674775249766);
#1572=IFCCARTESIANPOINT((0.,0.));
#1573=IFCDIRECTION((1.,0.));
#1574=IFCAXIS2PLACEMENT2D(#1572,#1573);
#1575=IFCCIRCLEPROFILEDEF(.AREA.,$,#1574,0.011);
#1576=IFCCARTESIANPOINT((-0.25590747478318787,0.4699350866800226,5.6592324335849336));
#1577=IFCDIRECTION((0.6832737736807996,-0.7301622766207521,0.));
#1578=IFCDIRECTION((-0.7301622766207521,-0.6832737736807996,0.));
#1579=IFCAXIS2PLACEMENT3D(#1576,#1577,#1578);
#1580=IFCDIRECTION((0.,0.,1.));
#1581=IFCEXTRUDEDAREASOLID(#1575,#1579,#1580,0.1359674775249769);
#1582=IFCCARTESIANPOINT((0.,0.));
#1583=IFCDIRECTION((1.,0.));
#1584=IFCAXIS2PLACEMENT2D(#1582,#1583);
#1585=IFCCIRCLEPROFILEDEF(.AREA.,$,#1584,0.011);
#1586=IFCCARTESIANPOINT((-0.1630044633168376,0.3706567637440045,5.6592324335849336));
#1587=IFCDIRECTION((0.5527800947184692,-0.5907136904376911,-0.5877852522924712));
#1588=IFCDIRECTION((-0.7301622766207523,-0.6832737736807992,0.));
#1589=IFCAXIS2PLACEMENT3D(#1586,#1587,#1588);
#1590=IFCDIRECTION((0.,0.,1.));
#1591=IFCEXTRUDEDAREASOLID(#1585,#1589,#1590,0.13596747752497665);
#1592=IFCCARTESIANPOINT((0.,0.));
#1593=IFCDIRECTION((1.,0.));
#1594=IFCAXIS2PLACEMENT2D(#1592,#1593);
#1595=IFCCIRCLEPROFILEDEF(.AREA.,$,#1594,0.011);
#1596=IFCCARTESIANPOINT((-0.08784434821194967,0.29033891331572176,5.579312755504344));
#1597=IFCDIRECTION((0.21114320787806892,-0.22563255212731378,-0.9510565162951535));
#1598=IFCDIRECTION((0.,-0.9729924984143974,0.23083673457512963));
#1599=IFCAXIS2PLACEMENT3D(#1596,#1597,#1598);
#1600=IFCDIRECTION((0.,0.,1.));
#1601=IFCEXTRUDEDAREASOLID(#1595,#1599,#1600,0.13596747752497684);
#1602=IFCCARTESIANPOINT((0.,0.));
#1603=IFCDIRECTION((1.,0.));
#1604=IFCAXIS2PLACEMENT2D(#1602,#1603);
#1605=IFCCIRCLEPROFILEDEF(.AREA.,$,#1604,0.011);
#1606=IFCCARTESIANPOINT((-0.05913573884023682,0.25966022435544805,5.45));
#1607=IFCDIRECTION((-0.21114320787806873,0.22563255212731378,-0.9510565162951535));
#1608=IFCDIRECTION((0.,-0.9729924984143974,-0.23083673457512963));
#1609=IFCAXIS2PLACEMENT3D(#1606,#1607,#1608);
#1610=IFCDIRECTION((0.,0.,1.));
#1611=IFCEXTRUDEDAREASOLID(#1605,#1609,#1610,0.13596747752497684);
#1612=IFCCARTESIANPOINT((0.,0.));
#1613=IFCDIRECTION((1.,0.));
#1614=IFCAXIS2PLACEMENT2D(#1612,#1613);
#1615=IFCCIRCLEPROFILEDEF(.AREA.,$,#1614,0.011);
#1616=IFCCARTESIANPOINT((-0.08784434821194964,0.29033891331572176,5.320687244495656));
#1617=IFCDIRECTION((-0.5527800947184695,0.5907136904376906,-0.5877852522924712));
#1618=IFCDIRECTION((0.7301622766207518,0.6832737736807996,-0.));
#1619=IFCAXIS2PLACEMENT3D(#1616,#1617,#1618);
#1620=IFCDIRECTION((0.,0.,1.));
#1621=IFCEXTRUDEDAREASOLID(#1615,#1619,#1620,0.13596747752497665);
#1622=IFCCARTESIANPOINT((0.,0.));
#1623=IFCDIRECTION((1.,0.));
#1624=IFCAXIS2PLACEMENT2D(#1622,#1623);
#1625=IFCCIRCLEPROFILEDEF(.AREA.,$,#1624,0.011);
#1626=IFCCARTESIANPOINT((-0.1630044633168376,0.37065676374400447,5.240767566415067));
#1627=IFCDIRECTION((-0.6832737736807994,0.730162276620752,0.));
#1628=IFCDIRECTION((0.7301622766207521,0.6832737736807996,-0.));
#1629=IFCAXIS2PLACEMENT3D(#1626,#1627,#1628);
#1630=IFCDIRECTION((0.,0.,1.));
#1631=IFCEXTRUDEDAREASOLID(#1625,#1629,#1630,0.13596747752497684);
#1632=IFCCARTESIANPOINT((0.,0.));
#1633=IFCDIRECTION((1.,0.));
#1634=IFCAXIS2PLACEMENT2D(#1632,#1633);
#1635=IFCCIRCLEPROFILEDEF(.AREA.,$,#1634,0.011);
#1636=IFCCARTESIANPOINT((-0.2559074747831878,0.4699350866800225,5.240767566415067));
#1637=IFCDIRECTION((-0.5527800947184697,0.5907136904376907,0.5877852522924709));
#1638=IFCDIRECTION((0.730162276620752,0.6832737736807998,-0.));
#1639=IFCAXIS2PLACEMENT3D(#1636,#1637,#1638);
#1640=IFCDIRECTION((0.,0.,1.));
#1641=IFCEXTRUDEDAREASOLID(#1635,#1639,#1640,0.1359674775249767);
#1642=IFCCARTESIANPOINT((0.,0.));
#1643=IFCDIRECTION((1.,0.));
#1644=IFCAXIS2PLACEMENT2D(#1642,#1643);
#1645=IFCCIRCLEPROFILEDEF(.AREA.,$,#1644,0.011);
#1646=IFCCARTESIANPOINT((-0.33106758988807583,0.5502529371083053,5.320687244495656));
#1647=IFCDIRECTION((-0.21114320787806873,0.22563255212731378,0.9510565162951535));
#1648=IFCDIRECTION((0.,0.9729924984143974,-0.23083673457512963));
#1649=IFCAXIS2PLACEMENT3D(#1646,#1647,#1648);
#1650=IFCDIRECTION((0.,0.,1.));
#1651=IFCEXTRUDEDAREASOLID(#1645,#1649,#1650,0.13596747752497684);
#1652=IFCCARTESIANPOINT((0.,0.));
#1653=IFCDIRECTION((1.,0.));
#1654=IFCAXIS2PLACEMENT2D(#1652,#1653);
#1655=IFCCIRCLEPROFILEDEF(.AREA.,$,#1654,0.011);
#1656=IFCCARTESIANPOINT((0.37132673857866694,-0.20034200991562573,5.62));
#1657=IFCDIRECTION((0.21114320787806812,-0.22563255212731334,0.9510565162951538));
#1658=IFCDIRECTION((-0.,0.9729924984143975,0.23083673457512913));
#1659=IFCAXIS2PLACEMENT3D(#1656,#1657,#1658);
#1660=IFCDIRECTION((0.,0.,1.));
#1661=IFCEXTRUDEDAREASOLID(#1655,#1659,#1660,0.09270509831248462);
#1662=IFCCARTESIANPOINT((0.,0.));
#1663=IFCDIRECTION((1.,0.));
#1664=IFCAXIS2PLACEMENT2D(#1662,#1663);
#1665=IFCCIRCLEPROFILEDEF(.AREA.,$,#1664,0.011);
#1666=IFCCARTESIANPOINT((0.3909007904230166,-0.22125929784308512,5.7081677878438715));
#1667=IFCDIRECTION((0.5527800947184683,-0.5907136904376901,0.5877852522924729));
#1668=IFCDIRECTION((-0.7301622766207523,-0.6832737736807992,0.));
#1669=IFCAXIS2PLACEMENT3D(#1666,#1667,#1668);
#1670=IFCDIRECTION((0.,0.,1.));
#1671=IFCEXTRUDEDAREASOLID(#1665,#1669,#1670,0.09270509831248422);
#1672=IFCCARTESIANPOINT((0.,0.));
#1673=IFCDIRECTION((1.,0.));
#1674=IFCAXIS2PLACEMENT2D(#1672,#1673);
#1675=IFCCIRCLEPROFILEDEF(.AREA.,$,#1674,0.011);
#1676=IFCCARTESIANPOINT((0.44214632344907656,-0.27602146858964155,5.7626584774442735));
#1677=IFCDIRECTION((0.6832737736807998,-0.7301622766207516,0.));
#1678=IFCDIRECTION((-0.7301622766207517,-0.6832737736807999,0.));
#1679=IFCAXIS2PLACEMENT3D(#1676,#1677,#1678);
#1680=IFCDIRECTION((0.,0.,1.));
#1681=IFCEXTRUDEDAREASOLID(#1675,#1679,#1680,0.0927050983124842);
#1682=IFCCARTESIANPOINT((0.,0.));
#1683=IFCDIRECTION((1.,0.));
#1684=IFCAXIS2PLACEMENT2D(#1682,#1683);
#1685=IFCCIRCLEPROFILEDEF(.AREA.,$,#1684,0.011);
#1686=IFCCARTESIANPOINT((0.5054892858124972,-0.3437112342278356,5.7626584774442735));
#1687=IFCDIRECTION((0.5527800947184676,-0.59071369043769,-0.5877852522924735));
#1688=IFCDIRECTION((-0.7301622766207526,-0.6832737736807988,0.));
#1689=IFCAXIS2PLACEMENT3D(#1686,#1687,#1688);
#1690=IFCDIRECTION((0.,0.,1.));
#1691=IFCEXTRUDEDAREASOLID(#1685,#1689,#1690,0.09270509831248414);
#1692=IFCCARTESIANPOINT((0.,0.));
#1693=IFCDIRECTION((1.,0.));
#1694=IFCAXIS2PLACEMENT2D(#1692,#1693);
#1695=IFCCIRCLEPROFILEDEF(.AREA.,$,#1694,0.011);
#1696=IFCCARTESIANPOINT((0.556734818838557,-0.398473404974392,5.7081677878438715));
#1697=IFCDIRECTION((0.21114320787806926,-0.22563255212731326,-0.9510565162951534));
#1698=IFCDIRECTION((0.,-0.9729924984143975,0.23083673457512913));
#1699=IFCAXIS2PLACEMENT3D(#1696,#1697,#1698);
#1700=IFCDIRECTION((0.,0.,1.));
#1701=IFCEXTRUDEDAREASOLID(#1695,#1699,#1700,0.09270509831248465);
#1702=IFCCARTESIANPOINT((0.,0.));
#1703=IFCDIRECTION((1.,0.));
#1704=IFCAXIS2PLACEMENT2D(#1702,#1703);
#1705=IFCCIRCLEPROFILEDEF(.AREA.,$,#1704,0.011);
#1706=IFCCARTESIANPOINT((0.5763088706829068,-0.4193906929018514,5.62));
#1707=IFCDIRECTION((-0.21114320787806706,0.22563255212731226,-0.9510565162951543));
#1708=IFCDIRECTION((0.,-0.9729924984143978,-0.23083673457512796));
#1709=IFCAXIS2PLACEMENT3D(#1706,#1707,#1708);
#1710=IFCDIRECTION((0.,0.,1.));
#1711=IFCEXTRUDEDAREASOLID(#1705,#1709,#1710,0.09270509831248457);
#1712=IFCCARTESIANPOINT((0.,0.));
#1713=IFCDIRECTION((1.,0.));
#1714=IFCAXIS2PLACEMENT2D(#1712,#1713);
#1715=IFCCIRCLEPROFILEDEF(.AREA.,$,#1714,0.011);
#1716=IFCCARTESIANPOINT((0.5567348188385572,-0.3984734049743921,5.531832212156129));
#1717=IFCDIRECTION((-0.5527800947184689,0.5907136904376901,-0.5877852522924724));
#1718=IFCDIRECTION((0.7301622766207518,0.6832737736807996,-0.));
#1719=IFCAXIS2PLACEMENT3D(#1716,#1717,#1718);
#1720=IFCDIRECTION((0.,0.,1.));
#1721=IFCEXTRUDEDAREASOLID(#1715,#1719,#1720,0.09270509831248432);
#1722=IFCCARTESIANPOINT((0.,0.));
#1723=IFCDIRECTION((1.,0.));
#1724=IFCAXIS2PLACEMENT2D(#1722,#1723);
#1725=IFCCIRCLEPROFILEDEF(.AREA.,$,#1724,0.011);
#1726=IFCCARTESIANPOINT((0.5054892858124972,-0.3437112342278356,5.477341522555727));
#1727=IFCDIRECTION((-0.6832737736807998,0.7301622766207516,0.));
#1728=IFCDIRECTION((0.7301622766207517,0.6832737736807999,-0.));
#1729=IFCAXIS2PLACEMENT3D(#1726,#1727,#1728);
#1730=IFCDIRECTION((0.,0.,1.));
#1731=IFCEXTRUDEDAREASOLID(#1725,#1729,#1730,0.0927050983124842);
#1732=IFCCARTESIANPOINT((0.,0.));
#1733=IFCDIRECTION((1.,0.));
#1734=IFCAXIS2PLACEMENT2D(#1732,#1733);
#1735=IFCCIRCLEPROFILEDEF(.AREA.,$,#1734,0.011);
#1736=IFCCARTESIANPOINT((0.44214632344907656,-0.27602146858964155,5.477341522555727));
#1737=IFCDIRECTION((-0.5527800947184683,0.5907136904376901,0.5877852522924729));
#1738=IFCDIRECTION((0.7301622766207523,0.6832737736807992,-0.));
#1739=IFCAXIS2PLACEMENT3D(#1736,#1737,#1738);
#1740=IFCDIRECTION((0.,0.,1.));
#1741=IFCEXTRUDEDAREASOLID(#1735,#1739,#1740,0.09270509831248422);
#1742=IFCCARTESIANPOINT((0.,0.));
#1743=IFCDIRECTION((1.,0.));
#1744=IFCAXIS2PLACEMENT2D(#1742,#1743);
#1745=IFCCIRCLEPROFILEDEF(.AREA.,$,#1744,0.011);
#1746=IFCCARTESIANPOINT((0.3909007904230166,-0.22125929784308512,5.531832212156129));
#1747=IFCDIRECTION((-0.21114320787806812,0.22563255212731334,0.9510565162951538));
#1748=IFCDIRECTION((0.,0.9729924984143975,-0.23083673457512913));
#1749=IFCAXIS2PLACEMENT3D(#1746,#1747,#1748);
#1750=IFCDIRECTION((0.,0.,1.));
#1751=IFCEXTRUDEDAREASOLID(#1745,#1749,#1750,0.09270509831248462);
#1752=IFCCARTESIANPOINT((0.,0.));
#1753=IFCDIRECTION((1.,0.));
#1754=IFCAXIS2PLACEMENT2D(#1752,#1753);
#1755=IFCCIRCLEPROFILEDEF(.AREA.,$,#1754,0.075);
#1756=IFCCARTESIANPOINT((0.5325994029377541,-0.3507286041669792,2.));
#1757=IFCDIRECTION((-0.7301622766207521,-0.6832737736807996,0.));
#1758=IFCDIRECTION((-0.6832737736807996,0.7301622766207521,0.));
#1759=IFCAXIS2PLACEMENT3D(#1756,#1757,#1758);
#1760=IFCDIRECTION((0.,0.,1.));
#1761=IFCEXTRUDEDAREASOLID(#1755,#1759,#1760,0.03);
#1762=IFCCARTESIANPOINT((0.,0.));
#1763=IFCDIRECTION((1.,0.));
#1764=IFCAXIS2PLACEMENT2D(#1762,#1763);
#1765=IFCCIRCLEPROFILEDEF(.AREA.,$,#1764,0.075);
#1766=IFCCARTESIANPOINT((0.17729704062373833,0.02895577967581186,2.7));
#1767=IFCDIRECTION((-0.7301622766207521,-0.6832737736807996,0.));
#1768=IFCDIRECTION((-0.6832737736807996,0.7301622766207521,0.));
#1769=IFCAXIS2PLACEMENT3D(#1766,#1767,#1768);
#1770=IFCDIRECTION((0.,0.,1.));
#1771=IFCEXTRUDEDAREASOLID(#1765,#1769,#1770,0.03);
#1772=IFCCARTESIANPOINT((0.,0.));
#1773=IFCDIRECTION((1.,0.));
#1774=IFCAXIS2PLACEMENT2D(#1772,#1773);
#1775=IFCCIRCLEPROFILEDEF(.AREA.,$,#1774,0.075);
#1776=IFCCARTESIANPOINT((-0.31466007642643734,0.5546726188427533,2.4));
#1777=IFCDIRECTION((-0.7301622766207521,-0.6832737736807996,0.));
#1778=IFCDIRECTION((-0.6832737736807996,0.7301622766207521,0.));
#1779=IFCAXIS2PLACEMENT3D(#1776,#1777,#1778);
#1780=IFCDIRECTION((0.,0.,1.));
#1781=IFCEXTRUDEDAREASOLID(#1775,#1779,#1780,0.03);
#1782=IFCCARTESIANPOINT((0.,0.));
#1783=IFCDIRECTION((1.,0.));
#1784=IFCAXIS2PLACEMENT2D(#1782,#1783);
#1785=IFCCIRCLEPROFILEDEF(.AREA.,$,#1784,0.075);
#1786=IFCCARTESIANPOINT((-0.5401404217411012,0.7956261701276015,2.95));
#1787=IFCDIRECTION((-0.7301622766207521,-0.6832737736807996,0.));
#1788=IFCDIRECTION((-0.6832737736807996,0.7301622766207521,0.));
#1789=IFCAXIS2PLACEMENT3D(#1786,#1787,#1788);
#1790=IFCDIRECTION((0.,0.,1.));
#1791=IFCEXTRUDEDAREASOLID(#1785,#1789,#1790,0.03);
#1792=IFCCARTESIANPOINT((0.,0.));
#1793=IFCDIRECTION((1.,0.));
#1794=IFCAXIS2PLACEMENT2D(#1792,#1793);
#1795=IFCCIRCLEPROFILEDEF(.AREA.,$,#1794,0.075);
#1796=IFCCARTESIANPOINT((-0.09601246884858149,0.3210206903241127,3.95));
#1797=IFCDIRECTION((-0.7301622766207521,-0.6832737736807996,0.));
#1798=IFCDIRECTION((-0.6832737736807996,0.7301622766207521,0.));
#1799=IFCAXIS2PLACEMENT3D(#1796,#1797,#1798);
#1800=IFCDIRECTION((0.,0.,1.));
#1801=IFCEXTRUDEDAREASOLID(#1795,#1799,#1800,0.03);
#1802=IFCCARTESIANPOINT((0.,0.));
#1803=IFCDIRECTION((1.,0.));
#1804=IFCAXIS2PLACEMENT2D(#1802,#1803);
#1805=IFCCIRCLEPROFILEDEF(.AREA.,$,#1804,0.075);
#1806=IFCCARTESIANPOINT((0.38227917272797823,-0.19009290331041373,4.7));
#1807=IFCDIRECTION((-0.7301622766207521,-0.6832737736807996,0.));
#1808=IFCDIRECTION((-0.6832737736807996,0.7301622766207521,0.));
#1809=IFCAXIS2PLACEMENT3D(#1806,#1807,#1808);
#1810=IFCDIRECTION((0.,0.,1.));
#1811=IFCEXTRUDEDAREASOLID(#1805,#1809,#1810,0.03);
#1812=IFCCARTESIANPOINT((0.,0.));
#1813=IFCDIRECTION((1.,0.));
#1814=IFCAXIS2PLACEMENT2D(#1812,#1813);
#1815=IFCCIRCLEPROFILEDEF(.AREA.,$,#1814,0.075);
#1816=IFCCARTESIANPOINT((-0.5401404217411012,0.7956261701276015,5.05));
#1817=IFCDIRECTION((-0.7301622766207521,-0.6832737736807996,0.));
#1818=IFCDIRECTION((-0.6832737736807996,0.7301622766207521,0.));
#1819=IFCAXIS2PLACEMENT3D(#1816,#1817,#1818);
#1820=IFCDIRECTION((0.,0.,1.));
#1821=IFCEXTRUDEDAREASOLID(#1815,#1819,#1820,0.03);
#1822=IFCCARTESIANPOINT((0.,0.));
#1823=IFCDIRECTION((1.,0.));
#1824=IFCAXIS2PLACEMENT2D(#1822,#1823);
#1825=IFCCIRCLEPROFILEDEF(.AREA.,$,#1824,0.075);
#1826=IFCCARTESIANPOINT((0.0406422858875784,0.17498823499996227,5.75));
#1827=IFCDIRECTION((-0.7301622766207521,-0.6832737736807996,0.));
#1828=IFCDIRECTION((-0.6832737736807996,0.7301622766207521,0.));
#1829=IFCAXIS2PLACEMENT3D(#1826,#1827,#1828);
#1830=IFCDIRECTION((0.,0.,1.));
#1831=IFCEXTRUDEDAREASOLID(#1825,#1829,#1830,0.03);
#1832=IFCCARTESIANPOINT((0.,0.));
#1833=IFCDIRECTION((1.,0.));
#1834=IFCAXIS2PLACEMENT2D(#1832,#1833);
#1835=IFCCIRCLEPROFILEDEF(.AREA.,$,#1834,0.075);
#1836=IFCCARTESIANPOINT((0.758079748252418,-0.5916821554518275,5.85));
#1837=IFCDIRECTION((-0.7301622766207521,-0.6832737736807996,0.));
#1838=IFCDIRECTION((-0.6832737736807996,0.7301622766207521,0.));
#1839=IFCAXIS2PLACEMENT3D(#1836,#1837,#1838);
#1840=IFCDIRECTION((0.,0.,1.));
#1841=IFCEXTRUDEDAREASOLID(#1835,#1839,#1840,0.03);
#1842=IFCCARTESIANPOINT((0.,0.));
#1843=IFCDIRECTION((1.,0.));
#1844=IFCAXIS2PLACEMENT2D(#1842,#1843);
#1845=IFCCIRCLEPROFILEDEF(.AREA.,$,#1844,0.075);
#1846=IFCCARTESIANPOINT((-0.3693219783209013,0.6130856009724135,3.3));
#1847=IFCDIRECTION((-0.7301622766207521,-0.6832737736807996,0.));
#1848=IFCDIRECTION((-0.6832737736807996,0.7301622766207521,0.));
#1849=IFCAXIS2PLACEMENT3D(#1846,#1847,#1848);
#1850=IFCDIRECTION((0.,0.,1.));
#1851=IFCEXTRUDEDAREASOLID(#1845,#1849,#1850,0.03);
#1852=IFCCARTESIANPOINT((0.,0.));
#1853=IFCDIRECTION((1.,0.));
#1854=IFCAXIS2PLACEMENT2D(#1852,#1853);
#1855=IFCCIRCLEPROFILEDEF(.AREA.,$,#1854,0.012);
#1856=IFCCARTESIANPOINT((0.4943160178412108,-0.33177121970736106,1.68));
#1857=IFCDIRECTION((-0.6827744497375324,0.7296286874194231,0.03822341272334869));
#1858=IFCDIRECTION((0.7301622766207518,0.6832737736807997,-0.));
#1859=IFCAXIS2PLACEMENT3D(#1856,#1857,#1858);
#1860=IFCDIRECTION((0.,0.,1.));
#1861=IFCEXTRUDEDAREASOLID(#1855,#1859,#1860,1.8313383084509538);
#1862=IFCCARTESIANPOINT((0.,0.));
#1863=IFCDIRECTION((1.,0.));
#1864=IFCAXIS2PLACEMENT2D(#1862,#1863);
#1865=IFCCIRCLEPROFILEDEF(.AREA.,$,#1864,0.012);
#1866=IFCCARTESIANPOINT((0.234671983842507,-0.05430955459147534,2.5));
#1867=IFCDIRECTION((-0.6828679086175564,0.7297285597564531,0.034462275839778754));
#1868=IFCDIRECTION((0.730162276620752,0.6832737736807996,-0.));
#1869=IFCAXIS2PLACEMENT3D(#1866,#1867,#1868);
#1870=IFCDIRECTION((0.,0.,1.));
#1871=IFCEXTRUDEDAREASOLID(#1865,#1869,#1870,1.450861812854691);
#1872=IFCCARTESIANPOINT((0.2582789745670556,-0.67591104907423));
#1873=IFCCARTESIANPOINT((0.16262064625174372,-0.5736883303473248));
#1874=IFCCARTESIANPOINT((0.14801740071932873,-0.5873538058209409));
#1875=IFCCARTESIANPOINT((0.24367572903464063,-0.689576524547846));
#1876=IFCCARTESIANPOINT((0.2582789745670556,-0.67591104907423));
#1877=IFCPOLYLINE((#1872,#1873,#1874,#1875,#1876));
#1878=IFCARBITRARYCLOSEDPROFILEDEF(.AREA.,$,#1877);
#1879=IFCCARTESIANPOINT((0.,0.,0.7));
#1880=IFCAXIS2PLACEMENT3D(#1879,$,$);
#1881=IFCDIRECTION((0.,0.,1.));
#1882=IFCEXTRUDEDAREASOLID(#1878,#1880,#1881,0.22);
#1883=IFCCARTESIANPOINT((0.,0.));
#1884=IFCDIRECTION((1.,0.));
#1885=IFCAXIS2PLACEMENT2D(#1883,#1884);
#1886=IFCCIRCLEPROFILEDEF(.AREA.,$,#1885,0.01);
#1887=IFCCARTESIANPOINT((0.20314818764319212,-0.6316324274475855,0.92));
#1888=IFCDIRECTION((0.35154723586091763,0.3289720849253149,0.8764655773608223));
#1889=IFCDIRECTION((0.6832737736807994,-0.730162276620752,0.));
#1890=IFCAXIS2PLACEMENT3D(#1887,#1888,#1889);
#1891=IFCDIRECTION((0.,0.,1.));
#1892=IFCEXTRUDEDAREASOLID(#1886,#1890,#1891,0.8671190513704841);
#1893=IFCCARTESIANPOINT((-0.1931243871271922,-0.27659170467811656));
#1894=IFCCARTESIANPOINT((-0.28878271544250417,-0.17436898595121123));
#1895=IFCCARTESIANPOINT((-0.3033859609749192,-0.1880344614248272));
#1896=IFCCARTESIANPOINT((-0.20772763265960725,-0.2902571801517325));
#1897=IFCCARTESIANPOINT((-0.1931243871271922,-0.27659170467811656));
#1898=IFCPOLYLINE((#1893,#1894,#1895,#1896,#1897));
#1899=IFCARBITRARYCLOSEDPROFILEDEF(.AREA.,$,#1898);
#1900=IFCCARTESIANPOINT((0.,0.,0.7));
#1901=IFCAXIS2PLACEMENT3D(#1900,$,$);
#1902=IFCDIRECTION((0.,0.,1.));
#1903=IFCEXTRUDEDAREASOLID(#1899,#1901,#1902,0.22);
#1904=IFCCARTESIANPOINT((0.,0.));
#1905=IFCDIRECTION((1.,0.));
#1906=IFCAXIS2PLACEMENT2D(#1904,#1905);
#1907=IFCCIRCLEPROFILEDEF(.AREA.,$,#1906,0.01);
#1908=IFCCARTESIANPOINT((-0.2482551740510557,-0.23231308305147186,0.92));
#1909=IFCDIRECTION((0.3779131799521963,0.3536448990280654,0.855638307820453));
#1910=IFCDIRECTION((0.6832737736807996,-0.7301622766207522,0.));
#1911=IFCAXIS2PLACEMENT3D(#1908,#1909,#1910);
#1912=IFCDIRECTION((0.,0.,1.));
#1913=IFCEXTRUDEDAREASOLID(#1907,#1911,#1912,0.9162750111049426);
#1914=IFCCARTESIANPOINT((-0.5616495538499038,0.20028368287067239));
#1915=IFCCARTESIANPOINT((-0.6573078821652157,0.3025064015975776));
#1916=IFCCARTESIANPOINT((-0.6719111276976307,0.2888409261239616));
#1917=IFCCARTESIANPOINT((-0.5762527993823188,0.18661820739705642));
#1918=IFCCARTESIANPOINT((-0.5616495538499038,0.20028368287067239));
#1919=IFCPOLYLINE((#1914,#1915,#1916,#1917,#1918));
#1920=IFCARBITRARYCLOSEDPROFILEDEF(.AREA.,$,#1919);
#1921=IFCCARTESIANPOINT((0.,0.,0.7));
#1922=IFCAXIS2PLACEMENT3D(#1921,$,$);
#1923=IFCDIRECTION((0.,0.,1.));
#1924=IFCEXTRUDEDAREASOLID(#1920,#1922,#1923,0.22);
#1925=IFCCARTESIANPOINT((0.,0.));
#1926=IFCDIRECTION((1.,0.));
#1927=IFCAXIS2PLACEMENT2D(#1925,#1926);
#1928=IFCCIRCLEPROFILEDEF(.AREA.,$,#1927,0.01);
#1929=IFCCARTESIANPOINT((-0.6167803407737673,0.24456230449731703,0.92));
#1930=IFCDIRECTION((0.33517205181244486,0.31364845871539887,0.8884167603266444));
#1931=IFCDIRECTION((0.6832737736807994,-0.7301622766207522,0.));
#1932=IFCAXIS2PLACEMENT3D(#1929,#1930,#1931);
#1933=IFCDIRECTION((0.,0.,1.));
#1934=IFCEXTRUDEDAREASOLID(#1928,#1932,#1933,0.9094830670494356);
#1935=IFCSTYLEDITEM(#961,(#38),$);
#1936=IFCSTYLEDITEM(#971,(#38),$);
#1937=IFCSTYLEDITEM(#981,(#38),$);
#1938=IFCSTYLEDITEM(#991,(#38),$);
#1939=IFCSTYLEDITEM(#1001,(#38),$);
#1940=IFCSTYLEDITEM(#1011,(#38),$);
#1941=IFCSTYLEDITEM(#1021,(#38),$);
#1942=IFCSTYLEDITEM(#1031,(#38),$);
#1943=IFCSTYLEDITEM(#1041,(#38),$);
#1944=IFCSTYLEDITEM(#1051,(#38),$);
#1945=IFCSTYLEDITEM(#1061,(#38),$);
#1946=IFCSTYLEDITEM(#1071,(#38),$);
#1947=IFCSTYLEDITEM(#1081,(#38),$);
#1948=IFCSTYLEDITEM(#1091,(#38),$);
#1949=IFCSTYLEDITEM(#1101,(#38),$);
#1950=IFCSTYLEDITEM(#1111,(#38),$);
#1951=IFCSTYLEDITEM(#1121,(#38),$);
#1952=IFCSTYLEDITEM(#1131,(#38),$);
#1953=IFCSTYLEDITEM(#1141,(#38),$);
#1954=IFCSTYLEDITEM(#1151,(#38),$);
#1955=IFCSTYLEDITEM(#1161,(#38),$);
#1956=IFCSTYLEDITEM(#1171,(#38),$);
#1957=IFCSTYLEDITEM(#1181,(#38),$);
#1958=IFCSTYLEDITEM(#1191,(#38),$);
#1959=IFCSTYLEDITEM(#1201,(#38),$);
#1960=IFCSTYLEDITEM(#1211,(#38),$);
#1961=IFCSTYLEDITEM(#1221,(#38),$);
#1962=IFCSTYLEDITEM(#1231,(#38),$);
#1963=IFCSTYLEDITEM(#1241,(#38),$);
#1964=IFCSTYLEDITEM(#1251,(#38),$);
#1965=IFCSTYLEDITEM(#1261,(#38),$);
#1966=IFCSTYLEDITEM(#1271,(#38),$);
#1967=IFCSTYLEDITEM(#1281,(#38),$);
#1968=IFCSTYLEDITEM(#1291,(#38),$);
#1969=IFCSTYLEDITEM(#1301,(#38),$);
#1970=IFCSTYLEDITEM(#1311,(#38),$);
#1971=IFCSTYLEDITEM(#1321,(#38),$);
#1972=IFCSTYLEDITEM(#1331,(#38),$);
#1973=IFCSTYLEDITEM(#1341,(#38),$);
#1974=IFCSTYLEDITEM(#1351,(#38),$);
#1975=IFCSTYLEDITEM(#1361,(#38),$);
#1976=IFCSTYLEDITEM(#1371,(#38),$);
#1977=IFCSTYLEDITEM(#1381,(#38),$);
#1978=IFCSTYLEDITEM(#1391,(#38),$);
#1979=IFCSTYLEDITEM(#1401,(#38),$);
#1980=IFCSTYLEDITEM(#1411,(#38),$);
#1981=IFCSTYLEDITEM(#1421,(#38),$);
#1982=IFCSTYLEDITEM(#1431,(#38),$);
#1983=IFCSTYLEDITEM(#1441,(#38),$);
#1984=IFCSTYLEDITEM(#1451,(#38),$);
#1985=IFCSTYLEDITEM(#1461,(#38),$);
#1986=IFCSTYLEDITEM(#1471,(#38),$);
#1987=IFCSTYLEDITEM(#1481,(#38),$);
#1988=IFCSTYLEDITEM(#1491,(#38),$);
#1989=IFCSTYLEDITEM(#1501,(#38),$);
#1990=IFCSTYLEDITEM(#1511,(#38),$);
#1991=IFCSTYLEDITEM(#1521,(#38),$);
#1992=IFCSTYLEDITEM(#1531,(#38),$);
#1993=IFCSTYLEDITEM(#1541,(#38),$);
#1994=IFCSTYLEDITEM(#1551,(#38),$);
#1995=IFCSTYLEDITEM(#1561,(#38),$);
#1996=IFCSTYLEDITEM(#1571,(#38),$);
#1997=IFCSTYLEDITEM(#1581,(#38),$);
#1998=IFCSTYLEDITEM(#1591,(#38),$);
#1999=IFCSTYLEDITEM(#1601,(#38),$);
#2000=IFCSTYLEDITEM(#1611,(#38),$);
#2001=IFCSTYLEDITEM(#1621,(#38),$);
#2002=IFCSTYLEDITEM(#1631,(#38),$);
#2003=IFCSTYLEDITEM(#1641,(#38),$);
#2004=IFCSTYLEDITEM(#1651,(#38),$);
#2005=IFCSTYLEDITEM(#1661,(#38),$);
#2006=IFCSTYLEDITEM(#1671,(#38),$);
#2007=IFCSTYLEDITEM(#1681,(#38),$);
#2008=IFCSTYLEDITEM(#1691,(#38),$);
#2009=IFCSTYLEDITEM(#1701,(#38),$);
#2010=IFCSTYLEDITEM(#1711,(#38),$);
#2011=IFCSTYLEDITEM(#1721,(#38),$);
#2012=IFCSTYLEDITEM(#1731,(#38),$);
#2013=IFCSTYLEDITEM(#1741,(#38),$);
#2014=IFCSTYLEDITEM(#1751,(#38),$);
#2015=IFCSTYLEDITEM(#1761,(#38),$);
#2016=IFCSTYLEDITEM(#1771,(#38),$);
#2017=IFCSTYLEDITEM(#1781,(#38),$);
#2018=IFCSTYLEDITEM(#1791,(#38),$);
#2019=IFCSTYLEDITEM(#1801,(#38),$);
#2020=IFCSTYLEDITEM(#1811,(#38),$);
#2021=IFCSTYLEDITEM(#1821,(#38),$);
#2022=IFCSTYLEDITEM(#1831,(#38),$);
#2023=IFCSTYLEDITEM(#1841,(#38),$);
#2024=IFCSTYLEDITEM(#1851,(#38),$);
#2025=IFCSTYLEDITEM(#1861,(#38),$);
#2026=IFCSTYLEDITEM(#1871,(#38),$);
#2027=IFCSTYLEDITEM(#1882,(#38),$);
#2028=IFCSTYLEDITEM(#1892,(#38),$);
#2029=IFCSTYLEDITEM(#1903,(#38),$);
#2030=IFCSTYLEDITEM(#1913,(#38),$);
#2031=IFCSTYLEDITEM(#1924,(#38),$);
#2032=IFCSTYLEDITEM(#1934,(#38),$);
#2033=IFCSHAPEREPRESENTATION(#16,'Body','SweptSolid',(#961,#971,#981,#991,#1001,#1011,#1021,#1031,#1041,#1051,#1061,#1071,#1081,#1091,#1101,#1111,#1121,#1131,#1141,#1151,#1161,#1171,#1181,#1191,#1201,#1211,#1221,#1231,#1241,#1251,#1261,#1271,#1281,#1291,#1301,#1311,#1321,#1331,#1341,#1351,#1361,#1371,#1381,#1391,#1401,#1411,#1421,#1431,#1441,#1451,#1461,#1471,#1481,#1491,#1501,#1511,#1521,#1531,#1541,#1551,#1561,#1571,#1581,#1591,#1601,#1611,#1621,#1631,#1641,#1651,#1661,#1671,#1681,#1691,#1701,#1711,#1721,#1731,#1741,#1751,#1761,#1771,#1781,#1791,#1801,#1811,#1821,#1831,#1841,#1851,#1861,#1871,#1882,#1892,#1903,#1913,#1924,#1934));
#2034=IFCPRODUCTDEFINITIONSHAPE($,$,(#2033));
#2035=IFCLOCALPLACEMENT(#23,#13);
#2036=IFCMEMBER('3mQe0UsMLCMfKC8HJpHRLE',#5,'Forja ornamental 1 \X2\00B7\X0\ Scrollwork and iron flowers',$,'Wrought-iron scrolls, rings and forged flowers between stay and post; leaf pendants over the backrest',#2035,#2034,'PFAL-MEM-003',.USERDEFINED.);
#2037=IFCRELASSOCIATESMATERIAL('3TNPH9Tgj6gB8AxXssEQZU',#5,$,$,(#2036),#39);
#2038=IFCPROPERTYSINGLEVALUE('Reference',$,IFCLABEL('Wrought-iron scrolls, rings and forged flowers between stay and post; leaf pendants over the backrest'),$);
#2039=IFCPROPERTYSINGLEVALUE('IsExternal',$,IFCBOOLEAN(.T.),$);
#2040=IFCPROPERTYSINGLEVALUE('Status',$,IFCLABEL('EXISTING'),$);
#2041=IFCPROPERTYSET('2JflEkLsT0nOuiEFcul7do',#5,'Pset_MemberCommon',$,(#2038,#2039,#2040));
#2042=IFCRELDEFINESBYPROPERTIES('03KvhNoNL31OilWx1hxQgk',#5,$,$,(#2036),#2041);
#2043=IFCPROPERTYSINGLEVALUE('Material',$,IFCLABEL('Wrought and cast iron, painted dark brown-black'),$);
#2044=IFCPROPERTYSINGLEVALUE('Category',$,IFCLABEL('Iron'),$);
#2045=IFCPROPERTYSINGLEVALUE('Description',$,IFCLABEL('Forged scrollwork and cast parts, the near-black brown of the Passeig''s 1906 ironwork'),$);
#2046=IFCPROPERTYSINGLEVALUE('MassDensity_kg_m3',$,IFCREAL(7600.),$);
#2047=IFCPROPERTYSET('2Pja$gfQf5wRBKMk0SmCEN',#5,'Pset_CDE_Material',$,(#2043,#2044,#2045,#2046));
#2048=IFCRELDEFINESBYPROPERTIES('3z_z$X$J93YeC6KA_FqYqr',#5,$,$,(#2036),#2047);
#2049=IFCPROPERTYSINGLEVALUE('GeometrySource',$,IFCLABEL('Ornament simplified to rings, discs and bars; layout after photographs'),$);
#2050=IFCPROPERTYSINGLEVALUE('Confidence',$,IFCLABEL('Low'),$);
#2051=IFCPROPERTYSINGLEVALUE('Reference',$,IFCLABEL('Commons \X2\00AB\X0\Banc-fanal del passeig de Gr\X2\00E0\X0\cia.jpg\X2\00BB\X0\, \X2\00AB\X0\109 Banc fanal del passeig de Gr\X2\00E0\X0\cia (Barcelona).jpg\X2\00BB\X0\'),$);
#2052=IFCPROPERTYSET('0lbZmZ6KT1ywM$$2dkiSti',#5,'Pset_CDE_Provenance',$,(#2049,#2050,#2051));
#2053=IFCRELDEFINESBYPROPERTIES('3rZJzSplL61xOpst6cO5hw',#5,$,$,(#2036),#2052);
#2054=IFCPROPERTYSINGLEVALUE('DataStatus',$,IFCLABEL('Illustrative demo values \X2\2014\X0\ not the owner''s as-built register'),$);
#2055=IFCPROPERTYSINGLEVALUE('AssetOwner',$,IFCLABEL('Ajuntament de Barcelona \X2\2014\X0\ public lighting (demo)'),$);
#2056=IFCPROPERTYSINGLEVALUE('Manufacturer',$,IFCLABEL('Original ironwork, 1906 (workshop not recorded here)'),$);
#2057=IFCPROPERTYSINGLEVALUE('Model',$,IFCLABEL('Banc-fanal, municipal model by Pere Falqu\X2\00E9\X0\s i Urp\X2\00ED\X0\ (1906)'),$);
#2058=IFCPROPERTYSINGLEVALUE('SerialNumber',$,IFCLABEL('BCN-ENL-PGR-005'),$);
#2059=IFCPROPERTYSINGLEVALUE('LifecycleStatus',$,IFCLABEL('In service'),$);
#2060=IFCPROPERTYSINGLEVALUE('InstallationYear',$,IFCINTEGER(2019),$);
#2061=IFCPROPERTYSINGLEVALUE('LastInspection',$,IFCLABEL('2026-06-17'),$);
#2062=IFCPROPERTYSINGLEVALUE('InspectionInterval_months',$,IFCINTEGER(12),$);
#2063=IFCPROPERTYSINGLEVALUE('NextInspection',$,IFCLABEL('2027-06-17'),$);
#2064=IFCPROPERTYSINGLEVALUE('ConditionIndex_1to5',$,IFCINTEGER(3),$);
#2065=IFCPROPERTYSINGLEVALUE('WarrantyEnd',$,IFCLABEL('2024-12-31 (expired)'),$);
#2066=IFCPROPERTYSINGLEVALUE('MaintenanceContractor',$,IFCLABEL('Demo contractor \X2\2014\X0\ heritage ironwork and ceramics'),$);
#2067=IFCPROPERTYSINGLEVALUE('MaintenanceStrategy',$,IFCLABEL('Condition-based'),$);
#2068=IFCPROPERTYSINGLEVALUE('Note',$,IFCLABEL('Two forged petals missing, recast on order (demo)'),$);
#2069=IFCPROPERTYSET('1PXCGuSLz0Kfndr7JZBaPL',#5,'Pset_CDE_AssetManagement (demo)',$,(#2054,#2055,#2056,#2057,#2058,#2059,#2060,#2061,#2062,#2063,#2064,#2065,#2066,#2067,#2068));
#2070=IFCRELDEFINESBYPROPERTIES('1vzXRTAKv41wBV47zgaLHz',#5,$,$,(#2036),#2069);
#2071=IFCCARTESIANPOINT((0.,0.));
#2072=IFCDIRECTION((1.,0.));
#2073=IFCAXIS2PLACEMENT2D(#2071,#2072);
#2074=IFCCIRCLEPROFILEDEF(.AREA.,$,#2073,0.025);
#2075=IFCCARTESIANPOINT((-0.7560749879946524,1.004425746508615,6.02));
#2076=IFCDIRECTION((0.6832737736807994,-0.7301622766207521,0.));
#2077=IFCDIRECTION((-0.7301622766207521,-0.6832737736807994,0.));
#2078=IFCAXIS2PLACEMENT3D(#2075,#2076,#2077);
#2079=IFCDIRECTION((0.,0.,1.));
#2080=IFCEXTRUDEDAREASOLID(#2074,#2078,#2079,3.3000000000000003);
#2081=IFCCARTESIANPOINT((1.5465576293096421,-1.4562211257033195,6.02));
#2082=IFCDIRECTION((0.,-1.,0.));
#2083=IFCDIRECTION((1.,0.,0.));
#2084=IFCAXIS2PLACEMENT3D(#2081,#2082,#2083);
#2085=IFCCARTESIANPOINT((0.,-0.08));
#2086=IFCCARTESIANPOINT((0.030614674589207188,-0.07391036260090295));
#2087=IFCCARTESIANPOINT((0.05656854249492381,-0.056568542494923796));
#2088=IFCCARTESIANPOINT((0.07391036260090295,-0.030614674589207184));
#2089=IFCCARTESIANPOINT((0.08,0.));
#2090=IFCCARTESIANPOINT((0.07391036260090295,0.030614674589207184));
#2091=IFCCARTESIANPOINT((0.05656854249492381,0.056568542494923796));
#2092=IFCCARTESIANPOINT((0.030614674589207188,0.07391036260090295));
#2093=IFCCARTESIANPOINT((0.,0.08));
#2094=IFCCARTESIANPOINT((0.,-0.08));
#2095=IFCPOLYLINE((#2085,#2086,#2087,#2088,#2089,#2090,#2091,#2092,#2093,#2094));
#2096=IFCARBITRARYCLOSEDPROFILEDEF(.AREA.,$,#2095);
#2097=IFCCARTESIANPOINT((0.,0.,0.));
#2098=IFCDIRECTION((0.,1.,0.));
#2099=IFCAXIS1PLACEMENT(#2097,#2098);
#2100=IFCREVOLVEDAREASOLID(#2096,#2084,#2099,6.283185307179586);
#2101=IFCCARTESIANPOINT((0.,0.));
#2102=IFCDIRECTION((1.,0.));
#2103=IFCAXIS2PLACEMENT2D(#2101,#2102);
#2104=IFCCIRCLEPROFILEDEF(.AREA.,$,#2103,0.02);
#2105=IFCCARTESIANPOINT((-0.7560749879946524,1.004425746508615,4.95));
#2106=IFCDIRECTION((0.5253809876190795,-0.5614343661204478,0.6393483169504175));
#2107=IFCDIRECTION((-0.7301622766207518,-0.6832737736807997,0.));
#2108=IFCAXIS2PLACEMENT3D(#2105,#2106,#2107);
#2109=IFCDIRECTION((0.,0.,1.));
#2110=IFCEXTRUDEDAREASOLID(#2104,#2108,#2109,0.36780616100102587);
#2111=IFCCARTESIANPOINT((0.,0.));
#2112=IFCDIRECTION((1.,0.));
#2113=IFCAXIS2PLACEMENT2D(#2111,#2112);
#2114=IFCCIRCLEPROFILEDEF(.AREA.,$,#2113,0.02);
#2115=IFCCARTESIANPOINT((-0.5628366238755513,0.7979267276518087,5.18515625));
#2116=IFCDIRECTION((0.5627881907245463,-0.6014085750445891,0.5670777532612513));
#2117=IFCDIRECTION((-0.7301622766207521,-0.6832737736807996,0.));
#2118=IFCAXIS2PLACEMENT3D(#2115,#2116,#2117);
#2119=IFCDIRECTION((0.,0.,1.));
#2120=IFCEXTRUDEDAREASOLID(#2114,#2118,#2119,0.3623290612589782);
#2121=IFCCARTESIANPOINT((0.,0.));
#2122=IFCDIRECTION((1.,0.));
#2123=IFCAXIS2PLACEMENT2D(#2121,#2122);
#2124=IFCCIRCLEPROFILEDEF(.AREA.,$,#2123,0.02);
#2125=IFCCARTESIANPOINT((-0.3589221070426877,0.580018923222803,5.390625));
#2126=IFCDIRECTION((0.5962363376484368,-0.6371520442767368,0.48840505949626956));
#2127=IFCDIRECTION((-0.7301622766207518,-0.6832737736807997,0.));
#2128=IFCAXIS2PLACEMENT3D(#2125,#2126,#2127);
#2129=IFCDIRECTION((0.,0.,1.));
#2130=IFCEXTRUDEDAREASOLID(#2124,#2128,#2129,0.3599087408744229);
#2131=IFCCARTESIANPOINT((0.,0.));
#2132=IFCDIRECTION((1.,0.));
#2133=IFCAXIS2PLACEMENT2D(#2131,#2132);
#2134=IFCCIRCLEPROFILEDEF(.AREA.,$,#2133,0.02);
#2135=IFCCARTESIANPOINT((-0.14433143749606153,0.3507023332215981,5.56640625));
#2136=IFCDIRECTION((0.6246883049257059,-0.6675564795144565,0.40513314891195124));
#2137=IFCDIRECTION((-0.7301622766207521,-0.6832737736807996,0.));
#2138=IFCAXIS2PLACEMENT3D(#2135,#2136,#2137);
#2139=IFCDIRECTION((0.,0.,1.));
#2140=IFCEXTRUDEDAREASOLID(#2134,#2138,#2139,0.360606754575275);
#2141=IFCCARTESIANPOINT((0.,0.));
#2142=IFCDIRECTION((1.,0.));
#2143=IFCAXIS2PLACEMENT2D(#2141,#2142);
#2144=IFCCIRCLEPROFILEDEF(.AREA.,$,#2143,0.02);
#2145=IFCCARTESIANPOINT((0.08093538476432707,0.10997695764819389,5.7125));
#2146=IFCDIRECTION((0.6474742559009232,-0.6919060776988085,0.31944180626366997));
#2147=IFCDIRECTION((-0.730162276620752,-0.6832737736807996,0.));
#2148=IFCAXIS2PLACEMENT3D(#2145,#2146,#2147);
#2149=IFCDIRECTION((0.,0.,1.));
#2150=IFCEXTRUDEDAREASOLID(#2144,#2148,#2149,0.3644051834089528);
#2151=IFCCARTESIANPOINT((0.,0.));
#2152=IFCDIRECTION((1.,0.));
#2153=IFCAXIS2PLACEMENT2D(#2151,#2152);
#2154=IFCCIRCLEPROFILEDEF(.AREA.,$,#2153,0.02);
#2155=IFCCARTESIANPOINT((0.3168783597384782,-0.14215720349740957,5.82890625));
#2156=IFCDIRECTION((0.664367561736854,-0.7099586579732805,0.23361174388417671));
#2157=IFCDIRECTION((-0.7301622766207521,-0.6832737736807994,0.));
#2158=IFCAXIS2PLACEMENT3D(#2155,#2156,#2157);
#2159=IFCDIRECTION((0.,0.,1.));
#2160=IFCEXTRUDEDAREASOLID(#2154,#2158,#2159,0.3712088637247398);
#2161=IFCCARTESIANPOINT((0.,0.));
#2162=IFCDIRECTION((1.,0.));
#2163=IFCAXIS2PLACEMENT2D(#2161,#2162);
#2164=IFCCIRCLEPROFILEDEF(.AREA.,$,#2163,0.02);
#2165=IFCCARTESIANPOINT((0.5634974874263917,-0.4057001502152122,5.915625));
#2166=IFCDIRECTION((0.6755696632219933,-0.7219294846585541,0.1497446136418834));
#2167=IFCDIRECTION((-0.7301622766207518,-0.6832737736807997,0.));
#2168=IFCAXIS2PLACEMENT3D(#2165,#2166,#2167);
#2169=IFCDIRECTION((0.,0.,1.));
#2170=IFCEXTRUDEDAREASOLID(#2164,#2168,#2169,0.3808567708244303);
#2171=IFCCARTESIANPOINT((0.,0.));
#2172=IFCDIRECTION((1.,0.));
#2173=IFCAXIS2PLACEMENT2D(#2171,#2172);
#2174=IFCCIRCLEPROFILEDEF(.AREA.,$,#2173,0.02);
#2175=IFCCARTESIANPOINT((0.820792767828068,-0.6806518825052142,5.97265625));
#2176=IFCDIRECTION((0.6816190953226299,-0.72839404876888,0.06955227249801348));
#2177=IFCDIRECTION((-0.7301622766207522,-0.6832737736807994,0.));
#2178=IFCAXIS2PLACEMENT3D(#2175,#2176,#2177);
#2179=IFCDIRECTION((0.,0.,1.));
#2180=IFCEXTRUDEDAREASOLID(#2174,#2178,#2179,0.39313956277677314);
#2181=IFCCARTESIANPOINT((0.,0.));
#2182=IFCDIRECTION((1.,0.));
#2183=IFCAXIS2PLACEMENT2D(#2181,#2182);
#2184=IFCCIRCLEPROFILEDEF(.AREA.,$,#2183,0.008);
#2185=IFCCARTESIANPOINT((1.1195115207591424,-0.9998697028153493,6.1));
#2186=IFCDIRECTION((0.34163688684040117,-0.36508113831037925,0.8660254037844367));
#2187=IFCDIRECTION((-0.7301622766207536,-0.6832737736807978,0.));
#2188=IFCAXIS2PLACEMENT3D(#2185,#2186,#2187);
#2189=IFCDIRECTION((0.,0.,1.));
#2190=IFCEXTRUDEDAREASOLID(#2184,#2188,#2189,0.05499999999999962);
#2191=IFCCARTESIANPOINT((0.,0.));
#2192=IFCDIRECTION((1.,0.));
#2193=IFCAXIS2PLACEMENT2D(#2191,#2192);
#2194=IFCCIRCLEPROFILEDEF(.AREA.,$,#2193,0.008);
#2195=IFCCARTESIANPOINT((1.1383015495353643,-1.01994916542242,6.147631397208143));
#2196=IFCDIRECTION((0.6832737736807999,-0.7301622766207516,0.));
#2197=IFCDIRECTION((-0.7301622766207517,-0.6832737736808,0.));
#2198=IFCAXIS2PLACEMENT3D(#2195,#2196,#2197);
#2199=IFCDIRECTION((0.,0.,1.));
#2200=IFCEXTRUDEDAREASOLID(#2194,#2198,#2199,0.05500000000000014);
#2201=IFCCARTESIANPOINT((0.,0.));
#2202=IFCDIRECTION((1.,0.));
#2203=IFCAXIS2PLACEMENT2D(#2201,#2202);
#2204=IFCCIRCLEPROFILEDEF(.AREA.,$,#2203,0.008);
#2205=IFCCARTESIANPOINT((1.1758816070878084,-1.0601080906365614,6.147631397208143));
#2206=IFCDIRECTION((0.34163688684040144,-0.36508113831037753,-0.8660254037844374));
#2207=IFCDIRECTION((-0.7301622766207518,-0.6832737736807999,0.));
#2208=IFCAXIS2PLACEMENT3D(#2205,#2206,#2207);
#2209=IFCDIRECTION((0.,0.,1.));
#2210=IFCEXTRUDEDAREASOLID(#2204,#2208,#2209,0.05499999999999958);
#2211=IFCCARTESIANPOINT((0.,0.));
#2212=IFCDIRECTION((1.,0.));
#2213=IFCAXIS2PLACEMENT2D(#2211,#2212);
#2214=IFCCIRCLEPROFILEDEF(.AREA.,$,#2213,0.008);
#2215=IFCCARTESIANPOINT((1.1946716358640304,-1.080187553243632,6.1));
#2216=IFCDIRECTION((-0.34163688684040144,0.36508113831037753,-0.8660254037844374));
#2217=IFCDIRECTION((0.7301622766207518,0.6832737736807999,-0.));
#2218=IFCAXIS2PLACEMENT3D(#2215,#2216,#2217);
#2219=IFCDIRECTION((0.,0.,1.));
#2220=IFCEXTRUDEDAREASOLID(#2214,#2218,#2219,0.05499999999999958);
#2221=IFCCARTESIANPOINT((0.,0.));
#2222=IFCDIRECTION((1.,0.));
#2223=IFCAXIS2PLACEMENT2D(#2221,#2222);
#2224=IFCCIRCLEPROFILEDEF(.AREA.,$,#2223,0.008);
#2225=IFCCARTESIANPOINT((1.1758816070878084,-1.0601080906365614,6.052368602791856));
#2226=IFCDIRECTION((-0.6832737736807999,0.7301622766207516,0.));
#2227=IFCDIRECTION((0.7301622766207517,0.6832737736808,-0.));
#2228=IFCAXIS2PLACEMENT3D(#2225,#2226,#2227);
#2229=IFCDIRECTION((0.,0.,1.));
#2230=IFCEXTRUDEDAREASOLID(#2224,#2228,#2229,0.05500000000000014);
#2231=IFCCARTESIANPOINT((0.,0.));
#2232=IFCDIRECTION((1.,0.));
#2233=IFCAXIS2PLACEMENT2D(#2231,#2232);
#2234=IFCCIRCLEPROFILEDEF(.AREA.,$,#2233,0.008);
#2235=IFCCARTESIANPOINT((1.1383015495353643,-1.01994916542242,6.052368602791856));
#2236=IFCDIRECTION((-0.34163688684040117,0.36508113831037925,0.8660254037844367));
#2237=IFCDIRECTION((0.7301622766207536,0.6832737736807978,-0.));
#2238=IFCAXIS2PLACEMENT3D(#2235,#2236,#2237);
#2239=IFCDIRECTION((0.,0.,1.));
#2240=IFCEXTRUDEDAREASOLID(#2234,#2238,#2239,0.05499999999999962);
#2241=IFCCARTESIANPOINT((0.,0.));
#2242=IFCDIRECTION((1.,0.));
#2243=IFCAXIS2PLACEMENT2D(#2241,#2242);
#2244=IFCCIRCLEPROFILEDEF(.AREA.,$,#2243,0.008);
#2245=IFCCARTESIANPOINT((0.9350276018653265,-0.8027258881277463,6.1));
#2246=IFCDIRECTION((0.34163688684040144,-0.36508113831037753,0.8660254037844374));
#2247=IFCDIRECTION((-0.7301622766207518,-0.6832737736807999,0.));
#2248=IFCAXIS2PLACEMENT3D(#2245,#2246,#2247);
#2249=IFCDIRECTION((0.,0.,1.));
#2250=IFCEXTRUDEDAREASOLID(#2244,#2248,#2249,0.05499999999999958);
#2251=IFCCARTESIANPOINT((0.,0.));
#2252=IFCDIRECTION((1.,0.));
#2253=IFCAXIS2PLACEMENT2D(#2251,#2252);
#2254=IFCCIRCLEPROFILEDEF(.AREA.,$,#2253,0.008);
#2255=IFCCARTESIANPOINT((0.9538176306415485,-0.8228053507348169,6.147631397208143));
#2256=IFCDIRECTION((0.6832737736807999,-0.7301622766207516,0.));
#2257=IFCDIRECTION((-0.7301622766207517,-0.6832737736808,0.));
#2258=IFCAXIS2PLACEMENT3D(#2255,#2256,#2257);
#2259=IFCDIRECTION((0.,0.,1.));
#2260=IFCEXTRUDEDAREASOLID(#2254,#2258,#2259,0.05500000000000014);
#2261=IFCCARTESIANPOINT((0.,0.));
#2262=IFCDIRECTION((1.,0.));
#2263=IFCAXIS2PLACEMENT2D(#2261,#2262);
#2264=IFCCIRCLEPROFILEDEF(.AREA.,$,#2263,0.008);
#2265=IFCCARTESIANPOINT((0.9913976881939925,-0.8629642759489583,6.147631397208143));
#2266=IFCDIRECTION((0.34163688684040144,-0.36508113831037753,-0.8660254037844374));
#2267=IFCDIRECTION((-0.7301622766207518,-0.6832737736807999,0.));
#2268=IFCAXIS2PLACEMENT3D(#2265,#2266,#2267);
#2269=IFCDIRECTION((0.,0.,1.));
#2270=IFCEXTRUDEDAREASOLID(#2264,#2268,#2269,0.05499999999999958);
#2271=IFCCARTESIANPOINT((0.,0.));
#2272=IFCDIRECTION((1.,0.));
#2273=IFCAXIS2PLACEMENT2D(#2271,#2272);
#2274=IFCCIRCLEPROFILEDEF(.AREA.,$,#2273,0.008);
#2275=IFCCARTESIANPOINT((1.0101877169702145,-0.8830437385560289,6.1));
#2276=IFCDIRECTION((-0.34163688684040144,0.36508113831037753,-0.8660254037844374));
#2277=IFCDIRECTION((0.7301622766207518,0.6832737736807999,-0.));
#2278=IFCAXIS2PLACEMENT3D(#2275,#2276,#2277);
#2279=IFCDIRECTION((0.,0.,1.));
#2280=IFCEXTRUDEDAREASOLID(#2274,#2278,#2279,0.05499999999999958);
#2281=IFCCARTESIANPOINT((0.,0.));
#2282=IFCDIRECTION((1.,0.));
#2283=IFCAXIS2PLACEMENT2D(#2281,#2282);
#2284=IFCCIRCLEPROFILEDEF(.AREA.,$,#2283,0.008);
#2285=IFCCARTESIANPOINT((0.9913976881939925,-0.8629642759489583,6.052368602791856));
#2286=IFCDIRECTION((-0.6832737736807999,0.7301622766207516,0.));
#2287=IFCDIRECTION((0.7301622766207517,0.6832737736808,-0.));
#2288=IFCAXIS2PLACEMENT3D(#2285,#2286,#2287);
#2289=IFCDIRECTION((0.,0.,1.));
#2290=IFCEXTRUDEDAREASOLID(#2284,#2288,#2289,0.05500000000000014);
#2291=IFCCARTESIANPOINT((0.,0.));
#2292=IFCDIRECTION((1.,0.));
#2293=IFCAXIS2PLACEMENT2D(#2291,#2292);
#2294=IFCCIRCLEPROFILEDEF(.AREA.,$,#2293,0.008);
#2295=IFCCARTESIANPOINT((0.9538176306415485,-0.8228053507348169,6.052368602791856));
#2296=IFCDIRECTION((-0.34163688684040144,0.36508113831037753,0.8660254037844374));
#2297=IFCDIRECTION((0.7301622766207518,0.6832737736807999,-0.));
#2298=IFCAXIS2PLACEMENT3D(#2295,#2296,#2297);
#2299=IFCDIRECTION((0.,0.,1.));
#2300=IFCEXTRUDEDAREASOLID(#2294,#2298,#2299,0.05499999999999958);
#2301=IFCCARTESIANPOINT((0.,0.));
#2302=IFCDIRECTION((1.,0.));
#2303=IFCAXIS2PLACEMENT2D(#2301,#2302);
#2304=IFCCIRCLEPROFILEDEF(.AREA.,$,#2303,0.008);
#2305=IFCCARTESIANPOINT((0.7505436829715106,-0.6055820734401431,6.1));
#2306=IFCDIRECTION((0.34163688684040117,-0.36508113831037925,0.8660254037844367));
#2307=IFCDIRECTION((-0.7301622766207536,-0.6832737736807978,0.));
#2308=IFCAXIS2PLACEMENT3D(#2305,#2306,#2307);
#2309=IFCDIRECTION((0.,0.,1.));
#2310=IFCEXTRUDEDAREASOLID(#2304,#2308,#2309,0.05499999999999962);
#2311=IFCCARTESIANPOINT((0.,0.));
#2312=IFCDIRECTION((1.,0.));
#2313=IFCAXIS2PLACEMENT2D(#2311,#2312);
#2314=IFCCIRCLEPROFILEDEF(.AREA.,$,#2313,0.008);
#2315=IFCCARTESIANPOINT((0.7693337117477326,-0.6256615360472139,6.147631397208143));
#2316=IFCDIRECTION((0.683273773680801,-0.7301622766207507,0.));
#2317=IFCDIRECTION((-0.7301622766207507,-0.683273773680801,0.));
#2318=IFCAXIS2PLACEMENT3D(#2315,#2316,#2317);
#2319=IFCDIRECTION((0.,0.,1.));
#2320=IFCEXTRUDEDAREASOLID(#2314,#2318,#2319,0.055000000000000056);
#2321=IFCCARTESIANPOINT((0.,0.));
#2322=IFCDIRECTION((1.,0.));
#2323=IFCAXIS2PLACEMENT2D(#2321,#2322);
#2324=IFCCIRCLEPROFILEDEF(.AREA.,$,#2323,0.008);
#2325=IFCCARTESIANPOINT((0.8069137693001767,-0.6658204612613552,6.147631397208143));
#2326=IFCDIRECTION((0.34163688684040144,-0.36508113831037753,-0.8660254037844374));
#2327=IFCDIRECTION((-0.7301622766207518,-0.6832737736807999,0.));
#2328=IFCAXIS2PLACEMENT3D(#2325,#2326,#2327);
#2329=IFCDIRECTION((0.,0.,1.));
#2330=IFCEXTRUDEDAREASOLID(#2324,#2328,#2329,0.05499999999999958);
#2331=IFCCARTESIANPOINT((0.,0.));
#2332=IFCDIRECTION((1.,0.));
#2333=IFCAXIS2PLACEMENT2D(#2331,#2332);
#2334=IFCCIRCLEPROFILEDEF(.AREA.,$,#2333,0.008);
#2335=IFCCARTESIANPOINT((0.8257037980763986,-0.6858999238684258,6.1));
#2336=IFCDIRECTION((-0.34163688684040144,0.36508113831037753,-0.8660254037844374));
#2337=IFCDIRECTION((0.7301622766207518,0.6832737736807999,-0.));
#2338=IFCAXIS2PLACEMENT3D(#2335,#2336,#2337);
#2339=IFCDIRECTION((0.,0.,1.));
#2340=IFCEXTRUDEDAREASOLID(#2334,#2338,#2339,0.05499999999999958);
#2341=IFCCARTESIANPOINT((0.,0.));
#2342=IFCDIRECTION((1.,0.));
#2343=IFCAXIS2PLACEMENT2D(#2341,#2342);
#2344=IFCCIRCLEPROFILEDEF(.AREA.,$,#2343,0.008);
#2345=IFCCARTESIANPOINT((0.8069137693001767,-0.6658204612613552,6.052368602791856));
#2346=IFCDIRECTION((-0.683273773680801,0.7301622766207507,0.));
#2347=IFCDIRECTION((0.7301622766207507,0.683273773680801,-0.));
#2348=IFCAXIS2PLACEMENT3D(#2345,#2346,#2347);
#2349=IFCDIRECTION((0.,0.,1.));
#2350=IFCEXTRUDEDAREASOLID(#2344,#2348,#2349,0.055000000000000056);
#2351=IFCCARTESIANPOINT((0.,0.));
#2352=IFCDIRECTION((1.,0.));
#2353=IFCAXIS2PLACEMENT2D(#2351,#2352);
#2354=IFCCIRCLEPROFILEDEF(.AREA.,$,#2353,0.008);
#2355=IFCCARTESIANPOINT((0.7693337117477326,-0.6256615360472139,6.052368602791856));
#2356=IFCDIRECTION((-0.34163688684040117,0.36508113831037925,0.8660254037844367));
#2357=IFCDIRECTION((0.7301622766207536,0.6832737736807978,-0.));
#2358=IFCAXIS2PLACEMENT3D(#2355,#2356,#2357);
#2359=IFCDIRECTION((0.,0.,1.));
#2360=IFCEXTRUDEDAREASOLID(#2354,#2358,#2359,0.05499999999999962);
#2361=IFCCARTESIANPOINT((0.,0.));
#2362=IFCDIRECTION((1.,0.));
#2363=IFCAXIS2PLACEMENT2D(#2361,#2362);
#2364=IFCCIRCLEPROFILEDEF(.AREA.,$,#2363,0.008);
#2365=IFCCARTESIANPOINT((0.5660597640776948,-0.40843825875254003,6.1));
#2366=IFCDIRECTION((0.341636886840403,-0.365081138310379,0.8660254037844362));
#2367=IFCDIRECTION((-0.7301622766207516,-0.6832737736807999,0.));
#2368=IFCAXIS2PLACEMENT3D(#2365,#2366,#2367);
#2369=IFCDIRECTION((0.,0.,1.));
#2370=IFCEXTRUDEDAREASOLID(#2364,#2368,#2369,0.05499999999999965);
#2371=IFCCARTESIANPOINT((0.,0.));
#2372=IFCDIRECTION((1.,0.));
#2373=IFCAXIS2PLACEMENT2D(#2371,#2372);
#2374=IFCCIRCLEPROFILEDEF(.AREA.,$,#2373,0.008);
#2375=IFCCARTESIANPOINT((0.5848497928539168,-0.42851772135961075,6.147631397208143));
#2376=IFCDIRECTION((0.6832737736807998,-0.7301622766207516,0.));
#2377=IFCDIRECTION((-0.7301622766207517,-0.6832737736807999,0.));
#2378=IFCAXIS2PLACEMENT3D(#2375,#2376,#2377);
#2379=IFCDIRECTION((0.,0.,1.));
#2380=IFCEXTRUDEDAREASOLID(#2374,#2378,#2379,0.054999999999999986);
#2381=IFCCARTESIANPOINT((0.,0.));
#2382=IFCDIRECTION((1.,0.));
#2383=IFCAXIS2PLACEMENT2D(#2381,#2382);
#2384=IFCCIRCLEPROFILEDEF(.AREA.,$,#2383,0.008);
#2385=IFCCARTESIANPOINT((0.6224298504063608,-0.4686766465737521,6.147631397208143));
#2386=IFCDIRECTION((0.34163688684040117,-0.36508113831037925,-0.8660254037844367));
#2387=IFCDIRECTION((-0.7301622766207536,-0.6832737736807978,0.));
#2388=IFCAXIS2PLACEMENT3D(#2385,#2386,#2387);
#2389=IFCDIRECTION((0.,0.,1.));
#2390=IFCEXTRUDEDAREASOLID(#2384,#2388,#2389,0.05499999999999962);
#2391=IFCCARTESIANPOINT((0.,0.));
#2392=IFCDIRECTION((1.,0.));
#2393=IFCAXIS2PLACEMENT2D(#2391,#2392);
#2394=IFCCIRCLEPROFILEDEF(.AREA.,$,#2393,0.008);
#2395=IFCCARTESIANPOINT((0.6412198791825827,-0.4887561091808228,6.1));
#2396=IFCDIRECTION((-0.34163688684040144,0.36508113831037753,-0.8660254037844374));
#2397=IFCDIRECTION((0.7301622766207518,0.6832737736807999,-0.));
#2398=IFCAXIS2PLACEMENT3D(#2395,#2396,#2397);
#2399=IFCDIRECTION((0.,0.,1.));
#2400=IFCEXTRUDEDAREASOLID(#2394,#2398,#2399,0.05499999999999958);
#2401=IFCCARTESIANPOINT((0.,0.));
#2402=IFCDIRECTION((1.,0.));
#2403=IFCAXIS2PLACEMENT2D(#2401,#2402);
#2404=IFCCIRCLEPROFILEDEF(.AREA.,$,#2403,0.008);
#2405=IFCCARTESIANPOINT((0.6224298504063608,-0.4686766465737522,6.052368602791856));
#2406=IFCDIRECTION((-0.6832737736807989,0.7301622766207526,0.));
#2407=IFCDIRECTION((0.7301622766207526,0.6832737736807989,-0.));
#2408=IFCAXIS2PLACEMENT3D(#2405,#2406,#2407);
#2409=IFCDIRECTION((0.,0.,1.));
#2410=IFCEXTRUDEDAREASOLID(#2404,#2408,#2409,0.05500000000000006);
#2411=IFCCARTESIANPOINT((0.,0.));
#2412=IFCDIRECTION((1.,0.));
#2413=IFCAXIS2PLACEMENT2D(#2411,#2412);
#2414=IFCCIRCLEPROFILEDEF(.AREA.,$,#2413,0.008);
#2415=IFCCARTESIANPOINT((0.5848497928539168,-0.42851772135961075,6.052368602791856));
#2416=IFCDIRECTION((-0.341636886840403,0.365081138310379,0.8660254037844362));
#2417=IFCDIRECTION((0.7301622766207516,0.6832737736807999,-0.));
#2418=IFCAXIS2PLACEMENT3D(#2415,#2416,#2417);
#2419=IFCDIRECTION((0.,0.,1.));
#2420=IFCEXTRUDEDAREASOLID(#2414,#2418,#2419,0.05499999999999965);
#2421=IFCCARTESIANPOINT((0.,0.));
#2422=IFCDIRECTION((1.,0.));
#2423=IFCAXIS2PLACEMENT2D(#2421,#2422);
#2424=IFCCIRCLEPROFILEDEF(.AREA.,$,#2423,0.008);
#2425=IFCCARTESIANPOINT((0.3815758451838789,-0.21129444406493703,6.1));
#2426=IFCDIRECTION((0.34163688684040217,-0.36508113831037825,0.8660254037844367));
#2427=IFCDIRECTION((-0.7301622766207516,-0.6832737736807998,0.));
#2428=IFCAXIS2PLACEMENT3D(#2425,#2426,#2427);
#2429=IFCDIRECTION((0.,0.,1.));
#2430=IFCEXTRUDEDAREASOLID(#2424,#2428,#2429,0.05499999999999962);
#2431=IFCCARTESIANPOINT((0.,0.));
#2432=IFCDIRECTION((1.,0.));
#2433=IFCAXIS2PLACEMENT2D(#2431,#2432);
#2434=IFCCIRCLEPROFILEDEF(.AREA.,$,#2433,0.008);
#2435=IFCCARTESIANPOINT((0.40036587396010087,-0.2313739066720077,6.147631397208143));
#2436=IFCDIRECTION((0.6832737736807993,-0.7301622766207522,0.));
#2437=IFCDIRECTION((-0.7301622766207522,-0.6832737736807993,0.));
#2438=IFCAXIS2PLACEMENT3D(#2435,#2436,#2437);
#2439=IFCDIRECTION((0.,0.,1.));
#2440=IFCEXTRUDEDAREASOLID(#2434,#2438,#2439,0.054999999999999945);
#2441=IFCCARTESIANPOINT((0.,0.));
#2442=IFCDIRECTION((1.,0.));
#2443=IFCAXIS2PLACEMENT2D(#2441,#2442);
#2444=IFCCIRCLEPROFILEDEF(.AREA.,$,#2443,0.008);
#2445=IFCCARTESIANPOINT((0.4379459315125448,-0.271532831886149,6.147631397208143));
#2446=IFCDIRECTION((0.341636886840403,-0.365081138310379,-0.8660254037844362));
#2447=IFCDIRECTION((-0.7301622766207516,-0.6832737736807999,0.));
#2448=IFCAXIS2PLACEMENT3D(#2445,#2446,#2447);
#2449=IFCDIRECTION((0.,0.,1.));
#2450=IFCEXTRUDEDAREASOLID(#2444,#2448,#2449,0.05499999999999965);
#2451=IFCCARTESIANPOINT((0.,0.));
#2452=IFCDIRECTION((1.,0.));
#2453=IFCAXIS2PLACEMENT2D(#2451,#2452);
#2454=IFCCIRCLEPROFILEDEF(.AREA.,$,#2453,0.008);
#2455=IFCCARTESIANPOINT((0.45673596028876684,-0.29161229449321974,6.1));
#2456=IFCDIRECTION((-0.34163688684040217,0.36508113831037825,-0.8660254037844367));
#2457=IFCDIRECTION((0.7301622766207516,0.6832737736807998,-0.));
#2458=IFCAXIS2PLACEMENT3D(#2455,#2456,#2457);
#2459=IFCDIRECTION((0.,0.,1.));
#2460=IFCEXTRUDEDAREASOLID(#2454,#2458,#2459,0.05499999999999962);
#2461=IFCCARTESIANPOINT((0.,0.));
#2462=IFCDIRECTION((1.,0.));
#2463=IFCAXIS2PLACEMENT2D(#2461,#2462);
#2464=IFCCIRCLEPROFILEDEF(.AREA.,$,#2463,0.008);
#2465=IFCCARTESIANPOINT((0.43794593151254485,-0.2715328318861491,6.052368602791856));
#2466=IFCDIRECTION((-0.6832737736807993,0.7301622766207522,0.));
#2467=IFCDIRECTION((0.7301622766207522,0.6832737736807993,-0.));
#2468=IFCAXIS2PLACEMENT3D(#2465,#2466,#2467);
#2469=IFCDIRECTION((0.,0.,1.));
#2470=IFCEXTRUDEDAREASOLID(#2464,#2468,#2469,0.05500000000000002);
#2471=IFCCARTESIANPOINT((0.,0.));
#2472=IFCDIRECTION((1.,0.));
#2473=IFCAXIS2PLACEMENT2D(#2471,#2472);
#2474=IFCCIRCLEPROFILEDEF(.AREA.,$,#2473,0.008);
#2475=IFCCARTESIANPOINT((0.40036587396010087,-0.2313739066720077,6.052368602791856));
#2476=IFCDIRECTION((-0.34163688684040217,0.36508113831037825,0.8660254037844367));
#2477=IFCDIRECTION((0.7301622766207516,0.6832737736807998,-0.));
#2478=IFCAXIS2PLACEMENT3D(#2475,#2476,#2477);
#2479=IFCDIRECTION((0.,0.,1.));
#2480=IFCEXTRUDEDAREASOLID(#2474,#2478,#2479,0.05499999999999962);
#2481=IFCCARTESIANPOINT((0.,0.));
#2482=IFCDIRECTION((1.,0.));
#2483=IFCAXIS2PLACEMENT2D(#2481,#2482);
#2484=IFCCIRCLEPROFILEDEF(.AREA.,$,#2483,0.008);
#2485=IFCCARTESIANPOINT((0.197091926290063,-0.014150629377333954,6.1));
#2486=IFCDIRECTION((0.34163688684040217,-0.36508113831037825,0.8660254037844367));
#2487=IFCDIRECTION((-0.7301622766207516,-0.6832737736807998,0.));
#2488=IFCAXIS2PLACEMENT3D(#2485,#2486,#2487);
#2489=IFCDIRECTION((0.,0.,1.));
#2490=IFCEXTRUDEDAREASOLID(#2484,#2488,#2489,0.05499999999999962);
#2491=IFCCARTESIANPOINT((0.,0.));
#2492=IFCDIRECTION((1.,0.));
#2493=IFCAXIS2PLACEMENT2D(#2491,#2492);
#2494=IFCCIRCLEPROFILEDEF(.AREA.,$,#2493,0.008);
#2495=IFCCARTESIANPOINT((0.215881955066285,-0.03423009198440462,6.147631397208143));
#2496=IFCDIRECTION((0.6832737736807988,-0.7301622766207526,0.));
#2497=IFCDIRECTION((-0.7301622766207526,-0.6832737736807988,0.));
#2498=IFCAXIS2PLACEMENT3D(#2495,#2496,#2497);
#2499=IFCDIRECTION((0.,0.,1.));
#2500=IFCEXTRUDEDAREASOLID(#2494,#2498,#2499,0.054999999999999986);
#2501=IFCCARTESIANPOINT((0.,0.));
#2502=IFCDIRECTION((1.,0.));
#2503=IFCAXIS2PLACEMENT2D(#2501,#2502);
#2504=IFCCIRCLEPROFILEDEF(.AREA.,$,#2503,0.008);
#2505=IFCCARTESIANPOINT((0.2534620126187289,-0.074389017198546,6.147631397208143));
#2506=IFCDIRECTION((0.34163688684040305,-0.3650811383103781,-0.8660254037844364));
#2507=IFCDIRECTION((-0.7301622766207506,-0.683273773680801,0.));
#2508=IFCAXIS2PLACEMENT3D(#2505,#2506,#2507);
#2509=IFCDIRECTION((0.,0.,1.));
#2510=IFCEXTRUDEDAREASOLID(#2504,#2508,#2509,0.05499999999999964);
#2511=IFCCARTESIANPOINT((0.,0.));
#2512=IFCDIRECTION((1.,0.));
#2513=IFCAXIS2PLACEMENT2D(#2511,#2512);
#2514=IFCCIRCLEPROFILEDEF(.AREA.,$,#2513,0.008);
#2515=IFCCARTESIANPOINT((0.27225204139495096,-0.09446847980561666,6.1));
#2516=IFCDIRECTION((-0.34163688684040217,0.36508113831037825,-0.8660254037844367));
#2517=IFCDIRECTION((0.7301622766207516,0.6832737736807998,-0.));
#2518=IFCAXIS2PLACEMENT3D(#2515,#2516,#2517);
#2519=IFCDIRECTION((0.,0.,1.));
#2520=IFCEXTRUDEDAREASOLID(#2514,#2518,#2519,0.05499999999999962);
#2521=IFCCARTESIANPOINT((0.,0.));
#2522=IFCDIRECTION((1.,0.));
#2523=IFCAXIS2PLACEMENT2D(#2521,#2522);
#2524=IFCCIRCLEPROFILEDEF(.AREA.,$,#2523,0.008);
#2525=IFCCARTESIANPOINT((0.25346201261872897,-0.074389017198546,6.052368602791856));
#2526=IFCDIRECTION((-0.6832737736807993,0.7301622766207522,0.));
#2527=IFCDIRECTION((0.7301622766207522,0.6832737736807993,-0.));
#2528=IFCAXIS2PLACEMENT3D(#2525,#2526,#2527);
#2529=IFCDIRECTION((0.,0.,1.));
#2530=IFCEXTRUDEDAREASOLID(#2524,#2528,#2529,0.05500000000000002);
#2531=IFCCARTESIANPOINT((0.,0.));
#2532=IFCDIRECTION((1.,0.));
#2533=IFCAXIS2PLACEMENT2D(#2531,#2532);
#2534=IFCCIRCLEPROFILEDEF(.AREA.,$,#2533,0.008);
#2535=IFCCARTESIANPOINT((0.215881955066285,-0.03423009198440462,6.052368602791856));
#2536=IFCDIRECTION((-0.34163688684040217,0.36508113831037825,0.8660254037844367));
#2537=IFCDIRECTION((0.7301622766207516,0.6832737736807998,-0.));
#2538=IFCAXIS2PLACEMENT3D(#2535,#2536,#2537);
#2539=IFCDIRECTION((0.,0.,1.));
#2540=IFCEXTRUDEDAREASOLID(#2534,#2538,#2539,0.05499999999999962);
#2541=IFCCARTESIANPOINT((0.,0.));
#2542=IFCDIRECTION((1.,0.));
#2543=IFCAXIS2PLACEMENT2D(#2541,#2542);
#2544=IFCCIRCLEPROFILEDEF(.AREA.,$,#2543,0.008);
#2545=IFCCARTESIANPOINT((0.012608007396247095,0.18299318531026912,6.1));
#2546=IFCDIRECTION((0.341636886840402,-0.3650811383103783,0.8660254037844368));
#2547=IFCDIRECTION((-0.730162276620752,-0.6832737736807996,0.));
#2548=IFCAXIS2PLACEMENT3D(#2545,#2546,#2547);
#2549=IFCDIRECTION((0.,0.,1.));
#2550=IFCEXTRUDEDAREASOLID(#2544,#2548,#2549,0.05499999999999961);
#2551=IFCCARTESIANPOINT((0.,0.));
#2552=IFCDIRECTION((1.,0.));
#2553=IFCAXIS2PLACEMENT2D(#2551,#2552);
#2554=IFCCIRCLEPROFILEDEF(.AREA.,$,#2553,0.008);
#2555=IFCCARTESIANPOINT((0.03139803617246907,0.16291372270319845,6.147631397208143));
#2556=IFCDIRECTION((0.6832737736807994,-0.730162276620752,0.));
#2557=IFCDIRECTION((-0.7301622766207521,-0.6832737736807996,0.));
#2558=IFCAXIS2PLACEMENT3D(#2555,#2556,#2557);
#2559=IFCDIRECTION((0.,0.,1.));
#2560=IFCEXTRUDEDAREASOLID(#2554,#2558,#2559,0.055000000000000014);
#2561=IFCCARTESIANPOINT((0.,0.));
#2562=IFCDIRECTION((1.,0.));
#2563=IFCAXIS2PLACEMENT2D(#2561,#2562);
#2564=IFCCIRCLEPROFILEDEF(.AREA.,$,#2563,0.008);
#2565=IFCCARTESIANPOINT((0.06897809372491305,0.12275479748905709,6.147631397208143));
#2566=IFCDIRECTION((0.34163688684040217,-0.3650811383103787,-0.8660254037844366));
#2567=IFCDIRECTION((-0.7301622766207522,-0.6832737736807994,0.));
#2568=IFCAXIS2PLACEMENT3D(#2565,#2566,#2567);
#2569=IFCDIRECTION((0.,0.,1.));
#2570=IFCEXTRUDEDAREASOLID(#2564,#2568,#2569,0.054999999999999626);
#2571=IFCCARTESIANPOINT((0.,0.));
#2572=IFCDIRECTION((1.,0.));
#2573=IFCAXIS2PLACEMENT2D(#2571,#2572);
#2574=IFCCIRCLEPROFILEDEF(.AREA.,$,#2573,0.008);
#2575=IFCCARTESIANPOINT((0.08776812250113504,0.1026753348819864,6.1));
#2576=IFCDIRECTION((-0.3416368868404018,0.3650811383103783,-0.8660254037844369));
#2577=IFCDIRECTION((0.7301622766207523,0.6832737736807994,-0.));
#2578=IFCAXIS2PLACEMENT3D(#2575,#2576,#2577);
#2579=IFCDIRECTION((0.,0.,1.));
#2580=IFCEXTRUDEDAREASOLID(#2574,#2578,#2579,0.054999999999999605);
#2581=IFCCARTESIANPOINT((0.,0.));
#2582=IFCDIRECTION((1.,0.));
#2583=IFCAXIS2PLACEMENT2D(#2581,#2582);
#2584=IFCCIRCLEPROFILEDEF(.AREA.,$,#2583,0.008);
#2585=IFCCARTESIANPOINT((0.06897809372491308,0.12275479748905706,6.052368602791856));
#2586=IFCDIRECTION((-0.6832737736807996,0.7301622766207521,0.));
#2587=IFCDIRECTION((0.7301622766207521,0.6832737736807996,-0.));
#2588=IFCAXIS2PLACEMENT3D(#2585,#2586,#2587);
#2589=IFCDIRECTION((0.,0.,1.));
#2590=IFCEXTRUDEDAREASOLID(#2584,#2588,#2589,0.05500000000000005);
#2591=IFCCARTESIANPOINT((0.,0.));
#2592=IFCDIRECTION((1.,0.));
#2593=IFCAXIS2PLACEMENT2D(#2591,#2592);
#2594=IFCCIRCLEPROFILEDEF(.AREA.,$,#2593,0.008);
#2595=IFCCARTESIANPOINT((0.03139803617246907,0.16291372270319845,6.052368602791856));
#2596=IFCDIRECTION((-0.341636886840402,0.3650811383103783,0.8660254037844368));
#2597=IFCDIRECTION((0.730162276620752,0.6832737736807996,-0.));
#2598=IFCAXIS2PLACEMENT3D(#2595,#2596,#2597);
#2599=IFCDIRECTION((0.,0.,1.));
#2600=IFCEXTRUDEDAREASOLID(#2594,#2598,#2599,0.05499999999999961);
#2601=IFCCARTESIANPOINT((0.,0.));
#2602=IFCDIRECTION((1.,0.));
#2603=IFCAXIS2PLACEMENT2D(#2601,#2602);
#2604=IFCCIRCLEPROFILEDEF(.AREA.,$,#2603,0.008);
#2605=IFCCARTESIANPOINT((-0.1718759114975688,0.3801369999978722,6.1));
#2606=IFCDIRECTION((0.34163688684040217,-0.36508113831037825,0.8660254037844367));
#2607=IFCDIRECTION((-0.7301622766207516,-0.6832737736807998,0.));
#2608=IFCAXIS2PLACEMENT3D(#2605,#2606,#2607);
#2609=IFCDIRECTION((0.,0.,1.));
#2610=IFCEXTRUDEDAREASOLID(#2604,#2608,#2609,0.05499999999999962);
#2611=IFCCARTESIANPOINT((0.,0.));
#2612=IFCDIRECTION((1.,0.));
#2613=IFCAXIS2PLACEMENT2D(#2611,#2612);
#2614=IFCCIRCLEPROFILEDEF(.AREA.,$,#2613,0.008);
#2615=IFCCARTESIANPOINT((-0.15308588272134682,0.36005753739080154,6.147631397208143));
#2616=IFCDIRECTION((0.6832737736807993,-0.7301622766207522,0.));
#2617=IFCDIRECTION((-0.7301622766207522,-0.6832737736807993,0.));
#2618=IFCAXIS2PLACEMENT3D(#2615,#2616,#2617);
#2619=IFCDIRECTION((0.,0.,1.));
#2620=IFCEXTRUDEDAREASOLID(#2614,#2618,#2619,0.05500000000000002);
#2621=IFCCARTESIANPOINT((0.,0.));
#2622=IFCDIRECTION((1.,0.));
#2623=IFCAXIS2PLACEMENT2D(#2621,#2622);
#2624=IFCCIRCLEPROFILEDEF(.AREA.,$,#2623,0.008);
#2625=IFCCARTESIANPOINT((-0.11550582516890284,0.31989861217666016,6.147631397208143));
#2626=IFCDIRECTION((0.34163688684040217,-0.36508113831037825,-0.8660254037844367));
#2627=IFCDIRECTION((-0.7301622766207516,-0.6832737736807998,0.));
#2628=IFCAXIS2PLACEMENT3D(#2625,#2626,#2627);
#2629=IFCDIRECTION((0.,0.,1.));
#2630=IFCEXTRUDEDAREASOLID(#2624,#2628,#2629,0.05499999999999962);
#2631=IFCCARTESIANPOINT((0.,0.));
#2632=IFCDIRECTION((1.,0.));
#2633=IFCAXIS2PLACEMENT2D(#2631,#2632);
#2634=IFCCIRCLEPROFILEDEF(.AREA.,$,#2633,0.008);
#2635=IFCCARTESIANPOINT((-0.09671579639268085,0.2998191495695895,6.1));
#2636=IFCDIRECTION((-0.3416368868404019,0.3650811383103775,-0.8660254037844373));
#2637=IFCDIRECTION((0.7301622766207512,0.6832737736808003,-0.));
#2638=IFCAXIS2PLACEMENT3D(#2635,#2636,#2637);
#2639=IFCDIRECTION((0.,0.,1.));
#2640=IFCEXTRUDEDAREASOLID(#2634,#2638,#2639,0.054999999999999584);
#2641=IFCCARTESIANPOINT((0.,0.));
#2642=IFCDIRECTION((1.,0.));
#2643=IFCAXIS2PLACEMENT2D(#2641,#2642);
#2644=IFCCIRCLEPROFILEDEF(.AREA.,$,#2643,0.008);
#2645=IFCCARTESIANPOINT((-0.11550582516890281,0.3198986121766601,6.052368602791856));
#2646=IFCDIRECTION((-0.6832737736807991,0.7301622766207523,0.));
#2647=IFCDIRECTION((0.7301622766207524,0.6832737736807992,-0.));
#2648=IFCAXIS2PLACEMENT3D(#2645,#2646,#2647);
#2649=IFCDIRECTION((0.,0.,1.));
#2650=IFCEXTRUDEDAREASOLID(#2644,#2648,#2649,0.055000000000000084);
#2651=IFCCARTESIANPOINT((0.,0.));
#2652=IFCDIRECTION((1.,0.));
#2653=IFCAXIS2PLACEMENT2D(#2651,#2652);
#2654=IFCCIRCLEPROFILEDEF(.AREA.,$,#2653,0.008);
#2655=IFCCARTESIANPOINT((-0.15308588272134682,0.36005753739080154,6.052368602791856));
#2656=IFCDIRECTION((-0.34163688684040217,0.36508113831037825,0.8660254037844367));
#2657=IFCDIRECTION((0.7301622766207516,0.6832737736807998,-0.));
#2658=IFCAXIS2PLACEMENT3D(#2655,#2656,#2657);
#2659=IFCDIRECTION((0.,0.,1.));
#2660=IFCEXTRUDEDAREASOLID(#2654,#2658,#2659,0.05499999999999962);
#2661=IFCCARTESIANPOINT((0.,0.));
#2662=IFCDIRECTION((1.,0.));
#2663=IFCAXIS2PLACEMENT2D(#2661,#2662);
#2664=IFCCIRCLEPROFILEDEF(.AREA.,$,#2663,0.008);
#2665=IFCCARTESIANPOINT((-0.35635983039138475,0.5772808146854753,6.1));
#2666=IFCDIRECTION((0.3416368868404027,-0.36508113831038075,0.8660254037844355));
#2667=IFCDIRECTION((-0.7301622766207535,-0.683273773680798,0.));
#2668=IFCAXIS2PLACEMENT3D(#2665,#2666,#2667);
#2669=IFCDIRECTION((0.,0.,1.));
#2670=IFCEXTRUDEDAREASOLID(#2664,#2668,#2669,0.054999999999999695);
#2671=IFCCARTESIANPOINT((0.,0.));
#2672=IFCDIRECTION((1.,0.));
#2673=IFCAXIS2PLACEMENT2D(#2671,#2672);
#2674=IFCCIRCLEPROFILEDEF(.AREA.,$,#2673,0.008);
#2675=IFCCARTESIANPOINT((-0.3375698016151627,0.5572013520784045,6.147631397208143));
#2676=IFCDIRECTION((0.6832737736808008,-0.7301622766207507,0.));
#2677=IFCDIRECTION((-0.7301622766207508,-0.6832737736808009,0.));
#2678=IFCAXIS2PLACEMENT3D(#2675,#2676,#2677);
#2679=IFCDIRECTION((0.,0.,1.));
#2680=IFCEXTRUDEDAREASOLID(#2674,#2678,#2679,0.0549999999999999);
#2681=IFCCARTESIANPOINT((0.,0.));
#2682=IFCDIRECTION((1.,0.));
#2683=IFCAXIS2PLACEMENT2D(#2681,#2682);
#2684=IFCCIRCLEPROFILEDEF(.AREA.,$,#2683,0.008);
#2685=IFCCARTESIANPOINT((-0.2999897440627187,0.5170424268642633,6.147631397208143));
#2686=IFCDIRECTION((0.34163688684040194,-0.36508113831038,-0.8660254037844362));
#2687=IFCDIRECTION((-0.7301622766207536,-0.6832737736807978,0.));
#2688=IFCAXIS2PLACEMENT3D(#2685,#2686,#2687);
#2689=IFCDIRECTION((0.,0.,1.));
#2690=IFCEXTRUDEDAREASOLID(#2684,#2688,#2689,0.05499999999999965);
#2691=IFCCARTESIANPOINT((0.,0.));
#2692=IFCDIRECTION((1.,0.));
#2693=IFCAXIS2PLACEMENT2D(#2691,#2692);
#2694=IFCCIRCLEPROFILEDEF(.AREA.,$,#2693,0.008);
#2695=IFCCARTESIANPOINT((-0.28119971528649673,0.4969629642571925,6.1));
#2696=IFCDIRECTION((-0.3416368868404013,0.36508113831037836,-0.866025403784437));
#2697=IFCDIRECTION((0.7301622766207526,0.6832737736807988,-0.));
#2698=IFCAXIS2PLACEMENT3D(#2695,#2696,#2697);
#2699=IFCDIRECTION((0.,0.,1.));
#2700=IFCEXTRUDEDAREASOLID(#2694,#2698,#2699,0.0549999999999996);
#2701=IFCCARTESIANPOINT((0.,0.));
#2702=IFCDIRECTION((1.,0.));
#2703=IFCAXIS2PLACEMENT2D(#2701,#2702);
#2704=IFCCIRCLEPROFILEDEF(.AREA.,$,#2703,0.008);
#2705=IFCCARTESIANPOINT((-0.29998974406271867,0.5170424268642632,6.052368602791856));
#2706=IFCDIRECTION((-0.6832737736808003,0.7301622766207512,0.));
#2707=IFCDIRECTION((0.7301622766207512,0.6832737736808003,-0.));
#2708=IFCAXIS2PLACEMENT3D(#2705,#2706,#2707);
#2709=IFCDIRECTION((0.,0.,1.));
#2710=IFCEXTRUDEDAREASOLID(#2704,#2708,#2709,0.05500000000000002);
#2711=IFCCARTESIANPOINT((0.,0.));
#2712=IFCDIRECTION((1.,0.));
#2713=IFCAXIS2PLACEMENT2D(#2711,#2712);
#2714=IFCCIRCLEPROFILEDEF(.AREA.,$,#2713,0.008);
#2715=IFCCARTESIANPOINT((-0.3375698016151627,0.5572013520784045,6.052368602791856));
#2716=IFCDIRECTION((-0.3416368868404027,0.36508113831038075,0.8660254037844355));
#2717=IFCDIRECTION((0.7301622766207535,0.683273773680798,-0.));
#2718=IFCAXIS2PLACEMENT3D(#2715,#2716,#2717);
#2719=IFCDIRECTION((0.,0.,1.));
#2720=IFCEXTRUDEDAREASOLID(#2714,#2718,#2719,0.054999999999999695);
#2721=IFCCARTESIANPOINT((0.,0.));
#2722=IFCDIRECTION((1.,0.));
#2723=IFCAXIS2PLACEMENT2D(#2721,#2722);
#2724=IFCCIRCLEPROFILEDEF(.AREA.,$,#2723,0.008);
#2725=IFCCARTESIANPOINT((-0.5408437492852005,0.7744246293730784,6.1));
#2726=IFCDIRECTION((0.34163688684040094,-0.365081138310381,0.8660254037844362));
#2727=IFCDIRECTION((-0.7301622766207556,-0.6832737736807958,0.));
#2728=IFCAXIS2PLACEMENT3D(#2725,#2726,#2727);
#2729=IFCDIRECTION((0.,0.,1.));
#2730=IFCEXTRUDEDAREASOLID(#2724,#2728,#2729,0.05499999999999965);
#2731=IFCCARTESIANPOINT((0.,0.));
#2732=IFCDIRECTION((1.,0.));
#2733=IFCAXIS2PLACEMENT2D(#2731,#2732);
#2734=IFCCIRCLEPROFILEDEF(.AREA.,$,#2733,0.008);
#2735=IFCCARTESIANPOINT((-0.5220537205089786,0.7543451667660076,6.147631397208143));
#2736=IFCDIRECTION((0.6832737736807993,-0.7301622766207522,0.));
#2737=IFCDIRECTION((-0.7301622766207522,-0.6832737736807993,0.));
#2738=IFCAXIS2PLACEMENT3D(#2735,#2736,#2737);
#2739=IFCDIRECTION((0.,0.,1.));
#2740=IFCEXTRUDEDAREASOLID(#2734,#2738,#2739,0.054999999999999945);
#2741=IFCCARTESIANPOINT((0.,0.));
#2742=IFCDIRECTION((1.,0.));
#2743=IFCAXIS2PLACEMENT2D(#2741,#2742);
#2744=IFCCIRCLEPROFILEDEF(.AREA.,$,#2743,0.008);
#2745=IFCCARTESIANPOINT((-0.48447366295653466,0.7141862415518663,6.147631397208143));
#2746=IFCDIRECTION((0.341636886840403,-0.365081138310379,-0.8660254037844362));
#2747=IFCDIRECTION((-0.7301622766207516,-0.6832737736807999,0.));
#2748=IFCAXIS2PLACEMENT3D(#2745,#2746,#2747);
#2749=IFCDIRECTION((0.,0.,1.));
#2750=IFCEXTRUDEDAREASOLID(#2744,#2748,#2749,0.05499999999999965);
#2751=IFCCARTESIANPOINT((0.,0.));
#2752=IFCDIRECTION((1.,0.));
#2753=IFCAXIS2PLACEMENT2D(#2751,#2752);
#2754=IFCCIRCLEPROFILEDEF(.AREA.,$,#2753,0.008);
#2755=IFCCARTESIANPOINT((-0.4656836341803126,0.6941067789447956,6.1));
#2756=IFCDIRECTION((-0.34163688684040117,0.36508113831037925,-0.8660254037844367));
#2757=IFCDIRECTION((0.7301622766207536,0.6832737736807978,-0.));
#2758=IFCAXIS2PLACEMENT3D(#2755,#2756,#2757);
#2759=IFCDIRECTION((0.,0.,1.));
#2760=IFCEXTRUDEDAREASOLID(#2754,#2758,#2759,0.05499999999999962);
#2761=IFCCARTESIANPOINT((0.,0.));
#2762=IFCDIRECTION((1.,0.));
#2763=IFCAXIS2PLACEMENT2D(#2761,#2762);
#2764=IFCCIRCLEPROFILEDEF(.AREA.,$,#2763,0.008);
#2765=IFCCARTESIANPOINT((-0.48447366295653455,0.7141862415518663,6.052368602791856));
#2766=IFCDIRECTION((-0.6832737736808003,0.7301622766207512,0.));
#2767=IFCDIRECTION((0.7301622766207512,0.6832737736808003,-0.));
#2768=IFCAXIS2PLACEMENT3D(#2765,#2766,#2767);
#2769=IFCDIRECTION((0.,0.,1.));
#2770=IFCEXTRUDEDAREASOLID(#2764,#2768,#2769,0.05500000000000002);
#2771=IFCCARTESIANPOINT((0.,0.));
#2772=IFCDIRECTION((1.,0.));
#2773=IFCAXIS2PLACEMENT2D(#2771,#2772);
#2774=IFCCIRCLEPROFILEDEF(.AREA.,$,#2773,0.008);
#2775=IFCCARTESIANPOINT((-0.5220537205089786,0.7543451667660076,6.052368602791856));
#2776=IFCDIRECTION((-0.34163688684040094,0.365081138310381,0.8660254037844362));
#2777=IFCDIRECTION((0.7301622766207556,0.6832737736807958,-0.));
#2778=IFCAXIS2PLACEMENT3D(#2775,#2776,#2777);
#2779=IFCDIRECTION((0.,0.,1.));
#2780=IFCEXTRUDEDAREASOLID(#2774,#2778,#2779,0.05499999999999965);
#2781=IFCCARTESIANPOINT((0.,0.));
#2782=IFCDIRECTION((1.,0.));
#2783=IFCAXIS2PLACEMENT2D(#2781,#2782);
#2784=IFCCIRCLEPROFILEDEF(.AREA.,$,#2783,0.011);
#2785=IFCCARTESIANPOINT((1.2459171688900903,-1.1349497239901885,6.17));
#2786=IFCDIRECTION((0.2614775529572149,-0.2794210062007385,0.9238795325112868));
#2787=IFCDIRECTION((-0.,0.9571802575149624,0.2894925812928379));
#2788=IFCAXIS2PLACEMENT3D(#2785,#2786,#2787);
#2789=IFCDIRECTION((0.,0.,1.));
#2790=IFCEXTRUDEDAREASOLID(#2784,#2788,#2789,0.0765366864730178);
#2791=IFCCARTESIANPOINT((0.,0.));
#2792=IFCDIRECTION((1.,0.));
#2793=IFCAXIS2PLACEMENT2D(#2791,#2792);
#2794=IFCCIRCLEPROFILEDEF(.AREA.,$,#2793,0.011);
#2795=IFCCARTESIANPOINT((1.2659297943805086,-1.1563356819357495,6.2407106781186545));
#2796=IFCDIRECTION((0.6312626546054415,-0.674581982781757,0.38268343236508734));
#2797=IFCDIRECTION((-0.730162276620751,-0.6832737736808007,0.));
#2798=IFCAXIS2PLACEMENT3D(#2795,#2796,#2797);
#2799=IFCDIRECTION((0.,0.,1.));
#2800=IFCEXTRUDEDAREASOLID(#2794,#2798,#2799,0.07653668647301788);
#2801=IFCCARTESIANPOINT((0.,0.));
#2802=IFCDIRECTION((1.,0.));
#2803=IFCAXIS2PLACEMENT2D(#2801,#2802);
#2804=IFCCIRCLEPROFILEDEF(.AREA.,$,#2803,0.011);
#2805=IFCCARTESIANPOINT((1.3142445462581702,-1.2079659516522636,6.27));
#2806=IFCDIRECTION((0.6312626546054403,-0.6745819827817585,-0.38268343236508656));
#2807=IFCDIRECTION((-0.7301622766207524,-0.6832737736807991,0.));
#2808=IFCAXIS2PLACEMENT3D(#2805,#2806,#2807);
#2809=IFCDIRECTION((0.,0.,1.));
#2810=IFCEXTRUDEDAREASOLID(#2804,#2808,#2809,0.07653668647301803);
#2811=IFCCARTESIANPOINT((0.,0.));
#2812=IFCDIRECTION((1.,0.));
#2813=IFCAXIS2PLACEMENT2D(#2811,#2812);
#2814=IFCCIRCLEPROFILEDEF(.AREA.,$,#2813,0.011);
#2815=IFCCARTESIANPOINT((1.3625592981358319,-1.259596221368778,6.2407106781186545));
#2816=IFCDIRECTION((0.26147755295721764,-0.2794210062007383,-0.9238795325112862));
#2817=IFCDIRECTION((0.,-0.9571802575149623,0.28949258129283784));
#2818=IFCAXIS2PLACEMENT3D(#2815,#2816,#2817);
#2819=IFCDIRECTION((0.,0.,1.));
#2820=IFCEXTRUDEDAREASOLID(#2814,#2818,#2819,0.07653668647301785);
#2821=IFCCARTESIANPOINT((0.,0.));
#2822=IFCDIRECTION((1.,0.));
#2823=IFCAXIS2PLACEMENT2D(#2821,#2822);
#2824=IFCCIRCLEPROFILEDEF(.AREA.,$,#2823,0.011);
#2825=IFCCARTESIANPOINT((1.3825719236262504,-1.280982179314339,6.17));
#2826=IFCDIRECTION((-0.26147755295721764,0.2794210062007383,-0.9238795325112862));
#2827=IFCDIRECTION((0.,-0.9571802575149623,-0.28949258129283784));
#2828=IFCAXIS2PLACEMENT3D(#2825,#2826,#2827);
#2829=IFCDIRECTION((0.,0.,1.));
#2830=IFCEXTRUDEDAREASOLID(#2824,#2828,#2829,0.07653668647301785);
#2831=IFCCARTESIANPOINT((0.,0.));
#2832=IFCDIRECTION((1.,0.));
#2833=IFCAXIS2PLACEMENT2D(#2831,#2832);
#2834=IFCCIRCLEPROFILEDEF(.AREA.,$,#2833,0.011);
#2835=IFCCARTESIANPOINT((1.3625592981358319,-1.259596221368778,6.099289321881345));
#2836=IFCDIRECTION((-0.6312626546054403,0.6745819827817585,-0.38268343236508656));
#2837=IFCDIRECTION((0.7301622766207524,0.6832737736807991,-0.));
#2838=IFCAXIS2PLACEMENT3D(#2835,#2836,#2837);
#2839=IFCDIRECTION((0.,0.,1.));
#2840=IFCEXTRUDEDAREASOLID(#2834,#2838,#2839,0.07653668647301803);
#2841=IFCCARTESIANPOINT((0.,0.));
#2842=IFCDIRECTION((1.,0.));
#2843=IFCAXIS2PLACEMENT2D(#2841,#2842);
#2844=IFCCIRCLEPROFILEDEF(.AREA.,$,#2843,0.011);
#2845=IFCCARTESIANPOINT((1.3142445462581702,-1.2079659516522636,6.07));
#2846=IFCDIRECTION((-0.6312626546054415,0.674581982781757,0.38268343236508734));
#2847=IFCDIRECTION((0.730162276620751,0.6832737736808007,-0.));
#2848=IFCAXIS2PLACEMENT3D(#2845,#2846,#2847);
#2849=IFCDIRECTION((0.,0.,1.));
#2850=IFCEXTRUDEDAREASOLID(#2844,#2848,#2849,0.07653668647301788);
#2851=IFCCARTESIANPOINT((0.,0.));
#2852=IFCDIRECTION((1.,0.));
#2853=IFCAXIS2PLACEMENT2D(#2851,#2852);
#2854=IFCCIRCLEPROFILEDEF(.AREA.,$,#2853,0.011);
#2855=IFCCARTESIANPOINT((1.2659297943805086,-1.1563356819357495,6.099289321881345));
#2856=IFCDIRECTION((-0.2614775529572149,0.2794210062007385,0.9238795325112868));
#2857=IFCDIRECTION((0.,0.9571802575149624,-0.2894925812928379));
#2858=IFCAXIS2PLACEMENT3D(#2855,#2856,#2857);
#2859=IFCDIRECTION((0.,0.,1.));
#2860=IFCEXTRUDEDAREASOLID(#2854,#2858,#2859,0.0765366864730178);
#2861=IFCCARTESIANPOINT((0.,0.));
#2862=IFCDIRECTION((1.,0.));
#2863=IFCAXIS2PLACEMENT2D(#2861,#2862);
#2864=IFCCIRCLEPROFILEDEF(.AREA.,$,#2863,0.011);
#2865=IFCCARTESIANPOINT((1.1570915783115863,-1.0400286280294908,5.88));
#2866=IFCDIRECTION((0.3416368868404034,-0.36508113831037786,0.8660254037844364));
#2867=IFCDIRECTION((-0.7301622766207502,-0.6832737736808017,0.));
#2868=IFCAXIS2PLACEMENT3D(#2865,#2866,#2867);
#2869=IFCDIRECTION((0.,0.,1.));
#2870=IFCEXTRUDEDAREASOLID(#2864,#2868,#2869,0.07);
#2871=IFCCARTESIANPOINT((0.,0.));
#2872=IFCDIRECTION((1.,0.));
#2873=IFCAXIS2PLACEMENT2D(#2871,#2872);
#2874=IFCCIRCLEPROFILEDEF(.AREA.,$,#2873,0.011);
#2875=IFCCARTESIANPOINT((1.1810061603904145,-1.0655843077112173,5.9406217782649104));
#2876=IFCDIRECTION((0.6832737736807997,-0.730162276620752,0.));
#2877=IFCDIRECTION((-0.730162276620752,-0.6832737736807997,0.));
#2878=IFCAXIS2PLACEMENT3D(#2875,#2876,#2877);
#2879=IFCDIRECTION((0.,0.,1.));
#2880=IFCEXTRUDEDAREASOLID(#2874,#2878,#2879,0.06999999999999976);
#2881=IFCCARTESIANPOINT((0.,0.));
#2882=IFCDIRECTION((1.,0.));
#2883=IFCAXIS2PLACEMENT2D(#2881,#2882);
#2884=IFCCIRCLEPROFILEDEF(.AREA.,$,#2883,0.011);
#2885=IFCCARTESIANPOINT((1.2288353245480703,-1.1166956670746697,5.9406217782649104));
#2886=IFCDIRECTION((0.34163688684040056,-0.3650811383103782,-0.8660254037844373));
#2887=IFCDIRECTION((-0.7301622766207533,-0.6832737736807982,0.));
#2888=IFCAXIS2PLACEMENT3D(#2885,#2886,#2887);
#2889=IFCDIRECTION((0.,0.,1.));
#2890=IFCEXTRUDEDAREASOLID(#2884,#2888,#2889,0.06999999999999994);
#2891=IFCCARTESIANPOINT((0.,0.));
#2892=IFCDIRECTION((1.,0.));
#2893=IFCAXIS2PLACEMENT2D(#2891,#2892);
#2894=IFCCIRCLEPROFILEDEF(.AREA.,$,#2893,0.011);
#2895=IFCCARTESIANPOINT((1.2527499066268983,-1.1422513467563962,5.88));
#2896=IFCDIRECTION((-0.34163688684039817,0.3650811383103759,-0.8660254037844393));
#2897=IFCDIRECTION((0.7301622766207535,0.6832737736807979,-0.));
#2898=IFCAXIS2PLACEMENT3D(#2895,#2896,#2897);
#2899=IFCDIRECTION((0.,0.,1.));
#2900=IFCEXTRUDEDAREASOLID(#2894,#2898,#2899,0.06999999999999977);
#2901=IFCCARTESIANPOINT((0.,0.));
#2902=IFCDIRECTION((1.,0.));
#2903=IFCAXIS2PLACEMENT2D(#2901,#2902);
#2904=IFCCIRCLEPROFILEDEF(.AREA.,$,#2903,0.011);
#2905=IFCCARTESIANPOINT((1.2288353245480705,-1.11669566707467,5.819378221735089));
#2906=IFCDIRECTION((-0.6832737736807998,0.7301622766207517,0.));
#2907=IFCDIRECTION((0.7301622766207517,0.6832737736807998,-0.));
#2908=IFCAXIS2PLACEMENT3D(#2905,#2906,#2907);
#2909=IFCDIRECTION((0.,0.,1.));
#2910=IFCEXTRUDEDAREASOLID(#2904,#2908,#2909,0.07000000000000008);
#2911=IFCCARTESIANPOINT((0.,0.));
#2912=IFCDIRECTION((1.,0.));
#2913=IFCAXIS2PLACEMENT2D(#2911,#2912);
#2914=IFCCIRCLEPROFILEDEF(.AREA.,$,#2913,0.011);
#2915=IFCCARTESIANPOINT((1.1810061603904145,-1.0655843077112173,5.819378221735089));
#2916=IFCDIRECTION((-0.3416368868404034,0.36508113831037786,0.8660254037844364));
#2917=IFCDIRECTION((0.7301622766207502,0.6832737736808017,-0.));
#2918=IFCAXIS2PLACEMENT3D(#2915,#2916,#2917);
#2919=IFCDIRECTION((0.,0.,1.));
#2920=IFCEXTRUDEDAREASOLID(#2914,#2918,#2919,0.07);
#2921=IFCSTYLEDITEM(#2080,(#38),$);
#2922=IFCSTYLEDITEM(#2100,(#38),$);
#2923=IFCSTYLEDITEM(#2110,(#38),$);
#2924=IFCSTYLEDITEM(#2120,(#38),$);
#2925=IFCSTYLEDITEM(#2130,(#38),$);
#2926=IFCSTYLEDITEM(#2140,(#38),$);
#2927=IFCSTYLEDITEM(#2150,(#38),$);
#2928=IFCSTYLEDITEM(#2160,(#38),$);
#2929=IFCSTYLEDITEM(#2170,(#38),$);
#2930=IFCSTYLEDITEM(#2180,(#38),$);
#2931=IFCSTYLEDITEM(#2190,(#38),$);
#2932=IFCSTYLEDITEM(#2200,(#38),$);
#2933=IFCSTYLEDITEM(#2210,(#38),$);
#2934=IFCSTYLEDITEM(#2220,(#38),$);
#2935=IFCSTYLEDITEM(#2230,(#38),$);
#2936=IFCSTYLEDITEM(#2240,(#38),$);
#2937=IFCSTYLEDITEM(#2250,(#38),$);
#2938=IFCSTYLEDITEM(#2260,(#38),$);
#2939=IFCSTYLEDITEM(#2270,(#38),$);
#2940=IFCSTYLEDITEM(#2280,(#38),$);
#2941=IFCSTYLEDITEM(#2290,(#38),$);
#2942=IFCSTYLEDITEM(#2300,(#38),$);
#2943=IFCSTYLEDITEM(#2310,(#38),$);
#2944=IFCSTYLEDITEM(#2320,(#38),$);
#2945=IFCSTYLEDITEM(#2330,(#38),$);
#2946=IFCSTYLEDITEM(#2340,(#38),$);
#2947=IFCSTYLEDITEM(#2350,(#38),$);
#2948=IFCSTYLEDITEM(#2360,(#38),$);
#2949=IFCSTYLEDITEM(#2370,(#38),$);
#2950=IFCSTYLEDITEM(#2380,(#38),$);
#2951=IFCSTYLEDITEM(#2390,(#38),$);
#2952=IFCSTYLEDITEM(#2400,(#38),$);
#2953=IFCSTYLEDITEM(#2410,(#38),$);
#2954=IFCSTYLEDITEM(#2420,(#38),$);
#2955=IFCSTYLEDITEM(#2430,(#38),$);
#2956=IFCSTYLEDITEM(#2440,(#38),$);
#2957=IFCSTYLEDITEM(#2450,(#38),$);
#2958=IFCSTYLEDITEM(#2460,(#38),$);
#2959=IFCSTYLEDITEM(#2470,(#38),$);
#2960=IFCSTYLEDITEM(#2480,(#38),$);
#2961=IFCSTYLEDITEM(#2490,(#38),$);
#2962=IFCSTYLEDITEM(#2500,(#38),$);
#2963=IFCSTYLEDITEM(#2510,(#38),$);
#2964=IFCSTYLEDITEM(#2520,(#38),$);
#2965=IFCSTYLEDITEM(#2530,(#38),$);
#2966=IFCSTYLEDITEM(#2540,(#38),$);
#2967=IFCSTYLEDITEM(#2550,(#38),$);
#2968=IFCSTYLEDITEM(#2560,(#38),$);
#2969=IFCSTYLEDITEM(#2570,(#38),$);
#2970=IFCSTYLEDITEM(#2580,(#38),$);
#2971=IFCSTYLEDITEM(#2590,(#38),$);
#2972=IFCSTYLEDITEM(#2600,(#38),$);
#2973=IFCSTYLEDITEM(#2610,(#38),$);
#2974=IFCSTYLEDITEM(#2620,(#38),$);
#2975=IFCSTYLEDITEM(#2630,(#38),$);
#2976=IFCSTYLEDITEM(#2640,(#38),$);
#2977=IFCSTYLEDITEM(#2650,(#38),$);
#2978=IFCSTYLEDITEM(#2660,(#38),$);
#2979=IFCSTYLEDITEM(#2670,(#38),$);
#2980=IFCSTYLEDITEM(#2680,(#38),$);
#2981=IFCSTYLEDITEM(#2690,(#38),$);
#2982=IFCSTYLEDITEM(#2700,(#38),$);
#2983=IFCSTYLEDITEM(#2710,(#38),$);
#2984=IFCSTYLEDITEM(#2720,(#38),$);
#2985=IFCSTYLEDITEM(#2730,(#38),$);
#2986=IFCSTYLEDITEM(#2740,(#38),$);
#2987=IFCSTYLEDITEM(#2750,(#38),$);
#2988=IFCSTYLEDITEM(#2760,(#38),$);
#2989=IFCSTYLEDITEM(#2770,(#38),$);
#2990=IFCSTYLEDITEM(#2780,(#38),$);
#2991=IFCSTYLEDITEM(#2790,(#38),$);
#2992=IFCSTYLEDITEM(#2800,(#38),$);
#2993=IFCSTYLEDITEM(#2810,(#38),$);
#2994=IFCSTYLEDITEM(#2820,(#38),$);
#2995=IFCSTYLEDITEM(#2830,(#38),$);
#2996=IFCSTYLEDITEM(#2840,(#38),$);
#2997=IFCSTYLEDITEM(#2850,(#38),$);
#2998=IFCSTYLEDITEM(#2860,(#38),$);
#2999=IFCSTYLEDITEM(#2870,(#38),$);
#3000=IFCSTYLEDITEM(#2880,(#38),$);
#3001=IFCSTYLEDITEM(#2890,(#38),$);
#3002=IFCSTYLEDITEM(#2900,(#38),$);
#3003=IFCSTYLEDITEM(#2910,(#38),$);
#3004=IFCSTYLEDITEM(#2920,(#38),$);
#3005=IFCSHAPEREPRESENTATION(#16,'Body','SweptSolid',(#2080,#2100,#2110,#2120,#2130,#2140,#2150,#2160,#2170,#2180,#2190,#2200,#2210,#2220,#2230,#2240,#2250,#2260,#2270,#2280,#2290,#2300,#2310,#2320,#2330,#2340,#2350,#2360,#2370,#2380,#2390,#2400,#2410,#2420,#2430,#2440,#2450,#2460,#2470,#2480,#2490,#2500,#2510,#2520,#2530,#2540,#2550,#2560,#2570,#2580,#2590,#2600,#2610,#2620,#2630,#2640,#2650,#2660,#2670,#2680,#2690,#2700,#2710,#2720,#2730,#2740,#2750,#2760,#2770,#2780,#2790,#2800,#2810,#2820,#2830,#2840,#2850,#2860,#2870,#2880,#2890,#2900,#2910,#2920));
#3006=IFCPRODUCTDEFINITIONSHAPE($,$,(#3005));
#3007=IFCLOCALPLACEMENT(#23,#13);
#3008=IFCMEMBER('1UOdVBBwr9sOICNpWuEUjl',#5,'Bra\X2\00E7\X0\ llarg 1 \X2\00B7\X0\ Long arm',$,'Cantilevered top arm 3.3 m with curved brace, scroll cresting and end knob',#3007,#3006,'PFAL-MEM-004',.USERDEFINED.);
#3009=IFCRELASSOCIATESMATERIAL('0Z7bd28cDEcvfSuSrESoUb',#5,$,$,(#3008),#39);
#3010=IFCPROPERTYSINGLEVALUE('Reference',$,IFCLABEL('Cantilevered top arm 3.3 m with curved brace, scroll cresting and end knob'),$);
#3011=IFCPROPERTYSINGLEVALUE('IsExternal',$,IFCBOOLEAN(.T.),$);
#3012=IFCPROPERTYSINGLEVALUE('Status',$,IFCLABEL('EXISTING'),$);
#3013=IFCPROPERTYSET('0Ro8jS6V10rBl6n725obw5',#5,'Pset_MemberCommon',$,(#3010,#3011,#3012));
#3014=IFCRELDEFINESBYPROPERTIES('2RYXmsEr5Ai9wq7LFh_Wvc',#5,$,$,(#3008),#3013);
#3015=IFCPROPERTYSINGLEVALUE('Material',$,IFCLABEL('Wrought and cast iron, painted dark brown-black'),$);
#3016=IFCPROPERTYSINGLEVALUE('Category',$,IFCLABEL('Iron'),$);
#3017=IFCPROPERTYSINGLEVALUE('Description',$,IFCLABEL('Forged scrollwork and cast parts, the near-black brown of the Passeig''s 1906 ironwork'),$);
#3018=IFCPROPERTYSINGLEVALUE('MassDensity_kg_m3',$,IFCREAL(7600.),$);
#3019=IFCPROPERTYSET('3YQa_gkgT368t2EzHvEXZo',#5,'Pset_CDE_Material',$,(#3015,#3016,#3017,#3018));
#3020=IFCRELDEFINESBYPROPERTIES('2D3aGlIeHCaBGt$s9XsVW8',#5,$,$,(#3008),#3019);
#3021=IFCPROPERTYSINGLEVALUE('GeometrySource',$,IFCLABEL('Form from Wikimedia Commons photographs; dimensions estimated; position in a gap of the OSM island tree row'),$);
#3022=IFCPROPERTYSINGLEVALUE('Confidence',$,IFCLABEL('Medium'),$);
#3023=IFCPROPERTYSINGLEVALUE('Reference',$,IFCLABEL('Commons Category:Fanals-bancs (\X2\00AB\X0\Banc-fanal del passeig de Gr\X2\00E0\X0\cia.jpg\X2\00BB\X0\, \X2\00AB\X0\109 Banc fanal\X2\202600BB\X0\, \X2\00AB\X0\035 Banc de trencad\X2\00ED\X0\s\X2\202600BB\X0\); OSM tree nodes 12633020995/96 and 12633020992/93 (ODbL)'),$);
#3024=IFCPROPERTYSET('2dpX7$bpH8ofn5Cd19afIe',#5,'Pset_CDE_Provenance',$,(#3021,#3022,#3023));
#3025=IFCRELDEFINESBYPROPERTIES('3i_Lrbl7L8xBLWM81UoDhO',#5,$,$,(#3008),#3024);
#3026=IFCPROPERTYSINGLEVALUE('Reach_mm',$,IFCINTEGER(3300),$);
#3027=IFCPROPERTYSINGLEVALUE('Height_mm',$,IFCINTEGER(6020),$);
#3028=IFCPROPERTYSET('1zQn0gw1zAmQwjCTKWwfCY',#5,'Pset_CDE_Specification',$,(#3026,#3027));
#3029=IFCRELDEFINESBYPROPERTIES('0RWrSWub559eguR88DZl5T',#5,$,$,(#3008),#3028);
#3030=IFCPROPERTYSINGLEVALUE('DataStatus',$,IFCLABEL('Illustrative demo values \X2\2014\X0\ not the owner''s as-built register'),$);
#3031=IFCPROPERTYSINGLEVALUE('AssetOwner',$,IFCLABEL('Ajuntament de Barcelona \X2\2014\X0\ public lighting (demo)'),$);
#3032=IFCPROPERTYSINGLEVALUE('Manufacturer',$,IFCLABEL('Original ironwork, 1906 (workshop not recorded here)'),$);
#3033=IFCPROPERTYSINGLEVALUE('Model',$,IFCLABEL('Banc-fanal, municipal model by Pere Falqu\X2\00E9\X0\s i Urp\X2\00ED\X0\ (1906)'),$);
#3034=IFCPROPERTYSINGLEVALUE('SerialNumber',$,IFCLABEL('BCN-ENL-PGR-006'),$);
#3035=IFCPROPERTYSINGLEVALUE('LifecycleStatus',$,IFCLABEL('In service'),$);
#3036=IFCPROPERTYSINGLEVALUE('InstallationYear',$,IFCINTEGER(2019),$);
#3037=IFCPROPERTYSINGLEVALUE('LastInspection',$,IFCLABEL('2026-06-17'),$);
#3038=IFCPROPERTYSINGLEVALUE('InspectionInterval_months',$,IFCINTEGER(12),$);
#3039=IFCPROPERTYSINGLEVALUE('NextInspection',$,IFCLABEL('2027-06-17'),$);
#3040=IFCPROPERTYSINGLEVALUE('ConditionIndex_1to5',$,IFCINTEGER(4),$);
#3041=IFCPROPERTYSINGLEVALUE('WarrantyEnd',$,IFCLABEL('2024-12-31 (expired)'),$);
#3042=IFCPROPERTYSINGLEVALUE('MaintenanceContractor',$,IFCLABEL('Demo contractor \X2\2014\X0\ public lighting'),$);
#3043=IFCPROPERTYSINGLEVALUE('MaintenanceStrategy',$,IFCLABEL('Condition-based'),$);
#3044=IFCPROPERTYSET('0Y3gXNVNXCqv57XH_DvYCz',#5,'Pset_CDE_AssetManagement (demo)',$,(#3030,#3031,#3032,#3033,#3034,#3035,#3036,#3037,#3038,#3039,#3040,#3041,#3042,#3043));
#3045=IFCRELDEFINESBYPROPERTIES('0ZE43hGjn32QEBxT_rNtGW',#5,$,$,(#3008),#3044);
#3046=IFCCARTESIANPOINT((0.,0.));
#3047=IFCDIRECTION((1.,0.));
#3048=IFCAXIS2PLACEMENT2D(#3046,#3047);
#3049=IFCCIRCLEPROFILEDEF(.AREA.,$,#3048,0.022);
#3050=IFCCARTESIANPOINT((-0.7560749879946524,1.004425746508615,4.15));
#3051=IFCDIRECTION((-0.6819340594063775,0.72873062672826,0.06259083231413932));
#3052=IFCDIRECTION((0.7301622766207524,0.6832737736807991,-0.));
#3053=IFCAXIS2PLACEMENT3D(#3050,#3051,#3052);
#3054=IFCDIRECTION((0.,0.,1.));
#3055=IFCEXTRUDEDAREASOLID(#3049,#3053,#3054,0.24408970472065644);
#3056=IFCCARTESIANPOINT((0.,0.));
#3057=IFCDIRECTION((1.,0.));
#3058=IFCAXIS2PLACEMENT2D(#3056,#3057);
#3059=IFCCIRCLEPROFILEDEF(.AREA.,$,#3058,0.022);
#3060=IFCCARTESIANPOINT((-0.9225280711941137,1.182301390007615,4.165277777777779));
#3061=IFCDIRECTION((-0.6655861148199455,0.7112608321933445,0.22606006358161013));
#3062=IFCDIRECTION((0.7301622766207518,0.6832737736807997,-0.));
#3063=IFCAXIS2PLACEMENT3D(#3060,#3061,#3062);
#3064=IFCDIRECTION((0.,0.,1.));
#3065=IFCEXTRUDEDAREASOLID(#3059,#3063,#3064,0.20274847581287644);
#3066=IFCCARTESIANPOINT((0.,0.));
#3067=IFCDIRECTION((1.,0.));
#3068=IFCAXIS2PLACEMENT2D(#3066,#3067);
#3069=IFCCIRCLEPROFILEDEF(.AREA.,$,#3068,0.022);
#3070=IFCCARTESIANPOINT((-1.0574746414960718,1.3265084396402136,4.211111111111112));
#3071=IFCDIRECTION((-0.6100152480796667,0.6518765090481878,0.450486863361686));
#3072=IFCDIRECTION((0.7301622766207511,0.6832737736808003,-0.));
#3073=IFCAXIS2PLACEMENT3D(#3070,#3071,#3072);
#3074=IFCDIRECTION((0.,0.,1.));
#3075=IFCEXTRUDEDAREASOLID(#3069,#3073,#3074,0.16956962589063876);
#3076=IFCCARTESIANPOINT((0.,0.));
#3077=IFCDIRECTION((1.,0.));
#3078=IFCAXIS2PLACEMENT2D(#3076,#3077);
#3079=IFCCIRCLEPROFILEDEF(.AREA.,$,#3078,0.022);
#3080=IFCCARTESIANPOINT((-1.1609146989005261,1.4370468954064104,4.2875000000000005));
#3081=IFCDIRECTION((-0.4793383849398759,0.5122321679844245,0.7126379998324588));
#3082=IFCDIRECTION((0.7301622766207527,0.6832737736807987,-0.));
#3083=IFCAXIS2PLACEMENT3D(#3080,#3081,#3082);
#3084=IFCDIRECTION((0.,0.,1.));
#3085=IFCEXTRUDEDAREASOLID(#3079,#3083,#3084,0.1500684000426413);
#3086=IFCCARTESIANPOINT((0.,0.));
#3087=IFCDIRECTION((1.,0.));
#3088=IFCAXIS2PLACEMENT2D(#3086,#3087);
#3089=IFCCIRCLEPROFILEDEF(.AREA.,$,#3088,0.022);
#3090=IFCCARTESIANPOINT((-1.232848243407477,1.5139167573062065,4.394444444444446));
#3091=IFCDIRECTION((-0.2700726061802553,0.2886058803620902,0.9185681429330257));
#3092=IFCDIRECTION((0.,0.9540195480861752,-0.29974439422522975));
#3093=IFCAXIS2PLACEMENT3D(#3090,#3091,#3092);
#3094=IFCDIRECTION((0.,0.,1.));
#3095=IFCEXTRUDEDAREASOLID(#3089,#3093,#3094,0.14968949343372193);
#3096=IFCCARTESIANPOINT((0.,0.));
#3097=IFCDIRECTION((1.,0.));
#3098=IFCAXIS2PLACEMENT2D(#3096,#3097);
#3099=IFCCIRCLEPROFILEDEF(.AREA.,$,#3098,0.022);
#3100=IFCCARTESIANPOINT((-1.2732752750169245,1.557118025339601,4.531944444444445));
#3101=IFCDIRECTION((-0.05292131980650884,0.056552955550357435,0.9969960366663733));
#3102=IFCDIRECTION((0.,0.9983951025864735,-0.05663231525679719));
#3103=IFCAXIS2PLACEMENT3D(#3100,#3101,#3102);
#3104=IFCDIRECTION((0.,0.,1.));
#3105=IFCEXTRUDEDAREASOLID(#3099,#3103,#3104,0.16856190935069076);
#3106=IFCCARTESIANPOINT((0.,0.));
#3107=IFCDIRECTION((1.,0.));
#3108=IFCAXIS2PLACEMENT2D(#3106,#3107);
#3109=IFCCIRCLEPROFILEDEF(.AREA.,$,#3108,0.011);
#3110=IFCCARTESIANPOINT((-1.27536305599206,1.5593490767403864,4.8));
#3111=IFCDIRECTION((0.2614775529572144,-0.27942100620073546,0.9238795325112877));
#3112=IFCDIRECTION((-0.,0.9571802575149633,0.2894925812928347));
#3113=IFCAXIS2PLACEMENT3D(#3110,#3111,#3112);
#3114=IFCDIRECTION((0.,0.,1.));
#3115=IFCEXTRUDEDAREASOLID(#3109,#3113,#3114,0.09949769241492343);
#3116=IFCCARTESIANPOINT((0.,0.));
#3117=IFCDIRECTION((1.,0.));
#3118=IFCAXIS2PLACEMENT2D(#3116,#3117);
#3119=IFCCIRCLEPROFILEDEF(.AREA.,$,#3118,0.011);
#3120=IFCCARTESIANPOINT((-1.2493466428545161,1.5315473314111572,4.891923881554251));
#3121=IFCDIRECTION((0.6312626546054402,-0.6745819827817583,0.38268343236508723));
#3122=IFCDIRECTION((-0.7301622766207523,-0.6832737736807991,0.));
#3123=IFCAXIS2PLACEMENT3D(#3120,#3121,#3122);
#3124=IFCDIRECTION((0.,0.,1.));
#3125=IFCEXTRUDEDAREASOLID(#3119,#3123,#3124,0.09949769241492327);
#3126=IFCCARTESIANPOINT((0.,0.));
#3127=IFCDIRECTION((1.,0.));
#3128=IFCAXIS2PLACEMENT2D(#3126,#3127);
#3129=IFCCIRCLEPROFILEDEF(.AREA.,$,#3128,0.011);
#3130=IFCCARTESIANPOINT((-1.186537465413556,1.4644279807796887,4.93));
#3131=IFCDIRECTION((0.6312626546054412,-0.6745819827817571,-0.3826834323650878));
#3132=IFCDIRECTION((-0.7301622766207512,-0.6832737736808003,0.));
#3133=IFCAXIS2PLACEMENT3D(#3130,#3131,#3132);
#3134=IFCDIRECTION((0.,0.,1.));
#3135=IFCEXTRUDEDAREASOLID(#3129,#3133,#3134,0.09949769241492312);
#3136=IFCCARTESIANPOINT((0.,0.));
#3137=IFCDIRECTION((1.,0.));
#3138=IFCAXIS2PLACEMENT2D(#3136,#3137);
#3139=IFCCIRCLEPROFILEDEF(.AREA.,$,#3138,0.011);
#3140=IFCCARTESIANPOINT((-1.123728287972596,1.3973086301482205,4.891923881554251));
#3141=IFCDIRECTION((0.26147755295721425,-0.2794210062007375,-0.9238795325112872));
#3142=IFCDIRECTION((0.,-0.9571802575149627,0.28949258129283684));
#3143=IFCAXIS2PLACEMENT3D(#3140,#3141,#3142);
#3144=IFCDIRECTION((0.,0.,1.));
#3145=IFCEXTRUDEDAREASOLID(#3139,#3143,#3144,0.09949769241492348);
#3146=IFCCARTESIANPOINT((0.,0.));
#3147=IFCDIRECTION((1.,0.));
#3148=IFCAXIS2PLACEMENT2D(#3146,#3147);
#3149=IFCCIRCLEPROFILEDEF(.AREA.,$,#3148,0.011);
#3150=IFCCARTESIANPOINT((-1.0977118748350523,1.369506884818991,4.8));
#3151=IFCDIRECTION((-0.26147755295721425,0.2794210062007375,-0.9238795325112872));
#3152=IFCDIRECTION((0.,-0.9571802575149627,-0.28949258129283684));
#3153=IFCAXIS2PLACEMENT3D(#3150,#3151,#3152);
#3154=IFCDIRECTION((0.,0.,1.));
#3155=IFCEXTRUDEDAREASOLID(#3149,#3153,#3154,0.09949769241492348);
#3156=IFCCARTESIANPOINT((0.,0.));
#3157=IFCDIRECTION((1.,0.));
#3158=IFCAXIS2PLACEMENT2D(#3156,#3157);
#3159=IFCCIRCLEPROFILEDEF(.AREA.,$,#3158,0.011);
#3160=IFCCARTESIANPOINT((-1.123728287972596,1.3973086301482205,4.7080761184457485));
#3161=IFCDIRECTION((-0.6312626546054412,0.6745819827817571,-0.3826834323650878));
#3162=IFCDIRECTION((0.7301622766207512,0.6832737736808003,-0.));
#3163=IFCAXIS2PLACEMENT3D(#3160,#3161,#3162);
#3164=IFCDIRECTION((0.,0.,1.));
#3165=IFCEXTRUDEDAREASOLID(#3159,#3163,#3164,0.09949769241492312);
#3166=IFCCARTESIANPOINT((0.,0.));
#3167=IFCDIRECTION((1.,0.));
#3168=IFCAXIS2PLACEMENT2D(#3166,#3167);
#3169=IFCCIRCLEPROFILEDEF(.AREA.,$,#3168,0.011);
#3170=IFCCARTESIANPOINT((-1.186537465413556,1.4644279807796887,4.67));
#3171=IFCDIRECTION((-0.6312626546054402,0.6745819827817583,0.38268343236508723));
#3172=IFCDIRECTION((0.7301622766207523,0.6832737736807991,-0.));
#3173=IFCAXIS2PLACEMENT3D(#3170,#3171,#3172);
#3174=IFCDIRECTION((0.,0.,1.));
#3175=IFCEXTRUDEDAREASOLID(#3169,#3173,#3174,0.09949769241492327);
#3176=IFCCARTESIANPOINT((0.,0.));
#3177=IFCDIRECTION((1.,0.));
#3178=IFCAXIS2PLACEMENT2D(#3176,#3177);
#3179=IFCCIRCLEPROFILEDEF(.AREA.,$,#3178,0.011);
#3180=IFCCARTESIANPOINT((-1.2493466428545161,1.5315473314111572,4.7080761184457485));
#3181=IFCDIRECTION((-0.2614775529572144,0.27942100620073546,0.9238795325112877));
#3182=IFCDIRECTION((0.,0.9571802575149633,-0.2894925812928347));
#3183=IFCAXIS2PLACEMENT3D(#3180,#3181,#3182);
#3184=IFCDIRECTION((0.,0.,1.));
#3185=IFCEXTRUDEDAREASOLID(#3179,#3183,#3184,0.09949769241492343);
#3186=IFCSTYLEDITEM(#3055,(#38),$);
#3187=IFCSTYLEDITEM(#3065,(#38),$);
#3188=IFCSTYLEDITEM(#3075,(#38),$);
#3189=IFCSTYLEDITEM(#3085,(#38),$);
#3190=IFCSTYLEDITEM(#3095,(#38),$);
#3191=IFCSTYLEDITEM(#3105,(#38),$);
#3192=IFCSTYLEDITEM(#3115,(#38),$);
#3193=IFCSTYLEDITEM(#3125,(#38),$);
#3194=IFCSTYLEDITEM(#3135,(#38),$);
#3195=IFCSTYLEDITEM(#3145,(#38),$);
#3196=IFCSTYLEDITEM(#3155,(#38),$);
#3197=IFCSTYLEDITEM(#3165,(#38),$);
#3198=IFCSTYLEDITEM(#3175,(#38),$);
#3199=IFCSTYLEDITEM(#3185,(#38),$);
#3200=IFCSHAPEREPRESENTATION(#16,'Body','SweptSolid',(#3055,#3065,#3075,#3085,#3095,#3105,#3115,#3125,#3135,#3145,#3155,#3165,#3175,#3185));
#3201=IFCPRODUCTDEFINITIONSHAPE($,$,(#3200));
#3202=IFCLOCALPLACEMENT(#23,#13);
#3203=IFCMEMBER('1IyugYlH54ZwDGo3i05yNe',#5,'Bra\X2\00E7\X0\ curt 1 \X2\00B7\X0\ Short scroll arm',$,'Gooseneck arm ending in a scroll, carrying the lower lantern',#3202,#3201,'PFAL-MEM-005',.USERDEFINED.);
#3204=IFCRELASSOCIATESMATERIAL('1OLAlPsCX4qOeE860URXJe',#5,$,$,(#3203),#39);
#3205=IFCPROPERTYSINGLEVALUE('Reference',$,IFCLABEL('Gooseneck arm ending in a scroll, carrying the lower lantern'),$);
#3206=IFCPROPERTYSINGLEVALUE('IsExternal',$,IFCBOOLEAN(.T.),$);
#3207=IFCPROPERTYSINGLEVALUE('Status',$,IFCLABEL('EXISTING'),$);
#3208=IFCPROPERTYSET('0pyaKP4JjCHRU3c9edXHgT',#5,'Pset_MemberCommon',$,(#3205,#3206,#3207));
#3209=IFCRELDEFINESBYPROPERTIES('0eToJyQZfD2xpw$i_RdIso',#5,$,$,(#3203),#3208);
#3210=IFCPROPERTYSINGLEVALUE('Material',$,IFCLABEL('Wrought and cast iron, painted dark brown-black'),$);
#3211=IFCPROPERTYSINGLEVALUE('Category',$,IFCLABEL('Iron'),$);
#3212=IFCPROPERTYSINGLEVALUE('Description',$,IFCLABEL('Forged scrollwork and cast parts, the near-black brown of the Passeig''s 1906 ironwork'),$);
#3213=IFCPROPERTYSINGLEVALUE('MassDensity_kg_m3',$,IFCREAL(7600.),$);
#3214=IFCPROPERTYSET('1H469Q3rX7TuJXdwVax7_a',#5,'Pset_CDE_Material',$,(#3210,#3211,#3212,#3213));
#3215=IFCRELDEFINESBYPROPERTIES('3frbZbA2nEpv$A2gnPZCvu',#5,$,$,(#3203),#3214);
#3216=IFCPROPERTYSINGLEVALUE('GeometrySource',$,IFCLABEL('Form from Wikimedia Commons photographs; dimensions estimated; position in a gap of the OSM island tree row'),$);
#3217=IFCPROPERTYSINGLEVALUE('Confidence',$,IFCLABEL('Medium'),$);
#3218=IFCPROPERTYSINGLEVALUE('Reference',$,IFCLABEL('Commons Category:Fanals-bancs (\X2\00AB\X0\Banc-fanal del passeig de Gr\X2\00E0\X0\cia.jpg\X2\00BB\X0\, \X2\00AB\X0\109 Banc fanal\X2\202600BB\X0\, \X2\00AB\X0\035 Banc de trencad\X2\00ED\X0\s\X2\202600BB\X0\); OSM tree nodes 12633020995/96 and 12633020992/93 (ODbL)'),$);
#3219=IFCPROPERTYSET('1WbQmNmo1809bzYWXBUgWF',#5,'Pset_CDE_Provenance',$,(#3216,#3217,#3218));
#3220=IFCRELDEFINESBYPROPERTIES('0c$iVekBjFRe77fmZKzCYw',#5,$,$,(#3203),#3219);
#3221=IFCPROPERTYSINGLEVALUE('Reach_mm',$,IFCINTEGER(780),$);
#3222=IFCPROPERTYSINGLEVALUE('Height_mm',$,IFCINTEGER(4700),$);
#3223=IFCPROPERTYSET('1jz$jHV6jB_BNLXt7Y5CHP',#5,'Pset_CDE_Specification',$,(#3221,#3222));
#3224=IFCRELDEFINESBYPROPERTIES('292q$riNzARxuinRWfT$$j',#5,$,$,(#3203),#3223);
#3225=IFCPROPERTYSINGLEVALUE('DataStatus',$,IFCLABEL('Illustrative demo values \X2\2014\X0\ not the owner''s as-built register'),$);
#3226=IFCPROPERTYSINGLEVALUE('AssetOwner',$,IFCLABEL('Ajuntament de Barcelona \X2\2014\X0\ public lighting (demo)'),$);
#3227=IFCPROPERTYSINGLEVALUE('Manufacturer',$,IFCLABEL('Original ironwork, 1906 (workshop not recorded here)'),$);
#3228=IFCPROPERTYSINGLEVALUE('Model',$,IFCLABEL('Banc-fanal, municipal model by Pere Falqu\X2\00E9\X0\s i Urp\X2\00ED\X0\ (1906)'),$);
#3229=IFCPROPERTYSINGLEVALUE('SerialNumber',$,IFCLABEL('BCN-ENL-PGR-007'),$);
#3230=IFCPROPERTYSINGLEVALUE('LifecycleStatus',$,IFCLABEL('In service'),$);
#3231=IFCPROPERTYSINGLEVALUE('InstallationYear',$,IFCINTEGER(2019),$);
#3232=IFCPROPERTYSINGLEVALUE('LastInspection',$,IFCLABEL('2026-06-17'),$);
#3233=IFCPROPERTYSINGLEVALUE('InspectionInterval_months',$,IFCINTEGER(12),$);
#3234=IFCPROPERTYSINGLEVALUE('NextInspection',$,IFCLABEL('2027-06-17'),$);
#3235=IFCPROPERTYSINGLEVALUE('ConditionIndex_1to5',$,IFCINTEGER(4),$);
#3236=IFCPROPERTYSINGLEVALUE('WarrantyEnd',$,IFCLABEL('2024-12-31 (expired)'),$);
#3237=IFCPROPERTYSINGLEVALUE('MaintenanceContractor',$,IFCLABEL('Demo contractor \X2\2014\X0\ public lighting'),$);
#3238=IFCPROPERTYSINGLEVALUE('MaintenanceStrategy',$,IFCLABEL('Condition-based'),$);
#3239=IFCPROPERTYSET('0r1lVoLS56xh9vdiZhxrEb',#5,'Pset_CDE_AssetManagement (demo)',$,(#3225,#3226,#3227,#3228,#3229,#3230,#3231,#3232,#3233,#3234,#3235,#3236,#3237,#3238));
#3240=IFCRELDEFINESBYPROPERTIES('2eMvBGAo1C8BZCb5RWVNyF',#5,$,$,(#3203),#3239);
#3241=IFCCARTESIANPOINT((-0.7560749879946524,1.004425746508615,6.85));
#3242=IFCDIRECTION((0.,-1.,0.));
#3243=IFCDIRECTION((1.,0.,0.));
#3244=IFCAXIS2PLACEMENT3D(#3241,#3242,#3243);
#3245=IFCCARTESIANPOINT((0.,0.));
#3246=IFCCARTESIANPOINT((0.07,0.));
#3247=IFCCARTESIANPOINT((0.09,0.1));
#3248=IFCCARTESIANPOINT((0.2,0.28));
#3249=IFCCARTESIANPOINT((0.22,0.34));
#3250=IFCCARTESIANPOINT((0.16,0.37));
#3251=IFCCARTESIANPOINT((0.06,0.31));
#3252=IFCCARTESIANPOINT((0.,0.31));
#3253=IFCCARTESIANPOINT((0.,0.));
#3254=IFCPOLYLINE((#3245,#3246,#3247,#3248,#3249,#3250,#3251,#3252,#3253));
#3255=IFCARBITRARYCLOSEDPROFILEDEF(.AREA.,$,#3254);
#3256=IFCCARTESIANPOINT((0.,0.,0.));
#3257=IFCDIRECTION((0.,1.,0.));
#3258=IFCAXIS1PLACEMENT(#3256,#3257);
#3259=IFCREVOLVEDAREASOLID(#3255,#3244,#3258,6.283185307179586);
#3260=IFCCARTESIANPOINT((-0.7560749879946524,1.004425746508615,7.28));
#3261=IFCDIRECTION((0.,-1.,0.));
#3262=IFCDIRECTION((1.,0.,0.));
#3263=IFCAXIS2PLACEMENT3D(#3260,#3261,#3262);
#3264=IFCCARTESIANPOINT((0.,-0.06));
#3265=IFCCARTESIANPOINT((0.02296100594190539,-0.0554327719506772));
#3266=IFCCARTESIANPOINT((0.042426406871192854,-0.04242640687119285));
#3267=IFCCARTESIANPOINT((0.0554327719506772,-0.022961005941905387));
#3268=IFCCARTESIANPOINT((0.06,0.));
#3269=IFCCARTESIANPOINT((0.0554327719506772,0.022961005941905387));
#3270=IFCCARTESIANPOINT((0.042426406871192854,0.04242640687119285));
#3271=IFCCARTESIANPOINT((0.02296100594190539,0.0554327719506772));
#3272=IFCCARTESIANPOINT((0.,0.06));
#3273=IFCCARTESIANPOINT((0.,-0.06));
#3274=IFCPOLYLINE((#3264,#3265,#3266,#3267,#3268,#3269,#3270,#3271,#3272,#3273));
#3275=IFCARBITRARYCLOSEDPROFILEDEF(.AREA.,$,#3274);
#3276=IFCCARTESIANPOINT((0.,0.,0.));
#3277=IFCDIRECTION((0.,1.,0.));
#3278=IFCAXIS1PLACEMENT(#3276,#3277);
#3279=IFCREVOLVEDAREASOLID(#3275,#3263,#3278,6.283185307179586);
#3280=IFCCARTESIANPOINT((0.,0.));
#3281=IFCDIRECTION((1.,0.));
#3282=IFCAXIS2PLACEMENT2D(#3280,#3281);
#3283=IFCCIRCLEPROFILEDEF(.AREA.,$,#3282,0.012);
#3284=IFCCARTESIANPOINT((-0.7560749879946524,1.004425746508615,7.32));
#3285=IFCDIRECTION((0.,0.,1.));
#3286=IFCDIRECTION((0.,1.,0.));
#3287=IFCAXIS2PLACEMENT3D(#3284,#3285,#3286);
#3288=IFCDIRECTION((0.,0.,1.));
#3289=IFCEXTRUDEDAREASOLID(#3283,#3287,#3288,0.1299999999999999);
#3290=IFCCARTESIANPOINT((0.,0.));
#3291=IFCDIRECTION((1.,0.));
#3292=IFCAXIS2PLACEMENT2D(#3290,#3291);
#3293=IFCCIRCLEPROFILEDEF(.AREA.,$,#3292,0.012);
#3294=IFCCARTESIANPOINT((-0.9382117201558879,1.0870466324735235,7.16));
#3295=IFCDIRECTION((-0.2208732308840014,0.10019254109277272,0.9701425001453321));
#3296=IFCDIRECTION((0.,0.9947093081047284,-0.10272970539144156));
#3297=IFCAXIS2PLACEMENT3D(#3294,#3295,#3296);
#3298=IFCDIRECTION((0.,0.,1.));
#3299=IFCEXTRUDEDAREASOLID(#3293,#3297,#3298,0.20615528128088317);
#3300=IFCCARTESIANPOINT((0.,0.));
#3301=IFCDIRECTION((1.,0.));
#3302=IFCAXIS2PLACEMENT2D(#3300,#3301);
#3303=IFCCIRCLEPROFILEDEF(.AREA.,$,#3302,0.012);
#3304=IFCCARTESIANPOINT((-0.943286895142447,0.9340574168276746,7.16));
#3305=IFCDIRECTION((-0.2270277845716714,-0.0853341341096482,0.970142500145332));
#3306=IFCDIRECTION((-0.,0.9961537873257985,0.08762209764932406));
#3307=IFCAXIS2PLACEMENT3D(#3304,#3305,#3306);
#3308=IFCDIRECTION((0.,0.,1.));
#3309=IFCEXTRUDEDAREASOLID(#3303,#3307,#3308,0.2061552812808832);
#3310=IFCCARTESIANPOINT((0.,0.));
#3311=IFCDIRECTION((1.,0.));
#3312=IFCAXIS2PLACEMENT2D(#3310,#3311);
#3313=IFCCIRCLEPROFILEDEF(.AREA.,$,#3312,0.012);
#3314=IFCCARTESIANPOINT((-0.8386958739595607,0.8222890143473797,7.16));
#3315=IFCDIRECTION((-0.10019254109277324,-0.2208732308840019,0.970142500145332));
#3316=IFCDIRECTION((-0.,0.9750488806080485,0.22199027101427554));
#3317=IFCAXIS2PLACEMENT3D(#3314,#3315,#3316);
#3318=IFCDIRECTION((0.,0.,1.));
#3319=IFCEXTRUDEDAREASOLID(#3313,#3317,#3318,0.2061552812808832);
#3320=IFCCARTESIANPOINT((0.,0.));
#3321=IFCDIRECTION((1.,0.));
#3322=IFCAXIS2PLACEMENT2D(#3320,#3321);
#3323=IFCCIRCLEPROFILEDEF(.AREA.,$,#3322,0.012);
#3324=IFCCARTESIANPOINT((-0.6857066583137119,0.8172138393608205,7.16));
#3325=IFCDIRECTION((0.08533413410964819,-0.2270277845716719,0.9701425001453318));
#3326=IFCDIRECTION((-0.,0.9736941564444496,0.22785892500828606));
#3327=IFCAXIS2PLACEMENT3D(#3324,#3325,#3326);
#3328=IFCDIRECTION((0.,0.,1.));
#3329=IFCEXTRUDEDAREASOLID(#3323,#3327,#3328,0.20615528128088323);
#3330=IFCCARTESIANPOINT((0.,0.));
#3331=IFCDIRECTION((1.,0.));
#3332=IFCAXIS2PLACEMENT2D(#3330,#3331);
#3333=IFCCIRCLEPROFILEDEF(.AREA.,$,#3332,0.012);
#3334=IFCCARTESIANPOINT((-0.573938255833417,0.9218048605437068,7.16));
#3335=IFCDIRECTION((0.2208732308840019,-0.10019254109277324,0.970142500145332));
#3336=IFCDIRECTION((-0.,0.9947093081047284,0.1027297053914421));
#3337=IFCAXIS2PLACEMENT3D(#3334,#3335,#3336);
#3338=IFCDIRECTION((0.,0.,1.));
#3339=IFCEXTRUDEDAREASOLID(#3333,#3337,#3338,0.2061552812808832);
#3340=IFCCARTESIANPOINT((0.,0.));
#3341=IFCDIRECTION((1.,0.));
#3342=IFCAXIS2PLACEMENT2D(#3340,#3341);
#3343=IFCCIRCLEPROFILEDEF(.AREA.,$,#3342,0.012);
#3344=IFCCARTESIANPOINT((-0.5688630808468577,1.0747940761895556,7.16));
#3345=IFCDIRECTION((0.22702778457167086,0.08533413410964821,0.9701425001453321));
#3346=IFCDIRECTION((0.,0.9961537873257985,-0.08762209764932406));
#3347=IFCAXIS2PLACEMENT3D(#3344,#3345,#3346);
#3348=IFCDIRECTION((0.,0.,1.));
#3349=IFCEXTRUDEDAREASOLID(#3343,#3347,#3348,0.20615528128088317);
#3350=IFCCARTESIANPOINT((0.,0.));
#3351=IFCDIRECTION((1.,0.));
#3352=IFCAXIS2PLACEMENT2D(#3350,#3351);
#3353=IFCCIRCLEPROFILEDEF(.AREA.,$,#3352,0.012);
#3354=IFCCARTESIANPOINT((-0.6734541020297441,1.1865624786698505,7.16));
#3355=IFCDIRECTION((0.10019254109277272,0.22087323088400193,0.9701425001453321));
#3356=IFCDIRECTION((0.,0.9750488806080485,-0.22199027101427554));
#3357=IFCAXIS2PLACEMENT3D(#3354,#3355,#3356);
#3358=IFCDIRECTION((0.,0.,1.));
#3359=IFCEXTRUDEDAREASOLID(#3353,#3357,#3358,0.20615528128088317);
#3360=IFCCARTESIANPOINT((0.,0.));
#3361=IFCDIRECTION((1.,0.));
#3362=IFCAXIS2PLACEMENT2D(#3360,#3361);
#3363=IFCCIRCLEPROFILEDEF(.AREA.,$,#3362,0.012);
#3364=IFCCARTESIANPOINT((-0.826443317675593,1.19163765365641,7.16));
#3365=IFCDIRECTION((-0.08533413410964714,0.22702778457167036,0.9701425001453322));
#3366=IFCDIRECTION((0.,0.9736941564444499,-0.2278589250082845));
#3367=IFCAXIS2PLACEMENT3D(#3364,#3365,#3366);
#3368=IFCDIRECTION((0.,0.,1.));
#3369=IFCEXTRUDEDAREASOLID(#3363,#3367,#3368,0.20615528128088315);
#3370=IFCSTYLEDITEM(#3259,(#38),$);
#3371=IFCSTYLEDITEM(#3279,(#38),$);
#3372=IFCSTYLEDITEM(#3289,(#38),$);
#3373=IFCSTYLEDITEM(#3299,(#38),$);
#3374=IFCSTYLEDITEM(#3309,(#38),$);
#3375=IFCSTYLEDITEM(#3319,(#38),$);
#3376=IFCSTYLEDITEM(#3329,(#38),$);
#3377=IFCSTYLEDITEM(#3339,(#38),$);
#3378=IFCSTYLEDITEM(#3349,(#38),$);
#3379=IFCSTYLEDITEM(#3359,(#38),$);
#3380=IFCSTYLEDITEM(#3369,(#38),$);
#3381=IFCSHAPEREPRESENTATION(#16,'Body','SweptSolid',(#3259,#3279,#3289,#3299,#3309,#3319,#3329,#3339,#3349,#3359,#3369));
#3382=IFCPRODUCTDEFINITIONSHAPE($,$,(#3381));
#3383=IFCLOCALPLACEMENT(#23,#13);
#3384=IFCMEMBER('15dGCQ8p9DaO3NqISh6MQU',#5,'Corona 1 \X2\00B7\X0\ Crown',$,'Cast crown with eight points and finial over the post',#3383,#3382,'PFAL-MEM-006',.USERDEFINED.);
#3385=IFCRELASSOCIATESMATERIAL('0F_MGHJDbASPG19QkI$bv3',#5,$,$,(#3384),#39);
#3386=IFCPROPERTYSINGLEVALUE('Reference',$,IFCLABEL('Cast crown with eight points and finial over the post'),$);
#3387=IFCPROPERTYSINGLEVALUE('IsExternal',$,IFCBOOLEAN(.T.),$);
#3388=IFCPROPERTYSINGLEVALUE('Status',$,IFCLABEL('EXISTING'),$);
#3389=IFCPROPERTYSET('24eF_nBcXCaeQ9t$XlwpXJ',#5,'Pset_MemberCommon',$,(#3386,#3387,#3388));
#3390=IFCRELDEFINESBYPROPERTIES('0yxk_k2bj4aeklpJEi9jGP',#5,$,$,(#3384),#3389);
#3391=IFCPROPERTYSINGLEVALUE('Material',$,IFCLABEL('Wrought and cast iron, painted dark brown-black'),$);
#3392=IFCPROPERTYSINGLEVALUE('Category',$,IFCLABEL('Iron'),$);
#3393=IFCPROPERTYSINGLEVALUE('Description',$,IFCLABEL('Forged scrollwork and cast parts, the near-black brown of the Passeig''s 1906 ironwork'),$);
#3394=IFCPROPERTYSINGLEVALUE('MassDensity_kg_m3',$,IFCREAL(7600.),$);
#3395=IFCPROPERTYSET('0CJb69MfP6Xw49vem7QGWf',#5,'Pset_CDE_Material',$,(#3391,#3392,#3393,#3394));
#3396=IFCRELDEFINESBYPROPERTIES('0TZRFt_LrCU8CdZZgzobey',#5,$,$,(#3384),#3395);
#3397=IFCPROPERTYSINGLEVALUE('GeometrySource',$,IFCLABEL('Ornament simplified to rings, discs and bars; layout after photographs'),$);
#3398=IFCPROPERTYSINGLEVALUE('Confidence',$,IFCLABEL('Low'),$);
#3399=IFCPROPERTYSINGLEVALUE('Reference',$,IFCLABEL('Commons \X2\00AB\X0\Banc-fanal del passeig de Gr\X2\00E0\X0\cia.jpg\X2\00BB\X0\, \X2\00AB\X0\109 Banc fanal del passeig de Gr\X2\00E0\X0\cia (Barcelona).jpg\X2\00BB\X0\'),$);
#3400=IFCPROPERTYSET('0ae6$wgVP7selqJIeZV$Nw',#5,'Pset_CDE_Provenance',$,(#3397,#3398,#3399));
#3401=IFCRELDEFINESBYPROPERTIES('0KHpDW7BHFmhKO0O5FfrOU',#5,$,$,(#3384),#3400);
#3402=IFCPROPERTYSINGLEVALUE('Height_mm',$,IFCINTEGER(600),$);
#3403=IFCPROPERTYSET('0Tj6scJ3L5uuVLmrSNPgBx',#5,'Pset_CDE_Specification',$,(#3402));
#3404=IFCRELDEFINESBYPROPERTIES('3oggsKUD5149aajaVHJ8R4',#5,$,$,(#3384),#3403);
#3405=IFCPROPERTYSINGLEVALUE('DataStatus',$,IFCLABEL('Illustrative demo values \X2\2014\X0\ not the owner''s as-built register'),$);
#3406=IFCPROPERTYSINGLEVALUE('AssetOwner',$,IFCLABEL('Ajuntament de Barcelona \X2\2014\X0\ public lighting (demo)'),$);
#3407=IFCPROPERTYSINGLEVALUE('Manufacturer',$,IFCLABEL('Original ironwork, 1906 (workshop not recorded here)'),$);
#3408=IFCPROPERTYSINGLEVALUE('Model',$,IFCLABEL('Banc-fanal, municipal model by Pere Falqu\X2\00E9\X0\s i Urp\X2\00ED\X0\ (1906)'),$);
#3409=IFCPROPERTYSINGLEVALUE('SerialNumber',$,IFCLABEL('BCN-ENL-PGR-008'),$);
#3410=IFCPROPERTYSINGLEVALUE('LifecycleStatus',$,IFCLABEL('In service'),$);
#3411=IFCPROPERTYSINGLEVALUE('InstallationYear',$,IFCINTEGER(2019),$);
#3412=IFCPROPERTYSINGLEVALUE('LastInspection',$,IFCLABEL('2026-06-17'),$);
#3413=IFCPROPERTYSINGLEVALUE('InspectionInterval_months',$,IFCINTEGER(12),$);
#3414=IFCPROPERTYSINGLEVALUE('NextInspection',$,IFCLABEL('2027-06-17'),$);
#3415=IFCPROPERTYSINGLEVALUE('ConditionIndex_1to5',$,IFCINTEGER(4),$);
#3416=IFCPROPERTYSINGLEVALUE('WarrantyEnd',$,IFCLABEL('2024-12-31 (expired)'),$);
#3417=IFCPROPERTYSINGLEVALUE('MaintenanceContractor',$,IFCLABEL('Demo contractor \X2\2014\X0\ public lighting'),$);
#3418=IFCPROPERTYSINGLEVALUE('MaintenanceStrategy',$,IFCLABEL('Condition-based'),$);
#3419=IFCPROPERTYSET('39lqkFHLrExBDhCZjYFPY1',#5,'Pset_CDE_AssetManagement (demo)',$,(#3405,#3406,#3407,#3408,#3409,#3410,#3411,#3412,#3413,#3414,#3415,#3416,#3417,#3418));
#3420=IFCRELDEFINESBYPROPERTIES('1Zp5hpS9n0Iw72iMeouWNN',#5,$,$,(#3384),#3419);
#3421=IFCCARTESIANPOINT((0.,0.));
#3422=IFCDIRECTION((1.,0.));
#3423=IFCAXIS2PLACEMENT2D(#3421,#3422);
#3424=IFCCIRCLEPROFILEDEF(.AREA.,$,#3423,0.008);
#3425=IFCCARTESIANPOINT((1.4304010877839062,-1.3320935386777915,5.8));
#3426=IFCDIRECTION((0.,0.,1.));
#3427=IFCDIRECTION((0.,1.,0.));
#3428=IFCAXIS2PLACEMENT3D(#3425,#3426,#3427);
#3429=IFCDIRECTION((0.,0.,1.));
#3430=IFCEXTRUDEDAREASOLID(#3424,#3428,#3429,0.20000000000000018);
#3431=IFCCARTESIANPOINT((1.4304010877839062,-1.3320935386777915,5.25));
#3432=IFCDIRECTION((0.,-1.,0.));
#3433=IFCDIRECTION((1.,0.,0.));
#3434=IFCAXIS2PLACEMENT3D(#3431,#3432,#3433);
#3435=IFCCARTESIANPOINT((0.,0.));
#3436=IFCCARTESIANPOINT((0.17,0.));
#3437=IFCCARTESIANPOINT((0.17,0.025));
#3438=IFCCARTESIANPOINT((0.07,0.06));
#3439=IFCCARTESIANPOINT((0.065,0.12));
#3440=IFCCARTESIANPOINT((0.08,0.14));
#3441=IFCCARTESIANPOINT((0.065,0.16));
#3442=IFCCARTESIANPOINT((0.065,0.42));
#3443=IFCCARTESIANPOINT((0.08,0.44));
#3444=IFCCARTESIANPOINT((0.04,0.55));
#3445=IFCCARTESIANPOINT((0.,0.55));
#3446=IFCCARTESIANPOINT((0.,0.));
#3447=IFCPOLYLINE((#3435,#3436,#3437,#3438,#3439,#3440,#3441,#3442,#3443,#3444,#3445,#3446));
#3448=IFCARBITRARYCLOSEDPROFILEDEF(.AREA.,$,#3447);
#3449=IFCCARTESIANPOINT((0.,0.,0.));
#3450=IFCDIRECTION((0.,1.,0.));
#3451=IFCAXIS1PLACEMENT(#3449,#3450);
#3452=IFCREVOLVEDAREASOLID(#3448,#3434,#3451,6.283185307179586);
#3453=IFCSTYLEDITEM(#3430,(#38),$);
#3454=IFCSTYLEDITEM(#3452,(#38),$);
#3455=IFCSHAPEREPRESENTATION(#16,'Body','SweptSolid',(#3430,#3452));
#3456=IFCPRODUCTDEFINITIONSHAPE($,$,(#3455));
#3457=IFCLOCALPLACEMENT(#23,#13);
#3458=IFCMEMBER('1buv_eqGXCguicED4kwwxk',#5,'Cos de la lanterna 1.1 \X2\00B7\X0\ Lantern body (upper, long arm)',$,'Cylindrical cast lantern body with ribs and a flat shade',#3457,#3456,'PFAL-MEM-007',.USERDEFINED.);
#3459=IFCRELASSOCIATESMATERIAL('1qpYCJdfr0WwFS5jT2Ek3_',#5,$,$,(#3458),#39);
#3460=IFCPROPERTYSINGLEVALUE('Reference',$,IFCLABEL('Cylindrical cast lantern body with ribs and a flat shade'),$);
#3461=IFCPROPERTYSINGLEVALUE('IsExternal',$,IFCBOOLEAN(.T.),$);
#3462=IFCPROPERTYSINGLEVALUE('Status',$,IFCLABEL('EXISTING'),$);
#3463=IFCPROPERTYSET('3ChhkUZqX4Tew7p2jiITBF',#5,'Pset_MemberCommon',$,(#3460,#3461,#3462));
#3464=IFCRELDEFINESBYPROPERTIES('0fDrZvjrr1_eOwvyFD4ptl',#5,$,$,(#3458),#3463);
#3465=IFCPROPERTYSINGLEVALUE('Material',$,IFCLABEL('Wrought and cast iron, painted dark brown-black'),$);
#3466=IFCPROPERTYSINGLEVALUE('Category',$,IFCLABEL('Iron'),$);
#3467=IFCPROPERTYSINGLEVALUE('Description',$,IFCLABEL('Forged scrollwork and cast parts, the near-black brown of the Passeig''s 1906 ironwork'),$);
#3468=IFCPROPERTYSINGLEVALUE('MassDensity_kg_m3',$,IFCREAL(7600.),$);
#3469=IFCPROPERTYSET('21iMZstdj548NJ$teDqlhH',#5,'Pset_CDE_Material',$,(#3465,#3466,#3467,#3468));
#3470=IFCRELDEFINESBYPROPERTIES('2fIyI8jRz4WPpn2gOR2tkc',#5,$,$,(#3458),#3469);
#3471=IFCPROPERTYSINGLEVALUE('GeometrySource',$,IFCLABEL('Form from Wikimedia Commons photographs; dimensions estimated; position in a gap of the OSM island tree row'),$);
#3472=IFCPROPERTYSINGLEVALUE('Confidence',$,IFCLABEL('Medium'),$);
#3473=IFCPROPERTYSINGLEVALUE('Reference',$,IFCLABEL('Commons Category:Fanals-bancs (\X2\00AB\X0\Banc-fanal del passeig de Gr\X2\00E0\X0\cia.jpg\X2\00BB\X0\, \X2\00AB\X0\109 Banc fanal\X2\202600BB\X0\, \X2\00AB\X0\035 Banc de trencad\X2\00ED\X0\s\X2\202600BB\X0\); OSM tree nodes 12633020995/96 and 12633020992/93 (ODbL)'),$);
#3474=IFCPROPERTYSET('0DJfSw7EX8QASD9AuDWza$',#5,'Pset_CDE_Provenance',$,(#3471,#3472,#3473));
#3475=IFCRELDEFINESBYPROPERTIES('0j0Zuw7wDECBY8lXjoX4P6',#5,$,$,(#3458),#3474);
#3476=IFCPROPERTYSINGLEVALUE('Height_mm',$,IFCINTEGER(550),$);
#3477=IFCPROPERTYSINGLEVALUE('ShadeDiameter_mm',$,IFCINTEGER(340),$);
#3478=IFCPROPERTYSET('1oKEzaalj5YgZoTzc0ePcr',#5,'Pset_CDE_Specification',$,(#3476,#3477));
#3479=IFCRELDEFINESBYPROPERTIES('3JSASBL2v9YBLuIL8Bz0Om',#5,$,$,(#3458),#3478);
#3480=IFCPROPERTYSINGLEVALUE('DataStatus',$,IFCLABEL('Illustrative demo values \X2\2014\X0\ not the owner''s as-built register'),$);
#3481=IFCPROPERTYSINGLEVALUE('AssetOwner',$,IFCLABEL('Ajuntament de Barcelona \X2\2014\X0\ public lighting (demo)'),$);
#3482=IFCPROPERTYSINGLEVALUE('Manufacturer',$,IFCLABEL('Demo heritage-lantern maker'),$);
#3483=IFCPROPERTYSINGLEVALUE('Model',$,IFCLABEL('Falqu\X2\00E9\X0\s lantern, replica'),$);
#3484=IFCPROPERTYSINGLEVALUE('SerialNumber',$,IFCLABEL('BCN-ENL-PGR-009'),$);
#3485=IFCPROPERTYSINGLEVALUE('LifecycleStatus',$,IFCLABEL('In service'),$);
#3486=IFCPROPERTYSINGLEVALUE('InstallationYear',$,IFCINTEGER(2019),$);
#3487=IFCPROPERTYSINGLEVALUE('LastInspection',$,IFCLABEL('2026-06-17'),$);
#3488=IFCPROPERTYSINGLEVALUE('InspectionInterval_months',$,IFCINTEGER(12),$);
#3489=IFCPROPERTYSINGLEVALUE('NextInspection',$,IFCLABEL('2027-06-17'),$);
#3490=IFCPROPERTYSINGLEVALUE('ConditionIndex_1to5',$,IFCINTEGER(4),$);
#3491=IFCPROPERTYSINGLEVALUE('WarrantyEnd',$,IFCLABEL('2024-12-31 (expired)'),$);
#3492=IFCPROPERTYSINGLEVALUE('MaintenanceContractor',$,IFCLABEL('Demo contractor \X2\2014\X0\ public lighting'),$);
#3493=IFCPROPERTYSINGLEVALUE('MaintenanceStrategy',$,IFCLABEL('Condition-based'),$);
#3494=IFCPROPERTYSET('1_qVXInkv9yA_Pl3WWYjhz',#5,'Pset_CDE_AssetManagement (demo)',$,(#3480,#3481,#3482,#3483,#3484,#3485,#3486,#3487,#3488,#3489,#3490,#3491,#3492,#3493));
#3495=IFCRELDEFINESBYPROPERTIES('1cGI$I7jT4kAbQIch5Qb8i',#5,$,$,(#3458),#3494);
#3496=IFCCARTESIANPOINT((1.4304010877839062,-1.3320935386777915,5.14));
#3497=IFCDIRECTION((0.,-1.,0.));
#3498=IFCDIRECTION((1.,0.,0.));
#3499=IFCAXIS2PLACEMENT3D(#3496,#3497,#3498);
#3500=IFCCARTESIANPOINT((0.,-0.12));
#3501=IFCCARTESIANPOINT((0.037082039324993696,-0.11412678195541842));
#3502=IFCCARTESIANPOINT((0.07053423027509677,-0.0970820393249937));
#3503=IFCCARTESIANPOINT((0.0970820393249937,-0.07053423027509677));
#3504=IFCCARTESIANPOINT((0.11412678195541842,-0.03708203932499369));
#3505=IFCCARTESIANPOINT((0.12,0.));
#3506=IFCCARTESIANPOINT((0.11412678195541842,0.03708203932499369));
#3507=IFCCARTESIANPOINT((0.0970820393249937,0.07053423027509677));
#3508=IFCCARTESIANPOINT((0.07053423027509677,0.0970820393249937));
#3509=IFCCARTESIANPOINT((0.037082039324993696,0.11412678195541842));
#3510=IFCCARTESIANPOINT((0.,0.12));
#3511=IFCCARTESIANPOINT((0.,-0.12));
#3512=IFCPOLYLINE((#3500,#3501,#3502,#3503,#3504,#3505,#3506,#3507,#3508,#3509,#3510,#3511));
#3513=IFCARBITRARYCLOSEDPROFILEDEF(.AREA.,$,#3512);
#3514=IFCCARTESIANPOINT((0.,0.,0.));
#3515=IFCDIRECTION((0.,1.,0.));
#3516=IFCAXIS1PLACEMENT(#3514,#3515);
#3517=IFCREVOLVEDAREASOLID(#3513,#3499,#3516,6.283185307179586);
#3518=IFCSTYLEDITEM(#3517,(#56),$);
#3519=IFCSHAPEREPRESENTATION(#16,'Body','SweptSolid',(#3517));
#3520=IFCPRODUCTDEFINITIONSHAPE($,$,(#3519));
#3521=IFCLOCALPLACEMENT(#23,#13);
#3522=IFCLIGHTFIXTURE('3AONMQrbXC8PvCSWtWGCJm',#5,'Globus 1.1 \X2\00B7\X0\ Glass globe (upper, long arm)',$,'Opal glass globe \X2\00D8\X0\240 under the shade',#3521,#3520,'PFAL-LGT-001',.POINTSOURCE.);
#3523=IFCRELASSOCIATESMATERIAL('03hjPIsFn4vfyjD0rLvjaA',#5,$,$,(#3522),#57);
#3524=IFCPROPERTYSINGLEVALUE('Reference',$,IFCLABEL('Opal glass globe \X2\00D8\X0\240 under the shade'),$);
#3525=IFCPROPERTYSINGLEVALUE('Status',$,IFCLABEL('EXISTING'),$);
#3526=IFCPROPERTYSET('1yZve0Ap97MwZRNnCba6J3',#5,'Pset_LightFixtureTypeCommon',$,(#3524,#3525));
#3527=IFCRELDEFINESBYPROPERTIES('0ZjjVZuST0Fg5jCbe$GfxH',#5,$,$,(#3522),#3526);
#3528=IFCPROPERTYSINGLEVALUE('Material',$,IFCLABEL('Opal glass globe'),$);
#3529=IFCPROPERTYSINGLEVALUE('Category',$,IFCLABEL('Glass'),$);
#3530=IFCPROPERTYSINGLEVALUE('MassDensity_kg_m3',$,IFCREAL(2500.),$);
#3531=IFCPROPERTYSET('34OJ78UTzC7g_0YmXq21wd',#5,'Pset_CDE_Material',$,(#3528,#3529,#3530));
#3532=IFCRELDEFINESBYPROPERTIES('3m2G0wMTb9n9Eo7PgkK$XG',#5,$,$,(#3522),#3531);
#3533=IFCPROPERTYSINGLEVALUE('GeometrySource',$,IFCLABEL('Form from Wikimedia Commons photographs; dimensions estimated; position in a gap of the OSM island tree row'),$);
#3534=IFCPROPERTYSINGLEVALUE('Confidence',$,IFCLABEL('Medium'),$);
#3535=IFCPROPERTYSINGLEVALUE('Reference',$,IFCLABEL('Commons Category:Fanals-bancs (\X2\00AB\X0\Banc-fanal del passeig de Gr\X2\00E0\X0\cia.jpg\X2\00BB\X0\, \X2\00AB\X0\109 Banc fanal\X2\202600BB\X0\, \X2\00AB\X0\035 Banc de trencad\X2\00ED\X0\s\X2\202600BB\X0\); OSM tree nodes 12633020995/96 and 12633020992/93 (ODbL)'),$);
#3536=IFCPROPERTYSET('29nWTRL$H6wP_JXsrGWWQJ',#5,'Pset_CDE_Provenance',$,(#3533,#3534,#3535));
#3537=IFCRELDEFINESBYPROPERTIES('0_Lkfb6RHFYOWTsN83Er69',#5,$,$,(#3522),#3536);
#3538=IFCPROPERTYSINGLEVALUE('IngressProtection',$,IFCLABEL('IP54'),$);
#3539=IFCPROPERTYSINGLEVALUE('Glazing',$,IFCLABEL('Opal blown glass, net-pattern relief'),$);
#3540=IFCPROPERTYSET('1xZfXmyzfFXe_80GMIjgih',#5,'Pset_CDE_Specification',$,(#3538,#3539));
#3541=IFCRELDEFINESBYPROPERTIES('1_Py_hmw10bOyIrLZh1TMH',#5,$,$,(#3522),#3540);
#3542=IFCPROPERTYSINGLEVALUE('DataStatus',$,IFCLABEL('Illustrative demo values \X2\2014\X0\ not the owner''s as-built register'),$);
#3543=IFCPROPERTYSINGLEVALUE('AssetOwner',$,IFCLABEL('Ajuntament de Barcelona \X2\2014\X0\ public lighting (demo)'),$);
#3544=IFCPROPERTYSINGLEVALUE('Manufacturer',$,IFCLABEL('Demo glassworks'),$);
#3545=IFCPROPERTYSINGLEVALUE('Model',$,IFCLABEL('Opal globe \X2\00D8\X0\240'),$);
#3546=IFCPROPERTYSINGLEVALUE('SerialNumber',$,IFCLABEL('BCN-ENL-PGR-010'),$);
#3547=IFCPROPERTYSINGLEVALUE('LifecycleStatus',$,IFCLABEL('In service'),$);
#3548=IFCPROPERTYSINGLEVALUE('InstallationYear',$,IFCINTEGER(2019),$);
#3549=IFCPROPERTYSINGLEVALUE('LastInspection',$,IFCLABEL('2026-06-17'),$);
#3550=IFCPROPERTYSINGLEVALUE('InspectionInterval_months',$,IFCINTEGER(12),$);
#3551=IFCPROPERTYSINGLEVALUE('NextInspection',$,IFCLABEL('2027-06-17'),$);
#3552=IFCPROPERTYSINGLEVALUE('ConditionIndex_1to5',$,IFCINTEGER(4),$);
#3553=IFCPROPERTYSINGLEVALUE('WarrantyEnd',$,IFCLABEL('2024-12-31 (expired)'),$);
#3554=IFCPROPERTYSINGLEVALUE('MaintenanceContractor',$,IFCLABEL('Demo contractor \X2\2014\X0\ public lighting'),$);
#3555=IFCPROPERTYSINGLEVALUE('MaintenanceStrategy',$,IFCLABEL('Condition-based'),$);
#3556=IFCPROPERTYSET('1lFArZz$P7c9VbN6IW3Swe',#5,'Pset_CDE_AssetManagement (demo)',$,(#3542,#3543,#3544,#3545,#3546,#3547,#3548,#3549,#3550,#3551,#3552,#3553,#3554,#3555));
#3557=IFCRELDEFINESBYPROPERTIES('1pGfG5SrL3M8iZ2FL0N1ov',#5,$,$,(#3522),#3556);
#3558=IFCCARTESIANPOINT((1.4304010877839062,-1.3320935386777915,5.15));
#3559=IFCDIRECTION((0.,-1.,0.));
#3560=IFCDIRECTION((1.,0.,0.));
#3561=IFCAXIS2PLACEMENT3D(#3558,#3559,#3560);
#3562=IFCCARTESIANPOINT((0.,-0.045));
#3563=IFCCARTESIANPOINT((0.01722075445642904,-0.041574578963007904));
#3564=IFCCARTESIANPOINT((0.03181980515339464,-0.03181980515339464));
#3565=IFCCARTESIANPOINT((0.041574578963007904,-0.017220754456429038));
#3566=IFCCARTESIANPOINT((0.045,0.));
#3567=IFCCARTESIANPOINT((0.041574578963007904,0.017220754456429038));
#3568=IFCCARTESIANPOINT((0.03181980515339464,0.03181980515339464));
#3569=IFCCARTESIANPOINT((0.01722075445642904,0.041574578963007904));
#3570=IFCCARTESIANPOINT((0.,0.045));
#3571=IFCCARTESIANPOINT((0.,-0.045));
#3572=IFCPOLYLINE((#3562,#3563,#3564,#3565,#3566,#3567,#3568,#3569,#3570,#3571));
#3573=IFCARBITRARYCLOSEDPROFILEDEF(.AREA.,$,#3572);
#3574=IFCCARTESIANPOINT((0.,0.,0.));
#3575=IFCDIRECTION((0.,1.,0.));
#3576=IFCAXIS1PLACEMENT(#3574,#3575);
#3577=IFCREVOLVEDAREASOLID(#3573,#3561,#3576,6.283185307179586);
#3578=IFCSTYLEDITEM(#3577,(#65),$);
#3579=IFCSHAPEREPRESENTATION(#16,'Body','SweptSolid',(#3577));
#3580=IFCPRODUCTDEFINITIONSHAPE($,$,(#3579));
#3581=IFCLOCALPLACEMENT(#23,#13);
#3582=IFCLAMP('0_enQXzrX8Ohc00__j33YB',#5,'L\X2\00E0\X0\mpada LED 1.1 \X2\00B7\X0\ LED lamp (upper, long arm)',$,'LED retrofit lamp 30 W, 3000 K',#3581,#3580,'PFAL-ELM-005',.LED.);
#3583=IFCRELASSOCIATESMATERIAL('37LkYSL0H9LuDxMSj3y8e3',#5,$,$,(#3582),#66);
#3584=IFCPROPERTYSINGLEVALUE('Material',$,IFCLABEL('LED lamp, warm white diffuser'),$);
#3585=IFCPROPERTYSINGLEVALUE('Category',$,IFCLABEL('Plastic'),$);
#3586=IFCPROPERTYSINGLEVALUE('MassDensity_kg_m3',$,IFCREAL(1200.),$);
#3587=IFCPROPERTYSET('3wVRMsvrr7tf3EvJdE1gxg',#5,'Pset_CDE_Material',$,(#3584,#3585,#3586));
#3588=IFCRELDEFINESBYPROPERTIES('3U4dQLeWX1Xe2I_9bKAjjA',#5,$,$,(#3582),#3587);
#3589=IFCPROPERTYSINGLEVALUE('GeometrySource',$,IFCLABEL('Typical dimensions and detailing for Barcelona street lighting; not visible in any open source'),$);
#3590=IFCPROPERTYSINGLEVALUE('Confidence',$,IFCLABEL('Low'),$);
#3591=IFCPROPERTYSET('1kAmKKW0rAiPGsKvqliuDF',#5,'Pset_CDE_Provenance',$,(#3589,#3590));
#3592=IFCRELDEFINESBYPROPERTIES('2H10$g5FL8yurzu7yYSLX_',#5,$,$,(#3582),#3591);
#3593=IFCPROPERTYSINGLEVALUE('Power_W',$,IFCINTEGER(30),$);
#3594=IFCPROPERTYSINGLEVALUE('ColourTemperature_K',$,IFCINTEGER(3000),$);
#3595=IFCPROPERTYSINGLEVALUE('LuminousFlux_lm',$,IFCINTEGER(3300),$);
#3596=IFCPROPERTYSINGLEVALUE('Driver',$,IFCLABEL('DALI, dimmed 50 % after 00:00'),$);
#3597=IFCPROPERTYSET('3jeU6XFYb0AhDdUXdYbdVI',#5,'Pset_CDE_Specification',$,(#3593,#3594,#3595,#3596));
#3598=IFCRELDEFINESBYPROPERTIES('3hMjYFbzz6ygmdn_xEX0w7',#5,$,$,(#3582),#3597);
#3599=IFCPROPERTYSINGLEVALUE('DataStatus',$,IFCLABEL('Illustrative demo values \X2\2014\X0\ not the owner''s as-built register'),$);
#3600=IFCPROPERTYSINGLEVALUE('AssetOwner',$,IFCLABEL('Ajuntament de Barcelona \X2\2014\X0\ public lighting (demo)'),$);
#3601=IFCPROPERTYSINGLEVALUE('Manufacturer',$,IFCLABEL('Demo LED manufacturer'),$);
#3602=IFCPROPERTYSINGLEVALUE('Model',$,IFCLABEL('LED retrofit E27 30 W'),$);
#3603=IFCPROPERTYSINGLEVALUE('SerialNumber',$,IFCLABEL('BCN-ENL-PGR-011'),$);
#3604=IFCPROPERTYSINGLEVALUE('LifecycleStatus',$,IFCLABEL('In service'),$);
#3605=IFCPROPERTYSINGLEVALUE('InstallationYear',$,IFCINTEGER(2019),$);
#3606=IFCPROPERTYSINGLEVALUE('LastInspection',$,IFCLABEL('2026-06-17'),$);
#3607=IFCPROPERTYSINGLEVALUE('InspectionInterval_months',$,IFCINTEGER(12),$);
#3608=IFCPROPERTYSINGLEVALUE('NextInspection',$,IFCLABEL('2027-06-17'),$);
#3609=IFCPROPERTYSINGLEVALUE('ConditionIndex_1to5',$,IFCINTEGER(5),$);
#3610=IFCPROPERTYSINGLEVALUE('WarrantyEnd',$,IFCLABEL('2024-12-31 (expired)'),$);
#3611=IFCPROPERTYSINGLEVALUE('MaintenanceContractor',$,IFCLABEL('Demo contractor \X2\2014\X0\ public lighting'),$);
#3612=IFCPROPERTYSINGLEVALUE('MaintenanceStrategy',$,IFCLABEL('Condition-based'),$);
#3613=IFCPROPERTYSINGLEVALUE('BurningHours',$,IFCINTEGER(26271),$);
#3614=IFCPROPERTYSET('3rbMIUCYH2c9A96c3i7ukH',#5,'Pset_CDE_AssetManagement (demo)',$,(#3599,#3600,#3601,#3602,#3603,#3604,#3605,#3606,#3607,#3608,#3609,#3610,#3611,#3612,#3613));
#3615=IFCRELDEFINESBYPROPERTIES('0$Y8$9dl5F4ueYl5ybmzkw',#5,$,$,(#3582),#3614);
#3616=IFCCARTESIANPOINT((0.,0.));
#3617=IFCDIRECTION((1.,0.));
#3618=IFCAXIS2PLACEMENT2D(#3616,#3617);
#3619=IFCCIRCLEPROFILEDEF(.AREA.,$,#3618,0.008);
#3620=IFCCARTESIANPOINT((-1.2821957937288682,1.566650699506594,4.45));
#3621=IFCDIRECTION((0.,0.,1.));
#3622=IFCDIRECTION((0.,1.,0.));
#3623=IFCAXIS2PLACEMENT3D(#3620,#3621,#3622);
#3624=IFCDIRECTION((0.,0.,1.));
#3625=IFCEXTRUDEDAREASOLID(#3619,#3623,#3624,0.20999999999999996);
#3626=IFCCARTESIANPOINT((-1.2821957937288682,1.566650699506594,3.9));
#3627=IFCDIRECTION((0.,-1.,0.));
#3628=IFCDIRECTION((1.,0.,0.));
#3629=IFCAXIS2PLACEMENT3D(#3626,#3627,#3628);
#3630=IFCCARTESIANPOINT((0.,0.));
#3631=IFCCARTESIANPOINT((0.17,0.));
#3632=IFCCARTESIANPOINT((0.17,0.025));
#3633=IFCCARTESIANPOINT((0.07,0.06));
#3634=IFCCARTESIANPOINT((0.065,0.12));
#3635=IFCCARTESIANPOINT((0.08,0.14));
#3636=IFCCARTESIANPOINT((0.065,0.16));
#3637=IFCCARTESIANPOINT((0.065,0.42));
#3638=IFCCARTESIANPOINT((0.08,0.44));
#3639=IFCCARTESIANPOINT((0.04,0.55));
#3640=IFCCARTESIANPOINT((0.,0.55));
#3641=IFCCARTESIANPOINT((0.,0.));
#3642=IFCPOLYLINE((#3630,#3631,#3632,#3633,#3634,#3635,#3636,#3637,#3638,#3639,#3640,#3641));
#3643=IFCARBITRARYCLOSEDPROFILEDEF(.AREA.,$,#3642);
#3644=IFCCARTESIANPOINT((0.,0.,0.));
#3645=IFCDIRECTION((0.,1.,0.));
#3646=IFCAXIS1PLACEMENT(#3644,#3645);
#3647=IFCREVOLVEDAREASOLID(#3643,#3629,#3646,6.283185307179586);
#3648=IFCSTYLEDITEM(#3625,(#38),$);
#3649=IFCSTYLEDITEM(#3647,(#38),$);
#3650=IFCSHAPEREPRESENTATION(#16,'Body','SweptSolid',(#3625,#3647));
#3651=IFCPRODUCTDEFINITIONSHAPE($,$,(#3650));
#3652=IFCLOCALPLACEMENT(#23,#13);
#3653=IFCMEMBER('0GMM7cBTDCDevntjVItocy',#5,'Cos de la lanterna 1.2 \X2\00B7\X0\ Lantern body (lower, short arm)',$,'Cylindrical cast lantern body with ribs and a flat shade',#3652,#3651,'PFAL-MEM-008',.USERDEFINED.);
#3654=IFCRELASSOCIATESMATERIAL('0_VrtARXD6_xBvrajT_bvS',#5,$,$,(#3653),#39);
#3655=IFCPROPERTYSINGLEVALUE('Reference',$,IFCLABEL('Cylindrical cast lantern body with ribs and a flat shade'),$);
#3656=IFCPROPERTYSINGLEVALUE('IsExternal',$,IFCBOOLEAN(.T.),$);
#3657=IFCPROPERTYSINGLEVALUE('Status',$,IFCLABEL('EXISTING'),$);
#3658=IFCPROPERTYSET('1LTjIa8AzAFAsZYVmAn449',#5,'Pset_MemberCommon',$,(#3655,#3656,#3657));
#3659=IFCRELDEFINESBYPROPERTIES('0HE9$nNWn5GwWbtndyon2w',#5,$,$,(#3653),#3658);
#3660=IFCPROPERTYSINGLEVALUE('Material',$,IFCLABEL('Wrought and cast iron, painted dark brown-black'),$);
#3661=IFCPROPERTYSINGLEVALUE('Category',$,IFCLABEL('Iron'),$);
#3662=IFCPROPERTYSINGLEVALUE('Description',$,IFCLABEL('Forged scrollwork and cast parts, the near-black brown of the Passeig''s 1906 ironwork'),$);
#3663=IFCPROPERTYSINGLEVALUE('MassDensity_kg_m3',$,IFCREAL(7600.),$);
#3664=IFCPROPERTYSET('2vximG8E96rABvWNk_arA9',#5,'Pset_CDE_Material',$,(#3660,#3661,#3662,#3663));
#3665=IFCRELDEFINESBYPROPERTIES('2xyWLPlczEZOrHFIfOG8e9',#5,$,$,(#3653),#3664);
#3666=IFCPROPERTYSINGLEVALUE('GeometrySource',$,IFCLABEL('Form from Wikimedia Commons photographs; dimensions estimated; position in a gap of the OSM island tree row'),$);
#3667=IFCPROPERTYSINGLEVALUE('Confidence',$,IFCLABEL('Medium'),$);
#3668=IFCPROPERTYSINGLEVALUE('Reference',$,IFCLABEL('Commons Category:Fanals-bancs (\X2\00AB\X0\Banc-fanal del passeig de Gr\X2\00E0\X0\cia.jpg\X2\00BB\X0\, \X2\00AB\X0\109 Banc fanal\X2\202600BB\X0\, \X2\00AB\X0\035 Banc de trencad\X2\00ED\X0\s\X2\202600BB\X0\); OSM tree nodes 12633020995/96 and 12633020992/93 (ODbL)'),$);
#3669=IFCPROPERTYSET('0amDkty6r6RQYBKt66S8ge',#5,'Pset_CDE_Provenance',$,(#3666,#3667,#3668));
#3670=IFCRELDEFINESBYPROPERTIES('0_Qln9lhb29hbBqlJaj$j$',#5,$,$,(#3653),#3669);
#3671=IFCPROPERTYSINGLEVALUE('Height_mm',$,IFCINTEGER(550),$);
#3672=IFCPROPERTYSINGLEVALUE('ShadeDiameter_mm',$,IFCINTEGER(340),$);
#3673=IFCPROPERTYSET('2xuPUd4YLAUOXOvf0wkaqi',#5,'Pset_CDE_Specification',$,(#3671,#3672));
#3674=IFCRELDEFINESBYPROPERTIES('1c9eJG0$T1rfDb7agPeCdl',#5,$,$,(#3653),#3673);
#3675=IFCPROPERTYSINGLEVALUE('DataStatus',$,IFCLABEL('Illustrative demo values \X2\2014\X0\ not the owner''s as-built register'),$);
#3676=IFCPROPERTYSINGLEVALUE('AssetOwner',$,IFCLABEL('Ajuntament de Barcelona \X2\2014\X0\ public lighting (demo)'),$);
#3677=IFCPROPERTYSINGLEVALUE('Manufacturer',$,IFCLABEL('Demo heritage-lantern maker'),$);
#3678=IFCPROPERTYSINGLEVALUE('Model',$,IFCLABEL('Falqu\X2\00E9\X0\s lantern, replica'),$);
#3679=IFCPROPERTYSINGLEVALUE('SerialNumber',$,IFCLABEL('BCN-ENL-PGR-012'),$);
#3680=IFCPROPERTYSINGLEVALUE('LifecycleStatus',$,IFCLABEL('In service'),$);
#3681=IFCPROPERTYSINGLEVALUE('InstallationYear',$,IFCINTEGER(2019),$);
#3682=IFCPROPERTYSINGLEVALUE('LastInspection',$,IFCLABEL('2026-06-17'),$);
#3683=IFCPROPERTYSINGLEVALUE('InspectionInterval_months',$,IFCINTEGER(12),$);
#3684=IFCPROPERTYSINGLEVALUE('NextInspection',$,IFCLABEL('2027-06-17'),$);
#3685=IFCPROPERTYSINGLEVALUE('ConditionIndex_1to5',$,IFCINTEGER(4),$);
#3686=IFCPROPERTYSINGLEVALUE('WarrantyEnd',$,IFCLABEL('2024-12-31 (expired)'),$);
#3687=IFCPROPERTYSINGLEVALUE('MaintenanceContractor',$,IFCLABEL('Demo contractor \X2\2014\X0\ public lighting'),$);
#3688=IFCPROPERTYSINGLEVALUE('MaintenanceStrategy',$,IFCLABEL('Condition-based'),$);
#3689=IFCPROPERTYSET('0X3$vVyun5jR8RZANbhmHq',#5,'Pset_CDE_AssetManagement (demo)',$,(#3675,#3676,#3677,#3678,#3679,#3680,#3681,#3682,#3683,#3684,#3685,#3686,#3687,#3688));
#3690=IFCRELDEFINESBYPROPERTIES('0vVrAIgHj3xAa305_tA97S',#5,$,$,(#3653),#3689);
#3691=IFCCARTESIANPOINT((-1.2821957937288682,1.566650699506594,3.79));
#3692=IFCDIRECTION((0.,-1.,0.));
#3693=IFCDIRECTION((1.,0.,0.));
#3694=IFCAXIS2PLACEMENT3D(#3691,#3692,#3693);
#3695=IFCCARTESIANPOINT((0.,-0.12));
#3696=IFCCARTESIANPOINT((0.037082039324993696,-0.11412678195541842));
#3697=IFCCARTESIANPOINT((0.07053423027509677,-0.0970820393249937));
#3698=IFCCARTESIANPOINT((0.0970820393249937,-0.07053423027509677));
#3699=IFCCARTESIANPOINT((0.11412678195541842,-0.03708203932499369));
#3700=IFCCARTESIANPOINT((0.12,0.));
#3701=IFCCARTESIANPOINT((0.11412678195541842,0.03708203932499369));
#3702=IFCCARTESIANPOINT((0.0970820393249937,0.07053423027509677));
#3703=IFCCARTESIANPOINT((0.07053423027509677,0.0970820393249937));
#3704=IFCCARTESIANPOINT((0.037082039324993696,0.11412678195541842));
#3705=IFCCARTESIANPOINT((0.,0.12));
#3706=IFCCARTESIANPOINT((0.,-0.12));
#3707=IFCPOLYLINE((#3695,#3696,#3697,#3698,#3699,#3700,#3701,#3702,#3703,#3704,#3705,#3706));
#3708=IFCARBITRARYCLOSEDPROFILEDEF(.AREA.,$,#3707);
#3709=IFCCARTESIANPOINT((0.,0.,0.));
#3710=IFCDIRECTION((0.,1.,0.));
#3711=IFCAXIS1PLACEMENT(#3709,#3710);
#3712=IFCREVOLVEDAREASOLID(#3708,#3694,#3711,6.283185307179586);
#3713=IFCSTYLEDITEM(#3712,(#56),$);
#3714=IFCSHAPEREPRESENTATION(#16,'Body','SweptSolid',(#3712));
#3715=IFCPRODUCTDEFINITIONSHAPE($,$,(#3714));
#3716=IFCLOCALPLACEMENT(#23,#13);
#3717=IFCLIGHTFIXTURE('2u64roAuX5DhSuukP2koEh',#5,'Globus 1.2 \X2\00B7\X0\ Glass globe (lower, short arm)',$,'Opal glass globe \X2\00D8\X0\240 under the shade',#3716,#3715,'PFAL-LGT-002',.POINTSOURCE.);
#3718=IFCRELASSOCIATESMATERIAL('0Cdyo7h4DD_g$zP8Vy7ouQ',#5,$,$,(#3717),#57);
#3719=IFCPROPERTYSINGLEVALUE('Reference',$,IFCLABEL('Opal glass globe \X2\00D8\X0\240 under the shade'),$);
#3720=IFCPROPERTYSINGLEVALUE('Status',$,IFCLABEL('EXISTING'),$);
#3721=IFCPROPERTYSET('0aJW07zM19Pv6tB_66c7py',#5,'Pset_LightFixtureTypeCommon',$,(#3719,#3720));
#3722=IFCRELDEFINESBYPROPERTIES('0X5bxMsyn0xeIb3BPen8$P',#5,$,$,(#3717),#3721);
#3723=IFCPROPERTYSINGLEVALUE('Material',$,IFCLABEL('Opal glass globe'),$);
#3724=IFCPROPERTYSINGLEVALUE('Category',$,IFCLABEL('Glass'),$);
#3725=IFCPROPERTYSINGLEVALUE('MassDensity_kg_m3',$,IFCREAL(2500.),$);
#3726=IFCPROPERTYSET('30Vh8TSpL06QkVtUMn9F27',#5,'Pset_CDE_Material',$,(#3723,#3724,#3725));
#3727=IFCRELDEFINESBYPROPERTIES('1DB7D9KULFRw5kD6agHHaG',#5,$,$,(#3717),#3726);
#3728=IFCPROPERTYSINGLEVALUE('GeometrySource',$,IFCLABEL('Form from Wikimedia Commons photographs; dimensions estimated; position in a gap of the OSM island tree row'),$);
#3729=IFCPROPERTYSINGLEVALUE('Confidence',$,IFCLABEL('Medium'),$);
#3730=IFCPROPERTYSINGLEVALUE('Reference',$,IFCLABEL('Commons Category:Fanals-bancs (\X2\00AB\X0\Banc-fanal del passeig de Gr\X2\00E0\X0\cia.jpg\X2\00BB\X0\, \X2\00AB\X0\109 Banc fanal\X2\202600BB\X0\, \X2\00AB\X0\035 Banc de trencad\X2\00ED\X0\s\X2\202600BB\X0\); OSM tree nodes 12633020995/96 and 12633020992/93 (ODbL)'),$);
#3731=IFCPROPERTYSET('1i3vmJzAPD5QK5Vn0E29to',#5,'Pset_CDE_Provenance',$,(#3728,#3729,#3730));
#3732=IFCRELDEFINESBYPROPERTIES('3R_lW$J3fEpPTR5MxH$l$0',#5,$,$,(#3717),#3731);
#3733=IFCPROPERTYSINGLEVALUE('IngressProtection',$,IFCLABEL('IP54'),$);
#3734=IFCPROPERTYSINGLEVALUE('Glazing',$,IFCLABEL('Opal blown glass, net-pattern relief'),$);
#3735=IFCPROPERTYSET('38$q0Rk6b21RWJEA7GQSAY',#5,'Pset_CDE_Specification',$,(#3733,#3734));
#3736=IFCRELDEFINESBYPROPERTIES('1tyuet9qL9FBxFpYgHXFVU',#5,$,$,(#3717),#3735);
#3737=IFCPROPERTYSINGLEVALUE('DataStatus',$,IFCLABEL('Illustrative demo values \X2\2014\X0\ not the owner''s as-built register'),$);
#3738=IFCPROPERTYSINGLEVALUE('AssetOwner',$,IFCLABEL('Ajuntament de Barcelona \X2\2014\X0\ public lighting (demo)'),$);
#3739=IFCPROPERTYSINGLEVALUE('Manufacturer',$,IFCLABEL('Demo glassworks'),$);
#3740=IFCPROPERTYSINGLEVALUE('Model',$,IFCLABEL('Opal globe \X2\00D8\X0\240'),$);
#3741=IFCPROPERTYSINGLEVALUE('SerialNumber',$,IFCLABEL('BCN-ENL-PGR-013'),$);
#3742=IFCPROPERTYSINGLEVALUE('LifecycleStatus',$,IFCLABEL('In service'),$);
#3743=IFCPROPERTYSINGLEVALUE('InstallationYear',$,IFCINTEGER(2019),$);
#3744=IFCPROPERTYSINGLEVALUE('LastInspection',$,IFCLABEL('2026-06-17'),$);
#3745=IFCPROPERTYSINGLEVALUE('InspectionInterval_months',$,IFCINTEGER(12),$);
#3746=IFCPROPERTYSINGLEVALUE('NextInspection',$,IFCLABEL('2027-06-17'),$);
#3747=IFCPROPERTYSINGLEVALUE('ConditionIndex_1to5',$,IFCINTEGER(4),$);
#3748=IFCPROPERTYSINGLEVALUE('WarrantyEnd',$,IFCLABEL('2024-12-31 (expired)'),$);
#3749=IFCPROPERTYSINGLEVALUE('MaintenanceContractor',$,IFCLABEL('Demo contractor \X2\2014\X0\ public lighting'),$);
#3750=IFCPROPERTYSINGLEVALUE('MaintenanceStrategy',$,IFCLABEL('Condition-based'),$);
#3751=IFCPROPERTYSET('0x1n6mJlH3DQ4c9o7c3rrg',#5,'Pset_CDE_AssetManagement (demo)',$,(#3737,#3738,#3739,#3740,#3741,#3742,#3743,#3744,#3745,#3746,#3747,#3748,#3749,#3750));
#3752=IFCRELDEFINESBYPROPERTIES('0jo$FwFZTDmOK2hUGm1E5h',#5,$,$,(#3717),#3751);
#3753=IFCCARTESIANPOINT((-1.2821957937288682,1.566650699506594,3.8));
#3754=IFCDIRECTION((0.,-1.,0.));
#3755=IFCDIRECTION((1.,0.,0.));
#3756=IFCAXIS2PLACEMENT3D(#3753,#3754,#3755);
#3757=IFCCARTESIANPOINT((0.,-0.045));
#3758=IFCCARTESIANPOINT((0.01722075445642904,-0.041574578963007904));
#3759=IFCCARTESIANPOINT((0.03181980515339464,-0.03181980515339464));
#3760=IFCCARTESIANPOINT((0.041574578963007904,-0.017220754456429038));
#3761=IFCCARTESIANPOINT((0.045,0.));
#3762=IFCCARTESIANPOINT((0.041574578963007904,0.017220754456429038));
#3763=IFCCARTESIANPOINT((0.03181980515339464,0.03181980515339464));
#3764=IFCCARTESIANPOINT((0.01722075445642904,0.041574578963007904));
#3765=IFCCARTESIANPOINT((0.,0.045));
#3766=IFCCARTESIANPOINT((0.,-0.045));
#3767=IFCPOLYLINE((#3757,#3758,#3759,#3760,#3761,#3762,#3763,#3764,#3765,#3766));
#3768=IFCARBITRARYCLOSEDPROFILEDEF(.AREA.,$,#3767);
#3769=IFCCARTESIANPOINT((0.,0.,0.));
#3770=IFCDIRECTION((0.,1.,0.));
#3771=IFCAXIS1PLACEMENT(#3769,#3770);
#3772=IFCREVOLVEDAREASOLID(#3768,#3756,#3771,6.283185307179586);
#3773=IFCSTYLEDITEM(#3772,(#65),$);
#3774=IFCSHAPEREPRESENTATION(#16,'Body','SweptSolid',(#3772));
#3775=IFCPRODUCTDEFINITIONSHAPE($,$,(#3774));
#3776=IFCLOCALPLACEMENT(#23,#13);
#3777=IFCLAMP('0mF2vEYnHEyx7MjDXVFNls',#5,'L\X2\00E0\X0\mpada LED 1.2 \X2\00B7\X0\ LED lamp (lower, short arm)',$,'LED retrofit lamp 30 W, 3000 K',#3776,#3775,'PFAL-ELM-006',.LED.);
#3778=IFCRELASSOCIATESMATERIAL('14$AMVDJj8FxMBA3HptQ$c',#5,$,$,(#3777),#66);
#3779=IFCPROPERTYSINGLEVALUE('Material',$,IFCLABEL('LED lamp, warm white diffuser'),$);
#3780=IFCPROPERTYSINGLEVALUE('Category',$,IFCLABEL('Plastic'),$);
#3781=IFCPROPERTYSINGLEVALUE('MassDensity_kg_m3',$,IFCREAL(1200.),$);
#3782=IFCPROPERTYSET('2l44PS2bP5rh$mvP$QMAQ9',#5,'Pset_CDE_Material',$,(#3779,#3780,#3781));
#3783=IFCRELDEFINESBYPROPERTIES('0MGNurmNv68QaUUcxoOLZo',#5,$,$,(#3777),#3782);
#3784=IFCPROPERTYSINGLEVALUE('GeometrySource',$,IFCLABEL('Typical dimensions and detailing for Barcelona street lighting; not visible in any open source'),$);
#3785=IFCPROPERTYSINGLEVALUE('Confidence',$,IFCLABEL('Low'),$);
#3786=IFCPROPERTYSET('0_2cADu090dx9Rxo3C5FLr',#5,'Pset_CDE_Provenance',$,(#3784,#3785));
#3787=IFCRELDEFINESBYPROPERTIES('1RNqlG6UHAofhBQk_zE4yJ',#5,$,$,(#3777),#3786);
#3788=IFCPROPERTYSINGLEVALUE('Power_W',$,IFCINTEGER(30),$);
#3789=IFCPROPERTYSINGLEVALUE('ColourTemperature_K',$,IFCINTEGER(3000),$);
#3790=IFCPROPERTYSINGLEVALUE('LuminousFlux_lm',$,IFCINTEGER(3300),$);
#3791=IFCPROPERTYSINGLEVALUE('Driver',$,IFCLABEL('DALI, dimmed 50 % after 00:00'),$);
#3792=IFCPROPERTYSET('01beQ66L9EywiwY$iMDMXi',#5,'Pset_CDE_Specification',$,(#3788,#3789,#3790,#3791));
#3793=IFCRELDEFINESBYPROPERTIES('1113vrtGnFqgmx6M4XzoKS',#5,$,$,(#3777),#3792);
#3794=IFCPROPERTYSINGLEVALUE('DataStatus',$,IFCLABEL('Illustrative demo values \X2\2014\X0\ not the owner''s as-built register'),$);
#3795=IFCPROPERTYSINGLEVALUE('AssetOwner',$,IFCLABEL('Ajuntament de Barcelona \X2\2014\X0\ public lighting (demo)'),$);
#3796=IFCPROPERTYSINGLEVALUE('Manufacturer',$,IFCLABEL('Demo LED manufacturer'),$);
#3797=IFCPROPERTYSINGLEVALUE('Model',$,IFCLABEL('LED retrofit E27 30 W'),$);
#3798=IFCPROPERTYSINGLEVALUE('SerialNumber',$,IFCLABEL('BCN-ENL-PGR-014'),$);
#3799=IFCPROPERTYSINGLEVALUE('LifecycleStatus',$,IFCLABEL('In service'),$);
#3800=IFCPROPERTYSINGLEVALUE('InstallationYear',$,IFCINTEGER(2019),$);
#3801=IFCPROPERTYSINGLEVALUE('LastInspection',$,IFCLABEL('2026-06-17'),$);
#3802=IFCPROPERTYSINGLEVALUE('InspectionInterval_months',$,IFCINTEGER(12),$);
#3803=IFCPROPERTYSINGLEVALUE('NextInspection',$,IFCLABEL('2027-06-17'),$);
#3804=IFCPROPERTYSINGLEVALUE('ConditionIndex_1to5',$,IFCINTEGER(5),$);
#3805=IFCPROPERTYSINGLEVALUE('WarrantyEnd',$,IFCLABEL('2024-12-31 (expired)'),$);
#3806=IFCPROPERTYSINGLEVALUE('MaintenanceContractor',$,IFCLABEL('Demo contractor \X2\2014\X0\ public lighting'),$);
#3807=IFCPROPERTYSINGLEVALUE('MaintenanceStrategy',$,IFCLABEL('Condition-based'),$);
#3808=IFCPROPERTYSINGLEVALUE('BurningHours',$,IFCINTEGER(26302),$);
#3809=IFCPROPERTYSET('3LkWP3vTvChOjv5k3AZF75',#5,'Pset_CDE_AssetManagement (demo)',$,(#3794,#3795,#3796,#3797,#3798,#3799,#3800,#3801,#3802,#3803,#3804,#3805,#3806,#3807,#3808));
#3810=IFCRELDEFINESBYPROPERTIES('10PY7GwQDARB7XAdMY_BtM',#5,$,$,(#3777),#3809);
#3811=IFCCARTESIANPOINT((0.,0.));
#3812=IFCDIRECTION((-0.6832737736807996,0.730162276620752));
#3813=IFCAXIS2PLACEMENT2D(#3811,#3812);
#3814=IFCRECTANGLEPROFILEDEF(.AREA.,$,#3813,5.8,2.45);
#3815=IFCCARTESIANPOINT((0.3103189675638196,0.2903913538143398,-0.14));
#3816=IFCAXIS2PLACEMENT3D(#3815,$,$);
#3817=IFCDIRECTION((0.,0.,1.));
#3818=IFCEXTRUDEDAREASOLID(#3814,#3816,#3817,0.14);
#3819=IFCSTYLEDITEM(#3818,(#83),$);
#3820=IFCSHAPEREPRESENTATION(#16,'Body','SweptSolid',(#3818));
#3821=IFCPRODUCTDEFINITIONSHAPE($,$,(#3820));
#3822=IFCLOCALPLACEMENT(#23,#13);
#3823=IFCSLAB('0qWGUfSt1DsAHxOZI2mB7A',#5,'Base de formig\X2\00F3\X0\ \X2\00B7\X0\ Paving base (bench-lamp 1)',$,'Concrete base under the panot',#3822,#3821,'PFAL-SLB-002',.BASESLAB.);
#3824=IFCRELASSOCIATESMATERIAL('3iu6CD0DL8_g7HaI1GsXfL',#5,$,$,(#3823),#84);
#3825=IFCPROPERTYSINGLEVALUE('Reference',$,IFCLABEL('Concrete base under the panot'),$);
#3826=IFCPROPERTYSINGLEVALUE('IsExternal',$,IFCBOOLEAN(.T.),$);
#3827=IFCPROPERTYSINGLEVALUE('LoadBearing',$,IFCBOOLEAN(.F.),$);
#3828=IFCPROPERTYSINGLEVALUE('Status',$,IFCLABEL('EXISTING'),$);
#3829=IFCPROPERTYSET('3_PcqepI9C_e6YoPMjGhfM',#5,'Pset_SlabCommon',$,(#3825,#3826,#3827,#3828));
#3830=IFCRELDEFINESBYPROPERTIES('1$1sdqJwH8GvOzYjrZVP2H',#5,$,$,(#3823),#3829);
#3831=IFCPROPERTYSINGLEVALUE('Material',$,IFCLABEL('Concrete C20/25, base and footings'),$);
#3832=IFCPROPERTYSINGLEVALUE('Category',$,IFCLABEL('Concrete'),$);
#3833=IFCPROPERTYSINGLEVALUE('MassDensity_kg_m3',$,IFCREAL(2400.),$);
#3834=IFCPROPERTYSET('3NpcDIYbL9LvNpyC9zfvxd',#5,'Pset_CDE_Material',$,(#3831,#3832,#3833));
#3835=IFCRELDEFINESBYPROPERTIES('0ZXB7IjC1AVBVlxfO$I$xq',#5,$,$,(#3823),#3834);
#3836=IFCPROPERTYSINGLEVALUE('GeometrySource',$,IFCLABEL('Island geometry from OSM (ODbL); pavement level from the ICGC 3D mesh; paving pattern assumed'),$);
#3837=IFCPROPERTYSINGLEVALUE('Confidence',$,IFCLABEL('Medium'),$);
#3838=IFCPROPERTYSINGLEVALUE('Reference',$,IFCLABEL('OSM ways 116343002, 908375889, 909097447 (surface paving_stones); ICGC Barcelona mesh'),$);
#3839=IFCPROPERTYSET('1ddouIX_b7UwJTFoRj7twk',#5,'Pset_CDE_Provenance',$,(#3836,#3837,#3838));
#3840=IFCRELDEFINESBYPROPERTIES('3lx3n1CuLFNeL00EHeLA5w',#5,$,$,(#3823),#3839);
#3841=IFCPROPERTYSINGLEVALUE('Thickness_mm',$,IFCINTEGER(140),$);
#3842=IFCPROPERTYSINGLEVALUE('Purpose',$,IFCLABEL('Base of the paving patch over the mesh cut-out'),$);
#3843=IFCPROPERTYSET('0H7ZCjYhT3cOgxiAyHxNab',#5,'Pset_CDE_Specification',$,(#3841,#3842));
#3844=IFCRELDEFINESBYPROPERTIES('2dxLEIzCj4ZffoIgaLyySN',#5,$,$,(#3823),#3843);
#3845=IFCPROPERTYSINGLEVALUE('DataStatus',$,IFCLABEL('Illustrative demo values \X2\2014\X0\ not the owner''s as-built register'),$);
#3846=IFCPROPERTYSINGLEVALUE('AssetOwner',$,IFCLABEL('Ajuntament de Barcelona (register values are demo)'),$);
#3847=IFCPROPERTYSINGLEVALUE('Manufacturer',$,IFCLABEL('Demo ready-mix plant'),$);
#3848=IFCPROPERTYSINGLEVALUE('Model',$,IFCLABEL('HM-20 base 14 cm'),$);
#3849=IFCPROPERTYSINGLEVALUE('SerialNumber',$,IFCLABEL('BCN-PAV-PGR-001'),$);
#3850=IFCPROPERTYSINGLEVALUE('LifecycleStatus',$,IFCLABEL('In service'),$);
#3851=IFCPROPERTYSINGLEVALUE('InstallationYear',$,IFCINTEGER(2009),$);
#3852=IFCPROPERTYSINGLEVALUE('LastInspection',$,IFCLABEL('2026-06-17'),$);
#3853=IFCPROPERTYSINGLEVALUE('InspectionInterval_months',$,IFCINTEGER(24),$);
#3854=IFCPROPERTYSINGLEVALUE('NextInspection',$,IFCLABEL('2028-06-17'),$);
#3855=IFCPROPERTYSINGLEVALUE('ConditionIndex_1to5',$,IFCINTEGER(4),$);
#3856=IFCPROPERTYSINGLEVALUE('WarrantyEnd',$,IFCLABEL('2019-12-31 (expired)'),$);
#3857=IFCPROPERTYSINGLEVALUE('MaintenanceContractor',$,IFCLABEL('Demo contractor \X2\2014\X0\ street furniture and paving'),$);
#3858=IFCPROPERTYSINGLEVALUE('MaintenanceStrategy',$,IFCLABEL('Condition-based'),$);
#3859=IFCPROPERTYSET('1wH2uJaVXAW8SWrH8I3Ic7',#5,'Pset_CDE_AssetManagement (demo)',$,(#3845,#3846,#3847,#3848,#3849,#3850,#3851,#3852,#3853,#3854,#3855,#3856,#3857,#3858));
#3860=IFCRELDEFINESBYPROPERTIES('0ad5Pu5a5CrAisIggVWUl8',#5,$,$,(#3823),#3859);
#3861=IFCCARTESIANPOINT((0.,0.));
#3862=IFCDIRECTION((-0.6832737736807996,0.730162276620752));
#3863=IFCAXIS2PLACEMENT2D(#3861,#3862);
#3864=IFCRECTANGLEPROFILEDEF(.AREA.,$,#3863,5.8,2.45);
#3865=IFCCARTESIANPOINT((0.3103189675638196,0.2903913538143398,0.));
#3866=IFCAXIS2PLACEMENT3D(#3865,$,$);
#3867=IFCDIRECTION((0.,0.,1.));
#3868=IFCEXTRUDEDAREASOLID(#3864,#3866,#3867,0.03);
#3869=IFCSTYLEDITEM(#3868,(#74),$);
#3870=IFCSHAPEREPRESENTATION(#16,'Body','SweptSolid',(#3868));
#3871=IFCPRODUCTDEFINITIONSHAPE($,$,(#3870));
#3872=IFCLOCALPLACEMENT(#23,#13);
#3873=IFCCOVERING('0fbD7FRof9cxaCmyRmsnwl',#5,'Panot hexagonal de Gaud\X2\00ED\X0\ \X2\00B7\X0\ Hexagonal panot paving (bench-lamp 1)',$,'Hexagonal Gaud\X2\00ED\X0\ panot 40 cm (across flats), 6 cm, on mortar bed',#3872,#3871,'PFAL-COV-001',.FLOORING.);
#3874=IFCRELASSOCIATESMATERIAL('2QSPWiGnb6HQIafBRRE1kR',#5,$,$,(#3873),#75);
#3875=IFCPROPERTYSINGLEVALUE('Material',$,IFCLABEL('Hydraulic concrete tile \X2\00AB\X0\panot\X2\00BB\X0\ with the hexagonal Gaud\X2\00ED\X0\ relief, grey-green'),$);
#3876=IFCPROPERTYSINGLEVALUE('Category',$,IFCLABEL('Concrete'),$);
#3877=IFCPROPERTYSINGLEVALUE('Description',$,IFCLABEL('Hexagonal 3-sided relief tile (starfish, ammonite, seaweed) designed by Antoni Gaud\X2\00ED\X0\, Passeig de Gr\X2\00E0\X0\cia standard'),$);
#3878=IFCPROPERTYSINGLEVALUE('MassDensity_kg_m3',$,IFCREAL(2300.),$);
#3879=IFCPROPERTYSET('2zYqMlnln72v7LpdlFgBY5',#5,'Pset_CDE_Material',$,(#3875,#3876,#3877,#3878));
#3880=IFCRELDEFINESBYPROPERTIES('2RPODZ69b4Wfdyh2c1SfLr',#5,$,$,(#3873),#3879);
#3881=IFCPROPERTYSINGLEVALUE('GeometrySource',$,IFCLABEL('Island geometry from OSM (ODbL); pavement level from the ICGC 3D mesh; paving pattern assumed'),$);
#3882=IFCPROPERTYSINGLEVALUE('Confidence',$,IFCLABEL('Medium'),$);
#3883=IFCPROPERTYSINGLEVALUE('Reference',$,IFCLABEL('OSM ways 116343002, 908375889, 909097447 (surface paving_stones); ICGC Barcelona mesh'),$);
#3884=IFCPROPERTYSET('1dn2fIV65CyghGd16b_rC$',#5,'Pset_CDE_Provenance',$,(#3881,#3882,#3883));
#3885=IFCRELDEFINESBYPROPERTIES('239jQn0Wb6dOD_5kWO7Wvk',#5,$,$,(#3873),#3884);
#3886=IFCPROPERTYSINGLEVALUE('Pattern',$,IFCLABEL('Hexagonal relief, three motifs (Antoni Gaud\X2\00ED\X0\ design)'),$);
#3887=IFCPROPERTYSINGLEVALUE('TileSize_mm',$,IFCINTEGER(400),$);
#3888=IFCPROPERTYSINGLEVALUE('Thickness_mm',$,IFCINTEGER(60),$);
#3889=IFCPROPERTYSINGLEVALUE('Bedding',$,IFCLABEL('Mortar on concrete base'),$);
#3890=IFCPROPERTYSINGLEVALUE('Purpose',$,IFCLABEL('Visual: replaces the photogrammetric ground under the bench-lamp'),$);
#3891=IFCPROPERTYSET('3fGKXlta1AgB4sbX3GRz4v',#5,'Pset_CDE_Specification',$,(#3886,#3887,#3888,#3889,#3890));
#3892=IFCRELDEFINESBYPROPERTIES('1awQNOpgn4ruHTLW2uLNn3',#5,$,$,(#3873),#3891);
#3893=IFCPROPERTYSINGLEVALUE('DataStatus',$,IFCLABEL('Illustrative demo values \X2\2014\X0\ not the owner''s as-built register'),$);
#3894=IFCPROPERTYSINGLEVALUE('AssetOwner',$,IFCLABEL('Ajuntament de Barcelona (register values are demo)'),$);
#3895=IFCPROPERTYSINGLEVALUE('Manufacturer',$,IFCLABEL('Demo hydraulic-tile manufacturer'),$);
#3896=IFCPROPERTYSINGLEVALUE('Model',$,IFCLABEL('Panot hexagonal Gaud\X2\00ED\X0\ 40'),$);
#3897=IFCPROPERTYSINGLEVALUE('SerialNumber',$,IFCLABEL('BCN-PAV-PGR-002'),$);
#3898=IFCPROPERTYSINGLEVALUE('LifecycleStatus',$,IFCLABEL('In service'),$);
#3899=IFCPROPERTYSINGLEVALUE('InstallationYear',$,IFCINTEGER(2009),$);
#3900=IFCPROPERTYSINGLEVALUE('LastInspection',$,IFCLABEL('2026-06-17'),$);
#3901=IFCPROPERTYSINGLEVALUE('InspectionInterval_months',$,IFCINTEGER(12),$);
#3902=IFCPROPERTYSINGLEVALUE('NextInspection',$,IFCLABEL('2027-06-17'),$);
#3903=IFCPROPERTYSINGLEVALUE('ConditionIndex_1to5',$,IFCINTEGER(4),$);
#3904=IFCPROPERTYSINGLEVALUE('WarrantyEnd',$,IFCLABEL('2019-12-31 (expired)'),$);
#3905=IFCPROPERTYSINGLEVALUE('MaintenanceContractor',$,IFCLABEL('Demo contractor \X2\2014\X0\ street furniture and paving'),$);
#3906=IFCPROPERTYSINGLEVALUE('MaintenanceStrategy',$,IFCLABEL('Condition-based'),$);
#3907=IFCPROPERTYSET('1UZdysrQ959QIMmgkXVhIN',#5,'Pset_CDE_AssetManagement (demo)',$,(#3893,#3894,#3895,#3896,#3897,#3898,#3899,#3900,#3901,#3902,#3903,#3904,#3905,#3906));
#3908=IFCRELDEFINESBYPROPERTIES('3c$lVjNFDBEw$NpbW47T5E',#5,$,$,(#3873),#3907);
#3909=IFCCARTESIANPOINT((0.,0.));
#3910=IFCDIRECTION((-0.6832737736807996,0.730162276620752));
#3911=IFCAXIS2PLACEMENT2D(#3909,#3910);
#3912=IFCRECTANGLEPROFILEDEF(.AREA.,$,#3911,5.8,0.30000000000000004);
#3913=IFCCARTESIANPOINT((-0.6936541627897145,-0.6491100849967596,-0.25));
#3914=IFCAXIS2PLACEMENT3D(#3913,$,$);
#3915=IFCDIRECTION((0.,0.,1.));
#3916=IFCEXTRUDEDAREASOLID(#3912,#3914,#3915,0.28);
#3917=IFCSTYLEDITEM(#3916,(#92),$);
#3918=IFCSHAPEREPRESENTATION(#16,'Body','SweptSolid',(#3916));
#3919=IFCPRODUCTDEFINITIONSHAPE($,$,(#3918));
#3920=IFCLOCALPLACEMENT(#23,#13);
#3921=IFCKERB('3OQIm51899kw1YD4iyjGUM',#5,'Vorada de granit \X2\00B7\X0\ Granite kerb (bench-lamp 1)',$,'Granite kerb 300 \X2\00D7\X0\ 250 to the central carriageway',#3920,#3919,'PFAL-ELM-007',.USERDEFINED.);
#3922=IFCRELASSOCIATESMATERIAL('1$KyQuo7L919cRl749yaE0',#5,$,$,(#3921),#93);
#3923=IFCPROPERTYSINGLEVALUE('Material',$,IFCLABEL('Granite kerb, flamed finish, grey'),$);
#3924=IFCPROPERTYSINGLEVALUE('Category',$,IFCLABEL('Stone'),$);
#3925=IFCPROPERTYSINGLEVALUE('MassDensity_kg_m3',$,IFCREAL(2650.),$);
#3926=IFCPROPERTYSET('3SNomwTyXA59NvFgZ3RPb6',#5,'Pset_CDE_Material',$,(#3923,#3924,#3925));
#3927=IFCRELDEFINESBYPROPERTIES('1n5PU4mEjDkf0GG2U4Pu0A',#5,$,$,(#3921),#3926);
#3928=IFCPROPERTYSINGLEVALUE('GeometrySource',$,IFCLABEL('Island edge from OSM carriageway and lane axes (ODbL); kerb section typical'),$);
#3929=IFCPROPERTYSINGLEVALUE('Confidence',$,IFCLABEL('Low'),$);
#3930=IFCPROPERTYSINGLEVALUE('Reference',$,IFCLABEL('OSM ways 908375889, 116343002'),$);
#3931=IFCPROPERTYSET('3khBUKzp54nh1C1jWfOSET',#5,'Pset_CDE_Provenance',$,(#3928,#3929,#3930));
#3932=IFCRELDEFINESBYPROPERTIES('2IZQRt6y96DgbmH4Y5CBhq',#5,$,$,(#3921),#3931);
#3933=IFCPROPERTYSINGLEVALUE('Section_mm',$,IFCLABEL('300 \X2\00D7\X0\ 250'),$);
#3934=IFCPROPERTYSINGLEVALUE('Upstand_mm',$,IFCINTEGER(140),$);
#3935=IFCPROPERTYSET('0ti908RJT0MgREO69hpNYD',#5,'Pset_CDE_Specification',$,(#3933,#3934));
#3936=IFCRELDEFINESBYPROPERTIES('2BF1VriFHDShDQ9yUYKkqh',#5,$,$,(#3921),#3935);
#3937=IFCPROPERTYSINGLEVALUE('DataStatus',$,IFCLABEL('Illustrative demo values \X2\2014\X0\ not the owner''s as-built register'),$);
#3938=IFCPROPERTYSINGLEVALUE('AssetOwner',$,IFCLABEL('Ajuntament de Barcelona (register values are demo)'),$);
#3939=IFCPROPERTYSINGLEVALUE('Manufacturer',$,IFCLABEL('Demo stone supplier'),$);
#3940=IFCPROPERTYSINGLEVALUE('Model',$,IFCLABEL('Granite kerb C3 30\X2\00D7\X0\25'),$);
#3941=IFCPROPERTYSINGLEVALUE('SerialNumber',$,IFCLABEL('BCN-PAV-PGR-003'),$);
#3942=IFCPROPERTYSINGLEVALUE('LifecycleStatus',$,IFCLABEL('In service'),$);
#3943=IFCPROPERTYSINGLEVALUE('InstallationYear',$,IFCINTEGER(2009),$);
#3944=IFCPROPERTYSINGLEVALUE('LastInspection',$,IFCLABEL('2026-06-17'),$);
#3945=IFCPROPERTYSINGLEVALUE('InspectionInterval_months',$,IFCINTEGER(24),$);
#3946=IFCPROPERTYSINGLEVALUE('NextInspection',$,IFCLABEL('2028-06-17'),$);
#3947=IFCPROPERTYSINGLEVALUE('ConditionIndex_1to5',$,IFCINTEGER(4),$);
#3948=IFCPROPERTYSINGLEVALUE('WarrantyEnd',$,IFCLABEL('2019-12-31 (expired)'),$);
#3949=IFCPROPERTYSINGLEVALUE('MaintenanceContractor',$,IFCLABEL('Demo contractor \X2\2014\X0\ street furniture and paving'),$);
#3950=IFCPROPERTYSINGLEVALUE('MaintenanceStrategy',$,IFCLABEL('Condition-based'),$);
#3951=IFCPROPERTYSET('1hCEEFjmr3pwv17SS9Lv_m',#5,'Pset_CDE_AssetManagement (demo)',$,(#3937,#3938,#3939,#3940,#3941,#3942,#3943,#3944,#3945,#3946,#3947,#3948,#3949,#3950));
#3952=IFCRELDEFINESBYPROPERTIES('025I2XyunADgtSHoVoPSPU',#5,$,$,(#3921),#3951);
#3953=IFCLOCALPLACEMENT(#23,#13);
#3954=IFCELEMENTASSEMBLY('1Gq0dIq4LAVv$kRACcKGF9',#5,'Banc-fanal 2 \X2\00B7\X0\ Bench-lamp 2','Modernista bench-lamp of Passeig de Gr\X2\00E0\X0\cia, designed by Pere Falqu\X2\00E9\X0\s i Urp\X2\00ED\X0\ (1906).','Banc-fanal: trencad\X2\00ED\X0\s bench with two-light iron lamp',#3953,$,'PFAL-ASM-003',.NOTDEFINED.,.USERDEFINED.);
#3955=IFCPROPERTYSINGLEVALUE('Designer',$,IFCLABEL('Pere Falqu\X2\00E9\X0\s i Urp\X2\00ED\X0\'),$);
#3956=IFCPROPERTYSINGLEVALUE('DesignYear',$,IFCINTEGER(1906),$);
#3957=IFCPROPERTYSINGLEVALUE('Type',$,IFCLABEL('Banc-fanal (bench-lamp)'),$);
#3958=IFCPROPERTYSINGLEVALUE('Bench',$,IFCLABEL('Trencad\X2\00ED\X0\s over a masonry core'),$);
#3959=IFCPROPERTYSINGLEVALUE('Lanterns',$,IFCINTEGER(2),$);
#3960=IFCPROPERTYSINGLEVALUE('OverallHeight_m',$,IFCREAL(7.),$);
#3961=IFCPROPERTYSINGLEVALUE('BenchLength_m',$,IFCREAL(2.6),$);
#3962=IFCPROPERTYSINGLEVALUE('HeritageStatus',$,IFCLABEL('Municipal heritage (demo \X2\2014\X0\ not checked)'),$);
#3963=IFCPROPERTYSINGLEVALUE('InventoryRef',$,IFCLABEL('PG-BF-02 (demo)'),$);
#3964=IFCPROPERTYSET('3SWh_4GA1C4QWoH$eWTSvF',#5,'Pset_CDE_Specification',$,(#3955,#3956,#3957,#3958,#3959,#3960,#3961,#3962,#3963));
#3965=IFCRELDEFINESBYPROPERTIES('1Pdt1MqOn3XOX6qRgj$SVh',#5,$,$,(#3954),#3964);
#3966=IFCPROPERTYSINGLEVALUE('DataStatus',$,IFCLABEL('Illustrative demo values \X2\2014\X0\ not the owner''s as-built register'),$);
#3967=IFCPROPERTYSINGLEVALUE('AssetOwner',$,IFCLABEL('Ajuntament de Barcelona (register values are demo)'),$);
#3968=IFCPROPERTYSINGLEVALUE('Manufacturer',$,IFCLABEL('Original ironwork, 1906 (workshop not recorded here)'),$);
#3969=IFCPROPERTYSINGLEVALUE('Model',$,IFCLABEL('Banc-fanal, municipal model by Pere Falqu\X2\00E9\X0\s i Urp\X2\00ED\X0\ (1906)'),$);
#3970=IFCPROPERTYSINGLEVALUE('SerialNumber',$,IFCLABEL('BCN-PFA-PGR-005'),$);
#3971=IFCPROPERTYSINGLEVALUE('LifecycleStatus',$,IFCLABEL('In service'),$);
#3972=IFCPROPERTYSINGLEVALUE('InstallationYear',$,IFCINTEGER(1906),$);
#3973=IFCPROPERTYSINGLEVALUE('LastInspection',$,IFCLABEL('2026-06-17'),$);
#3974=IFCPROPERTYSINGLEVALUE('InspectionInterval_months',$,IFCINTEGER(12),$);
#3975=IFCPROPERTYSINGLEVALUE('NextInspection',$,IFCLABEL('2027-06-17'),$);
#3976=IFCPROPERTYSINGLEVALUE('ConditionIndex_1to5',$,IFCINTEGER(3),$);
#3977=IFCPROPERTYSINGLEVALUE('WarrantyEnd',$,IFCLABEL('None (heritage asset, pre-dates warranties)'),$);
#3978=IFCPROPERTYSINGLEVALUE('MaintenanceContractor',$,IFCLABEL('Demo contractor \X2\2014\X0\ heritage ironwork and ceramics'),$);
#3979=IFCPROPERTYSINGLEVALUE('MaintenanceStrategy',$,IFCLABEL('Condition-based'),$);
#3980=IFCPROPERTYSINGLEVALUE('LastRestoration',$,IFCLABEL('2014 (demo)'),$);
#3981=IFCPROPERTYSET('2ofZrk8vb6hPifb6693ynI',#5,'Pset_CDE_AssetManagement (demo)',$,(#3966,#3967,#3968,#3969,#3970,#3971,#3972,#3973,#3974,#3975,#3976,#3977,#3978,#3979,#3980));
#3982=IFCRELDEFINESBYPROPERTIES('36t7_ElCHApOkLpx5zzIMA',#5,$,$,(#3954),#3981);
#3983=IFCPROPERTYSINGLEVALUE('GeometrySource',$,IFCLABEL('Form from Wikimedia Commons photographs; dimensions estimated; position in a gap of the OSM island tree row'),$);
#3984=IFCPROPERTYSINGLEVALUE('Confidence',$,IFCLABEL('Medium'),$);
#3985=IFCPROPERTYSINGLEVALUE('Reference',$,IFCLABEL('Commons Category:Fanals-bancs (\X2\00AB\X0\Banc-fanal del passeig de Gr\X2\00E0\X0\cia.jpg\X2\00BB\X0\, \X2\00AB\X0\109 Banc fanal\X2\202600BB\X0\, \X2\00AB\X0\035 Banc de trencad\X2\00ED\X0\s\X2\202600BB\X0\); OSM tree nodes 12633020995/96 and 12633020992/93 (ODbL)'),$);
#3986=IFCPROPERTYSET('1AArTeLQHDfRqvaEgJWmmQ',#5,'Pset_CDE_Provenance',$,(#3983,#3984,#3985));
#3987=IFCRELDEFINESBYPROPERTIES('1pUKG15M5CWhjJ$9aC35Nn',#5,$,$,(#3954),#3986);
#3988=IFCCARTESIANPOINT((-22.048214608393646,25.015032666615895));
#3989=IFCCARTESIANPOINT((-22.442219751141394,25.180457015603235));
#3990=IFCCARTESIANPOINT((-22.79385656515784,25.385528945386955));
#3991=IFCCARTESIANPOINT((-23.107787204147108,25.62588568969317));
#3992=IFCCARTESIANPOINT((-23.38631059983317,25.899375946263785));
#3993=IFCCARTESIANPOINT((-23.629979972997916,26.205482020247366));
#3994=IFCCARTESIANPOINT((-23.83773781969081,26.545193506338265));
#3995=IFCCARTESIANPOINT((-24.006653355268156,26.92125298429918));
#3996=IFCCARTESIANPOINT((-24.13109246853087,27.33893276214108));
#3997=IFCCARTESIANPOINT((-24.890461236216453,26.62832803751305));
#3998=IFCCARTESIANPOINT((-24.766022122953736,26.210648259671146));
#3999=IFCCARTESIANPOINT((-24.59710658737639,25.834588781710234));
#4000=IFCCARTESIANPOINT((-24.3893487406835,25.494877295619332));
#4001=IFCCARTESIANPOINT((-24.145679367518753,25.188771221635754));
#4002=IFCCARTESIANPOINT((-23.86715597183269,24.915280965065136));
#4003=IFCCARTESIANPOINT((-23.55322533284342,24.67492422075892));
#4004=IFCCARTESIANPOINT((-23.201588518826977,24.469852290975204));
#4005=IFCCARTESIANPOINT((-22.80758337607923,24.30442794198786));
#4006=IFCCARTESIANPOINT((-22.048214608393646,25.015032666615895));
#4007=IFCPOLYLINE((#3988,#3989,#3990,#3991,#3992,#3993,#3994,#3995,#3996,#3997,#3998,#3999,#4000,#4001,#4002,#4003,#4004,#4005,#4006));
#4008=IFCARBITRARYCLOSEDPROFILEDEF(.AREA.,$,#4007);
#4009=IFCCARTESIANPOINT((0.,0.,0.53));
#4010=IFCAXIS2PLACEMENT3D(#4009,$,$);
#4011=IFCDIRECTION((0.,0.,1.));
#4012=IFCEXTRUDEDAREASOLID(#4008,#4010,#4011,0.05);
#4013=IFCSTYLEDITEM(#4012,(#29),$);
#4014=IFCSHAPEREPRESENTATION(#16,'Body','SweptSolid',(#4012));
#4015=IFCPRODUCTDEFINITIONSHAPE($,$,(#4014));
#4016=IFCLOCALPLACEMENT(#23,#13);
#4017=IFCSLAB('3W0b8ythD93vOGrzdEKKFt',#5,'S\X2\00F2\X0\col del banc 2 \X2\00B7\X0\ Bench plinth',$,'Low mosaic-clad plinth following the bench''s curve',#4016,#4015,'PFAL-SLB-003',.BASESLAB.);
#4018=IFCRELASSOCIATESMATERIAL('2BAMyqSNXDwRg5_1uQlwMz',#5,$,$,(#4017),#30);
#4019=IFCPROPERTYSINGLEVALUE('Reference',$,IFCLABEL('Low mosaic-clad plinth following the bench''s curve'),$);
#4020=IFCPROPERTYSINGLEVALUE('IsExternal',$,IFCBOOLEAN(.T.),$);
#4021=IFCPROPERTYSINGLEVALUE('LoadBearing',$,IFCBOOLEAN(.T.),$);
#4022=IFCPROPERTYSINGLEVALUE('Status',$,IFCLABEL('EXISTING'),$);
#4023=IFCPROPERTYSET('2Lo7zS$_bDihcwYC8Yf5Dg',#5,'Pset_SlabCommon',$,(#4019,#4020,#4021,#4022));
#4024=IFCRELDEFINESBYPROPERTIES('0u0VqUwITDqPRaVoXk1bX0',#5,$,$,(#4017),#4023);
#4025=IFCPROPERTYSINGLEVALUE('Material',$,IFCLABEL('Trencad\X2\00ED\X0\s, white glazed ceramic on mortar'),$);
#4026=IFCPROPERTYSINGLEVALUE('Category',$,IFCLABEL('Ceramic'),$);
#4027=IFCPROPERTYSINGLEVALUE('Description',$,IFCLABEL('Broken white glazed tiles set in mortar over a brick and concrete core: the modernista \X2\00AB\X0\trencad\X2\00ED\X0\s\X2\00BB\X0\'),$);
#4028=IFCPROPERTYSINGLEVALUE('MassDensity_kg_m3',$,IFCREAL(2000.),$);
#4029=IFCPROPERTYSET('2z5aPhmdX5lulie3uW8gNW',#5,'Pset_CDE_Material',$,(#4025,#4026,#4027,#4028));
#4030=IFCRELDEFINESBYPROPERTIES('0KMt6BPaP2PhH60bZfj_A3',#5,$,$,(#4017),#4029);
#4031=IFCPROPERTYSINGLEVALUE('GeometrySource',$,IFCLABEL('Form from Wikimedia Commons photographs; dimensions estimated; position in a gap of the OSM island tree row'),$);
#4032=IFCPROPERTYSINGLEVALUE('Confidence',$,IFCLABEL('Medium'),$);
#4033=IFCPROPERTYSINGLEVALUE('Reference',$,IFCLABEL('Commons Category:Fanals-bancs (\X2\00AB\X0\Banc-fanal del passeig de Gr\X2\00E0\X0\cia.jpg\X2\00BB\X0\, \X2\00AB\X0\109 Banc fanal\X2\202600BB\X0\, \X2\00AB\X0\035 Banc de trencad\X2\00ED\X0\s\X2\202600BB\X0\); OSM tree nodes 12633020995/96 and 12633020992/93 (ODbL)'),$);
#4034=IFCPROPERTYSET('1pRYwBc3X8mwNxAT0uyXG5',#5,'Pset_CDE_Provenance',$,(#4031,#4032,#4033));
#4035=IFCRELDEFINESBYPROPERTIES('067QlDDDzCIe494CpIhoLY',#5,$,$,(#4017),#4034);
#4036=IFCPROPERTYSINGLEVALUE('Height_mm',$,IFCINTEGER(50),$);
#4037=IFCPROPERTYSINGLEVALUE('Finish',$,IFCLABEL('Trencad\X2\00ED\X0\s, white'),$);
#4038=IFCPROPERTYSET('1vJ73jfQLC2wovUt6wjscy',#5,'Pset_CDE_Specification',$,(#4036,#4037));
#4039=IFCRELDEFINESBYPROPERTIES('3JhBgY6GPDE981LCh$xLCo',#5,$,$,(#4017),#4038);
#4040=IFCPROPERTYSINGLEVALUE('DataStatus',$,IFCLABEL('Illustrative demo values \X2\2014\X0\ not the owner''s as-built register'),$);
#4041=IFCPROPERTYSINGLEVALUE('AssetOwner',$,IFCLABEL('Ajuntament de Barcelona (register values are demo)'),$);
#4042=IFCPROPERTYSINGLEVALUE('Manufacturer',$,IFCLABEL('Original ironwork, 1906 (workshop not recorded here)'),$);
#4043=IFCPROPERTYSINGLEVALUE('Model',$,IFCLABEL('Banc-fanal, municipal model by Pere Falqu\X2\00E9\X0\s i Urp\X2\00ED\X0\ (1906)'),$);
#4044=IFCPROPERTYSINGLEVALUE('SerialNumber',$,IFCLABEL('BCN-PFA-PGR-006'),$);
#4045=IFCPROPERTYSINGLEVALUE('LifecycleStatus',$,IFCLABEL('In service'),$);
#4046=IFCPROPERTYSINGLEVALUE('InstallationYear',$,IFCINTEGER(1906),$);
#4047=IFCPROPERTYSINGLEVALUE('LastInspection',$,IFCLABEL('2026-06-17'),$);
#4048=IFCPROPERTYSINGLEVALUE('InspectionInterval_months',$,IFCINTEGER(12),$);
#4049=IFCPROPERTYSINGLEVALUE('NextInspection',$,IFCLABEL('2027-06-17'),$);
#4050=IFCPROPERTYSINGLEVALUE('ConditionIndex_1to5',$,IFCINTEGER(4),$);
#4051=IFCPROPERTYSINGLEVALUE('WarrantyEnd',$,IFCLABEL('None (heritage asset, pre-dates warranties)'),$);
#4052=IFCPROPERTYSINGLEVALUE('MaintenanceContractor',$,IFCLABEL('Demo contractor \X2\2014\X0\ heritage ironwork and ceramics'),$);
#4053=IFCPROPERTYSINGLEVALUE('MaintenanceStrategy',$,IFCLABEL('Condition-based'),$);
#4054=IFCPROPERTYSET('0ksDlkPUP57A4hhe$NJ2Z6',#5,'Pset_CDE_AssetManagement (demo)',$,(#4040,#4041,#4042,#4043,#4044,#4045,#4046,#4047,#4048,#4049,#4050,#4051,#4052,#4053));
#4055=IFCRELDEFINESBYPROPERTIES('1VD5lzMTfEF90UW9N7q8A3',#5,$,$,(#4017),#4054);
#4056=IFCCARTESIANPOINT((-22.666869022582503,24.874364845946694));
#4057=IFCCARTESIANPOINT((-22.933011872652195,25.01563696284119));
#4058=IFCCARTESIANPOINT((-23.178147918285873,25.17656689964717));
#4059=IFCCARTESIANPOINT((-23.40364409380188,25.355875501853404));
#4060=IFCCARTESIANPOINT((-23.610276337798247,25.552836658962278));
#4061=IFCCARTESIANPOINT((-23.798333722325378,25.767179862133393));
#4062=IFCCARTESIANPOINT((-23.967654813344627,25.999056178668255));
#4063=IFCCARTESIANPOINT((-24.11760752574274,26.249057103354314));
#4064=IFCCARTESIANPOINT((-24.24700630627073,26.518292057300116));
#4065=IFCCARTESIANPOINT((-24.62669069011352,26.1629896949861));
#4066=IFCCARTESIANPOINT((-24.497291909585535,25.893754741040297));
#4067=IFCCARTESIANPOINT((-24.347339197187416,25.64375381635424));
#4068=IFCCARTESIANPOINT((-24.178018106168167,25.411877499819376));
#4069=IFCCARTESIANPOINT((-23.989960721641037,25.19753429664826));
#4070=IFCCARTESIANPOINT((-23.783328477644673,25.00057313953939));
#4071=IFCCARTESIANPOINT((-23.557832302128663,24.821264537333153));
#4072=IFCCARTESIANPOINT((-23.312696256494988,24.66033460052717));
#4073=IFCCARTESIANPOINT((-23.046553406425293,24.51906248363268));
#4074=IFCCARTESIANPOINT((-22.666869022582503,24.874364845946694));
#4075=IFCPOLYLINE((#4056,#4057,#4058,#4059,#4060,#4061,#4062,#4063,#4064,#4065,#4066,#4067,#4068,#4069,#4070,#4071,#4072,#4073,#4074));
#4076=IFCARBITRARYCLOSEDPROFILEDEF(.AREA.,$,#4075);
#4077=IFCCARTESIANPOINT((0.,0.,0.5800000000000001));
#4078=IFCAXIS2PLACEMENT3D(#4077,$,$);
#4079=IFCDIRECTION((0.,0.,1.));
#4080=IFCEXTRUDEDAREASOLID(#4076,#4078,#4079,0.31);
#4081=IFCCARTESIANPOINT((-22.367183470816503,24.963067426108072));
#4082=IFCCARTESIANPOINT((-22.66992865188113,25.10775054800149));
#4083=IFCCARTESIANPOINT((-22.946505923669406,25.276921166295487));
#4084=IFCCARTESIANPOINT((-23.19905009922332,25.468581558278263));
#4085=IFCCARTESIANPOINT((-23.428765874046213,25.681604389836494));
#4086=IFCCARTESIANPOINT((-23.636129286762472,25.915544191904292));
#4087=IFCCARTESIANPOINT((-23.820960845006482,26.17056893046666));
#4088=IFCCARTESIANPOINT((-23.98239837630858,26.447485412251055));
#4089=IFCCARTESIANPOINT((-24.118759427612623,26.74786804898144));
#4090=IFCCARTESIANPOINT((-24.65907951231198,26.242245456457653));
#4091=IFCCARTESIANPOINT((-24.522718461007937,25.941862819727266));
#4092=IFCCARTESIANPOINT((-24.36128092970584,25.66494633794287));
#4093=IFCCARTESIANPOINT((-24.17644937146183,25.4099215993805));
#4094=IFCCARTESIANPOINT((-23.96908595874557,25.1759817973127));
#4095=IFCCARTESIANPOINT((-23.73937018392268,24.96295896575447));
#4096=IFCCARTESIANPOINT((-23.486826008368762,24.771298573771695));
#4097=IFCCARTESIANPOINT((-23.210248736580485,24.602127955477698));
#4098=IFCCARTESIANPOINT((-22.90750355551586,24.45744483358428));
#4099=IFCCARTESIANPOINT((-22.367183470816503,24.963067426108072));
#4100=IFCPOLYLINE((#4081,#4082,#4083,#4084,#4085,#4086,#4087,#4088,#4089,#4090,#4091,#4092,#4093,#4094,#4095,#4096,#4097,#4098,#4099));
#4101=IFCARBITRARYCLOSEDPROFILEDEF(.AREA.,$,#4100);
#4102=IFCCARTESIANPOINT((0.,0.,0.89));
#4103=IFCAXIS2PLACEMENT3D(#4102,$,$);
#4104=IFCDIRECTION((0.,0.,1.));
#4105=IFCEXTRUDEDAREASOLID(#4101,#4103,#4104,0.1);
#4106=IFCCARTESIANPOINT((-24.53989727976448,26.449643316683026,0.5800000000000001));
#4107=IFCDIRECTION((0.,-1.,0.));
#4108=IFCDIRECTION((1.,0.,0.));
#4109=IFCAXIS2PLACEMENT3D(#4106,#4107,#4108);
#4110=IFCCARTESIANPOINT((0.,0.));
#4111=IFCCARTESIANPOINT((0.32,0.));
#4112=IFCCARTESIANPOINT((0.34,0.2));
#4113=IFCCARTESIANPOINT((0.3,0.42));
#4114=IFCCARTESIANPOINT((0.2,0.56));
#4115=IFCCARTESIANPOINT((0.,0.63));
#4116=IFCCARTESIANPOINT((0.,0.));
#4117=IFCPOLYLINE((#4110,#4111,#4112,#4113,#4114,#4115,#4116));
#4118=IFCARBITRARYCLOSEDPROFILEDEF(.AREA.,$,#4117);
#4119=IFCCARTESIANPOINT((0.,0.,0.));
#4120=IFCDIRECTION((0.,1.,0.));
#4121=IFCAXIS1PLACEMENT(#4119,#4120);
#4122=IFCREVOLVEDAREASOLID(#4118,#4109,#4121,6.283185307179586);
#4123=IFCSTYLEDITEM(#4080,(#29),$);
#4124=IFCSTYLEDITEM(#4105,(#29),$);
#4125=IFCSTYLEDITEM(#4122,(#29),$);
#4126=IFCSHAPEREPRESENTATION(#16,'Body','SweptSolid',(#4080,#4105,#4122));
#4127=IFCPRODUCTDEFINITIONSHAPE($,$,(#4126));
#4128=IFCLOCALPLACEMENT(#23,#13);
#4129=IFCFURNITURE('1W6sWmacTD98W_F6VyCaWi',#5,'Banc de trencad\X2\00ED\X0\s 2 \X2\00B7\X0\ Mosaic bench',$,'Curved bench, brick core clad in white trencad\X2\00ED\X0\s, with end bolster',#4128,#4127,'PFAL-ELM-008',.USERDEFINED.);
#4130=IFCRELASSOCIATESMATERIAL('2YB68_0kn0Ww0xW_8p6Lfd',#5,$,$,(#4129),#30);
#4131=IFCPROPERTYSINGLEVALUE('Material',$,IFCLABEL('Trencad\X2\00ED\X0\s, white glazed ceramic on mortar'),$);
#4132=IFCPROPERTYSINGLEVALUE('Category',$,IFCLABEL('Ceramic'),$);
#4133=IFCPROPERTYSINGLEVALUE('Description',$,IFCLABEL('Broken white glazed tiles set in mortar over a brick and concrete core: the modernista \X2\00AB\X0\trencad\X2\00ED\X0\s\X2\00BB\X0\'),$);
#4134=IFCPROPERTYSINGLEVALUE('MassDensity_kg_m3',$,IFCREAL(2000.),$);
#4135=IFCPROPERTYSET('25NhoJ31DBUxkMFrI897ib',#5,'Pset_CDE_Material',$,(#4131,#4132,#4133,#4134));
#4136=IFCRELDEFINESBYPROPERTIES('2O7Nrf44z4O9VRmcuIH1sS',#5,$,$,(#4129),#4135);
#4137=IFCPROPERTYSINGLEVALUE('GeometrySource',$,IFCLABEL('Form from Wikimedia Commons photographs; dimensions estimated; position in a gap of the OSM island tree row'),$);
#4138=IFCPROPERTYSINGLEVALUE('Confidence',$,IFCLABEL('Medium'),$);
#4139=IFCPROPERTYSINGLEVALUE('Reference',$,IFCLABEL('Commons Category:Fanals-bancs (\X2\00AB\X0\Banc-fanal del passeig de Gr\X2\00E0\X0\cia.jpg\X2\00BB\X0\, \X2\00AB\X0\109 Banc fanal\X2\202600BB\X0\, \X2\00AB\X0\035 Banc de trencad\X2\00ED\X0\s\X2\202600BB\X0\); OSM tree nodes 12633020995/96 and 12633020992/93 (ODbL)'),$);
#4140=IFCPROPERTYSET('2FaNRSTPv8AOvpjw$P66Du',#5,'Pset_CDE_Provenance',$,(#4137,#4138,#4139));
#4141=IFCRELDEFINESBYPROPERTIES('2Av4ur2j55ZfqQCbuuvuBn',#5,$,$,(#4129),#4140);
#4142=IFCPROPERTYSINGLEVALUE('SeatHeight_mm',$,IFCINTEGER(460),$);
#4143=IFCPROPERTYSINGLEVALUE('SeatDepth_mm',$,IFCINTEGER(740),$);
#4144=IFCPROPERTYSINGLEVALUE('Length_mm',$,IFCINTEGER(2600),$);
#4145=IFCPROPERTYSINGLEVALUE('Seats',$,IFCINTEGER(3),$);
#4146=IFCPROPERTYSINGLEVALUE('Finish',$,IFCLABEL('Trencad\X2\00ED\X0\s, white glazed ceramic'),$);
#4147=IFCPROPERTYSET('2H95mLcxH4MAhc12RQYUrv',#5,'Pset_CDE_Specification',$,(#4142,#4143,#4144,#4145,#4146));
#4148=IFCRELDEFINESBYPROPERTIES('16B_xu7Pf1Pv5VXsISaKC1',#5,$,$,(#4129),#4147);
#4149=IFCPROPERTYSINGLEVALUE('DataStatus',$,IFCLABEL('Illustrative demo values \X2\2014\X0\ not the owner''s as-built register'),$);
#4150=IFCPROPERTYSINGLEVALUE('AssetOwner',$,IFCLABEL('Ajuntament de Barcelona (register values are demo)'),$);
#4151=IFCPROPERTYSINGLEVALUE('Manufacturer',$,IFCLABEL('Original ironwork, 1906 (workshop not recorded here)'),$);
#4152=IFCPROPERTYSINGLEVALUE('Model',$,IFCLABEL('Banc-fanal, municipal model by Pere Falqu\X2\00E9\X0\s i Urp\X2\00ED\X0\ (1906)'),$);
#4153=IFCPROPERTYSINGLEVALUE('SerialNumber',$,IFCLABEL('BCN-PFA-PGR-007'),$);
#4154=IFCPROPERTYSINGLEVALUE('LifecycleStatus',$,IFCLABEL('In service'),$);
#4155=IFCPROPERTYSINGLEVALUE('InstallationYear',$,IFCINTEGER(1906),$);
#4156=IFCPROPERTYSINGLEVALUE('LastInspection',$,IFCLABEL('2026-06-17'),$);
#4157=IFCPROPERTYSINGLEVALUE('InspectionInterval_months',$,IFCINTEGER(6),$);
#4158=IFCPROPERTYSINGLEVALUE('NextInspection',$,IFCLABEL('2026-12-17'),$);
#4159=IFCPROPERTYSINGLEVALUE('ConditionIndex_1to5',$,IFCINTEGER(3),$);
#4160=IFCPROPERTYSINGLEVALUE('WarrantyEnd',$,IFCLABEL('None (heritage asset, pre-dates warranties)'),$);
#4161=IFCPROPERTYSINGLEVALUE('MaintenanceContractor',$,IFCLABEL('Demo contractor \X2\2014\X0\ heritage ironwork and ceramics'),$);
#4162=IFCPROPERTYSINGLEVALUE('MaintenanceStrategy',$,IFCLABEL('Condition-based'),$);
#4163=IFCPROPERTYSINGLEVALUE('Note',$,IFCLABEL('Loose tesserae at the seat front, re-set scheduled (demo)'),$);
#4164=IFCPROPERTYSET('3$xyGA3B14vgXnrWaBqt15',#5,'Pset_CDE_AssetManagement (demo)',$,(#4149,#4150,#4151,#4152,#4153,#4154,#4155,#4156,#4157,#4158,#4159,#4160,#4161,#4162,#4163));
#4165=IFCRELDEFINESBYPROPERTIES('1xG1UnD9XDsBCRY02PngTk',#5,$,$,(#4129),#4164);
#4166=IFCCARTESIANPOINT((-22.875978325863816,24.623901478253746));
#4167=IFCCARTESIANPOINT((-23.13841580257414,24.758369332971288));
#4168=IFCCARTESIANPOINT((-23.38065864878047,24.91173498867687));
#4169=IFCCARTESIANPOINT((-23.604082152936755,25.082711473197435));
#4170=IFCCARTESIANPOINT((-23.809504024293688,25.27053358774993));
#4171=IFCCARTESIANPOINT((-23.99729029468192,25.47485880580537));
#4172=IFCCARTESIANPOINT((-24.167399298743042,25.695726117116546));
#4173=IFCCARTESIANPOINT((-24.319376772716524,25.93356061419214));
#4174=IFCCARTESIANPOINT((-24.45230066363331,26.18922513893985));
#4175=IFCCARTESIANPOINT((-24.598333118957463,26.05257038420369));
#4176=IFCCARTESIANPOINT((-24.465409228040674,25.79690585945598));
#4177=IFCCARTESIANPOINT((-24.313431754067192,25.559071362380386));
#4178=IFCCARTESIANPOINT((-24.14332275000607,25.33820405106921));
#4179=IFCCARTESIANPOINT((-23.95553647961784,25.13387883301377));
#4180=IFCCARTESIANPOINT((-23.750114608260905,24.946056718461275));
#4181=IFCCARTESIANPOINT((-23.52669110410462,24.77508023394071));
#4182=IFCCARTESIANPOINT((-23.284448257898294,24.621714578235128));
#4183=IFCCARTESIANPOINT((-23.022010781187966,24.487246723517586));
#4184=IFCCARTESIANPOINT((-22.875978325863816,24.623901478253746));
#4185=IFCPOLYLINE((#4166,#4167,#4168,#4169,#4170,#4171,#4172,#4173,#4174,#4175,#4176,#4177,#4178,#4179,#4180,#4181,#4182,#4183,#4184));
#4186=IFCARBITRARYCLOSEDPROFILEDEF(.AREA.,$,#4185);
#4187=IFCCARTESIANPOINT((0.,0.,0.99));
#4188=IFCAXIS2PLACEMENT3D(#4187,$,$);
#4189=IFCDIRECTION((0.,0.,1.));
#4190=IFCEXTRUDEDAREASOLID(#4186,#4188,#4189,0.4);
#4191=IFCCARTESIANPOINT((0.,0.));
#4192=IFCDIRECTION((1.,0.));
#4193=IFCAXIS2PLACEMENT2D(#4191,#4192);
#4194=IFCCIRCLEPROFILEDEF(.AREA.,$,#4193,0.1);
#4195=IFCCARTESIANPOINT((-22.948994553525893,24.555574100885664,1.3900000000000001));
#4196=IFCDIRECTION((-0.8830099636059764,0.46935424166888295,0.));
#4197=IFCDIRECTION((0.469354241668883,0.8830099636059765,-0.));
#4198=IFCAXIS2PLACEMENT3D(#4195,#4196,#4197);
#4199=IFCDIRECTION((0.,0.,1.));
#4200=IFCEXTRUDEDAREASOLID(#4194,#4198,#4199,0.3911030145650754);
#4201=IFCCARTESIANPOINT((0.,0.));
#4202=IFCDIRECTION((1.,0.));
#4203=IFCAXIS2PLACEMENT2D(#4201,#4202);
#4204=IFCCIRCLEPROFILEDEF(.AREA.,$,#4203,0.1);
#4205=IFCCARTESIANPOINT((-23.294342412183187,24.73913995970127,1.3900000000000001));
#4206=IFCDIRECTION((-0.8203067273190471,0.5719238350647002,0.));
#4207=IFCDIRECTION((0.5719238350647003,0.8203067273190472,-0.));
#4208=IFCAXIS2PLACEMENT3D(#4205,#4206,#4207);
#4209=IFCDIRECTION((0.,0.,1.));
#4210=IFCEXTRUDEDAREASOLID(#4204,#4208,#4209,0.37828780051139216);
#4211=IFCCARTESIANPOINT((0.,0.));
#4212=IFCDIRECTION((1.,0.));
#4213=IFCAXIS2PLACEMENT2D(#4211,#4212);
#4214=IFCCIRCLEPROFILEDEF(.AREA.,$,#4213,0.1);
#4215=IFCCARTESIANPOINT((-23.604654439805408,24.955491769327935,1.3900000000000001));
#4216=IFCDIRECTION((-0.7477798805416331,0.6639467224537983,0.));
#4217=IFCDIRECTION((0.6639467224537983,0.7477798805416331,-0.));
#4218=IFCAXIS2PLACEMENT3D(#4215,#4216,#4217);
#4219=IFCDIRECTION((0.,0.,1.));
#4220=IFCEXTRUDEDAREASOLID(#4214,#4218,#4219,0.3715877083361642);
#4221=IFCCARTESIANPOINT((0.,0.));
#4222=IFCDIRECTION((1.,0.));
#4223=IFCAXIS2PLACEMENT2D(#4221,#4222);
#4224=IFCCIRCLEPROFILEDEF(.AREA.,$,#4223,0.1);
#4225=IFCCARTESIANPOINT((-23.882520251955764,25.20220621038185,1.3900000000000001));
#4226=IFCDIRECTION((-0.6659435866354922,0.746002104165301,0.));
#4227=IFCDIRECTION((0.746002104165301,0.6659435866354922,-0.));
#4228=IFCAXIS2PLACEMENT3D(#4225,#4226,#4227);
#4229=IFCDIRECTION((0.,0.,1.));
#4230=IFCEXTRUDEDAREASOLID(#4224,#4228,#4229,0.37010200668599336);
#4231=IFCCARTESIANPOINT((0.,0.));
#4232=IFCDIRECTION((1.,0.));
#4233=IFCAXIS2PLACEMENT2D(#4231,#4232);
#4234=IFCCIRCLEPROFILEDEF(.AREA.,$,#4233,0.1);
#4235=IFCCARTESIANPOINT((-24.128987309709228,25.4783030861254,1.3900000000000001));
#4236=IFCDIRECTION((-0.5749003214001591,0.8182234538645259,0.));
#4237=IFCDIRECTION((0.8182234538645259,0.5749003214001591,-0.));
#4238=IFCAXIS2PLACEMENT3D(#4235,#4236,#4237);
#4239=IFCDIRECTION((0.,0.,1.));
#4240=IFCEXTRUDEDAREASOLID(#4234,#4238,#4239,0.37364293946556953);
#4241=IFCCARTESIANPOINT((0.,0.));
#4242=IFCDIRECTION((1.,0.));
#4243=IFCAXIS2PLACEMENT2D(#4241,#4242);
#4244=IFCCIRCLEPROFILEDEF(.AREA.,$,#4243,0.1);
#4245=IFCCARTESIANPOINT((-24.343794755696884,25.784026502567013,1.3900000000000001));
#4246=IFCDIRECTION((-0.4743630011962707,0.8803293378594552,0.));
#4247=IFCDIRECTION((0.8803293378594552,0.4743630011962707,-0.));
#4248=IFCAXIS2PLACEMENT3D(#4245,#4246,#4247);
#4249=IFCDIRECTION((0.,0.,1.));
#4250=IFCEXTRUDEDAREASOLID(#4244,#4248,#4249,0.38266503740960284);
#4251=IFCSTYLEDITEM(#4190,(#29),$);
#4252=IFCSTYLEDITEM(#4200,(#29),$);
#4253=IFCSTYLEDITEM(#4210,(#29),$);
#4254=IFCSTYLEDITEM(#4220,(#29),$);
#4255=IFCSTYLEDITEM(#4230,(#29),$);
#4256=IFCSTYLEDITEM(#4240,(#29),$);
#4257=IFCSTYLEDITEM(#4250,(#29),$);
#4258=IFCSHAPEREPRESENTATION(#16,'Body','SweptSolid',(#4190,#4200,#4210,#4220,#4230,#4240,#4250));
#4259=IFCPRODUCTDEFINITIONSHAPE($,$,(#4258));
#4260=IFCLOCALPLACEMENT(#23,#13);
#4261=IFCFURNITURE('0JhigLic52VwbQoCMX7dg1',#5,'Respatller 2 \X2\00B7\X0\ Backrest',$,'Curved backrest with a rounded top roll, trencad\X2\00ED\X0\s',#4260,#4259,'PFAL-ELM-009',.USERDEFINED.);
#4262=IFCRELASSOCIATESMATERIAL('24Z3mn7Ej2Bfwr3S9hHQK0',#5,$,$,(#4261),#30);
#4263=IFCPROPERTYSINGLEVALUE('Material',$,IFCLABEL('Trencad\X2\00ED\X0\s, white glazed ceramic on mortar'),$);
#4264=IFCPROPERTYSINGLEVALUE('Category',$,IFCLABEL('Ceramic'),$);
#4265=IFCPROPERTYSINGLEVALUE('Description',$,IFCLABEL('Broken white glazed tiles set in mortar over a brick and concrete core: the modernista \X2\00AB\X0\trencad\X2\00ED\X0\s\X2\00BB\X0\'),$);
#4266=IFCPROPERTYSINGLEVALUE('MassDensity_kg_m3',$,IFCREAL(2000.),$);
#4267=IFCPROPERTYSET('1UfCfeaL5CdvIfAMYLqUTm',#5,'Pset_CDE_Material',$,(#4263,#4264,#4265,#4266));
#4268=IFCRELDEFINESBYPROPERTIES('0s$bO8AADCER8jCdMGCVA5',#5,$,$,(#4261),#4267);
#4269=IFCPROPERTYSINGLEVALUE('GeometrySource',$,IFCLABEL('Form from Wikimedia Commons photographs; dimensions estimated; position in a gap of the OSM island tree row'),$);
#4270=IFCPROPERTYSINGLEVALUE('Confidence',$,IFCLABEL('Medium'),$);
#4271=IFCPROPERTYSINGLEVALUE('Reference',$,IFCLABEL('Commons Category:Fanals-bancs (\X2\00AB\X0\Banc-fanal del passeig de Gr\X2\00E0\X0\cia.jpg\X2\00BB\X0\, \X2\00AB\X0\109 Banc fanal\X2\202600BB\X0\, \X2\00AB\X0\035 Banc de trencad\X2\00ED\X0\s\X2\202600BB\X0\); OSM tree nodes 12633020995/96 and 12633020992/93 (ODbL)'),$);
#4272=IFCPROPERTYSET('0ra76if$P0yRVpZW6Pl7Ky',#5,'Pset_CDE_Provenance',$,(#4269,#4270,#4271));
#4273=IFCRELDEFINESBYPROPERTIES('2JPfhYXZXBwxdsqIuuaxCG',#5,$,$,(#4261),#4272);
#4274=IFCPROPERTYSINGLEVALUE('BackHeight_mm',$,IFCINTEGER(500),$);
#4275=IFCPROPERTYSET('1F3fvo8ljDERAtfLiPl4Q2',#5,'Pset_CDE_Specification',$,(#4274));
#4276=IFCRELDEFINESBYPROPERTIES('0kHQ5Ojqf1TgsurQUuFCjP',#5,$,$,(#4261),#4275);
#4277=IFCPROPERTYSINGLEVALUE('DataStatus',$,IFCLABEL('Illustrative demo values \X2\2014\X0\ not the owner''s as-built register'),$);
#4278=IFCPROPERTYSINGLEVALUE('AssetOwner',$,IFCLABEL('Ajuntament de Barcelona (register values are demo)'),$);
#4279=IFCPROPERTYSINGLEVALUE('Manufacturer',$,IFCLABEL('Original ironwork, 1906 (workshop not recorded here)'),$);
#4280=IFCPROPERTYSINGLEVALUE('Model',$,IFCLABEL('Banc-fanal, municipal model by Pere Falqu\X2\00E9\X0\s i Urp\X2\00ED\X0\ (1906)'),$);
#4281=IFCPROPERTYSINGLEVALUE('SerialNumber',$,IFCLABEL('BCN-PFA-PGR-008'),$);
#4282=IFCPROPERTYSINGLEVALUE('LifecycleStatus',$,IFCLABEL('In service'),$);
#4283=IFCPROPERTYSINGLEVALUE('InstallationYear',$,IFCINTEGER(1906),$);
#4284=IFCPROPERTYSINGLEVALUE('LastInspection',$,IFCLABEL('2026-06-17'),$);
#4285=IFCPROPERTYSINGLEVALUE('InspectionInterval_months',$,IFCINTEGER(6),$);
#4286=IFCPROPERTYSINGLEVALUE('NextInspection',$,IFCLABEL('2026-12-17'),$);
#4287=IFCPROPERTYSINGLEVALUE('ConditionIndex_1to5',$,IFCINTEGER(4),$);
#4288=IFCPROPERTYSINGLEVALUE('WarrantyEnd',$,IFCLABEL('None (heritage asset, pre-dates warranties)'),$);
#4289=IFCPROPERTYSINGLEVALUE('MaintenanceContractor',$,IFCLABEL('Demo contractor \X2\2014\X0\ heritage ironwork and ceramics'),$);
#4290=IFCPROPERTYSINGLEVALUE('MaintenanceStrategy',$,IFCLABEL('Condition-based'),$);
#4291=IFCPROPERTYSET('1fSZUbpNTES8Sk7LyIWDpr',#5,'Pset_CDE_AssetManagement (demo)',$,(#4277,#4278,#4279,#4280,#4281,#4282,#4283,#4284,#4285,#4286,#4287,#4288,#4289,#4290));
#4292=IFCRELDEFINESBYPROPERTIES('102ub98mr9HB7enTu1x_FS',#5,$,$,(#4261),#4291);
#4293=IFCCARTESIANPOINT((0.,0.));
#4294=IFCDIRECTION((-0.6832737736807996,0.730162276620752));
#4295=IFCAXIS2PLACEMENT2D(#4293,#4294);
#4296=IFCRECTANGLEPROFILEDEF(.AREA.,$,#4295,0.7000000000000001,0.7);
#4297=IFCCARTESIANPOINT((-24.5545005252969,26.43597784120941,-0.41999999999999993));
#4298=IFCAXIS2PLACEMENT3D(#4297,$,$);
#4299=IFCDIRECTION((0.,0.,1.));
#4300=IFCEXTRUDEDAREASOLID(#4296,#4298,#4299,0.8);
#4301=IFCSTYLEDITEM(#4300,(#83),$);
#4302=IFCSHAPEREPRESENTATION(#16,'Body','SweptSolid',(#4300));
#4303=IFCPRODUCTDEFINITIONSHAPE($,$,(#4302));
#4304=IFCLOCALPLACEMENT(#23,#13);
#4305=IFCFOOTING('0yU6qu0fb9nPexBtL_lmvP',#5,'Fonament del fanal 2 \X2\00B7\X0\ Lamp footing',$,'Concrete pad 700 \X2\00D7\X0\ 700 \X2\00D7\X0\ 800 with anchor cage',#4304,#4303,'PFAL-ELM-010',.PAD_FOOTING.);
#4306=IFCRELASSOCIATESMATERIAL('32VTrtHBPC1xnpbAvy9D6K',#5,$,$,(#4305),#84);
#4307=IFCPROPERTYSINGLEVALUE('Material',$,IFCLABEL('Concrete C20/25, base and footings'),$);
#4308=IFCPROPERTYSINGLEVALUE('Category',$,IFCLABEL('Concrete'),$);
#4309=IFCPROPERTYSINGLEVALUE('MassDensity_kg_m3',$,IFCREAL(2400.),$);
#4310=IFCPROPERTYSET('0qXQMUc3z59wcBQOdZbLhK',#5,'Pset_CDE_Material',$,(#4307,#4308,#4309));
#4311=IFCRELDEFINESBYPROPERTIES('1u32c4d5n7Pevr08_ToaNO',#5,$,$,(#4305),#4310);
#4312=IFCPROPERTYSINGLEVALUE('GeometrySource',$,IFCLABEL('Below the pavement: not visible in any open source; typical for a Barcelona street-lighting circuit'),$);
#4313=IFCPROPERTYSINGLEVALUE('Confidence',$,IFCLABEL('Low'),$);
#4314=IFCPROPERTYSET('3fLYjsSkL8sw66IX$jcfue',#5,'Pset_CDE_Provenance',$,(#4312,#4313));
#4315=IFCRELDEFINESBYPROPERTIES('1AOdhhJ4v9Rebxo$dEoOx2',#5,$,$,(#4305),#4314);
#4316=IFCPROPERTYSINGLEVALUE('Size_mm',$,IFCLABEL('700 \X2\00D7\X0\ 700 \X2\00D7\X0\ 800'),$);
#4317=IFCPROPERTYSINGLEVALUE('Anchors',$,IFCLABEL('4 \X2\00D7\X0\ M24 (demo)'),$);
#4318=IFCPROPERTYSET('3bNi_0iCHB0vsm620xgjwh',#5,'Pset_CDE_Specification',$,(#4316,#4317));
#4319=IFCRELDEFINESBYPROPERTIES('3PGa8$3DX32wcA6rX_dC31',#5,$,$,(#4305),#4318);
#4320=IFCPROPERTYSINGLEVALUE('DataStatus',$,IFCLABEL('Illustrative demo values \X2\2014\X0\ not the owner''s as-built register'),$);
#4321=IFCPROPERTYSINGLEVALUE('AssetOwner',$,IFCLABEL('Ajuntament de Barcelona \X2\2014\X0\ public lighting (demo)'),$);
#4322=IFCPROPERTYSINGLEVALUE('Manufacturer',$,IFCLABEL('Demo civil contractor'),$);
#4323=IFCPROPERTYSINGLEVALUE('Model',$,IFCLABEL('Pad footing'),$);
#4324=IFCPROPERTYSINGLEVALUE('SerialNumber',$,IFCLABEL('BCN-ELE-PGR-003'),$);
#4325=IFCPROPERTYSINGLEVALUE('LifecycleStatus',$,IFCLABEL('In service'),$);
#4326=IFCPROPERTYSINGLEVALUE('InstallationYear',$,IFCINTEGER(2009),$);
#4327=IFCPROPERTYSINGLEVALUE('LastInspection',$,IFCLABEL('2026-06-17'),$);
#4328=IFCPROPERTYSINGLEVALUE('InspectionInterval_months',$,IFCINTEGER(60),$);
#4329=IFCPROPERTYSINGLEVALUE('NextInspection',$,IFCLABEL('2031-06-17'),$);
#4330=IFCPROPERTYSINGLEVALUE('ConditionIndex_1to5',$,IFCINTEGER(4),$);
#4331=IFCPROPERTYSINGLEVALUE('WarrantyEnd',$,IFCLABEL('2019-12-31 (expired)'),$);
#4332=IFCPROPERTYSINGLEVALUE('MaintenanceContractor',$,IFCLABEL('Demo contractor \X2\2014\X0\ public lighting'),$);
#4333=IFCPROPERTYSINGLEVALUE('MaintenanceStrategy',$,IFCLABEL('Condition-based'),$);
#4334=IFCPROPERTYSET('3kNgmV_mT9L8ugeEM_815z',#5,'Pset_CDE_AssetManagement (demo)',$,(#4320,#4321,#4322,#4323,#4324,#4325,#4326,#4327,#4328,#4329,#4330,#4331,#4332,#4333));
#4335=IFCRELDEFINESBYPROPERTIES('0LwaII5Zz50vI_hbIUzPlH',#5,$,$,(#4305),#4334);
#4336=IFCCARTESIANPOINT((0.,0.));
#4337=IFCDIRECTION((-0.6832737736807996,0.730162276620752));
#4338=IFCAXIS2PLACEMENT2D(#4336,#4337);
#4339=IFCRECTANGLEPROFILEDEF(.AREA.,$,#4338,0.18000000000000016,0.18);
#4340=IFCCARTESIANPOINT((-24.5545005252969,26.43597784120941,1.15));
#4341=IFCAXIS2PLACEMENT3D(#4340,$,$);
#4342=IFCDIRECTION((0.,0.,1.));
#4343=IFCEXTRUDEDAREASOLID(#4339,#4341,#4342,0.4);
#4344=IFCCARTESIANPOINT((0.,0.));
#4345=IFCDIRECTION((-0.6832737736807996,0.730162276620752));
#4346=IFCAXIS2PLACEMENT2D(#4344,#4345);
#4347=IFCRECTANGLEPROFILEDEF(.AREA.,$,#4346,0.1200000000000001,0.010000000000000009);
#4348=IFCCARTESIANPOINT((-24.485135109017925,26.500888849709085,1.21));
#4349=IFCAXIS2PLACEMENT3D(#4348,$,$);
#4350=IFCDIRECTION((0.,0.,1.));
#4351=IFCEXTRUDEDAREASOLID(#4347,#4349,#4350,0.28);
#4352=IFCSTYLEDITEM(#4343,(#47),$);
#4353=IFCSTYLEDITEM(#4351,(#47),$);
#4354=IFCSHAPEREPRESENTATION(#16,'Body','SweptSolid',(#4343,#4351));
#4355=IFCPRODUCTDEFINITIONSHAPE($,$,(#4354));
#4356=IFCLOCALPLACEMENT(#23,#13);
#4357=IFCJUNCTIONBOX('2Us9pijN5B0BoWpboyLeu8',#5,'Caixa de connexi\X2\00F3\X0\ 2 \X2\00B7\X0\ Connection box in the post base',$,'Connection box with fuses behind a bolted door in the post base',#4356,#4355,'PFAL-ELM-011',.POWER.);
#4358=IFCRELASSOCIATESMATERIAL('0L6m0Md4z28P8axpBPzX3p',#5,$,$,(#4357),#48);
#4359=IFCPROPERTYSINGLEVALUE('Material',$,IFCLABEL('Cast iron, painted dark grey'),$);
#4360=IFCPROPERTYSINGLEVALUE('Category',$,IFCLABEL('Iron'),$);
#4361=IFCPROPERTYSINGLEVALUE('MassDensity_kg_m3',$,IFCREAL(7200.),$);
#4362=IFCPROPERTYSET('1XtvsiQRb4C95MUTFvSyLG',#5,'Pset_CDE_Material',$,(#4359,#4360,#4361));
#4363=IFCRELDEFINESBYPROPERTIES('0MNny3vPr8BPZYHfwfGKkf',#5,$,$,(#4357),#4362);
#4364=IFCPROPERTYSINGLEVALUE('GeometrySource',$,IFCLABEL('Typical dimensions and detailing for Barcelona street lighting; not visible in any open source'),$);
#4365=IFCPROPERTYSINGLEVALUE('Confidence',$,IFCLABEL('Low'),$);
#4366=IFCPROPERTYSET('3P81gOox183eV0AztGWj7u',#5,'Pset_CDE_Provenance',$,(#4364,#4365));
#4367=IFCRELDEFINESBYPROPERTIES('3Gv$al2gP7I9$K3cc9UnW_',#5,$,$,(#4357),#4366);
#4368=IFCPROPERTYSINGLEVALUE('Fuses',$,IFCLABEL('2 \X2\00D7\X0\ 6 A gG (demo)'),$);
#4369=IFCPROPERTYSINGLEVALUE('Class',$,IFCLABEL('II'),$);
#4370=IFCPROPERTYSINGLEVALUE('IngressProtection',$,IFCLABEL('IP44'),$);
#4371=IFCPROPERTYSINGLEVALUE('Access',$,IFCLABEL('Bolted door, triangular key'),$);
#4372=IFCPROPERTYSET('060cAm3YP3zAQGXfz6o3SR',#5,'Pset_CDE_Specification',$,(#4368,#4369,#4370,#4371));
#4373=IFCRELDEFINESBYPROPERTIES('1VuBYQAQ1BZvwzDoOyrCHC',#5,$,$,(#4357),#4372);
#4374=IFCPROPERTYSINGLEVALUE('DataStatus',$,IFCLABEL('Illustrative demo values \X2\2014\X0\ not the owner''s as-built register'),$);
#4375=IFCPROPERTYSINGLEVALUE('AssetOwner',$,IFCLABEL('Ajuntament de Barcelona \X2\2014\X0\ public lighting (demo)'),$);
#4376=IFCPROPERTYSINGLEVALUE('Manufacturer',$,IFCLABEL('Demo electrical supplier'),$);
#4377=IFCPROPERTYSINGLEVALUE('Model',$,IFCLABEL('Pole connection box CL-2'),$);
#4378=IFCPROPERTYSINGLEVALUE('SerialNumber',$,IFCLABEL('BCN-ELE-PGR-004'),$);
#4379=IFCPROPERTYSINGLEVALUE('LifecycleStatus',$,IFCLABEL('In service'),$);
#4380=IFCPROPERTYSINGLEVALUE('InstallationYear',$,IFCINTEGER(2009),$);
#4381=IFCPROPERTYSINGLEVALUE('LastInspection',$,IFCLABEL('2026-06-17'),$);
#4382=IFCPROPERTYSINGLEVALUE('InspectionInterval_months',$,IFCINTEGER(12),$);
#4383=IFCPROPERTYSINGLEVALUE('NextInspection',$,IFCLABEL('2027-06-17'),$);
#4384=IFCPROPERTYSINGLEVALUE('ConditionIndex_1to5',$,IFCINTEGER(4),$);
#4385=IFCPROPERTYSINGLEVALUE('WarrantyEnd',$,IFCLABEL('2019-12-31 (expired)'),$);
#4386=IFCPROPERTYSINGLEVALUE('MaintenanceContractor',$,IFCLABEL('Demo contractor \X2\2014\X0\ public lighting'),$);
#4387=IFCPROPERTYSINGLEVALUE('MaintenanceStrategy',$,IFCLABEL('Condition-based'),$);
#4388=IFCPROPERTYSET('0Pcc6$SKjFwen4KU_ZQuPy',#5,'Pset_CDE_AssetManagement (demo)',$,(#4374,#4375,#4376,#4377,#4378,#4379,#4380,#4381,#4382,#4383,#4384,#4385,#4386,#4387));
#4389=IFCRELDEFINESBYPROPERTIES('32ICpGrjfFHBOodgxvqH54',#5,$,$,(#4357),#4388);
#4390=IFCLOCALPLACEMENT(#23,#13);
#4391=IFCELEMENTASSEMBLY('33W2ZjSIT7QOR6KezQxHI7',#5,'Fanal de dos llums 2 \X2\00B7\X0\ Two-light lamp 2',$,'Iron lamp rising from the bench',#4390,$,'PFAL-ASM-004',.NOTDEFINED.,.USERDEFINED.);
#4392=IFCPROPERTYSINGLEVALUE('Lights',$,IFCINTEGER(2),$);
#4393=IFCPROPERTYSINGLEVALUE('Control',$,IFCLABEL('Street-lighting circuit, astronomical clock'),$);
#4394=IFCPROPERTYSINGLEVALUE('Retrofit',$,IFCLABEL('LED, 2019 (demo)'),$);
#4395=IFCPROPERTYSET('0jhJNwxLj3_xWGZy_KOGx1',#5,'Pset_CDE_Specification',$,(#4392,#4393,#4394));
#4396=IFCRELDEFINESBYPROPERTIES('28u1Pk65b68AZeks52OM6i',#5,$,$,(#4391),#4395);
#4397=IFCPROPERTYSINGLEVALUE('DataStatus',$,IFCLABEL('Illustrative demo values \X2\2014\X0\ not the owner''s as-built register'),$);
#4398=IFCPROPERTYSINGLEVALUE('AssetOwner',$,IFCLABEL('Ajuntament de Barcelona \X2\2014\X0\ public lighting (demo)'),$);
#4399=IFCPROPERTYSINGLEVALUE('Manufacturer',$,IFCLABEL('Original ironwork, 1906 (workshop not recorded here)'),$);
#4400=IFCPROPERTYSINGLEVALUE('Model',$,IFCLABEL('Banc-fanal, municipal model by Pere Falqu\X2\00E9\X0\s i Urp\X2\00ED\X0\ (1906)'),$);
#4401=IFCPROPERTYSINGLEVALUE('SerialNumber',$,IFCLABEL('BCN-ENL-PGR-015'),$);
#4402=IFCPROPERTYSINGLEVALUE('LifecycleStatus',$,IFCLABEL('In service'),$);
#4403=IFCPROPERTYSINGLEVALUE('InstallationYear',$,IFCINTEGER(2019),$);
#4404=IFCPROPERTYSINGLEVALUE('LastInspection',$,IFCLABEL('2026-06-17'),$);
#4405=IFCPROPERTYSINGLEVALUE('InspectionInterval_months',$,IFCINTEGER(12),$);
#4406=IFCPROPERTYSINGLEVALUE('NextInspection',$,IFCLABEL('2027-06-17'),$);
#4407=IFCPROPERTYSINGLEVALUE('ConditionIndex_1to5',$,IFCINTEGER(4),$);
#4408=IFCPROPERTYSINGLEVALUE('WarrantyEnd',$,IFCLABEL('2024-12-31 (expired)'),$);
#4409=IFCPROPERTYSINGLEVALUE('MaintenanceContractor',$,IFCLABEL('Demo contractor \X2\2014\X0\ public lighting'),$);
#4410=IFCPROPERTYSINGLEVALUE('MaintenanceStrategy',$,IFCLABEL('Condition-based'),$);
#4411=IFCPROPERTYSET('1w6YuuGxfC1AMHuCw7kwXj',#5,'Pset_CDE_AssetManagement (demo)',$,(#4397,#4398,#4399,#4400,#4401,#4402,#4403,#4404,#4405,#4406,#4407,#4408,#4409,#4410));
#4412=IFCRELDEFINESBYPROPERTIES('3gpKFicSv5ZfueTdsfQdkC',#5,$,$,(#4391),#4411);
#4413=IFCPROPERTYSINGLEVALUE('GeometrySource',$,IFCLABEL('Form from Wikimedia Commons photographs; dimensions estimated; position in a gap of the OSM island tree row'),$);
#4414=IFCPROPERTYSINGLEVALUE('Confidence',$,IFCLABEL('Medium'),$);
#4415=IFCPROPERTYSINGLEVALUE('Reference',$,IFCLABEL('Commons Category:Fanals-bancs (\X2\00AB\X0\Banc-fanal del passeig de Gr\X2\00E0\X0\cia.jpg\X2\00BB\X0\, \X2\00AB\X0\109 Banc fanal\X2\202600BB\X0\, \X2\00AB\X0\035 Banc de trencad\X2\00ED\X0\s\X2\202600BB\X0\); OSM tree nodes 12633020995/96 and 12633020992/93 (ODbL)'),$);
#4416=IFCPROPERTYSET('2Qny4HKSHFJeH2fSAuqa0v',#5,'Pset_CDE_Provenance',$,(#4413,#4414,#4415));
#4417=IFCRELDEFINESBYPROPERTIES('3s8wOWlKLAOfXLhXLsNDTi',#5,$,$,(#4391),#4416);
#4418=IFCCARTESIANPOINT((0.,0.));
#4419=IFCDIRECTION((-0.6832737736807996,0.730162276620752));
#4420=IFCAXIS2PLACEMENT2D(#4418,#4419);
#4421=IFCRECTANGLEPROFILEDEF(.AREA.,$,#4420,0.10999999999999988,0.10999999999999999);
#4422=IFCCARTESIANPOINT((-24.5545005252969,26.43597784120941,-0.020000000000000018));
#4423=IFCAXIS2PLACEMENT3D(#4422,$,$);
#4424=IFCDIRECTION((0.,0.,1.));
#4425=IFCEXTRUDEDAREASOLID(#4421,#4423,#4424,7.4);
#4426=IFCCARTESIANPOINT((-24.5545005252969,26.43597784120941,1.55));
#4427=IFCDIRECTION((0.,-1.,0.));
#4428=IFCDIRECTION((1.,0.,0.));
#4429=IFCAXIS2PLACEMENT3D(#4426,#4427,#4428);
#4430=IFCCARTESIANPOINT((0.,0.));
#4431=IFCCARTESIANPOINT((0.13,0.));
#4432=IFCCARTESIANPOINT((0.13,0.05));
#4433=IFCCARTESIANPOINT((0.09,0.12));
#4434=IFCCARTESIANPOINT((0.1,0.2));
#4435=IFCCARTESIANPOINT((0.075,0.3));
#4436=IFCCARTESIANPOINT((0.,0.3));
#4437=IFCCARTESIANPOINT((0.,0.));
#4438=IFCPOLYLINE((#4430,#4431,#4432,#4433,#4434,#4435,#4436,#4437));
#4439=IFCARBITRARYCLOSEDPROFILEDEF(.AREA.,$,#4438);
#4440=IFCCARTESIANPOINT((0.,0.,0.));
#4441=IFCDIRECTION((0.,1.,0.));
#4442=IFCAXIS1PLACEMENT(#4440,#4441);
#4443=IFCREVOLVEDAREASOLID(#4439,#4429,#4442,6.283185307179586);
#4444=IFCSTYLEDITEM(#4425,(#38),$);
#4445=IFCSTYLEDITEM(#4443,(#38),$);
#4446=IFCSHAPEREPRESENTATION(#16,'Body','SweptSolid',(#4425,#4443));
#4447=IFCPRODUCTDEFINITIONSHAPE($,$,(#4446));
#4448=IFCLOCALPLACEMENT(#23,#13);
#4449=IFCCOLUMN('003lttxjz18fkk4tr9eLHE',#5,'Pal principal 2 \X2\00B7\X0\ Main post',$,'Square wrought-iron post 110 mm with cast base moulding, embedded 0.55 m in the footing',#4448,#4447,'PFAL-COL-002',.USERDEFINED.);
#4450=IFCRELASSOCIATESMATERIAL('1YxDRR5G57$RzHCg9K1b$4',#5,$,$,(#4449),#39);
#4451=IFCPROPERTYSINGLEVALUE('Reference',$,IFCLABEL('Square wrought-iron post 110 mm with cast base moulding, embedded 0.55 m in the footing'),$);
#4452=IFCPROPERTYSINGLEVALUE('IsExternal',$,IFCBOOLEAN(.T.),$);
#4453=IFCPROPERTYSINGLEVALUE('LoadBearing',$,IFCBOOLEAN(.T.),$);
#4454=IFCPROPERTYSINGLEVALUE('Status',$,IFCLABEL('EXISTING'),$);
#4455=IFCPROPERTYSET('1hOzhzwOL3TRtsdCLN_Liu',#5,'Pset_ColumnCommon',$,(#4451,#4452,#4453,#4454));
#4456=IFCRELDEFINESBYPROPERTIES('2zYoNJ9N9Blw$okAZ4dCqX',#5,$,$,(#4449),#4455);
#4457=IFCPROPERTYSINGLEVALUE('Material',$,IFCLABEL('Wrought and cast iron, painted dark brown-black'),$);
#4458=IFCPROPERTYSINGLEVALUE('Category',$,IFCLABEL('Iron'),$);
#4459=IFCPROPERTYSINGLEVALUE('Description',$,IFCLABEL('Forged scrollwork and cast parts, the near-black brown of the Passeig''s 1906 ironwork'),$);
#4460=IFCPROPERTYSINGLEVALUE('MassDensity_kg_m3',$,IFCREAL(7600.),$);
#4461=IFCPROPERTYSET('2PFAc2pVnDp9OtQIQZYQta',#5,'Pset_CDE_Material',$,(#4457,#4458,#4459,#4460));
#4462=IFCRELDEFINESBYPROPERTIES('233iZ3xXX6uvj12_LfopE1',#5,$,$,(#4449),#4461);
#4463=IFCPROPERTYSINGLEVALUE('GeometrySource',$,IFCLABEL('Form from Wikimedia Commons photographs; dimensions estimated; position in a gap of the OSM island tree row'),$);
#4464=IFCPROPERTYSINGLEVALUE('Confidence',$,IFCLABEL('Medium'),$);
#4465=IFCPROPERTYSINGLEVALUE('Reference',$,IFCLABEL('Commons Category:Fanals-bancs (\X2\00AB\X0\Banc-fanal del passeig de Gr\X2\00E0\X0\cia.jpg\X2\00BB\X0\, \X2\00AB\X0\109 Banc fanal\X2\202600BB\X0\, \X2\00AB\X0\035 Banc de trencad\X2\00ED\X0\s\X2\202600BB\X0\); OSM tree nodes 12633020995/96 and 12633020992/93 (ODbL)'),$);
#4466=IFCPROPERTYSET('3yo$6G1UjB9u3L9ukT2Lng',#5,'Pset_CDE_Provenance',$,(#4463,#4464,#4465));
#4467=IFCRELDEFINESBYPROPERTIES('3ZlrEgZfL97Q0DxjH8z2dg',#5,$,$,(#4449),#4466);
#4468=IFCPROPERTYSINGLEVALUE('Section_mm',$,IFCLABEL('110 \X2\00D7\X0\ 110'),$);
#4469=IFCPROPERTYSINGLEVALUE('Height_mm',$,IFCINTEGER(6850),$);
#4470=IFCPROPERTYSET('3YT7JAVOj8NOR$iEWXPplH',#5,'Pset_CDE_Specification',$,(#4468,#4469));
#4471=IFCRELDEFINESBYPROPERTIES('1EVp7tWm59BuacnXnGcgC7',#5,$,$,(#4449),#4470);
#4472=IFCPROPERTYSINGLEVALUE('DataStatus',$,IFCLABEL('Illustrative demo values \X2\2014\X0\ not the owner''s as-built register'),$);
#4473=IFCPROPERTYSINGLEVALUE('AssetOwner',$,IFCLABEL('Ajuntament de Barcelona \X2\2014\X0\ public lighting (demo)'),$);
#4474=IFCPROPERTYSINGLEVALUE('Manufacturer',$,IFCLABEL('Original ironwork, 1906 (workshop not recorded here)'),$);
#4475=IFCPROPERTYSINGLEVALUE('Model',$,IFCLABEL('Banc-fanal, municipal model by Pere Falqu\X2\00E9\X0\s i Urp\X2\00ED\X0\ (1906)'),$);
#4476=IFCPROPERTYSINGLEVALUE('SerialNumber',$,IFCLABEL('BCN-ENL-PGR-016'),$);
#4477=IFCPROPERTYSINGLEVALUE('LifecycleStatus',$,IFCLABEL('In service'),$);
#4478=IFCPROPERTYSINGLEVALUE('InstallationYear',$,IFCINTEGER(2019),$);
#4479=IFCPROPERTYSINGLEVALUE('LastInspection',$,IFCLABEL('2026-06-17'),$);
#4480=IFCPROPERTYSINGLEVALUE('InspectionInterval_months',$,IFCINTEGER(12),$);
#4481=IFCPROPERTYSINGLEVALUE('NextInspection',$,IFCLABEL('2027-06-17'),$);
#4482=IFCPROPERTYSINGLEVALUE('ConditionIndex_1to5',$,IFCINTEGER(4),$);
#4483=IFCPROPERTYSINGLEVALUE('WarrantyEnd',$,IFCLABEL('2024-12-31 (expired)'),$);
#4484=IFCPROPERTYSINGLEVALUE('MaintenanceContractor',$,IFCLABEL('Demo contractor \X2\2014\X0\ public lighting'),$);
#4485=IFCPROPERTYSINGLEVALUE('MaintenanceStrategy',$,IFCLABEL('Condition-based'),$);
#4486=IFCPROPERTYSET('1Go4KHI6D9TunQ7LVx39M5',#5,'Pset_CDE_AssetManagement (demo)',$,(#4472,#4473,#4474,#4475,#4476,#4477,#4478,#4479,#4480,#4481,#4482,#4483,#4484,#4485));
#4487=IFCRELDEFINESBYPROPERTIES('1oK_rdRhr6R8SsdoT0DbKc',#5,$,$,(#4449),#4486);
#4488=IFCCARTESIANPOINT((0.,0.));
#4489=IFCDIRECTION((1.,0.));
#4490=IFCAXIS2PLACEMENT2D(#4488,#4489);
#4491=IFCCIRCLEPROFILEDEF(.AREA.,$,#4490,0.03);
#4492=IFCCARTESIANPOINT((-22.709661336358742,24.464539694333382,0.5800000000000001));
#4493=IFCDIRECTION((-0.041362439736292625,0.04420086695519694,0.9981660342545576));
#4494=IFCDIRECTION((0.,0.999020988324653,-0.044238726098674325));
#4495=IFCAXIS2PLACEMENT3D(#4492,#4493,#4494);
#4496=IFCDIRECTION((0.,0.,1.));
#4497=IFCEXTRUDEDAREASOLID(#4491,#4495,#4496,0.7433633028338161);
#4498=IFCCARTESIANPOINT((0.,0.));
#4499=IFCDIRECTION((1.,0.));
#4500=IFCAXIS2PLACEMENT2D(#4498,#4499);
#4501=IFCCIRCLEPROFILEDEF(.AREA.,$,#4500,0.03);
#4502=IFCCARTESIANPOINT((-22.740408656174377,24.497396996781315,1.322));
#4503=IFCDIRECTION((-0.09372798090956735,0.10015990450698524,0.9905468485254836));
#4504=IFCDIRECTION((0.,0.9949266716335252,-0.100602773680626));
#4505=IFCAXIS2PLACEMENT3D(#4502,#4503,#4504);
#4506=IFCDIRECTION((0.,0.,1.));
#4507=IFCEXTRUDEDAREASOLID(#4501,#4505,#4506,0.6925467493245488);
#4508=IFCCARTESIANPOINT((0.,0.));
#4509=IFCDIRECTION((1.,0.));
#4510=IFCAXIS2PLACEMENT2D(#4508,#4509);
#4511=IFCCIRCLEPROFILEDEF(.AREA.,$,#4510,0.03);
#4512=IFCCARTESIANPOINT((-22.80531966467405,24.566762413060285,2.008));
#4513=IFCDIRECTION((-0.15325462086632646,0.16377145909113,0.9745213852811444));
#4514=IFCDIRECTION((0.,0.9861712890757212,-0.1657292629644218));
#4515=IFCAXIS2PLACEMENT3D(#4512,#4513,#4514);
#4516=IFCDIRECTION((0.,0.,1.));
#4517=IFCEXTRUDEDAREASOLID(#4511,#4515,#4516,0.6464711903867026);
#4518=IFCCARTESIANPOINT((0.,0.));
#4519=IFCDIRECTION((1.,0.));
#4520=IFCAXIS2PLACEMENT2D(#4518,#4519);
#4521=IFCCIRCLEPROFILEDEF(.AREA.,$,#4520,0.03);
#4522=IFCCARTESIANPOINT((-22.90439436185777,24.672635943170295,2.638));
#4523=IFCDIRECTION((-0.21978603796340931,0.2348684817570475,0.94685315323628));
#4524=IFCDIRECTION((0.,0.9705858195923497,-0.24075540867495962));
#4525=IFCAXIS2PLACEMENT3D(#4522,#4523,#4524);
#4526=IFCDIRECTION((0.,0.,1.));
#4527=IFCEXTRUDEDAREASOLID(#4521,#4525,#4526,0.6062186074346446);
#4528=IFCCARTESIANPOINT((0.,0.));
#4529=IFCDIRECTION((1.,0.));
#4530=IFCAXIS2PLACEMENT2D(#4528,#4529);
#4531=IFCCIRCLEPROFILEDEF(.AREA.,$,#4530,0.03);
#4532=IFCCARTESIANPOINT((-23.037632747725524,24.815017587111342,3.2119999999999997));
#4533=IFCDIRECTION((-0.2921413196807759,0.3121890218674732,0.9039864290798866));
#4534=IFCDIRECTION((0.,0.9452215674028822,-0.32642945411901575));
#4535=IFCAXIS2PLACEMENT3D(#4532,#4533,#4534);
#4536=IFCDIRECTION((0.,0.,1.));
#4537=IFCEXTRUDEDAREASOLID(#4531,#4535,#4536,0.5730174517412189);
#4538=IFCCARTESIANPOINT((0.,0.));
#4539=IFCDIRECTION((1.,0.));
#4540=IFCAXIS2PLACEMENT2D(#4538,#4539);
#4541=IFCCIRCLEPROFILEDEF(.AREA.,$,#4540,0.03);
#4542=IFCCARTESIANPOINT((-23.20503482227732,24.993907344883425,3.7300000000000004));
#4543=IFCDIRECTION((-0.36771972914625806,0.3929538713968386,0.8428341804595014));
#4544=IFCDIRECTION((0.7301622766207514,0.6832737736808003,-0.));
#4545=IFCAXIS2PLACEMENT3D(#4542,#4543,#4544);
#4546=IFCDIRECTION((0.,0.,1.));
#4547=IFCEXTRUDEDAREASOLID(#4541,#4545,#4546,0.5481505267716169);
#4548=IFCCARTESIANPOINT((0.,0.));
#4549=IFCDIRECTION((1.,0.));
#4550=IFCAXIS2PLACEMENT2D(#4548,#4549);
#4551=IFCCIRCLEPROFILEDEF(.AREA.,$,#4550,0.03);
#4552=IFCCARTESIANPOINT((-23.406600585513157,25.20930521648655,4.192));
#4553=IFCDIRECTION((-0.44244672241391486,0.47280887773698477,0.7620319304059885));
#4554=IFCDIRECTION((0.7301622766207513,0.6832737736808002,-0.));
#4555=IFCAXIS2PLACEMENT3D(#4552,#4553,#4554);
#4556=IFCDIRECTION((0.,0.,1.));
#4557=IFCEXTRUDEDAREASOLID(#4551,#4555,#4556,0.5327860733915634);
#4558=IFCCARTESIANPOINT((0.,0.));
#4559=IFCDIRECTION((1.,0.));
#4560=IFCAXIS2PLACEMENT2D(#4558,#4559);
#4561=IFCCIRCLEPROFILEDEF(.AREA.,$,#4560,0.03);
#4562=IFCCARTESIANPOINT((-23.642330037433034,25.461211201920708,4.598));
#4563=IFCDIRECTION((-0.5113988599775511,0.5464927387025774,0.663186921281638));
#4564=IFCDIRECTION((0.7301622766207514,0.6832737736808002,-0.));
#4565=IFCAXIS2PLACEMENT3D(#4562,#4563,#4564);
#4566=IFCDIRECTION((0.,0.,1.));
#4567=IFCEXTRUDEDAREASOLID(#4561,#4565,#4566,0.5277546778570513);
#4568=IFCCARTESIANPOINT((0.,0.));
#4569=IFCDIRECTION((1.,0.));
#4570=IFCAXIS2PLACEMENT2D(#4568,#4569);
#4571=IFCCIRCLEPROFILEDEF(.AREA.,$,#4570,0.03);
#4572=IFCCARTESIANPOINT((-23.91222317803695,25.749625301185905,4.948));
#4573=IFCDIRECTION((-0.5700899646475783,0.6092114208091639,0.5512339584639202));
#4574=IFCDIRECTION((0.7301622766207513,0.6832737736808002,-0.));
#4575=IFCAXIS2PLACEMENT3D(#4572,#4573,#4574);
#4576=IFCDIRECTION((0.,0.,1.));
#4577=IFCEXTRUDEDAREASOLID(#4571,#4575,#4576,0.5333488539408312);
#4578=IFCCARTESIANPOINT((0.,0.));
#4579=IFCDIRECTION((1.,0.));
#4580=IFCAXIS2PLACEMENT2D(#4578,#4579);
#4581=IFCCIRCLEPROFILEDEF(.AREA.,$,#4580,0.03);
#4582=IFCCARTESIANPOINT((-24.216280007324904,26.074547514282138,5.242));
#4583=IFCDIRECTION((-0.6157928024986769,0.6580505383324732,0.4333228742994859));
#4584=IFCDIRECTION((0.7301622766207547,0.6832737736807967,-0.));
#4585=IFCAXIS2PLACEMENT3D(#4582,#4583,#4584);
#4586=IFCDIRECTION((0.,0.,1.));
#4587=IFCEXTRUDEDAREASOLID(#4581,#4585,#4586,0.5492440259119798);
#4588=IFCSTYLEDITEM(#4497,(#38),$);
#4589=IFCSTYLEDITEM(#4507,(#38),$);
#4590=IFCSTYLEDITEM(#4517,(#38),$);
#4591=IFCSTYLEDITEM(#4527,(#38),$);
#4592=IFCSTYLEDITEM(#4537,(#38),$);
#4593=IFCSTYLEDITEM(#4547,(#38),$);
#4594=IFCSTYLEDITEM(#4557,(#38),$);
#4595=IFCSTYLEDITEM(#4567,(#38),$);
#4596=IFCSTYLEDITEM(#4577,(#38),$);
#4597=IFCSTYLEDITEM(#4587,(#38),$);
#4598=IFCSHAPEREPRESENTATION(#16,'Body','SweptSolid',(#4497,#4507,#4517,#4527,#4537,#4547,#4557,#4567,#4577,#4587));
#4599=IFCPRODUCTDEFINITIONSHAPE($,$,(#4598));
#4600=IFCLOCALPLACEMENT(#23,#13);
#4601=IFCMEMBER('1410wfwknD3gK1Yb7uhCQY',#5,'Montant corbat 2 \X2\00B7\X0\ Curved stay',$,'Curved flat-bar stay from the far end of the bench to the post',#4600,#4599,'PFAL-MEM-009',.MEMBER.);
#4602=IFCRELASSOCIATESMATERIAL('1tEcAWawDCn9eV9CWdmvby',#5,$,$,(#4601),#39);
#4603=IFCPROPERTYSINGLEVALUE('Reference',$,IFCLABEL('Curved flat-bar stay from the far end of the bench to the post'),$);
#4604=IFCPROPERTYSINGLEVALUE('IsExternal',$,IFCBOOLEAN(.T.),$);
#4605=IFCPROPERTYSINGLEVALUE('Status',$,IFCLABEL('EXISTING'),$);
#4606=IFCPROPERTYSET('2ZvrOhV3vDDRhmsxwflQ2c',#5,'Pset_MemberCommon',$,(#4603,#4604,#4605));
#4607=IFCRELDEFINESBYPROPERTIES('3HRUQ9Eaf1FeYOdviX2P91',#5,$,$,(#4601),#4606);
#4608=IFCPROPERTYSINGLEVALUE('Material',$,IFCLABEL('Wrought and cast iron, painted dark brown-black'),$);
#4609=IFCPROPERTYSINGLEVALUE('Category',$,IFCLABEL('Iron'),$);
#4610=IFCPROPERTYSINGLEVALUE('Description',$,IFCLABEL('Forged scrollwork and cast parts, the near-black brown of the Passeig''s 1906 ironwork'),$);
#4611=IFCPROPERTYSINGLEVALUE('MassDensity_kg_m3',$,IFCREAL(7600.),$);
#4612=IFCPROPERTYSET('0WVd_jCoD2MfERrkCKbwKA',#5,'Pset_CDE_Material',$,(#4608,#4609,#4610,#4611));
#4613=IFCRELDEFINESBYPROPERTIES('3UkCKwyiX0tgO1ZrqPz_qb',#5,$,$,(#4601),#4612);
#4614=IFCPROPERTYSINGLEVALUE('GeometrySource',$,IFCLABEL('Form from Wikimedia Commons photographs; dimensions estimated; position in a gap of the OSM island tree row'),$);
#4615=IFCPROPERTYSINGLEVALUE('Confidence',$,IFCLABEL('Medium'),$);
#4616=IFCPROPERTYSINGLEVALUE('Reference',$,IFCLABEL('Commons Category:Fanals-bancs (\X2\00AB\X0\Banc-fanal del passeig de Gr\X2\00E0\X0\cia.jpg\X2\00BB\X0\, \X2\00AB\X0\109 Banc fanal\X2\202600BB\X0\, \X2\00AB\X0\035 Banc de trencad\X2\00ED\X0\s\X2\202600BB\X0\); OSM tree nodes 12633020995/96 and 12633020992/93 (ODbL)'),$);
#4617=IFCPROPERTYSET('1guODLEu55pOpL6bh54Wuh',#5,'Pset_CDE_Provenance',$,(#4614,#4615,#4616));
#4618=IFCRELDEFINESBYPROPERTIES('0NuOK9wjb129DPtaalonGy',#5,$,$,(#4601),#4617);
#4619=IFCPROPERTYSINGLEVALUE('Section_mm',$,IFCLABEL('60 \X2\00D7\X0\ 20 (as round bar \X2\00D8\X0\60 here)'),$);
#4620=IFCPROPERTYSET('1NUCzcj3P6iOYOjML72OzI',#5,'Pset_CDE_Specification',$,(#4619));
#4621=IFCRELDEFINESBYPROPERTIES('0bezargsz3y9wNKIECgz6o',#5,$,$,(#4601),#4620);
#4622=IFCPROPERTYSINGLEVALUE('DataStatus',$,IFCLABEL('Illustrative demo values \X2\2014\X0\ not the owner''s as-built register'),$);
#4623=IFCPROPERTYSINGLEVALUE('AssetOwner',$,IFCLABEL('Ajuntament de Barcelona \X2\2014\X0\ public lighting (demo)'),$);
#4624=IFCPROPERTYSINGLEVALUE('Manufacturer',$,IFCLABEL('Original ironwork, 1906 (workshop not recorded here)'),$);
#4625=IFCPROPERTYSINGLEVALUE('Model',$,IFCLABEL('Banc-fanal, municipal model by Pere Falqu\X2\00E9\X0\s i Urp\X2\00ED\X0\ (1906)'),$);
#4626=IFCPROPERTYSINGLEVALUE('SerialNumber',$,IFCLABEL('BCN-ENL-PGR-017'),$);
#4627=IFCPROPERTYSINGLEVALUE('LifecycleStatus',$,IFCLABEL('In service'),$);
#4628=IFCPROPERTYSINGLEVALUE('InstallationYear',$,IFCINTEGER(2019),$);
#4629=IFCPROPERTYSINGLEVALUE('LastInspection',$,IFCLABEL('2026-06-17'),$);
#4630=IFCPROPERTYSINGLEVALUE('InspectionInterval_months',$,IFCINTEGER(12),$);
#4631=IFCPROPERTYSINGLEVALUE('NextInspection',$,IFCLABEL('2027-06-17'),$);
#4632=IFCPROPERTYSINGLEVALUE('ConditionIndex_1to5',$,IFCINTEGER(4),$);
#4633=IFCPROPERTYSINGLEVALUE('WarrantyEnd',$,IFCLABEL('2024-12-31 (expired)'),$);
#4634=IFCPROPERTYSINGLEVALUE('MaintenanceContractor',$,IFCLABEL('Demo contractor \X2\2014\X0\ public lighting'),$);
#4635=IFCPROPERTYSINGLEVALUE('MaintenanceStrategy',$,IFCLABEL('Condition-based'),$);
#4636=IFCPROPERTYSET('0fMrzlYZ975u$jXwncp$5X',#5,'Pset_CDE_AssetManagement (demo)',$,(#4622,#4623,#4624,#4625,#4626,#4627,#4628,#4629,#4630,#4631,#4632,#4633,#4634,#4635));
#4637=IFCRELDEFINESBYPROPERTIES('3MsfyJ1GP63OWF8_Eh_suO',#5,$,$,(#4601),#4636);
#4638=IFCCARTESIANPOINT((-24.700209911025887,26.502074549981337));
#4639=IFCCARTESIANPOINT((-24.704270051015136,26.379683177464656));
#4640=IFCCARTESIANPOINT((-24.62059723406883,26.290268455480422));
#4641=IFCCARTESIANPOINT((-24.498205861552147,26.286208315491173));
#4642=IFCCARTESIANPOINT((-24.408791139567914,26.36988113243748));
#4643=IFCCARTESIANPOINT((-24.404730999578664,26.492272504954162));
#4644=IFCCARTESIANPOINT((-24.488403816524972,26.581687226938396));
#4645=IFCCARTESIANPOINT((-24.610795189041653,26.585747366927645));
#4646=IFCCARTESIANPOINT((-24.700209911025887,26.502074549981337));
#4647=IFCPOLYLINE((#4638,#4639,#4640,#4641,#4642,#4643,#4644,#4645,#4646));
#4648=IFCARBITRARYCLOSEDPROFILEDEF(.AREA.,$,#4647);
#4649=IFCCARTESIANPOINT((0.,0.,4.03));
#4650=IFCAXIS2PLACEMENT3D(#4649,$,$);
#4651=IFCDIRECTION((0.,0.,1.));
#4652=IFCEXTRUDEDAREASOLID(#4648,#4650,#4651,0.12);
#4653=IFCCARTESIANPOINT((0.,0.));
#4654=IFCDIRECTION((1.,0.));
#4655=IFCAXIS2PLACEMENT2D(#4653,#4654);
#4656=IFCCIRCLEPROFILEDEF(.AREA.,$,#4655,0.018);
#4657=IFCCARTESIANPOINT((-23.34464747213764,25.143100675863945,4.05));
#4658=IFCDIRECTION((-0.6832737736807993,0.7301622766207523,0.));
#4659=IFCDIRECTION((0.7301622766207523,0.6832737736807993,-0.));
#4660=IFCAXIS2PLACEMENT3D(#4657,#4658,#4659);
#4661=IFCDIRECTION((0.,0.,1.));
#4662=IFCEXTRUDEDAREASOLID(#4656,#4660,#4661,1.7706709956709925);
#4663=IFCCARTESIANPOINT((0.,0.));
#4664=IFCDIRECTION((1.,0.));
#4665=IFCAXIS2PLACEMENT2D(#4663,#4664);
#4666=IFCCIRCLEPROFILEDEF(.AREA.,$,#4665,0.018);
#4667=IFCCARTESIANPOINT((-23.40572800645153,25.20837275816792,4.19));
#4668=IFCDIRECTION((-0.6832737736807991,0.7301622766207525,0.));
#4669=IFCDIRECTION((0.7301622766207525,0.6832737736807991,-0.));
#4670=IFCAXIS2PLACEMENT3D(#4667,#4668,#4669);
#4671=IFCDIRECTION((0.,0.,1.));
#4672=IFCEXTRUDEDAREASOLID(#4666,#4670,#4671,1.6812770562770563);
#4673=IFCCARTESIANPOINT((0.,0.));
#4674=IFCDIRECTION((1.,0.));
#4675=IFCAXIS2PLACEMENT2D(#4673,#4674);
#4676=IFCCIRCLEPROFILEDEF(.AREA.,$,#4675,0.06);
#4677=IFCCARTESIANPOINT((-23.511649403395563,25.34351596414533,4.12));
#4678=IFCDIRECTION((-0.7301622766207521,-0.6832737736807996,0.));
#4679=IFCDIRECTION((-0.6832737736807996,0.7301622766207521,0.));
#4680=IFCAXIS2PLACEMENT3D(#4677,#4678,#4679);
#4681=IFCDIRECTION((0.,0.,1.));
#4682=IFCEXTRUDEDAREASOLID(#4676,#4680,#4681,0.03);
#4683=IFCCARTESIANPOINT((0.,0.));
#4684=IFCDIRECTION((1.,0.));
#4685=IFCAXIS2PLACEMENT2D(#4683,#4684);
#4686=IFCCIRCLEPROFILEDEF(.AREA.,$,#4685,0.06);
#4687=IFCCARTESIANPOINT((-23.806477599896144,25.658576245193697,4.12));
#4688=IFCDIRECTION((-0.7301622766207521,-0.6832737736807996,0.));
#4689=IFCDIRECTION((-0.6832737736807996,0.7301622766207521,0.));
#4690=IFCAXIS2PLACEMENT3D(#4687,#4688,#4689);
#4691=IFCDIRECTION((0.,0.,1.));
#4692=IFCEXTRUDEDAREASOLID(#4686,#4690,#4691,0.03);
#4693=IFCCARTESIANPOINT((0.,0.));
#4694=IFCDIRECTION((1.,0.));
#4695=IFCAXIS2PLACEMENT2D(#4693,#4694);
#4696=IFCCIRCLEPROFILEDEF(.AREA.,$,#4695,0.06);
#4697=IFCCARTESIANPOINT((-24.101305796396723,25.973636526242068,4.12));
#4698=IFCDIRECTION((-0.7301622766207521,-0.6832737736807996,0.));
#4699=IFCDIRECTION((-0.6832737736807996,0.7301622766207521,0.));
#4700=IFCAXIS2PLACEMENT3D(#4697,#4698,#4699);
#4701=IFCDIRECTION((0.,0.,1.));
#4702=IFCEXTRUDEDAREASOLID(#4696,#4700,#4701,0.03);
#4703=IFCCARTESIANPOINT((0.,0.));
#4704=IFCDIRECTION((1.,0.));
#4705=IFCAXIS2PLACEMENT2D(#4703,#4704);
#4706=IFCCIRCLEPROFILEDEF(.AREA.,$,#4705,0.06);
#4707=IFCCARTESIANPOINT((-24.3961339928973,26.28869680729044,4.12));
#4708=IFCDIRECTION((-0.7301622766207521,-0.6832737736807996,0.));
#4709=IFCDIRECTION((-0.6832737736807996,0.7301622766207521,0.));
#4710=IFCAXIS2PLACEMENT3D(#4707,#4708,#4709);
#4711=IFCDIRECTION((0.,0.,1.));
#4712=IFCEXTRUDEDAREASOLID(#4706,#4710,#4711,0.03);
#4713=IFCSTYLEDITEM(#4652,(#38),$);
#4714=IFCSTYLEDITEM(#4662,(#38),$);
#4715=IFCSTYLEDITEM(#4672,(#38),$);
#4716=IFCSTYLEDITEM(#4682,(#38),$);
#4717=IFCSTYLEDITEM(#4692,(#38),$);
#4718=IFCSTYLEDITEM(#4702,(#38),$);
#4719=IFCSTYLEDITEM(#4712,(#38),$);
#4720=IFCSHAPEREPRESENTATION(#16,'Body','SweptSolid',(#4652,#4662,#4672,#4682,#4692,#4702,#4712));
#4721=IFCPRODUCTDEFINITIONSHAPE($,$,(#4720));
#4722=IFCLOCALPLACEMENT(#23,#13);
#4723=IFCMEMBER('281W2jTPn08wmEfR4mklNF',#5,'Anell i banda decorada 2 \X2\00B7\X0\ Collar ring and ornamental band',$,'Octagonal collar with a flowered band tying the stay to the post',#4722,#4721,'PFAL-MEM-010',.USERDEFINED.);
#4724=IFCRELASSOCIATESMATERIAL('3bcymMOzTBf9TIR0YFY2sO',#5,$,$,(#4723),#39);
#4725=IFCPROPERTYSINGLEVALUE('Reference',$,IFCLABEL('Octagonal collar with a flowered band tying the stay to the post'),$);
#4726=IFCPROPERTYSINGLEVALUE('IsExternal',$,IFCBOOLEAN(.T.),$);
#4727=IFCPROPERTYSINGLEVALUE('Status',$,IFCLABEL('EXISTING'),$);
#4728=IFCPROPERTYSET('36bOcoQkL0Q9KlKwjvNbZp',#5,'Pset_MemberCommon',$,(#4725,#4726,#4727));
#4729=IFCRELDEFINESBYPROPERTIES('35gnY62SvAFu8GCFCCJxsK',#5,$,$,(#4723),#4728);
#4730=IFCPROPERTYSINGLEVALUE('Material',$,IFCLABEL('Wrought and cast iron, painted dark brown-black'),$);
#4731=IFCPROPERTYSINGLEVALUE('Category',$,IFCLABEL('Iron'),$);
#4732=IFCPROPERTYSINGLEVALUE('Description',$,IFCLABEL('Forged scrollwork and cast parts, the near-black brown of the Passeig''s 1906 ironwork'),$);
#4733=IFCPROPERTYSINGLEVALUE('MassDensity_kg_m3',$,IFCREAL(7600.),$);
#4734=IFCPROPERTYSET('1lMUorDxn1F9bWtzMPehR9',#5,'Pset_CDE_Material',$,(#4730,#4731,#4732,#4733));
#4735=IFCRELDEFINESBYPROPERTIES('28n_24u8jBXRkV10GNRgQn',#5,$,$,(#4723),#4734);
#4736=IFCPROPERTYSINGLEVALUE('GeometrySource',$,IFCLABEL('Ornament simplified to rings, discs and bars; layout after photographs'),$);
#4737=IFCPROPERTYSINGLEVALUE('Confidence',$,IFCLABEL('Low'),$);
#4738=IFCPROPERTYSINGLEVALUE('Reference',$,IFCLABEL('Commons \X2\00AB\X0\Banc-fanal del passeig de Gr\X2\00E0\X0\cia.jpg\X2\00BB\X0\, \X2\00AB\X0\109 Banc fanal del passeig de Gr\X2\00E0\X0\cia (Barcelona).jpg\X2\00BB\X0\'),$);
#4739=IFCPROPERTYSET('3it0l2fZTCdR96Q$14gnvb',#5,'Pset_CDE_Provenance',$,(#4736,#4737,#4738));
#4740=IFCRELDEFINESBYPROPERTIES('20FVNSX3fEFQ2syVwftTjq',#5,$,$,(#4723),#4739);
#4741=IFCPROPERTYSINGLEVALUE('DataStatus',$,IFCLABEL('Illustrative demo values \X2\2014\X0\ not the owner''s as-built register'),$);
#4742=IFCPROPERTYSINGLEVALUE('AssetOwner',$,IFCLABEL('Ajuntament de Barcelona \X2\2014\X0\ public lighting (demo)'),$);
#4743=IFCPROPERTYSINGLEVALUE('Manufacturer',$,IFCLABEL('Original ironwork, 1906 (workshop not recorded here)'),$);
#4744=IFCPROPERTYSINGLEVALUE('Model',$,IFCLABEL('Banc-fanal, municipal model by Pere Falqu\X2\00E9\X0\s i Urp\X2\00ED\X0\ (1906)'),$);
#4745=IFCPROPERTYSINGLEVALUE('SerialNumber',$,IFCLABEL('BCN-ENL-PGR-018'),$);
#4746=IFCPROPERTYSINGLEVALUE('LifecycleStatus',$,IFCLABEL('In service'),$);
#4747=IFCPROPERTYSINGLEVALUE('InstallationYear',$,IFCINTEGER(2019),$);
#4748=IFCPROPERTYSINGLEVALUE('LastInspection',$,IFCLABEL('2026-06-17'),$);
#4749=IFCPROPERTYSINGLEVALUE('InspectionInterval_months',$,IFCINTEGER(12),$);
#4750=IFCPROPERTYSINGLEVALUE('NextInspection',$,IFCLABEL('2027-06-17'),$);
#4751=IFCPROPERTYSINGLEVALUE('ConditionIndex_1to5',$,IFCINTEGER(4),$);
#4752=IFCPROPERTYSINGLEVALUE('WarrantyEnd',$,IFCLABEL('2024-12-31 (expired)'),$);
#4753=IFCPROPERTYSINGLEVALUE('MaintenanceContractor',$,IFCLABEL('Demo contractor \X2\2014\X0\ public lighting'),$);
#4754=IFCPROPERTYSINGLEVALUE('MaintenanceStrategy',$,IFCLABEL('Condition-based'),$);
#4755=IFCPROPERTYSET('3V0SRmpM936giNTi$bWe_n',#5,'Pset_CDE_AssetManagement (demo)',$,(#4741,#4742,#4743,#4744,#4745,#4746,#4747,#4748,#4749,#4750,#4751,#4752,#4753,#4754));
#4756=IFCRELDEFINESBYPROPERTIES('1GZkbVGoDBvu7Z5TjdqSqa',#5,$,$,(#4723),#4755);
#4757=IFCCARTESIANPOINT((0.,0.));
#4758=IFCDIRECTION((1.,0.));
#4759=IFCAXIS2PLACEMENT2D(#4757,#4758);
#4760=IFCCIRCLEPROFILEDEF(.AREA.,$,#4759,0.011);
#4761=IFCCARTESIANPOINT((-23.304109519461036,25.099780874993435,2.08));
#4762=IFCDIRECTION((0.2111432078780647,-0.22563255212730166,0.9510565162951574));
#4763=IFCDIRECTION((-0.,0.9729924984144005,0.230836734575117));
#4764=IFCAXIS2PLACEMENT3D(#4761,#4762,#4763);
#4765=IFCDIRECTION((0.,0.,1.));
#4766=IFCEXTRUDEDAREASOLID(#4760,#4764,#4765,0.1359674775249763);
#4767=IFCCARTESIANPOINT((0.,0.));
#4768=IFCDIRECTION((1.,0.));
#4769=IFCAXIS2PLACEMENT2D(#4767,#4768);
#4770=IFCCIRCLEPROFILEDEF(.AREA.,$,#4769,0.011);
#4771=IFCCARTESIANPOINT((-23.275400910089324,25.069102186033163,2.209312755504344));
#4772=IFCDIRECTION((0.5527800947184749,-0.5907136904376887,0.5877852522924681));
#4773=IFCDIRECTION((-0.7301622766207474,-0.6832737736808043,0.));
#4774=IFCAXIS2PLACEMENT3D(#4771,#4772,#4773);
#4775=IFCDIRECTION((0.,0.,1.));
#4776=IFCEXTRUDEDAREASOLID(#4770,#4774,#4775,0.13596747752497812);
#4777=IFCCARTESIANPOINT((0.,0.));
#4778=IFCDIRECTION((1.,0.));
#4779=IFCAXIS2PLACEMENT2D(#4777,#4778);
#4780=IFCCIRCLEPROFILEDEF(.AREA.,$,#4779,0.011);
#4781=IFCCARTESIANPOINT((-23.200240794984435,24.98878433560488,2.289232433584934));
#4782=IFCDIRECTION((0.6832737736807848,-0.7301622766207657,0.));
#4783=IFCDIRECTION((-0.7301622766207657,-0.6832737736807848,0.));
#4784=IFCAXIS2PLACEMENT3D(#4781,#4782,#4783);
#4785=IFCDIRECTION((0.,0.,1.));
#4786=IFCEXTRUDEDAREASOLID(#4780,#4784,#4785,0.13596747752497595);
#4787=IFCCARTESIANPOINT((0.,0.));
#4788=IFCDIRECTION((1.,0.));
#4789=IFCAXIS2PLACEMENT2D(#4787,#4788);
#4790=IFCCIRCLEPROFILEDEF(.AREA.,$,#4789,0.011);
#4791=IFCCARTESIANPOINT((-23.107337783518087,24.88950601266886,2.289232433584934));
#4792=IFCDIRECTION((0.5527800947184749,-0.5907136904376887,-0.5877852522924681));
#4793=IFCDIRECTION((-0.7301622766207474,-0.6832737736808043,0.));
#4794=IFCAXIS2PLACEMENT3D(#4791,#4792,#4793);
#4795=IFCDIRECTION((0.,0.,1.));
#4796=IFCEXTRUDEDAREASOLID(#4790,#4794,#4795,0.13596747752497812);
#4797=IFCCARTESIANPOINT((0.,0.));
#4798=IFCDIRECTION((1.,0.));
#4799=IFCAXIS2PLACEMENT2D(#4797,#4798);
#4800=IFCCIRCLEPROFILEDEF(.AREA.,$,#4799,0.011);
#4801=IFCCARTESIANPOINT((-23.032177668413198,24.809188162240577,2.209312755504344));
#4802=IFCDIRECTION((0.2111432078780647,-0.22563255212730166,-0.9510565162951574));
#4803=IFCDIRECTION((0.,-0.9729924984144005,0.230836734575117));
#4804=IFCAXIS2PLACEMENT3D(#4801,#4802,#4803);
#4805=IFCDIRECTION((0.,0.,1.));
#4806=IFCEXTRUDEDAREASOLID(#4800,#4804,#4805,0.1359674775249763);
#4807=IFCCARTESIANPOINT((0.,0.));
#4808=IFCDIRECTION((1.,0.));
#4809=IFCAXIS2PLACEMENT2D(#4807,#4808);
#4810=IFCCIRCLEPROFILEDEF(.AREA.,$,#4809,0.011);
#4811=IFCCARTESIANPOINT((-23.003469059041485,24.778509473280305,2.08));
#4812=IFCDIRECTION((-0.2111432078780647,0.22563255212730166,-0.9510565162951574));
#4813=IFCDIRECTION((0.,-0.9729924984144005,-0.230836734575117));
#4814=IFCAXIS2PLACEMENT3D(#4811,#4812,#4813);
#4815=IFCDIRECTION((0.,0.,1.));
#4816=IFCEXTRUDEDAREASOLID(#4810,#4814,#4815,0.1359674775249763);
#4817=IFCCARTESIANPOINT((0.,0.));
#4818=IFCDIRECTION((1.,0.));
#4819=IFCAXIS2PLACEMENT2D(#4817,#4818);
#4820=IFCCIRCLEPROFILEDEF(.AREA.,$,#4819,0.011);
#4821=IFCCARTESIANPOINT((-23.032177668413198,24.809188162240577,1.950687244495656));
#4822=IFCDIRECTION((-0.5527800947184749,0.5907136904376887,-0.5877852522924681));
#4823=IFCDIRECTION((0.7301622766207474,0.6832737736808043,-0.));
#4824=IFCAXIS2PLACEMENT3D(#4821,#4822,#4823);
#4825=IFCDIRECTION((0.,0.,1.));
#4826=IFCEXTRUDEDAREASOLID(#4820,#4824,#4825,0.13596747752497812);
#4827=IFCCARTESIANPOINT((0.,0.));
#4828=IFCDIRECTION((1.,0.));
#4829=IFCAXIS2PLACEMENT2D(#4827,#4828);
#4830=IFCCIRCLEPROFILEDEF(.AREA.,$,#4829,0.011);
#4831=IFCCARTESIANPOINT((-23.107337783518087,24.88950601266886,1.8707675664150663));
#4832=IFCDIRECTION((-0.6832737736807848,0.7301622766207657,0.));
#4833=IFCDIRECTION((0.7301622766207657,0.6832737736807848,-0.));
#4834=IFCAXIS2PLACEMENT3D(#4831,#4832,#4833);
#4835=IFCDIRECTION((0.,0.,1.));
#4836=IFCEXTRUDEDAREASOLID(#4830,#4834,#4835,0.13596747752497595);
#4837=IFCCARTESIANPOINT((0.,0.));
#4838=IFCDIRECTION((1.,0.));
#4839=IFCAXIS2PLACEMENT2D(#4837,#4838);
#4840=IFCCIRCLEPROFILEDEF(.AREA.,$,#4839,0.011);
#4841=IFCCARTESIANPOINT((-23.200240794984435,24.98878433560488,1.8707675664150663));
#4842=IFCDIRECTION((-0.5527800947184749,0.5907136904376887,0.5877852522924681));
#4843=IFCDIRECTION((0.7301622766207474,0.6832737736808043,-0.));
#4844=IFCAXIS2PLACEMENT3D(#4841,#4842,#4843);
#4845=IFCDIRECTION((0.,0.,1.));
#4846=IFCEXTRUDEDAREASOLID(#4840,#4844,#4845,0.13596747752497812);
#4847=IFCCARTESIANPOINT((0.,0.));
#4848=IFCDIRECTION((1.,0.));
#4849=IFCAXIS2PLACEMENT2D(#4847,#4848);
#4850=IFCCIRCLEPROFILEDEF(.AREA.,$,#4849,0.011);
#4851=IFCCARTESIANPOINT((-23.275400910089324,25.069102186033163,1.950687244495656));
#4852=IFCDIRECTION((-0.2111432078780647,0.22563255212730166,0.9510565162951574));
#4853=IFCDIRECTION((0.,0.9729924984144005,-0.230836734575117));
#4854=IFCAXIS2PLACEMENT3D(#4851,#4852,#4853);
#4855=IFCDIRECTION((0.,0.,1.));
#4856=IFCEXTRUDEDAREASOLID(#4850,#4854,#4855,0.1359674775249763);
#4857=IFCCARTESIANPOINT((0.,0.));
#4858=IFCDIRECTION((1.,0.));
#4859=IFCAXIS2PLACEMENT2D(#4857,#4858);
#4860=IFCCIRCLEPROFILEDEF(.AREA.,$,#4859,0.011);
#4861=IFCCARTESIANPOINT((-23.57058629119655,25.384544162875528,2.9800000000000004));
#4862=IFCDIRECTION((0.21114320787807803,-0.22563255212731495,0.9510565162951512));
#4863=IFCDIRECTION((-0.,0.9729924984143971,0.23083673457513132));
#4864=IFCAXIS2PLACEMENT3D(#4861,#4862,#4863);
#4865=IFCDIRECTION((0.,0.,1.));
#4866=IFCEXTRUDEDAREASOLID(#4860,#4864,#4865,0.16068883707497253);
#4867=IFCCARTESIANPOINT((0.,0.));
#4868=IFCDIRECTION((1.,0.));
#4869=IFCAXIS2PLACEMENT2D(#4867,#4868);
#4870=IFCCIRCLEPROFILEDEF(.AREA.,$,#4869,0.011);
#4871=IFCCARTESIANPOINT((-23.53665793466634,25.348287530467932,3.132824165596043));
#4872=IFCDIRECTION((0.5527800947184595,-0.5907136904376881,0.5877852522924832));
#4873=IFCDIRECTION((-0.7301622766207566,-0.6832737736807947,0.));
#4874=IFCAXIS2PLACEMENT3D(#4871,#4872,#4873);
#4875=IFCDIRECTION((0.,0.,1.));
#4876=IFCEXTRUDEDAREASOLID(#4870,#4874,#4875,0.16068883707497103);
#4877=IFCCARTESIANPOINT((0.,0.));
#4878=IFCDIRECTION((1.,0.));
#4879=IFCAXIS2PLACEMENT2D(#4877,#4878);
#4880=IFCCIRCLEPROFILEDEF(.AREA.,$,#4879,0.011);
#4881=IFCCARTESIANPOINT((-23.44783234408784,25.253366434507235,3.2272746942367405));
#4882=IFCDIRECTION((0.6832737736807953,-0.7301622766207558,0.));
#4883=IFCDIRECTION((-0.730162276620756,-0.6832737736807954,0.));
#4884=IFCAXIS2PLACEMENT3D(#4881,#4882,#4883);
#4885=IFCDIRECTION((0.,0.,1.));
#4886=IFCEXTRUDEDAREASOLID(#4880,#4884,#4885,0.16068883707497286);
#4887=IFCCARTESIANPOINT((0.,0.));
#4888=IFCDIRECTION((1.,0.));
#4889=IFCAXIS2PLACEMENT2D(#4887,#4888);
#4890=IFCCIRCLEPROFILEDEF(.AREA.,$,#4889,0.011);
#4891=IFCCARTESIANPOINT((-23.338037875991244,25.13603750740103,3.2272746942367405));
#4892=IFCDIRECTION((0.5527800947184748,-0.5907136904376808,-0.587785252292476));
#4893=IFCDIRECTION((-0.730162276620743,-0.6832737736808091,0.));
#4894=IFCAXIS2PLACEMENT3D(#4891,#4892,#4893);
#4895=IFCDIRECTION((0.,0.,1.));
#4896=IFCEXTRUDEDAREASOLID(#4890,#4894,#4895,0.160688837074973);
#4897=IFCCARTESIANPOINT((0.,0.));
#4898=IFCDIRECTION((1.,0.));
#4899=IFCAXIS2PLACEMENT2D(#4897,#4898);
#4900=IFCCIRCLEPROFILEDEF(.AREA.,$,#4899,0.011);
#4901=IFCCARTESIANPOINT((-23.24921228541274,25.041116411440335,3.132824165596043));
#4902=IFCDIRECTION((0.21114320787807803,-0.22563255212731495,-0.9510565162951512));
#4903=IFCDIRECTION((0.,-0.9729924984143971,0.23083673457513132));
#4904=IFCAXIS2PLACEMENT3D(#4901,#4902,#4903);
#4905=IFCDIRECTION((0.,0.,1.));
#4906=IFCEXTRUDEDAREASOLID(#4900,#4904,#4905,0.16068883707497253);
#4907=IFCCARTESIANPOINT((0.,0.));
#4908=IFCDIRECTION((1.,0.));
#4909=IFCAXIS2PLACEMENT2D(#4907,#4908);
#4910=IFCCIRCLEPROFILEDEF(.AREA.,$,#4909,0.011);
#4911=IFCCARTESIANPOINT((-23.21528392888253,25.00485977903274,2.9800000000000004));
#4912=IFCDIRECTION((-0.21114320787807694,0.22563255212731376,-0.9510565162951518));
#4913=IFCDIRECTION((0.,-0.9729924984143973,-0.23083673457513001));
#4914=IFCAXIS2PLACEMENT3D(#4911,#4912,#4913);
#4915=IFCDIRECTION((0.,0.,1.));
#4916=IFCEXTRUDEDAREASOLID(#4910,#4914,#4915,0.16068883707497336);
#4917=IFCCARTESIANPOINT((0.,0.));
#4918=IFCDIRECTION((1.,0.));
#4919=IFCAXIS2PLACEMENT2D(#4917,#4918);
#4920=IFCCIRCLEPROFILEDEF(.AREA.,$,#4919,0.011);
#4921=IFCCARTESIANPOINT((-23.24921228541274,25.041116411440335,2.827175834403957));
#4922=IFCDIRECTION((-0.5527800947184767,0.5907136904376827,-0.5877852522924725));
#4923=IFCDIRECTION((0.730162276620743,0.6832737736808092,-0.));
#4924=IFCAXIS2PLACEMENT3D(#4921,#4922,#4923);
#4925=IFCDIRECTION((0.,0.,1.));
#4926=IFCEXTRUDEDAREASOLID(#4920,#4924,#4925,0.16068883707497247);
#4927=IFCCARTESIANPOINT((0.,0.));
#4928=IFCDIRECTION((1.,0.));
#4929=IFCAXIS2PLACEMENT2D(#4927,#4928);
#4930=IFCCIRCLEPROFILEDEF(.AREA.,$,#4929,0.011);
#4931=IFCCARTESIANPOINT((-23.338037875991244,25.13603750740103,2.7327253057632603));
#4932=IFCDIRECTION((-0.6832737736807953,0.7301622766207558,0.));
#4933=IFCDIRECTION((0.730162276620756,0.6832737736807954,-0.));
#4934=IFCAXIS2PLACEMENT3D(#4931,#4932,#4933);
#4935=IFCDIRECTION((0.,0.,1.));
#4936=IFCEXTRUDEDAREASOLID(#4930,#4934,#4935,0.16068883707497286);
#4937=IFCCARTESIANPOINT((0.,0.));
#4938=IFCDIRECTION((1.,0.));
#4939=IFCAXIS2PLACEMENT2D(#4937,#4938);
#4940=IFCCIRCLEPROFILEDEF(.AREA.,$,#4939,0.011);
#4941=IFCCARTESIANPOINT((-23.44783234408784,25.253366434507235,2.7327253057632603));
#4942=IFCDIRECTION((-0.5527800947184613,0.5907136904376901,0.5877852522924797));
#4943=IFCDIRECTION((0.7301622766207566,0.6832737736807946,-0.));
#4944=IFCAXIS2PLACEMENT3D(#4941,#4942,#4943);
#4945=IFCDIRECTION((0.,0.,1.));
#4946=IFCEXTRUDEDAREASOLID(#4940,#4944,#4945,0.1606888370749705);
#4947=IFCCARTESIANPOINT((0.,0.));
#4948=IFCDIRECTION((1.,0.));
#4949=IFCAXIS2PLACEMENT2D(#4947,#4948);
#4950=IFCCIRCLEPROFILEDEF(.AREA.,$,#4949,0.011);
#4951=IFCCARTESIANPOINT((-23.53665793466634,25.348287530467932,2.827175834403957));
#4952=IFCDIRECTION((-0.21114320787807694,0.22563255212731376,0.9510565162951518));
#4953=IFCDIRECTION((0.,0.9729924984143973,-0.23083673457513001));
#4954=IFCAXIS2PLACEMENT3D(#4951,#4952,#4953);
#4955=IFCDIRECTION((0.,0.,1.));
#4956=IFCEXTRUDEDAREASOLID(#4950,#4954,#4955,0.16068883707497336);
#4957=IFCCARTESIANPOINT((0.,0.));
#4958=IFCDIRECTION((1.,0.));
#4959=IFCAXIS2PLACEMENT2D(#4957,#4958);
#4960=IFCCIRCLEPROFILEDEF(.AREA.,$,#4959,0.011);
#4961=IFCCARTESIANPOINT((-24.089874359193956,25.9394674931073,3.38));
#4962=IFCDIRECTION((0.21114320787806343,-0.22563255212732644,0.9510565162951519));
#4963=IFCDIRECTION((-0.,0.9729924984143945,0.23083673457514228));
#4964=IFCAXIS2PLACEMENT3D(#4961,#4962,#4963);
#4965=IFCDIRECTION((0.,0.,1.));
#4966=IFCEXTRUDEDAREASOLID(#4960,#4964,#4965,0.1359674775249771);
#4967=IFCCARTESIANPOINT((0.,0.));
#4968=IFCDIRECTION((1.,0.));
#4969=IFCAXIS2PLACEMENT2D(#4967,#4968);
#4970=IFCCIRCLEPROFILEDEF(.AREA.,$,#4969,0.011);
#4971=IFCCARTESIANPOINT((-24.061165749822244,25.908788804147026,3.509312755504344));
#4972=IFCDIRECTION((0.5527800947184739,-0.5907136904376876,0.5877852522924703));
#4973=IFCDIRECTION((-0.7301622766207475,-0.6832737736808044,0.));
#4974=IFCAXIS2PLACEMENT3D(#4971,#4972,#4973);
#4975=IFCDIRECTION((0.,0.,1.));
#4976=IFCEXTRUDEDAREASOLID(#4970,#4974,#4975,0.13596747752497837);
#4977=IFCCARTESIANPOINT((0.,0.));
#4978=IFCDIRECTION((1.,0.));
#4979=IFCAXIS2PLACEMENT2D(#4977,#4978);
#4980=IFCCIRCLEPROFILEDEF(.AREA.,$,#4979,0.011);
#4981=IFCCARTESIANPOINT((-23.986005634717355,25.828470953718742,3.589232433584934));
#4982=IFCDIRECTION((0.6832737736808117,-0.7301622766207405,0.));
#4983=IFCDIRECTION((-0.7301622766207406,-0.6832737736808118,0.));
#4984=IFCAXIS2PLACEMENT3D(#4981,#4982,#4983);
#4985=IFCDIRECTION((0.,0.,1.));
#4986=IFCEXTRUDEDAREASOLID(#4980,#4984,#4985,0.1359674775249758);
#4987=IFCCARTESIANPOINT((0.,0.));
#4988=IFCDIRECTION((1.,0.));
#4989=IFCAXIS2PLACEMENT2D(#4987,#4988);
#4990=IFCCIRCLEPROFILEDEF(.AREA.,$,#4989,0.011);
#4991=IFCCARTESIANPOINT((-23.893102623251004,25.729192630782727,3.589232433584934));
#4992=IFCDIRECTION((0.5527800947184557,-0.5907136904376961,-0.5877852522924787));
#4993=IFCDIRECTION((-0.7301622766207635,-0.6832737736807871,0.));
#4994=IFCAXIS2PLACEMENT3D(#4991,#4992,#4993);
#4995=IFCDIRECTION((0.,0.,1.));
#4996=IFCEXTRUDEDAREASOLID(#4990,#4994,#4995,0.13596747752497643);
#4997=IFCCARTESIANPOINT((0.,0.));
#4998=IFCDIRECTION((1.,0.));
#4999=IFCAXIS2PLACEMENT2D(#4997,#4998);
#5000=IFCCIRCLEPROFILEDEF(.AREA.,$,#4999,0.011);
#5001=IFCCARTESIANPOINT((-23.817942508146118,25.648874780354443,3.509312755504344));
#5002=IFCDIRECTION((0.21114320787806343,-0.22563255212732644,-0.9510565162951519));
#5003=IFCDIRECTION((0.,-0.9729924984143945,0.23083673457514228));
#5004=IFCAXIS2PLACEMENT3D(#5001,#5002,#5003);
#5005=IFCDIRECTION((0.,0.,1.));
#5006=IFCEXTRUDEDAREASOLID(#5000,#5004,#5005,0.1359674775249771);
#5007=IFCCARTESIANPOINT((0.,0.));
#5008=IFCDIRECTION((1.,0.));
#5009=IFCAXIS2PLACEMENT2D(#5007,#5008);
#5010=IFCCIRCLEPROFILEDEF(.AREA.,$,#5009,0.011);
#5011=IFCCARTESIANPOINT((-23.789233898774405,25.618196091394168,3.38));
#5012=IFCDIRECTION((-0.21114320787806343,0.22563255212732644,-0.9510565162951519));
#5013=IFCDIRECTION((0.,-0.9729924984143945,-0.23083673457514228));
#5014=IFCAXIS2PLACEMENT3D(#5011,#5012,#5013);
#5015=IFCDIRECTION((0.,0.,1.));
#5016=IFCEXTRUDEDAREASOLID(#5010,#5014,#5015,0.1359674775249771);
#5017=IFCCARTESIANPOINT((0.,0.));
#5018=IFCDIRECTION((1.,0.));
#5019=IFCAXIS2PLACEMENT2D(#5017,#5018);
#5020=IFCCIRCLEPROFILEDEF(.AREA.,$,#5019,0.011);
#5021=IFCCARTESIANPOINT((-23.817942508146118,25.648874780354443,3.250687244495656));
#5022=IFCDIRECTION((-0.5527800947184578,0.5907136904376984,-0.5877852522924745));
#5023=IFCDIRECTION((0.7301622766207636,0.6832737736807871,-0.));
#5024=IFCAXIS2PLACEMENT3D(#5021,#5022,#5023);
#5025=IFCDIRECTION((0.,0.,1.));
#5026=IFCEXTRUDEDAREASOLID(#5020,#5024,#5025,0.1359674775249759);
#5027=IFCCARTESIANPOINT((0.,0.));
#5028=IFCDIRECTION((1.,0.));
#5029=IFCAXIS2PLACEMENT2D(#5027,#5028);
#5030=IFCCIRCLEPROFILEDEF(.AREA.,$,#5029,0.011);
#5031=IFCCARTESIANPOINT((-23.893102623251004,25.729192630782727,3.1707675664150665));
#5032=IFCDIRECTION((-0.6832737736808117,0.7301622766207405,0.));
#5033=IFCDIRECTION((0.7301622766207406,0.6832737736808118,-0.));
#5034=IFCAXIS2PLACEMENT3D(#5031,#5032,#5033);
#5035=IFCDIRECTION((0.,0.,1.));
#5036=IFCEXTRUDEDAREASOLID(#5030,#5034,#5035,0.1359674775249758);
#5037=IFCCARTESIANPOINT((0.,0.));
#5038=IFCDIRECTION((1.,0.));
#5039=IFCAXIS2PLACEMENT2D(#5037,#5038);
#5040=IFCCIRCLEPROFILEDEF(.AREA.,$,#5039,0.011);
#5041=IFCCARTESIANPOINT((-23.986005634717355,25.828470953718742,3.1707675664150665));
#5042=IFCDIRECTION((-0.552780094718476,0.59071369043769,0.587785252292466));
#5043=IFCDIRECTION((0.7301622766207475,0.6832737736808043,-0.));
#5044=IFCAXIS2PLACEMENT3D(#5041,#5042,#5043);
#5045=IFCDIRECTION((0.,0.,1.));
#5046=IFCEXTRUDEDAREASOLID(#5040,#5044,#5045,0.13596747752497784);
#5047=IFCCARTESIANPOINT((0.,0.));
#5048=IFCDIRECTION((1.,0.));
#5049=IFCAXIS2PLACEMENT2D(#5047,#5048);
#5050=IFCCIRCLEPROFILEDEF(.AREA.,$,#5049,0.011);
#5051=IFCCARTESIANPOINT((-24.061165749822244,25.908788804147026,3.250687244495656));
#5052=IFCDIRECTION((-0.21114320787806343,0.22563255212732644,0.9510565162951519));
#5053=IFCDIRECTION((0.,0.9729924984143945,-0.23083673457514228));
#5054=IFCAXIS2PLACEMENT3D(#5051,#5052,#5053);
#5055=IFCDIRECTION((0.,0.,1.));
#5056=IFCEXTRUDEDAREASOLID(#5050,#5054,#5055,0.1359674775249771);
#5057=IFCCARTESIANPOINT((0.,0.));
#5058=IFCDIRECTION((1.,0.));
#5059=IFCAXIS2PLACEMENT2D(#5057,#5058);
#5060=IFCCIRCLEPROFILEDEF(.AREA.,$,#5059,0.011);
#5061=IFCCARTESIANPOINT((-24.370016606403084,26.238834026521808,2.48));
#5062=IFCDIRECTION((0.21114320787807514,-0.225632552127312,0.9510565162951526));
#5063=IFCDIRECTION((-0.,0.9729924984143978,0.2308367345751281));
#5064=IFCAXIS2PLACEMENT3D(#5061,#5062,#5063);
#5065=IFCDIRECTION((0.,0.,1.));
#5066=IFCEXTRUDEDAREASOLID(#5060,#5064,#5065,0.11124611797498121);
#5067=IFCCARTESIANPOINT((0.,0.));
#5068=IFCDIRECTION((1.,0.));
#5069=IFCAXIS2PLACEMENT2D(#5067,#5068);
#5070=IFCCIRCLEPROFILEDEF(.AREA.,$,#5069,0.011);
#5071=IFCCARTESIANPOINT((-24.346527744189864,26.213733281008857,2.585801345412645));
#5072=IFCDIRECTION((0.5527800947184607,-0.590713690437687,0.5877852522924834));
#5073=IFCDIRECTION((-0.7301622766207553,-0.6832737736807961,0.));
#5074=IFCAXIS2PLACEMENT3D(#5071,#5072,#5073);
#5075=IFCDIRECTION((0.,0.,1.));
#5076=IFCEXTRUDEDAREASOLID(#5070,#5074,#5075,0.1112461179749797);
#5077=IFCCARTESIANPOINT((0.,0.));
#5078=IFCDIRECTION((1.,0.));
#5079=IFCAXIS2PLACEMENT2D(#5077,#5078);
#5080=IFCCIRCLEPROFILEDEF(.AREA.,$,#5079,0.011);
#5081=IFCCARTESIANPOINT((-24.285033104558593,26.14801867611299,2.651190172933128));
#5082=IFCDIRECTION((0.6832737736808036,-0.7301622766207482,0.));
#5083=IFCDIRECTION((-0.7301622766207482,-0.6832737736808036,0.));
#5084=IFCAXIS2PLACEMENT3D(#5081,#5082,#5083);
#5085=IFCDIRECTION((0.,0.,1.));
#5086=IFCEXTRUDEDAREASOLID(#5080,#5084,#5085,0.11124611797498388);
#5087=IFCCARTESIANPOINT((0.,0.));
#5088=IFCDIRECTION((1.,0.));
#5089=IFCAXIS2PLACEMENT2D(#5087,#5088);
#5090=IFCCIRCLEPROFILEDEF(.AREA.,$,#5089,0.011);
#5091=IFCCARTESIANPOINT((-24.209021549722486,26.066790957347155,2.651190172933128));
#5092=IFCDIRECTION((0.5527800947184607,-0.590713690437687,-0.5877852522924834));
#5093=IFCDIRECTION((-0.7301622766207553,-0.6832737736807961,0.));
#5094=IFCAXIS2PLACEMENT3D(#5091,#5092,#5093);
#5095=IFCDIRECTION((0.,0.,1.));
#5096=IFCEXTRUDEDAREASOLID(#5090,#5094,#5095,0.1112461179749797);
#5097=IFCCARTESIANPOINT((0.,0.));
#5098=IFCDIRECTION((1.,0.));
#5099=IFCAXIS2PLACEMENT2D(#5097,#5098);
#5100=IFCCIRCLEPROFILEDEF(.AREA.,$,#5099,0.011);
#5101=IFCCARTESIANPOINT((-24.147526910091216,26.00107635245129,2.585801345412645));
#5102=IFCDIRECTION((0.21114320787807514,-0.225632552127312,-0.9510565162951526));
#5103=IFCDIRECTION((0.,-0.9729924984143978,0.2308367345751281));
#5104=IFCAXIS2PLACEMENT3D(#5101,#5102,#5103);
#5105=IFCDIRECTION((0.,0.,1.));
#5106=IFCEXTRUDEDAREASOLID(#5100,#5104,#5105,0.11124611797498121);
#5107=IFCCARTESIANPOINT((0.,0.));
#5108=IFCDIRECTION((1.,0.));
#5109=IFCAXIS2PLACEMENT2D(#5107,#5108);
#5110=IFCCIRCLEPROFILEDEF(.AREA.,$,#5109,0.011);
#5111=IFCCARTESIANPOINT((-24.124038047877995,25.975975606938338,2.48));
#5112=IFCDIRECTION((-0.21114320787807514,0.225632552127312,-0.9510565162951526));
#5113=IFCDIRECTION((0.,-0.9729924984143978,-0.2308367345751281));
#5114=IFCAXIS2PLACEMENT3D(#5111,#5112,#5113);
#5115=IFCDIRECTION((0.,0.,1.));
#5116=IFCEXTRUDEDAREASOLID(#5110,#5114,#5115,0.11124611797498121);
#5117=IFCCARTESIANPOINT((0.,0.));
#5118=IFCDIRECTION((1.,0.));
#5119=IFCAXIS2PLACEMENT2D(#5117,#5118);
#5120=IFCCIRCLEPROFILEDEF(.AREA.,$,#5119,0.011);
#5121=IFCCARTESIANPOINT((-24.147526910091216,26.00107635245129,2.374198654587355));
#5122=IFCDIRECTION((-0.5527800947184619,0.5907136904376883,-0.5877852522924807));
#5123=IFCDIRECTION((0.7301622766207552,0.683273773680796,-0.));
#5124=IFCAXIS2PLACEMENT3D(#5121,#5122,#5123);
#5125=IFCDIRECTION((0.,0.,1.));
#5126=IFCEXTRUDEDAREASOLID(#5120,#5124,#5125,0.11124611797497945);
#5127=IFCCARTESIANPOINT((0.,0.));
#5128=IFCDIRECTION((1.,0.));
#5129=IFCAXIS2PLACEMENT2D(#5127,#5128);
#5130=IFCCIRCLEPROFILEDEF(.AREA.,$,#5129,0.011);
#5131=IFCCARTESIANPOINT((-24.209021549722486,26.066790957347155,2.3088098270668724));
#5132=IFCDIRECTION((-0.6832737736808036,0.7301622766207482,-3.991952419858154E-15));
#5133=IFCDIRECTION((0.7301622766207482,0.6832737736808036,-0.));
#5134=IFCAXIS2PLACEMENT3D(#5131,#5132,#5133);
#5135=IFCDIRECTION((0.,0.,1.));
#5136=IFCEXTRUDEDAREASOLID(#5130,#5134,#5135,0.11124611797498388);
#5137=IFCCARTESIANPOINT((0.,0.));
#5138=IFCDIRECTION((1.,0.));
#5139=IFCAXIS2PLACEMENT2D(#5137,#5138);
#5140=IFCCIRCLEPROFILEDEF(.AREA.,$,#5139,0.011);
#5141=IFCCARTESIANPOINT((-24.285033104558593,26.14801867611299,2.308809827066872));
#5142=IFCDIRECTION((-0.5527800947184607,0.590713690437687,0.5877852522924834));
#5143=IFCDIRECTION((0.7301622766207553,0.6832737736807961,-0.));
#5144=IFCAXIS2PLACEMENT3D(#5141,#5142,#5143);
#5145=IFCDIRECTION((0.,0.,1.));
#5146=IFCEXTRUDEDAREASOLID(#5140,#5144,#5145,0.1112461179749797);
#5147=IFCCARTESIANPOINT((0.,0.));
#5148=IFCDIRECTION((1.,0.));
#5149=IFCAXIS2PLACEMENT2D(#5147,#5148);
#5150=IFCCIRCLEPROFILEDEF(.AREA.,$,#5149,0.011);
#5151=IFCCARTESIANPOINT((-24.346527744189864,26.213733281008857,2.374198654587355));
#5152=IFCDIRECTION((-0.21114320787807514,0.225632552127312,0.9510565162951526));
#5153=IFCDIRECTION((0.,0.9729924984143978,-0.2308367345751281));
#5154=IFCAXIS2PLACEMENT3D(#5151,#5152,#5153);
#5155=IFCDIRECTION((0.,0.,1.));
#5156=IFCEXTRUDEDAREASOLID(#5150,#5154,#5155,0.11124611797498121);
#5157=IFCCARTESIANPOINT((0.,0.));
#5158=IFCDIRECTION((1.,0.));
#5159=IFCAXIS2PLACEMENT2D(#5157,#5158);
#5160=IFCCIRCLEPROFILEDEF(.AREA.,$,#5159,0.011);
#5161=IFCCARTESIANPOINT((-23.8712267516161,25.705815564588658,4.78));
#5162=IFCDIRECTION((0.2111432078780695,-0.22563255212730643,0.9510565162951552));
#5163=IFCDIRECTION((-0.,0.9729924984143992,0.2308367345751221));
#5164=IFCAXIS2PLACEMENT3D(#5161,#5162,#5163);
#5165=IFCDIRECTION((0.,0.,1.));
#5166=IFCEXTRUDEDAREASOLID(#5160,#5164,#5165,0.18541019662496802);
#5167=IFCCARTESIANPOINT((0.,0.));
#5168=IFCDIRECTION((1.,0.));
#5169=IFCAXIS2PLACEMENT2D(#5167,#5168);
#5170=IFCCIRCLEPROFILEDEF(.AREA.,$,#5169,0.011);
#5171=IFCCARTESIANPOINT((-23.8320786479274,25.66398098873374,4.956335575687742));
#5172=IFCDIRECTION((0.5527800947184576,-0.5907136904376964,0.5877852522924768));
#5173=IFCDIRECTION((-0.7301622766207626,-0.6832737736807882,0.));
#5174=IFCAXIS2PLACEMENT3D(#5171,#5172,#5173);
#5175=IFCDIRECTION((0.,0.,1.));
#5176=IFCEXTRUDEDAREASOLID(#5170,#5174,#5175,0.18541019662496722);
#5177=IFCCARTESIANPOINT((0.,0.));
#5178=IFCDIRECTION((1.,0.));
#5179=IFCAXIS2PLACEMENT2D(#5177,#5178);
#5180=IFCCIRCLEPROFILEDEF(.AREA.,$,#5179,0.011);
#5181=IFCCARTESIANPOINT((-23.729587581875283,25.554456647240627,5.065316954888546));
#5182=IFCDIRECTION((0.6832737736808031,-0.7301622766207485,0.));
#5183=IFCDIRECTION((-0.7301622766207486,-0.6832737736808032,0.));
#5184=IFCAXIS2PLACEMENT3D(#5181,#5182,#5183);
#5185=IFCDIRECTION((0.,0.,1.));
#5186=IFCEXTRUDEDAREASOLID(#5180,#5184,#5185,0.1854101966249698);
#5187=IFCCARTESIANPOINT((0.,0.));
#5188=IFCDIRECTION((1.,0.));
#5189=IFCAXIS2PLACEMENT2D(#5187,#5188);
#5190=IFCCIRCLEPROFILEDEF(.AREA.,$,#5189,0.011);
#5191=IFCCARTESIANPOINT((-23.60290165714844,25.41907711596424,5.065316954888546));
#5192=IFCDIRECTION((0.5527800947184709,-0.5907136904376901,-0.5877852522924706));
#5193=IFCDIRECTION((-0.7301622766207507,-0.6832737736808009,0.));
#5194=IFCAXIS2PLACEMENT3D(#5191,#5192,#5193);
#5195=IFCDIRECTION((0.,0.,1.));
#5196=IFCEXTRUDEDAREASOLID(#5190,#5194,#5195,0.1854101966249692);
#5197=IFCCARTESIANPOINT((0.,0.));
#5198=IFCDIRECTION((1.,0.));
#5199=IFCAXIS2PLACEMENT2D(#5197,#5198);
#5200=IFCCIRCLEPROFILEDEF(.AREA.,$,#5199,0.011);
#5201=IFCCARTESIANPOINT((-23.50041059109632,25.309552774471126,4.956335575687742));
#5202=IFCDIRECTION((0.2111432078780695,-0.22563255212730643,-0.9510565162951552));
#5203=IFCDIRECTION((0.,-0.9729924984143992,0.2308367345751221));
#5204=IFCAXIS2PLACEMENT3D(#5201,#5202,#5203);
#5205=IFCDIRECTION((0.,0.,1.));
#5206=IFCEXTRUDEDAREASOLID(#5200,#5204,#5205,0.18541019662496802);
#5207=IFCCARTESIANPOINT((0.,0.));
#5208=IFCDIRECTION((1.,0.));
#5209=IFCAXIS2PLACEMENT2D(#5207,#5208);
#5210=IFCCIRCLEPROFILEDEF(.AREA.,$,#5209,0.011);
#5211=IFCCARTESIANPOINT((-23.46126248740762,25.26771819861621,4.78));
#5212=IFCDIRECTION((-0.2111432078780695,0.22563255212730643,-0.9510565162951552));
#5213=IFCDIRECTION((0.,-0.9729924984143992,-0.2308367345751221));
#5214=IFCAXIS2PLACEMENT3D(#5211,#5212,#5213);
#5215=IFCDIRECTION((0.,0.,1.));
#5216=IFCEXTRUDEDAREASOLID(#5210,#5214,#5215,0.18541019662496802);
#5217=IFCCARTESIANPOINT((0.,0.));
#5218=IFCDIRECTION((1.,0.));
#5219=IFCAXIS2PLACEMENT2D(#5217,#5218);
#5220=IFCCIRCLEPROFILEDEF(.AREA.,$,#5219,0.011);
#5221=IFCCARTESIANPOINT((-23.50041059109632,25.309552774471126,4.603664424312258));
#5222=IFCDIRECTION((-0.5527800947184709,0.5907136904376901,-0.5877852522924706));
#5223=IFCDIRECTION((0.7301622766207507,0.6832737736808009,-0.));
#5224=IFCAXIS2PLACEMENT3D(#5221,#5222,#5223);
#5225=IFCDIRECTION((0.,0.,1.));
#5226=IFCEXTRUDEDAREASOLID(#5220,#5224,#5225,0.1854101966249692);
#5227=IFCCARTESIANPOINT((0.,0.));
#5228=IFCDIRECTION((1.,0.));
#5229=IFCAXIS2PLACEMENT2D(#5227,#5228);
#5230=IFCCIRCLEPROFILEDEF(.AREA.,$,#5229,0.011);
#5231=IFCCARTESIANPOINT((-23.60290165714844,25.41907711596424,4.494683045111454));
#5232=IFCDIRECTION((-0.6832737736808031,0.7301622766207485,0.));
#5233=IFCDIRECTION((0.7301622766207486,0.6832737736808032,-0.));
#5234=IFCAXIS2PLACEMENT3D(#5231,#5232,#5233);
#5235=IFCDIRECTION((0.,0.,1.));
#5236=IFCEXTRUDEDAREASOLID(#5230,#5234,#5235,0.1854101966249698);
#5237=IFCCARTESIANPOINT((0.,0.));
#5238=IFCDIRECTION((1.,0.));
#5239=IFCAXIS2PLACEMENT2D(#5237,#5238);
#5240=IFCCIRCLEPROFILEDEF(.AREA.,$,#5239,0.011);
#5241=IFCCARTESIANPOINT((-23.729587581875283,25.554456647240627,4.494683045111454));
#5242=IFCDIRECTION((-0.5527800947184576,0.5907136904376964,0.5877852522924768));
#5243=IFCDIRECTION((0.7301622766207626,0.6832737736807882,-0.));
#5244=IFCAXIS2PLACEMENT3D(#5241,#5242,#5243);
#5245=IFCDIRECTION((0.,0.,1.));
#5246=IFCEXTRUDEDAREASOLID(#5240,#5244,#5245,0.18541019662496722);
#5247=IFCCARTESIANPOINT((0.,0.));
#5248=IFCDIRECTION((1.,0.));
#5249=IFCAXIS2PLACEMENT2D(#5247,#5248);
#5250=IFCCIRCLEPROFILEDEF(.AREA.,$,#5249,0.011);
#5251=IFCCARTESIANPOINT((-23.8320786479274,25.66398098873374,4.603664424312258));
#5252=IFCDIRECTION((-0.2111432078780695,0.22563255212730643,0.9510565162951552));
#5253=IFCDIRECTION((0.,0.9729924984143992,-0.2308367345751221));
#5254=IFCAXIS2PLACEMENT3D(#5251,#5252,#5253);
#5255=IFCDIRECTION((0.,0.,1.));
#5256=IFCEXTRUDEDAREASOLID(#5250,#5254,#5255,0.18541019662496802);
#5257=IFCCARTESIANPOINT((0.,0.));
#5258=IFCDIRECTION((1.,0.));
#5259=IFCAXIS2PLACEMENT2D(#5257,#5258);
#5260=IFCCIRCLEPROFILEDEF(.AREA.,$,#5259,0.011);
#5261=IFCCARTESIANPOINT((-24.335852917719045,26.20232591269077,5.08));
#5262=IFCDIRECTION((0.21114320787807592,-0.22563255212731287,0.9510565162951522));
#5263=IFCDIRECTION((-0.,0.9729924984143975,0.23083673457512904));
#5264=IFCAXIS2PLACEMENT3D(#5261,#5262,#5263);
#5265=IFCDIRECTION((0.,0.,1.));
#5266=IFCEXTRUDEDAREASOLID(#5260,#5264,#5265,0.1112461179749808);
#5267=IFCCARTESIANPOINT((0.,0.));
#5268=IFCDIRECTION((1.,0.));
#5269=IFCAXIS2PLACEMENT2D(#5267,#5268);
#5270=IFCCIRCLEPROFILEDEF(.AREA.,$,#5269,0.011);
#5271=IFCCARTESIANPOINT((-24.312364055505824,26.17722516717782,5.185801345412645));
#5272=IFCDIRECTION((0.5527800947184607,-0.590713690437687,0.5877852522924834));
#5273=IFCDIRECTION((-0.7301622766207553,-0.6832737736807961,0.));
#5274=IFCAXIS2PLACEMENT3D(#5271,#5272,#5273);
#5275=IFCDIRECTION((0.,0.,1.));
#5276=IFCEXTRUDEDAREASOLID(#5270,#5274,#5275,0.1112461179749797);
#5277=IFCCARTESIANPOINT((0.,0.));
#5278=IFCDIRECTION((1.,0.));
#5279=IFCAXIS2PLACEMENT2D(#5277,#5278);
#5280=IFCCIRCLEPROFILEDEF(.AREA.,$,#5279,0.011);
#5281=IFCCARTESIANPOINT((-24.250869415874554,26.111510562281953,5.251190172933128));
#5282=IFCDIRECTION((0.6832737736808036,-0.7301622766207482,0.));
#5283=IFCDIRECTION((-0.7301622766207482,-0.6832737736808036,0.));
#5284=IFCAXIS2PLACEMENT3D(#5281,#5282,#5283);
#5285=IFCDIRECTION((0.,0.,1.));
#5286=IFCEXTRUDEDAREASOLID(#5280,#5284,#5285,0.11124611797498388);
#5287=IFCCARTESIANPOINT((0.,0.));
#5288=IFCDIRECTION((1.,0.));
#5289=IFCAXIS2PLACEMENT2D(#5287,#5288);
#5290=IFCCIRCLEPROFILEDEF(.AREA.,$,#5289,0.011);
#5291=IFCCARTESIANPOINT((-24.174857861038447,26.03028284351612,5.251190172933128));
#5292=IFCDIRECTION((0.5527800947184607,-0.590713690437687,-0.5877852522924834));
#5293=IFCDIRECTION((-0.7301622766207553,-0.6832737736807961,0.));
#5294=IFCAXIS2PLACEMENT3D(#5291,#5292,#5293);
#5295=IFCDIRECTION((0.,0.,1.));
#5296=IFCEXTRUDEDAREASOLID(#5290,#5294,#5295,0.1112461179749797);
#5297=IFCCARTESIANPOINT((0.,0.));
#5298=IFCDIRECTION((1.,0.));
#5299=IFCAXIS2PLACEMENT2D(#5297,#5298);
#5300=IFCCIRCLEPROFILEDEF(.AREA.,$,#5299,0.011);
#5301=IFCCARTESIANPOINT((-24.113363221407177,25.964568238620252,5.185801345412645));
#5302=IFCDIRECTION((0.21114320787807592,-0.22563255212731287,-0.9510565162951522));
#5303=IFCDIRECTION((0.,-0.9729924984143975,0.23083673457512904));
#5304=IFCAXIS2PLACEMENT3D(#5301,#5302,#5303);
#5305=IFCDIRECTION((0.,0.,1.));
#5306=IFCEXTRUDEDAREASOLID(#5300,#5304,#5305,0.1112461179749808);
#5307=IFCCARTESIANPOINT((0.,0.));
#5308=IFCDIRECTION((1.,0.));
#5309=IFCAXIS2PLACEMENT2D(#5307,#5308);
#5310=IFCCIRCLEPROFILEDEF(.AREA.,$,#5309,0.011);
#5311=IFCCARTESIANPOINT((-24.089874359193956,25.9394674931073,5.08));
#5312=IFCDIRECTION((-0.21114320787807592,0.22563255212731287,-0.9510565162951522));
#5313=IFCDIRECTION((0.,-0.9729924984143975,-0.23083673457512904));
#5314=IFCAXIS2PLACEMENT3D(#5311,#5312,#5313);
#5315=IFCDIRECTION((0.,0.,1.));
#5316=IFCEXTRUDEDAREASOLID(#5310,#5314,#5315,0.1112461179749808);
#5317=IFCCARTESIANPOINT((0.,0.));
#5318=IFCDIRECTION((1.,0.));
#5319=IFCAXIS2PLACEMENT2D(#5317,#5318);
#5320=IFCCIRCLEPROFILEDEF(.AREA.,$,#5319,0.011);
#5321=IFCCARTESIANPOINT((-24.113363221407177,25.964568238620252,4.974198654587355));
#5322=IFCDIRECTION((-0.5527800947184607,0.590713690437687,-0.5877852522924834));
#5323=IFCDIRECTION((0.7301622766207553,0.6832737736807961,-0.));
#5324=IFCAXIS2PLACEMENT3D(#5321,#5322,#5323);
#5325=IFCDIRECTION((0.,0.,1.));
#5326=IFCEXTRUDEDAREASOLID(#5320,#5324,#5325,0.1112461179749797);
#5327=IFCCARTESIANPOINT((0.,0.));
#5328=IFCDIRECTION((1.,0.));
#5329=IFCAXIS2PLACEMENT2D(#5327,#5328);
#5330=IFCCIRCLEPROFILEDEF(.AREA.,$,#5329,0.011);
#5331=IFCCARTESIANPOINT((-24.174857861038447,26.03028284351612,4.9088098270668725));
#5332=IFCDIRECTION((-0.6832737736808036,0.7301622766207482,0.));
#5333=IFCDIRECTION((0.7301622766207482,0.6832737736808036,-0.));
#5334=IFCAXIS2PLACEMENT3D(#5331,#5332,#5333);
#5335=IFCDIRECTION((0.,0.,1.));
#5336=IFCEXTRUDEDAREASOLID(#5330,#5334,#5335,0.11124611797498388);
#5337=IFCCARTESIANPOINT((0.,0.));
#5338=IFCDIRECTION((1.,0.));
#5339=IFCAXIS2PLACEMENT2D(#5337,#5338);
#5340=IFCCIRCLEPROFILEDEF(.AREA.,$,#5339,0.011);
#5341=IFCCARTESIANPOINT((-24.250869415874554,26.111510562281953,4.9088098270668725));
#5342=IFCDIRECTION((-0.5527800947184632,0.5907136904376896,0.587785252292478));
#5343=IFCDIRECTION((0.7301622766207553,0.6832737736807962,-0.));
#5344=IFCAXIS2PLACEMENT3D(#5341,#5342,#5343);
#5345=IFCDIRECTION((0.,0.,1.));
#5346=IFCEXTRUDEDAREASOLID(#5340,#5344,#5345,0.11124611797497919);
#5347=IFCCARTESIANPOINT((0.,0.));
#5348=IFCDIRECTION((1.,0.));
#5349=IFCAXIS2PLACEMENT2D(#5347,#5348);
#5350=IFCCIRCLEPROFILEDEF(.AREA.,$,#5349,0.011);
#5351=IFCCARTESIANPOINT((-24.312364055505824,26.17722516717782,4.974198654587354));
#5352=IFCDIRECTION((-0.21114320787807433,0.22563255212731115,0.9510565162951529));
#5353=IFCDIRECTION((0.,0.972992498414398,-0.23083673457512724));
#5354=IFCAXIS2PLACEMENT3D(#5351,#5352,#5353);
#5355=IFCDIRECTION((0.,0.,1.));
#5356=IFCEXTRUDEDAREASOLID(#5350,#5354,#5355,0.11124611797498164);
#5357=IFCCARTESIANPOINT((0.,0.));
#5358=IFCDIRECTION((1.,0.));
#5359=IFCAXIS2PLACEMENT2D(#5357,#5358);
#5360=IFCCIRCLEPROFILEDEF(.AREA.,$,#5359,0.011);
#5361=IFCCARTESIANPOINT((-24.158201736562035,26.012483720769374,5.98));
#5362=IFCDIRECTION((0.2111432078780647,-0.22563255212730166,0.9510565162951574));
#5363=IFCDIRECTION((-0.,0.9729924984144005,0.230836734575117));
#5364=IFCAXIS2PLACEMENT3D(#5361,#5362,#5363);
#5365=IFCDIRECTION((0.,0.,1.));
#5366=IFCEXTRUDEDAREASOLID(#5360,#5364,#5365,0.1359674775249763);
#5367=IFCCARTESIANPOINT((0.,0.));
#5368=IFCDIRECTION((1.,0.));
#5369=IFCAXIS2PLACEMENT2D(#5367,#5368);
#5370=IFCCIRCLEPROFILEDEF(.AREA.,$,#5369,0.011);
#5371=IFCCARTESIANPOINT((-24.129493127190322,25.981805031809103,6.1093127555043445));
#5372=IFCDIRECTION((0.5527800947184578,-0.5907136904376984,0.5877852522924745));
#5373=IFCDIRECTION((-0.7301622766207636,-0.6832737736807871,0.));
#5374=IFCAXIS2PLACEMENT3D(#5371,#5372,#5373);
#5375=IFCDIRECTION((0.,0.,1.));
#5376=IFCEXTRUDEDAREASOLID(#5370,#5374,#5375,0.1359674775249759);
#5377=IFCCARTESIANPOINT((0.,0.));
#5378=IFCDIRECTION((1.,0.));
#5379=IFCAXIS2PLACEMENT2D(#5377,#5378);
#5380=IFCCIRCLEPROFILEDEF(.AREA.,$,#5379,0.011);
#5381=IFCCARTESIANPOINT((-24.054333012085436,25.90148718138082,6.189232433584934));
#5382=IFCDIRECTION((0.6832737736807988,-0.7301622766207527,0.));
#5383=IFCDIRECTION((-0.7301622766207527,-0.6832737736807988,0.));
#5384=IFCAXIS2PLACEMENT3D(#5381,#5382,#5383);
#5385=IFCDIRECTION((0.,0.,1.));
#5386=IFCEXTRUDEDAREASOLID(#5380,#5384,#5385,0.13596747752497837);
#5387=IFCCARTESIANPOINT((0.,0.));
#5388=IFCDIRECTION((1.,0.));
#5389=IFCAXIS2PLACEMENT2D(#5387,#5388);
#5390=IFCCIRCLEPROFILEDEF(.AREA.,$,#5389,0.011);
#5391=IFCCARTESIANPOINT((-23.961430000619085,25.8022088584448,6.189232433584934));
#5392=IFCDIRECTION((0.552780094718476,-0.59071369043769,-0.587785252292466));
#5393=IFCDIRECTION((-0.7301622766207475,-0.6832737736808043,0.));
#5394=IFCAXIS2PLACEMENT3D(#5391,#5392,#5393);
#5395=IFCDIRECTION((0.,0.,1.));
#5396=IFCEXTRUDEDAREASOLID(#5390,#5394,#5395,0.13596747752497784);
#5397=IFCCARTESIANPOINT((0.,0.));
#5398=IFCDIRECTION((1.,0.));
#5399=IFCAXIS2PLACEMENT2D(#5397,#5398);
#5400=IFCCIRCLEPROFILEDEF(.AREA.,$,#5399,0.011);
#5401=IFCCARTESIANPOINT((-23.886269885514196,25.721891008016517,6.1093127555043445));
#5402=IFCDIRECTION((0.2111432078780647,-0.22563255212730166,-0.9510565162951574));
#5403=IFCDIRECTION((0.,-0.9729924984144005,0.230836734575117));
#5404=IFCAXIS2PLACEMENT3D(#5401,#5402,#5403);
#5405=IFCDIRECTION((0.,0.,1.));
#5406=IFCEXTRUDEDAREASOLID(#5400,#5404,#5405,0.1359674775249763);
#5407=IFCCARTESIANPOINT((0.,0.));
#5408=IFCDIRECTION((1.,0.));
#5409=IFCAXIS2PLACEMENT2D(#5407,#5408);
#5410=IFCCIRCLEPROFILEDEF(.AREA.,$,#5409,0.011);
#5411=IFCCARTESIANPOINT((-23.857561276142484,25.691212319056245,5.98));
#5412=IFCDIRECTION((-0.2111432078780647,0.22563255212730166,-0.9510565162951574));
#5413=IFCDIRECTION((0.,-0.9729924984144005,-0.230836734575117));
#5414=IFCAXIS2PLACEMENT3D(#5411,#5412,#5413);
#5415=IFCDIRECTION((0.,0.,1.));
#5416=IFCEXTRUDEDAREASOLID(#5410,#5414,#5415,0.1359674775249763);
#5417=IFCCARTESIANPOINT((0.,0.));
#5418=IFCDIRECTION((1.,0.));
#5419=IFCAXIS2PLACEMENT2D(#5417,#5418);
#5420=IFCCIRCLEPROFILEDEF(.AREA.,$,#5419,0.011);
#5421=IFCCARTESIANPOINT((-23.886269885514196,25.721891008016517,5.850687244495656));
#5422=IFCDIRECTION((-0.552780094718476,0.59071369043769,-0.587785252292466));
#5423=IFCDIRECTION((0.7301622766207475,0.6832737736808043,-0.));
#5424=IFCAXIS2PLACEMENT3D(#5421,#5422,#5423);
#5425=IFCDIRECTION((0.,0.,1.));
#5426=IFCEXTRUDEDAREASOLID(#5420,#5424,#5425,0.13596747752497784);
#5427=IFCCARTESIANPOINT((0.,0.));
#5428=IFCDIRECTION((1.,0.));
#5429=IFCAXIS2PLACEMENT2D(#5427,#5428);
#5430=IFCCIRCLEPROFILEDEF(.AREA.,$,#5429,0.011);
#5431=IFCCARTESIANPOINT((-23.961430000619085,25.8022088584448,5.770767566415067));
#5432=IFCDIRECTION((-0.6832737736807988,0.7301622766207527,0.));
#5433=IFCDIRECTION((0.7301622766207527,0.6832737736807988,-0.));
#5434=IFCAXIS2PLACEMENT3D(#5431,#5432,#5433);
#5435=IFCDIRECTION((0.,0.,1.));
#5436=IFCEXTRUDEDAREASOLID(#5430,#5434,#5435,0.13596747752497837);
#5437=IFCCARTESIANPOINT((0.,0.));
#5438=IFCDIRECTION((1.,0.));
#5439=IFCAXIS2PLACEMENT2D(#5437,#5438);
#5440=IFCCIRCLEPROFILEDEF(.AREA.,$,#5439,0.011);
#5441=IFCCARTESIANPOINT((-24.054333012085436,25.90148718138082,5.770767566415067));
#5442=IFCDIRECTION((-0.5527800947184578,0.5907136904376984,0.5877852522924745));
#5443=IFCDIRECTION((0.7301622766207636,0.6832737736807871,-0.));
#5444=IFCAXIS2PLACEMENT3D(#5441,#5442,#5443);
#5445=IFCDIRECTION((0.,0.,1.));
#5446=IFCEXTRUDEDAREASOLID(#5440,#5444,#5445,0.1359674775249759);
#5447=IFCCARTESIANPOINT((0.,0.));
#5448=IFCDIRECTION((1.,0.));
#5449=IFCAXIS2PLACEMENT2D(#5447,#5448);
#5450=IFCCIRCLEPROFILEDEF(.AREA.,$,#5449,0.011);
#5451=IFCCARTESIANPOINT((-24.129493127190322,25.981805031809103,5.850687244495656));
#5452=IFCDIRECTION((-0.2111432078780647,0.22563255212730166,0.9510565162951574));
#5453=IFCDIRECTION((0.,0.9729924984144005,-0.230836734575117));
#5454=IFCAXIS2PLACEMENT3D(#5451,#5452,#5453);
#5455=IFCDIRECTION((0.,0.,1.));
#5456=IFCEXTRUDEDAREASOLID(#5450,#5454,#5455,0.1359674775249763);
#5457=IFCCARTESIANPOINT((0.,0.));
#5458=IFCDIRECTION((1.,0.));
#5459=IFCAXIS2PLACEMENT2D(#5457,#5458);
#5460=IFCCIRCLEPROFILEDEF(.AREA.,$,#5459,0.011);
#5461=IFCCARTESIANPOINT((-23.42709879872358,25.23121008478517,6.15));
#5462=IFCDIRECTION((0.2111432078780859,-0.22563255212732267,0.9510565162951476));
#5463=IFCDIRECTION((-0.,0.9729924984143951,0.2308367345751396));
#5464=IFCAXIS2PLACEMENT3D(#5461,#5462,#5463);
#5465=IFCDIRECTION((0.,0.,1.));
#5466=IFCEXTRUDEDAREASOLID(#5460,#5464,#5465,0.09270509831248522);
#5467=IFCCARTESIANPOINT((0.,0.));
#5468=IFCDIRECTION((1.,0.));
#5469=IFCAXIS2PLACEMENT2D(#5467,#5468);
#5470=IFCCIRCLEPROFILEDEF(.AREA.,$,#5469,0.011);
#5471=IFCCARTESIANPOINT((-23.40752474687923,25.21029279685771,6.238167787843872));
#5472=IFCDIRECTION((0.5527800947184576,-0.5907136904376964,0.5877852522924768));
#5473=IFCDIRECTION((-0.7301622766207626,-0.6832737736807882,0.));
#5474=IFCAXIS2PLACEMENT3D(#5471,#5472,#5473);
#5475=IFCDIRECTION((0.,0.,1.));
#5476=IFCEXTRUDEDAREASOLID(#5470,#5474,#5475,0.09270509831248361);
#5477=IFCCARTESIANPOINT((0.,0.));
#5478=IFCDIRECTION((1.,0.));
#5479=IFCAXIS2PLACEMENT2D(#5477,#5478);
#5480=IFCCIRCLEPROFILEDEF(.AREA.,$,#5479,0.011);
#5481=IFCCARTESIANPOINT((-23.35627921385317,25.155530626111155,6.292658477444274));
#5482=IFCDIRECTION((0.6832737736808128,-0.7301622766207397,0.));
#5483=IFCDIRECTION((-0.7301622766207397,-0.6832737736808128,0.));
#5484=IFCAXIS2PLACEMENT3D(#5481,#5482,#5483);
#5485=IFCDIRECTION((0.,0.,1.));
#5486=IFCEXTRUDEDAREASOLID(#5480,#5484,#5485,0.09270509831248358);
#5487=IFCCARTESIANPOINT((0.,0.));
#5488=IFCDIRECTION((1.,0.));
#5489=IFCAXIS2PLACEMENT2D(#5487,#5488);
#5490=IFCCIRCLEPROFILEDEF(.AREA.,$,#5489,0.011);
#5491=IFCCARTESIANPOINT((-23.29293625148975,25.087840860472962,6.292658477444274));
#5492=IFCDIRECTION((0.5527800947184576,-0.5907136904376964,-0.5877852522924768));
#5493=IFCDIRECTION((-0.7301622766207626,-0.6832737736807882,0.));
#5494=IFCAXIS2PLACEMENT3D(#5491,#5492,#5493);
#5495=IFCDIRECTION((0.,0.,1.));
#5496=IFCEXTRUDEDAREASOLID(#5490,#5494,#5495,0.09270509831248361);
#5497=IFCCARTESIANPOINT((0.,0.));
#5498=IFCDIRECTION((1.,0.));
#5499=IFCAXIS2PLACEMENT2D(#5497,#5498);
#5500=IFCCIRCLEPROFILEDEF(.AREA.,$,#5499,0.011);
#5501=IFCCARTESIANPOINT((-23.24169071846369,25.033078689726405,6.238167787843872));
#5502=IFCDIRECTION((0.2111432078780859,-0.22563255212732267,-0.9510565162951476));
#5503=IFCDIRECTION((0.,-0.9729924984143951,0.2308367345751396));
#5504=IFCAXIS2PLACEMENT3D(#5501,#5502,#5503);
#5505=IFCDIRECTION((0.,0.,1.));
#5506=IFCEXTRUDEDAREASOLID(#5500,#5504,#5505,0.09270509831248522);
#5507=IFCCARTESIANPOINT((0.,0.));
#5508=IFCDIRECTION((1.,0.));
#5509=IFCAXIS2PLACEMENT2D(#5507,#5508);
#5510=IFCCIRCLEPROFILEDEF(.AREA.,$,#5509,0.011);
#5511=IFCCARTESIANPOINT((-23.22211666661934,25.012161401798945,6.15));
#5512=IFCDIRECTION((-0.2111432078780859,0.22563255212732267,-0.9510565162951476));
#5513=IFCDIRECTION((0.,-0.9729924984143951,-0.2308367345751396));
#5514=IFCAXIS2PLACEMENT3D(#5511,#5512,#5513);
#5515=IFCDIRECTION((0.,0.,1.));
#5516=IFCEXTRUDEDAREASOLID(#5510,#5514,#5515,0.09270509831248522);
#5517=IFCCARTESIANPOINT((0.,0.));
#5518=IFCDIRECTION((1.,0.));
#5519=IFCAXIS2PLACEMENT2D(#5517,#5518);
#5520=IFCCIRCLEPROFILEDEF(.AREA.,$,#5519,0.011);
#5521=IFCCARTESIANPOINT((-23.24169071846369,25.033078689726405,6.061832212156129));
#5522=IFCDIRECTION((-0.5527800947184576,0.5907136904376964,-0.5877852522924768));
#5523=IFCDIRECTION((0.7301622766207626,0.6832737736807882,-0.));
#5524=IFCAXIS2PLACEMENT3D(#5521,#5522,#5523);
#5525=IFCDIRECTION((0.,0.,1.));
#5526=IFCEXTRUDEDAREASOLID(#5520,#5524,#5525,0.09270509831248361);
#5527=IFCCARTESIANPOINT((0.,0.));
#5528=IFCDIRECTION((1.,0.));
#5529=IFCAXIS2PLACEMENT2D(#5527,#5528);
#5530=IFCCIRCLEPROFILEDEF(.AREA.,$,#5529,0.011);
#5531=IFCCARTESIANPOINT((-23.29293625148975,25.087840860472962,6.007341522555727));
#5532=IFCDIRECTION((-0.6832737736808128,0.7301622766207397,0.));
#5533=IFCDIRECTION((0.7301622766207397,0.6832737736808128,-0.));
#5534=IFCAXIS2PLACEMENT3D(#5531,#5532,#5533);
#5535=IFCDIRECTION((0.,0.,1.));
#5536=IFCEXTRUDEDAREASOLID(#5530,#5534,#5535,0.09270509831248358);
#5537=IFCCARTESIANPOINT((0.,0.));
#5538=IFCDIRECTION((1.,0.));
#5539=IFCAXIS2PLACEMENT2D(#5537,#5538);
#5540=IFCCIRCLEPROFILEDEF(.AREA.,$,#5539,0.011);
#5541=IFCCARTESIANPOINT((-23.35627921385317,25.155530626111155,6.007341522555727));
#5542=IFCDIRECTION((-0.5527800947184576,0.5907136904376964,0.5877852522924768));
#5543=IFCDIRECTION((0.7301622766207626,0.6832737736807882,-0.));
#5544=IFCAXIS2PLACEMENT3D(#5541,#5542,#5543);
#5545=IFCDIRECTION((0.,0.,1.));
#5546=IFCEXTRUDEDAREASOLID(#5540,#5544,#5545,0.09270509831248361);
#5547=IFCCARTESIANPOINT((0.,0.));
#5548=IFCDIRECTION((1.,0.));
#5549=IFCAXIS2PLACEMENT2D(#5547,#5548);
#5550=IFCCIRCLEPROFILEDEF(.AREA.,$,#5549,0.011);
#5551=IFCCARTESIANPOINT((-23.40752474687923,25.21029279685771,6.061832212156129));
#5552=IFCDIRECTION((-0.2111432078780859,0.22563255212732267,0.9510565162951476));
#5553=IFCDIRECTION((0.,0.9729924984143951,-0.2308367345751396));
#5554=IFCAXIS2PLACEMENT3D(#5551,#5552,#5553);
#5555=IFCDIRECTION((0.,0.,1.));
#5556=IFCEXTRUDEDAREASOLID(#5550,#5554,#5555,0.09270509831248522);
#5557=IFCCARTESIANPOINT((0.,0.));
#5558=IFCDIRECTION((1.,0.));
#5559=IFCAXIS2PLACEMENT2D(#5557,#5558);
#5560=IFCCIRCLEPROFILEDEF(.AREA.,$,#5559,0.075);
#5561=IFCCARTESIANPOINT((-23.265826134364495,25.080823490533817,2.5300000000000002));
#5562=IFCDIRECTION((-0.7301622766207521,-0.6832737736807996,0.));
#5563=IFCDIRECTION((-0.6832737736807996,0.7301622766207521,0.));
#5564=IFCAXIS2PLACEMENT3D(#5561,#5562,#5563);
#5565=IFCDIRECTION((0.,0.,1.));
#5566=IFCEXTRUDEDAREASOLID(#5560,#5564,#5565,0.03);
#5567=IFCCARTESIANPOINT((0.,0.));
#5568=IFCDIRECTION((1.,0.));
#5569=IFCAXIS2PLACEMENT2D(#5567,#5568);
#5570=IFCCIRCLEPROFILEDEF(.AREA.,$,#5569,0.075);
#5571=IFCCARTESIANPOINT((-23.62112849667851,25.460507874376606,3.2300000000000004));
#5572=IFCDIRECTION((-0.7301622766207521,-0.6832737736807996,0.));
#5573=IFCDIRECTION((-0.6832737736807996,0.7301622766207521,0.));
#5574=IFCAXIS2PLACEMENT3D(#5571,#5572,#5573);
#5575=IFCDIRECTION((0.,0.,1.));
#5576=IFCEXTRUDEDAREASOLID(#5570,#5574,#5575,0.03);
#5577=IFCCARTESIANPOINT((0.,0.));
#5578=IFCDIRECTION((1.,0.));
#5579=IFCAXIS2PLACEMENT2D(#5577,#5578);
#5580=IFCCIRCLEPROFILEDEF(.AREA.,$,#5579,0.075);
#5581=IFCCARTESIANPOINT((-24.113085613728686,25.98622471354355,2.9299999999999997));
#5582=IFCDIRECTION((-0.7301622766207521,-0.6832737736807996,0.));
#5583=IFCDIRECTION((-0.6832737736807996,0.7301622766207521,0.));
#5584=IFCAXIS2PLACEMENT3D(#5581,#5582,#5583);
#5585=IFCDIRECTION((0.,0.,1.));
#5586=IFCEXTRUDEDAREASOLID(#5580,#5584,#5585,0.03);
#5587=IFCCARTESIANPOINT((0.,0.));
#5588=IFCDIRECTION((1.,0.));
#5589=IFCAXIS2PLACEMENT2D(#5587,#5588);
#5590=IFCCIRCLEPROFILEDEF(.AREA.,$,#5589,0.075);
#5591=IFCCARTESIANPOINT((-24.33856595904335,26.227178264828396,3.4800000000000004));
#5592=IFCDIRECTION((-0.7301622766207521,-0.6832737736807996,0.));
#5593=IFCDIRECTION((-0.6832737736807996,0.7301622766207521,0.));
#5594=IFCAXIS2PLACEMENT3D(#5591,#5592,#5593);
#5595=IFCDIRECTION((0.,0.,1.));
#5596=IFCEXTRUDEDAREASOLID(#5590,#5594,#5595,0.03);
#5597=IFCCARTESIANPOINT((0.,0.));
#5598=IFCDIRECTION((1.,0.));
#5599=IFCAXIS2PLACEMENT2D(#5597,#5598);
#5600=IFCCIRCLEPROFILEDEF(.AREA.,$,#5599,0.075);
#5601=IFCCARTESIANPOINT((-23.894438006150832,25.75257278502491,4.48));
#5602=IFCDIRECTION((-0.7301622766207521,-0.6832737736807996,0.));
#5603=IFCDIRECTION((-0.6832737736807996,0.7301622766207521,0.));
#5604=IFCAXIS2PLACEMENT3D(#5601,#5602,#5603);
#5605=IFCDIRECTION((0.,0.,1.));
#5606=IFCEXTRUDEDAREASOLID(#5600,#5604,#5605,0.03);
#5607=IFCCARTESIANPOINT((0.,0.));
#5608=IFCDIRECTION((1.,0.));
#5609=IFCAXIS2PLACEMENT2D(#5607,#5608);
#5610=IFCCIRCLEPROFILEDEF(.AREA.,$,#5609,0.075);
#5611=IFCCARTESIANPOINT((-23.41614636457427,25.241459191390383,5.23));
#5612=IFCDIRECTION((-0.7301622766207521,-0.6832737736807996,0.));
#5613=IFCDIRECTION((-0.6832737736807996,0.7301622766207521,0.));
#5614=IFCAXIS2PLACEMENT3D(#5611,#5612,#5613);
#5615=IFCDIRECTION((0.,0.,1.));
#5616=IFCEXTRUDEDAREASOLID(#5610,#5614,#5615,0.03);
#5617=IFCCARTESIANPOINT((0.,0.));
#5618=IFCDIRECTION((1.,0.));
#5619=IFCAXIS2PLACEMENT2D(#5617,#5618);
#5620=IFCCIRCLEPROFILEDEF(.AREA.,$,#5619,0.075);
#5621=IFCCARTESIANPOINT((-24.33856595904335,26.227178264828396,5.58));
#5622=IFCDIRECTION((-0.7301622766207521,-0.6832737736807996,0.));
#5623=IFCDIRECTION((-0.6832737736807996,0.7301622766207521,0.));
#5624=IFCAXIS2PLACEMENT3D(#5621,#5622,#5623);
#5625=IFCDIRECTION((0.,0.,1.));
#5626=IFCEXTRUDEDAREASOLID(#5620,#5624,#5625,0.03);
#5627=IFCCARTESIANPOINT((0.,0.));
#5628=IFCDIRECTION((1.,0.));
#5629=IFCAXIS2PLACEMENT2D(#5627,#5628);
#5630=IFCCIRCLEPROFILEDEF(.AREA.,$,#5629,0.075);
#5631=IFCCARTESIANPOINT((-23.757783251414672,25.60654032970076,6.28));
#5632=IFCDIRECTION((-0.7301622766207521,-0.6832737736807996,0.));
#5633=IFCDIRECTION((-0.6832737736807996,0.7301622766207521,0.));
#5634=IFCAXIS2PLACEMENT3D(#5631,#5632,#5633);
#5635=IFCDIRECTION((0.,0.,1.));
#5636=IFCEXTRUDEDAREASOLID(#5630,#5634,#5635,0.03);
#5637=IFCCARTESIANPOINT((0.,0.));
#5638=IFCDIRECTION((1.,0.));
#5639=IFCAXIS2PLACEMENT2D(#5637,#5638);
#5640=IFCCIRCLEPROFILEDEF(.AREA.,$,#5639,0.075);
#5641=IFCCARTESIANPOINT((-23.04034578904983,24.83986993924897,6.38));
#5642=IFCDIRECTION((-0.7301622766207521,-0.6832737736807996,0.));
#5643=IFCDIRECTION((-0.6832737736807996,0.7301622766207521,0.));
#5644=IFCAXIS2PLACEMENT3D(#5641,#5642,#5643);
#5645=IFCDIRECTION((0.,0.,1.));
#5646=IFCEXTRUDEDAREASOLID(#5640,#5644,#5645,0.03);
#5647=IFCCARTESIANPOINT((0.,0.));
#5648=IFCDIRECTION((1.,0.));
#5649=IFCAXIS2PLACEMENT2D(#5647,#5648);
#5650=IFCCIRCLEPROFILEDEF(.AREA.,$,#5649,0.075);
#5651=IFCCARTESIANPOINT((-24.16774751562315,26.04463769567321,3.83));
#5652=IFCDIRECTION((-0.7301622766207521,-0.6832737736807996,0.));
#5653=IFCDIRECTION((-0.6832737736807996,0.7301622766207521,0.));
#5654=IFCAXIS2PLACEMENT3D(#5651,#5652,#5653);
#5655=IFCDIRECTION((0.,0.,1.));
#5656=IFCEXTRUDEDAREASOLID(#5650,#5654,#5655,0.03);
#5657=IFCCARTESIANPOINT((0.,0.));
#5658=IFCDIRECTION((1.,0.));
#5659=IFCAXIS2PLACEMENT2D(#5657,#5658);
#5660=IFCCIRCLEPROFILEDEF(.AREA.,$,#5659,0.012);
#5661=IFCCARTESIANPOINT((-23.304109519461036,25.099780874993435,2.21));
#5662=IFCDIRECTION((-0.6827744497375321,0.7296286874194234,0.03822341272334884));
#5663=IFCDIRECTION((0.7301622766207522,0.6832737736807993,-0.));
#5664=IFCAXIS2PLACEMENT3D(#5661,#5662,#5663);
#5665=IFCDIRECTION((0.,0.,1.));
#5666=IFCEXTRUDEDAREASOLID(#5660,#5664,#5665,1.8313383084509527);
#5667=IFCCARTESIANPOINT((0.,0.));
#5668=IFCDIRECTION((1.,0.));
#5669=IFCAXIS2PLACEMENT2D(#5667,#5668);
#5670=IFCCIRCLEPROFILEDEF(.AREA.,$,#5669,0.012);
#5671=IFCCARTESIANPOINT((-23.56375355345974,25.37724254010932,3.0300000000000002));
#5672=IFCDIRECTION((-0.6828679086175564,0.7297285597564535,0.0344622758397788));
#5673=IFCDIRECTION((0.7301622766207521,0.6832737736807994,-0.));
#5674=IFCAXIS2PLACEMENT3D(#5671,#5672,#5673);
#5675=IFCDIRECTION((0.,0.,1.));
#5676=IFCEXTRUDEDAREASOLID(#5670,#5674,#5675,1.450861812854689);
#5677=IFCCARTESIANPOINT((-23.540146562735192,24.755641045626565));
#5678=IFCCARTESIANPOINT((-23.6358048910505,24.857863764353468));
#5679=IFCCARTESIANPOINT((-23.650408136582918,24.844198288879852));
#5680=IFCCARTESIANPOINT((-23.55474980826761,24.74197557015295));
#5681=IFCCARTESIANPOINT((-23.540146562735192,24.755641045626565));
#5682=IFCPOLYLINE((#5677,#5678,#5679,#5680,#5681));
#5683=IFCARBITRARYCLOSEDPROFILEDEF(.AREA.,$,#5682);
#5684=IFCCARTESIANPOINT((0.,0.,1.23));
#5685=IFCAXIS2PLACEMENT3D(#5684,$,$);
#5686=IFCDIRECTION((0.,0.,1.));
#5687=IFCEXTRUDEDAREASOLID(#5683,#5685,#5686,0.22);
#5688=IFCCARTESIANPOINT((0.,0.));
#5689=IFCDIRECTION((1.,0.));
#5690=IFCAXIS2PLACEMENT2D(#5688,#5689);
#5691=IFCCIRCLEPROFILEDEF(.AREA.,$,#5690,0.01);
#5692=IFCCARTESIANPOINT((-23.595277349659057,24.79991966725321,1.4500000000000002));
#5693=IFCDIRECTION((0.35154723586091857,0.3289720849253172,0.8764655773608211));
#5694=IFCDIRECTION((0.6832737736808011,-0.7301622766207505,0.));
#5695=IFCAXIS2PLACEMENT3D(#5692,#5693,#5694);
#5696=IFCDIRECTION((0.,0.,1.));
#5697=IFCEXTRUDEDAREASOLID(#5691,#5695,#5696,0.8671190513704852);
#5698=IFCCARTESIANPOINT((-23.991549924429442,25.154960390022676));
#5699=IFCCARTESIANPOINT((-24.08720825274475,25.257183108749583));
#5700=IFCCARTESIANPOINT((-24.101811498277165,25.243517633275967));
#5701=IFCCARTESIANPOINT((-24.006153169961856,25.14129491454906));
#5702=IFCCARTESIANPOINT((-23.991549924429442,25.154960390022676));
#5703=IFCPOLYLINE((#5698,#5699,#5700,#5701,#5702));
#5704=IFCARBITRARYCLOSEDPROFILEDEF(.AREA.,$,#5703);
#5705=IFCCARTESIANPOINT((0.,0.,1.23));
#5706=IFCAXIS2PLACEMENT3D(#5705,$,$);
#5707=IFCDIRECTION((0.,0.,1.));
#5708=IFCEXTRUDEDAREASOLID(#5704,#5706,#5707,0.22);
#5709=IFCCARTESIANPOINT((0.,0.));
#5710=IFCDIRECTION((1.,0.));
#5711=IFCAXIS2PLACEMENT2D(#5709,#5710);
#5712=IFCCIRCLEPROFILEDEF(.AREA.,$,#5711,0.01);
#5713=IFCCARTESIANPOINT((-24.046680711353304,25.199239011649322,1.4500000000000002));
#5714=IFCDIRECTION((0.3779131799521964,0.35364489902806784,0.8556383078204519));
#5715=IFCDIRECTION((0.6832737736808019,-0.7301622766207498,0.));
#5716=IFCAXIS2PLACEMENT3D(#5713,#5714,#5715);
#5717=IFCDIRECTION((0.,0.,1.));
#5718=IFCEXTRUDEDAREASOLID(#5712,#5716,#5717,0.9162750111049437);
#5719=IFCCARTESIANPOINT((-24.36007509115215,25.631835777571467));
#5720=IFCCARTESIANPOINT((-24.45573341946746,25.73405849629837));
#5721=IFCCARTESIANPOINT((-24.470336664999877,25.720393020824755));
#5722=IFCCARTESIANPOINT((-24.374678336684568,25.61817030209785));
#5723=IFCCARTESIANPOINT((-24.36007509115215,25.631835777571467));
#5724=IFCPOLYLINE((#5719,#5720,#5721,#5722,#5723));
#5725=IFCARBITRARYCLOSEDPROFILEDEF(.AREA.,$,#5724);
#5726=IFCCARTESIANPOINT((0.,0.,1.23));
#5727=IFCAXIS2PLACEMENT3D(#5726,$,$);
#5728=IFCDIRECTION((0.,0.,1.));
#5729=IFCEXTRUDEDAREASOLID(#5725,#5727,#5728,0.22);
#5730=IFCCARTESIANPOINT((0.,0.));
#5731=IFCDIRECTION((1.,0.));
#5732=IFCAXIS2PLACEMENT2D(#5730,#5731);
#5733=IFCCIRCLEPROFILEDEF(.AREA.,$,#5732,0.01);
#5734=IFCCARTESIANPOINT((-24.415205878076016,25.67611439919811,1.4500000000000002));
#5735=IFCDIRECTION((0.3351720518124458,0.31364845871540126,0.8884167603266433));
#5736=IFCDIRECTION((0.6832737736808012,-0.7301622766207505,0.));
#5737=IFCAXIS2PLACEMENT3D(#5734,#5735,#5736);
#5738=IFCDIRECTION((0.,0.,1.));
#5739=IFCEXTRUDEDAREASOLID(#5733,#5737,#5738,0.9094830670494367);
#5740=IFCSTYLEDITEM(#4766,(#38),$);
#5741=IFCSTYLEDITEM(#4776,(#38),$);
#5742=IFCSTYLEDITEM(#4786,(#38),$);
#5743=IFCSTYLEDITEM(#4796,(#38),$);
#5744=IFCSTYLEDITEM(#4806,(#38),$);
#5745=IFCSTYLEDITEM(#4816,(#38),$);
#5746=IFCSTYLEDITEM(#4826,(#38),$);
#5747=IFCSTYLEDITEM(#4836,(#38),$);
#5748=IFCSTYLEDITEM(#4846,(#38),$);
#5749=IFCSTYLEDITEM(#4856,(#38),$);
#5750=IFCSTYLEDITEM(#4866,(#38),$);
#5751=IFCSTYLEDITEM(#4876,(#38),$);
#5752=IFCSTYLEDITEM(#4886,(#38),$);
#5753=IFCSTYLEDITEM(#4896,(#38),$);
#5754=IFCSTYLEDITEM(#4906,(#38),$);
#5755=IFCSTYLEDITEM(#4916,(#38),$);
#5756=IFCSTYLEDITEM(#4926,(#38),$);
#5757=IFCSTYLEDITEM(#4936,(#38),$);
#5758=IFCSTYLEDITEM(#4946,(#38),$);
#5759=IFCSTYLEDITEM(#4956,(#38),$);
#5760=IFCSTYLEDITEM(#4966,(#38),$);
#5761=IFCSTYLEDITEM(#4976,(#38),$);
#5762=IFCSTYLEDITEM(#4986,(#38),$);
#5763=IFCSTYLEDITEM(#4996,(#38),$);
#5764=IFCSTYLEDITEM(#5006,(#38),$);
#5765=IFCSTYLEDITEM(#5016,(#38),$);
#5766=IFCSTYLEDITEM(#5026,(#38),$);
#5767=IFCSTYLEDITEM(#5036,(#38),$);
#5768=IFCSTYLEDITEM(#5046,(#38),$);
#5769=IFCSTYLEDITEM(#5056,(#38),$);
#5770=IFCSTYLEDITEM(#5066,(#38),$);
#5771=IFCSTYLEDITEM(#5076,(#38),$);
#5772=IFCSTYLEDITEM(#5086,(#38),$);
#5773=IFCSTYLEDITEM(#5096,(#38),$);
#5774=IFCSTYLEDITEM(#5106,(#38),$);
#5775=IFCSTYLEDITEM(#5116,(#38),$);
#5776=IFCSTYLEDITEM(#5126,(#38),$);
#5777=IFCSTYLEDITEM(#5136,(#38),$);
#5778=IFCSTYLEDITEM(#5146,(#38),$);
#5779=IFCSTYLEDITEM(#5156,(#38),$);
#5780=IFCSTYLEDITEM(#5166,(#38),$);
#5781=IFCSTYLEDITEM(#5176,(#38),$);
#5782=IFCSTYLEDITEM(#5186,(#38),$);
#5783=IFCSTYLEDITEM(#5196,(#38),$);
#5784=IFCSTYLEDITEM(#5206,(#38),$);
#5785=IFCSTYLEDITEM(#5216,(#38),$);
#5786=IFCSTYLEDITEM(#5226,(#38),$);
#5787=IFCSTYLEDITEM(#5236,(#38),$);
#5788=IFCSTYLEDITEM(#5246,(#38),$);
#5789=IFCSTYLEDITEM(#5256,(#38),$);
#5790=IFCSTYLEDITEM(#5266,(#38),$);
#5791=IFCSTYLEDITEM(#5276,(#38),$);
#5792=IFCSTYLEDITEM(#5286,(#38),$);
#5793=IFCSTYLEDITEM(#5296,(#38),$);
#5794=IFCSTYLEDITEM(#5306,(#38),$);
#5795=IFCSTYLEDITEM(#5316,(#38),$);
#5796=IFCSTYLEDITEM(#5326,(#38),$);
#5797=IFCSTYLEDITEM(#5336,(#38),$);
#5798=IFCSTYLEDITEM(#5346,(#38),$);
#5799=IFCSTYLEDITEM(#5356,(#38),$);
#5800=IFCSTYLEDITEM(#5366,(#38),$);
#5801=IFCSTYLEDITEM(#5376,(#38),$);
#5802=IFCSTYLEDITEM(#5386,(#38),$);
#5803=IFCSTYLEDITEM(#5396,(#38),$);
#5804=IFCSTYLEDITEM(#5406,(#38),$);
#5805=IFCSTYLEDITEM(#5416,(#38),$);
#5806=IFCSTYLEDITEM(#5426,(#38),$);
#5807=IFCSTYLEDITEM(#5436,(#38),$);
#5808=IFCSTYLEDITEM(#5446,(#38),$);
#5809=IFCSTYLEDITEM(#5456,(#38),$);
#5810=IFCSTYLEDITEM(#5466,(#38),$);
#5811=IFCSTYLEDITEM(#5476,(#38),$);
#5812=IFCSTYLEDITEM(#5486,(#38),$);
#5813=IFCSTYLEDITEM(#5496,(#38),$);
#5814=IFCSTYLEDITEM(#5506,(#38),$);
#5815=IFCSTYLEDITEM(#5516,(#38),$);
#5816=IFCSTYLEDITEM(#5526,(#38),$);
#5817=IFCSTYLEDITEM(#5536,(#38),$);
#5818=IFCSTYLEDITEM(#5546,(#38),$);
#5819=IFCSTYLEDITEM(#5556,(#38),$);
#5820=IFCSTYLEDITEM(#5566,(#38),$);
#5821=IFCSTYLEDITEM(#5576,(#38),$);
#5822=IFCSTYLEDITEM(#5586,(#38),$);
#5823=IFCSTYLEDITEM(#5596,(#38),$);
#5824=IFCSTYLEDITEM(#5606,(#38),$);
#5825=IFCSTYLEDITEM(#5616,(#38),$);
#5826=IFCSTYLEDITEM(#5626,(#38),$);
#5827=IFCSTYLEDITEM(#5636,(#38),$);
#5828=IFCSTYLEDITEM(#5646,(#38),$);
#5829=IFCSTYLEDITEM(#5656,(#38),$);
#5830=IFCSTYLEDITEM(#5666,(#38),$);
#5831=IFCSTYLEDITEM(#5676,(#38),$);
#5832=IFCSTYLEDITEM(#5687,(#38),$);
#5833=IFCSTYLEDITEM(#5697,(#38),$);
#5834=IFCSTYLEDITEM(#5708,(#38),$);
#5835=IFCSTYLEDITEM(#5718,(#38),$);
#5836=IFCSTYLEDITEM(#5729,(#38),$);
#5837=IFCSTYLEDITEM(#5739,(#38),$);
#5838=IFCSHAPEREPRESENTATION(#16,'Body','SweptSolid',(#4766,#4776,#4786,#4796,#4806,#4816,#4826,#4836,#4846,#4856,#4866,#4876,#4886,#4896,#4906,#4916,#4926,#4936,#4946,#4956,#4966,#4976,#4986,#4996,#5006,#5016,#5026,#5036,#5046,#5056,#5066,#5076,#5086,#5096,#5106,#5116,#5126,#5136,#5146,#5156,#5166,#5176,#5186,#5196,#5206,#5216,#5226,#5236,#5246,#5256,#5266,#5276,#5286,#5296,#5306,#5316,#5326,#5336,#5346,#5356,#5366,#5376,#5386,#5396,#5406,#5416,#5426,#5436,#5446,#5456,#5466,#5476,#5486,#5496,#5506,#5516,#5526,#5536,#5546,#5556,#5566,#5576,#5586,#5596,#5606,#5616,#5626,#5636,#5646,#5656,#5666,#5676,#5687,#5697,#5708,#5718,#5729,#5739));
#5839=IFCPRODUCTDEFINITIONSHAPE($,$,(#5838));
#5840=IFCLOCALPLACEMENT(#23,#13);
#5841=IFCMEMBER('0u2KQ75kj4Rv65bdBEaHq8',#5,'Forja ornamental 2 \X2\00B7\X0\ Scrollwork and iron flowers',$,'Wrought-iron scrolls, rings and forged flowers between stay and post; leaf pendants over the backrest',#5840,#5839,'PFAL-MEM-011',.USERDEFINED.);
#5842=IFCRELASSOCIATESMATERIAL('0Li3M22Mj9zQiLYqf7$zJK',#5,$,$,(#5841),#39);
#5843=IFCPROPERTYSINGLEVALUE('Reference',$,IFCLABEL('Wrought-iron scrolls, rings and forged flowers between stay and post; leaf pendants over the backrest'),$);
#5844=IFCPROPERTYSINGLEVALUE('IsExternal',$,IFCBOOLEAN(.T.),$);
#5845=IFCPROPERTYSINGLEVALUE('Status',$,IFCLABEL('EXISTING'),$);
#5846=IFCPROPERTYSET('2BmSJuOxD6KQ4HNkpiqoD1',#5,'Pset_MemberCommon',$,(#5843,#5844,#5845));
#5847=IFCRELDEFINESBYPROPERTIES('0cBVZRSTX1Yu4RJyEuKNcC',#5,$,$,(#5841),#5846);
#5848=IFCPROPERTYSINGLEVALUE('Material',$,IFCLABEL('Wrought and cast iron, painted dark brown-black'),$);
#5849=IFCPROPERTYSINGLEVALUE('Category',$,IFCLABEL('Iron'),$);
#5850=IFCPROPERTYSINGLEVALUE('Description',$,IFCLABEL('Forged scrollwork and cast parts, the near-black brown of the Passeig''s 1906 ironwork'),$);
#5851=IFCPROPERTYSINGLEVALUE('MassDensity_kg_m3',$,IFCREAL(7600.),$);
#5852=IFCPROPERTYSET('2eLa9zilDF99e9Fg$e7ipn',#5,'Pset_CDE_Material',$,(#5848,#5849,#5850,#5851));
#5853=IFCRELDEFINESBYPROPERTIES('0ILJg7kyf3ZOP18rLl6bsw',#5,$,$,(#5841),#5852);
#5854=IFCPROPERTYSINGLEVALUE('GeometrySource',$,IFCLABEL('Ornament simplified to rings, discs and bars; layout after photographs'),$);
#5855=IFCPROPERTYSINGLEVALUE('Confidence',$,IFCLABEL('Low'),$);
#5856=IFCPROPERTYSINGLEVALUE('Reference',$,IFCLABEL('Commons \X2\00AB\X0\Banc-fanal del passeig de Gr\X2\00E0\X0\cia.jpg\X2\00BB\X0\, \X2\00AB\X0\109 Banc fanal del passeig de Gr\X2\00E0\X0\cia (Barcelona).jpg\X2\00BB\X0\'),$);
#5857=IFCPROPERTYSET('2$mWiVFaj3vRizpABOVeZk',#5,'Pset_CDE_Provenance',$,(#5854,#5855,#5856));
#5858=IFCRELDEFINESBYPROPERTIES('2VczaZCkb4VehVwFUZW9GB',#5,$,$,(#5841),#5857);
#5859=IFCPROPERTYSINGLEVALUE('DataStatus',$,IFCLABEL('Illustrative demo values \X2\2014\X0\ not the owner''s as-built register'),$);
#5860=IFCPROPERTYSINGLEVALUE('AssetOwner',$,IFCLABEL('Ajuntament de Barcelona \X2\2014\X0\ public lighting (demo)'),$);
#5861=IFCPROPERTYSINGLEVALUE('Manufacturer',$,IFCLABEL('Original ironwork, 1906 (workshop not recorded here)'),$);
#5862=IFCPROPERTYSINGLEVALUE('Model',$,IFCLABEL('Banc-fanal, municipal model by Pere Falqu\X2\00E9\X0\s i Urp\X2\00ED\X0\ (1906)'),$);
#5863=IFCPROPERTYSINGLEVALUE('SerialNumber',$,IFCLABEL('BCN-ENL-PGR-019'),$);
#5864=IFCPROPERTYSINGLEVALUE('LifecycleStatus',$,IFCLABEL('In service'),$);
#5865=IFCPROPERTYSINGLEVALUE('InstallationYear',$,IFCINTEGER(2019),$);
#5866=IFCPROPERTYSINGLEVALUE('LastInspection',$,IFCLABEL('2026-06-17'),$);
#5867=IFCPROPERTYSINGLEVALUE('InspectionInterval_months',$,IFCINTEGER(12),$);
#5868=IFCPROPERTYSINGLEVALUE('NextInspection',$,IFCLABEL('2027-06-17'),$);
#5869=IFCPROPERTYSINGLEVALUE('ConditionIndex_1to5',$,IFCINTEGER(4),$);
#5870=IFCPROPERTYSINGLEVALUE('WarrantyEnd',$,IFCLABEL('2024-12-31 (expired)'),$);
#5871=IFCPROPERTYSINGLEVALUE('MaintenanceContractor',$,IFCLABEL('Demo contractor \X2\2014\X0\ heritage ironwork and ceramics'),$);
#5872=IFCPROPERTYSINGLEVALUE('MaintenanceStrategy',$,IFCLABEL('Condition-based'),$);
#5873=IFCPROPERTYSET('0DlF7za_D7cAr9G3vJVXTb',#5,'Pset_CDE_AssetManagement (demo)',$,(#5859,#5860,#5861,#5862,#5863,#5864,#5865,#5866,#5867,#5868,#5869,#5870,#5871,#5872));
#5874=IFCRELDEFINESBYPROPERTIES('3nQcuIaEv6lx2O8d0PwrZr',#5,$,$,(#5841),#5873);
#5875=IFCCARTESIANPOINT((0.,0.));
#5876=IFCDIRECTION((1.,0.));
#5877=IFCAXIS2PLACEMENT2D(#5875,#5876);
#5878=IFCCIRCLEPROFILEDEF(.AREA.,$,#5877,0.025);
#5879=IFCCARTESIANPOINT((-24.5545005252969,26.43597784120941,6.55));
#5880=IFCDIRECTION((0.683273773680799,-0.7301622766207524,0.));
#5881=IFCDIRECTION((-0.7301622766207525,-0.6832737736807991,0.));
#5882=IFCAXIS2PLACEMENT3D(#5879,#5880,#5881);
#5883=IFCDIRECTION((0.,0.,1.));
#5884=IFCEXTRUDEDAREASOLID(#5878,#5882,#5883,3.2999999999999985);
#5885=IFCCARTESIANPOINT((-22.251867907992605,23.975330968997476,6.55));
#5886=IFCDIRECTION((0.,-1.,0.));
#5887=IFCDIRECTION((1.,0.,0.));
#5888=IFCAXIS2PLACEMENT3D(#5885,#5886,#5887);
#5889=IFCCARTESIANPOINT((0.,-0.08));
#5890=IFCCARTESIANPOINT((0.030614674589207188,-0.07391036260090295));
#5891=IFCCARTESIANPOINT((0.05656854249492381,-0.056568542494923796));
#5892=IFCCARTESIANPOINT((0.07391036260090295,-0.030614674589207184));
#5893=IFCCARTESIANPOINT((0.08,0.));
#5894=IFCCARTESIANPOINT((0.07391036260090295,0.030614674589207184));
#5895=IFCCARTESIANPOINT((0.05656854249492381,0.056568542494923796));
#5896=IFCCARTESIANPOINT((0.030614674589207188,0.07391036260090295));
#5897=IFCCARTESIANPOINT((0.,0.08));
#5898=IFCCARTESIANPOINT((0.,-0.08));
#5899=IFCPOLYLINE((#5889,#5890,#5891,#5892,#5893,#5894,#5895,#5896,#5897,#5898));
#5900=IFCARBITRARYCLOSEDPROFILEDEF(.AREA.,$,#5899);
#5901=IFCCARTESIANPOINT((0.,0.,0.));
#5902=IFCDIRECTION((0.,1.,0.));
#5903=IFCAXIS1PLACEMENT(#5901,#5902);
#5904=IFCREVOLVEDAREASOLID(#5900,#5888,#5903,6.283185307179586);
#5905=IFCCARTESIANPOINT((0.,0.));
#5906=IFCDIRECTION((1.,0.));
#5907=IFCAXIS2PLACEMENT2D(#5905,#5906);
#5908=IFCCIRCLEPROFILEDEF(.AREA.,$,#5907,0.02);
#5909=IFCCARTESIANPOINT((-24.5545005252969,26.43597784120941,5.48));
#5910=IFCDIRECTION((0.5253809876190774,-0.5614343661204494,0.6393483169504179));
#5911=IFCDIRECTION((-0.7301622766207541,-0.6832737736807971,0.));
#5912=IFCAXIS2PLACEMENT3D(#5909,#5910,#5911);
#5913=IFCDIRECTION((0.,0.,1.));
#5914=IFCEXTRUDEDAREASOLID(#5908,#5912,#5913,0.36780616100102564);
#5915=IFCCARTESIANPOINT((0.,0.));
#5916=IFCDIRECTION((1.,0.));
#5917=IFCAXIS2PLACEMENT2D(#5915,#5916);
#5918=IFCCIRCLEPROFILEDEF(.AREA.,$,#5917,0.02);
#5919=IFCCARTESIANPOINT((-24.361262161177798,26.229478822352604,5.715156250000001));
#5920=IFCDIRECTION((0.5627881907245484,-0.6014085750445854,0.5670777532612531));
#5921=IFCDIRECTION((-0.7301622766207486,-0.6832737736808031,0.));
#5922=IFCAXIS2PLACEMENT3D(#5919,#5920,#5921);
#5923=IFCDIRECTION((0.,0.,1.));
#5924=IFCEXTRUDEDAREASOLID(#5918,#5922,#5923,0.36232906125897707);
#5925=IFCCARTESIANPOINT((0.,0.));
#5926=IFCDIRECTION((1.,0.));
#5927=IFCAXIS2PLACEMENT2D(#5925,#5926);
#5928=IFCCIRCLEPROFILEDEF(.AREA.,$,#5927,0.02);
#5929=IFCCARTESIANPOINT((-24.157347644344934,26.0115710179236,5.920625));
#5930=IFCDIRECTION((0.5962363376484395,-0.6371520442767343,0.4884050594962692));
#5931=IFCDIRECTION((-0.730162276620749,-0.6832737736808028,0.));
#5932=IFCAXIS2PLACEMENT3D(#5929,#5930,#5931);
#5933=IFCDIRECTION((0.,0.,1.));
#5934=IFCEXTRUDEDAREASOLID(#5928,#5932,#5933,0.3599087408744232);
#5935=IFCCARTESIANPOINT((0.,0.));
#5936=IFCDIRECTION((1.,0.));
#5937=IFCAXIS2PLACEMENT2D(#5935,#5936);
#5938=IFCCIRCLEPROFILEDEF(.AREA.,$,#5937,0.02);
#5939=IFCCARTESIANPOINT((-23.942756974798307,25.782254427922396,6.09640625));
#5940=IFCDIRECTION((0.6246883049257032,-0.6675564795144587,0.4051331489119518));
#5941=IFCDIRECTION((-0.7301622766207547,-0.6832737736807967,0.));
#5942=IFCAXIS2PLACEMENT3D(#5939,#5940,#5941);
#5943=IFCDIRECTION((0.,0.,1.));
#5944=IFCEXTRUDEDAREASOLID(#5938,#5942,#5943,0.3606067545752745);
#5945=IFCCARTESIANPOINT((0.,0.));
#5946=IFCDIRECTION((1.,0.));
#5947=IFCAXIS2PLACEMENT2D(#5945,#5946);
#5948=IFCCIRCLEPROFILEDEF(.AREA.,$,#5947,0.02);
#5949=IFCCARTESIANPOINT((-23.71749015253792,25.54152905234899,6.242500000000001));
#5950=IFCDIRECTION((0.6474742559009206,-0.6919060776988113,0.3194418062636691));
#5951=IFCDIRECTION((-0.7301622766207547,-0.6832737736807967,0.));
#5952=IFCAXIS2PLACEMENT3D(#5949,#5950,#5951);
#5953=IFCDIRECTION((0.,0.,1.));
#5954=IFCEXTRUDEDAREASOLID(#5948,#5952,#5953,0.3644051834089538);
#5955=IFCCARTESIANPOINT((0.,0.));
#5956=IFCDIRECTION((1.,0.));
#5957=IFCAXIS2PLACEMENT2D(#5955,#5956);
#5958=IFCCIRCLEPROFILEDEF(.AREA.,$,#5957,0.02);
#5959=IFCCARTESIANPOINT((-23.48154717756377,25.289394891203386,6.35890625));
#5960=IFCDIRECTION((0.664367561736856,-0.7099586579732786,0.23361174388417658));
#5961=IFCDIRECTION((-0.7301622766207501,-0.6832737736808014,0.));
#5962=IFCAXIS2PLACEMENT3D(#5959,#5960,#5961);
#5963=IFCDIRECTION((0.,0.,1.));
#5964=IFCEXTRUDEDAREASOLID(#5958,#5962,#5963,0.37120886372474005);
#5965=IFCCARTESIANPOINT((0.,0.));
#5966=IFCDIRECTION((1.,0.));
#5967=IFCAXIS2PLACEMENT2D(#5965,#5966);
#5968=IFCCIRCLEPROFILEDEF(.AREA.,$,#5967,0.02);
#5969=IFCCARTESIANPOINT((-23.234928049875855,25.025851944485584,6.445625000000001));
#5970=IFCDIRECTION((0.6755696632219899,-0.7219294846585572,0.14974461364188374));
#5971=IFCDIRECTION((-0.7301622766207551,-0.6832737736807962,0.));
#5972=IFCAXIS2PLACEMENT3D(#5969,#5970,#5971);
#5973=IFCDIRECTION((0.,0.,1.));
#5974=IFCEXTRUDEDAREASOLID(#5968,#5972,#5973,0.3808567708244294);
#5975=IFCCARTESIANPOINT((0.,0.));
#5976=IFCDIRECTION((1.,0.));
#5977=IFCAXIS2PLACEMENT2D(#5975,#5976);
#5978=IFCCIRCLEPROFILEDEF(.AREA.,$,#5977,0.02);
#5979=IFCCARTESIANPOINT((-22.97763276947418,24.75090021219558,6.50265625));
#5980=IFCDIRECTION((0.6816190953226312,-0.7283940487688787,0.06955227249801373));
#5981=IFCDIRECTION((-0.7301622766207508,-0.6832737736808008,0.));
#5982=IFCAXIS2PLACEMENT3D(#5979,#5980,#5981);
#5983=IFCDIRECTION((0.,0.,1.));
#5984=IFCEXTRUDEDAREASOLID(#5978,#5982,#5983,0.3931395627767717);
#5985=IFCCARTESIANPOINT((0.,0.));
#5986=IFCDIRECTION((1.,0.));
#5987=IFCAXIS2PLACEMENT2D(#5985,#5986);
#5988=IFCCIRCLEPROFILEDEF(.AREA.,$,#5987,0.008);
#5989=IFCCARTESIANPOINT((-22.678914016543104,24.431682391885445,6.63));
#5990=IFCDIRECTION((0.3416368868403713,-0.36508113831034406,0.8660254037844634));
#5991=IFCDIRECTION((-0.7301622766207506,-0.6832737736808011,0.));
#5992=IFCAXIS2PLACEMENT3D(#5989,#5990,#5991);
#5993=IFCDIRECTION((0.,0.,1.));
#5994=IFCEXTRUDEDAREASOLID(#5988,#5992,#5993,0.054999999999997926);
#5995=IFCCARTESIANPOINT((0.,0.));
#5996=IFCDIRECTION((1.,0.));
#5997=IFCAXIS2PLACEMENT2D(#5995,#5996);
#5998=IFCCIRCLEPROFILEDEF(.AREA.,$,#5997,0.008);
#5999=IFCCARTESIANPOINT((-22.660123987766884,24.411602929278377,6.677631397208144));
#6000=IFCDIRECTION((0.6832737736808056,-0.7301622766207465,0.));
#6001=IFCDIRECTION((-0.7301622766207465,-0.6832737736808056,0.));
#6002=IFCAXIS2PLACEMENT3D(#5999,#6000,#6001);
#6003=IFCDIRECTION((0.,0.,1.));
#6004=IFCEXTRUDEDAREASOLID(#5998,#6002,#6003,0.05500000000000326);
#6005=IFCCARTESIANPOINT((0.,0.));
#6006=IFCDIRECTION((1.,0.));
#6007=IFCAXIS2PLACEMENT2D(#6005,#6006);
#6008=IFCCIRCLEPROFILEDEF(.AREA.,$,#6007,0.008);
#6009=IFCCARTESIANPOINT((-22.622543930214437,24.371444004064234,6.677631397208144));
#6010=IFCDIRECTION((0.3416368868403713,-0.36508113831034406,-0.8660254037844634));
#6011=IFCDIRECTION((-0.7301622766207506,-0.6832737736808011,0.));
#6012=IFCAXIS2PLACEMENT3D(#6009,#6010,#6011);
#6013=IFCDIRECTION((0.,0.,1.));
#6014=IFCEXTRUDEDAREASOLID(#6008,#6012,#6013,0.054999999999997926);
#6015=IFCCARTESIANPOINT((0.,0.));
#6016=IFCDIRECTION((1.,0.));
#6017=IFCAXIS2PLACEMENT2D(#6015,#6016);
#6018=IFCCIRCLEPROFILEDEF(.AREA.,$,#6017,0.008);
#6019=IFCCARTESIANPOINT((-22.603753901438218,24.351364541457166,6.63));
#6020=IFCDIRECTION((-0.3416368868403713,0.36508113831034406,-0.8660254037844634));
#6021=IFCDIRECTION((0.7301622766207506,0.6832737736808011,-0.));
#6022=IFCAXIS2PLACEMENT3D(#6019,#6020,#6021);
#6023=IFCDIRECTION((0.,0.,1.));
#6024=IFCEXTRUDEDAREASOLID(#6018,#6022,#6023,0.054999999999997926);
#6025=IFCCARTESIANPOINT((0.,0.));
#6026=IFCDIRECTION((1.,0.));
#6027=IFCAXIS2PLACEMENT2D(#6025,#6026);
#6028=IFCCIRCLEPROFILEDEF(.AREA.,$,#6027,0.008);
#6029=IFCCARTESIANPOINT((-22.622543930214437,24.371444004064234,6.582368602791856));
#6030=IFCDIRECTION((-0.6832737736808056,0.7301622766207465,0.));
#6031=IFCDIRECTION((0.7301622766207465,0.6832737736808056,-0.));
#6032=IFCAXIS2PLACEMENT3D(#6029,#6030,#6031);
#6033=IFCDIRECTION((0.,0.,1.));
#6034=IFCEXTRUDEDAREASOLID(#6028,#6032,#6033,0.05500000000000326);
#6035=IFCCARTESIANPOINT((0.,0.));
#6036=IFCDIRECTION((1.,0.));
#6037=IFCAXIS2PLACEMENT2D(#6035,#6036);
#6038=IFCCIRCLEPROFILEDEF(.AREA.,$,#6037,0.008);
#6039=IFCCARTESIANPOINT((-22.660123987766884,24.411602929278377,6.582368602791856));
#6040=IFCDIRECTION((-0.3416368868403713,0.36508113831034406,0.8660254037844634));
#6041=IFCDIRECTION((0.7301622766207506,0.6832737736808011,-0.));
#6042=IFCAXIS2PLACEMENT3D(#6039,#6040,#6041);
#6043=IFCDIRECTION((0.,0.,1.));
#6044=IFCEXTRUDEDAREASOLID(#6038,#6042,#6043,0.054999999999997926);
#6045=IFCCARTESIANPOINT((0.,0.));
#6046=IFCDIRECTION((1.,0.));
#6047=IFCAXIS2PLACEMENT2D(#6045,#6046);
#6048=IFCCIRCLEPROFILEDEF(.AREA.,$,#6047,0.008);
#6049=IFCCARTESIANPOINT((-22.86339793543692,24.62882620657305,6.63));
#6050=IFCDIRECTION((0.34163688684042837,-0.365081138310336,0.8660254037844443));
#6051=IFCDIRECTION((-0.7301622766206861,-0.68327377368087,0.));
#6052=IFCAXIS2PLACEMENT3D(#6049,#6050,#6051);
#6053=IFCDIRECTION((0.,0.,1.));
#6054=IFCEXTRUDEDAREASOLID(#6048,#6052,#6053,0.05499999999999914);
#6055=IFCCARTESIANPOINT((0.,0.));
#6056=IFCDIRECTION((1.,0.));
#6057=IFCAXIS2PLACEMENT2D(#6055,#6056);
#6058=IFCCIRCLEPROFILEDEF(.AREA.,$,#6057,0.008);
#6059=IFCCARTESIANPOINT((-22.8446079066607,24.60874674396598,6.677631397208144));
#6060=IFCDIRECTION((0.683273773680771,-0.7301622766207786,0.));
#6061=IFCDIRECTION((-0.7301622766207787,-0.6832737736807711,0.));
#6062=IFCAXIS2PLACEMENT3D(#6059,#6060,#6061);
#6063=IFCDIRECTION((0.,0.,1.));
#6064=IFCEXTRUDEDAREASOLID(#6058,#6062,#6063,0.05500000000000084);
#6065=IFCCARTESIANPOINT((0.,0.));
#6066=IFCDIRECTION((1.,0.));
#6067=IFCAXIS2PLACEMENT2D(#6065,#6066);
#6068=IFCCIRCLEPROFILEDEF(.AREA.,$,#6067,0.008);
#6069=IFCCARTESIANPOINT((-22.807027849108255,24.568587818751837,6.677631397208144));
#6070=IFCDIRECTION((0.34163688684042837,-0.365081138310336,-0.8660254037844443));
#6071=IFCDIRECTION((-0.7301622766206861,-0.68327377368087,0.));
#6072=IFCAXIS2PLACEMENT3D(#6069,#6070,#6071);
#6073=IFCDIRECTION((0.,0.,1.));
#6074=IFCEXTRUDEDAREASOLID(#6068,#6072,#6073,0.05499999999999914);
#6075=IFCCARTESIANPOINT((0.,0.));
#6076=IFCDIRECTION((1.,0.));
#6077=IFCAXIS2PLACEMENT2D(#6075,#6076);
#6078=IFCCIRCLEPROFILEDEF(.AREA.,$,#6077,0.008);
#6079=IFCCARTESIANPOINT((-22.788237820332032,24.54850835614477,6.63));
#6080=IFCDIRECTION((-0.34163688684042837,0.365081138310336,-0.8660254037844443));
#6081=IFCDIRECTION((0.7301622766206861,0.68327377368087,-0.));
#6082=IFCAXIS2PLACEMENT3D(#6079,#6080,#6081);
#6083=IFCDIRECTION((0.,0.,1.));
#6084=IFCEXTRUDEDAREASOLID(#6078,#6082,#6083,0.05499999999999914);
#6085=IFCCARTESIANPOINT((0.,0.));
#6086=IFCDIRECTION((1.,0.));
#6087=IFCAXIS2PLACEMENT2D(#6085,#6086);
#6088=IFCCIRCLEPROFILEDEF(.AREA.,$,#6087,0.008);
#6089=IFCCARTESIANPOINT((-22.807027849108255,24.568587818751837,6.582368602791856));
#6090=IFCDIRECTION((-0.683273773680771,0.7301622766207786,0.));
#6091=IFCDIRECTION((0.7301622766207787,0.6832737736807711,-0.));
#6092=IFCAXIS2PLACEMENT3D(#6089,#6090,#6091);
#6093=IFCDIRECTION((0.,0.,1.));
#6094=IFCEXTRUDEDAREASOLID(#6088,#6092,#6093,0.05500000000000084);
#6095=IFCCARTESIANPOINT((0.,0.));
#6096=IFCDIRECTION((1.,0.));
#6097=IFCAXIS2PLACEMENT2D(#6095,#6096);
#6098=IFCCIRCLEPROFILEDEF(.AREA.,$,#6097,0.008);
#6099=IFCCARTESIANPOINT((-22.8446079066607,24.60874674396598,6.582368602791856));
#6100=IFCDIRECTION((-0.34163688684042837,0.365081138310336,0.8660254037844443));
#6101=IFCDIRECTION((0.7301622766206861,0.68327377368087,-0.));
#6102=IFCAXIS2PLACEMENT3D(#6099,#6100,#6101);
#6103=IFCDIRECTION((0.,0.,1.));
#6104=IFCEXTRUDEDAREASOLID(#6098,#6102,#6103,0.05499999999999914);
#6105=IFCCARTESIANPOINT((0.,0.));
#6106=IFCDIRECTION((1.,0.));
#6107=IFCAXIS2PLACEMENT2D(#6105,#6106);
#6108=IFCCIRCLEPROFILEDEF(.AREA.,$,#6107,0.008);
#6109=IFCCARTESIANPOINT((-23.047881854330736,24.825970021260652,6.63));
#6110=IFCDIRECTION((0.3416368868403713,-0.36508113831034406,0.8660254037844634));
#6111=IFCDIRECTION((-0.7301622766207506,-0.6832737736808011,0.));
#6112=IFCAXIS2PLACEMENT3D(#6109,#6110,#6111);
#6113=IFCDIRECTION((0.,0.,1.));
#6114=IFCEXTRUDEDAREASOLID(#6108,#6112,#6113,0.054999999999997926);
#6115=IFCCARTESIANPOINT((0.,0.));
#6116=IFCDIRECTION((1.,0.));
#6117=IFCAXIS2PLACEMENT2D(#6115,#6116);
#6118=IFCCIRCLEPROFILEDEF(.AREA.,$,#6117,0.008);
#6119=IFCCARTESIANPOINT((-23.029091825554517,24.805890558653584,6.677631397208144));
#6120=IFCDIRECTION((0.6832737736808056,-0.7301622766207465,0.));
#6121=IFCDIRECTION((-0.7301622766207465,-0.6832737736808056,0.));
#6122=IFCAXIS2PLACEMENT3D(#6119,#6120,#6121);
#6123=IFCDIRECTION((0.,0.,1.));
#6124=IFCEXTRUDEDAREASOLID(#6118,#6122,#6123,0.05500000000000326);
#6125=IFCCARTESIANPOINT((0.,0.));
#6126=IFCDIRECTION((1.,0.));
#6127=IFCAXIS2PLACEMENT2D(#6125,#6126);
#6128=IFCCIRCLEPROFILEDEF(.AREA.,$,#6127,0.008);
#6129=IFCCARTESIANPOINT((-22.99151176800207,24.76573163343944,6.677631397208144));
#6130=IFCDIRECTION((0.3416368868403713,-0.36508113831034406,-0.8660254037844634));
#6131=IFCDIRECTION((-0.7301622766207506,-0.6832737736808011,0.));
#6132=IFCAXIS2PLACEMENT3D(#6129,#6130,#6131);
#6133=IFCDIRECTION((0.,0.,1.));
#6134=IFCEXTRUDEDAREASOLID(#6128,#6132,#6133,0.054999999999997926);
#6135=IFCCARTESIANPOINT((0.,0.));
#6136=IFCDIRECTION((1.,0.));
#6137=IFCAXIS2PLACEMENT2D(#6135,#6136);
#6138=IFCCIRCLEPROFILEDEF(.AREA.,$,#6137,0.008);
#6139=IFCCARTESIANPOINT((-22.97272173922585,24.745652170832372,6.63));
#6140=IFCDIRECTION((-0.3416368868403713,0.36508113831034406,-0.8660254037844634));
#6141=IFCDIRECTION((0.7301622766207506,0.6832737736808011,-0.));
#6142=IFCAXIS2PLACEMENT3D(#6139,#6140,#6141);
#6143=IFCDIRECTION((0.,0.,1.));
#6144=IFCEXTRUDEDAREASOLID(#6138,#6142,#6143,0.054999999999997926);
#6145=IFCCARTESIANPOINT((0.,0.));
#6146=IFCDIRECTION((1.,0.));
#6147=IFCAXIS2PLACEMENT2D(#6145,#6146);
#6148=IFCCIRCLEPROFILEDEF(.AREA.,$,#6147,0.008);
#6149=IFCCARTESIANPOINT((-22.99151176800207,24.76573163343944,6.582368602791856));
#6150=IFCDIRECTION((-0.6832737736808056,0.7301622766207465,0.));
#6151=IFCDIRECTION((0.7301622766207465,0.6832737736808056,-0.));
#6152=IFCAXIS2PLACEMENT3D(#6149,#6150,#6151);
#6153=IFCDIRECTION((0.,0.,1.));
#6154=IFCEXTRUDEDAREASOLID(#6148,#6152,#6153,0.05500000000000326);
#6155=IFCCARTESIANPOINT((0.,0.));
#6156=IFCDIRECTION((1.,0.));
#6157=IFCAXIS2PLACEMENT2D(#6155,#6156);
#6158=IFCCIRCLEPROFILEDEF(.AREA.,$,#6157,0.008);
#6159=IFCCARTESIANPOINT((-23.029091825554517,24.805890558653584,6.582368602791856));
#6160=IFCDIRECTION((-0.3416368868403713,0.36508113831034406,0.8660254037844634));
#6161=IFCDIRECTION((0.7301622766207506,0.6832737736808011,-0.));
#6162=IFCAXIS2PLACEMENT3D(#6159,#6160,#6161);
#6163=IFCDIRECTION((0.,0.,1.));
#6164=IFCEXTRUDEDAREASOLID(#6158,#6162,#6163,0.054999999999997926);
#6165=IFCCARTESIANPOINT((0.,0.));
#6166=IFCDIRECTION((1.,0.));
#6167=IFCAXIS2PLACEMENT2D(#6165,#6166);
#6168=IFCCIRCLEPROFILEDEF(.AREA.,$,#6167,0.008);
#6169=IFCCARTESIANPOINT((-23.232365773224554,25.023113835948255,6.63));
#6170=IFCDIRECTION((0.34163688684042837,-0.365081138310336,0.8660254037844443));
#6171=IFCDIRECTION((-0.7301622766206861,-0.68327377368087,0.));
#6172=IFCAXIS2PLACEMENT3D(#6169,#6170,#6171);
#6173=IFCDIRECTION((0.,0.,1.));
#6174=IFCEXTRUDEDAREASOLID(#6168,#6172,#6173,0.05499999999999914);
#6175=IFCCARTESIANPOINT((0.,0.));
#6176=IFCDIRECTION((1.,0.));
#6177=IFCAXIS2PLACEMENT2D(#6175,#6176);
#6178=IFCCIRCLEPROFILEDEF(.AREA.,$,#6177,0.008);
#6179=IFCCARTESIANPOINT((-23.21357574444833,25.003034373341187,6.677631397208144));
#6180=IFCDIRECTION((0.683273773680771,-0.7301622766207786,0.));
#6181=IFCDIRECTION((-0.7301622766207787,-0.6832737736807711,0.));
#6182=IFCAXIS2PLACEMENT3D(#6179,#6180,#6181);
#6183=IFCDIRECTION((0.,0.,1.));
#6184=IFCEXTRUDEDAREASOLID(#6178,#6182,#6183,0.05500000000000084);
#6185=IFCCARTESIANPOINT((0.,0.));
#6186=IFCDIRECTION((1.,0.));
#6187=IFCAXIS2PLACEMENT2D(#6185,#6186);
#6188=IFCCIRCLEPROFILEDEF(.AREA.,$,#6187,0.008);
#6189=IFCCARTESIANPOINT((-23.175995686895888,24.962875448127043,6.677631397208144));
#6190=IFCDIRECTION((0.34163688684042837,-0.365081138310336,-0.8660254037844443));
#6191=IFCDIRECTION((-0.7301622766206861,-0.68327377368087,0.));
#6192=IFCAXIS2PLACEMENT3D(#6189,#6190,#6191);
#6193=IFCDIRECTION((0.,0.,1.));
#6194=IFCEXTRUDEDAREASOLID(#6188,#6192,#6193,0.05499999999999914);
#6195=IFCCARTESIANPOINT((0.,0.));
#6196=IFCDIRECTION((1.,0.));
#6197=IFCAXIS2PLACEMENT2D(#6195,#6196);
#6198=IFCCIRCLEPROFILEDEF(.AREA.,$,#6197,0.008);
#6199=IFCCARTESIANPOINT((-23.157205658119665,24.942795985519975,6.63));
#6200=IFCDIRECTION((-0.34163688684042837,0.365081138310336,-0.8660254037844443));
#6201=IFCDIRECTION((0.7301622766206861,0.68327377368087,-0.));
#6202=IFCAXIS2PLACEMENT3D(#6199,#6200,#6201);
#6203=IFCDIRECTION((0.,0.,1.));
#6204=IFCEXTRUDEDAREASOLID(#6198,#6202,#6203,0.05499999999999914);
#6205=IFCCARTESIANPOINT((0.,0.));
#6206=IFCDIRECTION((1.,0.));
#6207=IFCAXIS2PLACEMENT2D(#6205,#6206);
#6208=IFCCIRCLEPROFILEDEF(.AREA.,$,#6207,0.008);
#6209=IFCCARTESIANPOINT((-23.175995686895888,24.962875448127043,6.582368602791856));
#6210=IFCDIRECTION((-0.683273773680771,0.7301622766207786,0.));
#6211=IFCDIRECTION((0.7301622766207787,0.6832737736807711,-0.));
#6212=IFCAXIS2PLACEMENT3D(#6209,#6210,#6211);
#6213=IFCDIRECTION((0.,0.,1.));
#6214=IFCEXTRUDEDAREASOLID(#6208,#6212,#6213,0.05500000000000084);
#6215=IFCCARTESIANPOINT((0.,0.));
#6216=IFCDIRECTION((1.,0.));
#6217=IFCAXIS2PLACEMENT2D(#6215,#6216);
#6218=IFCCIRCLEPROFILEDEF(.AREA.,$,#6217,0.008);
#6219=IFCCARTESIANPOINT((-23.21357574444833,25.003034373341187,6.582368602791856));
#6220=IFCDIRECTION((-0.34163688684042837,0.365081138310336,0.8660254037844443));
#6221=IFCDIRECTION((0.7301622766206861,0.68327377368087,-0.));
#6222=IFCAXIS2PLACEMENT3D(#6219,#6220,#6221);
#6223=IFCDIRECTION((0.,0.,1.));
#6224=IFCEXTRUDEDAREASOLID(#6218,#6222,#6223,0.05499999999999914);
#6225=IFCCARTESIANPOINT((0.,0.));
#6226=IFCDIRECTION((1.,0.));
#6227=IFCAXIS2PLACEMENT2D(#6225,#6226);
#6228=IFCCIRCLEPROFILEDEF(.AREA.,$,#6227,0.008);
#6229=IFCCARTESIANPOINT((-23.41684969211837,25.22025765063586,6.63));
#6230=IFCDIRECTION((0.34163688684042837,-0.365081138310336,0.8660254037844443));
#6231=IFCDIRECTION((-0.7301622766206861,-0.68327377368087,0.));
#6232=IFCAXIS2PLACEMENT3D(#6229,#6230,#6231);
#6233=IFCDIRECTION((0.,0.,1.));
#6234=IFCEXTRUDEDAREASOLID(#6228,#6232,#6233,0.05499999999999914);
#6235=IFCCARTESIANPOINT((0.,0.));
#6236=IFCDIRECTION((1.,0.));
#6237=IFCAXIS2PLACEMENT2D(#6235,#6236);
#6238=IFCCIRCLEPROFILEDEF(.AREA.,$,#6237,0.008);
#6239=IFCCARTESIANPOINT((-23.398059663342146,25.20017818802879,6.677631397208144));
#6240=IFCDIRECTION((0.683273773680771,-0.7301622766207786,0.));
#6241=IFCDIRECTION((-0.7301622766207787,-0.6832737736807711,0.));
#6242=IFCAXIS2PLACEMENT3D(#6239,#6240,#6241);
#6243=IFCDIRECTION((0.,0.,1.));
#6244=IFCEXTRUDEDAREASOLID(#6238,#6242,#6243,0.05500000000000084);
#6245=IFCCARTESIANPOINT((0.,0.));
#6246=IFCDIRECTION((1.,0.));
#6247=IFCAXIS2PLACEMENT2D(#6245,#6246);
#6248=IFCCIRCLEPROFILEDEF(.AREA.,$,#6247,0.008);
#6249=IFCCARTESIANPOINT((-23.360479605789703,25.160019262814647,6.677631397208144));
#6250=IFCDIRECTION((0.3416368868404203,-0.36508113831039196,-0.8660254037844238));
#6251=IFCDIRECTION((-0.7301622766207465,-0.6832737736808056,0.));
#6252=IFCAXIS2PLACEMENT3D(#6249,#6250,#6251);
#6253=IFCDIRECTION((0.,0.,1.));
#6254=IFCEXTRUDEDAREASOLID(#6248,#6252,#6253,0.05500000000000044);
#6255=IFCCARTESIANPOINT((0.,0.));
#6256=IFCDIRECTION((1.,0.));
#6257=IFCAXIS2PLACEMENT2D(#6255,#6256);
#6258=IFCCIRCLEPROFILEDEF(.AREA.,$,#6257,0.008);
#6259=IFCCARTESIANPOINT((-23.34168957701348,25.139939800207575,6.63));
#6260=IFCDIRECTION((-0.3416368868404203,0.36508113831039196,-0.8660254037844238));
#6261=IFCDIRECTION((0.7301622766207465,0.6832737736808056,-0.));
#6262=IFCAXIS2PLACEMENT3D(#6259,#6260,#6261);
#6263=IFCDIRECTION((0.,0.,1.));
#6264=IFCEXTRUDEDAREASOLID(#6258,#6262,#6263,0.05500000000000044);
#6265=IFCCARTESIANPOINT((0.,0.));
#6266=IFCDIRECTION((1.,0.));
#6267=IFCAXIS2PLACEMENT2D(#6265,#6266);
#6268=IFCCIRCLEPROFILEDEF(.AREA.,$,#6267,0.008);
#6269=IFCCARTESIANPOINT((-23.360479605789703,25.160019262814647,6.582368602791856));
#6270=IFCDIRECTION((-0.683273773680771,0.7301622766207786,0.));
#6271=IFCDIRECTION((0.7301622766207787,0.6832737736807711,-0.));
#6272=IFCAXIS2PLACEMENT3D(#6269,#6270,#6271);
#6273=IFCDIRECTION((0.,0.,1.));
#6274=IFCEXTRUDEDAREASOLID(#6268,#6272,#6273,0.05500000000000084);
#6275=IFCCARTESIANPOINT((0.,0.));
#6276=IFCDIRECTION((1.,0.));
#6277=IFCAXIS2PLACEMENT2D(#6275,#6276);
#6278=IFCCIRCLEPROFILEDEF(.AREA.,$,#6277,0.008);
#6279=IFCCARTESIANPOINT((-23.398059663342146,25.20017818802879,6.582368602791856));
#6280=IFCDIRECTION((-0.34163688684042837,0.365081138310336,0.8660254037844443));
#6281=IFCDIRECTION((0.7301622766206861,0.68327377368087,-0.));
#6282=IFCAXIS2PLACEMENT3D(#6279,#6280,#6281);
#6283=IFCDIRECTION((0.,0.,1.));
#6284=IFCEXTRUDEDAREASOLID(#6278,#6282,#6283,0.05499999999999914);
#6285=IFCCARTESIANPOINT((0.,0.));
#6286=IFCDIRECTION((1.,0.));
#6287=IFCAXIS2PLACEMENT2D(#6285,#6286);
#6288=IFCCIRCLEPROFILEDEF(.AREA.,$,#6287,0.008);
#6289=IFCCARTESIANPOINT((-23.601333611012183,25.41740146532346,6.63));
#6290=IFCDIRECTION((0.3416368868403713,-0.36508113831034406,0.8660254037844634));
#6291=IFCDIRECTION((-0.7301622766207506,-0.6832737736808011,0.));
#6292=IFCAXIS2PLACEMENT3D(#6289,#6290,#6291);
#6293=IFCDIRECTION((0.,0.,1.));
#6294=IFCEXTRUDEDAREASOLID(#6288,#6292,#6293,0.054999999999997926);
#6295=IFCCARTESIANPOINT((0.,0.));
#6296=IFCDIRECTION((1.,0.));
#6297=IFCAXIS2PLACEMENT2D(#6295,#6296);
#6298=IFCCIRCLEPROFILEDEF(.AREA.,$,#6297,0.008);
#6299=IFCCARTESIANPOINT((-23.582543582235964,25.397322002716393,6.677631397208144));
#6300=IFCDIRECTION((0.6832737736808056,-0.7301622766207465,0.));
#6301=IFCDIRECTION((-0.7301622766207465,-0.6832737736808056,0.));
#6302=IFCAXIS2PLACEMENT3D(#6299,#6300,#6301);
#6303=IFCDIRECTION((0.,0.,1.));
#6304=IFCEXTRUDEDAREASOLID(#6298,#6302,#6303,0.05500000000000326);
#6305=IFCCARTESIANPOINT((0.,0.));
#6306=IFCDIRECTION((1.,0.));
#6307=IFCAXIS2PLACEMENT2D(#6305,#6306);
#6308=IFCCIRCLEPROFILEDEF(.AREA.,$,#6307,0.008);
#6309=IFCCARTESIANPOINT((-23.544963524683517,25.35716307750225,6.677631397208144));
#6310=IFCDIRECTION((0.34163688684036325,-0.36508113831040007,-0.8660254037844429));
#6311=IFCDIRECTION((-0.7301622766208109,-0.6832737736807366,0.));
#6312=IFCAXIS2PLACEMENT3D(#6309,#6310,#6311);
#6313=IFCDIRECTION((0.,0.,1.));
#6314=IFCEXTRUDEDAREASOLID(#6308,#6312,#6313,0.05499999999999922);
#6315=IFCCARTESIANPOINT((0.,0.));
#6316=IFCDIRECTION((1.,0.));
#6317=IFCAXIS2PLACEMENT2D(#6315,#6316);
#6318=IFCCIRCLEPROFILEDEF(.AREA.,$,#6317,0.008);
#6319=IFCCARTESIANPOINT((-23.526173495907297,25.337083614895178,6.63));
#6320=IFCDIRECTION((-0.34163688684036325,0.36508113831040007,-0.8660254037844429));
#6321=IFCDIRECTION((0.7301622766208109,0.6832737736807366,-0.));
#6322=IFCAXIS2PLACEMENT3D(#6319,#6320,#6321);
#6323=IFCDIRECTION((0.,0.,1.));
#6324=IFCEXTRUDEDAREASOLID(#6318,#6322,#6323,0.05499999999999922);
#6325=IFCCARTESIANPOINT((0.,0.));
#6326=IFCDIRECTION((1.,0.));
#6327=IFCAXIS2PLACEMENT2D(#6325,#6326);
#6328=IFCCIRCLEPROFILEDEF(.AREA.,$,#6327,0.008);
#6329=IFCCARTESIANPOINT((-23.544963524683517,25.35716307750225,6.582368602791856));
#6330=IFCDIRECTION((-0.6832737736808056,0.7301622766207465,0.));
#6331=IFCDIRECTION((0.7301622766207465,0.6832737736808056,-0.));
#6332=IFCAXIS2PLACEMENT3D(#6329,#6330,#6331);
#6333=IFCDIRECTION((0.,0.,1.));
#6334=IFCEXTRUDEDAREASOLID(#6328,#6332,#6333,0.05500000000000326);
#6335=IFCCARTESIANPOINT((0.,0.));
#6336=IFCDIRECTION((1.,0.));
#6337=IFCAXIS2PLACEMENT2D(#6335,#6336);
#6338=IFCCIRCLEPROFILEDEF(.AREA.,$,#6337,0.008);
#6339=IFCCARTESIANPOINT((-23.582543582235964,25.397322002716393,6.582368602791856));
#6340=IFCDIRECTION((-0.3416368868403713,0.36508113831034406,0.8660254037844634));
#6341=IFCDIRECTION((0.7301622766207506,0.6832737736808011,-0.));
#6342=IFCAXIS2PLACEMENT3D(#6339,#6340,#6341);
#6343=IFCDIRECTION((0.,0.,1.));
#6344=IFCEXTRUDEDAREASOLID(#6338,#6342,#6343,0.054999999999997926);
#6345=IFCCARTESIANPOINT((0.,0.));
#6346=IFCDIRECTION((1.,0.));
#6347=IFCAXIS2PLACEMENT2D(#6345,#6346);
#6348=IFCCIRCLEPROFILEDEF(.AREA.,$,#6347,0.008);
#6349=IFCCARTESIANPOINT((-23.785817529906,25.614545280011065,6.63));
#6350=IFCDIRECTION((0.34163688684042837,-0.365081138310336,0.8660254037844443));
#6351=IFCDIRECTION((-0.7301622766206861,-0.68327377368087,0.));
#6352=IFCAXIS2PLACEMENT3D(#6349,#6350,#6351);
#6353=IFCDIRECTION((0.,0.,1.));
#6354=IFCEXTRUDEDAREASOLID(#6348,#6352,#6353,0.05499999999999914);
#6355=IFCCARTESIANPOINT((0.,0.));
#6356=IFCDIRECTION((1.,0.));
#6357=IFCAXIS2PLACEMENT2D(#6355,#6356);
#6358=IFCCIRCLEPROFILEDEF(.AREA.,$,#6357,0.008);
#6359=IFCCARTESIANPOINT((-23.76702750112978,25.594465817403997,6.677631397208144));
#6360=IFCDIRECTION((0.683273773680771,-0.7301622766207786,0.));
#6361=IFCDIRECTION((-0.7301622766207787,-0.6832737736807711,0.));
#6362=IFCAXIS2PLACEMENT3D(#6359,#6360,#6361);
#6363=IFCDIRECTION((0.,0.,1.));
#6364=IFCEXTRUDEDAREASOLID(#6358,#6362,#6363,0.05500000000000084);
#6365=IFCCARTESIANPOINT((0.,0.));
#6366=IFCDIRECTION((1.,0.));
#6367=IFCAXIS2PLACEMENT2D(#6365,#6366);
#6368=IFCCIRCLEPROFILEDEF(.AREA.,$,#6367,0.008);
#6369=IFCCARTESIANPOINT((-23.729447443577335,25.554306892189853,6.677631397208144));
#6370=IFCDIRECTION((0.3416368868404203,-0.36508113831039196,-0.8660254037844238));
#6371=IFCDIRECTION((-0.7301622766207465,-0.6832737736808056,0.));
#6372=IFCAXIS2PLACEMENT3D(#6369,#6370,#6371);
#6373=IFCDIRECTION((0.,0.,1.));
#6374=IFCEXTRUDEDAREASOLID(#6368,#6372,#6373,0.05500000000000044);
#6375=IFCCARTESIANPOINT((0.,0.));
#6376=IFCDIRECTION((1.,0.));
#6377=IFCAXIS2PLACEMENT2D(#6375,#6376);
#6378=IFCCIRCLEPROFILEDEF(.AREA.,$,#6377,0.008);
#6379=IFCCARTESIANPOINT((-23.710657414801112,25.53422742958278,6.63));
#6380=IFCDIRECTION((-0.3416368868404203,0.36508113831039196,-0.8660254037844238));
#6381=IFCDIRECTION((0.7301622766207465,0.6832737736808056,-0.));
#6382=IFCAXIS2PLACEMENT3D(#6379,#6380,#6381);
#6383=IFCDIRECTION((0.,0.,1.));
#6384=IFCEXTRUDEDAREASOLID(#6378,#6382,#6383,0.05500000000000044);
#6385=IFCCARTESIANPOINT((0.,0.));
#6386=IFCDIRECTION((1.,0.));
#6387=IFCAXIS2PLACEMENT2D(#6385,#6386);
#6388=IFCCIRCLEPROFILEDEF(.AREA.,$,#6387,0.008);
#6389=IFCCARTESIANPOINT((-23.729447443577335,25.554306892189853,6.582368602791856));
#6390=IFCDIRECTION((-0.683273773680771,0.7301622766207786,0.));
#6391=IFCDIRECTION((0.7301622766207787,0.6832737736807711,-0.));
#6392=IFCAXIS2PLACEMENT3D(#6389,#6390,#6391);
#6393=IFCDIRECTION((0.,0.,1.));
#6394=IFCEXTRUDEDAREASOLID(#6388,#6392,#6393,0.05500000000000084);
#6395=IFCCARTESIANPOINT((0.,0.));
#6396=IFCDIRECTION((1.,0.));
#6397=IFCAXIS2PLACEMENT2D(#6395,#6396);
#6398=IFCCIRCLEPROFILEDEF(.AREA.,$,#6397,0.008);
#6399=IFCCARTESIANPOINT((-23.76702750112978,25.594465817403997,6.582368602791856));
#6400=IFCDIRECTION((-0.34163688684042837,0.365081138310336,0.8660254037844443));
#6401=IFCDIRECTION((0.7301622766206861,0.68327377368087,-0.));
#6402=IFCAXIS2PLACEMENT3D(#6399,#6400,#6401);
#6403=IFCDIRECTION((0.,0.,1.));
#6404=IFCEXTRUDEDAREASOLID(#6398,#6402,#6403,0.05499999999999914);
#6405=IFCCARTESIANPOINT((0.,0.));
#6406=IFCDIRECTION((1.,0.));
#6407=IFCAXIS2PLACEMENT2D(#6405,#6406);
#6408=IFCCIRCLEPROFILEDEF(.AREA.,$,#6407,0.008);
#6409=IFCCARTESIANPOINT((-23.970301448799816,25.811689094698668,6.63));
#6410=IFCDIRECTION((0.3416368868404203,-0.36508113831039196,0.8660254037844238));
#6411=IFCDIRECTION((-0.7301622766207465,-0.6832737736808056,0.));
#6412=IFCAXIS2PLACEMENT3D(#6409,#6410,#6411);
#6413=IFCDIRECTION((0.,0.,1.));
#6414=IFCEXTRUDEDAREASOLID(#6408,#6412,#6413,0.05500000000000044);
#6415=IFCCARTESIANPOINT((0.,0.));
#6416=IFCDIRECTION((1.,0.));
#6417=IFCAXIS2PLACEMENT2D(#6415,#6416);
#6418=IFCCIRCLEPROFILEDEF(.AREA.,$,#6417,0.008);
#6419=IFCCARTESIANPOINT((-23.951511420023593,25.791609632091596,6.677631397208144));
#6420=IFCDIRECTION((0.6832737736808032,-0.7301622766207485,0.));
#6421=IFCDIRECTION((-0.7301622766207486,-0.6832737736808033,0.));
#6422=IFCAXIS2PLACEMENT3D(#6419,#6420,#6421);
#6423=IFCDIRECTION((0.,0.,1.));
#6424=IFCEXTRUDEDAREASOLID(#6418,#6422,#6423,0.054999999999998245);
#6425=IFCCARTESIANPOINT((0.,0.));
#6426=IFCDIRECTION((1.,0.));
#6427=IFCAXIS2PLACEMENT2D(#6425,#6426);
#6428=IFCCIRCLEPROFILEDEF(.AREA.,$,#6427,0.008);
#6429=IFCCARTESIANPOINT((-23.91393136247115,25.751450706877456,6.677631397208144));
#6430=IFCDIRECTION((0.3416368868404203,-0.36508113831039196,-0.8660254037844238));
#6431=IFCDIRECTION((-0.7301622766207465,-0.6832737736808056,0.));
#6432=IFCAXIS2PLACEMENT3D(#6429,#6430,#6431);
#6433=IFCDIRECTION((0.,0.,1.));
#6434=IFCEXTRUDEDAREASOLID(#6428,#6432,#6433,0.05500000000000044);
#6435=IFCCARTESIANPOINT((0.,0.));
#6436=IFCDIRECTION((1.,0.));
#6437=IFCAXIS2PLACEMENT2D(#6435,#6436);
#6438=IFCCIRCLEPROFILEDEF(.AREA.,$,#6437,0.008);
#6439=IFCCARTESIANPOINT((-23.895141333694927,25.731371244270385,6.63));
#6440=IFCDIRECTION((-0.3416368868404203,0.36508113831039196,-0.8660254037844238));
#6441=IFCDIRECTION((0.7301622766207465,0.6832737736808056,-0.));
#6442=IFCAXIS2PLACEMENT3D(#6439,#6440,#6441);
#6443=IFCDIRECTION((0.,0.,1.));
#6444=IFCEXTRUDEDAREASOLID(#6438,#6442,#6443,0.05500000000000044);
#6445=IFCCARTESIANPOINT((0.,0.));
#6446=IFCDIRECTION((1.,0.));
#6447=IFCAXIS2PLACEMENT2D(#6445,#6446);
#6448=IFCCIRCLEPROFILEDEF(.AREA.,$,#6447,0.008);
#6449=IFCCARTESIANPOINT((-23.91393136247115,25.751450706877456,6.582368602791856));
#6450=IFCDIRECTION((-0.6832737736808032,0.7301622766207485,0.));
#6451=IFCDIRECTION((0.7301622766207486,0.6832737736808033,-0.));
#6452=IFCAXIS2PLACEMENT3D(#6449,#6450,#6451);
#6453=IFCDIRECTION((0.,0.,1.));
#6454=IFCEXTRUDEDAREASOLID(#6448,#6452,#6453,0.054999999999998245);
#6455=IFCCARTESIANPOINT((0.,0.));
#6456=IFCDIRECTION((1.,0.));
#6457=IFCAXIS2PLACEMENT2D(#6455,#6456);
#6458=IFCCIRCLEPROFILEDEF(.AREA.,$,#6457,0.008);
#6459=IFCCARTESIANPOINT((-23.951511420023593,25.791609632091596,6.582368602791856));
#6460=IFCDIRECTION((-0.3416368868404203,0.36508113831039196,0.8660254037844238));
#6461=IFCDIRECTION((0.7301622766207465,0.6832737736808056,-0.));
#6462=IFCAXIS2PLACEMENT3D(#6459,#6460,#6461);
#6463=IFCDIRECTION((0.,0.,1.));
#6464=IFCEXTRUDEDAREASOLID(#6458,#6462,#6463,0.05500000000000044);
#6465=IFCCARTESIANPOINT((0.,0.));
#6466=IFCDIRECTION((1.,0.));
#6467=IFCAXIS2PLACEMENT2D(#6465,#6466);
#6468=IFCCIRCLEPROFILEDEF(.AREA.,$,#6467,0.008);
#6469=IFCCARTESIANPOINT((-24.15478536769363,26.00883290938627,6.63));
#6470=IFCDIRECTION((0.34163688684036325,-0.36508113831040007,0.8660254037844429));
#6471=IFCDIRECTION((-0.7301622766208109,-0.6832737736807366,0.));
#6472=IFCAXIS2PLACEMENT3D(#6469,#6470,#6471);
#6473=IFCDIRECTION((0.,0.,1.));
#6474=IFCEXTRUDEDAREASOLID(#6468,#6472,#6473,0.05499999999999922);
#6475=IFCCARTESIANPOINT((0.,0.));
#6476=IFCDIRECTION((1.,0.));
#6477=IFCAXIS2PLACEMENT2D(#6475,#6476);
#6478=IFCCIRCLEPROFILEDEF(.AREA.,$,#6477,0.008);
#6479=IFCCARTESIANPOINT((-24.13599533891741,25.9887534467792,6.677631397208144));
#6480=IFCDIRECTION((0.6832737736808377,-0.7301622766207163,0.));
#6481=IFCDIRECTION((-0.7301622766207163,-0.6832737736808377,0.));
#6482=IFCAXIS2PLACEMENT3D(#6479,#6480,#6481);
#6483=IFCDIRECTION((0.,0.,1.));
#6484=IFCEXTRUDEDAREASOLID(#6478,#6482,#6483,0.055000000000000666);
#6485=IFCCARTESIANPOINT((0.,0.));
#6486=IFCDIRECTION((1.,0.));
#6487=IFCAXIS2PLACEMENT2D(#6485,#6486);
#6488=IFCCIRCLEPROFILEDEF(.AREA.,$,#6487,0.008);
#6489=IFCCARTESIANPOINT((-24.098415281364964,25.94859452156506,6.677631397208144));
#6490=IFCDIRECTION((0.34163688684036325,-0.36508113831040007,-0.8660254037844429));
#6491=IFCDIRECTION((-0.7301622766208109,-0.6832737736807366,0.));
#6492=IFCAXIS2PLACEMENT3D(#6489,#6490,#6491);
#6493=IFCDIRECTION((0.,0.,1.));
#6494=IFCEXTRUDEDAREASOLID(#6488,#6492,#6493,0.05499999999999922);
#6495=IFCCARTESIANPOINT((0.,0.));
#6496=IFCDIRECTION((1.,0.));
#6497=IFCAXIS2PLACEMENT2D(#6495,#6496);
#6498=IFCCIRCLEPROFILEDEF(.AREA.,$,#6497,0.008);
#6499=IFCCARTESIANPOINT((-24.079625252588745,25.928515058957988,6.63));
#6500=IFCDIRECTION((-0.34163688684036325,0.36508113831040007,-0.8660254037844429));
#6501=IFCDIRECTION((0.7301622766208109,0.6832737736807366,-0.));
#6502=IFCAXIS2PLACEMENT3D(#6499,#6500,#6501);
#6503=IFCDIRECTION((0.,0.,1.));
#6504=IFCEXTRUDEDAREASOLID(#6498,#6502,#6503,0.05499999999999922);
#6505=IFCCARTESIANPOINT((0.,0.));
#6506=IFCDIRECTION((1.,0.));
#6507=IFCAXIS2PLACEMENT2D(#6505,#6506);
#6508=IFCCIRCLEPROFILEDEF(.AREA.,$,#6507,0.008);
#6509=IFCCARTESIANPOINT((-24.098415281364964,25.94859452156506,6.582368602791856));
#6510=IFCDIRECTION((-0.6832737736808377,0.7301622766207163,0.));
#6511=IFCDIRECTION((0.7301622766207163,0.6832737736808377,-0.));
#6512=IFCAXIS2PLACEMENT3D(#6509,#6510,#6511);
#6513=IFCDIRECTION((0.,0.,1.));
#6514=IFCEXTRUDEDAREASOLID(#6508,#6512,#6513,0.055000000000000666);
#6515=IFCCARTESIANPOINT((0.,0.));
#6516=IFCDIRECTION((1.,0.));
#6517=IFCAXIS2PLACEMENT2D(#6515,#6516);
#6518=IFCCIRCLEPROFILEDEF(.AREA.,$,#6517,0.008);
#6519=IFCCARTESIANPOINT((-24.13599533891741,25.9887534467792,6.582368602791856));
#6520=IFCDIRECTION((-0.34163688684036325,0.36508113831040007,0.8660254037844429));
#6521=IFCDIRECTION((0.7301622766208109,0.6832737736807366,-0.));
#6522=IFCAXIS2PLACEMENT3D(#6519,#6520,#6521);
#6523=IFCDIRECTION((0.,0.,1.));
#6524=IFCEXTRUDEDAREASOLID(#6518,#6522,#6523,0.05499999999999922);
#6525=IFCCARTESIANPOINT((0.,0.));
#6526=IFCDIRECTION((1.,0.));
#6527=IFCAXIS2PLACEMENT2D(#6525,#6526);
#6528=IFCCIRCLEPROFILEDEF(.AREA.,$,#6527,0.008);
#6529=IFCCARTESIANPOINT((-24.33926928658745,26.205976724073874,6.63));
#6530=IFCDIRECTION((0.3416368868404203,-0.36508113831039196,0.8660254037844238));
#6531=IFCDIRECTION((-0.7301622766207465,-0.6832737736808056,0.));
#6532=IFCAXIS2PLACEMENT3D(#6529,#6530,#6531);
#6533=IFCDIRECTION((0.,0.,1.));
#6534=IFCEXTRUDEDAREASOLID(#6528,#6532,#6533,0.05500000000000044);
#6535=IFCCARTESIANPOINT((0.,0.));
#6536=IFCDIRECTION((1.,0.));
#6537=IFCAXIS2PLACEMENT2D(#6535,#6536);
#6538=IFCCIRCLEPROFILEDEF(.AREA.,$,#6537,0.008);
#6539=IFCCARTESIANPOINT((-24.320479257811225,26.185897261466803,6.677631397208144));
#6540=IFCDIRECTION((0.6832737736808032,-0.7301622766207485,0.));
#6541=IFCDIRECTION((-0.7301622766207486,-0.6832737736808033,0.));
#6542=IFCAXIS2PLACEMENT3D(#6539,#6540,#6541);
#6543=IFCDIRECTION((0.,0.,1.));
#6544=IFCEXTRUDEDAREASOLID(#6538,#6542,#6543,0.054999999999998245);
#6545=IFCCARTESIANPOINT((0.,0.));
#6546=IFCDIRECTION((1.,0.));
#6547=IFCAXIS2PLACEMENT2D(#6545,#6546);
#6548=IFCCIRCLEPROFILEDEF(.AREA.,$,#6547,0.008);
#6549=IFCCARTESIANPOINT((-24.282899200258782,26.145738336252663,6.677631397208144));
#6550=IFCDIRECTION((0.3416368868404203,-0.36508113831039196,-0.8660254037844238));
#6551=IFCDIRECTION((-0.7301622766207465,-0.6832737736808056,0.));
#6552=IFCAXIS2PLACEMENT3D(#6549,#6550,#6551);
#6553=IFCDIRECTION((0.,0.,1.));
#6554=IFCEXTRUDEDAREASOLID(#6548,#6552,#6553,0.05500000000000044);
#6555=IFCCARTESIANPOINT((0.,0.));
#6556=IFCDIRECTION((1.,0.));
#6557=IFCAXIS2PLACEMENT2D(#6555,#6556);
#6558=IFCCIRCLEPROFILEDEF(.AREA.,$,#6557,0.008);
#6559=IFCCARTESIANPOINT((-24.26410917148256,26.12565887364559,6.63));
#6560=IFCDIRECTION((-0.3416368868404203,0.36508113831039196,-0.8660254037844238));
#6561=IFCDIRECTION((0.7301622766207465,0.6832737736808056,-0.));
#6562=IFCAXIS2PLACEMENT3D(#6559,#6560,#6561);
#6563=IFCDIRECTION((0.,0.,1.));
#6564=IFCEXTRUDEDAREASOLID(#6558,#6562,#6563,0.05500000000000044);
#6565=IFCCARTESIANPOINT((0.,0.));
#6566=IFCDIRECTION((1.,0.));
#6567=IFCAXIS2PLACEMENT2D(#6565,#6566);
#6568=IFCCIRCLEPROFILEDEF(.AREA.,$,#6567,0.008);
#6569=IFCCARTESIANPOINT((-24.282899200258782,26.145738336252663,6.582368602791856));
#6570=IFCDIRECTION((-0.6832737736808032,0.7301622766207485,0.));
#6571=IFCDIRECTION((0.7301622766207486,0.6832737736808033,-0.));
#6572=IFCAXIS2PLACEMENT3D(#6569,#6570,#6571);
#6573=IFCDIRECTION((0.,0.,1.));
#6574=IFCEXTRUDEDAREASOLID(#6568,#6572,#6573,0.054999999999998245);
#6575=IFCCARTESIANPOINT((0.,0.));
#6576=IFCDIRECTION((1.,0.));
#6577=IFCAXIS2PLACEMENT2D(#6575,#6576);
#6578=IFCCIRCLEPROFILEDEF(.AREA.,$,#6577,0.008);
#6579=IFCCARTESIANPOINT((-24.320479257811225,26.185897261466803,6.582368602791856));
#6580=IFCDIRECTION((-0.3416368868404203,0.36508113831039196,0.8660254037844238));
#6581=IFCDIRECTION((0.7301622766207465,0.6832737736808056,-0.));
#6582=IFCAXIS2PLACEMENT3D(#6579,#6580,#6581);
#6583=IFCDIRECTION((0.,0.,1.));
#6584=IFCEXTRUDEDAREASOLID(#6578,#6582,#6583,0.05500000000000044);
#6585=IFCCARTESIANPOINT((0.,0.));
#6586=IFCDIRECTION((1.,0.));
#6587=IFCAXIS2PLACEMENT2D(#6585,#6586);
#6588=IFCCIRCLEPROFILEDEF(.AREA.,$,#6587,0.011);
#6589=IFCCARTESIANPOINT((-22.552508368412155,24.29660237071061,6.7));
#6590=IFCDIRECTION((0.26147755295719016,-0.2794210062007457,0.9238795325112915));
#6591=IFCDIRECTION((-0.,0.9571802575149607,0.2894925812928434));
#6592=IFCAXIS2PLACEMENT3D(#6589,#6590,#6591);
#6593=IFCDIRECTION((0.,0.,1.));
#6594=IFCEXTRUDEDAREASOLID(#6588,#6592,#6593,0.07653668647301741);
#6595=IFCCARTESIANPOINT((0.,0.));
#6596=IFCDIRECTION((1.,0.));
#6597=IFCAXIS2PLACEMENT2D(#6595,#6596);
#6598=IFCCIRCLEPROFILEDEF(.AREA.,$,#6597,0.011);
#6599=IFCCARTESIANPOINT((-22.53249574292174,24.275216412765047,6.770710678118655));
#6600=IFCDIRECTION((0.6312626546054371,-0.6745819827817636,0.3826834323650829));
#6601=IFCDIRECTION((-0.7301622766207567,-0.6832737736807946,0.));
#6602=IFCAXIS2PLACEMENT3D(#6599,#6600,#6601);
#6603=IFCDIRECTION((0.,0.,1.));
#6604=IFCEXTRUDEDAREASOLID(#6598,#6602,#6603,0.07653668647301877);
#6605=IFCCARTESIANPOINT((0.,0.));
#6606=IFCDIRECTION((1.,0.));
#6607=IFCAXIS2PLACEMENT2D(#6605,#6606);
#6608=IFCCIRCLEPROFILEDEF(.AREA.,$,#6607,0.011);
#6609=IFCCARTESIANPOINT((-22.484180991044077,24.223586143048532,6.8));
#6610=IFCDIRECTION((0.6312626546054371,-0.6745819827817636,-0.3826834323650829));
#6611=IFCDIRECTION((-0.7301622766207567,-0.6832737736807946,0.));
#6612=IFCAXIS2PLACEMENT3D(#6609,#6610,#6611);
#6613=IFCDIRECTION((0.,0.,1.));
#6614=IFCEXTRUDEDAREASOLID(#6608,#6612,#6613,0.07653668647301877);
#6615=IFCCARTESIANPOINT((0.,0.));
#6616=IFCDIRECTION((1.,0.));
#6617=IFCAXIS2PLACEMENT2D(#6615,#6616);
#6618=IFCCIRCLEPROFILEDEF(.AREA.,$,#6617,0.011);
#6619=IFCCARTESIANPOINT((-22.435866239166415,24.171955873332017,6.770710678118655));
#6620=IFCDIRECTION((0.2614775529572368,-0.27942100620069954,-0.9238795325112924));
#6621=IFCDIRECTION((0.,-0.957180257514974,0.2894925812927993));
#6622=IFCAXIS2PLACEMENT3D(#6619,#6620,#6621);
#6623=IFCDIRECTION((0.,0.,1.));
#6624=IFCEXTRUDEDAREASOLID(#6618,#6622,#6623,0.07653668647301734);
#6625=IFCCARTESIANPOINT((0.,0.));
#6626=IFCDIRECTION((1.,0.));
#6627=IFCAXIS2PLACEMENT2D(#6625,#6626);
#6628=IFCCIRCLEPROFILEDEF(.AREA.,$,#6627,0.011);
#6629=IFCCARTESIANPOINT((-22.415853613675996,24.15056991538646,6.7));
#6630=IFCDIRECTION((-0.2614775529572368,0.27942100620069954,-0.9238795325112924));
#6631=IFCDIRECTION((0.,-0.957180257514974,-0.2894925812927993));
#6632=IFCAXIS2PLACEMENT3D(#6629,#6630,#6631);
#6633=IFCDIRECTION((0.,0.,1.));
#6634=IFCEXTRUDEDAREASOLID(#6628,#6632,#6633,0.07653668647301734);
#6635=IFCCARTESIANPOINT((0.,0.));
#6636=IFCDIRECTION((1.,0.));
#6637=IFCAXIS2PLACEMENT2D(#6635,#6636);
#6638=IFCCIRCLEPROFILEDEF(.AREA.,$,#6637,0.011);
#6639=IFCCARTESIANPOINT((-22.435866239166415,24.171955873332017,6.629289321881346));
#6640=IFCDIRECTION((-0.6312626546054371,0.6745819827817636,-0.3826834323650829));
#6641=IFCDIRECTION((0.7301622766207567,0.6832737736807946,-0.));
#6642=IFCAXIS2PLACEMENT3D(#6639,#6640,#6641);
#6643=IFCDIRECTION((0.,0.,1.));
#6644=IFCEXTRUDEDAREASOLID(#6638,#6642,#6643,0.07653668647301877);
#6645=IFCCARTESIANPOINT((0.,0.));
#6646=IFCDIRECTION((1.,0.));
#6647=IFCAXIS2PLACEMENT2D(#6645,#6646);
#6648=IFCCIRCLEPROFILEDEF(.AREA.,$,#6647,0.011);
#6649=IFCCARTESIANPOINT((-22.484180991044077,24.223586143048532,6.6000000000000005));
#6650=IFCDIRECTION((-0.6312626546054371,0.6745819827817636,0.3826834323650829));
#6651=IFCDIRECTION((0.7301622766207567,0.6832737736807946,-0.));
#6652=IFCAXIS2PLACEMENT3D(#6649,#6650,#6651);
#6653=IFCDIRECTION((0.,0.,1.));
#6654=IFCEXTRUDEDAREASOLID(#6648,#6652,#6653,0.07653668647301877);
#6655=IFCCARTESIANPOINT((0.,0.));
#6656=IFCDIRECTION((1.,0.));
#6657=IFCAXIS2PLACEMENT2D(#6655,#6656);
#6658=IFCCIRCLEPROFILEDEF(.AREA.,$,#6657,0.011);
#6659=IFCCARTESIANPOINT((-22.53249574292174,24.275216412765047,6.629289321881346));
#6660=IFCDIRECTION((-0.26147755295719016,0.2794210062007457,0.9238795325112915));
#6661=IFCDIRECTION((0.,0.9571802575149607,-0.2894925812928434));
#6662=IFCAXIS2PLACEMENT3D(#6659,#6660,#6661);
#6663=IFCDIRECTION((0.,0.,1.));
#6664=IFCEXTRUDEDAREASOLID(#6658,#6662,#6663,0.07653668647301741);
#6665=IFCCARTESIANPOINT((0.,0.));
#6666=IFCDIRECTION((1.,0.));
#6667=IFCAXIS2PLACEMENT2D(#6665,#6666);
#6668=IFCCIRCLEPROFILEDEF(.AREA.,$,#6667,0.011);
#6669=IFCCARTESIANPOINT((-22.64133395899066,24.391523466671305,6.41));
#6670=IFCDIRECTION((0.3416368868403918,-0.3650811383103822,0.8660254037844392));
#6671=IFCDIRECTION((-0.7301622766207657,-0.6832737736807849,0.));
#6672=IFCAXIS2PLACEMENT3D(#6669,#6670,#6671);
#6673=IFCDIRECTION((0.,0.,1.));
#6674=IFCEXTRUDEDAREASOLID(#6668,#6672,#6673,0.06999999999999978);
#6675=IFCCARTESIANPOINT((0.,0.));
#6676=IFCDIRECTION((1.,0.));
#6677=IFCAXIS2PLACEMENT2D(#6675,#6676);
#6678=IFCCIRCLEPROFILEDEF(.AREA.,$,#6677,0.011);
#6679=IFCCARTESIANPOINT((-22.617419376911833,24.36596778698958,6.470621778264911));
#6680=IFCDIRECTION((0.6832737736807849,-0.7301622766207658,0.));
#6681=IFCDIRECTION((-0.7301622766207658,-0.6832737736807849,0.));
#6682=IFCAXIS2PLACEMENT3D(#6679,#6680,#6681);
#6683=IFCDIRECTION((0.,0.,1.));
#6684=IFCEXTRUDEDAREASOLID(#6678,#6682,#6683,0.06999999999999965);
#6685=IFCCARTESIANPOINT((0.,0.));
#6686=IFCDIRECTION((1.,0.));
#6687=IFCAXIS2PLACEMENT2D(#6685,#6686);
#6688=IFCCIRCLEPROFILEDEF(.AREA.,$,#6687,0.011);
#6689=IFCCARTESIANPOINT((-22.56959021275418,24.314856427626125,6.470621778264911));
#6690=IFCDIRECTION((0.34163688684043664,-0.36508113831037586,-0.8660254037844242));
#6691=IFCDIRECTION((-0.7301622766207151,-0.683273773680839,0.));
#6692=IFCAXIS2PLACEMENT3D(#6689,#6690,#6691);
#6693=IFCDIRECTION((0.,0.,1.));
#6694=IFCEXTRUDEDAREASOLID(#6688,#6692,#6693,0.07000000000000099);
#6695=IFCCARTESIANPOINT((0.,0.));
#6696=IFCDIRECTION((1.,0.));
#6697=IFCAXIS2PLACEMENT2D(#6695,#6696);
#6698=IFCCIRCLEPROFILEDEF(.AREA.,$,#6697,0.011);
#6699=IFCCARTESIANPOINT((-22.545675630675348,24.2893007479444,6.41));
#6700=IFCDIRECTION((-0.34163688684043664,0.36508113831037586,-0.8660254037844242));
#6701=IFCDIRECTION((0.7301622766207151,0.683273773680839,-0.));
#6702=IFCAXIS2PLACEMENT3D(#6699,#6700,#6701);
#6703=IFCDIRECTION((0.,0.,1.));
#6704=IFCEXTRUDEDAREASOLID(#6698,#6702,#6703,0.07000000000000099);
#6705=IFCCARTESIANPOINT((0.,0.));
#6706=IFCDIRECTION((1.,0.));
#6707=IFCAXIS2PLACEMENT2D(#6705,#6706);
#6708=IFCCIRCLEPROFILEDEF(.AREA.,$,#6707,0.011);
#6709=IFCCARTESIANPOINT((-22.56959021275418,24.314856427626125,6.34937822173509));
#6710=IFCDIRECTION((-0.6832737736807849,0.7301622766207658,0.));
#6711=IFCDIRECTION((0.7301622766207658,0.6832737736807849,-0.));
#6712=IFCAXIS2PLACEMENT3D(#6709,#6710,#6711);
#6713=IFCDIRECTION((0.,0.,1.));
#6714=IFCEXTRUDEDAREASOLID(#6708,#6712,#6713,0.06999999999999965);
#6715=IFCCARTESIANPOINT((0.,0.));
#6716=IFCDIRECTION((1.,0.));
#6717=IFCAXIS2PLACEMENT2D(#6715,#6716);
#6718=IFCCIRCLEPROFILEDEF(.AREA.,$,#6717,0.011);
#6719=IFCCARTESIANPOINT((-22.617419376911833,24.36596778698958,6.34937822173509));
#6720=IFCDIRECTION((-0.3416368868403918,0.3650811383103822,0.8660254037844392));
#6721=IFCDIRECTION((0.7301622766207657,0.6832737736807849,-0.));
#6722=IFCAXIS2PLACEMENT3D(#6719,#6720,#6721);
#6723=IFCDIRECTION((0.,0.,1.));
#6724=IFCEXTRUDEDAREASOLID(#6718,#6722,#6723,0.06999999999999978);
#6725=IFCSTYLEDITEM(#5884,(#38),$);
#6726=IFCSTYLEDITEM(#5904,(#38),$);
#6727=IFCSTYLEDITEM(#5914,(#38),$);
#6728=IFCSTYLEDITEM(#5924,(#38),$);
#6729=IFCSTYLEDITEM(#5934,(#38),$);
#6730=IFCSTYLEDITEM(#5944,(#38),$);
#6731=IFCSTYLEDITEM(#5954,(#38),$);
#6732=IFCSTYLEDITEM(#5964,(#38),$);
#6733=IFCSTYLEDITEM(#5974,(#38),$);
#6734=IFCSTYLEDITEM(#5984,(#38),$);
#6735=IFCSTYLEDITEM(#5994,(#38),$);
#6736=IFCSTYLEDITEM(#6004,(#38),$);
#6737=IFCSTYLEDITEM(#6014,(#38),$);
#6738=IFCSTYLEDITEM(#6024,(#38),$);
#6739=IFCSTYLEDITEM(#6034,(#38),$);
#6740=IFCSTYLEDITEM(#6044,(#38),$);
#6741=IFCSTYLEDITEM(#6054,(#38),$);
#6742=IFCSTYLEDITEM(#6064,(#38),$);
#6743=IFCSTYLEDITEM(#6074,(#38),$);
#6744=IFCSTYLEDITEM(#6084,(#38),$);
#6745=IFCSTYLEDITEM(#6094,(#38),$);
#6746=IFCSTYLEDITEM(#6104,(#38),$);
#6747=IFCSTYLEDITEM(#6114,(#38),$);
#6748=IFCSTYLEDITEM(#6124,(#38),$);
#6749=IFCSTYLEDITEM(#6134,(#38),$);
#6750=IFCSTYLEDITEM(#6144,(#38),$);
#6751=IFCSTYLEDITEM(#6154,(#38),$);
#6752=IFCSTYLEDITEM(#6164,(#38),$);
#6753=IFCSTYLEDITEM(#6174,(#38),$);
#6754=IFCSTYLEDITEM(#6184,(#38),$);
#6755=IFCSTYLEDITEM(#6194,(#38),$);
#6756=IFCSTYLEDITEM(#6204,(#38),$);
#6757=IFCSTYLEDITEM(#6214,(#38),$);
#6758=IFCSTYLEDITEM(#6224,(#38),$);
#6759=IFCSTYLEDITEM(#6234,(#38),$);
#6760=IFCSTYLEDITEM(#6244,(#38),$);
#6761=IFCSTYLEDITEM(#6254,(#38),$);
#6762=IFCSTYLEDITEM(#6264,(#38),$);
#6763=IFCSTYLEDITEM(#6274,(#38),$);
#6764=IFCSTYLEDITEM(#6284,(#38),$);
#6765=IFCSTYLEDITEM(#6294,(#38),$);
#6766=IFCSTYLEDITEM(#6304,(#38),$);
#6767=IFCSTYLEDITEM(#6314,(#38),$);
#6768=IFCSTYLEDITEM(#6324,(#38),$);
#6769=IFCSTYLEDITEM(#6334,(#38),$);
#6770=IFCSTYLEDITEM(#6344,(#38),$);
#6771=IFCSTYLEDITEM(#6354,(#38),$);
#6772=IFCSTYLEDITEM(#6364,(#38),$);
#6773=IFCSTYLEDITEM(#6374,(#38),$);
#6774=IFCSTYLEDITEM(#6384,(#38),$);
#6775=IFCSTYLEDITEM(#6394,(#38),$);
#6776=IFCSTYLEDITEM(#6404,(#38),$);
#6777=IFCSTYLEDITEM(#6414,(#38),$);
#6778=IFCSTYLEDITEM(#6424,(#38),$);
#6779=IFCSTYLEDITEM(#6434,(#38),$);
#6780=IFCSTYLEDITEM(#6444,(#38),$);
#6781=IFCSTYLEDITEM(#6454,(#38),$);
#6782=IFCSTYLEDITEM(#6464,(#38),$);
#6783=IFCSTYLEDITEM(#6474,(#38),$);
#6784=IFCSTYLEDITEM(#6484,(#38),$);
#6785=IFCSTYLEDITEM(#6494,(#38),$);
#6786=IFCSTYLEDITEM(#6504,(#38),$);
#6787=IFCSTYLEDITEM(#6514,(#38),$);
#6788=IFCSTYLEDITEM(#6524,(#38),$);
#6789=IFCSTYLEDITEM(#6534,(#38),$);
#6790=IFCSTYLEDITEM(#6544,(#38),$);
#6791=IFCSTYLEDITEM(#6554,(#38),$);
#6792=IFCSTYLEDITEM(#6564,(#38),$);
#6793=IFCSTYLEDITEM(#6574,(#38),$);
#6794=IFCSTYLEDITEM(#6584,(#38),$);
#6795=IFCSTYLEDITEM(#6594,(#38),$);
#6796=IFCSTYLEDITEM(#6604,(#38),$);
#6797=IFCSTYLEDITEM(#6614,(#38),$);
#6798=IFCSTYLEDITEM(#6624,(#38),$);
#6799=IFCSTYLEDITEM(#6634,(#38),$);
#6800=IFCSTYLEDITEM(#6644,(#38),$);
#6801=IFCSTYLEDITEM(#6654,(#38),$);
#6802=IFCSTYLEDITEM(#6664,(#38),$);
#6803=IFCSTYLEDITEM(#6674,(#38),$);
#6804=IFCSTYLEDITEM(#6684,(#38),$);
#6805=IFCSTYLEDITEM(#6694,(#38),$);
#6806=IFCSTYLEDITEM(#6704,(#38),$);
#6807=IFCSTYLEDITEM(#6714,(#38),$);
#6808=IFCSTYLEDITEM(#6724,(#38),$);
#6809=IFCSHAPEREPRESENTATION(#16,'Body','SweptSolid',(#5884,#5904,#5914,#5924,#5934,#5944,#5954,#5964,#5974,#5984,#5994,#6004,#6014,#6024,#6034,#6044,#6054,#6064,#6074,#6084,#6094,#6104,#6114,#6124,#6134,#6144,#6154,#6164,#6174,#6184,#6194,#6204,#6214,#6224,#6234,#6244,#6254,#6264,#6274,#6284,#6294,#6304,#6314,#6324,#6334,#6344,#6354,#6364,#6374,#6384,#6394,#6404,#6414,#6424,#6434,#6444,#6454,#6464,#6474,#6484,#6494,#6504,#6514,#6524,#6534,#6544,#6554,#6564,#6574,#6584,#6594,#6604,#6614,#6624,#6634,#6644,#6654,#6664,#6674,#6684,#6694,#6704,#6714,#6724));
#6810=IFCPRODUCTDEFINITIONSHAPE($,$,(#6809));
#6811=IFCLOCALPLACEMENT(#23,#13);
#6812=IFCMEMBER('1mipdKum9A1wX0Iejo2ddX',#5,'Bra\X2\00E7\X0\ llarg 2 \X2\00B7\X0\ Long arm',$,'Cantilevered top arm 3.3 m with curved brace, scroll cresting and end knob',#6811,#6810,'PFAL-MEM-012',.USERDEFINED.);
#6813=IFCRELASSOCIATESMATERIAL('0LxSfAlpj6nhvX9s9rf7zj',#5,$,$,(#6812),#39);
#6814=IFCPROPERTYSINGLEVALUE('Reference',$,IFCLABEL('Cantilevered top arm 3.3 m with curved brace, scroll cresting and end knob'),$);
#6815=IFCPROPERTYSINGLEVALUE('IsExternal',$,IFCBOOLEAN(.T.),$);
#6816=IFCPROPERTYSINGLEVALUE('Status',$,IFCLABEL('EXISTING'),$);
#6817=IFCPROPERTYSET('0UBsI5X2jBkRTE8YbRqzEr',#5,'Pset_MemberCommon',$,(#6814,#6815,#6816));
#6818=IFCRELDEFINESBYPROPERTIES('0tIPhp0818XR_h7SZZ16Y5',#5,$,$,(#6812),#6817);
#6819=IFCPROPERTYSINGLEVALUE('Material',$,IFCLABEL('Wrought and cast iron, painted dark brown-black'),$);
#6820=IFCPROPERTYSINGLEVALUE('Category',$,IFCLABEL('Iron'),$);
#6821=IFCPROPERTYSINGLEVALUE('Description',$,IFCLABEL('Forged scrollwork and cast parts, the near-black brown of the Passeig''s 1906 ironwork'),$);
#6822=IFCPROPERTYSINGLEVALUE('MassDensity_kg_m3',$,IFCREAL(7600.),$);
#6823=IFCPROPERTYSET('0q_kb0R3L0thbFthUHBkEp',#5,'Pset_CDE_Material',$,(#6819,#6820,#6821,#6822));
#6824=IFCRELDEFINESBYPROPERTIES('0KxJupwFT5OhKZ0r_DQFKp',#5,$,$,(#6812),#6823);
#6825=IFCPROPERTYSINGLEVALUE('GeometrySource',$,IFCLABEL('Form from Wikimedia Commons photographs; dimensions estimated; position in a gap of the OSM island tree row'),$);
#6826=IFCPROPERTYSINGLEVALUE('Confidence',$,IFCLABEL('Medium'),$);
#6827=IFCPROPERTYSINGLEVALUE('Reference',$,IFCLABEL('Commons Category:Fanals-bancs (\X2\00AB\X0\Banc-fanal del passeig de Gr\X2\00E0\X0\cia.jpg\X2\00BB\X0\, \X2\00AB\X0\109 Banc fanal\X2\202600BB\X0\, \X2\00AB\X0\035 Banc de trencad\X2\00ED\X0\s\X2\202600BB\X0\); OSM tree nodes 12633020995/96 and 12633020992/93 (ODbL)'),$);
#6828=IFCPROPERTYSET('26n$stRonFJ8m7Ugy8vZPH',#5,'Pset_CDE_Provenance',$,(#6825,#6826,#6827));
#6829=IFCRELDEFINESBYPROPERTIES('0OwYPze61BmfiQNtWKWv$n',#5,$,$,(#6812),#6828);
#6830=IFCPROPERTYSINGLEVALUE('Reach_mm',$,IFCINTEGER(3300),$);
#6831=IFCPROPERTYSINGLEVALUE('Height_mm',$,IFCINTEGER(6020),$);
#6832=IFCPROPERTYSET('0cHhdfkDr5ouI1TbYidBMY',#5,'Pset_CDE_Specification',$,(#6830,#6831));
#6833=IFCRELDEFINESBYPROPERTIES('1pqGsBkCb52vzm7UZToGy1',#5,$,$,(#6812),#6832);
#6834=IFCPROPERTYSINGLEVALUE('DataStatus',$,IFCLABEL('Illustrative demo values \X2\2014\X0\ not the owner''s as-built register'),$);
#6835=IFCPROPERTYSINGLEVALUE('AssetOwner',$,IFCLABEL('Ajuntament de Barcelona \X2\2014\X0\ public lighting (demo)'),$);
#6836=IFCPROPERTYSINGLEVALUE('Manufacturer',$,IFCLABEL('Original ironwork, 1906 (workshop not recorded here)'),$);
#6837=IFCPROPERTYSINGLEVALUE('Model',$,IFCLABEL('Banc-fanal, municipal model by Pere Falqu\X2\00E9\X0\s i Urp\X2\00ED\X0\ (1906)'),$);
#6838=IFCPROPERTYSINGLEVALUE('SerialNumber',$,IFCLABEL('BCN-ENL-PGR-020'),$);
#6839=IFCPROPERTYSINGLEVALUE('LifecycleStatus',$,IFCLABEL('In service'),$);
#6840=IFCPROPERTYSINGLEVALUE('InstallationYear',$,IFCINTEGER(2019),$);
#6841=IFCPROPERTYSINGLEVALUE('LastInspection',$,IFCLABEL('2026-06-17'),$);
#6842=IFCPROPERTYSINGLEVALUE('InspectionInterval_months',$,IFCINTEGER(12),$);
#6843=IFCPROPERTYSINGLEVALUE('NextInspection',$,IFCLABEL('2027-06-17'),$);
#6844=IFCPROPERTYSINGLEVALUE('ConditionIndex_1to5',$,IFCINTEGER(4),$);
#6845=IFCPROPERTYSINGLEVALUE('WarrantyEnd',$,IFCLABEL('2024-12-31 (expired)'),$);
#6846=IFCPROPERTYSINGLEVALUE('MaintenanceContractor',$,IFCLABEL('Demo contractor \X2\2014\X0\ public lighting'),$);
#6847=IFCPROPERTYSINGLEVALUE('MaintenanceStrategy',$,IFCLABEL('Condition-based'),$);
#6848=IFCPROPERTYSET('1tBwnjVmbAwBMpNQk8liT4',#5,'Pset_CDE_AssetManagement (demo)',$,(#6834,#6835,#6836,#6837,#6838,#6839,#6840,#6841,#6842,#6843,#6844,#6845,#6846,#6847));
#6849=IFCRELDEFINESBYPROPERTIES('2dwnJ8HJv4c9qPLzibfQuN',#5,$,$,(#6812),#6848);
#6850=IFCCARTESIANPOINT((0.,0.));
#6851=IFCDIRECTION((1.,0.));
#6852=IFCAXIS2PLACEMENT2D(#6850,#6851);
#6853=IFCCIRCLEPROFILEDEF(.AREA.,$,#6852,0.022);
#6854=IFCCARTESIANPOINT((-24.5545005252969,26.43597784120941,4.680000000000001));
#6855=IFCDIRECTION((-0.681934059406383,0.728730626728255,0.06259083231413883));
#6856=IFCDIRECTION((0.7301622766207473,0.6832737736808046,-0.));
#6857=IFCAXIS2PLACEMENT3D(#6854,#6855,#6856);
#6858=IFCDIRECTION((0.,0.,1.));
#6859=IFCEXTRUDEDAREASOLID(#6853,#6857,#6858,0.2440897047206584);
#6860=IFCCARTESIANPOINT((0.,0.));
#6861=IFCDIRECTION((1.,0.));
#6862=IFCAXIS2PLACEMENT2D(#6860,#6861);
#6863=IFCCIRCLEPROFILEDEF(.AREA.,$,#6862,0.022);
#6864=IFCCARTESIANPOINT((-24.720953608496362,26.61385348470841,4.695277777777779));
#6865=IFCDIRECTION((-0.665586114819941,0.711260832193348,0.22606006358161196));
#6866=IFCDIRECTION((0.7301622766207558,0.6832737736807956,-0.));
#6867=IFCAXIS2PLACEMENT3D(#6864,#6865,#6866);
#6868=IFCDIRECTION((0.,0.,1.));
#6869=IFCEXTRUDEDAREASOLID(#6863,#6867,#6868,0.2027484758128748);
#6870=IFCCARTESIANPOINT((0.,0.));
#6871=IFCDIRECTION((1.,0.));
#6872=IFCAXIS2PLACEMENT2D(#6870,#6871);
#6873=IFCCIRCLEPROFILEDEF(.AREA.,$,#6872,0.022);
#6874=IFCCARTESIANPOINT((-24.85590017879832,26.75806053434101,4.741111111111112));
#6875=IFCDIRECTION((-0.610015248079672,0.6518765090481838,0.45048686336168503));
#6876=IFCDIRECTION((0.7301622766207461,0.6832737736808058,-0.));
#6877=IFCAXIS2PLACEMENT3D(#6874,#6875,#6876);
#6878=IFCDIRECTION((0.,0.,1.));
#6879=IFCEXTRUDEDAREASOLID(#6873,#6877,#6878,0.16956962589063912);
#6880=IFCCARTESIANPOINT((0.,0.));
#6881=IFCDIRECTION((1.,0.));
#6882=IFCAXIS2PLACEMENT2D(#6880,#6881);
#6883=IFCCIRCLEPROFILEDEF(.AREA.,$,#6882,0.022);
#6884=IFCCARTESIANPOINT((-24.959340236202774,26.868598990107206,4.817500000000001));
#6885=IFCDIRECTION((-0.47933838493987374,0.5122321679844339,0.7126379998324535));
#6886=IFCDIRECTION((0.7301622766207605,0.6832737736807903,-0.));
#6887=IFCAXIS2PLACEMENT3D(#6884,#6885,#6886);
#6888=IFCDIRECTION((0.,0.,1.));
#6889=IFCEXTRUDEDAREASOLID(#6883,#6887,#6888,0.15006840004264244);
#6890=IFCCARTESIANPOINT((0.,0.));
#6891=IFCDIRECTION((1.,0.));
#6892=IFCAXIS2PLACEMENT2D(#6890,#6891);
#6893=IFCCIRCLEPROFILEDEF(.AREA.,$,#6892,0.022);
#6894=IFCCARTESIANPOINT((-25.031273780709725,26.945468852007004,4.924444444444446));
#6895=IFCDIRECTION((-0.27007260618025225,0.28860588036207835,0.9185681429330305));
#6896=IFCDIRECTION((0.,0.9540195480861792,-0.29974439422521715));
#6897=IFCAXIS2PLACEMENT3D(#6894,#6895,#6896);
#6898=IFCDIRECTION((0.,0.,1.));
#6899=IFCEXTRUDEDAREASOLID(#6893,#6897,#6898,0.14968949343372115);
#6900=IFCCARTESIANPOINT((0.,0.));
#6901=IFCDIRECTION((1.,0.));
#6902=IFCAXIS2PLACEMENT2D(#6900,#6901);
#6903=IFCCIRCLEPROFILEDEF(.AREA.,$,#6902,0.022);
#6904=IFCCARTESIANPOINT((-25.071700812319172,26.988670120040396,5.061944444444445));
#6905=IFCDIRECTION((-0.052921319806502255,0.05655295555036534,0.9969960366663733));
#6906=IFCDIRECTION((0.,0.998395102586473,-0.05663231525680508));
#6907=IFCAXIS2PLACEMENT3D(#6904,#6905,#6906);
#6908=IFCDIRECTION((0.,0.,1.));
#6909=IFCEXTRUDEDAREASOLID(#6903,#6907,#6908,0.16856190935069076);
#6910=IFCCARTESIANPOINT((0.,0.));
#6911=IFCDIRECTION((1.,0.));
#6912=IFCAXIS2PLACEMENT2D(#6910,#6911);
#6913=IFCCIRCLEPROFILEDEF(.AREA.,$,#6912,0.011);
#6914=IFCCARTESIANPOINT((-25.073788593294307,26.990901171441184,5.33));
#6915=IFCDIRECTION((0.26147755295721486,-0.2794210062007559,0.9238795325112815));
#6916=IFCDIRECTION((-0.,0.957180257514957,0.28949258129285593));
#6917=IFCAXIS2PLACEMENT3D(#6914,#6915,#6916);
#6918=IFCDIRECTION((0.,0.,1.));
#6919=IFCEXTRUDEDAREASOLID(#6913,#6917,#6918,0.0994976924149241);
#6920=IFCCARTESIANPOINT((0.,0.));
#6921=IFCDIRECTION((1.,0.));
#6922=IFCAXIS2PLACEMENT2D(#6920,#6921);
#6923=IFCCIRCLEPROFILEDEF(.AREA.,$,#6922,0.011);
#6924=IFCCARTESIANPOINT((-25.047772180156763,26.963099426111953,5.421923881554251));
#6925=IFCDIRECTION((0.6312626546054245,-0.67458198278177,0.38268343236509256));
#6926=IFCDIRECTION((-0.7301622766207667,-0.6832737736807838,0.));
#6927=IFCAXIS2PLACEMENT3D(#6924,#6925,#6926);
#6928=IFCDIRECTION((0.,0.,1.));
#6929=IFCEXTRUDEDAREASOLID(#6923,#6927,#6928,0.09949769241492189);
#6930=IFCCARTESIANPOINT((0.,0.));
#6931=IFCDIRECTION((1.,0.));
#6932=IFCAXIS2PLACEMENT2D(#6930,#6931);
#6933=IFCCIRCLEPROFILEDEF(.AREA.,$,#6932,0.011);
#6934=IFCCARTESIANPOINT((-24.984963002715805,26.895980075480484,5.46));
#6935=IFCDIRECTION((0.631262654605446,-0.6745819827817547,-0.38268343236508395));
#6936=IFCDIRECTION((-0.7301622766207474,-0.6832737736808043,0.));
#6937=IFCAXIS2PLACEMENT3D(#6934,#6935,#6936);
#6938=IFCDIRECTION((0.,0.,1.));
#6939=IFCEXTRUDEDAREASOLID(#6933,#6937,#6938,0.09949769241492412);
#6940=IFCCARTESIANPOINT((0.,0.));
#6941=IFCDIRECTION((1.,0.));
#6942=IFCAXIS2PLACEMENT2D(#6940,#6941);
#6943=IFCCIRCLEPROFILEDEF(.AREA.,$,#6942,0.011);
#6944=IFCCARTESIANPOINT((-24.922153825274844,26.828860724849015,5.421923881554251));
#6945=IFCDIRECTION((0.2614775529572175,-0.27942100620072297,-0.9238795325112906));
#6946=IFCDIRECTION((0.,-0.9571802575149672,0.28949258129282207));
#6947=IFCAXIS2PLACEMENT3D(#6944,#6945,#6946);
#6948=IFCDIRECTION((0.,0.,1.));
#6949=IFCEXTRUDEDAREASOLID(#6943,#6947,#6948,0.09949769241492311);
#6950=IFCCARTESIANPOINT((0.,0.));
#6951=IFCDIRECTION((1.,0.));
#6952=IFCAXIS2PLACEMENT2D(#6950,#6951);
#6953=IFCCIRCLEPROFILEDEF(.AREA.,$,#6952,0.011);
#6954=IFCCARTESIANPOINT((-24.8961374121373,26.801058979519787,5.33));
#6955=IFCDIRECTION((-0.2614775529572175,0.27942100620072297,-0.9238795325112906));
#6956=IFCDIRECTION((0.,-0.9571802575149672,-0.28949258129282207));
#6957=IFCAXIS2PLACEMENT3D(#6954,#6955,#6956);
#6958=IFCDIRECTION((0.,0.,1.));
#6959=IFCEXTRUDEDAREASOLID(#6953,#6957,#6958,0.09949769241492311);
#6960=IFCCARTESIANPOINT((0.,0.));
#6961=IFCDIRECTION((1.,0.));
#6962=IFCAXIS2PLACEMENT2D(#6960,#6961);
#6963=IFCCIRCLEPROFILEDEF(.AREA.,$,#6962,0.011);
#6964=IFCCARTESIANPOINT((-24.922153825274844,26.828860724849015,5.238076118445749));
#6965=IFCDIRECTION((-0.631262654605446,0.6745819827817547,-0.38268343236508395));
#6966=IFCDIRECTION((0.7301622766207474,0.6832737736808043,-0.));
#6967=IFCAXIS2PLACEMENT3D(#6964,#6965,#6966);
#6968=IFCDIRECTION((0.,0.,1.));
#6969=IFCEXTRUDEDAREASOLID(#6963,#6967,#6968,0.09949769241492412);
#6970=IFCCARTESIANPOINT((0.,0.));
#6971=IFCDIRECTION((1.,0.));
#6972=IFCAXIS2PLACEMENT2D(#6970,#6971);
#6973=IFCCIRCLEPROFILEDEF(.AREA.,$,#6972,0.011);
#6974=IFCCARTESIANPOINT((-24.984963002715805,26.895980075480484,5.2));
#6975=IFCDIRECTION((-0.6312626546054245,0.67458198278177,0.38268343236509256));
#6976=IFCDIRECTION((0.7301622766207667,0.6832737736807838,-0.));
#6977=IFCAXIS2PLACEMENT3D(#6974,#6975,#6976);
#6978=IFCDIRECTION((0.,0.,1.));
#6979=IFCEXTRUDEDAREASOLID(#6973,#6977,#6978,0.09949769241492189);
#6980=IFCCARTESIANPOINT((0.,0.));
#6981=IFCDIRECTION((1.,0.));
#6982=IFCAXIS2PLACEMENT2D(#6980,#6981);
#6983=IFCCIRCLEPROFILEDEF(.AREA.,$,#6982,0.011);
#6984=IFCCARTESIANPOINT((-25.047772180156763,26.963099426111953,5.238076118445749));
#6985=IFCDIRECTION((-0.26147755295721486,0.2794210062007559,0.9238795325112815));
#6986=IFCDIRECTION((0.,0.957180257514957,-0.28949258129285593));
#6987=IFCAXIS2PLACEMENT3D(#6984,#6985,#6986);
#6988=IFCDIRECTION((0.,0.,1.));
#6989=IFCEXTRUDEDAREASOLID(#6983,#6987,#6988,0.0994976924149241);
#6990=IFCSTYLEDITEM(#6859,(#38),$);
#6991=IFCSTYLEDITEM(#6869,(#38),$);
#6992=IFCSTYLEDITEM(#6879,(#38),$);
#6993=IFCSTYLEDITEM(#6889,(#38),$);
#6994=IFCSTYLEDITEM(#6899,(#38),$);
#6995=IFCSTYLEDITEM(#6909,(#38),$);
#6996=IFCSTYLEDITEM(#6919,(#38),$);
#6997=IFCSTYLEDITEM(#6929,(#38),$);
#6998=IFCSTYLEDITEM(#6939,(#38),$);
#6999=IFCSTYLEDITEM(#6949,(#38),$);
#7000=IFCSTYLEDITEM(#6959,(#38),$);
#7001=IFCSTYLEDITEM(#6969,(#38),$);
#7002=IFCSTYLEDITEM(#6979,(#38),$);
#7003=IFCSTYLEDITEM(#6989,(#38),$);
#7004=IFCSHAPEREPRESENTATION(#16,'Body','SweptSolid',(#6859,#6869,#6879,#6889,#6899,#6909,#6919,#6929,#6939,#6949,#6959,#6969,#6979,#6989));
#7005=IFCPRODUCTDEFINITIONSHAPE($,$,(#7004));
#7006=IFCLOCALPLACEMENT(#23,#13);
#7007=IFCMEMBER('2ezq0iwlP7PPcvE8c5zyE5',#5,'Bra\X2\00E7\X0\ curt 2 \X2\00B7\X0\ Short scroll arm',$,'Gooseneck arm ending in a scroll, carrying the lower lantern',#7006,#7005,'PFAL-MEM-013',.USERDEFINED.);
#7008=IFCRELASSOCIATESMATERIAL('0_gi$UW4H0MRVaWgP8BOEJ',#5,$,$,(#7007),#39);
#7009=IFCPROPERTYSINGLEVALUE('Reference',$,IFCLABEL('Gooseneck arm ending in a scroll, carrying the lower lantern'),$);
#7010=IFCPROPERTYSINGLEVALUE('IsExternal',$,IFCBOOLEAN(.T.),$);
#7011=IFCPROPERTYSINGLEVALUE('Status',$,IFCLABEL('EXISTING'),$);
#7012=IFCPROPERTYSET('3KEZ_A35r1rgKVNk__czsJ',#5,'Pset_MemberCommon',$,(#7009,#7010,#7011));
#7013=IFCRELDEFINESBYPROPERTIES('2ASsh8Tbv0q9llS3uUTSOx',#5,$,$,(#7007),#7012);
#7014=IFCPROPERTYSINGLEVALUE('Material',$,IFCLABEL('Wrought and cast iron, painted dark brown-black'),$);
#7015=IFCPROPERTYSINGLEVALUE('Category',$,IFCLABEL('Iron'),$);
#7016=IFCPROPERTYSINGLEVALUE('Description',$,IFCLABEL('Forged scrollwork and cast parts, the near-black brown of the Passeig''s 1906 ironwork'),$);
#7017=IFCPROPERTYSINGLEVALUE('MassDensity_kg_m3',$,IFCREAL(7600.),$);
#7018=IFCPROPERTYSET('1y$BOUg$97NQw2sVsJ3VqH',#5,'Pset_CDE_Material',$,(#7014,#7015,#7016,#7017));
#7019=IFCRELDEFINESBYPROPERTIES('1jRPUz$VL41h_iRPKw2PLn',#5,$,$,(#7007),#7018);
#7020=IFCPROPERTYSINGLEVALUE('GeometrySource',$,IFCLABEL('Form from Wikimedia Commons photographs; dimensions estimated; position in a gap of the OSM island tree row'),$);
#7021=IFCPROPERTYSINGLEVALUE('Confidence',$,IFCLABEL('Medium'),$);
#7022=IFCPROPERTYSINGLEVALUE('Reference',$,IFCLABEL('Commons Category:Fanals-bancs (\X2\00AB\X0\Banc-fanal del passeig de Gr\X2\00E0\X0\cia.jpg\X2\00BB\X0\, \X2\00AB\X0\109 Banc fanal\X2\202600BB\X0\, \X2\00AB\X0\035 Banc de trencad\X2\00ED\X0\s\X2\202600BB\X0\); OSM tree nodes 12633020995/96 and 12633020992/93 (ODbL)'),$);
#7023=IFCPROPERTYSET('1BZc46OGL1K8yqO9vlMzN9',#5,'Pset_CDE_Provenance',$,(#7020,#7021,#7022));
#7024=IFCRELDEFINESBYPROPERTIES('2BXskPTYb6AgxsywCSzY3f',#5,$,$,(#7007),#7023);
#7025=IFCPROPERTYSINGLEVALUE('Reach_mm',$,IFCINTEGER(780),$);
#7026=IFCPROPERTYSINGLEVALUE('Height_mm',$,IFCINTEGER(4700),$);
#7027=IFCPROPERTYSET('2n9fwFXWDA0gwZJ1U0kcKA',#5,'Pset_CDE_Specification',$,(#7025,#7026));
#7028=IFCRELDEFINESBYPROPERTIES('0pz8r_qzrCQA2HjzSH0mAv',#5,$,$,(#7007),#7027);
#7029=IFCPROPERTYSINGLEVALUE('DataStatus',$,IFCLABEL('Illustrative demo values \X2\2014\X0\ not the owner''s as-built register'),$);
#7030=IFCPROPERTYSINGLEVALUE('AssetOwner',$,IFCLABEL('Ajuntament de Barcelona \X2\2014\X0\ public lighting (demo)'),$);
#7031=IFCPROPERTYSINGLEVALUE('Manufacturer',$,IFCLABEL('Original ironwork, 1906 (workshop not recorded here)'),$);
#7032=IFCPROPERTYSINGLEVALUE('Model',$,IFCLABEL('Banc-fanal, municipal model by Pere Falqu\X2\00E9\X0\s i Urp\X2\00ED\X0\ (1906)'),$);
#7033=IFCPROPERTYSINGLEVALUE('SerialNumber',$,IFCLABEL('BCN-ENL-PGR-021'),$);
#7034=IFCPROPERTYSINGLEVALUE('LifecycleStatus',$,IFCLABEL('In service'),$);
#7035=IFCPROPERTYSINGLEVALUE('InstallationYear',$,IFCINTEGER(2019),$);
#7036=IFCPROPERTYSINGLEVALUE('LastInspection',$,IFCLABEL('2026-06-17'),$);
#7037=IFCPROPERTYSINGLEVALUE('InspectionInterval_months',$,IFCINTEGER(12),$);
#7038=IFCPROPERTYSINGLEVALUE('NextInspection',$,IFCLABEL('2027-06-17'),$);
#7039=IFCPROPERTYSINGLEVALUE('ConditionIndex_1to5',$,IFCINTEGER(4),$);
#7040=IFCPROPERTYSINGLEVALUE('WarrantyEnd',$,IFCLABEL('2024-12-31 (expired)'),$);
#7041=IFCPROPERTYSINGLEVALUE('MaintenanceContractor',$,IFCLABEL('Demo contractor \X2\2014\X0\ public lighting'),$);
#7042=IFCPROPERTYSINGLEVALUE('MaintenanceStrategy',$,IFCLABEL('Condition-based'),$);
#7043=IFCPROPERTYSET('2gcYlfY29D3hVe0EnWJBcl',#5,'Pset_CDE_AssetManagement (demo)',$,(#7029,#7030,#7031,#7032,#7033,#7034,#7035,#7036,#7037,#7038,#7039,#7040,#7041,#7042));
#7044=IFCRELDEFINESBYPROPERTIES('1rDj8dSRf22QxMKA2hDi0n',#5,$,$,(#7007),#7043);
#7045=IFCCARTESIANPOINT((-24.5545005252969,26.43597784120941,7.38));
#7046=IFCDIRECTION((0.,-1.,0.));
#7047=IFCDIRECTION((1.,0.,0.));
#7048=IFCAXIS2PLACEMENT3D(#7045,#7046,#7047);
#7049=IFCCARTESIANPOINT((0.,0.));
#7050=IFCCARTESIANPOINT((0.07,0.));
#7051=IFCCARTESIANPOINT((0.09,0.1));
#7052=IFCCARTESIANPOINT((0.2,0.28));
#7053=IFCCARTESIANPOINT((0.22,0.34));
#7054=IFCCARTESIANPOINT((0.16,0.37));
#7055=IFCCARTESIANPOINT((0.06,0.31));
#7056=IFCCARTESIANPOINT((0.,0.31));
#7057=IFCCARTESIANPOINT((0.,0.));
#7058=IFCPOLYLINE((#7049,#7050,#7051,#7052,#7053,#7054,#7055,#7056,#7057));
#7059=IFCARBITRARYCLOSEDPROFILEDEF(.AREA.,$,#7058);
#7060=IFCCARTESIANPOINT((0.,0.,0.));
#7061=IFCDIRECTION((0.,1.,0.));
#7062=IFCAXIS1PLACEMENT(#7060,#7061);
#7063=IFCREVOLVEDAREASOLID(#7059,#7048,#7062,6.283185307179586);
#7064=IFCCARTESIANPOINT((-24.5545005252969,26.43597784120941,7.8100000000000005));
#7065=IFCDIRECTION((0.,-1.,0.));
#7066=IFCDIRECTION((1.,0.,0.));
#7067=IFCAXIS2PLACEMENT3D(#7064,#7065,#7066);
#7068=IFCCARTESIANPOINT((0.,-0.06));
#7069=IFCCARTESIANPOINT((0.02296100594190539,-0.0554327719506772));
#7070=IFCCARTESIANPOINT((0.042426406871192854,-0.04242640687119285));
#7071=IFCCARTESIANPOINT((0.0554327719506772,-0.022961005941905387));
#7072=IFCCARTESIANPOINT((0.06,0.));
#7073=IFCCARTESIANPOINT((0.0554327719506772,0.022961005941905387));
#7074=IFCCARTESIANPOINT((0.042426406871192854,0.04242640687119285));
#7075=IFCCARTESIANPOINT((0.02296100594190539,0.0554327719506772));
#7076=IFCCARTESIANPOINT((0.,0.06));
#7077=IFCCARTESIANPOINT((0.,-0.06));
#7078=IFCPOLYLINE((#7068,#7069,#7070,#7071,#7072,#7073,#7074,#7075,#7076,#7077));
#7079=IFCARBITRARYCLOSEDPROFILEDEF(.AREA.,$,#7078);
#7080=IFCCARTESIANPOINT((0.,0.,0.));
#7081=IFCDIRECTION((0.,1.,0.));
#7082=IFCAXIS1PLACEMENT(#7080,#7081);
#7083=IFCREVOLVEDAREASOLID(#7079,#7067,#7082,6.283185307179586);
#7084=IFCCARTESIANPOINT((0.,0.));
#7085=IFCDIRECTION((1.,0.));
#7086=IFCAXIS2PLACEMENT2D(#7084,#7085);
#7087=IFCCIRCLEPROFILEDEF(.AREA.,$,#7086,0.012);
#7088=IFCCARTESIANPOINT((-24.5545005252969,26.43597784120941,7.8500000000000005));
#7089=IFCDIRECTION((0.,0.,1.));
#7090=IFCDIRECTION((0.,1.,0.));
#7091=IFCAXIS2PLACEMENT3D(#7088,#7089,#7090);
#7092=IFCDIRECTION((0.,0.,1.));
#7093=IFCEXTRUDEDAREASOLID(#7087,#7091,#7092,0.1299999999999999);
#7094=IFCCARTESIANPOINT((0.,0.));
#7095=IFCDIRECTION((1.,0.));
#7096=IFCAXIS2PLACEMENT2D(#7094,#7095);
#7097=IFCCIRCLEPROFILEDEF(.AREA.,$,#7096,0.012);
#7098=IFCCARTESIANPOINT((-24.736637257458135,26.518598727174318,7.69));
#7099=IFCDIRECTION((-0.22087323088400687,0.10019254109278006,0.9701425001453301));
#7100=IFCDIRECTION((0.,0.9947093081047277,-0.10272970539144922));
#7101=IFCAXIS2PLACEMENT3D(#7098,#7099,#7100);
#7102=IFCDIRECTION((0.,0.,1.));
#7103=IFCEXTRUDEDAREASOLID(#7097,#7101,#7102,0.2061552812808836);
#7104=IFCCARTESIANPOINT((0.,0.));
#7105=IFCDIRECTION((1.,0.));
#7106=IFCAXIS2PLACEMENT2D(#7104,#7105);
#7107=IFCCIRCLEPROFILEDEF(.AREA.,$,#7106,0.012);
#7108=IFCCARTESIANPOINT((-24.741712432444697,26.36560951152847,7.69));
#7109=IFCDIRECTION((-0.227027784571659,-0.08533413410965486,0.9701425001453343));
#7110=IFCDIRECTION((-0.,0.9961537873257981,0.08762209764933065));
#7111=IFCAXIS2PLACEMENT3D(#7108,#7109,#7110);
#7112=IFCDIRECTION((0.,0.,1.));
#7113=IFCEXTRUDEDAREASOLID(#7107,#7111,#7112,0.2061552812808827);
#7114=IFCCARTESIANPOINT((0.,0.));
#7115=IFCDIRECTION((1.,0.));
#7116=IFCAXIS2PLACEMENT2D(#7114,#7115);
#7117=IFCCIRCLEPROFILEDEF(.AREA.,$,#7116,0.012);
#7118=IFCCARTESIANPOINT((-24.63712141126181,26.253841109048174,7.69));
#7119=IFCDIRECTION((-0.10019254109276299,-0.22087323088400726,0.9701425001453318));
#7120=IFCDIRECTION((-0.,0.9750488806080474,0.22199027101428073));
#7121=IFCAXIS2PLACEMENT3D(#7118,#7119,#7120);
#7122=IFCDIRECTION((0.,0.,1.));
#7123=IFCEXTRUDEDAREASOLID(#7117,#7121,#7122,0.20615528128088323);
#7124=IFCCARTESIANPOINT((0.,0.));
#7125=IFCDIRECTION((1.,0.));
#7126=IFCAXIS2PLACEMENT2D(#7124,#7125);
#7127=IFCCIRCLEPROFILEDEF(.AREA.,$,#7126,0.012);
#7128=IFCCARTESIANPOINT((-24.48413219561596,26.248765934061616,7.69));
#7129=IFCDIRECTION((0.08533413410965451,-0.22702778457167533,0.9701425001453303));
#7130=IFCDIRECTION((-0.,0.9736941564444487,0.22785892500828964));
#7131=IFCAXIS2PLACEMENT3D(#7128,#7129,#7130);
#7132=IFCDIRECTION((0.,0.,1.));
#7133=IFCEXTRUDEDAREASOLID(#7127,#7131,#7132,0.20615528128088353);
#7134=IFCCARTESIANPOINT((0.,0.));
#7135=IFCDIRECTION((1.,0.));
#7136=IFCAXIS2PLACEMENT2D(#7134,#7135);
#7137=IFCCIRCLEPROFILEDEF(.AREA.,$,#7136,0.012);
#7138=IFCCARTESIANPOINT((-24.372363793135666,26.353356955244504,7.69));
#7139=IFCDIRECTION((0.22087323088400648,-0.10019254109279711,0.9701425001453284));
#7140=IFCDIRECTION((-0.,0.9947093081047259,0.1027297053914667));
#7141=IFCAXIS2PLACEMENT3D(#7138,#7139,#7140);
#7142=IFCDIRECTION((0.,0.,1.));
#7143=IFCEXTRUDEDAREASOLID(#7137,#7141,#7142,0.20615528128088395);
#7144=IFCCARTESIANPOINT((0.,0.));
#7145=IFCDIRECTION((1.,0.));
#7146=IFCAXIS2PLACEMENT2D(#7144,#7145);
#7147=IFCCIRCLEPROFILEDEF(.AREA.,$,#7146,0.012);
#7148=IFCCARTESIANPOINT((-24.367288618149104,26.50634617089035,7.69));
#7149=IFCDIRECTION((0.22702778457167533,0.08533413410965451,0.9701425001453303));
#7150=IFCDIRECTION((0.,0.996153787325798,-0.08762209764933064));
#7151=IFCAXIS2PLACEMENT3D(#7148,#7149,#7150);
#7152=IFCDIRECTION((0.,0.,1.));
#7153=IFCEXTRUDEDAREASOLID(#7147,#7151,#7152,0.20615528128088353);
#7154=IFCCARTESIANPOINT((0.,0.));
#7155=IFCDIRECTION((1.,0.));
#7156=IFCAXIS2PLACEMENT2D(#7154,#7155);
#7157=IFCCIRCLEPROFILEDEF(.AREA.,$,#7156,0.012);
#7158=IFCCARTESIANPOINT((-24.47187963933199,26.618114573370644,7.69));
#7159=IFCDIRECTION((0.10019254109278006,0.22087323088400687,0.9701425001453301));
#7160=IFCDIRECTION((0.,0.9750488806080473,-0.2219902710142807));
#7161=IFCAXIS2PLACEMENT3D(#7158,#7159,#7160);
#7162=IFCDIRECTION((0.,0.,1.));
#7163=IFCEXTRUDEDAREASOLID(#7157,#7161,#7162,0.2061552812808836);
#7164=IFCCARTESIANPOINT((0.,0.));
#7165=IFCDIRECTION((1.,0.));
#7166=IFCAXIS2PLACEMENT2D(#7164,#7165);
#7167=IFCCIRCLEPROFILEDEF(.AREA.,$,#7166,0.012);
#7168=IFCCARTESIANPOINT((-24.62486885497784,26.623189748357206,7.69));
#7169=IFCDIRECTION((-0.08533413410965486,0.227027784571659,0.9701425001453343));
#7170=IFCDIRECTION((0.,0.9736941564444526,-0.22785892500827323));
#7171=IFCAXIS2PLACEMENT3D(#7168,#7169,#7170);
#7172=IFCDIRECTION((0.,0.,1.));
#7173=IFCEXTRUDEDAREASOLID(#7167,#7171,#7172,0.2061552812808827);
#7174=IFCSTYLEDITEM(#7063,(#38),$);
#7175=IFCSTYLEDITEM(#7083,(#38),$);
#7176=IFCSTYLEDITEM(#7093,(#38),$);
#7177=IFCSTYLEDITEM(#7103,(#38),$);
#7178=IFCSTYLEDITEM(#7113,(#38),$);
#7179=IFCSTYLEDITEM(#7123,(#38),$);
#7180=IFCSTYLEDITEM(#7133,(#38),$);
#7181=IFCSTYLEDITEM(#7143,(#38),$);
#7182=IFCSTYLEDITEM(#7153,(#38),$);
#7183=IFCSTYLEDITEM(#7163,(#38),$);
#7184=IFCSTYLEDITEM(#7173,(#38),$);
#7185=IFCSHAPEREPRESENTATION(#16,'Body','SweptSolid',(#7063,#7083,#7093,#7103,#7113,#7123,#7133,#7143,#7153,#7163,#7173));
#7186=IFCPRODUCTDEFINITIONSHAPE($,$,(#7185));
#7187=IFCLOCALPLACEMENT(#23,#13);
#7188=IFCMEMBER('2Y_wklClX2iOZZieSYpQeh',#5,'Corona 2 \X2\00B7\X0\ Crown',$,'Cast crown with eight points and finial over the post',#7187,#7186,'PFAL-MEM-014',.USERDEFINED.);
#7189=IFCRELASSOCIATESMATERIAL('3DH_1tN0j3MgoBXXf6DlH0',#5,$,$,(#7188),#39);
#7190=IFCPROPERTYSINGLEVALUE('Reference',$,IFCLABEL('Cast crown with eight points and finial over the post'),$);
#7191=IFCPROPERTYSINGLEVALUE('IsExternal',$,IFCBOOLEAN(.T.),$);
#7192=IFCPROPERTYSINGLEVALUE('Status',$,IFCLABEL('EXISTING'),$);
#7193=IFCPROPERTYSET('14gFK05nnALQVEJJI_lsvi',#5,'Pset_MemberCommon',$,(#7190,#7191,#7192));
#7194=IFCRELDEFINESBYPROPERTIES('2_cju56K9FZv5ZHN0fftne',#5,$,$,(#7188),#7193);
#7195=IFCPROPERTYSINGLEVALUE('Material',$,IFCLABEL('Wrought and cast iron, painted dark brown-black'),$);
#7196=IFCPROPERTYSINGLEVALUE('Category',$,IFCLABEL('Iron'),$);
#7197=IFCPROPERTYSINGLEVALUE('Description',$,IFCLABEL('Forged scrollwork and cast parts, the near-black brown of the Passeig''s 1906 ironwork'),$);
#7198=IFCPROPERTYSINGLEVALUE('MassDensity_kg_m3',$,IFCREAL(7600.),$);
#7199=IFCPROPERTYSET('3JqoqFtAfD1uksLTJfhvXQ',#5,'Pset_CDE_Material',$,(#7195,#7196,#7197,#7198));
#7200=IFCRELDEFINESBYPROPERTIES('1vF14Rn9D5Kfsr_gdxUyiC',#5,$,$,(#7188),#7199);
#7201=IFCPROPERTYSINGLEVALUE('GeometrySource',$,IFCLABEL('Ornament simplified to rings, discs and bars; layout after photographs'),$);
#7202=IFCPROPERTYSINGLEVALUE('Confidence',$,IFCLABEL('Low'),$);
#7203=IFCPROPERTYSINGLEVALUE('Reference',$,IFCLABEL('Commons \X2\00AB\X0\Banc-fanal del passeig de Gr\X2\00E0\X0\cia.jpg\X2\00BB\X0\, \X2\00AB\X0\109 Banc fanal del passeig de Gr\X2\00E0\X0\cia (Barcelona).jpg\X2\00BB\X0\'),$);
#7204=IFCPROPERTYSET('1X2Vvi1DL61OSsBjOKQtzC',#5,'Pset_CDE_Provenance',$,(#7201,#7202,#7203));
#7205=IFCRELDEFINESBYPROPERTIES('1Q0_NqwMrCvxVIb5I$vYGI',#5,$,$,(#7188),#7204);
#7206=IFCPROPERTYSINGLEVALUE('Height_mm',$,IFCINTEGER(600),$);
#7207=IFCPROPERTYSET('3eRzFuyPLBjRVGOEd2Cpb3',#5,'Pset_CDE_Specification',$,(#7206));
#7208=IFCRELDEFINESBYPROPERTIES('3KZIr6FZL9HANL7N0kA0HG',#5,$,$,(#7188),#7207);
#7209=IFCPROPERTYSINGLEVALUE('DataStatus',$,IFCLABEL('Illustrative demo values \X2\2014\X0\ not the owner''s as-built register'),$);
#7210=IFCPROPERTYSINGLEVALUE('AssetOwner',$,IFCLABEL('Ajuntament de Barcelona \X2\2014\X0\ public lighting (demo)'),$);
#7211=IFCPROPERTYSINGLEVALUE('Manufacturer',$,IFCLABEL('Original ironwork, 1906 (workshop not recorded here)'),$);
#7212=IFCPROPERTYSINGLEVALUE('Model',$,IFCLABEL('Banc-fanal, municipal model by Pere Falqu\X2\00E9\X0\s i Urp\X2\00ED\X0\ (1906)'),$);
#7213=IFCPROPERTYSINGLEVALUE('SerialNumber',$,IFCLABEL('BCN-ENL-PGR-022'),$);
#7214=IFCPROPERTYSINGLEVALUE('LifecycleStatus',$,IFCLABEL('In service'),$);
#7215=IFCPROPERTYSINGLEVALUE('InstallationYear',$,IFCINTEGER(2019),$);
#7216=IFCPROPERTYSINGLEVALUE('LastInspection',$,IFCLABEL('2026-06-17'),$);
#7217=IFCPROPERTYSINGLEVALUE('InspectionInterval_months',$,IFCINTEGER(12),$);
#7218=IFCPROPERTYSINGLEVALUE('NextInspection',$,IFCLABEL('2027-06-17'),$);
#7219=IFCPROPERTYSINGLEVALUE('ConditionIndex_1to5',$,IFCINTEGER(4),$);
#7220=IFCPROPERTYSINGLEVALUE('WarrantyEnd',$,IFCLABEL('2024-12-31 (expired)'),$);
#7221=IFCPROPERTYSINGLEVALUE('MaintenanceContractor',$,IFCLABEL('Demo contractor \X2\2014\X0\ public lighting'),$);
#7222=IFCPROPERTYSINGLEVALUE('MaintenanceStrategy',$,IFCLABEL('Condition-based'),$);
#7223=IFCPROPERTYSET('3gS8_iJDzE2g_NpURU0Hee',#5,'Pset_CDE_AssetManagement (demo)',$,(#7209,#7210,#7211,#7212,#7213,#7214,#7215,#7216,#7217,#7218,#7219,#7220,#7221,#7222));
#7224=IFCRELDEFINESBYPROPERTIES('3elnWBwLf95QpZ8$_jkqYg',#5,$,$,(#7188),#7223);
#7225=IFCCARTESIANPOINT((0.,0.));
#7226=IFCDIRECTION((1.,0.));
#7227=IFCAXIS2PLACEMENT2D(#7225,#7226);
#7228=IFCCIRCLEPROFILEDEF(.AREA.,$,#7227,0.008);
#7229=IFCCARTESIANPOINT((-22.36802444951834,24.099458556023006,6.33));
#7230=IFCDIRECTION((0.,0.,1.));
#7231=IFCDIRECTION((0.,1.,0.));
#7232=IFCAXIS2PLACEMENT3D(#7229,#7230,#7231);
#7233=IFCDIRECTION((0.,0.,1.));
#7234=IFCEXTRUDEDAREASOLID(#7228,#7232,#7233,0.20000000000000018);
#7235=IFCCARTESIANPOINT((-22.36802444951834,24.099458556023006,5.78));
#7236=IFCDIRECTION((0.,-1.,0.));
#7237=IFCDIRECTION((1.,0.,0.));
#7238=IFCAXIS2PLACEMENT3D(#7235,#7236,#7237);
#7239=IFCCARTESIANPOINT((0.,0.));
#7240=IFCCARTESIANPOINT((0.17,0.));
#7241=IFCCARTESIANPOINT((0.17,0.025));
#7242=IFCCARTESIANPOINT((0.07,0.06));
#7243=IFCCARTESIANPOINT((0.065,0.12));
#7244=IFCCARTESIANPOINT((0.08,0.14));
#7245=IFCCARTESIANPOINT((0.065,0.16));
#7246=IFCCARTESIANPOINT((0.065,0.42));
#7247=IFCCARTESIANPOINT((0.08,0.44));
#7248=IFCCARTESIANPOINT((0.04,0.55));
#7249=IFCCARTESIANPOINT((0.,0.55));
#7250=IFCCARTESIANPOINT((0.,0.));
#7251=IFCPOLYLINE((#7239,#7240,#7241,#7242,#7243,#7244,#7245,#7246,#7247,#7248,#7249,#7250));
#7252=IFCARBITRARYCLOSEDPROFILEDEF(.AREA.,$,#7251);
#7253=IFCCARTESIANPOINT((0.,0.,0.));
#7254=IFCDIRECTION((0.,1.,0.));
#7255=IFCAXIS1PLACEMENT(#7253,#7254);
#7256=IFCREVOLVEDAREASOLID(#7252,#7238,#7255,6.283185307179586);
#7257=IFCSTYLEDITEM(#7234,(#38),$);
#7258=IFCSTYLEDITEM(#7256,(#38),$);
#7259=IFCSHAPEREPRESENTATION(#16,'Body','SweptSolid',(#7234,#7256));
#7260=IFCPRODUCTDEFINITIONSHAPE($,$,(#7259));
#7261=IFCLOCALPLACEMENT(#23,#13);
#7262=IFCMEMBER('0E_WloWnv72PvRTpw01uxt',#5,'Cos de la lanterna 2.1 \X2\00B7\X0\ Lantern body (upper, long arm)',$,'Cylindrical cast lantern body with ribs and a flat shade',#7261,#7260,'PFAL-MEM-015',.USERDEFINED.);
#7263=IFCRELASSOCIATESMATERIAL('0bWEwhZLvFvx5enA_mcLsE',#5,$,$,(#7262),#39);
#7264=IFCPROPERTYSINGLEVALUE('Reference',$,IFCLABEL('Cylindrical cast lantern body with ribs and a flat shade'),$);
#7265=IFCPROPERTYSINGLEVALUE('IsExternal',$,IFCBOOLEAN(.T.),$);
#7266=IFCPROPERTYSINGLEVALUE('Status',$,IFCLABEL('EXISTING'),$);
#7267=IFCPROPERTYSET('0CGYimHxP4LOFsEew2uVf8',#5,'Pset_MemberCommon',$,(#7264,#7265,#7266));
#7268=IFCRELDEFINESBYPROPERTIES('0o4hu2jPXEKfwAf2l2Sqq_',#5,$,$,(#7262),#7267);
#7269=IFCPROPERTYSINGLEVALUE('Material',$,IFCLABEL('Wrought and cast iron, painted dark brown-black'),$);
#7270=IFCPROPERTYSINGLEVALUE('Category',$,IFCLABEL('Iron'),$);
#7271=IFCPROPERTYSINGLEVALUE('Description',$,IFCLABEL('Forged scrollwork and cast parts, the near-black brown of the Passeig''s 1906 ironwork'),$);
#7272=IFCPROPERTYSINGLEVALUE('MassDensity_kg_m3',$,IFCREAL(7600.),$);
#7273=IFCPROPERTYSET('2PwR1tDcf5v91ojq0NGaUm',#5,'Pset_CDE_Material',$,(#7269,#7270,#7271,#7272));
#7274=IFCRELDEFINESBYPROPERTIES('0ZXrOt9mrCIRDGgBgRzx6T',#5,$,$,(#7262),#7273);
#7275=IFCPROPERTYSINGLEVALUE('GeometrySource',$,IFCLABEL('Form from Wikimedia Commons photographs; dimensions estimated; position in a gap of the OSM island tree row'),$);
#7276=IFCPROPERTYSINGLEVALUE('Confidence',$,IFCLABEL('Medium'),$);
#7277=IFCPROPERTYSINGLEVALUE('Reference',$,IFCLABEL('Commons Category:Fanals-bancs (\X2\00AB\X0\Banc-fanal del passeig de Gr\X2\00E0\X0\cia.jpg\X2\00BB\X0\, \X2\00AB\X0\109 Banc fanal\X2\202600BB\X0\, \X2\00AB\X0\035 Banc de trencad\X2\00ED\X0\s\X2\202600BB\X0\); OSM tree nodes 12633020995/96 and 12633020992/93 (ODbL)'),$);
#7278=IFCPROPERTYSET('0q04$QdFf3hgEbpEkGIyEK',#5,'Pset_CDE_Provenance',$,(#7275,#7276,#7277));
#7279=IFCRELDEFINESBYPROPERTIES('3CKJWyWYv4kxA8qOpvK2nd',#5,$,$,(#7262),#7278);
#7280=IFCPROPERTYSINGLEVALUE('Height_mm',$,IFCINTEGER(550),$);
#7281=IFCPROPERTYSINGLEVALUE('ShadeDiameter_mm',$,IFCINTEGER(340),$);
#7282=IFCPROPERTYSET('1SgUhAtaf9VAQvdvWf1$4L',#5,'Pset_CDE_Specification',$,(#7280,#7281));
#7283=IFCRELDEFINESBYPROPERTIES('2cdADm68rD0RauFVdPHwz3',#5,$,$,(#7262),#7282);
#7284=IFCPROPERTYSINGLEVALUE('DataStatus',$,IFCLABEL('Illustrative demo values \X2\2014\X0\ not the owner''s as-built register'),$);
#7285=IFCPROPERTYSINGLEVALUE('AssetOwner',$,IFCLABEL('Ajuntament de Barcelona \X2\2014\X0\ public lighting (demo)'),$);
#7286=IFCPROPERTYSINGLEVALUE('Manufacturer',$,IFCLABEL('Demo heritage-lantern maker'),$);
#7287=IFCPROPERTYSINGLEVALUE('Model',$,IFCLABEL('Falqu\X2\00E9\X0\s lantern, replica'),$);
#7288=IFCPROPERTYSINGLEVALUE('SerialNumber',$,IFCLABEL('BCN-ENL-PGR-023'),$);
#7289=IFCPROPERTYSINGLEVALUE('LifecycleStatus',$,IFCLABEL('In service'),$);
#7290=IFCPROPERTYSINGLEVALUE('InstallationYear',$,IFCINTEGER(2019),$);
#7291=IFCPROPERTYSINGLEVALUE('LastInspection',$,IFCLABEL('2026-06-17'),$);
#7292=IFCPROPERTYSINGLEVALUE('InspectionInterval_months',$,IFCINTEGER(12),$);
#7293=IFCPROPERTYSINGLEVALUE('NextInspection',$,IFCLABEL('2027-06-17'),$);
#7294=IFCPROPERTYSINGLEVALUE('ConditionIndex_1to5',$,IFCINTEGER(4),$);
#7295=IFCPROPERTYSINGLEVALUE('WarrantyEnd',$,IFCLABEL('2024-12-31 (expired)'),$);
#7296=IFCPROPERTYSINGLEVALUE('MaintenanceContractor',$,IFCLABEL('Demo contractor \X2\2014\X0\ public lighting'),$);
#7297=IFCPROPERTYSINGLEVALUE('MaintenanceStrategy',$,IFCLABEL('Condition-based'),$);
#7298=IFCPROPERTYSET('002jxRbIj5XPazdBzh0rHt',#5,'Pset_CDE_AssetManagement (demo)',$,(#7284,#7285,#7286,#7287,#7288,#7289,#7290,#7291,#7292,#7293,#7294,#7295,#7296,#7297));
#7299=IFCRELDEFINESBYPROPERTIES('3VuTP8TU96qhIBFOitdVIy',#5,$,$,(#7262),#7298);
#7300=IFCCARTESIANPOINT((-22.36802444951834,24.099458556023006,5.67));
#7301=IFCDIRECTION((0.,-1.,0.));
#7302=IFCDIRECTION((1.,0.,0.));
#7303=IFCAXIS2PLACEMENT3D(#7300,#7301,#7302);
#7304=IFCCARTESIANPOINT((0.,-0.12));
#7305=IFCCARTESIANPOINT((0.037082039324993696,-0.11412678195541842));
#7306=IFCCARTESIANPOINT((0.07053423027509677,-0.0970820393249937));
#7307=IFCCARTESIANPOINT((0.0970820393249937,-0.07053423027509677));
#7308=IFCCARTESIANPOINT((0.11412678195541842,-0.03708203932499369));
#7309=IFCCARTESIANPOINT((0.12,0.));
#7310=IFCCARTESIANPOINT((0.11412678195541842,0.03708203932499369));
#7311=IFCCARTESIANPOINT((0.0970820393249937,0.07053423027509677));
#7312=IFCCARTESIANPOINT((0.07053423027509677,0.0970820393249937));
#7313=IFCCARTESIANPOINT((0.037082039324993696,0.11412678195541842));
#7314=IFCCARTESIANPOINT((0.,0.12));
#7315=IFCCARTESIANPOINT((0.,-0.12));
#7316=IFCPOLYLINE((#7304,#7305,#7306,#7307,#7308,#7309,#7310,#7311,#7312,#7313,#7314,#7315));
#7317=IFCARBITRARYCLOSEDPROFILEDEF(.AREA.,$,#7316);
#7318=IFCCARTESIANPOINT((0.,0.,0.));
#7319=IFCDIRECTION((0.,1.,0.));
#7320=IFCAXIS1PLACEMENT(#7318,#7319);
#7321=IFCREVOLVEDAREASOLID(#7317,#7303,#7320,6.283185307179586);
#7322=IFCSTYLEDITEM(#7321,(#56),$);
#7323=IFCSHAPEREPRESENTATION(#16,'Body','SweptSolid',(#7321));
#7324=IFCPRODUCTDEFINITIONSHAPE($,$,(#7323));
#7325=IFCLOCALPLACEMENT(#23,#13);
#7326=IFCLIGHTFIXTURE('1lUrJPllXDqfKR3iTpy4at',#5,'Globus 2.1 \X2\00B7\X0\ Glass globe (upper, long arm)',$,'Opal glass globe \X2\00D8\X0\240 under the shade',#7325,#7324,'PFAL-LGT-003',.POINTSOURCE.);
#7327=IFCRELASSOCIATESMATERIAL('3R76IO7en5cRFB0s393Lv3',#5,$,$,(#7326),#57);
#7328=IFCPROPERTYSINGLEVALUE('Reference',$,IFCLABEL('Opal glass globe \X2\00D8\X0\240 under the shade'),$);
#7329=IFCPROPERTYSINGLEVALUE('Status',$,IFCLABEL('EXISTING'),$);
#7330=IFCPROPERTYSET('0DqElIJR57_BaGlL0ckvJr',#5,'Pset_LightFixtureTypeCommon',$,(#7328,#7329));
#7331=IFCRELDEFINESBYPROPERTIES('2LdGrI1Ab9tBupXVFyjIzS',#5,$,$,(#7326),#7330);
#7332=IFCPROPERTYSINGLEVALUE('Material',$,IFCLABEL('Opal glass globe'),$);
#7333=IFCPROPERTYSINGLEVALUE('Category',$,IFCLABEL('Glass'),$);
#7334=IFCPROPERTYSINGLEVALUE('MassDensity_kg_m3',$,IFCREAL(2500.),$);
#7335=IFCPROPERTYSET('1SrCd1$fH57xhgmtAQFyJG',#5,'Pset_CDE_Material',$,(#7332,#7333,#7334));
#7336=IFCRELDEFINESBYPROPERTIES('24ilIHMun4tx5fTnDtujy7',#5,$,$,(#7326),#7335);
#7337=IFCPROPERTYSINGLEVALUE('GeometrySource',$,IFCLABEL('Form from Wikimedia Commons photographs; dimensions estimated; position in a gap of the OSM island tree row'),$);
#7338=IFCPROPERTYSINGLEVALUE('Confidence',$,IFCLABEL('Medium'),$);
#7339=IFCPROPERTYSINGLEVALUE('Reference',$,IFCLABEL('Commons Category:Fanals-bancs (\X2\00AB\X0\Banc-fanal del passeig de Gr\X2\00E0\X0\cia.jpg\X2\00BB\X0\, \X2\00AB\X0\109 Banc fanal\X2\202600BB\X0\, \X2\00AB\X0\035 Banc de trencad\X2\00ED\X0\s\X2\202600BB\X0\); OSM tree nodes 12633020995/96 and 12633020992/93 (ODbL)'),$);
#7340=IFCPROPERTYSET('24gnTnJTT2iuJUZG2XIepU',#5,'Pset_CDE_Provenance',$,(#7337,#7338,#7339));
#7341=IFCRELDEFINESBYPROPERTIES('1M_wGYG1PBTxpjbSl9hKr1',#5,$,$,(#7326),#7340);
#7342=IFCPROPERTYSINGLEVALUE('IngressProtection',$,IFCLABEL('IP54'),$);
#7343=IFCPROPERTYSINGLEVALUE('Glazing',$,IFCLABEL('Opal blown glass, net-pattern relief'),$);
#7344=IFCPROPERTYSET('0K470cUc951xByWtizqtjv',#5,'Pset_CDE_Specification',$,(#7342,#7343));
#7345=IFCRELDEFINESBYPROPERTIES('2kyOIgQWH6Qx0ZRh3RQ3ny',#5,$,$,(#7326),#7344);
#7346=IFCPROPERTYSINGLEVALUE('DataStatus',$,IFCLABEL('Illustrative demo values \X2\2014\X0\ not the owner''s as-built register'),$);
#7347=IFCPROPERTYSINGLEVALUE('AssetOwner',$,IFCLABEL('Ajuntament de Barcelona \X2\2014\X0\ public lighting (demo)'),$);
#7348=IFCPROPERTYSINGLEVALUE('Manufacturer',$,IFCLABEL('Demo glassworks'),$);
#7349=IFCPROPERTYSINGLEVALUE('Model',$,IFCLABEL('Opal globe \X2\00D8\X0\240'),$);
#7350=IFCPROPERTYSINGLEVALUE('SerialNumber',$,IFCLABEL('BCN-ENL-PGR-024'),$);
#7351=IFCPROPERTYSINGLEVALUE('LifecycleStatus',$,IFCLABEL('In service'),$);
#7352=IFCPROPERTYSINGLEVALUE('InstallationYear',$,IFCINTEGER(2019),$);
#7353=IFCPROPERTYSINGLEVALUE('LastInspection',$,IFCLABEL('2026-06-17'),$);
#7354=IFCPROPERTYSINGLEVALUE('InspectionInterval_months',$,IFCINTEGER(12),$);
#7355=IFCPROPERTYSINGLEVALUE('NextInspection',$,IFCLABEL('2027-06-17'),$);
#7356=IFCPROPERTYSINGLEVALUE('ConditionIndex_1to5',$,IFCINTEGER(4),$);
#7357=IFCPROPERTYSINGLEVALUE('WarrantyEnd',$,IFCLABEL('2024-12-31 (expired)'),$);
#7358=IFCPROPERTYSINGLEVALUE('MaintenanceContractor',$,IFCLABEL('Demo contractor \X2\2014\X0\ public lighting'),$);
#7359=IFCPROPERTYSINGLEVALUE('MaintenanceStrategy',$,IFCLABEL('Condition-based'),$);
#7360=IFCPROPERTYSET('3HtdjNDXHC6PGCn1Gw$s1A',#5,'Pset_CDE_AssetManagement (demo)',$,(#7346,#7347,#7348,#7349,#7350,#7351,#7352,#7353,#7354,#7355,#7356,#7357,#7358,#7359));
#7361=IFCRELDEFINESBYPROPERTIES('3sQtSREIv1aBW83$QT3KpZ',#5,$,$,(#7326),#7360);
#7362=IFCCARTESIANPOINT((-22.36802444951834,24.099458556023006,5.680000000000001));
#7363=IFCDIRECTION((0.,-1.,0.));
#7364=IFCDIRECTION((1.,0.,0.));
#7365=IFCAXIS2PLACEMENT3D(#7362,#7363,#7364);
#7366=IFCCARTESIANPOINT((0.,-0.045));
#7367=IFCCARTESIANPOINT((0.01722075445642904,-0.041574578963007904));
#7368=IFCCARTESIANPOINT((0.03181980515339464,-0.03181980515339464));
#7369=IFCCARTESIANPOINT((0.041574578963007904,-0.017220754456429038));
#7370=IFCCARTESIANPOINT((0.045,0.));
#7371=IFCCARTESIANPOINT((0.041574578963007904,0.017220754456429038));
#7372=IFCCARTESIANPOINT((0.03181980515339464,0.03181980515339464));
#7373=IFCCARTESIANPOINT((0.01722075445642904,0.041574578963007904));
#7374=IFCCARTESIANPOINT((0.,0.045));
#7375=IFCCARTESIANPOINT((0.,-0.045));
#7376=IFCPOLYLINE((#7366,#7367,#7368,#7369,#7370,#7371,#7372,#7373,#7374,#7375));
#7377=IFCARBITRARYCLOSEDPROFILEDEF(.AREA.,$,#7376);
#7378=IFCCARTESIANPOINT((0.,0.,0.));
#7379=IFCDIRECTION((0.,1.,0.));
#7380=IFCAXIS1PLACEMENT(#7378,#7379);
#7381=IFCREVOLVEDAREASOLID(#7377,#7365,#7380,6.283185307179586);
#7382=IFCSTYLEDITEM(#7381,(#65),$);
#7383=IFCSHAPEREPRESENTATION(#16,'Body','SweptSolid',(#7381));
#7384=IFCPRODUCTDEFINITIONSHAPE($,$,(#7383));
#7385=IFCLOCALPLACEMENT(#23,#13);
#7386=IFCLAMP('2xHLYY2Yn9pR9qSujP1uUe',#5,'L\X2\00E0\X0\mpada LED 2.1 \X2\00B7\X0\ LED lamp (upper, long arm)',$,'LED retrofit lamp 30 W, 3000 K',#7385,#7384,'PFAL-ELM-012',.LED.);
#7387=IFCRELASSOCIATESMATERIAL('3mi8fQCGP9JP3NZa$bTS9B',#5,$,$,(#7386),#66);
#7388=IFCPROPERTYSINGLEVALUE('Material',$,IFCLABEL('LED lamp, warm white diffuser'),$);
#7389=IFCPROPERTYSINGLEVALUE('Category',$,IFCLABEL('Plastic'),$);
#7390=IFCPROPERTYSINGLEVALUE('MassDensity_kg_m3',$,IFCREAL(1200.),$);
#7391=IFCPROPERTYSET('1xW1VYr_zD2PKau1ecnndH',#5,'Pset_CDE_Material',$,(#7388,#7389,#7390));
#7392=IFCRELDEFINESBYPROPERTIES('2i_FTWiVn1cvIrgEKZ7d6W',#5,$,$,(#7386),#7391);
#7393=IFCPROPERTYSINGLEVALUE('GeometrySource',$,IFCLABEL('Typical dimensions and detailing for Barcelona street lighting; not visible in any open source'),$);
#7394=IFCPROPERTYSINGLEVALUE('Confidence',$,IFCLABEL('Low'),$);
#7395=IFCPROPERTYSET('0UfPQ2E0v2bhGU2av1qc45',#5,'Pset_CDE_Provenance',$,(#7393,#7394));
#7396=IFCRELDEFINESBYPROPERTIES('1oMpPojKPAM8Btt8dNZBUt',#5,$,$,(#7386),#7395);
#7397=IFCPROPERTYSINGLEVALUE('Power_W',$,IFCINTEGER(30),$);
#7398=IFCPROPERTYSINGLEVALUE('ColourTemperature_K',$,IFCINTEGER(3000),$);
#7399=IFCPROPERTYSINGLEVALUE('LuminousFlux_lm',$,IFCINTEGER(3300),$);
#7400=IFCPROPERTYSINGLEVALUE('Driver',$,IFCLABEL('DALI, dimmed 50 % after 00:00'),$);
#7401=IFCPROPERTYSET('2rZTKvlKjBwA0kJkW0AYJF',#5,'Pset_CDE_Specification',$,(#7397,#7398,#7399,#7400));
#7402=IFCRELDEFINESBYPROPERTIES('0AZfx3IIT5beBT6ANGg8Q7',#5,$,$,(#7386),#7401);
#7403=IFCPROPERTYSINGLEVALUE('DataStatus',$,IFCLABEL('Illustrative demo values \X2\2014\X0\ not the owner''s as-built register'),$);
#7404=IFCPROPERTYSINGLEVALUE('AssetOwner',$,IFCLABEL('Ajuntament de Barcelona \X2\2014\X0\ public lighting (demo)'),$);
#7405=IFCPROPERTYSINGLEVALUE('Manufacturer',$,IFCLABEL('Demo LED manufacturer'),$);
#7406=IFCPROPERTYSINGLEVALUE('Model',$,IFCLABEL('LED retrofit E27 30 W'),$);
#7407=IFCPROPERTYSINGLEVALUE('SerialNumber',$,IFCLABEL('BCN-ENL-PGR-025'),$);
#7408=IFCPROPERTYSINGLEVALUE('LifecycleStatus',$,IFCLABEL('In service'),$);
#7409=IFCPROPERTYSINGLEVALUE('InstallationYear',$,IFCINTEGER(2019),$);
#7410=IFCPROPERTYSINGLEVALUE('LastInspection',$,IFCLABEL('2026-06-17'),$);
#7411=IFCPROPERTYSINGLEVALUE('InspectionInterval_months',$,IFCINTEGER(12),$);
#7412=IFCPROPERTYSINGLEVALUE('NextInspection',$,IFCLABEL('2027-06-17'),$);
#7413=IFCPROPERTYSINGLEVALUE('ConditionIndex_1to5',$,IFCINTEGER(5),$);
#7414=IFCPROPERTYSINGLEVALUE('WarrantyEnd',$,IFCLABEL('2024-12-31 (expired)'),$);
#7415=IFCPROPERTYSINGLEVALUE('MaintenanceContractor',$,IFCLABEL('Demo contractor \X2\2014\X0\ public lighting'),$);
#7416=IFCPROPERTYSINGLEVALUE('MaintenanceStrategy',$,IFCLABEL('Condition-based'),$);
#7417=IFCPROPERTYSINGLEVALUE('BurningHours',$,IFCINTEGER(26411),$);
#7418=IFCPROPERTYSET('1AtZLjTU5Fse3WhEOgDYBi',#5,'Pset_CDE_AssetManagement (demo)',$,(#7403,#7404,#7405,#7406,#7407,#7408,#7409,#7410,#7411,#7412,#7413,#7414,#7415,#7416,#7417));
#7419=IFCRELDEFINESBYPROPERTIES('16ed9wgvXD3ensMGPggThq',#5,$,$,(#7386),#7418);
#7420=IFCCARTESIANPOINT((0.,0.));
#7421=IFCDIRECTION((1.,0.));
#7422=IFCAXIS2PLACEMENT2D(#7420,#7421);
#7423=IFCCIRCLEPROFILEDEF(.AREA.,$,#7422,0.008);
#7424=IFCCARTESIANPOINT((-25.080621331031114,26.99820279420739,4.98));
#7425=IFCDIRECTION((0.,0.,1.));
#7426=IFCDIRECTION((0.,1.,0.));
#7427=IFCAXIS2PLACEMENT3D(#7424,#7425,#7426);
#7428=IFCDIRECTION((0.,0.,1.));
#7429=IFCEXTRUDEDAREASOLID(#7423,#7427,#7428,0.20999999999999996);
#7430=IFCCARTESIANPOINT((-25.080621331031114,26.99820279420739,4.43));
#7431=IFCDIRECTION((0.,-1.,0.));
#7432=IFCDIRECTION((1.,0.,0.));
#7433=IFCAXIS2PLACEMENT3D(#7430,#7431,#7432);
#7434=IFCCARTESIANPOINT((0.,0.));
#7435=IFCCARTESIANPOINT((0.17,0.));
#7436=IFCCARTESIANPOINT((0.17,0.025));
#7437=IFCCARTESIANPOINT((0.07,0.06));
#7438=IFCCARTESIANPOINT((0.065,0.12));
#7439=IFCCARTESIANPOINT((0.08,0.14));
#7440=IFCCARTESIANPOINT((0.065,0.16));
#7441=IFCCARTESIANPOINT((0.065,0.42));
#7442=IFCCARTESIANPOINT((0.08,0.44));
#7443=IFCCARTESIANPOINT((0.04,0.55));
#7444=IFCCARTESIANPOINT((0.,0.55));
#7445=IFCCARTESIANPOINT((0.,0.));
#7446=IFCPOLYLINE((#7434,#7435,#7436,#7437,#7438,#7439,#7440,#7441,#7442,#7443,#7444,#7445));
#7447=IFCARBITRARYCLOSEDPROFILEDEF(.AREA.,$,#7446);
#7448=IFCCARTESIANPOINT((0.,0.,0.));
#7449=IFCDIRECTION((0.,1.,0.));
#7450=IFCAXIS1PLACEMENT(#7448,#7449);
#7451=IFCREVOLVEDAREASOLID(#7447,#7433,#7450,6.283185307179586);
#7452=IFCSTYLEDITEM(#7429,(#38),$);
#7453=IFCSTYLEDITEM(#7451,(#38),$);
#7454=IFCSHAPEREPRESENTATION(#16,'Body','SweptSolid',(#7429,#7451));
#7455=IFCPRODUCTDEFINITIONSHAPE($,$,(#7454));
#7456=IFCLOCALPLACEMENT(#23,#13);
#7457=IFCMEMBER('1Zbz3HaQn7HuCO$tJTPqn0',#5,'Cos de la lanterna 2.2 \X2\00B7\X0\ Lantern body (lower, short arm)',$,'Cylindrical cast lantern body with ribs and a flat shade',#7456,#7455,'PFAL-MEM-016',.USERDEFINED.);
#7458=IFCRELASSOCIATESMATERIAL('3HdY6jokf2yxGyPXQ0Stvb',#5,$,$,(#7457),#39);
#7459=IFCPROPERTYSINGLEVALUE('Reference',$,IFCLABEL('Cylindrical cast lantern body with ribs and a flat shade'),$);
#7460=IFCPROPERTYSINGLEVALUE('IsExternal',$,IFCBOOLEAN(.T.),$);
#7461=IFCPROPERTYSINGLEVALUE('Status',$,IFCLABEL('EXISTING'),$);
#7462=IFCPROPERTYSET('3A2XrqlknEjA2h0j6$neMn',#5,'Pset_MemberCommon',$,(#7459,#7460,#7461));
#7463=IFCRELDEFINESBYPROPERTIES('1h$TyeBqD8ghjTgBfMcoHv',#5,$,$,(#7457),#7462);
#7464=IFCPROPERTYSINGLEVALUE('Material',$,IFCLABEL('Wrought and cast iron, painted dark brown-black'),$);
#7465=IFCPROPERTYSINGLEVALUE('Category',$,IFCLABEL('Iron'),$);
#7466=IFCPROPERTYSINGLEVALUE('Description',$,IFCLABEL('Forged scrollwork and cast parts, the near-black brown of the Passeig''s 1906 ironwork'),$);
#7467=IFCPROPERTYSINGLEVALUE('MassDensity_kg_m3',$,IFCREAL(7600.),$);
#7468=IFCPROPERTYSET('1QIVntRYv7RRgVSOT4U0zZ',#5,'Pset_CDE_Material',$,(#7464,#7465,#7466,#7467));
#7469=IFCRELDEFINESBYPROPERTIES('2_qhbvnUf0QuFNPgnTRy5D',#5,$,$,(#7457),#7468);
#7470=IFCPROPERTYSINGLEVALUE('GeometrySource',$,IFCLABEL('Form from Wikimedia Commons photographs; dimensions estimated; position in a gap of the OSM island tree row'),$);
#7471=IFCPROPERTYSINGLEVALUE('Confidence',$,IFCLABEL('Medium'),$);
#7472=IFCPROPERTYSINGLEVALUE('Reference',$,IFCLABEL('Commons Category:Fanals-bancs (\X2\00AB\X0\Banc-fanal del passeig de Gr\X2\00E0\X0\cia.jpg\X2\00BB\X0\, \X2\00AB\X0\109 Banc fanal\X2\202600BB\X0\, \X2\00AB\X0\035 Banc de trencad\X2\00ED\X0\s\X2\202600BB\X0\); OSM tree nodes 12633020995/96 and 12633020992/93 (ODbL)'),$);
#7473=IFCPROPERTYSET('3Z0XCNbHL76wgfjpfXudWR',#5,'Pset_CDE_Provenance',$,(#7470,#7471,#7472));
#7474=IFCRELDEFINESBYPROPERTIES('2mQqJHqZ9DdR5fXphAvFbj',#5,$,$,(#7457),#7473);
#7475=IFCPROPERTYSINGLEVALUE('Height_mm',$,IFCINTEGER(550),$);
#7476=IFCPROPERTYSINGLEVALUE('ShadeDiameter_mm',$,IFCINTEGER(340),$);
#7477=IFCPROPERTYSET('1zoPfqbBr3_x8vyhG4ygMF',#5,'Pset_CDE_Specification',$,(#7475,#7476));
#7478=IFCRELDEFINESBYPROPERTIES('2JOAnuTiP769wRWzxZispS',#5,$,$,(#7457),#7477);
#7479=IFCPROPERTYSINGLEVALUE('DataStatus',$,IFCLABEL('Illustrative demo values \X2\2014\X0\ not the owner''s as-built register'),$);
#7480=IFCPROPERTYSINGLEVALUE('AssetOwner',$,IFCLABEL('Ajuntament de Barcelona \X2\2014\X0\ public lighting (demo)'),$);
#7481=IFCPROPERTYSINGLEVALUE('Manufacturer',$,IFCLABEL('Demo heritage-lantern maker'),$);
#7482=IFCPROPERTYSINGLEVALUE('Model',$,IFCLABEL('Falqu\X2\00E9\X0\s lantern, replica'),$);
#7483=IFCPROPERTYSINGLEVALUE('SerialNumber',$,IFCLABEL('BCN-ENL-PGR-026'),$);
#7484=IFCPROPERTYSINGLEVALUE('LifecycleStatus',$,IFCLABEL('In service'),$);
#7485=IFCPROPERTYSINGLEVALUE('InstallationYear',$,IFCINTEGER(2019),$);
#7486=IFCPROPERTYSINGLEVALUE('LastInspection',$,IFCLABEL('2026-06-17'),$);
#7487=IFCPROPERTYSINGLEVALUE('InspectionInterval_months',$,IFCINTEGER(12),$);
#7488=IFCPROPERTYSINGLEVALUE('NextInspection',$,IFCLABEL('2027-06-17'),$);
#7489=IFCPROPERTYSINGLEVALUE('ConditionIndex_1to5',$,IFCINTEGER(4),$);
#7490=IFCPROPERTYSINGLEVALUE('WarrantyEnd',$,IFCLABEL('2024-12-31 (expired)'),$);
#7491=IFCPROPERTYSINGLEVALUE('MaintenanceContractor',$,IFCLABEL('Demo contractor \X2\2014\X0\ public lighting'),$);
#7492=IFCPROPERTYSINGLEVALUE('MaintenanceStrategy',$,IFCLABEL('Condition-based'),$);
#7493=IFCPROPERTYSET('2_OUmTE2P1hgx_IFfd1YSR',#5,'Pset_CDE_AssetManagement (demo)',$,(#7479,#7480,#7481,#7482,#7483,#7484,#7485,#7486,#7487,#7488,#7489,#7490,#7491,#7492));
#7494=IFCRELDEFINESBYPROPERTIES('3rrHZ1xwHCnv0dBJdRoXDp',#5,$,$,(#7457),#7493);
#7495=IFCCARTESIANPOINT((-25.080621331031114,26.99820279420739,4.32));
#7496=IFCDIRECTION((0.,-1.,0.));
#7497=IFCDIRECTION((1.,0.,0.));
#7498=IFCAXIS2PLACEMENT3D(#7495,#7496,#7497);
#7499=IFCCARTESIANPOINT((0.,-0.12));
#7500=IFCCARTESIANPOINT((0.037082039324993696,-0.11412678195541842));
#7501=IFCCARTESIANPOINT((0.07053423027509677,-0.0970820393249937));
#7502=IFCCARTESIANPOINT((0.0970820393249937,-0.07053423027509677));
#7503=IFCCARTESIANPOINT((0.11412678195541842,-0.03708203932499369));
#7504=IFCCARTESIANPOINT((0.12,0.));
#7505=IFCCARTESIANPOINT((0.11412678195541842,0.03708203932499369));
#7506=IFCCARTESIANPOINT((0.0970820393249937,0.07053423027509677));
#7507=IFCCARTESIANPOINT((0.07053423027509677,0.0970820393249937));
#7508=IFCCARTESIANPOINT((0.037082039324993696,0.11412678195541842));
#7509=IFCCARTESIANPOINT((0.,0.12));
#7510=IFCCARTESIANPOINT((0.,-0.12));
#7511=IFCPOLYLINE((#7499,#7500,#7501,#7502,#7503,#7504,#7505,#7506,#7507,#7508,#7509,#7510));
#7512=IFCARBITRARYCLOSEDPROFILEDEF(.AREA.,$,#7511);
#7513=IFCCARTESIANPOINT((0.,0.,0.));
#7514=IFCDIRECTION((0.,1.,0.));
#7515=IFCAXIS1PLACEMENT(#7513,#7514);
#7516=IFCREVOLVEDAREASOLID(#7512,#7498,#7515,6.283185307179586);
#7517=IFCSTYLEDITEM(#7516,(#56),$);
#7518=IFCSHAPEREPRESENTATION(#16,'Body','SweptSolid',(#7516));
#7519=IFCPRODUCTDEFINITIONSHAPE($,$,(#7518));
#7520=IFCLOCALPLACEMENT(#23,#13);
#7521=IFCLIGHTFIXTURE('23Sdld6jb6WOEp7KdSMVa4',#5,'Globus 2.2 \X2\00B7\X0\ Glass globe (lower, short arm)',$,'Opal glass globe \X2\00D8\X0\240 under the shade',#7520,#7519,'PFAL-LGT-004',.POINTSOURCE.);
#7522=IFCRELASSOCIATESMATERIAL('2z5p_fxiL0VROgByiJVBi_',#5,$,$,(#7521),#57);
#7523=IFCPROPERTYSINGLEVALUE('Reference',$,IFCLABEL('Opal glass globe \X2\00D8\X0\240 under the shade'),$);
#7524=IFCPROPERTYSINGLEVALUE('Status',$,IFCLABEL('EXISTING'),$);
#7525=IFCPROPERTYSET('2aDX7xKt51qPyuuKkkGtPA',#5,'Pset_LightFixtureTypeCommon',$,(#7523,#7524));
#7526=IFCRELDEFINESBYPROPERTIES('1LYF81zFTFvBwKl4OnUIbE',#5,$,$,(#7521),#7525);
#7527=IFCPROPERTYSINGLEVALUE('Material',$,IFCLABEL('Opal glass globe'),$);
#7528=IFCPROPERTYSINGLEVALUE('Category',$,IFCLABEL('Glass'),$);
#7529=IFCPROPERTYSINGLEVALUE('MassDensity_kg_m3',$,IFCREAL(2500.),$);
#7530=IFCPROPERTYSET('1tSUqw2SL2sgp3Z_UYOAHi',#5,'Pset_CDE_Material',$,(#7527,#7528,#7529));
#7531=IFCRELDEFINESBYPROPERTIES('1uLgA9LlHF4goEr02yYKvT',#5,$,$,(#7521),#7530);
#7532=IFCPROPERTYSINGLEVALUE('GeometrySource',$,IFCLABEL('Form from Wikimedia Commons photographs; dimensions estimated; position in a gap of the OSM island tree row'),$);
#7533=IFCPROPERTYSINGLEVALUE('Confidence',$,IFCLABEL('Medium'),$);
#7534=IFCPROPERTYSINGLEVALUE('Reference',$,IFCLABEL('Commons Category:Fanals-bancs (\X2\00AB\X0\Banc-fanal del passeig de Gr\X2\00E0\X0\cia.jpg\X2\00BB\X0\, \X2\00AB\X0\109 Banc fanal\X2\202600BB\X0\, \X2\00AB\X0\035 Banc de trencad\X2\00ED\X0\s\X2\202600BB\X0\); OSM tree nodes 12633020995/96 and 12633020992/93 (ODbL)'),$);
#7535=IFCPROPERTYSET('3I2gJiE6P0g9g2o905lmXa',#5,'Pset_CDE_Provenance',$,(#7532,#7533,#7534));
#7536=IFCRELDEFINESBYPROPERTIES('2AAG8SySDFwAoxsagRSfdF',#5,$,$,(#7521),#7535);
#7537=IFCPROPERTYSINGLEVALUE('IngressProtection',$,IFCLABEL('IP54'),$);
#7538=IFCPROPERTYSINGLEVALUE('Glazing',$,IFCLABEL('Opal blown glass, net-pattern relief'),$);
#7539=IFCPROPERTYSET('2h$khEvLrAa8TOHXTu9k67',#5,'Pset_CDE_Specification',$,(#7537,#7538));
#7540=IFCRELDEFINESBYPROPERTIES('3z8mMfymb3ZwpQbTLmWzab',#5,$,$,(#7521),#7539);
#7541=IFCPROPERTYSINGLEVALUE('DataStatus',$,IFCLABEL('Illustrative demo values \X2\2014\X0\ not the owner''s as-built register'),$);
#7542=IFCPROPERTYSINGLEVALUE('AssetOwner',$,IFCLABEL('Ajuntament de Barcelona \X2\2014\X0\ public lighting (demo)'),$);
#7543=IFCPROPERTYSINGLEVALUE('Manufacturer',$,IFCLABEL('Demo glassworks'),$);
#7544=IFCPROPERTYSINGLEVALUE('Model',$,IFCLABEL('Opal globe \X2\00D8\X0\240'),$);
#7545=IFCPROPERTYSINGLEVALUE('SerialNumber',$,IFCLABEL('BCN-ENL-PGR-027'),$);
#7546=IFCPROPERTYSINGLEVALUE('LifecycleStatus',$,IFCLABEL('In service'),$);
#7547=IFCPROPERTYSINGLEVALUE('InstallationYear',$,IFCINTEGER(2019),$);
#7548=IFCPROPERTYSINGLEVALUE('LastInspection',$,IFCLABEL('2026-06-17'),$);
#7549=IFCPROPERTYSINGLEVALUE('InspectionInterval_months',$,IFCINTEGER(12),$);
#7550=IFCPROPERTYSINGLEVALUE('NextInspection',$,IFCLABEL('2027-06-17'),$);
#7551=IFCPROPERTYSINGLEVALUE('ConditionIndex_1to5',$,IFCINTEGER(2),$);
#7552=IFCPROPERTYSINGLEVALUE('WarrantyEnd',$,IFCLABEL('2024-12-31 (expired)'),$);
#7553=IFCPROPERTYSINGLEVALUE('MaintenanceContractor',$,IFCLABEL('Demo contractor \X2\2014\X0\ public lighting'),$);
#7554=IFCPROPERTYSINGLEVALUE('MaintenanceStrategy',$,IFCLABEL('Condition-based'),$);
#7555=IFCPROPERTYSINGLEVALUE('Note',$,IFCLABEL('Globe chipped at the rim, replacement on order (demo)'),$);
#7556=IFCPROPERTYSET('3Na_qGbVD8WQS3xOy5lsB9',#5,'Pset_CDE_AssetManagement (demo)',$,(#7541,#7542,#7543,#7544,#7545,#7546,#7547,#7548,#7549,#7550,#7551,#7552,#7553,#7554,#7555));
#7557=IFCRELDEFINESBYPROPERTIES('3WEofUe11FNBWDvUMeB$fF',#5,$,$,(#7521),#7556);
#7558=IFCCARTESIANPOINT((-25.080621331031114,26.99820279420739,4.33));
#7559=IFCDIRECTION((0.,-1.,0.));
#7560=IFCDIRECTION((1.,0.,0.));
#7561=IFCAXIS2PLACEMENT3D(#7558,#7559,#7560);
#7562=IFCCARTESIANPOINT((0.,-0.045));
#7563=IFCCARTESIANPOINT((0.01722075445642904,-0.041574578963007904));
#7564=IFCCARTESIANPOINT((0.03181980515339464,-0.03181980515339464));
#7565=IFCCARTESIANPOINT((0.041574578963007904,-0.017220754456429038));
#7566=IFCCARTESIANPOINT((0.045,0.));
#7567=IFCCARTESIANPOINT((0.041574578963007904,0.017220754456429038));
#7568=IFCCARTESIANPOINT((0.03181980515339464,0.03181980515339464));
#7569=IFCCARTESIANPOINT((0.01722075445642904,0.041574578963007904));
#7570=IFCCARTESIANPOINT((0.,0.045));
#7571=IFCCARTESIANPOINT((0.,-0.045));
#7572=IFCPOLYLINE((#7562,#7563,#7564,#7565,#7566,#7567,#7568,#7569,#7570,#7571));
#7573=IFCARBITRARYCLOSEDPROFILEDEF(.AREA.,$,#7572);
#7574=IFCCARTESIANPOINT((0.,0.,0.));
#7575=IFCDIRECTION((0.,1.,0.));
#7576=IFCAXIS1PLACEMENT(#7574,#7575);
#7577=IFCREVOLVEDAREASOLID(#7573,#7561,#7576,6.283185307179586);
#7578=IFCSTYLEDITEM(#7577,(#65),$);
#7579=IFCSHAPEREPRESENTATION(#16,'Body','SweptSolid',(#7577));
#7580=IFCPRODUCTDEFINITIONSHAPE($,$,(#7579));
#7581=IFCLOCALPLACEMENT(#23,#13);
#7582=IFCLAMP('0HX5qlejrEzBJa8l91pNoM',#5,'L\X2\00E0\X0\mpada LED 2.2 \X2\00B7\X0\ LED lamp (lower, short arm)',$,'LED retrofit lamp 30 W, 3000 K',#7581,#7580,'PFAL-ELM-013',.LED.);
#7583=IFCRELASSOCIATESMATERIAL('3Mx2KNBSj0rx4Vu96SRJAC',#5,$,$,(#7582),#66);
#7584=IFCPROPERTYSINGLEVALUE('Material',$,IFCLABEL('LED lamp, warm white diffuser'),$);
#7585=IFCPROPERTYSINGLEVALUE('Category',$,IFCLABEL('Plastic'),$);
#7586=IFCPROPERTYSINGLEVALUE('MassDensity_kg_m3',$,IFCREAL(1200.),$);
#7587=IFCPROPERTYSET('3AQYM4G7XDsRa5xGc_neoI',#5,'Pset_CDE_Material',$,(#7584,#7585,#7586));
#7588=IFCRELDEFINESBYPROPERTIES('3wlxiUMK10HR13ooGWrBMC',#5,$,$,(#7582),#7587);
#7589=IFCPROPERTYSINGLEVALUE('GeometrySource',$,IFCLABEL('Typical dimensions and detailing for Barcelona street lighting; not visible in any open source'),$);
#7590=IFCPROPERTYSINGLEVALUE('Confidence',$,IFCLABEL('Low'),$);
#7591=IFCPROPERTYSET('0bWlSADEbC4xTL0dYEhUIy',#5,'Pset_CDE_Provenance',$,(#7589,#7590));
#7592=IFCRELDEFINESBYPROPERTIES('1$fw6Yt0bAURyyETJJzLN0',#5,$,$,(#7582),#7591);
#7593=IFCPROPERTYSINGLEVALUE('Power_W',$,IFCINTEGER(30),$);
#7594=IFCPROPERTYSINGLEVALUE('ColourTemperature_K',$,IFCINTEGER(3000),$);
#7595=IFCPROPERTYSINGLEVALUE('LuminousFlux_lm',$,IFCINTEGER(3300),$);
#7596=IFCPROPERTYSINGLEVALUE('Driver',$,IFCLABEL('DALI, dimmed 50 % after 00:00'),$);
#7597=IFCPROPERTYSET('2koO2Whpb8rwVPGKVIT$Wd',#5,'Pset_CDE_Specification',$,(#7593,#7594,#7595,#7596));
#7598=IFCRELDEFINESBYPROPERTIES('0upnv57zTEQQBXnYECxqDt',#5,$,$,(#7582),#7597);
#7599=IFCPROPERTYSINGLEVALUE('DataStatus',$,IFCLABEL('Illustrative demo values \X2\2014\X0\ not the owner''s as-built register'),$);
#7600=IFCPROPERTYSINGLEVALUE('AssetOwner',$,IFCLABEL('Ajuntament de Barcelona \X2\2014\X0\ public lighting (demo)'),$);
#7601=IFCPROPERTYSINGLEVALUE('Manufacturer',$,IFCLABEL('Demo LED manufacturer'),$);
#7602=IFCPROPERTYSINGLEVALUE('Model',$,IFCLABEL('LED retrofit E27 30 W'),$);
#7603=IFCPROPERTYSINGLEVALUE('SerialNumber',$,IFCLABEL('BCN-ENL-PGR-028'),$);
#7604=IFCPROPERTYSINGLEVALUE('LifecycleStatus',$,IFCLABEL('In service'),$);
#7605=IFCPROPERTYSINGLEVALUE('InstallationYear',$,IFCINTEGER(2019),$);
#7606=IFCPROPERTYSINGLEVALUE('LastInspection',$,IFCLABEL('2026-06-17'),$);
#7607=IFCPROPERTYSINGLEVALUE('InspectionInterval_months',$,IFCINTEGER(12),$);
#7608=IFCPROPERTYSINGLEVALUE('NextInspection',$,IFCLABEL('2027-06-17'),$);
#7609=IFCPROPERTYSINGLEVALUE('ConditionIndex_1to5',$,IFCINTEGER(5),$);
#7610=IFCPROPERTYSINGLEVALUE('WarrantyEnd',$,IFCLABEL('2024-12-31 (expired)'),$);
#7611=IFCPROPERTYSINGLEVALUE('MaintenanceContractor',$,IFCLABEL('Demo contractor \X2\2014\X0\ public lighting'),$);
#7612=IFCPROPERTYSINGLEVALUE('MaintenanceStrategy',$,IFCLABEL('Condition-based'),$);
#7613=IFCPROPERTYSINGLEVALUE('BurningHours',$,IFCINTEGER(26442),$);
#7614=IFCPROPERTYSET('19G64Fh$HFS92fW3rtgJoW',#5,'Pset_CDE_AssetManagement (demo)',$,(#7599,#7600,#7601,#7602,#7603,#7604,#7605,#7606,#7607,#7608,#7609,#7610,#7611,#7612,#7613));
#7615=IFCRELDEFINESBYPROPERTIES('0EOXwU5vfF2u3iTvKs8_xe',#5,$,$,(#7582),#7614);
#7616=IFCCARTESIANPOINT((0.,0.));
#7617=IFCDIRECTION((-0.6832737736807996,0.730162276620752));
#7618=IFCAXIS2PLACEMENT2D(#7616,#7617);
#7619=IFCRECTANGLEPROFILEDEF(.AREA.,$,#7618,5.8,2.45);
#7620=IFCCARTESIANPOINT((-23.488106569738427,25.721943448515134,0.39));
#7621=IFCAXIS2PLACEMENT3D(#7620,$,$);
#7622=IFCDIRECTION((0.,0.,1.));
#7623=IFCEXTRUDEDAREASOLID(#7619,#7621,#7622,0.14);
#7624=IFCSTYLEDITEM(#7623,(#83),$);
#7625=IFCSHAPEREPRESENTATION(#16,'Body','SweptSolid',(#7623));
#7626=IFCPRODUCTDEFINITIONSHAPE($,$,(#7625));
#7627=IFCLOCALPLACEMENT(#23,#13);
#7628=IFCSLAB('13tcC6s715ovRXvOGLg$zr',#5,'Base de formig\X2\00F3\X0\ \X2\00B7\X0\ Paving base (bench-lamp 2)',$,'Concrete base under the panot',#7627,#7626,'PFAL-SLB-004',.BASESLAB.);
#7629=IFCRELASSOCIATESMATERIAL('3zoIjDrnvEU8mL6WpoalJ0',#5,$,$,(#7628),#84);
#7630=IFCPROPERTYSINGLEVALUE('Reference',$,IFCLABEL('Concrete base under the panot'),$);
#7631=IFCPROPERTYSINGLEVALUE('IsExternal',$,IFCBOOLEAN(.T.),$);
#7632=IFCPROPERTYSINGLEVALUE('LoadBearing',$,IFCBOOLEAN(.F.),$);
#7633=IFCPROPERTYSINGLEVALUE('Status',$,IFCLABEL('EXISTING'),$);
#7634=IFCPROPERTYSET('1j0eWM0IX6g8q9CqvmFWFW',#5,'Pset_SlabCommon',$,(#7630,#7631,#7632,#7633));
#7635=IFCRELDEFINESBYPROPERTIES('0DNXpitIb1$8XPKfLG4AUp',#5,$,$,(#7628),#7634);
#7636=IFCPROPERTYSINGLEVALUE('Material',$,IFCLABEL('Concrete C20/25, base and footings'),$);
#7637=IFCPROPERTYSINGLEVALUE('Category',$,IFCLABEL('Concrete'),$);
#7638=IFCPROPERTYSINGLEVALUE('MassDensity_kg_m3',$,IFCREAL(2400.),$);
#7639=IFCPROPERTYSET('3wRGgfk0XFggBC9MrlgQCk',#5,'Pset_CDE_Material',$,(#7636,#7637,#7638));
#7640=IFCRELDEFINESBYPROPERTIES('1_tcHcvlzDZwjoLc3YaiD2',#5,$,$,(#7628),#7639);
#7641=IFCPROPERTYSINGLEVALUE('GeometrySource',$,IFCLABEL('Island geometry from OSM (ODbL); pavement level from the ICGC 3D mesh; paving pattern assumed'),$);
#7642=IFCPROPERTYSINGLEVALUE('Confidence',$,IFCLABEL('Medium'),$);
#7643=IFCPROPERTYSINGLEVALUE('Reference',$,IFCLABEL('OSM ways 116343002, 908375889, 909097447 (surface paving_stones); ICGC Barcelona mesh'),$);
#7644=IFCPROPERTYSET('1CpnqK1H1FNvS2ht1Ukj6P',#5,'Pset_CDE_Provenance',$,(#7641,#7642,#7643));
#7645=IFCRELDEFINESBYPROPERTIES('2do8Gbzuj1SQYHfl6Lfa2v',#5,$,$,(#7628),#7644);
#7646=IFCPROPERTYSINGLEVALUE('Thickness_mm',$,IFCINTEGER(140),$);
#7647=IFCPROPERTYSINGLEVALUE('Purpose',$,IFCLABEL('Base of the paving patch over the mesh cut-out'),$);
#7648=IFCPROPERTYSET('2_yRO4lKPB58tTSYIevzgf',#5,'Pset_CDE_Specification',$,(#7646,#7647));
#7649=IFCRELDEFINESBYPROPERTIES('0KoF$amUrF6e$pTCeQ5359',#5,$,$,(#7628),#7648);
#7650=IFCPROPERTYSINGLEVALUE('DataStatus',$,IFCLABEL('Illustrative demo values \X2\2014\X0\ not the owner''s as-built register'),$);
#7651=IFCPROPERTYSINGLEVALUE('AssetOwner',$,IFCLABEL('Ajuntament de Barcelona (register values are demo)'),$);
#7652=IFCPROPERTYSINGLEVALUE('Manufacturer',$,IFCLABEL('Demo ready-mix plant'),$);
#7653=IFCPROPERTYSINGLEVALUE('Model',$,IFCLABEL('HM-20 base 14 cm'),$);
#7654=IFCPROPERTYSINGLEVALUE('SerialNumber',$,IFCLABEL('BCN-PAV-PGR-004'),$);
#7655=IFCPROPERTYSINGLEVALUE('LifecycleStatus',$,IFCLABEL('In service'),$);
#7656=IFCPROPERTYSINGLEVALUE('InstallationYear',$,IFCINTEGER(2009),$);
#7657=IFCPROPERTYSINGLEVALUE('LastInspection',$,IFCLABEL('2026-06-17'),$);
#7658=IFCPROPERTYSINGLEVALUE('InspectionInterval_months',$,IFCINTEGER(24),$);
#7659=IFCPROPERTYSINGLEVALUE('NextInspection',$,IFCLABEL('2028-06-17'),$);
#7660=IFCPROPERTYSINGLEVALUE('ConditionIndex_1to5',$,IFCINTEGER(4),$);
#7661=IFCPROPERTYSINGLEVALUE('WarrantyEnd',$,IFCLABEL('2019-12-31 (expired)'),$);
#7662=IFCPROPERTYSINGLEVALUE('MaintenanceContractor',$,IFCLABEL('Demo contractor \X2\2014\X0\ street furniture and paving'),$);
#7663=IFCPROPERTYSINGLEVALUE('MaintenanceStrategy',$,IFCLABEL('Condition-based'),$);
#7664=IFCPROPERTYSET('0QATD8eZPDDeCNJt$3qecQ',#5,'Pset_CDE_AssetManagement (demo)',$,(#7650,#7651,#7652,#7653,#7654,#7655,#7656,#7657,#7658,#7659,#7660,#7661,#7662,#7663));
#7665=IFCRELDEFINESBYPROPERTIES('0lx6VU1UL1bOWdOTXUNjpj',#5,$,$,(#7628),#7664);
#7666=IFCCARTESIANPOINT((0.,0.));
#7667=IFCDIRECTION((-0.6832737736807996,0.730162276620752));
#7668=IFCAXIS2PLACEMENT2D(#7666,#7667);
#7669=IFCRECTANGLEPROFILEDEF(.AREA.,$,#7668,5.8,2.45);
#7670=IFCCARTESIANPOINT((-23.488106569738427,25.721943448515134,0.53));
#7671=IFCAXIS2PLACEMENT3D(#7670,$,$);
#7672=IFCDIRECTION((0.,0.,1.));
#7673=IFCEXTRUDEDAREASOLID(#7669,#7671,#7672,0.03);
#7674=IFCSTYLEDITEM(#7673,(#74),$);
#7675=IFCSHAPEREPRESENTATION(#16,'Body','SweptSolid',(#7673));
#7676=IFCPRODUCTDEFINITIONSHAPE($,$,(#7675));
#7677=IFCLOCALPLACEMENT(#23,#13);
#7678=IFCCOVERING('1YPKJosPn6FuagV1H2bbZe',#5,'Panot hexagonal de Gaud\X2\00ED\X0\ \X2\00B7\X0\ Hexagonal panot paving (bench-lamp 2)',$,'Hexagonal Gaud\X2\00ED\X0\ panot 40 cm (across flats), 6 cm, on mortar bed',#7677,#7676,'PFAL-COV-002',.FLOORING.);
#7679=IFCRELASSOCIATESMATERIAL('121$U261j8cwyP4rxEfbyi',#5,$,$,(#7678),#75);
#7680=IFCPROPERTYSINGLEVALUE('Material',$,IFCLABEL('Hydraulic concrete tile \X2\00AB\X0\panot\X2\00BB\X0\ with the hexagonal Gaud\X2\00ED\X0\ relief, grey-green'),$);
#7681=IFCPROPERTYSINGLEVALUE('Category',$,IFCLABEL('Concrete'),$);
#7682=IFCPROPERTYSINGLEVALUE('Description',$,IFCLABEL('Hexagonal 3-sided relief tile (starfish, ammonite, seaweed) designed by Antoni Gaud\X2\00ED\X0\, Passeig de Gr\X2\00E0\X0\cia standard'),$);
#7683=IFCPROPERTYSINGLEVALUE('MassDensity_kg_m3',$,IFCREAL(2300.),$);
#7684=IFCPROPERTYSET('1kYA6kS7jCCRGKedBwm5tG',#5,'Pset_CDE_Material',$,(#7680,#7681,#7682,#7683));
#7685=IFCRELDEFINESBYPROPERTIES('0AYQA_85X9Afc5jGaMYmJ0',#5,$,$,(#7678),#7684);
#7686=IFCPROPERTYSINGLEVALUE('GeometrySource',$,IFCLABEL('Island geometry from OSM (ODbL); pavement level from the ICGC 3D mesh; paving pattern assumed'),$);
#7687=IFCPROPERTYSINGLEVALUE('Confidence',$,IFCLABEL('Medium'),$);
#7688=IFCPROPERTYSINGLEVALUE('Reference',$,IFCLABEL('OSM ways 116343002, 908375889, 909097447 (surface paving_stones); ICGC Barcelona mesh'),$);
#7689=IFCPROPERTYSET('0jDMvoHqz4BQ7L8fayYrrJ',#5,'Pset_CDE_Provenance',$,(#7686,#7687,#7688));
#7690=IFCRELDEFINESBYPROPERTIES('3ti7HpsG9E_wZI3WYrZAck',#5,$,$,(#7678),#7689);
#7691=IFCPROPERTYSINGLEVALUE('Pattern',$,IFCLABEL('Hexagonal relief, three motifs (Antoni Gaud\X2\00ED\X0\ design)'),$);
#7692=IFCPROPERTYSINGLEVALUE('TileSize_mm',$,IFCINTEGER(400),$);
#7693=IFCPROPERTYSINGLEVALUE('Thickness_mm',$,IFCINTEGER(60),$);
#7694=IFCPROPERTYSINGLEVALUE('Bedding',$,IFCLABEL('Mortar on concrete base'),$);
#7695=IFCPROPERTYSINGLEVALUE('Purpose',$,IFCLABEL('Visual: replaces the photogrammetric ground under the bench-lamp'),$);
#7696=IFCPROPERTYSET('16jQuHddH9gvBe7SbPyIVP',#5,'Pset_CDE_Specification',$,(#7691,#7692,#7693,#7694,#7695));
#7697=IFCRELDEFINESBYPROPERTIES('1CTS$I6NzB$wIOx$rZUZBu',#5,$,$,(#7678),#7696);
#7698=IFCPROPERTYSINGLEVALUE('DataStatus',$,IFCLABEL('Illustrative demo values \X2\2014\X0\ not the owner''s as-built register'),$);
#7699=IFCPROPERTYSINGLEVALUE('AssetOwner',$,IFCLABEL('Ajuntament de Barcelona (register values are demo)'),$);
#7700=IFCPROPERTYSINGLEVALUE('Manufacturer',$,IFCLABEL('Demo hydraulic-tile manufacturer'),$);
#7701=IFCPROPERTYSINGLEVALUE('Model',$,IFCLABEL('Panot hexagonal Gaud\X2\00ED\X0\ 40'),$);
#7702=IFCPROPERTYSINGLEVALUE('SerialNumber',$,IFCLABEL('BCN-PAV-PGR-005'),$);
#7703=IFCPROPERTYSINGLEVALUE('LifecycleStatus',$,IFCLABEL('In service'),$);
#7704=IFCPROPERTYSINGLEVALUE('InstallationYear',$,IFCINTEGER(2009),$);
#7705=IFCPROPERTYSINGLEVALUE('LastInspection',$,IFCLABEL('2026-06-17'),$);
#7706=IFCPROPERTYSINGLEVALUE('InspectionInterval_months',$,IFCINTEGER(12),$);
#7707=IFCPROPERTYSINGLEVALUE('NextInspection',$,IFCLABEL('2027-06-17'),$);
#7708=IFCPROPERTYSINGLEVALUE('ConditionIndex_1to5',$,IFCINTEGER(4),$);
#7709=IFCPROPERTYSINGLEVALUE('WarrantyEnd',$,IFCLABEL('2019-12-31 (expired)'),$);
#7710=IFCPROPERTYSINGLEVALUE('MaintenanceContractor',$,IFCLABEL('Demo contractor \X2\2014\X0\ street furniture and paving'),$);
#7711=IFCPROPERTYSINGLEVALUE('MaintenanceStrategy',$,IFCLABEL('Condition-based'),$);
#7712=IFCPROPERTYSINGLEVALUE('Note',$,IFCLABEL('Two cracked tiles at the bench plinth, replacement scheduled (demo)'),$);
#7713=IFCPROPERTYSET('1JI8Tps5z2C8yvG$7YGyEa',#5,'Pset_CDE_AssetManagement (demo)',$,(#7698,#7699,#7700,#7701,#7702,#7703,#7704,#7705,#7706,#7707,#7708,#7709,#7710,#7711,#7712));
#7714=IFCRELDEFINESBYPROPERTIES('2lfgQQF9X5TRd8hFMvfv8p',#5,$,$,(#7678),#7713);
#7715=IFCCARTESIANPOINT((0.,0.));
#7716=IFCDIRECTION((-0.6832737736807996,0.730162276620752));
#7717=IFCAXIS2PLACEMENT2D(#7715,#7716);
#7718=IFCRECTANGLEPROFILEDEF(.AREA.,$,#7717,5.8,0.30000000000000004);
#7719=IFCCARTESIANPOINT((-24.49207970009196,24.782442009704035,0.28));
#7720=IFCAXIS2PLACEMENT3D(#7719,$,$);
#7721=IFCDIRECTION((0.,0.,1.));
#7722=IFCEXTRUDEDAREASOLID(#7718,#7720,#7721,0.28);
#7723=IFCSTYLEDITEM(#7722,(#92),$);
#7724=IFCSHAPEREPRESENTATION(#16,'Body','SweptSolid',(#7722));
#7725=IFCPRODUCTDEFINITIONSHAPE($,$,(#7724));
#7726=IFCLOCALPLACEMENT(#23,#13);
#7727=IFCKERB('2zm_B3EcXEpf1bwWd8a9yG',#5,'Vorada de granit \X2\00B7\X0\ Granite kerb (bench-lamp 2)',$,'Granite kerb 300 \X2\00D7\X0\ 250 to the central carriageway',#7726,#7725,'PFAL-ELM-014',.USERDEFINED.);
#7728=IFCRELASSOCIATESMATERIAL('0u9jv225zDI8BrdjhHGCek',#5,$,$,(#7727),#93);
#7729=IFCPROPERTYSINGLEVALUE('Material',$,IFCLABEL('Granite kerb, flamed finish, grey'),$);
#7730=IFCPROPERTYSINGLEVALUE('Category',$,IFCLABEL('Stone'),$);
#7731=IFCPROPERTYSINGLEVALUE('MassDensity_kg_m3',$,IFCREAL(2650.),$);
#7732=IFCPROPERTYSET('1kYmEdWK5CuObOpQrQ$oJu',#5,'Pset_CDE_Material',$,(#7729,#7730,#7731));
#7733=IFCRELDEFINESBYPROPERTIES('0SkiaGuyzBJvZHmy0ma4Iu',#5,$,$,(#7727),#7732);
#7734=IFCPROPERTYSINGLEVALUE('GeometrySource',$,IFCLABEL('Island edge from OSM carriageway and lane axes (ODbL); kerb section typical'),$);
#7735=IFCPROPERTYSINGLEVALUE('Confidence',$,IFCLABEL('Low'),$);
#7736=IFCPROPERTYSINGLEVALUE('Reference',$,IFCLABEL('OSM ways 908375889, 116343002'),$);
#7737=IFCPROPERTYSET('09nZqyM0P9eR9tp9l$E3YP',#5,'Pset_CDE_Provenance',$,(#7734,#7735,#7736));
#7738=IFCRELDEFINESBYPROPERTIES('3XkVloXvT3PelHYocvIeap',#5,$,$,(#7727),#7737);
#7739=IFCPROPERTYSINGLEVALUE('Section_mm',$,IFCLABEL('300 \X2\00D7\X0\ 250'),$);
#7740=IFCPROPERTYSINGLEVALUE('Upstand_mm',$,IFCINTEGER(140),$);
#7741=IFCPROPERTYSET('24W3EvxQPBBf9CTdzCN2Hw',#5,'Pset_CDE_Specification',$,(#7739,#7740));
#7742=IFCRELDEFINESBYPROPERTIES('1HmQCNZTD6gfbhr9Fk7MRE',#5,$,$,(#7727),#7741);
#7743=IFCPROPERTYSINGLEVALUE('DataStatus',$,IFCLABEL('Illustrative demo values \X2\2014\X0\ not the owner''s as-built register'),$);
#7744=IFCPROPERTYSINGLEVALUE('AssetOwner',$,IFCLABEL('Ajuntament de Barcelona (register values are demo)'),$);
#7745=IFCPROPERTYSINGLEVALUE('Manufacturer',$,IFCLABEL('Demo stone supplier'),$);
#7746=IFCPROPERTYSINGLEVALUE('Model',$,IFCLABEL('Granite kerb C3 30\X2\00D7\X0\25'),$);
#7747=IFCPROPERTYSINGLEVALUE('SerialNumber',$,IFCLABEL('BCN-PAV-PGR-006'),$);
#7748=IFCPROPERTYSINGLEVALUE('LifecycleStatus',$,IFCLABEL('In service'),$);
#7749=IFCPROPERTYSINGLEVALUE('InstallationYear',$,IFCINTEGER(2009),$);
#7750=IFCPROPERTYSINGLEVALUE('LastInspection',$,IFCLABEL('2026-06-17'),$);
#7751=IFCPROPERTYSINGLEVALUE('InspectionInterval_months',$,IFCINTEGER(24),$);
#7752=IFCPROPERTYSINGLEVALUE('NextInspection',$,IFCLABEL('2028-06-17'),$);
#7753=IFCPROPERTYSINGLEVALUE('ConditionIndex_1to5',$,IFCINTEGER(4),$);
#7754=IFCPROPERTYSINGLEVALUE('WarrantyEnd',$,IFCLABEL('2019-12-31 (expired)'),$);
#7755=IFCPROPERTYSINGLEVALUE('MaintenanceContractor',$,IFCLABEL('Demo contractor \X2\2014\X0\ street furniture and paving'),$);
#7756=IFCPROPERTYSINGLEVALUE('MaintenanceStrategy',$,IFCLABEL('Condition-based'),$);
#7757=IFCPROPERTYSET('1b1WV1_UL7B8f0BVbgxwtJ',#5,'Pset_CDE_AssetManagement (demo)',$,(#7743,#7744,#7745,#7746,#7747,#7748,#7749,#7750,#7751,#7752,#7753,#7754,#7755,#7756));
#7758=IFCRELDEFINESBYPROPERTIES('1Q3uvbYTz4Ygoz7pURywOp',#5,$,$,(#7727),#7757);
#7759=IFCLOCALPLACEMENT(#23,#13);
#7760=IFCELEMENTASSEMBLY('0VhlkTeX5FIwltKkvPuewu',#5,'Alimentaci\X2\00F3\X0\ de l''enllumenat \X2\00B7\X0\ Street-lighting feed',$,'Buried lighting circuit along the island',#7759,$,'PFAL-ASM-005',.NOTDEFINED.,.USERDEFINED.);
#7761=IFCPROPERTYSINGLEVALUE('Circuit',$,IFCLABEL('Passeig de Gr\X2\00E0\X0\cia Bes\X2\00F2\X0\s island, circuit 3 (demo)'),$);
#7762=IFCPROPERTYSINGLEVALUE('Voltage',$,IFCLABEL('400/230 V, 3 ph + N'),$);
#7763=IFCPROPERTYSINGLEVALUE('Cable',$,IFCLABEL('RV-K 0.6/1 kV 4 \X2\00D7\X0\ 6 mm\X2\00B2\X0\ + earth 16 mm\X2\00B2\X0\'),$);
#7764=IFCPROPERTYSINGLEVALUE('Duct',$,IFCLABEL('HDPE \X2\00D8\X0\90'),$);
#7765=IFCPROPERTYSET('23VmzV$eH8AfRJwDnmpLAu',#5,'Pset_CDE_Specification',$,(#7761,#7762,#7763,#7764));
#7766=IFCRELDEFINESBYPROPERTIES('1jPMYK171B5RdG$dVsM22q',#5,$,$,(#7760),#7765);
#7767=IFCPROPERTYSINGLEVALUE('DataStatus',$,IFCLABEL('Illustrative demo values \X2\2014\X0\ not the owner''s as-built register'),$);
#7768=IFCPROPERTYSINGLEVALUE('AssetOwner',$,IFCLABEL('Ajuntament de Barcelona \X2\2014\X0\ public lighting (demo)'),$);
#7769=IFCPROPERTYSINGLEVALUE('Manufacturer',$,IFCLABEL('Demo cable maker'),$);
#7770=IFCPROPERTYSINGLEVALUE('Model',$,IFCLABEL('RV-K 4\X2\00D7\X0\6'),$);
#7771=IFCPROPERTYSINGLEVALUE('SerialNumber',$,IFCLABEL('BCN-ELE-PGR-005'),$);
#7772=IFCPROPERTYSINGLEVALUE('LifecycleStatus',$,IFCLABEL('In service'),$);
#7773=IFCPROPERTYSINGLEVALUE('InstallationYear',$,IFCINTEGER(2009),$);
#7774=IFCPROPERTYSINGLEVALUE('LastInspection',$,IFCLABEL('2026-06-17'),$);
#7775=IFCPROPERTYSINGLEVALUE('InspectionInterval_months',$,IFCINTEGER(12),$);
#7776=IFCPROPERTYSINGLEVALUE('NextInspection',$,IFCLABEL('2027-06-17'),$);
#7777=IFCPROPERTYSINGLEVALUE('ConditionIndex_1to5',$,IFCINTEGER(4),$);
#7778=IFCPROPERTYSINGLEVALUE('WarrantyEnd',$,IFCLABEL('2019-12-31 (expired)'),$);
#7779=IFCPROPERTYSINGLEVALUE('MaintenanceContractor',$,IFCLABEL('Demo contractor \X2\2014\X0\ public lighting'),$);
#7780=IFCPROPERTYSINGLEVALUE('MaintenanceStrategy',$,IFCLABEL('Condition-based'),$);
#7781=IFCPROPERTYSET('0VYtpQlWHAyRmPeYUTZWxS',#5,'Pset_CDE_AssetManagement (demo)',$,(#7767,#7768,#7769,#7770,#7771,#7772,#7773,#7774,#7775,#7776,#7777,#7778,#7779,#7780));
#7782=IFCRELDEFINESBYPROPERTIES('2SkfvjLaDDZxqnATX7pK3N',#5,$,$,(#7760),#7781);
#7783=IFCPROPERTYSINGLEVALUE('GeometrySource',$,IFCLABEL('Below the pavement: not visible in any open source; typical for a Barcelona street-lighting circuit'),$);
#7784=IFCPROPERTYSINGLEVALUE('Confidence',$,IFCLABEL('Low'),$);
#7785=IFCPROPERTYSET('1i8p5hE1X9ouY0fcI_XjNG',#5,'Pset_CDE_Provenance',$,(#7783,#7784));
#7786=IFCRELDEFINESBYPROPERTIES('3V7K8NRPLDawE3nmRdpOvG',#5,$,$,(#7760),#7785);
#7787=IFCCARTESIANPOINT((0.,0.));
#7788=IFCDIRECTION((1.,0.));
#7789=IFCAXIS2PLACEMENT2D(#7787,#7788);
#7790=IFCCIRCLEPROFILEDEF(.AREA.,$,#7789,0.014);
#7791=IFCCARTESIANPOINT((6.123336238405074,-5.226351816653297,-0.7217341372380132));
#7792=IFCDIRECTION((-0.6831946813938485,0.7300777567598591,0.015215005739400097));
#7793=IFCDIRECTION((0.730162276620752,0.6832737736807996,-0.));
#7794=IFCAXIS2PLACEMENT3D(#7791,#7792,#7793);
#7795=IFCDIRECTION((0.,0.,1.));
#7796=IFCEXTRUDEDAREASOLID(#7790,#7794,#7795,9.80113452934168);
#7797=IFCCARTESIANPOINT((0.,0.));
#7798=IFCDIRECTION((1.,0.));
#7799=IFCAXIS2PLACEMENT2D(#7797,#7798);
#7800=IFCCIRCLEPROFILEDEF(.AREA.,$,#7799,0.045);
#7801=IFCCARTESIANPOINT((6.123336238405074,-5.226351816653297,-0.7217341372380132));
#7802=IFCDIRECTION((-0.6831946813938485,0.7300777567598591,0.015215005739400097));
#7803=IFCDIRECTION((0.730162276620752,0.6832737736807996,-0.));
#7804=IFCAXIS2PLACEMENT3D(#7801,#7802,#7803);
#7805=IFCDIRECTION((0.,0.,1.));
#7806=IFCEXTRUDEDAREASOLID(#7800,#7804,#7805,9.80113452934168);
#7807=IFCCARTESIANPOINT((0.,0.));
#7808=IFCDIRECTION((1.,0.));
#7809=IFCAXIS2PLACEMENT2D(#7807,#7808);
#7810=IFCCIRCLEPROFILEDEF(.AREA.,$,#7809,0.014);
#7811=IFCCARTESIANPOINT((-0.5727467436667624,1.9292384942300735,-0.572609819121447));
#7812=IFCDIRECTION((-0.6831946813938485,0.7300777567598591,0.015215005739400106));
#7813=IFCDIRECTION((0.730162276620752,0.6832737736807996,-0.));
#7814=IFCAXIS2PLACEMENT3D(#7811,#7812,#7813);
#7815=IFCDIRECTION((0.,0.,1.));
#7816=IFCEXTRUDEDAREASOLID(#7810,#7814,#7815,34.834032209894964);
#7817=IFCCARTESIANPOINT((0.,0.));
#7818=IFCDIRECTION((1.,0.));
#7819=IFCAXIS2PLACEMENT2D(#7817,#7818);
#7820=IFCCIRCLEPROFILEDEF(.AREA.,$,#7819,0.045);
#7821=IFCCARTESIANPOINT((-0.5727467436667624,1.9292384942300735,-0.572609819121447));
#7822=IFCDIRECTION((-0.6831946813938485,0.7300777567598591,0.015215005739400106));
#7823=IFCDIRECTION((0.730162276620752,0.6832737736807996,-0.));
#7824=IFCAXIS2PLACEMENT3D(#7821,#7822,#7823);
#7825=IFCDIRECTION((0.,0.,1.));
#7826=IFCEXTRUDEDAREASOLID(#7820,#7824,#7825,34.834032209894964);
#7827=IFCCARTESIANPOINT((0.,0.));
#7828=IFCDIRECTION((1.,0.));
#7829=IFCAXIS2PLACEMENT2D(#7827,#7828);
#7830=IFCCIRCLEPROFILEDEF(.AREA.,$,#7829,0.014);
#7831=IFCCARTESIANPOINT((-24.37117228096901,27.360790588930865,-0.04260981912144701));
#7832=IFCDIRECTION((-0.6831946813938482,0.7300777567598593,0.015215005739400093));
#7833=IFCDIRECTION((0.7301622766207522,0.6832737736807992,-0.));
#7834=IFCAXIS2PLACEMENT3D(#7831,#7832,#7833);
#7835=IFCDIRECTION((0.,0.,1.));
#7836=IFCEXTRUDEDAREASOLID(#7830,#7834,#7835,6.200717763461067);
#7837=IFCCARTESIANPOINT((0.,0.));
#7838=IFCDIRECTION((1.,0.));
#7839=IFCAXIS2PLACEMENT2D(#7837,#7838);
#7840=IFCCIRCLEPROFILEDEF(.AREA.,$,#7839,0.045);
#7841=IFCCARTESIANPOINT((-24.37117228096901,27.360790588930865,-0.04260981912144701));
#7842=IFCDIRECTION((-0.6831946813938482,0.7300777567598593,0.015215005739400093));
#7843=IFCDIRECTION((0.7301622766207522,0.6832737736807992,-0.));
#7844=IFCAXIS2PLACEMENT3D(#7841,#7842,#7843);
#7845=IFCDIRECTION((0.,0.,1.));
#7846=IFCEXTRUDEDAREASOLID(#7840,#7844,#7845,6.200717763461067);
#7847=IFCCARTESIANPOINT((0.,0.));
#7848=IFCDIRECTION((1.,0.));
#7849=IFCAXIS2PLACEMENT2D(#7847,#7848);
#7850=IFCCIRCLEPROFILEDEF(.AREA.,$,#7849,0.012);
#7851=IFCCARTESIANPOINT((-0.5727467436667624,1.9292384942300735,-0.6));
#7852=IFCDIRECTION((-0.19444907927372787,-0.980912613625495,0.));
#7853=IFCDIRECTION((-0.980912613625495,0.19444907927372787,0.));
#7854=IFCAXIS2PLACEMENT3D(#7851,#7852,#7853);
#7855=IFCDIRECTION((0.,0.,1.));
#7856=IFCEXTRUDEDAREASOLID(#7850,#7854,#7855,0.9428084977960586);
#7857=IFCCARTESIANPOINT((0.,0.));
#7858=IFCDIRECTION((1.,0.));
#7859=IFCAXIS2PLACEMENT2D(#7857,#7858);
#7860=IFCCIRCLEPROFILEDEF(.AREA.,$,#7859,0.012);
#7861=IFCCARTESIANPOINT((-0.7560749879946524,1.004425746508615,-0.6));
#7862=IFCDIRECTION((0.,0.,1.));
#7863=IFCDIRECTION((0.,1.,0.));
#7864=IFCAXIS2PLACEMENT3D(#7861,#7862,#7863);
#7865=IFCDIRECTION((0.,0.,1.));
#7866=IFCEXTRUDEDAREASOLID(#7860,#7864,#7865,1.2999999999999998);
#7867=IFCCARTESIANPOINT((0.,0.));
#7868=IFCDIRECTION((1.,0.));
#7869=IFCAXIS2PLACEMENT2D(#7867,#7868);
#7870=IFCCIRCLEPROFILEDEF(.AREA.,$,#7869,0.032);
#7871=IFCCARTESIANPOINT((-0.5727467436667624,1.9292384942300735,-0.6));
#7872=IFCDIRECTION((-0.19444907927372787,-0.980912613625495,0.));
#7873=IFCDIRECTION((-0.980912613625495,0.19444907927372787,0.));
#7874=IFCAXIS2PLACEMENT3D(#7871,#7872,#7873);
#7875=IFCDIRECTION((0.,0.,1.));
#7876=IFCEXTRUDEDAREASOLID(#7870,#7874,#7875,0.9428084977960586);
#7877=IFCCARTESIANPOINT((0.,0.));
#7878=IFCDIRECTION((1.,0.));
#7879=IFCAXIS2PLACEMENT2D(#7877,#7878);
#7880=IFCCIRCLEPROFILEDEF(.AREA.,$,#7879,0.012);
#7881=IFCCARTESIANPOINT((-24.37117228096901,27.360790588930865,-0.06999999999999995));
#7882=IFCDIRECTION((-0.19444907927372768,-0.980912613625495,0.));
#7883=IFCDIRECTION((-0.980912613625495,0.19444907927372768,0.));
#7884=IFCAXIS2PLACEMENT3D(#7881,#7882,#7883);
#7885=IFCDIRECTION((0.,0.,1.));
#7886=IFCEXTRUDEDAREASOLID(#7880,#7884,#7885,0.9428084977960538);
#7887=IFCCARTESIANPOINT((0.,0.));
#7888=IFCDIRECTION((1.,0.));
#7889=IFCAXIS2PLACEMENT2D(#7887,#7888);
#7890=IFCCIRCLEPROFILEDEF(.AREA.,$,#7889,0.012);
#7891=IFCCARTESIANPOINT((-24.5545005252969,26.43597784120941,-0.06999999999999995));
#7892=IFCDIRECTION((0.,0.,1.));
#7893=IFCDIRECTION((0.,1.,0.));
#7894=IFCAXIS2PLACEMENT3D(#7891,#7892,#7893);
#7895=IFCDIRECTION((0.,0.,1.));
#7896=IFCEXTRUDEDAREASOLID(#7890,#7894,#7895,1.2999999999999998);
#7897=IFCCARTESIANPOINT((0.,0.));
#7898=IFCDIRECTION((1.,0.));
#7899=IFCAXIS2PLACEMENT2D(#7897,#7898);
#7900=IFCCIRCLEPROFILEDEF(.AREA.,$,#7899,0.032);
#7901=IFCCARTESIANPOINT((-24.37117228096901,27.360790588930865,-0.06999999999999995));
#7902=IFCDIRECTION((-0.19444907927372768,-0.980912613625495,0.));
#7903=IFCDIRECTION((-0.980912613625495,0.19444907927372768,0.));
#7904=IFCAXIS2PLACEMENT3D(#7901,#7902,#7903);
#7905=IFCDIRECTION((0.,0.,1.));
#7906=IFCEXTRUDEDAREASOLID(#7900,#7904,#7905,0.9428084977960538);
#7907=IFCSTYLEDITEM(#7796,(#101),$);
#7908=IFCSTYLEDITEM(#7816,(#101),$);
#7909=IFCSTYLEDITEM(#7836,(#101),$);
#7910=IFCSTYLEDITEM(#7856,(#101),$);
#7911=IFCSTYLEDITEM(#7866,(#101),$);
#7912=IFCSTYLEDITEM(#7886,(#101),$);
#7913=IFCSTYLEDITEM(#7896,(#101),$);
#7914=IFCSHAPEREPRESENTATION(#16,'Body','SweptSolid',(#7796,#7816,#7836,#7856,#7866,#7886,#7896));
#7915=IFCPRODUCTDEFINITIONSHAPE($,$,(#7914));
#7916=IFCLOCALPLACEMENT(#23,#13);
#7917=IFCCABLESEGMENT('1Dyw$BM6X9d8Tkqeje20K3',#5,'Cable d''enllumenat \X2\00B7\X0\ Lighting cable',$,'RV-K 0.6/1 kV 4 \X2\00D7\X0\ 6 mm\X2\00B2\X0\, with risers to the post bases',#7916,#7915,'PFAL-ELM-015',.CABLESEGMENT.);
#7918=IFCRELASSOCIATESMATERIAL('0PZf17I_TAQv8UwO$Z916l',#5,$,$,(#7917),#102);
#7919=IFCPROPERTYSINGLEVALUE('Material',$,IFCLABEL('Copper conductors, XLPE insulation, black PVC sheath'),$);
#7920=IFCPROPERTYSINGLEVALUE('Category',$,IFCLABEL('Copper'),$);
#7921=IFCPROPERTYSINGLEVALUE('MassDensity_kg_m3',$,IFCREAL(3500.),$);
#7922=IFCPROPERTYSET('3Gn5_oV8b0XQbUy$1qvfpn',#5,'Pset_CDE_Material',$,(#7919,#7920,#7921));
#7923=IFCRELDEFINESBYPROPERTIES('13HzFl8fTDCP6cwvmvDaRy',#5,$,$,(#7917),#7922);
#7924=IFCPROPERTYSINGLEVALUE('GeometrySource',$,IFCLABEL('Below the pavement: not visible in any open source; typical for a Barcelona street-lighting circuit'),$);
#7925=IFCPROPERTYSINGLEVALUE('Confidence',$,IFCLABEL('Low'),$);
#7926=IFCPROPERTYSET('1vXgbjTVrEAftzfGoG09HW',#5,'Pset_CDE_Provenance',$,(#7924,#7925));
#7927=IFCRELDEFINESBYPROPERTIES('3RtLKGGMLFiub6qZ7rIpb1',#5,$,$,(#7917),#7926);
#7928=IFCPROPERTYSINGLEVALUE('Conductors',$,IFCLABEL('4 \X2\00D7\X0\ 6 mm\X2\00B2\X0\ Cu'),$);
#7929=IFCPROPERTYSINGLEVALUE('Insulation',$,IFCLABEL('XLPE'),$);
#7930=IFCPROPERTYSINGLEVALUE('Sheath',$,IFCLABEL('PVC'),$);
#7931=IFCPROPERTYSINGLEVALUE('Depth_m',$,IFCREAL(0.6),$);
#7932=IFCPROPERTYSINGLEVALUE('Length_m',$,IFCREAL(56.8),$);
#7933=IFCPROPERTYSET('0IBC0JdXb5th6WKWqKRlCr',#5,'Pset_CDE_Specification',$,(#7928,#7929,#7930,#7931,#7932));
#7934=IFCRELDEFINESBYPROPERTIES('1gF6fiuI9ANxHeJ$gqLNjZ',#5,$,$,(#7917),#7933);
#7935=IFCPROPERTYSINGLEVALUE('DataStatus',$,IFCLABEL('Illustrative demo values \X2\2014\X0\ not the owner''s as-built register'),$);
#7936=IFCPROPERTYSINGLEVALUE('AssetOwner',$,IFCLABEL('Ajuntament de Barcelona \X2\2014\X0\ public lighting (demo)'),$);
#7937=IFCPROPERTYSINGLEVALUE('Manufacturer',$,IFCLABEL('Demo cable maker'),$);
#7938=IFCPROPERTYSINGLEVALUE('Model',$,IFCLABEL('RV-K 0.6/1 kV 4\X2\00D7\X0\6'),$);
#7939=IFCPROPERTYSINGLEVALUE('SerialNumber',$,IFCLABEL('BCN-ELE-PGR-006'),$);
#7940=IFCPROPERTYSINGLEVALUE('LifecycleStatus',$,IFCLABEL('In service'),$);
#7941=IFCPROPERTYSINGLEVALUE('InstallationYear',$,IFCINTEGER(2009),$);
#7942=IFCPROPERTYSINGLEVALUE('LastInspection',$,IFCLABEL('2026-06-17'),$);
#7943=IFCPROPERTYSINGLEVALUE('InspectionInterval_months',$,IFCINTEGER(24),$);
#7944=IFCPROPERTYSINGLEVALUE('NextInspection',$,IFCLABEL('2028-06-17'),$);
#7945=IFCPROPERTYSINGLEVALUE('ConditionIndex_1to5',$,IFCINTEGER(4),$);
#7946=IFCPROPERTYSINGLEVALUE('WarrantyEnd',$,IFCLABEL('2019-12-31 (expired)'),$);
#7947=IFCPROPERTYSINGLEVALUE('MaintenanceContractor',$,IFCLABEL('Demo contractor \X2\2014\X0\ public lighting'),$);
#7948=IFCPROPERTYSINGLEVALUE('MaintenanceStrategy',$,IFCLABEL('Condition-based'),$);
#7949=IFCPROPERTYSINGLEVALUE('InsulationResistance_MOhm',$,IFCINTEGER(480),$);
#7950=IFCPROPERTYSET('0$YajaYlL3t9PmLUBXrYSM',#5,'Pset_CDE_AssetManagement (demo)',$,(#7935,#7936,#7937,#7938,#7939,#7940,#7941,#7942,#7943,#7944,#7945,#7946,#7947,#7948,#7949));
#7951=IFCRELDEFINESBYPROPERTIES('0AJa0OUrHC3AAZ_Tnollac',#5,$,$,(#7917),#7950);
#7952=IFCSTYLEDITEM(#7806,(#110),$);
#7953=IFCSTYLEDITEM(#7826,(#110),$);
#7954=IFCSTYLEDITEM(#7846,(#110),$);
#7955=IFCSTYLEDITEM(#7876,(#110),$);
#7956=IFCSTYLEDITEM(#7906,(#110),$);
#7957=IFCSHAPEREPRESENTATION(#16,'Body','SweptSolid',(#7806,#7826,#7846,#7876,#7906));
#7958=IFCPRODUCTDEFINITIONSHAPE($,$,(#7957));
#7959=IFCLOCALPLACEMENT(#23,#13);
#7960=IFCCABLECARRIERSEGMENT('1QjZ$7DzfC1h9vMkPBJvO0',#5,'Tub corrugat \X2\00B7\X0\ Cable duct',$,'Corrugated HDPE duct \X2\00D8\X0\90 (\X2\00D8\X0\63 to the posts) in sand bedding',#7959,#7958,'PFAL-ELM-016',.CONDUITSEGMENT.);
#7961=IFCRELASSOCIATESMATERIAL('2nuR3yRD9CugpyZ40EGaDF',#5,$,$,(#7960),#111);
#7962=IFCPROPERTYSINGLEVALUE('Material',$,IFCLABEL('Corrugated HDPE duct, red (power)'),$);
#7963=IFCPROPERTYSINGLEVALUE('Category',$,IFCLABEL('Plastic'),$);
#7964=IFCPROPERTYSINGLEVALUE('MassDensity_kg_m3',$,IFCREAL(950.),$);
#7965=IFCPROPERTYSET('19Y_UuEXTFoviv3nKLuuHE',#5,'Pset_CDE_Material',$,(#7962,#7963,#7964));
#7966=IFCRELDEFINESBYPROPERTIES('25ZW54wf53WeUhloPFxxEs',#5,$,$,(#7960),#7965);
#7967=IFCPROPERTYSINGLEVALUE('GeometrySource',$,IFCLABEL('Below the pavement: not visible in any open source; typical for a Barcelona street-lighting circuit'),$);
#7968=IFCPROPERTYSINGLEVALUE('Confidence',$,IFCLABEL('Low'),$);
#7969=IFCPROPERTYSET('30MYsknw99mvQqqWG6Ar4I',#5,'Pset_CDE_Provenance',$,(#7967,#7968));
#7970=IFCRELDEFINESBYPROPERTIES('3G$TzESU97BRHO_nlntmW_',#5,$,$,(#7960),#7969);
#7971=IFCPROPERTYSINGLEVALUE('Diameter_mm',$,IFCINTEGER(90),$);
#7972=IFCPROPERTYSINGLEVALUE('Bedding',$,IFCLABEL('Sand, warning tape 0.3 m above'),$);
#7973=IFCPROPERTYSET('11d61EoWb2VRJ4LZElcDw5',#5,'Pset_CDE_Specification',$,(#7971,#7972));
#7974=IFCRELDEFINESBYPROPERTIES('0ypq9GKrbFB82MK9AOFGUf',#5,$,$,(#7960),#7973);
#7975=IFCPROPERTYSINGLEVALUE('DataStatus',$,IFCLABEL('Illustrative demo values \X2\2014\X0\ not the owner''s as-built register'),$);
#7976=IFCPROPERTYSINGLEVALUE('AssetOwner',$,IFCLABEL('Ajuntament de Barcelona \X2\2014\X0\ public lighting (demo)'),$);
#7977=IFCPROPERTYSINGLEVALUE('Manufacturer',$,IFCLABEL('Demo duct maker'),$);
#7978=IFCPROPERTYSINGLEVALUE('Model',$,IFCLABEL('HDPE corrugated \X2\00D8\X0\90'),$);
#7979=IFCPROPERTYSINGLEVALUE('SerialNumber',$,IFCLABEL('BCN-ELE-PGR-007'),$);
#7980=IFCPROPERTYSINGLEVALUE('LifecycleStatus',$,IFCLABEL('In service'),$);
#7981=IFCPROPERTYSINGLEVALUE('InstallationYear',$,IFCINTEGER(2009),$);
#7982=IFCPROPERTYSINGLEVALUE('LastInspection',$,IFCLABEL('2026-06-17'),$);
#7983=IFCPROPERTYSINGLEVALUE('InspectionInterval_months',$,IFCINTEGER(60),$);
#7984=IFCPROPERTYSINGLEVALUE('NextInspection',$,IFCLABEL('2031-06-17'),$);
#7985=IFCPROPERTYSINGLEVALUE('ConditionIndex_1to5',$,IFCINTEGER(4),$);
#7986=IFCPROPERTYSINGLEVALUE('WarrantyEnd',$,IFCLABEL('2019-12-31 (expired)'),$);
#7987=IFCPROPERTYSINGLEVALUE('MaintenanceContractor',$,IFCLABEL('Demo contractor \X2\2014\X0\ public lighting'),$);
#7988=IFCPROPERTYSINGLEVALUE('MaintenanceStrategy',$,IFCLABEL('Condition-based'),$);
#7989=IFCPROPERTYSET('0z$RTY0ZbFV833wNzJ6Ekf',#5,'Pset_CDE_AssetManagement (demo)',$,(#7975,#7976,#7977,#7978,#7979,#7980,#7981,#7982,#7983,#7984,#7985,#7986,#7987,#7988));
#7990=IFCRELDEFINESBYPROPERTIES('0OySQIes5DwAj2aecU_1og',#5,$,$,(#7960),#7989);
#7991=IFCCARTESIANPOINT((0.,0.));
#7992=IFCDIRECTION((-0.6832737736807996,0.730162276620752));
#7993=IFCAXIS2PLACEMENT2D(#7991,#7992);
#7994=IFCRECTANGLEPROFILEDEF(.AREA.,$,#7993,0.5,0.04999999999999999);
#7995=IFCCARTESIANPOINT((-0.40846023142709315,2.0829750933082534,-0.7226098191214471));
#7996=IFCAXIS2PLACEMENT3D(#7995,$,$);
#7997=IFCDIRECTION((0.,0.,1.));
#7998=IFCEXTRUDEDAREASOLID(#7994,#7996,#7997,0.72);
#7999=IFCCARTESIANPOINT((0.,0.));
#8000=IFCDIRECTION((-0.6832737736807996,0.730162276620752));
#8001=IFCAXIS2PLACEMENT2D(#7999,#8000);
#8002=IFCRECTANGLEPROFILEDEF(.AREA.,$,#8001,0.5,0.04999999999999999);
#8003=IFCCARTESIANPOINT((-0.7370332559064317,1.7755018951518937,-0.7226098191214471));
#8004=IFCAXIS2PLACEMENT3D(#8003,$,$);
#8005=IFCDIRECTION((0.,0.,1.));
#8006=IFCEXTRUDEDAREASOLID(#8002,#8004,#8005,0.72);
#8007=IFCCARTESIANPOINT((0.,0.));
#8008=IFCDIRECTION((-0.6832737736807996,0.730162276620752));
#8009=IFCAXIS2PLACEMENT2D(#8007,#8008);
#8010=IFCRECTANGLEPROFILEDEF(.AREA.,$,#8009,0.04999999999999999,0.4);
#8011=IFCCARTESIANPOINT((-0.41901014458858243,1.7649519819904043,-0.7226098191214471));
#8012=IFCAXIS2PLACEMENT3D(#8011,$,$);
#8013=IFCDIRECTION((0.,0.,1.));
#8014=IFCEXTRUDEDAREASOLID(#8010,#8012,#8013,0.72);
#8015=IFCCARTESIANPOINT((0.,0.));
#8016=IFCDIRECTION((-0.6832737736807996,0.730162276620752));
#8017=IFCAXIS2PLACEMENT2D(#8015,#8016);
#8018=IFCRECTANGLEPROFILEDEF(.AREA.,$,#8017,0.04999999999999999,0.4);
#8019=IFCCARTESIANPOINT((-0.7264833427449423,2.0935250064697426,-0.7226098191214471));
#8020=IFCAXIS2PLACEMENT3D(#8019,$,$);
#8021=IFCDIRECTION((0.,0.,1.));
#8022=IFCEXTRUDEDAREASOLID(#8018,#8020,#8021,0.72);
#8023=IFCCARTESIANPOINT((0.,0.));
#8024=IFCDIRECTION((-0.6832737736807996,0.730162276620752));
#8025=IFCAXIS2PLACEMENT2D(#8023,#8024);
#8026=IFCRECTANGLEPROFILEDEF(.AREA.,$,#8025,0.5,0.5);
#8027=IFCCARTESIANPOINT((-0.5727467436667624,1.9292384942300735,-0.802609819121447));
#8028=IFCAXIS2PLACEMENT3D(#8027,$,$);
#8029=IFCDIRECTION((0.,0.,1.));
#8030=IFCEXTRUDEDAREASOLID(#8026,#8028,#8029,0.08);
#8031=IFCSTYLEDITEM(#7998,(#119),$);
#8032=IFCSTYLEDITEM(#8006,(#119),$);
#8033=IFCSTYLEDITEM(#8014,(#119),$);
#8034=IFCSTYLEDITEM(#8022,(#119),$);
#8035=IFCSTYLEDITEM(#8030,(#119),$);
#8036=IFCSHAPEREPRESENTATION(#16,'Body','SweptSolid',(#7998,#8006,#8014,#8022,#8030));
#8037=IFCPRODUCTDEFINITIONSHAPE($,$,(#8036));
#8038=IFCLOCALPLACEMENT(#23,#13);
#8039=IFCDISTRIBUTIONCHAMBERELEMENT('2zEqnxqKX2_eHlHdzOz_yJ',#5,'Arqueta de registre 1 \X2\00B7\X0\ Draw pit 1',$,'Precast draw pit 500 \X2\00D7\X0\ 500, 750 deep',#8038,#8037,'PFAL-ELM-017',.INSPECTIONCHAMBER.);
#8040=IFCRELASSOCIATESMATERIAL('0BLMTaaN13QPEGNZ4WhKYi',#5,$,$,(#8039),#120);
#8041=IFCPROPERTYSINGLEVALUE('Material',$,IFCLABEL('Precast concrete C30/37'),$);
#8042=IFCPROPERTYSINGLEVALUE('Category',$,IFCLABEL('Concrete'),$);
#8043=IFCPROPERTYSINGLEVALUE('MassDensity_kg_m3',$,IFCREAL(2400.),$);
#8044=IFCPROPERTYSET('1rrtBsx8v7nR8aWgpaq62m',#5,'Pset_CDE_Material',$,(#8041,#8042,#8043));
#8045=IFCRELDEFINESBYPROPERTIES('3PfPlOp_b4t9ZJQFguXHDa',#5,$,$,(#8039),#8044);
#8046=IFCPROPERTYSINGLEVALUE('GeometrySource',$,IFCLABEL('Below the pavement: not visible in any open source; typical for a Barcelona street-lighting circuit'),$);
#8047=IFCPROPERTYSINGLEVALUE('Confidence',$,IFCLABEL('Low'),$);
#8048=IFCPROPERTYSET('0EadLVrzT9yforOscsQjo6',#5,'Pset_CDE_Provenance',$,(#8046,#8047));
#8049=IFCRELDEFINESBYPROPERTIES('2ozaPPu_v2hv7VaQH$jrmZ',#5,$,$,(#8039),#8048);
#8050=IFCPROPERTYSINGLEVALUE('InnerSize_mm',$,IFCLABEL('400 \X2\00D7\X0\ 400'),$);
#8051=IFCPROPERTYSINGLEVALUE('Depth_mm',$,IFCINTEGER(750),$);
#8052=IFCPROPERTYSET('2ZxmnOyT9DPPpwnigSOaYN',#5,'Pset_CDE_Specification',$,(#8050,#8051));
#8053=IFCRELDEFINESBYPROPERTIES('2zgPGFBTr27O4XzYfS5rRd',#5,$,$,(#8039),#8052);
#8054=IFCPROPERTYSINGLEVALUE('DataStatus',$,IFCLABEL('Illustrative demo values \X2\2014\X0\ not the owner''s as-built register'),$);
#8055=IFCPROPERTYSINGLEVALUE('AssetOwner',$,IFCLABEL('Ajuntament de Barcelona \X2\2014\X0\ public lighting (demo)'),$);
#8056=IFCPROPERTYSINGLEVALUE('Manufacturer',$,IFCLABEL('Demo precast plant'),$);
#8057=IFCPROPERTYSINGLEVALUE('Model',$,IFCLABEL('Draw pit 50\X2\00D7\X0\50'),$);
#8058=IFCPROPERTYSINGLEVALUE('SerialNumber',$,IFCLABEL('BCN-ELE-PGR-008'),$);
#8059=IFCPROPERTYSINGLEVALUE('LifecycleStatus',$,IFCLABEL('In service'),$);
#8060=IFCPROPERTYSINGLEVALUE('InstallationYear',$,IFCINTEGER(2009),$);
#8061=IFCPROPERTYSINGLEVALUE('LastInspection',$,IFCLABEL('2026-06-17'),$);
#8062=IFCPROPERTYSINGLEVALUE('InspectionInterval_months',$,IFCINTEGER(12),$);
#8063=IFCPROPERTYSINGLEVALUE('NextInspection',$,IFCLABEL('2027-06-17'),$);
#8064=IFCPROPERTYSINGLEVALUE('ConditionIndex_1to5',$,IFCINTEGER(4),$);
#8065=IFCPROPERTYSINGLEVALUE('WarrantyEnd',$,IFCLABEL('2019-12-31 (expired)'),$);
#8066=IFCPROPERTYSINGLEVALUE('MaintenanceContractor',$,IFCLABEL('Demo contractor \X2\2014\X0\ public lighting'),$);
#8067=IFCPROPERTYSINGLEVALUE('MaintenanceStrategy',$,IFCLABEL('Condition-based'),$);
#8068=IFCPROPERTYSET('16TFuqZ2zFl9_TnizZ4NCv',#5,'Pset_CDE_AssetManagement (demo)',$,(#8054,#8055,#8056,#8057,#8058,#8059,#8060,#8061,#8062,#8063,#8064,#8065,#8066,#8067));
#8069=IFCRELDEFINESBYPROPERTIES('3dNcAajSj7fgNuUCJpCIBF',#5,$,$,(#8039),#8068);
#8070=IFCCARTESIANPOINT((0.,0.));
#8071=IFCDIRECTION((-0.6832737736807996,0.730162276620752));
#8072=IFCAXIS2PLACEMENT2D(#8070,#8071);
#8073=IFCRECTANGLEPROFILEDEF(.AREA.,$,#8072,0.5,0.5);
#8074=IFCCARTESIANPOINT((-0.5727467436667624,1.9292384942300735,0.00739018087855297));
#8075=IFCAXIS2PLACEMENT3D(#8074,$,$);
#8076=IFCDIRECTION((0.,0.,1.));
#8077=IFCEXTRUDEDAREASOLID(#8073,#8075,#8076,0.05);
#8078=IFCSTYLEDITEM(#8077,(#47),$);
#8079=IFCSHAPEREPRESENTATION(#16,'Body','SweptSolid',(#8077));
#8080=IFCPRODUCTDEFINITIONSHAPE($,$,(#8079));
#8081=IFCLOCALPLACEMENT(#23,#13);
#8082=IFCCOVERING('2deoK2eYn6UvRCe2ZYN$6E',#5,'Tapa de l''arqueta 1 \X2\00B7\X0\ Draw-pit cover',$,'Ductile-iron cover 500 \X2\00D7\X0\ 500, B125, marked \X2\00AB\X0\ENLLUMENAT\X2\00BB\X0\',#8081,#8080,'PFAL-COV-003',.USERDEFINED.);
#8083=IFCRELASSOCIATESMATERIAL('28B47frjzAFANDav1mCNMH',#5,$,$,(#8082),#48);
#8084=IFCPROPERTYSINGLEVALUE('Material',$,IFCLABEL('Cast iron, painted dark grey'),$);
#8085=IFCPROPERTYSINGLEVALUE('Category',$,IFCLABEL('Iron'),$);
#8086=IFCPROPERTYSINGLEVALUE('MassDensity_kg_m3',$,IFCREAL(7200.),$);
#8087=IFCPROPERTYSET('3YkKkHSXH1uwrqBbvhPEs$',#5,'Pset_CDE_Material',$,(#8084,#8085,#8086));
#8088=IFCRELDEFINESBYPROPERTIES('2J91xU$QH27u2ll4ZLy1At',#5,$,$,(#8082),#8087);
#8089=IFCPROPERTYSINGLEVALUE('GeometrySource',$,IFCLABEL('Typical dimensions and detailing for Barcelona street lighting; not visible in any open source'),$);
#8090=IFCPROPERTYSINGLEVALUE('Confidence',$,IFCLABEL('Low'),$);
#8091=IFCPROPERTYSET('1lZhXyvon7aBHBfbOGs0dy',#5,'Pset_CDE_Provenance',$,(#8089,#8090));
#8092=IFCRELDEFINESBYPROPERTIES('30DICWdIz4LRjYGKMhWzhN',#5,$,$,(#8082),#8091);
#8093=IFCPROPERTYSINGLEVALUE('Class',$,IFCLABEL('B125 (EN 124)'),$);
#8094=IFCPROPERTYSET('3443PKsXH8gQKfRi9T_a47',#5,'Pset_CDE_Specification',$,(#8093));
#8095=IFCRELDEFINESBYPROPERTIES('1w61VcpqT8b9x3dt2L9bzz',#5,$,$,(#8082),#8094);
#8096=IFCPROPERTYSINGLEVALUE('DataStatus',$,IFCLABEL('Illustrative demo values \X2\2014\X0\ not the owner''s as-built register'),$);
#8097=IFCPROPERTYSINGLEVALUE('AssetOwner',$,IFCLABEL('Ajuntament de Barcelona \X2\2014\X0\ public lighting (demo)'),$);
#8098=IFCPROPERTYSINGLEVALUE('Manufacturer',$,IFCLABEL('Demo foundry'),$);
#8099=IFCPROPERTYSINGLEVALUE('Model',$,IFCLABEL('Cover 50\X2\00D7\X0\50 B125'),$);
#8100=IFCPROPERTYSINGLEVALUE('SerialNumber',$,IFCLABEL('BCN-ELE-PGR-009'),$);
#8101=IFCPROPERTYSINGLEVALUE('LifecycleStatus',$,IFCLABEL('In service'),$);
#8102=IFCPROPERTYSINGLEVALUE('InstallationYear',$,IFCINTEGER(2009),$);
#8103=IFCPROPERTYSINGLEVALUE('LastInspection',$,IFCLABEL('2026-06-17'),$);
#8104=IFCPROPERTYSINGLEVALUE('InspectionInterval_months',$,IFCINTEGER(12),$);
#8105=IFCPROPERTYSINGLEVALUE('NextInspection',$,IFCLABEL('2027-06-17'),$);
#8106=IFCPROPERTYSINGLEVALUE('ConditionIndex_1to5',$,IFCINTEGER(4),$);
#8107=IFCPROPERTYSINGLEVALUE('WarrantyEnd',$,IFCLABEL('2019-12-31 (expired)'),$);
#8108=IFCPROPERTYSINGLEVALUE('MaintenanceContractor',$,IFCLABEL('Demo contractor \X2\2014\X0\ public lighting'),$);
#8109=IFCPROPERTYSINGLEVALUE('MaintenanceStrategy',$,IFCLABEL('Condition-based'),$);
#8110=IFCPROPERTYSET('3q2CxeW6L82hNChHfDsYgX',#5,'Pset_CDE_AssetManagement (demo)',$,(#8096,#8097,#8098,#8099,#8100,#8101,#8102,#8103,#8104,#8105,#8106,#8107,#8108,#8109));
#8111=IFCRELDEFINESBYPROPERTIES('2oSqhQKcX45ebGXZxNFOtO',#5,$,$,(#8082),#8110);
#8112=IFCCARTESIANPOINT((0.,0.));
#8113=IFCDIRECTION((-0.6832737736807996,0.730162276620752));
#8114=IFCAXIS2PLACEMENT2D(#8112,#8113);
#8115=IFCRECTANGLEPROFILEDEF(.AREA.,$,#8114,0.5,0.04999999999999999);
#8116=IFCCARTESIANPOINT((-24.20688576872934,27.514527188009044,-0.19260981912144703));
#8117=IFCAXIS2PLACEMENT3D(#8116,$,$);
#8118=IFCDIRECTION((0.,0.,1.));
#8119=IFCEXTRUDEDAREASOLID(#8115,#8117,#8118,0.72);
#8120=IFCCARTESIANPOINT((0.,0.));
#8121=IFCDIRECTION((-0.6832737736807996,0.730162276620752));
#8122=IFCAXIS2PLACEMENT2D(#8120,#8121);
#8123=IFCRECTANGLEPROFILEDEF(.AREA.,$,#8122,0.5,0.04999999999999999);
#8124=IFCCARTESIANPOINT((-24.53545879320868,27.207053989852685,-0.19260981912144703));
#8125=IFCAXIS2PLACEMENT3D(#8124,$,$);
#8126=IFCDIRECTION((0.,0.,1.));
#8127=IFCEXTRUDEDAREASOLID(#8123,#8125,#8126,0.72);
#8128=IFCCARTESIANPOINT((0.,0.));
#8129=IFCDIRECTION((-0.6832737736807996,0.730162276620752));
#8130=IFCAXIS2PLACEMENT2D(#8128,#8129);
#8131=IFCRECTANGLEPROFILEDEF(.AREA.,$,#8130,0.04999999999999999,0.4);
#8132=IFCCARTESIANPOINT((-24.21743568189083,27.196504076691195,-0.19260981912144703));
#8133=IFCAXIS2PLACEMENT3D(#8132,$,$);
#8134=IFCDIRECTION((0.,0.,1.));
#8135=IFCEXTRUDEDAREASOLID(#8131,#8133,#8134,0.72);
#8136=IFCCARTESIANPOINT((0.,0.));
#8137=IFCDIRECTION((-0.6832737736807996,0.730162276620752));
#8138=IFCAXIS2PLACEMENT2D(#8136,#8137);
#8139=IFCRECTANGLEPROFILEDEF(.AREA.,$,#8138,0.04999999999999999,0.4);
#8140=IFCCARTESIANPOINT((-24.52490888004719,27.525077101170535,-0.19260981912144703));
#8141=IFCAXIS2PLACEMENT3D(#8140,$,$);
#8142=IFCDIRECTION((0.,0.,1.));
#8143=IFCEXTRUDEDAREASOLID(#8139,#8141,#8142,0.72);
#8144=IFCCARTESIANPOINT((0.,0.));
#8145=IFCDIRECTION((-0.6832737736807996,0.730162276620752));
#8146=IFCAXIS2PLACEMENT2D(#8144,#8145);
#8147=IFCRECTANGLEPROFILEDEF(.AREA.,$,#8146,0.5,0.5);
#8148=IFCCARTESIANPOINT((-24.37117228096901,27.360790588930865,-0.272609819121447));
#8149=IFCAXIS2PLACEMENT3D(#8148,$,$);
#8150=IFCDIRECTION((0.,0.,1.));
#8151=IFCEXTRUDEDAREASOLID(#8147,#8149,#8150,0.08);
#8152=IFCSTYLEDITEM(#8119,(#119),$);
#8153=IFCSTYLEDITEM(#8127,(#119),$);
#8154=IFCSTYLEDITEM(#8135,(#119),$);
#8155=IFCSTYLEDITEM(#8143,(#119),$);
#8156=IFCSTYLEDITEM(#8151,(#119),$);
#8157=IFCSHAPEREPRESENTATION(#16,'Body','SweptSolid',(#8119,#8127,#8135,#8143,#8151));
#8158=IFCPRODUCTDEFINITIONSHAPE($,$,(#8157));
#8159=IFCLOCALPLACEMENT(#23,#13);
#8160=IFCDISTRIBUTIONCHAMBERELEMENT('2QPKB1Z6zAcR82KOBxGLFv',#5,'Arqueta de registre 2 \X2\00B7\X0\ Draw pit 2',$,'Precast draw pit 500 \X2\00D7\X0\ 500, 750 deep',#8159,#8158,'PFAL-ELM-018',.INSPECTIONCHAMBER.);
#8161=IFCRELASSOCIATESMATERIAL('3OXzTTI$L7iewnTVz4vb4U',#5,$,$,(#8160),#120);
#8162=IFCPROPERTYSINGLEVALUE('Material',$,IFCLABEL('Precast concrete C30/37'),$);
#8163=IFCPROPERTYSINGLEVALUE('Category',$,IFCLABEL('Concrete'),$);
#8164=IFCPROPERTYSINGLEVALUE('MassDensity_kg_m3',$,IFCREAL(2400.),$);
#8165=IFCPROPERTYSET('3YAWm3HdD2iBg1OUMfisDz',#5,'Pset_CDE_Material',$,(#8162,#8163,#8164));
#8166=IFCRELDEFINESBYPROPERTIES('0rTD3oJtLBOhot3owB7aqL',#5,$,$,(#8160),#8165);
#8167=IFCPROPERTYSINGLEVALUE('GeometrySource',$,IFCLABEL('Below the pavement: not visible in any open source; typical for a Barcelona street-lighting circuit'),$);
#8168=IFCPROPERTYSINGLEVALUE('Confidence',$,IFCLABEL('Low'),$);
#8169=IFCPROPERTYSET('1UdOZpjhD6Hvx3wQbPGIlw',#5,'Pset_CDE_Provenance',$,(#8167,#8168));
#8170=IFCRELDEFINESBYPROPERTIES('0XJqCAMb51s85JnEdV7lhW',#5,$,$,(#8160),#8169);
#8171=IFCPROPERTYSINGLEVALUE('InnerSize_mm',$,IFCLABEL('400 \X2\00D7\X0\ 400'),$);
#8172=IFCPROPERTYSINGLEVALUE('Depth_mm',$,IFCINTEGER(750),$);
#8173=IFCPROPERTYSET('3_YM3H9k51juhF8DJZ1Ety',#5,'Pset_CDE_Specification',$,(#8171,#8172));
#8174=IFCRELDEFINESBYPROPERTIES('000BgNecj3purKN_BMz5d1',#5,$,$,(#8160),#8173);
#8175=IFCPROPERTYSINGLEVALUE('DataStatus',$,IFCLABEL('Illustrative demo values \X2\2014\X0\ not the owner''s as-built register'),$);
#8176=IFCPROPERTYSINGLEVALUE('AssetOwner',$,IFCLABEL('Ajuntament de Barcelona \X2\2014\X0\ public lighting (demo)'),$);
#8177=IFCPROPERTYSINGLEVALUE('Manufacturer',$,IFCLABEL('Demo precast plant'),$);
#8178=IFCPROPERTYSINGLEVALUE('Model',$,IFCLABEL('Draw pit 50\X2\00D7\X0\50'),$);
#8179=IFCPROPERTYSINGLEVALUE('SerialNumber',$,IFCLABEL('BCN-ELE-PGR-010'),$);
#8180=IFCPROPERTYSINGLEVALUE('LifecycleStatus',$,IFCLABEL('In service'),$);
#8181=IFCPROPERTYSINGLEVALUE('InstallationYear',$,IFCINTEGER(2009),$);
#8182=IFCPROPERTYSINGLEVALUE('LastInspection',$,IFCLABEL('2026-06-17'),$);
#8183=IFCPROPERTYSINGLEVALUE('InspectionInterval_months',$,IFCINTEGER(12),$);
#8184=IFCPROPERTYSINGLEVALUE('NextInspection',$,IFCLABEL('2027-06-17'),$);
#8185=IFCPROPERTYSINGLEVALUE('ConditionIndex_1to5',$,IFCINTEGER(4),$);
#8186=IFCPROPERTYSINGLEVALUE('WarrantyEnd',$,IFCLABEL('2019-12-31 (expired)'),$);
#8187=IFCPROPERTYSINGLEVALUE('MaintenanceContractor',$,IFCLABEL('Demo contractor \X2\2014\X0\ public lighting'),$);
#8188=IFCPROPERTYSINGLEVALUE('MaintenanceStrategy',$,IFCLABEL('Condition-based'),$);
#8189=IFCPROPERTYSET('3PVgt$TZv7KvRrdlohjgtu',#5,'Pset_CDE_AssetManagement (demo)',$,(#8175,#8176,#8177,#8178,#8179,#8180,#8181,#8182,#8183,#8184,#8185,#8186,#8187,#8188));
#8190=IFCRELDEFINESBYPROPERTIES('35EdW2zEr2yfP88Nv7EZIE',#5,$,$,(#8160),#8189);
#8191=IFCCARTESIANPOINT((0.,0.));
#8192=IFCDIRECTION((-0.6832737736807996,0.730162276620752));
#8193=IFCAXIS2PLACEMENT2D(#8191,#8192);
#8194=IFCRECTANGLEPROFILEDEF(.AREA.,$,#8193,0.5,0.5);
#8195=IFCCARTESIANPOINT((-24.37117228096901,27.360790588930865,0.537390180878553));
#8196=IFCAXIS2PLACEMENT3D(#8195,$,$);
#8197=IFCDIRECTION((0.,0.,1.));
#8198=IFCEXTRUDEDAREASOLID(#8194,#8196,#8197,0.05);
#8199=IFCSTYLEDITEM(#8198,(#47),$);
#8200=IFCSHAPEREPRESENTATION(#16,'Body','SweptSolid',(#8198));
#8201=IFCPRODUCTDEFINITIONSHAPE($,$,(#8200));
#8202=IFCLOCALPLACEMENT(#23,#13);
#8203=IFCCOVERING('2KpeFhBkH5O9jZ_cklNARm',#5,'Tapa de l''arqueta 2 \X2\00B7\X0\ Draw-pit cover',$,'Ductile-iron cover 500 \X2\00D7\X0\ 500, B125, marked \X2\00AB\X0\ENLLUMENAT\X2\00BB\X0\',#8202,#8201,'PFAL-COV-004',.USERDEFINED.);
#8204=IFCRELASSOCIATESMATERIAL('1VvSIvkyn4dO0sVAghjOFL',#5,$,$,(#8203),#48);
#8205=IFCPROPERTYSINGLEVALUE('Material',$,IFCLABEL('Cast iron, painted dark grey'),$);
#8206=IFCPROPERTYSINGLEVALUE('Category',$,IFCLABEL('Iron'),$);
#8207=IFCPROPERTYSINGLEVALUE('MassDensity_kg_m3',$,IFCREAL(7200.),$);
#8208=IFCPROPERTYSET('1GlwWcwHDEWA7DiZbPi1EN',#5,'Pset_CDE_Material',$,(#8205,#8206,#8207));
#8209=IFCRELDEFINESBYPROPERTIES('2ku66QHGb88ATA7UsG2qJP',#5,$,$,(#8203),#8208);
#8210=IFCPROPERTYSINGLEVALUE('GeometrySource',$,IFCLABEL('Typical dimensions and detailing for Barcelona street lighting; not visible in any open source'),$);
#8211=IFCPROPERTYSINGLEVALUE('Confidence',$,IFCLABEL('Low'),$);
#8212=IFCPROPERTYSET('2dQ6WBvgXBbRrrhkIFUez0',#5,'Pset_CDE_Provenance',$,(#8210,#8211));
#8213=IFCRELDEFINESBYPROPERTIES('34L9W5KQD11gyLsk$hN1gr',#5,$,$,(#8203),#8212);
#8214=IFCPROPERTYSINGLEVALUE('Class',$,IFCLABEL('B125 (EN 124)'),$);
#8215=IFCPROPERTYSET('3H0i5FxFHEzu7WuckZEbf_',#5,'Pset_CDE_Specification',$,(#8214));
#8216=IFCRELDEFINESBYPROPERTIES('3NkhT0yVf5VwvXiftbluza',#5,$,$,(#8203),#8215);
#8217=IFCPROPERTYSINGLEVALUE('DataStatus',$,IFCLABEL('Illustrative demo values \X2\2014\X0\ not the owner''s as-built register'),$);
#8218=IFCPROPERTYSINGLEVALUE('AssetOwner',$,IFCLABEL('Ajuntament de Barcelona \X2\2014\X0\ public lighting (demo)'),$);
#8219=IFCPROPERTYSINGLEVALUE('Manufacturer',$,IFCLABEL('Demo foundry'),$);
#8220=IFCPROPERTYSINGLEVALUE('Model',$,IFCLABEL('Cover 50\X2\00D7\X0\50 B125'),$);
#8221=IFCPROPERTYSINGLEVALUE('SerialNumber',$,IFCLABEL('BCN-ELE-PGR-011'),$);
#8222=IFCPROPERTYSINGLEVALUE('LifecycleStatus',$,IFCLABEL('In service'),$);
#8223=IFCPROPERTYSINGLEVALUE('InstallationYear',$,IFCINTEGER(2009),$);
#8224=IFCPROPERTYSINGLEVALUE('LastInspection',$,IFCLABEL('2026-06-17'),$);
#8225=IFCPROPERTYSINGLEVALUE('InspectionInterval_months',$,IFCINTEGER(12),$);
#8226=IFCPROPERTYSINGLEVALUE('NextInspection',$,IFCLABEL('2027-06-17'),$);
#8227=IFCPROPERTYSINGLEVALUE('ConditionIndex_1to5',$,IFCINTEGER(4),$);
#8228=IFCPROPERTYSINGLEVALUE('WarrantyEnd',$,IFCLABEL('2019-12-31 (expired)'),$);
#8229=IFCPROPERTYSINGLEVALUE('MaintenanceContractor',$,IFCLABEL('Demo contractor \X2\2014\X0\ public lighting'),$);
#8230=IFCPROPERTYSINGLEVALUE('MaintenanceStrategy',$,IFCLABEL('Condition-based'),$);
#8231=IFCPROPERTYSET('0BTpa6V7PF2fGINnAeaKgj',#5,'Pset_CDE_AssetManagement (demo)',$,(#8217,#8218,#8219,#8220,#8221,#8222,#8223,#8224,#8225,#8226,#8227,#8228,#8229,#8230));
#8232=IFCRELDEFINESBYPROPERTIES('3qQ4QHpPzE8BhVp8$BOr8L',#5,$,$,(#8203),#8231);
#8233=IFCLOCALPLACEMENT(#23,#13);
#8234=IFCELEMENTASSEMBLY('0Iq29tinT8GwnDag8X9J75',#5,'Arbrat de l''andana \X2\00B7\X0\ Island trees',$,'Street trees and grates',#8233,$,'PFAL-ASM-006',.NOTDEFINED.,.USERDEFINED.);
#8235=IFCPROPERTYSINGLEVALUE('DataStatus',$,IFCLABEL('Illustrative demo values \X2\2014\X0\ not the owner''s as-built register'),$);
#8236=IFCPROPERTYSINGLEVALUE('AssetOwner',$,IFCLABEL('Ajuntament de Barcelona \X2\2014\X0\ parks and trees (demo)'),$);
#8237=IFCPROPERTYSINGLEVALUE('Manufacturer',$,IFCLABEL('Municipal nursery (demo)'),$);
#8238=IFCPROPERTYSINGLEVALUE('Model',$,IFCLABEL('Platanus \X2\00D7\X0\ hispanica'),$);
#8239=IFCPROPERTYSINGLEVALUE('SerialNumber',$,IFCLABEL('BCN-ARB-PGR-001'),$);
#8240=IFCPROPERTYSINGLEVALUE('LifecycleStatus',$,IFCLABEL('In service'),$);
#8241=IFCPROPERTYSINGLEVALUE('InstallationYear',$,IFCINTEGER(1975),$);
#8242=IFCPROPERTYSINGLEVALUE('LastInspection',$,IFCLABEL('2026-06-17'),$);
#8243=IFCPROPERTYSINGLEVALUE('InspectionInterval_months',$,IFCINTEGER(12),$);
#8244=IFCPROPERTYSINGLEVALUE('NextInspection',$,IFCLABEL('2027-06-17'),$);
#8245=IFCPROPERTYSINGLEVALUE('ConditionIndex_1to5',$,IFCINTEGER(4),$);
#8246=IFCPROPERTYSINGLEVALUE('WarrantyEnd',$,IFCLABEL('1977-12-31 (expired)'),$);
#8247=IFCPROPERTYSINGLEVALUE('MaintenanceContractor',$,IFCLABEL('Demo contractor \X2\2014\X0\ urban arboriculture'),$);
#8248=IFCPROPERTYSINGLEVALUE('MaintenanceStrategy',$,IFCLABEL('Condition-based'),$);
#8249=IFCPROPERTYSET('3M0btekN94SwGkIPqjSeDX',#5,'Pset_CDE_AssetManagement (demo)',$,(#8235,#8236,#8237,#8238,#8239,#8240,#8241,#8242,#8243,#8244,#8245,#8246,#8247,#8248));
#8250=IFCRELDEFINESBYPROPERTIES('1SWW4i1lXFLh$_4CWN6zGk',#5,$,$,(#8234),#8249);
#8251=IFCPROPERTYSINGLEVALUE('GeometrySource',$,IFCLABEL('Positions from OSM tree nodes (ODbL); sizes typical'),$);
#8252=IFCPROPERTYSINGLEVALUE('Confidence',$,IFCLABEL('Medium'),$);
#8253=IFCPROPERTYSINGLEVALUE('Reference',$,IFCLABEL('OSM nodes 12633020992\X2\2013\X0\96'),$);
#8254=IFCPROPERTYSET('33Rqxv8L13BAg$2_9JVs$T',#5,'Pset_CDE_Provenance',$,(#8251,#8252,#8253));
#8255=IFCRELDEFINESBYPROPERTIES('1zALDhpxnAxR6Ccyk7Uz16',#5,$,$,(#8234),#8254);
#8256=IFCCARTESIANPOINT((0.,0.));
#8257=IFCDIRECTION((-0.6832737736807996,0.730162276620752));
#8258=IFCAXIS2PLACEMENT2D(#8256,#8257);
#8259=IFCRECTANGLEPROFILEDEF(.AREA.,$,#8258,1.4,0.06000000000000005);
#8260=IFCCARTESIANPOINT((8.819208725335905,-8.572206571633863,-0.1870140683318978));
#8261=IFCAXIS2PLACEMENT3D(#8260,$,$);
#8262=IFCDIRECTION((0.,0.,1.));
#8263=IFCEXTRUDEDAREASOLID(#8259,#8261,#8262,0.035);
#8264=IFCCARTESIANPOINT((0.,0.));
#8265=IFCDIRECTION((-0.6832737736807996,0.730162276620752));
#8266=IFCAXIS2PLACEMENT2D(#8264,#8265);
#8267=IFCRECTANGLEPROFILEDEF(.AREA.,$,#8266,1.4,0.06000000000000005);
#8268=IFCCARTESIANPOINT((7.840791274664096,-9.487793428366135,-0.1870140683318978));
#8269=IFCAXIS2PLACEMENT3D(#8268,$,$);
#8270=IFCDIRECTION((0.,0.,1.));
#8271=IFCEXTRUDEDAREASOLID(#8267,#8269,#8270,0.035);
#8272=IFCCARTESIANPOINT((0.,0.));
#8273=IFCDIRECTION((-0.6832737736807996,0.730162276620752));
#8274=IFCAXIS2PLACEMENT2D(#8272,#8273);
#8275=IFCRECTANGLEPROFILEDEF(.AREA.,$,#8274,0.06000000000000005,1.4);
#8276=IFCCARTESIANPOINT((8.787793428366136,-9.519208725335904,-0.1870140683318978));
#8277=IFCAXIS2PLACEMENT3D(#8276,$,$);
#8278=IFCDIRECTION((0.,0.,1.));
#8279=IFCEXTRUDEDAREASOLID(#8275,#8277,#8278,0.035);
#8280=IFCCARTESIANPOINT((0.,0.));
#8281=IFCDIRECTION((-0.6832737736807996,0.730162276620752));
#8282=IFCAXIS2PLACEMENT2D(#8280,#8281);
#8283=IFCRECTANGLEPROFILEDEF(.AREA.,$,#8282,0.06000000000000005,1.4);
#8284=IFCCARTESIANPOINT((7.872206571633864,-8.540791274664095,-0.1870140683318978));
#8285=IFCAXIS2PLACEMENT3D(#8284,$,$);
#8286=IFCDIRECTION((0.,0.,1.));
#8287=IFCEXTRUDEDAREASOLID(#8283,#8285,#8286,0.035);
#8288=IFCCARTESIANPOINT((0.,0.));
#8289=IFCDIRECTION((1.,0.));
#8290=IFCAXIS2PLACEMENT2D(#8288,#8289);
#8291=IFCCIRCLEHOLLOWPROFILEDEF(.AREA.,$,#8290,0.3,0.04999999999999999);
#8292=IFCCARTESIANPOINT((8.33,-9.03,-0.1870140683318978));
#8293=IFCAXIS2PLACEMENT3D(#8292,$,$);
#8294=IFCDIRECTION((0.,0.,1.));
#8295=IFCEXTRUDEDAREASOLID(#8291,#8293,#8294,0.035);
#8296=IFCCARTESIANPOINT((0.,0.));
#8297=IFCDIRECTION((-0.6832737736807993,0.7301622766207522));
#8298=IFCAXIS2PLACEMENT2D(#8296,#8297);
#8299=IFCRECTANGLEPROFILEDEF(.AREA.,$,#8298,0.36000000000000104,0.03);
#8300=IFCCARTESIANPOINT((8.002028588633216,-8.679522107222038,-0.1870140683318978));
#8301=IFCAXIS2PLACEMENT3D(#8300,$,$);
#8302=IFCDIRECTION((0.,0.,1.));
#8303=IFCEXTRUDEDAREASOLID(#8299,#8301,#8302,0.035);
#8304=IFCCARTESIANPOINT((0.,0.));
#8305=IFCDIRECTION((-0.9994502159417572,0.03315517838852434));
#8306=IFCAXIS2PLACEMENT2D(#8304,#8305);
#8307=IFCRECTANGLEPROFILEDEF(.AREA.,$,#8306,0.6333809511662446,0.03);
#8308=IFCCARTESIANPOINT((7.713648571009225,-9.009553517271536,-0.1870140683318978));
#8309=IFCAXIS2PLACEMENT3D(#8308,$,$);
#8310=IFCDIRECTION((0.,0.,1.));
#8311=IFCEXTRUDEDAREASOLID(#8307,#8309,#8310,0.035);
#8312=IFCCARTESIANPOINT((0.,0.));
#8313=IFCDIRECTION((-0.7301622766207524,-0.6832737736807991));
#8314=IFCAXIS2PLACEMENT2D(#8312,#8313);
#8315=IFCRECTANGLEPROFILEDEF(.AREA.,$,#8314,0.36000000000000104,0.03);
#8316=IFCCARTESIANPOINT((7.9795221072220395,-9.357971411366783,-0.1870140683318978));
#8317=IFCAXIS2PLACEMENT3D(#8316,$,$);
#8318=IFCDIRECTION((0.,0.,1.));
#8319=IFCEXTRUDEDAREASOLID(#8315,#8317,#8318,0.035);
#8320=IFCCARTESIANPOINT((0.,0.));
#8321=IFCDIRECTION((-0.03315517838852438,-0.9994502159417572));
#8322=IFCAXIS2PLACEMENT2D(#8320,#8321);
#8323=IFCRECTANGLEPROFILEDEF(.AREA.,$,#8322,0.6333809511662446,0.03);
#8324=IFCCARTESIANPOINT((8.309553517271537,-9.646351428990775,-0.1870140683318978));
#8325=IFCAXIS2PLACEMENT3D(#8324,$,$);
#8326=IFCDIRECTION((0.,0.,1.));
#8327=IFCEXTRUDEDAREASOLID(#8323,#8325,#8326,0.035);
#8328=IFCCARTESIANPOINT((0.,0.));
#8329=IFCDIRECTION((0.6832737736807992,-0.7301622766207523));
#8330=IFCAXIS2PLACEMENT2D(#8328,#8329);
#8331=IFCRECTANGLEPROFILEDEF(.AREA.,$,#8330,0.36000000000000104,0.03);
#8332=IFCCARTESIANPOINT((8.657971411366784,-9.38047789277796,-0.1870140683318978));
#8333=IFCAXIS2PLACEMENT3D(#8332,$,$);
#8334=IFCDIRECTION((0.,0.,1.));
#8335=IFCEXTRUDEDAREASOLID(#8331,#8333,#8334,0.035);
#8336=IFCCARTESIANPOINT((0.,0.));
#8337=IFCDIRECTION((0.9994502159417572,-0.03315517838852428));
#8338=IFCAXIS2PLACEMENT2D(#8336,#8337);
#8339=IFCRECTANGLEPROFILEDEF(.AREA.,$,#8338,0.6333809511662446,0.03);
#8340=IFCCARTESIANPOINT((8.946351428990775,-9.050446482728463,-0.1870140683318978));
#8341=IFCAXIS2PLACEMENT3D(#8340,$,$);
#8342=IFCDIRECTION((0.,0.,1.));
#8343=IFCEXTRUDEDAREASOLID(#8339,#8341,#8342,0.035);
#8344=IFCCARTESIANPOINT((0.,0.));
#8345=IFCDIRECTION((0.7301622766207523,0.6832737736807992));
#8346=IFCAXIS2PLACEMENT2D(#8344,#8345);
#8347=IFCRECTANGLEPROFILEDEF(.AREA.,$,#8346,0.36000000000000104,0.03);
#8348=IFCCARTESIANPOINT((8.680477892777962,-8.702028588633215,-0.1870140683318978));
#8349=IFCAXIS2PLACEMENT3D(#8348,$,$);
#8350=IFCDIRECTION((0.,0.,1.));
#8351=IFCEXTRUDEDAREASOLID(#8347,#8349,#8350,0.035);
#8352=IFCCARTESIANPOINT((0.,0.));
#8353=IFCDIRECTION((0.033155178388524276,0.9994502159417572));
#8354=IFCAXIS2PLACEMENT2D(#8352,#8353);
#8355=IFCRECTANGLEPROFILEDEF(.AREA.,$,#8354,0.6333809511662446,0.03);
#8356=IFCCARTESIANPOINT((8.350446482728463,-8.413648571009224,-0.1870140683318978));
#8357=IFCAXIS2PLACEMENT3D(#8356,$,$);
#8358=IFCDIRECTION((0.,0.,1.));
#8359=IFCEXTRUDEDAREASOLID(#8355,#8357,#8358,0.035);
#8360=IFCCARTESIANPOINT((0.,0.));
#8361=IFCDIRECTION((1.,0.));
#8362=IFCAXIS2PLACEMENT2D(#8360,#8361);
#8363=IFCCIRCLEHOLLOWPROFILEDEF(.AREA.,$,#8362,0.435,0.030000000000000027);
#8364=IFCCARTESIANPOINT((8.33,-9.03,-0.1870140683318978));
#8365=IFCAXIS2PLACEMENT3D(#8364,$,$);
#8366=IFCDIRECTION((0.,0.,1.));
#8367=IFCEXTRUDEDAREASOLID(#8363,#8365,#8366,0.035);
#8368=IFCCARTESIANPOINT((0.,0.));
#8369=IFCDIRECTION((1.,0.));
#8370=IFCAXIS2PLACEMENT2D(#8368,#8369);
#8371=IFCCIRCLEHOLLOWPROFILEDEF(.AREA.,$,#8370,0.5650000000000001,0.030000000000000027);
#8372=IFCCARTESIANPOINT((8.33,-9.03,-0.1870140683318978));
#8373=IFCAXIS2PLACEMENT3D(#8372,$,$);
#8374=IFCDIRECTION((0.,0.,1.));
#8375=IFCEXTRUDEDAREASOLID(#8371,#8373,#8374,0.035);
#8376=IFCSTYLEDITEM(#8263,(#47),$);
#8377=IFCSTYLEDITEM(#8271,(#47),$);
#8378=IFCSTYLEDITEM(#8279,(#47),$);
#8379=IFCSTYLEDITEM(#8287,(#47),$);
#8380=IFCSTYLEDITEM(#8295,(#47),$);
#8381=IFCSTYLEDITEM(#8303,(#47),$);
#8382=IFCSTYLEDITEM(#8311,(#47),$);
#8383=IFCSTYLEDITEM(#8319,(#47),$);
#8384=IFCSTYLEDITEM(#8327,(#47),$);
#8385=IFCSTYLEDITEM(#8335,(#47),$);
#8386=IFCSTYLEDITEM(#8343,(#47),$);
#8387=IFCSTYLEDITEM(#8351,(#47),$);
#8388=IFCSTYLEDITEM(#8359,(#47),$);
#8389=IFCSTYLEDITEM(#8367,(#47),$);
#8390=IFCSTYLEDITEM(#8375,(#47),$);
#8391=IFCSHAPEREPRESENTATION(#16,'Body','SweptSolid',(#8263,#8271,#8279,#8287,#8295,#8303,#8311,#8319,#8327,#8335,#8343,#8351,#8359,#8367,#8375));
#8392=IFCPRODUCTDEFINITIONSHAPE($,$,(#8391));
#8393=IFCLOCALPLACEMENT(#23,#13);
#8394=IFCCOVERING('33fS54eqrCuOnx6KzfH_Fi',#5,'Escocell 1 \X2\00B7\X0\ Tree grate 1',$,'Cast-iron tree grate 1 400 \X2\00D7\X0\ 1 400',#8393,#8392,'PFAL-COV-005',.USERDEFINED.);
#8395=IFCRELASSOCIATESMATERIAL('2WIX_cpVv2HPIuW8lv07Ef',#5,$,$,(#8394),#48);
#8396=IFCPROPERTYSINGLEVALUE('Material',$,IFCLABEL('Cast iron, painted dark grey'),$);
#8397=IFCPROPERTYSINGLEVALUE('Category',$,IFCLABEL('Iron'),$);
#8398=IFCPROPERTYSINGLEVALUE('MassDensity_kg_m3',$,IFCREAL(7200.),$);
#8399=IFCPROPERTYSET('03MZ4p7N1Bu8qVHrgbZC2w',#5,'Pset_CDE_Material',$,(#8396,#8397,#8398));
#8400=IFCRELDEFINESBYPROPERTIES('1wNvnYdbf2fx5qkRDbDZ_b',#5,$,$,(#8394),#8399);
#8401=IFCPROPERTYSINGLEVALUE('GeometrySource',$,IFCLABEL('Position from OSM tree node (ODbL); grate typical'),$);
#8402=IFCPROPERTYSINGLEVALUE('Confidence',$,IFCLABEL('Medium'),$);
#8403=IFCPROPERTYSINGLEVALUE('Reference',$,IFCLABEL('OSM node 12633020996'),$);
#8404=IFCPROPERTYSET('2B7o6w72P1OOf5sHm0QmFD',#5,'Pset_CDE_Provenance',$,(#8401,#8402,#8403));
#8405=IFCRELDEFINESBYPROPERTIES('1wy7gAHq5FE8hk0um_Gbq9',#5,$,$,(#8394),#8404);
#8406=IFCPROPERTYSINGLEVALUE('DataStatus',$,IFCLABEL('Illustrative demo values \X2\2014\X0\ not the owner''s as-built register'),$);
#8407=IFCPROPERTYSINGLEVALUE('AssetOwner',$,IFCLABEL('Ajuntament de Barcelona (register values are demo)'),$);
#8408=IFCPROPERTYSINGLEVALUE('Manufacturer',$,IFCLABEL('Demo foundry'),$);
#8409=IFCPROPERTYSINGLEVALUE('Model',$,IFCLABEL('Tree grate 140\X2\00D7\X0\140, radial'),$);
#8410=IFCPROPERTYSINGLEVALUE('SerialNumber',$,IFCLABEL('BCN-PAV-PGR-007'),$);
#8411=IFCPROPERTYSINGLEVALUE('LifecycleStatus',$,IFCLABEL('In service'),$);
#8412=IFCPROPERTYSINGLEVALUE('InstallationYear',$,IFCINTEGER(2009),$);
#8413=IFCPROPERTYSINGLEVALUE('LastInspection',$,IFCLABEL('2026-06-17'),$);
#8414=IFCPROPERTYSINGLEVALUE('InspectionInterval_months',$,IFCINTEGER(12),$);
#8415=IFCPROPERTYSINGLEVALUE('NextInspection',$,IFCLABEL('2027-06-17'),$);
#8416=IFCPROPERTYSINGLEVALUE('ConditionIndex_1to5',$,IFCINTEGER(4),$);
#8417=IFCPROPERTYSINGLEVALUE('WarrantyEnd',$,IFCLABEL('2019-12-31 (expired)'),$);
#8418=IFCPROPERTYSINGLEVALUE('MaintenanceContractor',$,IFCLABEL('Demo contractor \X2\2014\X0\ street furniture and paving'),$);
#8419=IFCPROPERTYSINGLEVALUE('MaintenanceStrategy',$,IFCLABEL('Condition-based'),$);
#8420=IFCPROPERTYSET('0tH3$QZ5j1kRi2X_EiHdRn',#5,'Pset_CDE_AssetManagement (demo)',$,(#8406,#8407,#8408,#8409,#8410,#8411,#8412,#8413,#8414,#8415,#8416,#8417,#8418,#8419));
#8421=IFCRELDEFINESBYPROPERTIES('10l_iDmz19IQebGmh2iCkZ',#5,$,$,(#8394),#8420);
#8422=IFCCARTESIANPOINT((0.,0.));
#8423=IFCDIRECTION((1.,0.));
#8424=IFCAXIS2PLACEMENT2D(#8422,#8423);
#8425=IFCCIRCLEPROFILEDEF(.AREA.,$,#8424,0.19);
#8426=IFCCARTESIANPOINT((8.33,-9.03,-0.1870140683318978));
#8427=IFCAXIS2PLACEMENT3D(#8426,$,$);
#8428=IFCDIRECTION((0.,0.,1.));
#8429=IFCEXTRUDEDAREASOLID(#8425,#8427,#8428,3.);
#8430=IFCCARTESIANPOINT((0.,0.));
#8431=IFCDIRECTION((1.,0.));
#8432=IFCAXIS2PLACEMENT2D(#8430,#8431);
#8433=IFCCIRCLEPROFILEDEF(.AREA.,$,#8432,0.12);
#8434=IFCCARTESIANPOINT((8.33,-9.03,2.612985931668102));
#8435=IFCDIRECTION((-0.5226168441931532,0.12267426000211754,0.8436958338752908));
#8436=IFCDIRECTION((0.2285196408403941,0.9735393026222297,-0.));
#8437=IFCAXIS2PLACEMENT3D(#8434,#8435,#8436);
#8438=IFCDIRECTION((0.,0.,1.));
#8439=IFCEXTRUDEDAREASOLID(#8433,#8437,#8438,2.0149441679609885);
#8440=IFCCARTESIANPOINT((0.,0.));
#8441=IFCDIRECTION((1.,0.));
#8442=IFCAXIS2PLACEMENT2D(#8440,#8441);
#8443=IFCCIRCLEPROFILEDEF(.AREA.,$,#8442,0.11);
#8444=IFCCARTESIANPOINT((8.33,-9.03,2.612985931668102));
#8445=IFCDIRECTION((0.08932895122343004,-0.45554001636745683,0.8857220963492214));
#8446=IFCDIRECTION((-0.9813107480056882,-0.19242976861316644,0.));
#8447=IFCAXIS2PLACEMENT3D(#8444,#8445,#8446);
#8448=IFCDIRECTION((0.,0.,1.));
#8449=IFCEXTRUDEDAREASOLID(#8443,#8447,#8448,2.032240143290157);
#8450=IFCCARTESIANPOINT((0.,0.));
#8451=IFCDIRECTION((1.,0.));
#8452=IFCAXIS2PLACEMENT2D(#8450,#8451);
#8453=IFCCIRCLEPROFILEDEF(.AREA.,$,#8452,0.11);
#8454=IFCCARTESIANPOINT((8.33,-9.03,2.612985931668102));
#8455=IFCDIRECTION((0.3202751350545887,0.3742023358580522,0.8702852691526741));
#8456=IFCDIRECTION((0.759727624479924,-0.650241444851135,0.));
#8457=IFCAXIS2PLACEMENT3D(#8454,#8455,#8456);
#8458=IFCDIRECTION((0.,0.,1.));
#8459=IFCEXTRUDEDAREASOLID(#8453,#8457,#8458,1.8384776310850237);
#8460=IFCSTYLEDITEM(#8429,(#137),$);
#8461=IFCSTYLEDITEM(#8439,(#137),$);
#8462=IFCSTYLEDITEM(#8449,(#137),$);
#8463=IFCSTYLEDITEM(#8459,(#137),$);
#8464=IFCSHAPEREPRESENTATION(#16,'Body','SweptSolid',(#8429,#8439,#8449,#8459));
#8465=IFCPRODUCTDEFINITIONSHAPE($,$,(#8464));
#8466=IFCLOCALPLACEMENT(#23,#13);
#8467=IFCGEOGRAPHICELEMENT('02dzDMzdnE8RcDBce$J66E',#5,'Pl\X2\00E0\X0\tan 1 \X2\00B7\X0\ Plane tree 1',$,'Street tree (trunk and first limbs; the crown is in the ICGC mesh)',#8466,#8465,'PFAL-ELM-019',.VEGETATION.);
#8468=IFCRELASSOCIATESMATERIAL('1HNJAPv5D5IOGQiw$hwDBV',#5,$,$,(#8467),#138);
#8469=IFCPROPERTYSINGLEVALUE('Material',$,IFCLABEL('Plane-tree bark'),$);
#8470=IFCPROPERTYSINGLEVALUE('Category',$,IFCLABEL('Wood'),$);
#8471=IFCPROPERTYSINGLEVALUE('MassDensity_kg_m3',$,IFCREAL(700.),$);
#8472=IFCPROPERTYSET('30uYsoIIz49hcUrpj52dHn',#5,'Pset_CDE_Material',$,(#8469,#8470,#8471));
#8473=IFCRELDEFINESBYPROPERTIES('1tC59OLCH0$foV6351DmTv',#5,$,$,(#8467),#8472);
#8474=IFCPROPERTYSINGLEVALUE('GeometrySource',$,IFCLABEL('Position from OSM tree node (ODbL); grate typical'),$);
#8475=IFCPROPERTYSINGLEVALUE('Confidence',$,IFCLABEL('Medium'),$);
#8476=IFCPROPERTYSINGLEVALUE('Reference',$,IFCLABEL('OSM node 12633020996'),$);
#8477=IFCPROPERTYSET('3_PN4dSvv938UOL46gfe4K',#5,'Pset_CDE_Provenance',$,(#8474,#8475,#8476));
#8478=IFCRELDEFINESBYPROPERTIES('0v0fmiZqLFuuh$f1YbzrmB',#5,$,$,(#8467),#8477);
#8479=IFCPROPERTYSINGLEVALUE('Species',$,IFCLABEL('Platanus \X2\00D7\X0\ hispanica (assumed: the Passeig''s plane trees; OSM node has no species)'),$);
#8480=IFCPROPERTYSINGLEVALUE('LeafType',$,IFCLABEL('Broadleaved'),$);
#8481=IFCPROPERTYSINGLEVALUE('Trunk_Circumference_cm',$,IFCINTEGER(149),$);
#8482=IFCPROPERTYSINGLEVALUE('Height_m',$,IFCINTEGER(17),$);
#8483=IFCPROPERTYSINGLEVALUE('OSMNode',$,IFCINTEGER(12633020996),$);
#8484=IFCPROPERTYSET('2KJcARBYHDIP4aHR7nizFl',#5,'Pset_CDE_Vegetation',$,(#8479,#8480,#8481,#8482,#8483));
#8485=IFCRELDEFINESBYPROPERTIES('3unU3yXdn2sBfKoFpfZvE0',#5,$,$,(#8467),#8484);
#8486=IFCPROPERTYSINGLEVALUE('DataStatus',$,IFCLABEL('Illustrative demo values \X2\2014\X0\ not the owner''s as-built register'),$);
#8487=IFCPROPERTYSINGLEVALUE('AssetOwner',$,IFCLABEL('Ajuntament de Barcelona \X2\2014\X0\ parks and trees (demo)'),$);
#8488=IFCPROPERTYSINGLEVALUE('Manufacturer',$,IFCLABEL('Municipal nursery (demo)'),$);
#8489=IFCPROPERTYSINGLEVALUE('Model',$,IFCLABEL('Platanus \X2\00D7\X0\ hispanica, planting stock 20/25'),$);
#8490=IFCPROPERTYSINGLEVALUE('SerialNumber',$,IFCLABEL('BCN-ARB-PGR-002'),$);
#8491=IFCPROPERTYSINGLEVALUE('LifecycleStatus',$,IFCLABEL('In service'),$);
#8492=IFCPROPERTYSINGLEVALUE('InstallationYear',$,IFCINTEGER(1975),$);
#8493=IFCPROPERTYSINGLEVALUE('LastInspection',$,IFCLABEL('2026-06-17'),$);
#8494=IFCPROPERTYSINGLEVALUE('InspectionInterval_months',$,IFCINTEGER(12),$);
#8495=IFCPROPERTYSINGLEVALUE('NextInspection',$,IFCLABEL('2027-06-17'),$);
#8496=IFCPROPERTYSINGLEVALUE('ConditionIndex_1to5',$,IFCINTEGER(4),$);
#8497=IFCPROPERTYSINGLEVALUE('WarrantyEnd',$,IFCLABEL('1977-12-31 (expired)'),$);
#8498=IFCPROPERTYSINGLEVALUE('MaintenanceContractor',$,IFCLABEL('Demo contractor \X2\2014\X0\ urban arboriculture'),$);
#8499=IFCPROPERTYSINGLEVALUE('MaintenanceStrategy',$,IFCLABEL('Condition-based'),$);
#8500=IFCPROPERTYSINGLEVALUE('LastPruning',$,IFCLABEL('2025-12-03'),$);
#8501=IFCPROPERTYSINGLEVALUE('RiskAssessment',$,IFCLABEL('Low (visual tree assessment, demo)'),$);
#8502=IFCPROPERTYSET('3iRXRrF3HF1BYP6F3Aw0nn',#5,'Pset_CDE_AssetManagement (demo)',$,(#8486,#8487,#8488,#8489,#8490,#8491,#8492,#8493,#8494,#8495,#8496,#8497,#8498,#8499,#8500,#8501));
#8503=IFCRELDEFINESBYPROPERTIES('0m$FUvfHvERBYmMJru3wS3',#5,$,$,(#8467),#8502);
#8504=IFCCARTESIANPOINT((0.,0.));
#8505=IFCDIRECTION((-0.6832737736807996,0.730162276620752));
#8506=IFCAXIS2PLACEMENT2D(#8504,#8505);
#8507=IFCRECTANGLEPROFILEDEF(.AREA.,$,#8506,1.4,0.06000000000000005);
#8508=IFCCARTESIANPOINT((-8.200791274664095,9.417793428366137,0.1897530864197531));
#8509=IFCAXIS2PLACEMENT3D(#8508,$,$);
#8510=IFCDIRECTION((0.,0.,1.));
#8511=IFCEXTRUDEDAREASOLID(#8507,#8509,#8510,0.035);
#8512=IFCCARTESIANPOINT((0.,0.));
#8513=IFCDIRECTION((-0.6832737736807996,0.730162276620752));
#8514=IFCAXIS2PLACEMENT2D(#8512,#8513);
#8515=IFCRECTANGLEPROFILEDEF(.AREA.,$,#8514,1.4,0.06000000000000005);
#8516=IFCCARTESIANPOINT((-9.179208725335904,8.502206571633865,0.1897530864197531));
#8517=IFCAXIS2PLACEMENT3D(#8516,$,$);
#8518=IFCDIRECTION((0.,0.,1.));
#8519=IFCEXTRUDEDAREASOLID(#8515,#8517,#8518,0.035);
#8520=IFCCARTESIANPOINT((0.,0.));
#8521=IFCDIRECTION((-0.6832737736807996,0.730162276620752));
#8522=IFCAXIS2PLACEMENT2D(#8520,#8521);
#8523=IFCRECTANGLEPROFILEDEF(.AREA.,$,#8522,0.06000000000000005,1.4);
#8524=IFCCARTESIANPOINT((-8.232206571633863,8.470791274664096,0.1897530864197531));
#8525=IFCAXIS2PLACEMENT3D(#8524,$,$);
#8526=IFCDIRECTION((0.,0.,1.));
#8527=IFCEXTRUDEDAREASOLID(#8523,#8525,#8526,0.035);
#8528=IFCCARTESIANPOINT((0.,0.));
#8529=IFCDIRECTION((-0.6832737736807996,0.730162276620752));
#8530=IFCAXIS2PLACEMENT2D(#8528,#8529);
#8531=IFCRECTANGLEPROFILEDEF(.AREA.,$,#8530,0.06000000000000005,1.4);
#8532=IFCCARTESIANPOINT((-9.147793428366136,9.449208725335906,0.1897530864197531));
#8533=IFCAXIS2PLACEMENT3D(#8532,$,$);
#8534=IFCDIRECTION((0.,0.,1.));
#8535=IFCEXTRUDEDAREASOLID(#8531,#8533,#8534,0.035);
#8536=IFCCARTESIANPOINT((0.,0.));
#8537=IFCDIRECTION((1.,0.));
#8538=IFCAXIS2PLACEMENT2D(#8536,#8537);
#8539=IFCCIRCLEHOLLOWPROFILEDEF(.AREA.,$,#8538,0.3,0.04999999999999999);
#8540=IFCCARTESIANPOINT((-8.69,8.96,0.1897530864197531));
#8541=IFCAXIS2PLACEMENT3D(#8540,$,$);
#8542=IFCDIRECTION((0.,0.,1.));
#8543=IFCEXTRUDEDAREASOLID(#8539,#8541,#8542,0.035);
#8544=IFCCARTESIANPOINT((0.,0.));
#8545=IFCDIRECTION((-0.6832737736807993,0.7301622766207522));
#8546=IFCAXIS2PLACEMENT2D(#8544,#8545);
#8547=IFCRECTANGLEPROFILEDEF(.AREA.,$,#8546,0.36000000000000104,0.03);
#8548=IFCCARTESIANPOINT((-9.017971411366783,9.31047789277796,0.1897530864197531));
#8549=IFCAXIS2PLACEMENT3D(#8548,$,$);
#8550=IFCDIRECTION((0.,0.,1.));
#8551=IFCEXTRUDEDAREASOLID(#8547,#8549,#8550,0.035);
#8552=IFCCARTESIANPOINT((0.,0.));
#8553=IFCDIRECTION((-0.9994502159417572,0.03315517838852434));
#8554=IFCAXIS2PLACEMENT2D(#8552,#8553);
#8555=IFCRECTANGLEPROFILEDEF(.AREA.,$,#8554,0.6333809511662446,0.03);
#8556=IFCCARTESIANPOINT((-9.306351428990775,8.980446482728464,0.1897530864197531));
#8557=IFCAXIS2PLACEMENT3D(#8556,$,$);
#8558=IFCDIRECTION((0.,0.,1.));
#8559=IFCEXTRUDEDAREASOLID(#8555,#8557,#8558,0.035);
#8560=IFCCARTESIANPOINT((0.,0.));
#8561=IFCDIRECTION((-0.7301622766207524,-0.6832737736807991));
#8562=IFCAXIS2PLACEMENT2D(#8560,#8561);
#8563=IFCRECTANGLEPROFILEDEF(.AREA.,$,#8562,0.36000000000000104,0.03);
#8564=IFCCARTESIANPOINT((-9.040477892777961,8.632028588633217,0.1897530864197531));
#8565=IFCAXIS2PLACEMENT3D(#8564,$,$);
#8566=IFCDIRECTION((0.,0.,1.));
#8567=IFCEXTRUDEDAREASOLID(#8563,#8565,#8566,0.035);
#8568=IFCCARTESIANPOINT((0.,0.));
#8569=IFCDIRECTION((-0.03315517838852438,-0.9994502159417572));
#8570=IFCAXIS2PLACEMENT2D(#8568,#8569);
#8571=IFCRECTANGLEPROFILEDEF(.AREA.,$,#8570,0.6333809511662446,0.03);
#8572=IFCCARTESIANPOINT((-8.710446482728463,8.343648571009226,0.1897530864197531));
#8573=IFCAXIS2PLACEMENT3D(#8572,$,$);
#8574=IFCDIRECTION((0.,0.,1.));
#8575=IFCEXTRUDEDAREASOLID(#8571,#8573,#8574,0.035);
#8576=IFCCARTESIANPOINT((0.,0.));
#8577=IFCDIRECTION((0.6832737736807992,-0.7301622766207523));
#8578=IFCAXIS2PLACEMENT2D(#8576,#8577);
#8579=IFCRECTANGLEPROFILEDEF(.AREA.,$,#8578,0.36000000000000104,0.03);
#8580=IFCCARTESIANPOINT((-8.362028588633216,8.609522107222041,0.1897530864197531));
#8581=IFCAXIS2PLACEMENT3D(#8580,$,$);
#8582=IFCDIRECTION((0.,0.,1.));
#8583=IFCEXTRUDEDAREASOLID(#8579,#8581,#8582,0.035);
#8584=IFCCARTESIANPOINT((0.,0.));
#8585=IFCDIRECTION((0.9994502159417572,-0.03315517838852428));
#8586=IFCAXIS2PLACEMENT2D(#8584,#8585);
#8587=IFCRECTANGLEPROFILEDEF(.AREA.,$,#8586,0.6333809511662446,0.03);
#8588=IFCCARTESIANPOINT((-8.073648571009224,8.939553517271538,0.1897530864197531));
#8589=IFCAXIS2PLACEMENT3D(#8588,$,$);
#8590=IFCDIRECTION((0.,0.,1.));
#8591=IFCEXTRUDEDAREASOLID(#8587,#8589,#8590,0.035);
#8592=IFCCARTESIANPOINT((0.,0.));
#8593=IFCDIRECTION((0.7301622766207523,0.6832737736807992));
#8594=IFCAXIS2PLACEMENT2D(#8592,#8593);
#8595=IFCRECTANGLEPROFILEDEF(.AREA.,$,#8594,0.36000000000000104,0.03);
#8596=IFCCARTESIANPOINT((-8.339522107222038,9.287971411366785,0.1897530864197531));
#8597=IFCAXIS2PLACEMENT3D(#8596,$,$);
#8598=IFCDIRECTION((0.,0.,1.));
#8599=IFCEXTRUDEDAREASOLID(#8595,#8597,#8598,0.035);
#8600=IFCCARTESIANPOINT((0.,0.));
#8601=IFCDIRECTION((0.033155178388524276,0.9994502159417572));
#8602=IFCAXIS2PLACEMENT2D(#8600,#8601);
#8603=IFCRECTANGLEPROFILEDEF(.AREA.,$,#8602,0.6333809511662428,0.03);
#8604=IFCCARTESIANPOINT((-8.669553517271536,9.576351428990776,0.1897530864197531));
#8605=IFCAXIS2PLACEMENT3D(#8604,$,$);
#8606=IFCDIRECTION((0.,0.,1.));
#8607=IFCEXTRUDEDAREASOLID(#8603,#8605,#8606,0.035);
#8608=IFCCARTESIANPOINT((0.,0.));
#8609=IFCDIRECTION((1.,0.));
#8610=IFCAXIS2PLACEMENT2D(#8608,#8609);
#8611=IFCCIRCLEHOLLOWPROFILEDEF(.AREA.,$,#8610,0.435,0.030000000000000027);
#8612=IFCCARTESIANPOINT((-8.69,8.96,0.1897530864197531));
#8613=IFCAXIS2PLACEMENT3D(#8612,$,$);
#8614=IFCDIRECTION((0.,0.,1.));
#8615=IFCEXTRUDEDAREASOLID(#8611,#8613,#8614,0.035);
#8616=IFCCARTESIANPOINT((0.,0.));
#8617=IFCDIRECTION((1.,0.));
#8618=IFCAXIS2PLACEMENT2D(#8616,#8617);
#8619=IFCCIRCLEHOLLOWPROFILEDEF(.AREA.,$,#8618,0.5650000000000001,0.030000000000000027);
#8620=IFCCARTESIANPOINT((-8.69,8.96,0.1897530864197531));
#8621=IFCAXIS2PLACEMENT3D(#8620,$,$);
#8622=IFCDIRECTION((0.,0.,1.));
#8623=IFCEXTRUDEDAREASOLID(#8619,#8621,#8622,0.035);
#8624=IFCSTYLEDITEM(#8511,(#47),$);
#8625=IFCSTYLEDITEM(#8519,(#47),$);
#8626=IFCSTYLEDITEM(#8527,(#47),$);
#8627=IFCSTYLEDITEM(#8535,(#47),$);
#8628=IFCSTYLEDITEM(#8543,(#47),$);
#8629=IFCSTYLEDITEM(#8551,(#47),$);
#8630=IFCSTYLEDITEM(#8559,(#47),$);
#8631=IFCSTYLEDITEM(#8567,(#47),$);
#8632=IFCSTYLEDITEM(#8575,(#47),$);
#8633=IFCSTYLEDITEM(#8583,(#47),$);
#8634=IFCSTYLEDITEM(#8591,(#47),$);
#8635=IFCSTYLEDITEM(#8599,(#47),$);
#8636=IFCSTYLEDITEM(#8607,(#47),$);
#8637=IFCSTYLEDITEM(#8615,(#47),$);
#8638=IFCSTYLEDITEM(#8623,(#47),$);
#8639=IFCSHAPEREPRESENTATION(#16,'Body','SweptSolid',(#8511,#8519,#8527,#8535,#8543,#8551,#8559,#8567,#8575,#8583,#8591,#8599,#8607,#8615,#8623));
#8640=IFCPRODUCTDEFINITIONSHAPE($,$,(#8639));
#8641=IFCLOCALPLACEMENT(#23,#13);
#8642=IFCCOVERING('1eKsczaH93hfr01NOAPIa9',#5,'Escocell 2 \X2\00B7\X0\ Tree grate 2',$,'Cast-iron tree grate 1 400 \X2\00D7\X0\ 1 400',#8641,#8640,'PFAL-COV-006',.USERDEFINED.);
#8643=IFCRELASSOCIATESMATERIAL('2CrRJsUcH7_BI6cHeVmrYp',#5,$,$,(#8642),#48);
#8644=IFCPROPERTYSINGLEVALUE('Material',$,IFCLABEL('Cast iron, painted dark grey'),$);
#8645=IFCPROPERTYSINGLEVALUE('Category',$,IFCLABEL('Iron'),$);
#8646=IFCPROPERTYSINGLEVALUE('MassDensity_kg_m3',$,IFCREAL(7200.),$);
#8647=IFCPROPERTYSET('1WZnIRZcP5I9b28ss6xcGf',#5,'Pset_CDE_Material',$,(#8644,#8645,#8646));
#8648=IFCRELDEFINESBYPROPERTIES('0S_dtODnDBnx_KO0hSjhJR',#5,$,$,(#8642),#8647);
#8649=IFCPROPERTYSINGLEVALUE('GeometrySource',$,IFCLABEL('Position from OSM tree node (ODbL); grate typical'),$);
#8650=IFCPROPERTYSINGLEVALUE('Confidence',$,IFCLABEL('Medium'),$);
#8651=IFCPROPERTYSINGLEVALUE('Reference',$,IFCLABEL('OSM node 12633020995'),$);
#8652=IFCPROPERTYSET('3rN_fsetDFARGmculAmteD',#5,'Pset_CDE_Provenance',$,(#8649,#8650,#8651));
#8653=IFCRELDEFINESBYPROPERTIES('0md7wLvWL7_eUdsPI7QCVW',#5,$,$,(#8642),#8652);
#8654=IFCPROPERTYSINGLEVALUE('DataStatus',$,IFCLABEL('Illustrative demo values \X2\2014\X0\ not the owner''s as-built register'),$);
#8655=IFCPROPERTYSINGLEVALUE('AssetOwner',$,IFCLABEL('Ajuntament de Barcelona (register values are demo)'),$);
#8656=IFCPROPERTYSINGLEVALUE('Manufacturer',$,IFCLABEL('Demo foundry'),$);
#8657=IFCPROPERTYSINGLEVALUE('Model',$,IFCLABEL('Tree grate 140\X2\00D7\X0\140, radial'),$);
#8658=IFCPROPERTYSINGLEVALUE('SerialNumber',$,IFCLABEL('BCN-PAV-PGR-008'),$);
#8659=IFCPROPERTYSINGLEVALUE('LifecycleStatus',$,IFCLABEL('In service'),$);
#8660=IFCPROPERTYSINGLEVALUE('InstallationYear',$,IFCINTEGER(2009),$);
#8661=IFCPROPERTYSINGLEVALUE('LastInspection',$,IFCLABEL('2026-06-17'),$);
#8662=IFCPROPERTYSINGLEVALUE('InspectionInterval_months',$,IFCINTEGER(12),$);
#8663=IFCPROPERTYSINGLEVALUE('NextInspection',$,IFCLABEL('2027-06-17'),$);
#8664=IFCPROPERTYSINGLEVALUE('ConditionIndex_1to5',$,IFCINTEGER(4),$);
#8665=IFCPROPERTYSINGLEVALUE('WarrantyEnd',$,IFCLABEL('2019-12-31 (expired)'),$);
#8666=IFCPROPERTYSINGLEVALUE('MaintenanceContractor',$,IFCLABEL('Demo contractor \X2\2014\X0\ street furniture and paving'),$);
#8667=IFCPROPERTYSINGLEVALUE('MaintenanceStrategy',$,IFCLABEL('Condition-based'),$);
#8668=IFCPROPERTYSET('2pNNRgoj9B39kSVtYs5Urk',#5,'Pset_CDE_AssetManagement (demo)',$,(#8654,#8655,#8656,#8657,#8658,#8659,#8660,#8661,#8662,#8663,#8664,#8665,#8666,#8667));
#8669=IFCRELDEFINESBYPROPERTIES('2NyGuBUDn2jRPk7TmmdqIZ',#5,$,$,(#8642),#8668);
#8670=IFCCARTESIANPOINT((0.,0.));
#8671=IFCDIRECTION((1.,0.));
#8672=IFCAXIS2PLACEMENT2D(#8670,#8671);
#8673=IFCCIRCLEPROFILEDEF(.AREA.,$,#8672,0.19);
#8674=IFCCARTESIANPOINT((-8.69,8.96,0.1897530864197531));
#8675=IFCAXIS2PLACEMENT3D(#8674,$,$);
#8676=IFCDIRECTION((0.,0.,1.));
#8677=IFCEXTRUDEDAREASOLID(#8673,#8675,#8676,3.);
#8678=IFCCARTESIANPOINT((0.,0.));
#8679=IFCDIRECTION((1.,0.));
#8680=IFCAXIS2PLACEMENT2D(#8678,#8679);
#8681=IFCCIRCLEPROFILEDEF(.AREA.,$,#8680,0.12);
#8682=IFCCARTESIANPOINT((-8.69,8.96,2.989753086419753));
#8683=IFCDIRECTION((-0.5226168441931534,0.12267426000211756,0.8436958338752908));
#8684=IFCDIRECTION((0.2285196408403941,0.9735393026222297,-0.));
#8685=IFCAXIS2PLACEMENT3D(#8682,#8683,#8684);
#8686=IFCDIRECTION((0.,0.,1.));
#8687=IFCEXTRUDEDAREASOLID(#8681,#8685,#8686,2.014944167960988);
#8688=IFCCARTESIANPOINT((0.,0.));
#8689=IFCDIRECTION((1.,0.));
#8690=IFCAXIS2PLACEMENT2D(#8688,#8689);
#8691=IFCCIRCLEPROFILEDEF(.AREA.,$,#8690,0.11);
#8692=IFCCARTESIANPOINT((-8.69,8.96,2.989753086419753));
#8693=IFCDIRECTION((0.08932895122343006,-0.45554001636745695,0.8857220963492214));
#8694=IFCDIRECTION((-0.9813107480056882,-0.1924297686131664,0.));
#8695=IFCAXIS2PLACEMENT3D(#8692,#8693,#8694);
#8696=IFCDIRECTION((0.,0.,1.));
#8697=IFCEXTRUDEDAREASOLID(#8691,#8695,#8696,2.0322401432901565);
#8698=IFCCARTESIANPOINT((0.,0.));
#8699=IFCDIRECTION((1.,0.));
#8700=IFCAXIS2PLACEMENT2D(#8698,#8699);
#8701=IFCCIRCLEPROFILEDEF(.AREA.,$,#8700,0.11);
#8702=IFCCARTESIANPOINT((-8.69,8.96,2.989753086419753));
#8703=IFCDIRECTION((0.3202751350545888,0.3742023358580523,0.870285269152674));
#8704=IFCDIRECTION((0.759727624479924,-0.650241444851135,0.));
#8705=IFCAXIS2PLACEMENT3D(#8702,#8703,#8704);
#8706=IFCDIRECTION((0.,0.,1.));
#8707=IFCEXTRUDEDAREASOLID(#8701,#8705,#8706,1.8384776310850233);
#8708=IFCSTYLEDITEM(#8677,(#137),$);
#8709=IFCSTYLEDITEM(#8687,(#137),$);
#8710=IFCSTYLEDITEM(#8697,(#137),$);
#8711=IFCSTYLEDITEM(#8707,(#137),$);
#8712=IFCSHAPEREPRESENTATION(#16,'Body','SweptSolid',(#8677,#8687,#8697,#8707));
#8713=IFCPRODUCTDEFINITIONSHAPE($,$,(#8712));
#8714=IFCLOCALPLACEMENT(#23,#13);
#8715=IFCGEOGRAPHICELEMENT('0zRIYPVnP9ZwJNsrPyYWcq',#5,'Pl\X2\00E0\X0\tan 2 \X2\00B7\X0\ Plane tree 2',$,'Street tree (trunk and first limbs; the crown is in the ICGC mesh)',#8714,#8713,'PFAL-ELM-020',.VEGETATION.);
#8716=IFCRELASSOCIATESMATERIAL('37lCKc34r0mPUj7Hjjf4Cr',#5,$,$,(#8715),#138);
#8717=IFCPROPERTYSINGLEVALUE('Material',$,IFCLABEL('Plane-tree bark'),$);
#8718=IFCPROPERTYSINGLEVALUE('Category',$,IFCLABEL('Wood'),$);
#8719=IFCPROPERTYSINGLEVALUE('MassDensity_kg_m3',$,IFCREAL(700.),$);
#8720=IFCPROPERTYSET('0gmjajbzXCOPj6$xSNRYqK',#5,'Pset_CDE_Material',$,(#8717,#8718,#8719));
#8721=IFCRELDEFINESBYPROPERTIES('0bRuIdEHP5TPfxPO0eknZE',#5,$,$,(#8715),#8720);
#8722=IFCPROPERTYSINGLEVALUE('GeometrySource',$,IFCLABEL('Position from OSM tree node (ODbL); grate typical'),$);
#8723=IFCPROPERTYSINGLEVALUE('Confidence',$,IFCLABEL('Medium'),$);
#8724=IFCPROPERTYSINGLEVALUE('Reference',$,IFCLABEL('OSM node 12633020995'),$);
#8725=IFCPROPERTYSET('3iSmGBQ1j3rxwIe4I5SwOx',#5,'Pset_CDE_Provenance',$,(#8722,#8723,#8724));
#8726=IFCRELDEFINESBYPROPERTIES('27CwqkkR16whPm9wDM0dl0',#5,$,$,(#8715),#8725);
#8727=IFCPROPERTYSINGLEVALUE('Species',$,IFCLABEL('Platanus \X2\00D7\X0\ hispanica (assumed: the Passeig''s plane trees; OSM node has no species)'),$);
#8728=IFCPROPERTYSINGLEVALUE('LeafType',$,IFCLABEL('Broadleaved'),$);
#8729=IFCPROPERTYSINGLEVALUE('Trunk_Circumference_cm',$,IFCINTEGER(158),$);
#8730=IFCPROPERTYSINGLEVALUE('Height_m',$,IFCINTEGER(18),$);
#8731=IFCPROPERTYSINGLEVALUE('OSMNode',$,IFCINTEGER(12633020995),$);
#8732=IFCPROPERTYSET('0qI2NYT9H9m9NQ3LL1iObU',#5,'Pset_CDE_Vegetation',$,(#8727,#8728,#8729,#8730,#8731));
#8733=IFCRELDEFINESBYPROPERTIES('3Ip5ekyfzFCPy7Yzj4McnV',#5,$,$,(#8715),#8732);
#8734=IFCPROPERTYSINGLEVALUE('DataStatus',$,IFCLABEL('Illustrative demo values \X2\2014\X0\ not the owner''s as-built register'),$);
#8735=IFCPROPERTYSINGLEVALUE('AssetOwner',$,IFCLABEL('Ajuntament de Barcelona \X2\2014\X0\ parks and trees (demo)'),$);
#8736=IFCPROPERTYSINGLEVALUE('Manufacturer',$,IFCLABEL('Municipal nursery (demo)'),$);
#8737=IFCPROPERTYSINGLEVALUE('Model',$,IFCLABEL('Platanus \X2\00D7\X0\ hispanica, planting stock 20/25'),$);
#8738=IFCPROPERTYSINGLEVALUE('SerialNumber',$,IFCLABEL('BCN-ARB-PGR-003'),$);
#8739=IFCPROPERTYSINGLEVALUE('LifecycleStatus',$,IFCLABEL('In service'),$);
#8740=IFCPROPERTYSINGLEVALUE('InstallationYear',$,IFCINTEGER(1975),$);
#8741=IFCPROPERTYSINGLEVALUE('LastInspection',$,IFCLABEL('2026-06-17'),$);
#8742=IFCPROPERTYSINGLEVALUE('InspectionInterval_months',$,IFCINTEGER(12),$);
#8743=IFCPROPERTYSINGLEVALUE('NextInspection',$,IFCLABEL('2027-06-17'),$);
#8744=IFCPROPERTYSINGLEVALUE('ConditionIndex_1to5',$,IFCINTEGER(4),$);
#8745=IFCPROPERTYSINGLEVALUE('WarrantyEnd',$,IFCLABEL('1977-12-31 (expired)'),$);
#8746=IFCPROPERTYSINGLEVALUE('MaintenanceContractor',$,IFCLABEL('Demo contractor \X2\2014\X0\ urban arboriculture'),$);
#8747=IFCPROPERTYSINGLEVALUE('MaintenanceStrategy',$,IFCLABEL('Condition-based'),$);
#8748=IFCPROPERTYSINGLEVALUE('LastPruning',$,IFCLABEL('2025-12-03'),$);
#8749=IFCPROPERTYSINGLEVALUE('RiskAssessment',$,IFCLABEL('Low (visual tree assessment, demo)'),$);
#8750=IFCPROPERTYSET('03DvFCqWr0jhsGgk8i0fB$',#5,'Pset_CDE_AssetManagement (demo)',$,(#8734,#8735,#8736,#8737,#8738,#8739,#8740,#8741,#8742,#8743,#8744,#8745,#8746,#8747,#8748,#8749));
#8751=IFCRELDEFINESBYPROPERTIES('2DWCYkvYTDZQ3sg$Q3f5zg',#5,$,$,(#8715),#8750);
#8752=IFCCARTESIANPOINT((0.,0.));
#8753=IFCDIRECTION((-0.6832737736807996,0.730162276620752));
#8754=IFCAXIS2PLACEMENT2D(#8752,#8753);
#8755=IFCRECTANGLEPROFILEDEF(.AREA.,$,#8754,1.4,0.06000000000000005);
#8756=IFCCARTESIANPOINT((-14.050791274664094,15.557793428366136,0.3189434395635946));
#8757=IFCAXIS2PLACEMENT3D(#8756,$,$);
#8758=IFCDIRECTION((0.,0.,1.));
#8759=IFCEXTRUDEDAREASOLID(#8755,#8757,#8758,0.035);
#8760=IFCCARTESIANPOINT((0.,0.));
#8761=IFCDIRECTION((-0.6832737736807996,0.730162276620752));
#8762=IFCAXIS2PLACEMENT2D(#8760,#8761);
#8763=IFCRECTANGLEPROFILEDEF(.AREA.,$,#8762,1.4,0.06000000000000005);
#8764=IFCCARTESIANPOINT((-15.029208725335904,14.642206571633864,0.3189434395635946));
#8765=IFCAXIS2PLACEMENT3D(#8764,$,$);
#8766=IFCDIRECTION((0.,0.,1.));
#8767=IFCEXTRUDEDAREASOLID(#8763,#8765,#8766,0.035);
#8768=IFCCARTESIANPOINT((0.,0.));
#8769=IFCDIRECTION((-0.6832737736807996,0.730162276620752));
#8770=IFCAXIS2PLACEMENT2D(#8768,#8769);
#8771=IFCRECTANGLEPROFILEDEF(.AREA.,$,#8770,0.06000000000000005,1.4);
#8772=IFCCARTESIANPOINT((-14.082206571633863,14.610791274664095,0.3189434395635946));
#8773=IFCAXIS2PLACEMENT3D(#8772,$,$);
#8774=IFCDIRECTION((0.,0.,1.));
#8775=IFCEXTRUDEDAREASOLID(#8771,#8773,#8774,0.035);
#8776=IFCCARTESIANPOINT((0.,0.));
#8777=IFCDIRECTION((-0.6832737736807996,0.730162276620752));
#8778=IFCAXIS2PLACEMENT2D(#8776,#8777);
#8779=IFCRECTANGLEPROFILEDEF(.AREA.,$,#8778,0.06000000000000005,1.4);
#8780=IFCCARTESIANPOINT((-14.997793428366135,15.589208725335904,0.3189434395635946));
#8781=IFCAXIS2PLACEMENT3D(#8780,$,$);
#8782=IFCDIRECTION((0.,0.,1.));
#8783=IFCEXTRUDEDAREASOLID(#8779,#8781,#8782,0.035);
#8784=IFCCARTESIANPOINT((0.,0.));
#8785=IFCDIRECTION((1.,0.));
#8786=IFCAXIS2PLACEMENT2D(#8784,#8785);
#8787=IFCCIRCLEHOLLOWPROFILEDEF(.AREA.,$,#8786,0.3,0.04999999999999999);
#8788=IFCCARTESIANPOINT((-14.54,15.1,0.3189434395635946));
#8789=IFCAXIS2PLACEMENT3D(#8788,$,$);
#8790=IFCDIRECTION((0.,0.,1.));
#8791=IFCEXTRUDEDAREASOLID(#8787,#8789,#8790,0.035);
#8792=IFCCARTESIANPOINT((0.,0.));
#8793=IFCDIRECTION((-0.6832737736807993,0.7301622766207522));
#8794=IFCAXIS2PLACEMENT2D(#8792,#8793);
#8795=IFCRECTANGLEPROFILEDEF(.AREA.,$,#8794,0.36000000000000104,0.03);
#8796=IFCCARTESIANPOINT((-14.867971411366783,15.450477892777961,0.3189434395635946));
#8797=IFCAXIS2PLACEMENT3D(#8796,$,$);
#8798=IFCDIRECTION((0.,0.,1.));
#8799=IFCEXTRUDEDAREASOLID(#8795,#8797,#8798,0.035);
#8800=IFCCARTESIANPOINT((0.,0.));
#8801=IFCDIRECTION((-0.9994502159417572,0.03315517838852434));
#8802=IFCAXIS2PLACEMENT2D(#8800,#8801);
#8803=IFCRECTANGLEPROFILEDEF(.AREA.,$,#8802,0.6333809511662446,0.03);
#8804=IFCCARTESIANPOINT((-15.156351428990774,15.120446482728463,0.3189434395635946));
#8805=IFCAXIS2PLACEMENT3D(#8804,$,$);
#8806=IFCDIRECTION((0.,0.,1.));
#8807=IFCEXTRUDEDAREASOLID(#8803,#8805,#8806,0.035);
#8808=IFCCARTESIANPOINT((0.,0.));
#8809=IFCDIRECTION((-0.7301622766207524,-0.6832737736807991));
#8810=IFCAXIS2PLACEMENT2D(#8808,#8809);
#8811=IFCRECTANGLEPROFILEDEF(.AREA.,$,#8810,0.36000000000000104,0.03);
#8812=IFCCARTESIANPOINT((-14.890477892777959,14.772028588633216,0.3189434395635946));
#8813=IFCAXIS2PLACEMENT3D(#8812,$,$);
#8814=IFCDIRECTION((0.,0.,1.));
#8815=IFCEXTRUDEDAREASOLID(#8811,#8813,#8814,0.035);
#8816=IFCCARTESIANPOINT((0.,0.));
#8817=IFCDIRECTION((-0.03315517838852438,-0.9994502159417572));
#8818=IFCAXIS2PLACEMENT2D(#8816,#8817);
#8819=IFCRECTANGLEPROFILEDEF(.AREA.,$,#8818,0.6333809511662446,0.03);
#8820=IFCCARTESIANPOINT((-14.560446482728462,14.483648571009224,0.3189434395635946));
#8821=IFCAXIS2PLACEMENT3D(#8820,$,$);
#8822=IFCDIRECTION((0.,0.,1.));
#8823=IFCEXTRUDEDAREASOLID(#8819,#8821,#8822,0.035);
#8824=IFCCARTESIANPOINT((0.,0.));
#8825=IFCDIRECTION((0.6832737736807992,-0.7301622766207523));
#8826=IFCAXIS2PLACEMENT2D(#8824,#8825);
#8827=IFCRECTANGLEPROFILEDEF(.AREA.,$,#8826,0.36000000000000104,0.03);
#8828=IFCCARTESIANPOINT((-14.212028588633215,14.749522107222038,0.3189434395635946));
#8829=IFCAXIS2PLACEMENT3D(#8828,$,$);
#8830=IFCDIRECTION((0.,0.,1.));
#8831=IFCEXTRUDEDAREASOLID(#8827,#8829,#8830,0.035);
#8832=IFCCARTESIANPOINT((0.,0.));
#8833=IFCDIRECTION((0.9994502159417572,-0.03315517838852438));
#8834=IFCAXIS2PLACEMENT2D(#8832,#8833);
#8835=IFCRECTANGLEPROFILEDEF(.AREA.,$,#8834,0.6333809511662428,0.03);
#8836=IFCCARTESIANPOINT((-13.923648571009224,15.079553517271536,0.3189434395635946));
#8837=IFCAXIS2PLACEMENT3D(#8836,$,$);
#8838=IFCDIRECTION((0.,0.,1.));
#8839=IFCEXTRUDEDAREASOLID(#8835,#8837,#8838,0.035);
#8840=IFCCARTESIANPOINT((0.,0.));
#8841=IFCDIRECTION((0.7301622766207523,0.6832737736807992));
#8842=IFCAXIS2PLACEMENT2D(#8840,#8841);
#8843=IFCRECTANGLEPROFILEDEF(.AREA.,$,#8842,0.36000000000000104,0.03);
#8844=IFCCARTESIANPOINT((-14.18952210722204,15.427971411366784,0.3189434395635946));
#8845=IFCAXIS2PLACEMENT3D(#8844,$,$);
#8846=IFCDIRECTION((0.,0.,1.));
#8847=IFCEXTRUDEDAREASOLID(#8843,#8845,#8846,0.035);
#8848=IFCCARTESIANPOINT((0.,0.));
#8849=IFCDIRECTION((0.033155178388524276,0.9994502159417572));
#8850=IFCAXIS2PLACEMENT2D(#8848,#8849);
#8851=IFCRECTANGLEPROFILEDEF(.AREA.,$,#8850,0.6333809511662446,0.03);
#8852=IFCCARTESIANPOINT((-14.519553517271536,15.716351428990775,0.3189434395635946));
#8853=IFCAXIS2PLACEMENT3D(#8852,$,$);
#8854=IFCDIRECTION((0.,0.,1.));
#8855=IFCEXTRUDEDAREASOLID(#8851,#8853,#8854,0.035);
#8856=IFCCARTESIANPOINT((0.,0.));
#8857=IFCDIRECTION((1.,0.));
#8858=IFCAXIS2PLACEMENT2D(#8856,#8857);
#8859=IFCCIRCLEHOLLOWPROFILEDEF(.AREA.,$,#8858,0.435,0.030000000000000027);
#8860=IFCCARTESIANPOINT((-14.54,15.1,0.3189434395635946));
#8861=IFCAXIS2PLACEMENT3D(#8860,$,$);
#8862=IFCDIRECTION((0.,0.,1.));
#8863=IFCEXTRUDEDAREASOLID(#8859,#8861,#8862,0.035);
#8864=IFCCARTESIANPOINT((0.,0.));
#8865=IFCDIRECTION((1.,0.));
#8866=IFCAXIS2PLACEMENT2D(#8864,#8865);
#8867=IFCCIRCLEHOLLOWPROFILEDEF(.AREA.,$,#8866,0.5650000000000001,0.030000000000000027);
#8868=IFCCARTESIANPOINT((-14.54,15.1,0.3189434395635946));
#8869=IFCAXIS2PLACEMENT3D(#8868,$,$);
#8870=IFCDIRECTION((0.,0.,1.));
#8871=IFCEXTRUDEDAREASOLID(#8867,#8869,#8870,0.035);
#8872=IFCSTYLEDITEM(#8759,(#47),$);
#8873=IFCSTYLEDITEM(#8767,(#47),$);
#8874=IFCSTYLEDITEM(#8775,(#47),$);
#8875=IFCSTYLEDITEM(#8783,(#47),$);
#8876=IFCSTYLEDITEM(#8791,(#47),$);
#8877=IFCSTYLEDITEM(#8799,(#47),$);
#8878=IFCSTYLEDITEM(#8807,(#47),$);
#8879=IFCSTYLEDITEM(#8815,(#47),$);
#8880=IFCSTYLEDITEM(#8823,(#47),$);
#8881=IFCSTYLEDITEM(#8831,(#47),$);
#8882=IFCSTYLEDITEM(#8839,(#47),$);
#8883=IFCSTYLEDITEM(#8847,(#47),$);
#8884=IFCSTYLEDITEM(#8855,(#47),$);
#8885=IFCSTYLEDITEM(#8863,(#47),$);
#8886=IFCSTYLEDITEM(#8871,(#47),$);
#8887=IFCSHAPEREPRESENTATION(#16,'Body','SweptSolid',(#8759,#8767,#8775,#8783,#8791,#8799,#8807,#8815,#8823,#8831,#8839,#8847,#8855,#8863,#8871));
#8888=IFCPRODUCTDEFINITIONSHAPE($,$,(#8887));
#8889=IFCLOCALPLACEMENT(#23,#13);
#8890=IFCCOVERING('0oX5tiC0L8GQQxvDxBFpqV',#5,'Escocell 3 \X2\00B7\X0\ Tree grate 3',$,'Cast-iron tree grate 1 400 \X2\00D7\X0\ 1 400',#8889,#8888,'PFAL-COV-007',.USERDEFINED.);
#8891=IFCRELASSOCIATESMATERIAL('0ghbgDtnv8NfaHVdlr3mrE',#5,$,$,(#8890),#48);
#8892=IFCPROPERTYSINGLEVALUE('Material',$,IFCLABEL('Cast iron, painted dark grey'),$);
#8893=IFCPROPERTYSINGLEVALUE('Category',$,IFCLABEL('Iron'),$);
#8894=IFCPROPERTYSINGLEVALUE('MassDensity_kg_m3',$,IFCREAL(7200.),$);
#8895=IFCPROPERTYSET('1NvPsGHjLCGwjKzoXnHfRl',#5,'Pset_CDE_Material',$,(#8892,#8893,#8894));
#8896=IFCRELDEFINESBYPROPERTIES('0bhdccY$b2xAFyfbPa47vf',#5,$,$,(#8890),#8895);
#8897=IFCPROPERTYSINGLEVALUE('GeometrySource',$,IFCLABEL('Position from OSM tree node (ODbL); grate typical'),$);
#8898=IFCPROPERTYSINGLEVALUE('Confidence',$,IFCLABEL('Medium'),$);
#8899=IFCPROPERTYSINGLEVALUE('Reference',$,IFCLABEL('OSM node 12633020994'),$);
#8900=IFCPROPERTYSET('3j_d1Sadz5dxPuPYG3gjhM',#5,'Pset_CDE_Provenance',$,(#8897,#8898,#8899));
#8901=IFCRELDEFINESBYPROPERTIES('2dyg7jQpT1tvyZGWidAfMX',#5,$,$,(#8890),#8900);
#8902=IFCPROPERTYSINGLEVALUE('DataStatus',$,IFCLABEL('Illustrative demo values \X2\2014\X0\ not the owner''s as-built register'),$);
#8903=IFCPROPERTYSINGLEVALUE('AssetOwner',$,IFCLABEL('Ajuntament de Barcelona (register values are demo)'),$);
#8904=IFCPROPERTYSINGLEVALUE('Manufacturer',$,IFCLABEL('Demo foundry'),$);
#8905=IFCPROPERTYSINGLEVALUE('Model',$,IFCLABEL('Tree grate 140\X2\00D7\X0\140, radial'),$);
#8906=IFCPROPERTYSINGLEVALUE('SerialNumber',$,IFCLABEL('BCN-PAV-PGR-009'),$);
#8907=IFCPROPERTYSINGLEVALUE('LifecycleStatus',$,IFCLABEL('In service'),$);
#8908=IFCPROPERTYSINGLEVALUE('InstallationYear',$,IFCINTEGER(2009),$);
#8909=IFCPROPERTYSINGLEVALUE('LastInspection',$,IFCLABEL('2026-06-17'),$);
#8910=IFCPROPERTYSINGLEVALUE('InspectionInterval_months',$,IFCINTEGER(12),$);
#8911=IFCPROPERTYSINGLEVALUE('NextInspection',$,IFCLABEL('2027-06-17'),$);
#8912=IFCPROPERTYSINGLEVALUE('ConditionIndex_1to5',$,IFCINTEGER(4),$);
#8913=IFCPROPERTYSINGLEVALUE('WarrantyEnd',$,IFCLABEL('2019-12-31 (expired)'),$);
#8914=IFCPROPERTYSINGLEVALUE('MaintenanceContractor',$,IFCLABEL('Demo contractor \X2\2014\X0\ street furniture and paving'),$);
#8915=IFCPROPERTYSINGLEVALUE('MaintenanceStrategy',$,IFCLABEL('Condition-based'),$);
#8916=IFCPROPERTYSET('1Ll49$Aob86uygflqaKduE',#5,'Pset_CDE_AssetManagement (demo)',$,(#8902,#8903,#8904,#8905,#8906,#8907,#8908,#8909,#8910,#8911,#8912,#8913,#8914,#8915));
#8917=IFCRELDEFINESBYPROPERTIES('18LwrWE6bBDxH7LXzr_y23',#5,$,$,(#8890),#8916);
#8918=IFCCARTESIANPOINT((0.,0.));
#8919=IFCDIRECTION((1.,0.));
#8920=IFCAXIS2PLACEMENT2D(#8918,#8919);
#8921=IFCCIRCLEPROFILEDEF(.AREA.,$,#8920,0.19);
#8922=IFCCARTESIANPOINT((-14.54,15.1,0.3189434395635946));
#8923=IFCAXIS2PLACEMENT3D(#8922,$,$);
#8924=IFCDIRECTION((0.,0.,1.));
#8925=IFCEXTRUDEDAREASOLID(#8921,#8923,#8924,3.);
#8926=IFCCARTESIANPOINT((0.,0.));
#8927=IFCDIRECTION((1.,0.));
#8928=IFCAXIS2PLACEMENT2D(#8926,#8927);
#8929=IFCCIRCLEPROFILEDEF(.AREA.,$,#8928,0.12);
#8930=IFCCARTESIANPOINT((-14.54,15.1,3.118943439563594));
#8931=IFCDIRECTION((-0.5226168441931532,0.12267426000211754,0.8436958338752908));
#8932=IFCDIRECTION((0.2285196408403941,0.9735393026222297,-0.));
#8933=IFCAXIS2PLACEMENT3D(#8930,#8931,#8932);
#8934=IFCDIRECTION((0.,0.,1.));
#8935=IFCEXTRUDEDAREASOLID(#8929,#8933,#8934,2.0149441679609885);
#8936=IFCCARTESIANPOINT((0.,0.));
#8937=IFCDIRECTION((1.,0.));
#8938=IFCAXIS2PLACEMENT2D(#8936,#8937);
#8939=IFCCIRCLEPROFILEDEF(.AREA.,$,#8938,0.11);
#8940=IFCCARTESIANPOINT((-14.54,15.1,3.118943439563594));
#8941=IFCDIRECTION((0.08932895122343004,-0.45554001636745683,0.8857220963492214));
#8942=IFCDIRECTION((-0.9813107480056882,-0.19242976861316644,0.));
#8943=IFCAXIS2PLACEMENT3D(#8940,#8941,#8942);
#8944=IFCDIRECTION((0.,0.,1.));
#8945=IFCEXTRUDEDAREASOLID(#8939,#8943,#8944,2.032240143290157);
#8946=IFCCARTESIANPOINT((0.,0.));
#8947=IFCDIRECTION((1.,0.));
#8948=IFCAXIS2PLACEMENT2D(#8946,#8947);
#8949=IFCCIRCLEPROFILEDEF(.AREA.,$,#8948,0.11);
#8950=IFCCARTESIANPOINT((-14.54,15.1,3.118943439563594));
#8951=IFCDIRECTION((0.3202751350545887,0.3742023358580522,0.8702852691526741));
#8952=IFCDIRECTION((0.759727624479924,-0.650241444851135,0.));
#8953=IFCAXIS2PLACEMENT3D(#8950,#8951,#8952);
#8954=IFCDIRECTION((0.,0.,1.));
#8955=IFCEXTRUDEDAREASOLID(#8949,#8953,#8954,1.8384776310850237);
#8956=IFCSTYLEDITEM(#8925,(#137),$);
#8957=IFCSTYLEDITEM(#8935,(#137),$);
#8958=IFCSTYLEDITEM(#8945,(#137),$);
#8959=IFCSTYLEDITEM(#8955,(#137),$);
#8960=IFCSHAPEREPRESENTATION(#16,'Body','SweptSolid',(#8925,#8935,#8945,#8955));
#8961=IFCPRODUCTDEFINITIONSHAPE($,$,(#8960));
#8962=IFCLOCALPLACEMENT(#23,#13);
#8963=IFCGEOGRAPHICELEMENT('3YC825pdH7EO7Yg2G54Gt8',#5,'Pl\X2\00E0\X0\tan 3 \X2\00B7\X0\ Plane tree 3',$,'Street tree (trunk and first limbs; the crown is in the ICGC mesh)',#8962,#8961,'PFAL-ELM-021',.VEGETATION.);
#8964=IFCRELASSOCIATESMATERIAL('1GXoI1pnX7Pvj_trCojxGl',#5,$,$,(#8963),#138);
#8965=IFCPROPERTYSINGLEVALUE('Material',$,IFCLABEL('Plane-tree bark'),$);
#8966=IFCPROPERTYSINGLEVALUE('Category',$,IFCLABEL('Wood'),$);
#8967=IFCPROPERTYSINGLEVALUE('MassDensity_kg_m3',$,IFCREAL(700.),$);
#8968=IFCPROPERTYSET('1Nn6huWqL5agyLOL_icnxb',#5,'Pset_CDE_Material',$,(#8965,#8966,#8967));
#8969=IFCRELDEFINESBYPROPERTIES('0iMyRrlI5BafLW8oAycdpr',#5,$,$,(#8963),#8968);
#8970=IFCPROPERTYSINGLEVALUE('GeometrySource',$,IFCLABEL('Position from OSM tree node (ODbL); grate typical'),$);
#8971=IFCPROPERTYSINGLEVALUE('Confidence',$,IFCLABEL('Medium'),$);
#8972=IFCPROPERTYSINGLEVALUE('Reference',$,IFCLABEL('OSM node 12633020994'),$);
#8973=IFCPROPERTYSET('3Hv$cHwuD4Eu4AFNXTaifD',#5,'Pset_CDE_Provenance',$,(#8970,#8971,#8972));
#8974=IFCRELDEFINESBYPROPERTIES('0RIBok0JT1FQwxUNOPQnlf',#5,$,$,(#8963),#8973);
#8975=IFCPROPERTYSINGLEVALUE('Species',$,IFCLABEL('Platanus \X2\00D7\X0\ hispanica (assumed: the Passeig''s plane trees; OSM node has no species)'),$);
#8976=IFCPROPERTYSINGLEVALUE('LeafType',$,IFCLABEL('Broadleaved'),$);
#8977=IFCPROPERTYSINGLEVALUE('Trunk_Circumference_cm',$,IFCINTEGER(167),$);
#8978=IFCPROPERTYSINGLEVALUE('Height_m',$,IFCINTEGER(16),$);
#8979=IFCPROPERTYSINGLEVALUE('OSMNode',$,IFCINTEGER(12633020994),$);
#8980=IFCPROPERTYSET('1YZSbHZsP0yeCI424pw_Jb',#5,'Pset_CDE_Vegetation',$,(#8975,#8976,#8977,#8978,#8979));
#8981=IFCRELDEFINESBYPROPERTIES('2whitP0254Ewq_yozZx4V7',#5,$,$,(#8963),#8980);
#8982=IFCPROPERTYSINGLEVALUE('DataStatus',$,IFCLABEL('Illustrative demo values \X2\2014\X0\ not the owner''s as-built register'),$);
#8983=IFCPROPERTYSINGLEVALUE('AssetOwner',$,IFCLABEL('Ajuntament de Barcelona \X2\2014\X0\ parks and trees (demo)'),$);
#8984=IFCPROPERTYSINGLEVALUE('Manufacturer',$,IFCLABEL('Municipal nursery (demo)'),$);
#8985=IFCPROPERTYSINGLEVALUE('Model',$,IFCLABEL('Platanus \X2\00D7\X0\ hispanica, planting stock 20/25'),$);
#8986=IFCPROPERTYSINGLEVALUE('SerialNumber',$,IFCLABEL('BCN-ARB-PGR-004'),$);
#8987=IFCPROPERTYSINGLEVALUE('LifecycleStatus',$,IFCLABEL('In service'),$);
#8988=IFCPROPERTYSINGLEVALUE('InstallationYear',$,IFCINTEGER(1975),$);
#8989=IFCPROPERTYSINGLEVALUE('LastInspection',$,IFCLABEL('2026-06-17'),$);
#8990=IFCPROPERTYSINGLEVALUE('InspectionInterval_months',$,IFCINTEGER(12),$);
#8991=IFCPROPERTYSINGLEVALUE('NextInspection',$,IFCLABEL('2027-06-17'),$);
#8992=IFCPROPERTYSINGLEVALUE('ConditionIndex_1to5',$,IFCINTEGER(4),$);
#8993=IFCPROPERTYSINGLEVALUE('WarrantyEnd',$,IFCLABEL('1977-12-31 (expired)'),$);
#8994=IFCPROPERTYSINGLEVALUE('MaintenanceContractor',$,IFCLABEL('Demo contractor \X2\2014\X0\ urban arboriculture'),$);
#8995=IFCPROPERTYSINGLEVALUE('MaintenanceStrategy',$,IFCLABEL('Condition-based'),$);
#8996=IFCPROPERTYSINGLEVALUE('LastPruning',$,IFCLABEL('2025-12-03'),$);
#8997=IFCPROPERTYSINGLEVALUE('RiskAssessment',$,IFCLABEL('Low (visual tree assessment, demo)'),$);
#8998=IFCPROPERTYSET('0W$6cVB5f1cBN06RiyYkcC',#5,'Pset_CDE_AssetManagement (demo)',$,(#8982,#8983,#8984,#8985,#8986,#8987,#8988,#8989,#8990,#8991,#8992,#8993,#8994,#8995,#8996,#8997));
#8999=IFCRELDEFINESBYPROPERTIES('2LPADLfEn4dQTEpq9nGFfR',#5,$,$,(#8963),#8998);
#9000=IFCCARTESIANPOINT((0.,0.));
#9001=IFCDIRECTION((-0.6832737736807996,0.730162276620752));
#9002=IFCAXIS2PLACEMENT2D(#9000,#9001);
#9003=IFCRECTANGLEPROFILEDEF(.AREA.,$,#9002,1.4,0.06000000000000005);
#9004=IFCCARTESIANPOINT((-18.800791274664096,20.717793428366136,0.4256129773184037));
#9005=IFCAXIS2PLACEMENT3D(#9004,$,$);
#9006=IFCDIRECTION((0.,0.,1.));
#9007=IFCEXTRUDEDAREASOLID(#9003,#9005,#9006,0.035);
#9008=IFCCARTESIANPOINT((0.,0.));
#9009=IFCDIRECTION((-0.6832737736807996,0.730162276620752));
#9010=IFCAXIS2PLACEMENT2D(#9008,#9009);
#9011=IFCRECTANGLEPROFILEDEF(.AREA.,$,#9010,1.4,0.06000000000000005);
#9012=IFCCARTESIANPOINT((-19.779208725335902,19.802206571633867,0.4256129773184037));
#9013=IFCAXIS2PLACEMENT3D(#9012,$,$);
#9014=IFCDIRECTION((0.,0.,1.));
#9015=IFCEXTRUDEDAREASOLID(#9011,#9013,#9014,0.035);
#9016=IFCCARTESIANPOINT((0.,0.));
#9017=IFCDIRECTION((-0.6832737736807996,0.730162276620752));
#9018=IFCAXIS2PLACEMENT2D(#9016,#9017);
#9019=IFCRECTANGLEPROFILEDEF(.AREA.,$,#9018,0.06000000000000005,1.4);
#9020=IFCCARTESIANPOINT((-18.832206571633865,19.7707912746641,0.4256129773184037));
#9021=IFCAXIS2PLACEMENT3D(#9020,$,$);
#9022=IFCDIRECTION((0.,0.,1.));
#9023=IFCEXTRUDEDAREASOLID(#9019,#9021,#9022,0.035);
#9024=IFCCARTESIANPOINT((0.,0.));
#9025=IFCDIRECTION((-0.6832737736807996,0.730162276620752));
#9026=IFCAXIS2PLACEMENT2D(#9024,#9025);
#9027=IFCRECTANGLEPROFILEDEF(.AREA.,$,#9026,0.06000000000000005,1.4);
#9028=IFCCARTESIANPOINT((-19.747793428366133,20.749208725335905,0.4256129773184037));
#9029=IFCAXIS2PLACEMENT3D(#9028,$,$);
#9030=IFCDIRECTION((0.,0.,1.));
#9031=IFCEXTRUDEDAREASOLID(#9027,#9029,#9030,0.035);
#9032=IFCCARTESIANPOINT((0.,0.));
#9033=IFCDIRECTION((1.,0.));
#9034=IFCAXIS2PLACEMENT2D(#9032,#9033);
#9035=IFCCIRCLEHOLLOWPROFILEDEF(.AREA.,$,#9034,0.3,0.04999999999999999);
#9036=IFCCARTESIANPOINT((-19.29,20.26,0.4256129773184037));
#9037=IFCAXIS2PLACEMENT3D(#9036,$,$);
#9038=IFCDIRECTION((0.,0.,1.));
#9039=IFCEXTRUDEDAREASOLID(#9035,#9037,#9038,0.035);
#9040=IFCCARTESIANPOINT((0.,0.));
#9041=IFCDIRECTION((-0.6832737736807963,0.730162276620755));
#9042=IFCAXIS2PLACEMENT2D(#9040,#9041);
#9043=IFCRECTANGLEPROFILEDEF(.AREA.,$,#9042,0.3599999999999973,0.03);
#9044=IFCCARTESIANPOINT((-19.61797141136678,20.610477892777965,0.4256129773184037));
#9045=IFCAXIS2PLACEMENT3D(#9044,$,$);
#9046=IFCDIRECTION((0.,0.,1.));
#9047=IFCEXTRUDEDAREASOLID(#9043,#9045,#9046,0.035);
#9048=IFCCARTESIANPOINT((0.,0.));
#9049=IFCDIRECTION((-0.999450215941757,0.03315517838853011));
#9050=IFCAXIS2PLACEMENT2D(#9048,#9049);
#9051=IFCRECTANGLEPROFILEDEF(.AREA.,$,#9050,0.6333809511662412,0.03);
#9052=IFCCARTESIANPOINT((-19.906351428990774,20.280446482728465,0.4256129773184037));
#9053=IFCAXIS2PLACEMENT3D(#9052,$,$);
#9054=IFCDIRECTION((0.,0.,1.));
#9055=IFCEXTRUDEDAREASOLID(#9051,#9053,#9054,0.035);
#9056=IFCCARTESIANPOINT((0.,0.));
#9057=IFCDIRECTION((-0.7301622766207548,-0.6832737736807964));
#9058=IFCAXIS2PLACEMENT2D(#9056,#9057);
#9059=IFCRECTANGLEPROFILEDEF(.AREA.,$,#9058,0.3599999999999973,0.03);
#9060=IFCCARTESIANPOINT((-19.64047789277796,19.932028588633216,0.4256129773184037));
#9061=IFCAXIS2PLACEMENT3D(#9060,$,$);
#9062=IFCDIRECTION((0.,0.,1.));
#9063=IFCEXTRUDEDAREASOLID(#9059,#9061,#9062,0.035);
#9064=IFCCARTESIANPOINT((0.,0.));
#9065=IFCDIRECTION((-0.033155178388530146,-0.999450215941757));
#9066=IFCAXIS2PLACEMENT2D(#9064,#9065);
#9067=IFCRECTANGLEPROFILEDEF(.AREA.,$,#9066,0.6333809511662412,0.03);
#9068=IFCCARTESIANPOINT((-19.310446482728462,19.643648571009226,0.4256129773184037));
#9069=IFCAXIS2PLACEMENT3D(#9068,$,$);
#9070=IFCDIRECTION((0.,0.,1.));
#9071=IFCEXTRUDEDAREASOLID(#9067,#9069,#9070,0.035);
#9072=IFCCARTESIANPOINT((0.,0.));
#9073=IFCDIRECTION((0.6832737736807964,-0.7301622766207548));
#9074=IFCAXIS2PLACEMENT2D(#9072,#9073);
#9075=IFCRECTANGLEPROFILEDEF(.AREA.,$,#9074,0.3599999999999973,0.03);
#9076=IFCCARTESIANPOINT((-18.962028588633217,19.90952210722204,0.4256129773184037));
#9077=IFCAXIS2PLACEMENT3D(#9076,$,$);
#9078=IFCDIRECTION((0.,0.,1.));
#9079=IFCEXTRUDEDAREASOLID(#9075,#9077,#9078,0.035);
#9080=IFCCARTESIANPOINT((0.,0.));
#9081=IFCDIRECTION((0.999450215941757,-0.03315517838853007));
#9082=IFCAXIS2PLACEMENT2D(#9080,#9081);
#9083=IFCRECTANGLEPROFILEDEF(.AREA.,$,#9082,0.6333809511662412,0.03);
#9084=IFCCARTESIANPOINT((-18.673648571009224,20.23955351727154,0.4256129773184037));
#9085=IFCAXIS2PLACEMENT3D(#9084,$,$);
#9086=IFCDIRECTION((0.,0.,1.));
#9087=IFCEXTRUDEDAREASOLID(#9083,#9085,#9086,0.035);
#9088=IFCCARTESIANPOINT((0.,0.));
#9089=IFCDIRECTION((0.730162276620755,0.6832737736807964));
#9090=IFCAXIS2PLACEMENT2D(#9088,#9089);
#9091=IFCRECTANGLEPROFILEDEF(.AREA.,$,#9090,0.3599999999999973,0.03);
#9092=IFCCARTESIANPOINT((-18.93952210722204,20.587971411366787,0.4256129773184037));
#9093=IFCAXIS2PLACEMENT3D(#9092,$,$);
#9094=IFCDIRECTION((0.,0.,1.));
#9095=IFCEXTRUDEDAREASOLID(#9091,#9093,#9094,0.035);
#9096=IFCCARTESIANPOINT((0.,0.));
#9097=IFCDIRECTION((0.03315517838853005,0.999450215941757));
#9098=IFCAXIS2PLACEMENT2D(#9096,#9097);
#9099=IFCRECTANGLEPROFILEDEF(.AREA.,$,#9098,0.6333809511662412,0.03);
#9100=IFCCARTESIANPOINT((-19.269553517271536,20.876351428990777,0.4256129773184037));
#9101=IFCAXIS2PLACEMENT3D(#9100,$,$);
#9102=IFCDIRECTION((0.,0.,1.));
#9103=IFCEXTRUDEDAREASOLID(#9099,#9101,#9102,0.035);
#9104=IFCCARTESIANPOINT((0.,0.));
#9105=IFCDIRECTION((1.,0.));
#9106=IFCAXIS2PLACEMENT2D(#9104,#9105);
#9107=IFCCIRCLEHOLLOWPROFILEDEF(.AREA.,$,#9106,0.435,0.030000000000000027);
#9108=IFCCARTESIANPOINT((-19.29,20.26,0.4256129773184037));
#9109=IFCAXIS2PLACEMENT3D(#9108,$,$);
#9110=IFCDIRECTION((0.,0.,1.));
#9111=IFCEXTRUDEDAREASOLID(#9107,#9109,#9110,0.035);
#9112=IFCCARTESIANPOINT((0.,0.));
#9113=IFCDIRECTION((1.,0.));
#9114=IFCAXIS2PLACEMENT2D(#9112,#9113);
#9115=IFCCIRCLEHOLLOWPROFILEDEF(.AREA.,$,#9114,0.5650000000000001,0.030000000000000027);
#9116=IFCCARTESIANPOINT((-19.29,20.26,0.4256129773184037));
#9117=IFCAXIS2PLACEMENT3D(#9116,$,$);
#9118=IFCDIRECTION((0.,0.,1.));
#9119=IFCEXTRUDEDAREASOLID(#9115,#9117,#9118,0.035);
#9120=IFCSTYLEDITEM(#9007,(#47),$);
#9121=IFCSTYLEDITEM(#9015,(#47),$);
#9122=IFCSTYLEDITEM(#9023,(#47),$);
#9123=IFCSTYLEDITEM(#9031,(#47),$);
#9124=IFCSTYLEDITEM(#9039,(#47),$);
#9125=IFCSTYLEDITEM(#9047,(#47),$);
#9126=IFCSTYLEDITEM(#9055,(#47),$);
#9127=IFCSTYLEDITEM(#9063,(#47),$);
#9128=IFCSTYLEDITEM(#9071,(#47),$);
#9129=IFCSTYLEDITEM(#9079,(#47),$);
#9130=IFCSTYLEDITEM(#9087,(#47),$);
#9131=IFCSTYLEDITEM(#9095,(#47),$);
#9132=IFCSTYLEDITEM(#9103,(#47),$);
#9133=IFCSTYLEDITEM(#9111,(#47),$);
#9134=IFCSTYLEDITEM(#9119,(#47),$);
#9135=IFCSHAPEREPRESENTATION(#16,'Body','SweptSolid',(#9007,#9015,#9023,#9031,#9039,#9047,#9055,#9063,#9071,#9079,#9087,#9095,#9103,#9111,#9119));
#9136=IFCPRODUCTDEFINITIONSHAPE($,$,(#9135));
#9137=IFCLOCALPLACEMENT(#23,#13);
#9138=IFCCOVERING('2ZkADBtPD9x93PrzkpZiQL',#5,'Escocell 4 \X2\00B7\X0\ Tree grate 4',$,'Cast-iron tree grate 1 400 \X2\00D7\X0\ 1 400',#9137,#9136,'PFAL-COV-008',.USERDEFINED.);
#9139=IFCRELASSOCIATESMATERIAL('2vjcEKFtz3tAKd_4prBGjU',#5,$,$,(#9138),#48);
#9140=IFCPROPERTYSINGLEVALUE('Material',$,IFCLABEL('Cast iron, painted dark grey'),$);
#9141=IFCPROPERTYSINGLEVALUE('Category',$,IFCLABEL('Iron'),$);
#9142=IFCPROPERTYSINGLEVALUE('MassDensity_kg_m3',$,IFCREAL(7200.),$);
#9143=IFCPROPERTYSET('3JfXP32PL8UgjgYWkQWVBZ',#5,'Pset_CDE_Material',$,(#9140,#9141,#9142));
#9144=IFCRELDEFINESBYPROPERTIES('2k0D_kE7LEIOSUHUpTnbEK',#5,$,$,(#9138),#9143);
#9145=IFCPROPERTYSINGLEVALUE('GeometrySource',$,IFCLABEL('Position from OSM tree node (ODbL); grate typical'),$);
#9146=IFCPROPERTYSINGLEVALUE('Confidence',$,IFCLABEL('Medium'),$);
#9147=IFCPROPERTYSINGLEVALUE('Reference',$,IFCLABEL('OSM node 12633020993'),$);
#9148=IFCPROPERTYSET('1Q6iSKdX19whekR1fuYmTZ',#5,'Pset_CDE_Provenance',$,(#9145,#9146,#9147));
#9149=IFCRELDEFINESBYPROPERTIES('0KeQjEjGf5pRgg7cJTlAkq',#5,$,$,(#9138),#9148);
#9150=IFCPROPERTYSINGLEVALUE('DataStatus',$,IFCLABEL('Illustrative demo values \X2\2014\X0\ not the owner''s as-built register'),$);
#9151=IFCPROPERTYSINGLEVALUE('AssetOwner',$,IFCLABEL('Ajuntament de Barcelona (register values are demo)'),$);
#9152=IFCPROPERTYSINGLEVALUE('Manufacturer',$,IFCLABEL('Demo foundry'),$);
#9153=IFCPROPERTYSINGLEVALUE('Model',$,IFCLABEL('Tree grate 140\X2\00D7\X0\140, radial'),$);
#9154=IFCPROPERTYSINGLEVALUE('SerialNumber',$,IFCLABEL('BCN-PAV-PGR-010'),$);
#9155=IFCPROPERTYSINGLEVALUE('LifecycleStatus',$,IFCLABEL('In service'),$);
#9156=IFCPROPERTYSINGLEVALUE('InstallationYear',$,IFCINTEGER(2009),$);
#9157=IFCPROPERTYSINGLEVALUE('LastInspection',$,IFCLABEL('2026-06-17'),$);
#9158=IFCPROPERTYSINGLEVALUE('InspectionInterval_months',$,IFCINTEGER(12),$);
#9159=IFCPROPERTYSINGLEVALUE('NextInspection',$,IFCLABEL('2027-06-17'),$);
#9160=IFCPROPERTYSINGLEVALUE('ConditionIndex_1to5',$,IFCINTEGER(4),$);
#9161=IFCPROPERTYSINGLEVALUE('WarrantyEnd',$,IFCLABEL('2019-12-31 (expired)'),$);
#9162=IFCPROPERTYSINGLEVALUE('MaintenanceContractor',$,IFCLABEL('Demo contractor \X2\2014\X0\ street furniture and paving'),$);
#9163=IFCPROPERTYSINGLEVALUE('MaintenanceStrategy',$,IFCLABEL('Condition-based'),$);
#9164=IFCPROPERTYSET('3b1bwOlv18MeTjEf3a88Xe',#5,'Pset_CDE_AssetManagement (demo)',$,(#9150,#9151,#9152,#9153,#9154,#9155,#9156,#9157,#9158,#9159,#9160,#9161,#9162,#9163));
#9165=IFCRELDEFINESBYPROPERTIES('2qG8LYUMvAcwyMRfkirtG5',#5,$,$,(#9138),#9164);
#9166=IFCCARTESIANPOINT((0.,0.));
#9167=IFCDIRECTION((1.,0.));
#9168=IFCAXIS2PLACEMENT2D(#9166,#9167);
#9169=IFCCIRCLEPROFILEDEF(.AREA.,$,#9168,0.19);
#9170=IFCCARTESIANPOINT((-19.29,20.26,0.4256129773184037));
#9171=IFCAXIS2PLACEMENT3D(#9170,$,$);
#9172=IFCDIRECTION((0.,0.,1.));
#9173=IFCEXTRUDEDAREASOLID(#9169,#9171,#9172,3.);
#9174=IFCCARTESIANPOINT((0.,0.));
#9175=IFCDIRECTION((1.,0.));
#9176=IFCAXIS2PLACEMENT2D(#9174,#9175);
#9177=IFCCIRCLEPROFILEDEF(.AREA.,$,#9176,0.12);
#9178=IFCCARTESIANPOINT((-19.29,20.26,3.2256129773184035));
#9179=IFCDIRECTION((-0.5226168441931531,0.12267426000211751,0.8436958338752908));
#9180=IFCDIRECTION((0.2285196408403941,0.9735393026222297,-0.));
#9181=IFCAXIS2PLACEMENT3D(#9178,#9179,#9180);
#9182=IFCDIRECTION((0.,0.,1.));
#9183=IFCEXTRUDEDAREASOLID(#9177,#9181,#9182,2.014944167960989);
#9184=IFCCARTESIANPOINT((0.,0.));
#9185=IFCDIRECTION((1.,0.));
#9186=IFCAXIS2PLACEMENT2D(#9184,#9185);
#9187=IFCCIRCLEPROFILEDEF(.AREA.,$,#9186,0.11);
#9188=IFCCARTESIANPOINT((-19.29,20.26,3.2256129773184035));
#9189=IFCDIRECTION((0.08932895122342994,-0.4555400163674581,0.8857220963492206));
#9190=IFCDIRECTION((-0.9813107480056883,-0.1924297686131657,0.));
#9191=IFCAXIS2PLACEMENT3D(#9188,#9189,#9190);
#9192=IFCDIRECTION((0.,0.,1.));
#9193=IFCEXTRUDEDAREASOLID(#9187,#9191,#9192,2.032240143290159);
#9194=IFCCARTESIANPOINT((0.,0.));
#9195=IFCDIRECTION((1.,0.));
#9196=IFCAXIS2PLACEMENT2D(#9194,#9195);
#9197=IFCCIRCLEPROFILEDEF(.AREA.,$,#9196,0.11);
#9198=IFCCARTESIANPOINT((-19.29,20.26,3.2256129773184035));
#9199=IFCDIRECTION((0.32027513505458755,0.3742023358580539,0.8702852691526738));
#9200=IFCDIRECTION((0.7597276244799267,-0.6502414448511319,0.));
#9201=IFCAXIS2PLACEMENT3D(#9198,#9199,#9200);
#9202=IFCDIRECTION((0.,0.,1.));
#9203=IFCEXTRUDEDAREASOLID(#9197,#9201,#9202,1.8384776310850248);
#9204=IFCSTYLEDITEM(#9173,(#137),$);
#9205=IFCSTYLEDITEM(#9183,(#137),$);
#9206=IFCSTYLEDITEM(#9193,(#137),$);
#9207=IFCSTYLEDITEM(#9203,(#137),$);
#9208=IFCSHAPEREPRESENTATION(#16,'Body','SweptSolid',(#9173,#9183,#9193,#9203));
#9209=IFCPRODUCTDEFINITIONSHAPE($,$,(#9208));
#9210=IFCLOCALPLACEMENT(#23,#13);
#9211=IFCGEOGRAPHICELEMENT('3s0Di$ujfAsRmZe$TEo0vC',#5,'Pl\X2\00E0\X0\tan 4 \X2\00B7\X0\ Plane tree 4',$,'Street tree (trunk and first limbs; the crown is in the ICGC mesh)',#9210,#9209,'PFAL-ELM-022',.VEGETATION.);
#9212=IFCRELASSOCIATESMATERIAL('0mcT2wkiz1vg4yrXnkUoeA',#5,$,$,(#9211),#138);
#9213=IFCPROPERTYSINGLEVALUE('Material',$,IFCLABEL('Plane-tree bark'),$);
#9214=IFCPROPERTYSINGLEVALUE('Category',$,IFCLABEL('Wood'),$);
#9215=IFCPROPERTYSINGLEVALUE('MassDensity_kg_m3',$,IFCREAL(700.),$);
#9216=IFCPROPERTYSET('3be$kxz7bBBx1QK3MoP7vx',#5,'Pset_CDE_Material',$,(#9213,#9214,#9215));
#9217=IFCRELDEFINESBYPROPERTIES('1eFJ4JuyjDK94njhLbuDV9',#5,$,$,(#9211),#9216);
#9218=IFCPROPERTYSINGLEVALUE('GeometrySource',$,IFCLABEL('Position from OSM tree node (ODbL); grate typical'),$);
#9219=IFCPROPERTYSINGLEVALUE('Confidence',$,IFCLABEL('Medium'),$);
#9220=IFCPROPERTYSINGLEVALUE('Reference',$,IFCLABEL('OSM node 12633020993'),$);
#9221=IFCPROPERTYSET('3f1ZxWa198Pu7OgaLl$v7W',#5,'Pset_CDE_Provenance',$,(#9218,#9219,#9220));
#9222=IFCRELDEFINESBYPROPERTIES('161cAwGl96YP3LDs0NX6GR',#5,$,$,(#9211),#9221);
#9223=IFCPROPERTYSINGLEVALUE('Species',$,IFCLABEL('Platanus \X2\00D7\X0\ hispanica (assumed: the Passeig''s plane trees; OSM node has no species)'),$);
#9224=IFCPROPERTYSINGLEVALUE('LeafType',$,IFCLABEL('Broadleaved'),$);
#9225=IFCPROPERTYSINGLEVALUE('Trunk_Circumference_cm',$,IFCINTEGER(176),$);
#9226=IFCPROPERTYSINGLEVALUE('Height_m',$,IFCINTEGER(17),$);
#9227=IFCPROPERTYSINGLEVALUE('OSMNode',$,IFCINTEGER(12633020993),$);
#9228=IFCPROPERTYSET('10I08niEjAaw$yIr8Gzjxe',#5,'Pset_CDE_Vegetation',$,(#9223,#9224,#9225,#9226,#9227));
#9229=IFCRELDEFINESBYPROPERTIES('2aKUHiwNT8RfS43CYpLajz',#5,$,$,(#9211),#9228);
#9230=IFCPROPERTYSINGLEVALUE('DataStatus',$,IFCLABEL('Illustrative demo values \X2\2014\X0\ not the owner''s as-built register'),$);
#9231=IFCPROPERTYSINGLEVALUE('AssetOwner',$,IFCLABEL('Ajuntament de Barcelona \X2\2014\X0\ parks and trees (demo)'),$);
#9232=IFCPROPERTYSINGLEVALUE('Manufacturer',$,IFCLABEL('Municipal nursery (demo)'),$);
#9233=IFCPROPERTYSINGLEVALUE('Model',$,IFCLABEL('Platanus \X2\00D7\X0\ hispanica, planting stock 20/25'),$);
#9234=IFCPROPERTYSINGLEVALUE('SerialNumber',$,IFCLABEL('BCN-ARB-PGR-005'),$);
#9235=IFCPROPERTYSINGLEVALUE('LifecycleStatus',$,IFCLABEL('In service'),$);
#9236=IFCPROPERTYSINGLEVALUE('InstallationYear',$,IFCINTEGER(1975),$);
#9237=IFCPROPERTYSINGLEVALUE('LastInspection',$,IFCLABEL('2026-06-17'),$);
#9238=IFCPROPERTYSINGLEVALUE('InspectionInterval_months',$,IFCINTEGER(12),$);
#9239=IFCPROPERTYSINGLEVALUE('NextInspection',$,IFCLABEL('2027-06-17'),$);
#9240=IFCPROPERTYSINGLEVALUE('ConditionIndex_1to5',$,IFCINTEGER(3),$);
#9241=IFCPROPERTYSINGLEVALUE('WarrantyEnd',$,IFCLABEL('1977-12-31 (expired)'),$);
#9242=IFCPROPERTYSINGLEVALUE('MaintenanceContractor',$,IFCLABEL('Demo contractor \X2\2014\X0\ urban arboriculture'),$);
#9243=IFCPROPERTYSINGLEVALUE('MaintenanceStrategy',$,IFCLABEL('Condition-based'),$);
#9244=IFCPROPERTYSINGLEVALUE('LastPruning',$,IFCLABEL('2025-12-03'),$);
#9245=IFCPROPERTYSINGLEVALUE('RiskAssessment',$,IFCLABEL('Moderate: cavity at 1.2 m, re-inspect in 6 months (demo)'),$);
#9246=IFCPROPERTYSET('1UPhDPlWzCyv9yaObQeQZH',#5,'Pset_CDE_AssetManagement (demo)',$,(#9230,#9231,#9232,#9233,#9234,#9235,#9236,#9237,#9238,#9239,#9240,#9241,#9242,#9243,#9244,#9245));
#9247=IFCRELDEFINESBYPROPERTIES('2JVblOtJfFVf_F7kAZGZlw',#5,$,$,(#9211),#9246);
#9248=IFCCARTESIANPOINT((0.,0.));
#9249=IFCDIRECTION((-0.6832737736807996,0.730162276620752));
#9250=IFCAXIS2PLACEMENT2D(#9248,#9249);
#9251=IFCRECTANGLEPROFILEDEF(.AREA.,$,#9250,1.4,0.06000000000000005);
#9252=IFCCARTESIANPOINT((-28.5207912746641,30.587793428366133,0.6363652024117141));
#9253=IFCAXIS2PLACEMENT3D(#9252,$,$);
#9254=IFCDIRECTION((0.,0.,1.));
#9255=IFCEXTRUDEDAREASOLID(#9251,#9253,#9254,0.035);
#9256=IFCCARTESIANPOINT((0.,0.));
#9257=IFCDIRECTION((-0.6832737736807996,0.730162276620752));
#9258=IFCAXIS2PLACEMENT2D(#9256,#9257);
#9259=IFCRECTANGLEPROFILEDEF(.AREA.,$,#9258,1.4,0.06000000000000005);
#9260=IFCCARTESIANPOINT((-29.499208725335905,29.672206571633865,0.6363652024117141));
#9261=IFCAXIS2PLACEMENT3D(#9260,$,$);
#9262=IFCDIRECTION((0.,0.,1.));
#9263=IFCEXTRUDEDAREASOLID(#9259,#9261,#9262,0.035);
#9264=IFCCARTESIANPOINT((0.,0.));
#9265=IFCDIRECTION((-0.6832737736807996,0.730162276620752));
#9266=IFCAXIS2PLACEMENT2D(#9264,#9265);
#9267=IFCRECTANGLEPROFILEDEF(.AREA.,$,#9266,0.06000000000000005,1.4);
#9268=IFCCARTESIANPOINT((-28.552206571633867,29.640791274664096,0.6363652024117141));
#9269=IFCAXIS2PLACEMENT3D(#9268,$,$);
#9270=IFCDIRECTION((0.,0.,1.));
#9271=IFCEXTRUDEDAREASOLID(#9267,#9269,#9270,0.035);
#9272=IFCCARTESIANPOINT((0.,0.));
#9273=IFCDIRECTION((-0.6832737736807996,0.730162276620752));
#9274=IFCAXIS2PLACEMENT2D(#9272,#9273);
#9275=IFCRECTANGLEPROFILEDEF(.AREA.,$,#9274,0.06000000000000005,1.4);
#9276=IFCCARTESIANPOINT((-29.467793428366136,30.619208725335902,0.6363652024117141));
#9277=IFCAXIS2PLACEMENT3D(#9276,$,$);
#9278=IFCDIRECTION((0.,0.,1.));
#9279=IFCEXTRUDEDAREASOLID(#9275,#9277,#9278,0.035);
#9280=IFCCARTESIANPOINT((0.,0.));
#9281=IFCDIRECTION((1.,0.));
#9282=IFCAXIS2PLACEMENT2D(#9280,#9281);
#9283=IFCCIRCLEHOLLOWPROFILEDEF(.AREA.,$,#9282,0.3,0.04999999999999999);
#9284=IFCCARTESIANPOINT((-29.01,30.13,0.6363652024117141));
#9285=IFCAXIS2PLACEMENT3D(#9284,$,$);
#9286=IFCDIRECTION((0.,0.,1.));
#9287=IFCEXTRUDEDAREASOLID(#9283,#9285,#9286,0.035);
#9288=IFCCARTESIANPOINT((0.,0.));
#9289=IFCDIRECTION((-0.6832737736807963,0.730162276620755));
#9290=IFCAXIS2PLACEMENT2D(#9288,#9289);
#9291=IFCRECTANGLEPROFILEDEF(.AREA.,$,#9290,0.3599999999999973,0.03);
#9292=IFCCARTESIANPOINT((-29.337971411366787,30.480477892777962,0.6363652024117141));
#9293=IFCAXIS2PLACEMENT3D(#9292,$,$);
#9294=IFCDIRECTION((0.,0.,1.));
#9295=IFCEXTRUDEDAREASOLID(#9291,#9293,#9294,0.035);
#9296=IFCCARTESIANPOINT((0.,0.));
#9297=IFCDIRECTION((-0.999450215941757,0.03315517838853011));
#9298=IFCAXIS2PLACEMENT2D(#9296,#9297);
#9299=IFCRECTANGLEPROFILEDEF(.AREA.,$,#9298,0.6333809511662412,0.03);
#9300=IFCCARTESIANPOINT((-29.626351428990777,30.150446482728462,0.6363652024117141));
#9301=IFCAXIS2PLACEMENT3D(#9300,$,$);
#9302=IFCDIRECTION((0.,0.,1.));
#9303=IFCEXTRUDEDAREASOLID(#9299,#9301,#9302,0.035);
#9304=IFCCARTESIANPOINT((0.,0.));
#9305=IFCDIRECTION((-0.7301622766207548,-0.6832737736807964));
#9306=IFCAXIS2PLACEMENT2D(#9304,#9305);
#9307=IFCRECTANGLEPROFILEDEF(.AREA.,$,#9306,0.3599999999999973,0.03);
#9308=IFCCARTESIANPOINT((-29.360477892777965,29.802028588633213,0.6363652024117141));
#9309=IFCAXIS2PLACEMENT3D(#9308,$,$);
#9310=IFCDIRECTION((0.,0.,1.));
#9311=IFCEXTRUDEDAREASOLID(#9307,#9309,#9310,0.035);
#9312=IFCCARTESIANPOINT((0.,0.));
#9313=IFCDIRECTION((-0.033155178388530146,-0.999450215941757));
#9314=IFCAXIS2PLACEMENT2D(#9312,#9313);
#9315=IFCRECTANGLEPROFILEDEF(.AREA.,$,#9314,0.6333809511662412,0.03);
#9316=IFCCARTESIANPOINT((-29.030446482728465,29.513648571009224,0.6363652024117141));
#9317=IFCAXIS2PLACEMENT3D(#9316,$,$);
#9318=IFCDIRECTION((0.,0.,1.));
#9319=IFCEXTRUDEDAREASOLID(#9315,#9317,#9318,0.035);
#9320=IFCCARTESIANPOINT((0.,0.));
#9321=IFCDIRECTION((0.6832737736807964,-0.7301622766207548));
#9322=IFCAXIS2PLACEMENT2D(#9320,#9321);
#9323=IFCRECTANGLEPROFILEDEF(.AREA.,$,#9322,0.3599999999999973,0.03);
#9324=IFCCARTESIANPOINT((-28.682028588633216,29.779522107222036,0.6363652024117141));
#9325=IFCAXIS2PLACEMENT3D(#9324,$,$);
#9326=IFCDIRECTION((0.,0.,1.));
#9327=IFCEXTRUDEDAREASOLID(#9323,#9325,#9326,0.035);
#9328=IFCCARTESIANPOINT((0.,0.));
#9329=IFCDIRECTION((0.999450215941757,-0.03315517838853007));
#9330=IFCAXIS2PLACEMENT2D(#9328,#9329);
#9331=IFCRECTANGLEPROFILEDEF(.AREA.,$,#9330,0.6333809511662412,0.03);
#9332=IFCCARTESIANPOINT((-28.393648571009226,30.109553517271536,0.6363652024117141));
#9333=IFCAXIS2PLACEMENT3D(#9332,$,$);
#9334=IFCDIRECTION((0.,0.,1.));
#9335=IFCEXTRUDEDAREASOLID(#9331,#9333,#9334,0.035);
#9336=IFCCARTESIANPOINT((0.,0.));
#9337=IFCDIRECTION((0.730162276620755,0.6832737736807964));
#9338=IFCAXIS2PLACEMENT2D(#9336,#9337);
#9339=IFCRECTANGLEPROFILEDEF(.AREA.,$,#9338,0.3599999999999973,0.03);
#9340=IFCCARTESIANPOINT((-28.65952210722204,30.457971411366785,0.6363652024117141));
#9341=IFCAXIS2PLACEMENT3D(#9340,$,$);
#9342=IFCDIRECTION((0.,0.,1.));
#9343=IFCEXTRUDEDAREASOLID(#9339,#9341,#9342,0.035);
#9344=IFCCARTESIANPOINT((0.,0.));
#9345=IFCDIRECTION((0.03315517838853005,0.999450215941757));
#9346=IFCAXIS2PLACEMENT2D(#9344,#9345);
#9347=IFCRECTANGLEPROFILEDEF(.AREA.,$,#9346,0.6333809511662412,0.03);
#9348=IFCCARTESIANPOINT((-28.98955351727154,30.746351428990774,0.6363652024117141));
#9349=IFCAXIS2PLACEMENT3D(#9348,$,$);
#9350=IFCDIRECTION((0.,0.,1.));
#9351=IFCEXTRUDEDAREASOLID(#9347,#9349,#9350,0.035);
#9352=IFCCARTESIANPOINT((0.,0.));
#9353=IFCDIRECTION((1.,0.));
#9354=IFCAXIS2PLACEMENT2D(#9352,#9353);
#9355=IFCCIRCLEHOLLOWPROFILEDEF(.AREA.,$,#9354,0.435,0.030000000000000027);
#9356=IFCCARTESIANPOINT((-29.01,30.13,0.6363652024117141));
#9357=IFCAXIS2PLACEMENT3D(#9356,$,$);
#9358=IFCDIRECTION((0.,0.,1.));
#9359=IFCEXTRUDEDAREASOLID(#9355,#9357,#9358,0.035);
#9360=IFCCARTESIANPOINT((0.,0.));
#9361=IFCDIRECTION((1.,0.));
#9362=IFCAXIS2PLACEMENT2D(#9360,#9361);
#9363=IFCCIRCLEHOLLOWPROFILEDEF(.AREA.,$,#9362,0.5650000000000001,0.030000000000000027);
#9364=IFCCARTESIANPOINT((-29.01,30.13,0.6363652024117141));
#9365=IFCAXIS2PLACEMENT3D(#9364,$,$);
#9366=IFCDIRECTION((0.,0.,1.));
#9367=IFCEXTRUDEDAREASOLID(#9363,#9365,#9366,0.035);
#9368=IFCSTYLEDITEM(#9255,(#47),$);
#9369=IFCSTYLEDITEM(#9263,(#47),$);
#9370=IFCSTYLEDITEM(#9271,(#47),$);
#9371=IFCSTYLEDITEM(#9279,(#47),$);
#9372=IFCSTYLEDITEM(#9287,(#47),$);
#9373=IFCSTYLEDITEM(#9295,(#47),$);
#9374=IFCSTYLEDITEM(#9303,(#47),$);
#9375=IFCSTYLEDITEM(#9311,(#47),$);
#9376=IFCSTYLEDITEM(#9319,(#47),$);
#9377=IFCSTYLEDITEM(#9327,(#47),$);
#9378=IFCSTYLEDITEM(#9335,(#47),$);
#9379=IFCSTYLEDITEM(#9343,(#47),$);
#9380=IFCSTYLEDITEM(#9351,(#47),$);
#9381=IFCSTYLEDITEM(#9359,(#47),$);
#9382=IFCSTYLEDITEM(#9367,(#47),$);
#9383=IFCSHAPEREPRESENTATION(#16,'Body','SweptSolid',(#9255,#9263,#9271,#9279,#9287,#9295,#9303,#9311,#9319,#9327,#9335,#9343,#9351,#9359,#9367));
#9384=IFCPRODUCTDEFINITIONSHAPE($,$,(#9383));
#9385=IFCLOCALPLACEMENT(#23,#13);
#9386=IFCCOVERING('21hkbgT_PEK9ysz6aZJO23',#5,'Escocell 5 \X2\00B7\X0\ Tree grate 5',$,'Cast-iron tree grate 1 400 \X2\00D7\X0\ 1 400',#9385,#9384,'PFAL-COV-009',.USERDEFINED.);
#9387=IFCRELASSOCIATESMATERIAL('3wVLYv6mDEtweTHqPedWDi',#5,$,$,(#9386),#48);
#9388=IFCPROPERTYSINGLEVALUE('Material',$,IFCLABEL('Cast iron, painted dark grey'),$);
#9389=IFCPROPERTYSINGLEVALUE('Category',$,IFCLABEL('Iron'),$);
#9390=IFCPROPERTYSINGLEVALUE('MassDensity_kg_m3',$,IFCREAL(7200.),$);
#9391=IFCPROPERTYSET('08OxaA1T92X8xHA0B$niPJ',#5,'Pset_CDE_Material',$,(#9388,#9389,#9390));
#9392=IFCRELDEFINESBYPROPERTIES('3gKOBVILv2CgkjZb5YQENX',#5,$,$,(#9386),#9391);
#9393=IFCPROPERTYSINGLEVALUE('GeometrySource',$,IFCLABEL('Position from OSM tree node (ODbL); grate typical'),$);
#9394=IFCPROPERTYSINGLEVALUE('Confidence',$,IFCLABEL('Medium'),$);
#9395=IFCPROPERTYSINGLEVALUE('Reference',$,IFCLABEL('OSM node 12633020992'),$);
#9396=IFCPROPERTYSET('1eOn_PLyH8A8d$yvwHF7MO',#5,'Pset_CDE_Provenance',$,(#9393,#9394,#9395));
#9397=IFCRELDEFINESBYPROPERTIES('0woXqlVMz2MAM$XHNm0Gsi',#5,$,$,(#9386),#9396);
#9398=IFCPROPERTYSINGLEVALUE('DataStatus',$,IFCLABEL('Illustrative demo values \X2\2014\X0\ not the owner''s as-built register'),$);
#9399=IFCPROPERTYSINGLEVALUE('AssetOwner',$,IFCLABEL('Ajuntament de Barcelona (register values are demo)'),$);
#9400=IFCPROPERTYSINGLEVALUE('Manufacturer',$,IFCLABEL('Demo foundry'),$);
#9401=IFCPROPERTYSINGLEVALUE('Model',$,IFCLABEL('Tree grate 140\X2\00D7\X0\140, radial'),$);
#9402=IFCPROPERTYSINGLEVALUE('SerialNumber',$,IFCLABEL('BCN-PAV-PGR-011'),$);
#9403=IFCPROPERTYSINGLEVALUE('LifecycleStatus',$,IFCLABEL('In service'),$);
#9404=IFCPROPERTYSINGLEVALUE('InstallationYear',$,IFCINTEGER(2009),$);
#9405=IFCPROPERTYSINGLEVALUE('LastInspection',$,IFCLABEL('2026-06-17'),$);
#9406=IFCPROPERTYSINGLEVALUE('InspectionInterval_months',$,IFCINTEGER(12),$);
#9407=IFCPROPERTYSINGLEVALUE('NextInspection',$,IFCLABEL('2027-06-17'),$);
#9408=IFCPROPERTYSINGLEVALUE('ConditionIndex_1to5',$,IFCINTEGER(4),$);
#9409=IFCPROPERTYSINGLEVALUE('WarrantyEnd',$,IFCLABEL('2019-12-31 (expired)'),$);
#9410=IFCPROPERTYSINGLEVALUE('MaintenanceContractor',$,IFCLABEL('Demo contractor \X2\2014\X0\ street furniture and paving'),$);
#9411=IFCPROPERTYSINGLEVALUE('MaintenanceStrategy',$,IFCLABEL('Condition-based'),$);
#9412=IFCPROPERTYSET('0q0r1nWuXBjQ10RgsGvppd',#5,'Pset_CDE_AssetManagement (demo)',$,(#9398,#9399,#9400,#9401,#9402,#9403,#9404,#9405,#9406,#9407,#9408,#9409,#9410,#9411));
#9413=IFCRELDEFINESBYPROPERTIES('1$Vnv1uN163PwaI2VIK_Vv',#5,$,$,(#9386),#9412);
#9414=IFCCARTESIANPOINT((0.,0.));
#9415=IFCDIRECTION((1.,0.));
#9416=IFCAXIS2PLACEMENT2D(#9414,#9415);
#9417=IFCCIRCLEPROFILEDEF(.AREA.,$,#9416,0.19);
#9418=IFCCARTESIANPOINT((-29.01,30.13,0.6363652024117141));
#9419=IFCAXIS2PLACEMENT3D(#9418,$,$);
#9420=IFCDIRECTION((0.,0.,1.));
#9421=IFCEXTRUDEDAREASOLID(#9417,#9419,#9420,3.);
#9422=IFCCARTESIANPOINT((0.,0.));
#9423=IFCDIRECTION((1.,0.));
#9424=IFCAXIS2PLACEMENT2D(#9422,#9423);
#9425=IFCCIRCLEPROFILEDEF(.AREA.,$,#9424,0.12);
#9426=IFCCARTESIANPOINT((-29.01,30.13,3.436365202411714));
#9427=IFCDIRECTION((-0.5226168441931534,0.12267426000211756,0.8436958338752908));
#9428=IFCDIRECTION((0.2285196408403941,0.9735393026222297,-0.));
#9429=IFCAXIS2PLACEMENT3D(#9426,#9427,#9428);
#9430=IFCDIRECTION((0.,0.,1.));
#9431=IFCEXTRUDEDAREASOLID(#9425,#9429,#9430,2.014944167960988);
#9432=IFCCARTESIANPOINT((0.,0.));
#9433=IFCDIRECTION((1.,0.));
#9434=IFCAXIS2PLACEMENT2D(#9432,#9433);
#9435=IFCCIRCLEPROFILEDEF(.AREA.,$,#9434,0.11);
#9436=IFCCARTESIANPOINT((-29.01,30.13,3.436365202411714));
#9437=IFCDIRECTION((0.08932895122342999,-0.4555400163674583,0.8857220963492206));
#9438=IFCDIRECTION((-0.9813107480056883,-0.19242976861316574,0.));
#9439=IFCAXIS2PLACEMENT3D(#9436,#9437,#9438);
#9440=IFCDIRECTION((0.,0.,1.));
#9441=IFCEXTRUDEDAREASOLID(#9435,#9439,#9440,2.0322401432901582);
#9442=IFCCARTESIANPOINT((0.,0.));
#9443=IFCDIRECTION((1.,0.));
#9444=IFCAXIS2PLACEMENT2D(#9442,#9443);
#9445=IFCCIRCLEPROFILEDEF(.AREA.,$,#9444,0.11);
#9446=IFCCARTESIANPOINT((-29.01,30.13,3.436365202411714));
#9447=IFCDIRECTION((0.32027513505458766,0.37420233585805407,0.8702852691526737));
#9448=IFCDIRECTION((0.7597276244799267,-0.6502414448511318,0.));
#9449=IFCAXIS2PLACEMENT3D(#9446,#9447,#9448);
#9450=IFCDIRECTION((0.,0.,1.));
#9451=IFCEXTRUDEDAREASOLID(#9445,#9449,#9450,1.8384776310850242);
#9452=IFCSTYLEDITEM(#9421,(#137),$);
#9453=IFCSTYLEDITEM(#9431,(#137),$);
#9454=IFCSTYLEDITEM(#9441,(#137),$);
#9455=IFCSTYLEDITEM(#9451,(#137),$);
#9456=IFCSHAPEREPRESENTATION(#16,'Body','SweptSolid',(#9421,#9431,#9441,#9451));
#9457=IFCPRODUCTDEFINITIONSHAPE($,$,(#9456));
#9458=IFCLOCALPLACEMENT(#23,#13);
#9459=IFCGEOGRAPHICELEMENT('0XgI$mWFT0fuvmYYLBsVi8',#5,'Pl\X2\00E0\X0\tan 5 \X2\00B7\X0\ Plane tree 5',$,'Street tree (trunk and first limbs; the crown is in the ICGC mesh)',#9458,#9457,'PFAL-ELM-023',.VEGETATION.);
#9460=IFCRELASSOCIATESMATERIAL('3L$E9ygVL3lO9kzBIxTfLa',#5,$,$,(#9459),#138);
#9461=IFCPROPERTYSINGLEVALUE('Material',$,IFCLABEL('Plane-tree bark'),$);
#9462=IFCPROPERTYSINGLEVALUE('Category',$,IFCLABEL('Wood'),$);
#9463=IFCPROPERTYSINGLEVALUE('MassDensity_kg_m3',$,IFCREAL(700.),$);
#9464=IFCPROPERTYSET('1rva83TxT1lvqyJdnsEq1t',#5,'Pset_CDE_Material',$,(#9461,#9462,#9463));
#9465=IFCRELDEFINESBYPROPERTIES('2LrR76B89C39bk3mln9NLr',#5,$,$,(#9459),#9464);
#9466=IFCPROPERTYSINGLEVALUE('GeometrySource',$,IFCLABEL('Position from OSM tree node (ODbL); grate typical'),$);
#9467=IFCPROPERTYSINGLEVALUE('Confidence',$,IFCLABEL('Medium'),$);
#9468=IFCPROPERTYSINGLEVALUE('Reference',$,IFCLABEL('OSM node 12633020992'),$);
#9469=IFCPROPERTYSET('0XKv2wbWH1YALkb5tzSdQ0',#5,'Pset_CDE_Provenance',$,(#9466,#9467,#9468));
#9470=IFCRELDEFINESBYPROPERTIES('2WmV6HpVv5PBczR6RiVVXT',#5,$,$,(#9459),#9469);
#9471=IFCPROPERTYSINGLEVALUE('Species',$,IFCLABEL('Platanus \X2\00D7\X0\ hispanica (assumed: the Passeig''s plane trees; OSM node has no species)'),$);
#9472=IFCPROPERTYSINGLEVALUE('LeafType',$,IFCLABEL('Broadleaved'),$);
#9473=IFCPROPERTYSINGLEVALUE('Trunk_Circumference_cm',$,IFCINTEGER(185),$);
#9474=IFCPROPERTYSINGLEVALUE('Height_m',$,IFCINTEGER(18),$);
#9475=IFCPROPERTYSINGLEVALUE('OSMNode',$,IFCINTEGER(12633020992),$);
#9476=IFCPROPERTYSET('2FK2uIY8T5CAHc9B$pAH$n',#5,'Pset_CDE_Vegetation',$,(#9471,#9472,#9473,#9474,#9475));
#9477=IFCRELDEFINESBYPROPERTIES('3n42PR48LE4AEVWq6$Skeb',#5,$,$,(#9459),#9476);
#9478=IFCPROPERTYSINGLEVALUE('DataStatus',$,IFCLABEL('Illustrative demo values \X2\2014\X0\ not the owner''s as-built register'),$);
#9479=IFCPROPERTYSINGLEVALUE('AssetOwner',$,IFCLABEL('Ajuntament de Barcelona \X2\2014\X0\ parks and trees (demo)'),$);
#9480=IFCPROPERTYSINGLEVALUE('Manufacturer',$,IFCLABEL('Municipal nursery (demo)'),$);
#9481=IFCPROPERTYSINGLEVALUE('Model',$,IFCLABEL('Platanus \X2\00D7\X0\ hispanica, planting stock 20/25'),$);
#9482=IFCPROPERTYSINGLEVALUE('SerialNumber',$,IFCLABEL('BCN-ARB-PGR-006'),$);
#9483=IFCPROPERTYSINGLEVALUE('LifecycleStatus',$,IFCLABEL('In service'),$);
#9484=IFCPROPERTYSINGLEVALUE('InstallationYear',$,IFCINTEGER(1975),$);
#9485=IFCPROPERTYSINGLEVALUE('LastInspection',$,IFCLABEL('2026-06-17'),$);
#9486=IFCPROPERTYSINGLEVALUE('InspectionInterval_months',$,IFCINTEGER(12),$);
#9487=IFCPROPERTYSINGLEVALUE('NextInspection',$,IFCLABEL('2027-06-17'),$);
#9488=IFCPROPERTYSINGLEVALUE('ConditionIndex_1to5',$,IFCINTEGER(4),$);
#9489=IFCPROPERTYSINGLEVALUE('WarrantyEnd',$,IFCLABEL('1977-12-31 (expired)'),$);
#9490=IFCPROPERTYSINGLEVALUE('MaintenanceContractor',$,IFCLABEL('Demo contractor \X2\2014\X0\ urban arboriculture'),$);
#9491=IFCPROPERTYSINGLEVALUE('MaintenanceStrategy',$,IFCLABEL('Condition-based'),$);
#9492=IFCPROPERTYSINGLEVALUE('LastPruning',$,IFCLABEL('2025-12-03'),$);
#9493=IFCPROPERTYSINGLEVALUE('RiskAssessment',$,IFCLABEL('Low (visual tree assessment, demo)'),$);
#9494=IFCPROPERTYSET('2B371x4sb8N8GbdLC2Qplr',#5,'Pset_CDE_AssetManagement (demo)',$,(#9478,#9479,#9480,#9481,#9482,#9483,#9484,#9485,#9486,#9487,#9488,#9489,#9490,#9491,#9492,#9493));
#9495=IFCRELDEFINESBYPROPERTIES('3LRJBXf$f06w5DY2nr8yBh',#5,$,$,(#9459),#9494);
#9496=IFCRELCONTAINEDINSPATIALSTRUCTURE('0ATIiJ_jz3uge9hfm_GE6J',#5,$,$,(#150,#3823,#3873,#3921,#3954,#7628,#7678,#7727,#7760,#8234),#147);
#9497=IFCRELAGGREGATES('3xs85eARP5if3sW1j5Bbgb',#5,$,$,#150,(#213,#325,#456,#500,#552,#586));
#9498=IFCRELAGGREGATES('1pdUDyn61BJv$uhGn9D0KS',#5,$,$,#586,(#644,#796,#918,#2036,#3008,#3203,#3384,#3458,#3522,#3582,#3653,#3717,#3777));
#9499=IFCRELAGGREGATES('3v4g7rcKz8QuGkHHnTbCK0',#5,$,$,#3954,(#4017,#4129,#4261,#4305,#4357,#4391));
#9500=IFCRELAGGREGATES('2nx0RMZVfApecvj9DR1gQp',#5,$,$,#4391,(#4449,#4601,#4723,#5841,#6812,#7007,#7188,#7262,#7326,#7386,#7457,#7521,#7582));
#9501=IFCRELAGGREGATES('06eWLoSsLFpR4j3Fu75aFi',#5,$,$,#7760,(#7917,#7960,#8039,#8082,#8160,#8203));
#9502=IFCRELAGGREGATES('2K930Cb5n2rO4rFPEJnWvx',#5,$,$,#8234,(#8394,#8467,#8642,#8715,#8890,#8963,#9138,#9211,#9386,#9459));
#9503=IFCQUANTITYLENGTH('Length',$,$,0.7,$);
#9504=IFCQUANTITYLENGTH('Width',$,$,0.7,$);
#9505=IFCQUANTITYLENGTH('Height',$,$,0.8,$);
#9506=IFCQUANTITYAREA('OuterSurfaceArea',$,$,3.22,$);
#9507=IFCQUANTITYVOLUME('NetVolume',$,$,0.392,$);
#9508=IFCQUANTITYWEIGHT('NetWeight',$,$,940.8,$);
#9509=IFCELEMENTQUANTITY('1zl96E62H3LfNhrmtWnyF6',#5,'Qto_CDE_GeometricQuantities','Computed from the model geometry (openings subtracted)','CDE qto.py',(#9503,#9504,#9505,#9506,#9507,#9508));
#9510=IFCRELDEFINESBYPROPERTIES('1FMW_OJ_rCK8WOh7MML1wM',#5,$,$,(#500),#9509);
#9511=IFCQUANTITYLENGTH('Length',$,$,0.19,$);
#9512=IFCQUANTITYLENGTH('Width',$,$,0.18,$);
#9513=IFCQUANTITYLENGTH('Height',$,$,0.4,$);
#9514=IFCQUANTITYAREA('OuterSurfaceArea',$,$,0.428,$);
#9515=IFCQUANTITYVOLUME('NetVolume',$,$,0.013,$);
#9516=IFCQUANTITYWEIGHT('NetWeight',$,$,95.731,$);
#9517=IFCELEMENTQUANTITY('1M1jOwoX1DaQE32Q18XOxD',#5,'Qto_CDE_GeometricQuantities','Computed from the model geometry (openings subtracted)','CDE qto.py',(#9511,#9512,#9513,#9514,#9515,#9516));
#9518=IFCRELDEFINESBYPROPERTIES('17Rf4tLyjB1Rk6Lbhp_fRb',#5,$,$,(#552),#9517);
#9519=IFCQUANTITYLENGTH('Length',$,$,3.143,$);
#9520=IFCQUANTITYLENGTH('Width',$,$,1.446,$);
#9521=IFCQUANTITYLENGTH('Depth',$,$,0.05,$);
#9522=IFCQUANTITYAREA('GrossArea',$,$,4.087,$);
#9523=IFCQUANTITYVOLUME('NetVolume',$,$,0.162,$);
#9524=IFCQUANTITYWEIGHT('NetWeight',$,$,324.48,$);
#9525=IFCELEMENTQUANTITY('2LnYUj5Ln71xhpZepnp5P2',#5,'Qto_SlabBaseQuantities','Computed from the model geometry (openings subtracted)','CDE qto.py',(#9519,#9520,#9521,#9522,#9523,#9524));
#9526=IFCRELDEFINESBYPROPERTIES('24IYwoWT1AWh52Yy8S966s',#5,$,$,(#213),#9525);
#9527=IFCQUANTITYLENGTH('Length',$,$,7.4,$);
#9528=IFCQUANTITYAREA('CrossSectionArea',$,$,0.013,$);
#9529=IFCQUANTITYAREA('OuterSurfaceArea',$,$,3.551,$);
#9530=IFCQUANTITYVOLUME('NetVolume',$,$,0.099,$);
#9531=IFCQUANTITYWEIGHT('NetWeight',$,$,756.189,$);
#9532=IFCELEMENTQUANTITY('2L8yzpBu54shkDh_BnC8y3',#5,'Qto_ColumnBaseQuantities','Computed from the model geometry (openings subtracted)','CDE qto.py',(#9527,#9528,#9529,#9530,#9531));
#9533=IFCRELDEFINESBYPROPERTIES('00HWPIurr8NBbMPgtZn_lr',#5,$,$,(#644),#9532);
#9534=IFCQUANTITYLENGTH('Length',$,$,1.918,$);
#9535=IFCQUANTITYAREA('CrossSectionArea',$,$,0.007,$);
#9536=IFCQUANTITYAREA('OuterSurfaceArea',$,$,0.791,$);
#9537=IFCQUANTITYVOLUME('NetVolume',$,$,0.014,$);
#9538=IFCQUANTITYWEIGHT('NetWeight',$,$,102.695,$);
#9539=IFCELEMENTQUANTITY('3vSNGXoWfAvx2ZQIP6rFdE',#5,'Qto_MemberBaseQuantities','Computed from the model geometry (openings subtracted)','CDE qto.py',(#9534,#9535,#9536,#9537,#9538));
#9540=IFCRELDEFINESBYPROPERTIES('2aW1aaTzP7qeVuOPupnbOP',#5,$,$,(#918),#9539);
#9541=IFCQUANTITYLENGTH('Length',$,$,4.929,$);
#9542=IFCQUANTITYAREA('CrossSectionArea',$,$,0.003,$);
#9543=IFCQUANTITYAREA('OuterSurfaceArea',$,$,1.175,$);
#9544=IFCQUANTITYVOLUME('NetVolume',$,$,0.017,$);
#9545=IFCQUANTITYWEIGHT('NetWeight',$,$,126.677,$);
#9546=IFCELEMENTQUANTITY('0blMgEVGPFLR5ls8gwETXG',#5,'Qto_MemberBaseQuantities','Computed from the model geometry (openings subtracted)','CDE qto.py',(#9541,#9542,#9543,#9544,#9545));
#9547=IFCRELDEFINESBYPROPERTIES('0w$pCdMkP2FvlvNY383YLr',#5,$,$,(#796),#9546);
#9548=IFCQUANTITYLENGTH('Length',$,$,2.279,$);
#9549=IFCQUANTITYLENGTH('Width',$,$,0.399,$);
#9550=IFCQUANTITYLENGTH('Height',$,$,0.5,$);
#9551=IFCQUANTITYAREA('OuterSurfaceArea',$,$,4.659,$);
#9552=IFCQUANTITYVOLUME('NetVolume',$,$,0.248,$);
#9553=IFCQUANTITYWEIGHT('NetWeight',$,$,496.751,$);
#9554=IFCELEMENTQUANTITY('1MjOnrbif60B$$KwLsQ7aM',#5,'Qto_CDE_GeometricQuantities','Computed from the model geometry (openings subtracted)','CDE qto.py',(#9548,#9549,#9550,#9551,#9552,#9553));
#9555=IFCRELDEFINESBYPROPERTIES('0MpUKKlMbALBjijW4$KhnI',#5,$,$,(#456),#9554);
#9556=IFCQUANTITYLENGTH('Length',$,$,0.812,$);
#9557=IFCQUANTITYAREA('CrossSectionArea',$,$,0.002,$);
#9558=IFCQUANTITYAREA('OuterSurfaceArea',$,$,0.229,$);
#9559=IFCQUANTITYVOLUME('NetVolume',$,$,0.002,$);
#9560=IFCQUANTITYWEIGHT('NetWeight',$,$,14.691,$);
#9561=IFCELEMENTQUANTITY('1UMRVlPKb99uvyq6gUDsVc',#5,'Qto_MemberBaseQuantities','Computed from the model geometry (openings subtracted)','CDE qto.py',(#9556,#9557,#9558,#9559,#9560));
#9562=IFCRELDEFINESBYPROPERTIES('1TD2T8jdv3H8fTEWGErxWD',#5,$,$,(#3203),#9561);
#9563=IFCQUANTITYLENGTH('Length',$,$,2.923,$);
#9564=IFCQUANTITYLENGTH('Width',$,$,0.994,$);
#9565=IFCQUANTITYLENGTH('Height',$,$,0.63,$);
#9566=IFCQUANTITYAREA('OuterSurfaceArea',$,$,10.09,$);
#9567=IFCQUANTITYVOLUME('NetVolume',$,$,0.722,$);
#9568=IFCQUANTITYWEIGHT('NetWeight',$,$,1444.233,$);
#9569=IFCELEMENTQUANTITY('0XGNaXGB1EfQoVQ$neqU7C',#5,'Qto_CDE_GeometricQuantities','Computed from the model geometry (openings subtracted)','CDE qto.py',(#9563,#9564,#9565,#9566,#9567,#9568));
#9570=IFCRELDEFINESBYPROPERTIES('3YsAAR3N5B2xT7km5dPGqt',#5,$,$,(#325),#9569);
#9571=IFCQUANTITYLENGTH('Length',$,$,0.09,$);
#9572=IFCQUANTITYLENGTH('Width',$,$,0.089,$);
#9573=IFCQUANTITYLENGTH('Height',$,$,0.09,$);
#9574=IFCQUANTITYAREA('OuterSurfaceArea',$,$,0.025,$);
#9575=IFCQUANTITYVOLUME('NetVolume',$,$,0.,$);
#9576=IFCQUANTITYWEIGHT('NetWeight',$,$,0.436,$);
#9577=IFCELEMENTQUANTITY('2WeMuCIMj3BA9cUojCrJKi',#5,'Qto_CDE_GeometricQuantities','Computed from the model geometry (openings subtracted)','CDE qto.py',(#9571,#9572,#9573,#9574,#9575,#9576));
#9578=IFCRELDEFINESBYPROPERTIES('1IzPXwj093OQkTKsjVGVdX',#5,$,$,(#3582),#9577);
#9579=IFCQUANTITYLENGTH('Length',$,$,0.24,$);
#9580=IFCQUANTITYLENGTH('Width',$,$,0.24,$);
#9581=IFCQUANTITYLENGTH('Height',$,$,0.24,$);
#9582=IFCQUANTITYAREA('OuterSurfaceArea',$,$,0.178,$);
#9583=IFCQUANTITYVOLUME('NetVolume',$,$,0.007,$);
#9584=IFCQUANTITYWEIGHT('NetWeight',$,$,17.52,$);
#9585=IFCELEMENTQUANTITY('2QYYblTbzF6w9wg67xlJb3',#5,'Qto_CDE_GeometricQuantities','Computed from the model geometry (openings subtracted)','CDE qto.py',(#9579,#9580,#9581,#9582,#9583,#9584));
#9586=IFCRELDEFINESBYPROPERTIES('1MLaSUybvFUPbhOFcRLhZa',#5,$,$,(#3522),#9585);
#9587=IFCQUANTITYLENGTH('Length',$,$,5.8,$);
#9588=IFCQUANTITYLENGTH('Width',$,$,2.45,$);
#9589=IFCQUANTITYLENGTH('Depth',$,$,0.14,$);
#9590=IFCQUANTITYAREA('GrossArea',$,$,14.21,$);
#9591=IFCQUANTITYVOLUME('NetVolume',$,$,1.989,$);
#9592=IFCQUANTITYWEIGHT('NetWeight',$,$,4774.56,$);
#9593=IFCELEMENTQUANTITY('1D_O09$l5AtRxLI0GENaif',#5,'Qto_SlabBaseQuantities','Computed from the model geometry (openings subtracted)','CDE qto.py',(#9587,#9588,#9589,#9590,#9591,#9592));
#9594=IFCRELDEFINESBYPROPERTIES('0QRymrsr14egJ7r1rhCKe8',#5,$,$,(#3823),#9593);
#9595=IFCQUANTITYLENGTH('Length',$,$,0.75,$);
#9596=IFCQUANTITYAREA('CrossSectionArea',$,$,0.014,$);
#9597=IFCQUANTITYAREA('OuterSurfaceArea',$,$,0.422,$);
#9598=IFCQUANTITYVOLUME('NetVolume',$,$,0.01,$);
#9599=IFCQUANTITYWEIGHT('NetWeight',$,$,79.732,$);
#9600=IFCELEMENTQUANTITY('1pgZzdgKbEgOnWNZlYefWR',#5,'Qto_MemberBaseQuantities','Computed from the model geometry (openings subtracted)','CDE qto.py',(#9595,#9596,#9597,#9598,#9599));
#9601=IFCRELDEFINESBYPROPERTIES('2ek4VG9lb4qA5GjnGpueyz',#5,$,$,(#3458),#9600);
#9602=IFCQUANTITYLENGTH('Length',$,$,5.8,$);
#9603=IFCQUANTITYLENGTH('Width',$,$,2.45,$);
#9604=IFCQUANTITYLENGTH('Height',$,$,0.03,$);
#9605=IFCQUANTITYAREA('OuterSurfaceArea',$,$,28.915,$);
#9606=IFCQUANTITYVOLUME('NetVolume',$,$,0.426,$);
#9607=IFCQUANTITYWEIGHT('NetWeight',$,$,980.49,$);
#9608=IFCELEMENTQUANTITY('2cG$n59Tz2z8D0YdH_Veei',#5,'Qto_CDE_GeometricQuantities','Computed from the model geometry (openings subtracted)','CDE qto.py',(#9602,#9603,#9604,#9605,#9606,#9607));
#9609=IFCRELDEFINESBYPROPERTIES('1yBpqUvbz6AP8s_u_trh9D',#5,$,$,(#3873),#9608);
#9610=IFCQUANTITYLENGTH('Length',$,$,0.09,$);
#9611=IFCQUANTITYLENGTH('Width',$,$,0.089,$);
#9612=IFCQUANTITYLENGTH('Height',$,$,0.09,$);
#9613=IFCQUANTITYAREA('OuterSurfaceArea',$,$,0.025,$);
#9614=IFCQUANTITYVOLUME('NetVolume',$,$,0.,$);
#9615=IFCQUANTITYWEIGHT('NetWeight',$,$,0.436,$);
#9616=IFCELEMENTQUANTITY('1go2Nush92UvEBfWLAZlzb',#5,'Qto_CDE_GeometricQuantities','Computed from the model geometry (openings subtracted)','CDE qto.py',(#9610,#9611,#9612,#9613,#9614,#9615));
#9617=IFCRELDEFINESBYPROPERTIES('2oL7biEgD6PgLqIO_R_7xG',#5,$,$,(#3777),#9616);
#9618=IFCQUANTITYLENGTH('Length',$,$,0.24,$);
#9619=IFCQUANTITYLENGTH('Width',$,$,0.24,$);
#9620=IFCQUANTITYLENGTH('Height',$,$,0.24,$);
#9621=IFCQUANTITYAREA('OuterSurfaceArea',$,$,0.178,$);
#9622=IFCQUANTITYVOLUME('NetVolume',$,$,0.007,$);
#9623=IFCQUANTITYWEIGHT('NetWeight',$,$,17.52,$);
#9624=IFCELEMENTQUANTITY('0PJ4xFQ9f4ROVNw45SLIw2',#5,'Qto_CDE_GeometricQuantities','Computed from the model geometry (openings subtracted)','CDE qto.py',(#9618,#9619,#9620,#9621,#9622,#9623));
#9625=IFCRELDEFINESBYPROPERTIES('3rHmyMUgPFjg9AhYPps4Mp',#5,$,$,(#3717),#9624);
#9626=IFCQUANTITYLENGTH('Length',$,$,5.8,$);
#9627=IFCQUANTITYLENGTH('Width',$,$,0.3,$);
#9628=IFCQUANTITYLENGTH('Height',$,$,0.28,$);
#9629=IFCQUANTITYAREA('OuterSurfaceArea',$,$,6.896,$);
#9630=IFCQUANTITYVOLUME('NetVolume',$,$,0.487,$);
#9631=IFCQUANTITYWEIGHT('NetWeight',$,$,1291.08,$);
#9632=IFCELEMENTQUANTITY('3$dPKlAmDETO5nrdhNzU1s',#5,'Qto_CDE_GeometricQuantities','Computed from the model geometry (openings subtracted)','CDE qto.py',(#9626,#9627,#9628,#9629,#9630,#9631));
#9633=IFCRELDEFINESBYPROPERTIES('2E9QDjlFf16uLBfWUj6Tju',#5,$,$,(#3921),#9632);
#9634=IFCQUANTITYLENGTH('Length',$,$,0.76,$);
#9635=IFCQUANTITYAREA('CrossSectionArea',$,$,0.014,$);
#9636=IFCQUANTITYAREA('OuterSurfaceArea',$,$,0.422,$);
#9637=IFCQUANTITYVOLUME('NetVolume',$,$,0.01,$);
#9638=IFCQUANTITYWEIGHT('NetWeight',$,$,79.747,$);
#9639=IFCELEMENTQUANTITY('1ggN$Rl_PAVRNGxIVK4SNa',#5,'Qto_MemberBaseQuantities','Computed from the model geometry (openings subtracted)','CDE qto.py',(#9634,#9635,#9636,#9637,#9638));
#9640=IFCRELDEFINESBYPROPERTIES('23Vr3AQov7ah2vVJHTX$oe',#5,$,$,(#3653),#9639);
#9641=IFCQUANTITYLENGTH('Length',$,$,0.7,$);
#9642=IFCQUANTITYLENGTH('Width',$,$,0.7,$);
#9643=IFCQUANTITYLENGTH('Height',$,$,0.8,$);
#9644=IFCQUANTITYAREA('OuterSurfaceArea',$,$,3.22,$);
#9645=IFCQUANTITYVOLUME('NetVolume',$,$,0.392,$);
#9646=IFCQUANTITYWEIGHT('NetWeight',$,$,940.8,$);
#9647=IFCELEMENTQUANTITY('1F9YikrVn63w5siuyFOxqL',#5,'Qto_CDE_GeometricQuantities','Computed from the model geometry (openings subtracted)','CDE qto.py',(#9641,#9642,#9643,#9644,#9645,#9646));
#9648=IFCRELDEFINESBYPROPERTIES('0dmY_ICHLBceIUCO5WRLzS',#5,$,$,(#4305),#9647);
#9649=IFCQUANTITYLENGTH('Length',$,$,3.143,$);
#9650=IFCQUANTITYLENGTH('Width',$,$,1.446,$);
#9651=IFCQUANTITYLENGTH('Depth',$,$,0.05,$);
#9652=IFCQUANTITYAREA('GrossArea',$,$,4.087,$);
#9653=IFCQUANTITYVOLUME('NetVolume',$,$,0.162,$);
#9654=IFCQUANTITYWEIGHT('NetWeight',$,$,324.48,$);
#9655=IFCELEMENTQUANTITY('2PyLuav3z8BR$c5BmBzIbQ',#5,'Qto_SlabBaseQuantities','Computed from the model geometry (openings subtracted)','CDE qto.py',(#9649,#9650,#9651,#9652,#9653,#9654));
#9656=IFCRELDEFINESBYPROPERTIES('0SLZwdUSP8IePwIHR_FJQA',#5,$,$,(#4017),#9655);
#9657=IFCQUANTITYLENGTH('Length',$,$,0.6,$);
#9658=IFCQUANTITYAREA('CrossSectionArea',$,$,0.042,$);
#9659=IFCQUANTITYAREA('OuterSurfaceArea',$,$,0.699,$);
#9660=IFCQUANTITYVOLUME('NetVolume',$,$,0.025,$);
#9661=IFCQUANTITYWEIGHT('NetWeight',$,$,192.511,$);
#9662=IFCELEMENTQUANTITY('0AIhiwYZ51Xe$TVHo8b8mQ',#5,'Qto_MemberBaseQuantities','Computed from the model geometry (openings subtracted)','CDE qto.py',(#9657,#9658,#9659,#9660,#9661));
#9663=IFCRELDEFINESBYPROPERTIES('2Ug1MqR8PFkxCclC4YHZP5',#5,$,$,(#3384),#9662);
#9664=IFCQUANTITYLENGTH('Length',$,$,0.19,$);
#9665=IFCQUANTITYLENGTH('Width',$,$,0.18,$);
#9666=IFCQUANTITYLENGTH('Height',$,$,0.4,$);
#9667=IFCQUANTITYAREA('OuterSurfaceArea',$,$,0.428,$);
#9668=IFCQUANTITYVOLUME('NetVolume',$,$,0.013,$);
#9669=IFCQUANTITYWEIGHT('NetWeight',$,$,95.731,$);
#9670=IFCELEMENTQUANTITY('0n6fKU__P9uuk0pU050PTJ',#5,'Qto_CDE_GeometricQuantities','Computed from the model geometry (openings subtracted)','CDE qto.py',(#9664,#9665,#9666,#9667,#9668,#9669));
#9671=IFCRELDEFINESBYPROPERTIES('1SiDX772f5B9ejeqV$L2Hq',#5,$,$,(#4357),#9670);
#9672=IFCQUANTITYLENGTH('Length',$,$,4.929,$);
#9673=IFCQUANTITYAREA('CrossSectionArea',$,$,0.003,$);
#9674=IFCQUANTITYAREA('OuterSurfaceArea',$,$,1.175,$);
#9675=IFCQUANTITYVOLUME('NetVolume',$,$,0.017,$);
#9676=IFCQUANTITYWEIGHT('NetWeight',$,$,126.677,$);
#9677=IFCELEMENTQUANTITY('2jdCnfRWL41QVkeU7nhtoo',#5,'Qto_MemberBaseQuantities','Computed from the model geometry (openings subtracted)','CDE qto.py',(#9672,#9673,#9674,#9675,#9676));
#9678=IFCRELDEFINESBYPROPERTIES('2QtBwBJKT5S9uiKtSZStoU',#5,$,$,(#4601),#9677);
#9679=IFCQUANTITYLENGTH('Length',$,$,7.4,$);
#9680=IFCQUANTITYAREA('CrossSectionArea',$,$,0.013,$);
#9681=IFCQUANTITYAREA('OuterSurfaceArea',$,$,3.551,$);
#9682=IFCQUANTITYVOLUME('NetVolume',$,$,0.099,$);
#9683=IFCQUANTITYWEIGHT('NetWeight',$,$,756.189,$);
#9684=IFCELEMENTQUANTITY('0e7fNaq5HC3hZPd3Xg$omI',#5,'Qto_ColumnBaseQuantities','Computed from the model geometry (openings subtracted)','CDE qto.py',(#9679,#9680,#9681,#9682,#9683));
#9685=IFCRELDEFINESBYPROPERTIES('2A6c05FxH6IP$j1eu$Kn_V',#5,$,$,(#4449),#9684);
#9686=IFCQUANTITYLENGTH('Length',$,$,2.279,$);
#9687=IFCQUANTITYLENGTH('Width',$,$,0.399,$);
#9688=IFCQUANTITYLENGTH('Height',$,$,0.5,$);
#9689=IFCQUANTITYAREA('OuterSurfaceArea',$,$,4.659,$);
#9690=IFCQUANTITYVOLUME('NetVolume',$,$,0.248,$);
#9691=IFCQUANTITYWEIGHT('NetWeight',$,$,496.751,$);
#9692=IFCELEMENTQUANTITY('1Vrr6CzHj2rR$9wfOgAUXk',#5,'Qto_CDE_GeometricQuantities','Computed from the model geometry (openings subtracted)','CDE qto.py',(#9686,#9687,#9688,#9689,#9690,#9691));
#9693=IFCRELDEFINESBYPROPERTIES('0G7aF$px51I9F5Zfjnlye1',#5,$,$,(#4261),#9692);
#9694=IFCQUANTITYLENGTH('Length',$,$,1.918,$);
#9695=IFCQUANTITYAREA('CrossSectionArea',$,$,0.007,$);
#9696=IFCQUANTITYAREA('OuterSurfaceArea',$,$,0.791,$);
#9697=IFCQUANTITYVOLUME('NetVolume',$,$,0.014,$);
#9698=IFCQUANTITYWEIGHT('NetWeight',$,$,102.695,$);
#9699=IFCELEMENTQUANTITY('3bUsTBVH56MRDmGjS5CqCu',#5,'Qto_MemberBaseQuantities','Computed from the model geometry (openings subtracted)','CDE qto.py',(#9694,#9695,#9696,#9697,#9698));
#9700=IFCRELDEFINESBYPROPERTIES('16pcFhDB5CXxMNGI2VKpuR',#5,$,$,(#4723),#9699);
#9701=IFCQUANTITYLENGTH('Length',$,$,2.923,$);
#9702=IFCQUANTITYLENGTH('Width',$,$,0.994,$);
#9703=IFCQUANTITYLENGTH('Height',$,$,0.63,$);
#9704=IFCQUANTITYAREA('OuterSurfaceArea',$,$,10.09,$);
#9705=IFCQUANTITYVOLUME('NetVolume',$,$,0.722,$);
#9706=IFCQUANTITYWEIGHT('NetWeight',$,$,1444.233,$);
#9707=IFCELEMENTQUANTITY('0_C8$nsU9AIhZA$c1eEN8O',#5,'Qto_CDE_GeometricQuantities','Computed from the model geometry (openings subtracted)','CDE qto.py',(#9701,#9702,#9703,#9704,#9705,#9706));
#9708=IFCRELDEFINESBYPROPERTIES('1m0lUhraH3CPrbOHDeC$30',#5,$,$,(#4129),#9707);
#9709=IFCQUANTITYLENGTH('Length',$,$,0.75,$);
#9710=IFCQUANTITYAREA('CrossSectionArea',$,$,0.014,$);
#9711=IFCQUANTITYAREA('OuterSurfaceArea',$,$,0.422,$);
#9712=IFCQUANTITYVOLUME('NetVolume',$,$,0.01,$);
#9713=IFCQUANTITYWEIGHT('NetWeight',$,$,79.732,$);
#9714=IFCELEMENTQUANTITY('0FP6yvBMr3NwwL5aA0jjQ7',#5,'Qto_MemberBaseQuantities','Computed from the model geometry (openings subtracted)','CDE qto.py',(#9709,#9710,#9711,#9712,#9713));
#9715=IFCRELDEFINESBYPROPERTIES('0RU5sUpS93NecSYLxaCtiJ',#5,$,$,(#7262),#9714);
#9716=IFCQUANTITYLENGTH('Length',$,$,0.6,$);
#9717=IFCQUANTITYAREA('CrossSectionArea',$,$,0.042,$);
#9718=IFCQUANTITYAREA('OuterSurfaceArea',$,$,0.699,$);
#9719=IFCQUANTITYVOLUME('NetVolume',$,$,0.025,$);
#9720=IFCQUANTITYWEIGHT('NetWeight',$,$,192.511,$);
#9721=IFCELEMENTQUANTITY('33TR7ltnD0mgFDHzSU6wdl',#5,'Qto_MemberBaseQuantities','Computed from the model geometry (openings subtracted)','CDE qto.py',(#9716,#9717,#9718,#9719,#9720));
#9722=IFCRELDEFINESBYPROPERTIES('1ibluF5DX75fZWbiXFi47I',#5,$,$,(#7188),#9721);
#9723=IFCQUANTITYLENGTH('Length',$,$,0.24,$);
#9724=IFCQUANTITYLENGTH('Width',$,$,0.24,$);
#9725=IFCQUANTITYLENGTH('Height',$,$,0.24,$);
#9726=IFCQUANTITYAREA('OuterSurfaceArea',$,$,0.178,$);
#9727=IFCQUANTITYVOLUME('NetVolume',$,$,0.007,$);
#9728=IFCQUANTITYWEIGHT('NetWeight',$,$,17.52,$);
#9729=IFCELEMENTQUANTITY('1_wXIuPo93w8BZ_r2QrTXa',#5,'Qto_CDE_GeometricQuantities','Computed from the model geometry (openings subtracted)','CDE qto.py',(#9723,#9724,#9725,#9726,#9727,#9728));
#9730=IFCRELDEFINESBYPROPERTIES('10Mxcp0$5FtAbYekxMIqCf',#5,$,$,(#7326),#9729);
#9731=IFCQUANTITYLENGTH('Length',$,$,0.09,$);
#9732=IFCQUANTITYLENGTH('Width',$,$,0.089,$);
#9733=IFCQUANTITYLENGTH('Height',$,$,0.09,$);
#9734=IFCQUANTITYAREA('OuterSurfaceArea',$,$,0.025,$);
#9735=IFCQUANTITYVOLUME('NetVolume',$,$,0.,$);
#9736=IFCQUANTITYWEIGHT('NetWeight',$,$,0.436,$);
#9737=IFCELEMENTQUANTITY('3xjkfFZtLBswWLkGD9yeZ8',#5,'Qto_CDE_GeometricQuantities','Computed from the model geometry (openings subtracted)','CDE qto.py',(#9731,#9732,#9733,#9734,#9735,#9736));
#9738=IFCRELDEFINESBYPROPERTIES('2UI67aUBX5xhqsMoCgnV8s',#5,$,$,(#7386),#9737);
#9739=IFCQUANTITYLENGTH('Length',$,$,0.09,$);
#9740=IFCQUANTITYLENGTH('Width',$,$,0.089,$);
#9741=IFCQUANTITYLENGTH('Height',$,$,0.09,$);
#9742=IFCQUANTITYAREA('OuterSurfaceArea',$,$,0.025,$);
#9743=IFCQUANTITYVOLUME('NetVolume',$,$,0.,$);
#9744=IFCQUANTITYWEIGHT('NetWeight',$,$,0.436,$);
#9745=IFCELEMENTQUANTITY('3U3BKlJ3f41fU4Z782F22S',#5,'Qto_CDE_GeometricQuantities','Computed from the model geometry (openings subtracted)','CDE qto.py',(#9739,#9740,#9741,#9742,#9743,#9744));
#9746=IFCRELDEFINESBYPROPERTIES('0KSLjBcYfA4AQE1Z$fDdlg',#5,$,$,(#7582),#9745);
#9747=IFCQUANTITYLENGTH('Length',$,$,5.8,$);
#9748=IFCQUANTITYLENGTH('Width',$,$,2.45,$);
#9749=IFCQUANTITYLENGTH('Depth',$,$,0.14,$);
#9750=IFCQUANTITYAREA('GrossArea',$,$,14.21,$);
#9751=IFCQUANTITYVOLUME('NetVolume',$,$,1.989,$);
#9752=IFCQUANTITYWEIGHT('NetWeight',$,$,4774.56,$);
#9753=IFCELEMENTQUANTITY('3KG4lZ5rT93OdSyHfm8zY_',#5,'Qto_SlabBaseQuantities','Computed from the model geometry (openings subtracted)','CDE qto.py',(#9747,#9748,#9749,#9750,#9751,#9752));
#9754=IFCRELDEFINESBYPROPERTIES('3534iCJ1fA4hyR6DENN8jb',#5,$,$,(#7628),#9753);
#9755=IFCQUANTITYLENGTH('Length',$,$,0.76,$);
#9756=IFCQUANTITYAREA('CrossSectionArea',$,$,0.014,$);
#9757=IFCQUANTITYAREA('OuterSurfaceArea',$,$,0.422,$);
#9758=IFCQUANTITYVOLUME('NetVolume',$,$,0.01,$);
#9759=IFCQUANTITYWEIGHT('NetWeight',$,$,79.747,$);
#9760=IFCELEMENTQUANTITY('0cyyQOrLPBLRUpZcs1lbLi',#5,'Qto_MemberBaseQuantities','Computed from the model geometry (openings subtracted)','CDE qto.py',(#9755,#9756,#9757,#9758,#9759));
#9761=IFCRELDEFINESBYPROPERTIES('02zxKo$FLAAAdWRJCcLXGz',#5,$,$,(#7457),#9760);
#9762=IFCQUANTITYLENGTH('Length',$,$,5.8,$);
#9763=IFCQUANTITYLENGTH('Width',$,$,2.45,$);
#9764=IFCQUANTITYLENGTH('Height',$,$,0.03,$);
#9765=IFCQUANTITYAREA('OuterSurfaceArea',$,$,28.915,$);
#9766=IFCQUANTITYVOLUME('NetVolume',$,$,0.426,$);
#9767=IFCQUANTITYWEIGHT('NetWeight',$,$,980.49,$);
#9768=IFCELEMENTQUANTITY('0QKg2ISwT2LhD8s3ZrGslv',#5,'Qto_CDE_GeometricQuantities','Computed from the model geometry (openings subtracted)','CDE qto.py',(#9762,#9763,#9764,#9765,#9766,#9767));
#9769=IFCRELDEFINESBYPROPERTIES('3g9G4xy7nA79I5UV2$ptUs',#5,$,$,(#7678),#9768);
#9770=IFCQUANTITYLENGTH('Length',$,$,0.24,$);
#9771=IFCQUANTITYLENGTH('Width',$,$,0.24,$);
#9772=IFCQUANTITYLENGTH('Height',$,$,0.24,$);
#9773=IFCQUANTITYAREA('OuterSurfaceArea',$,$,0.178,$);
#9774=IFCQUANTITYVOLUME('NetVolume',$,$,0.007,$);
#9775=IFCQUANTITYWEIGHT('NetWeight',$,$,17.52,$);
#9776=IFCELEMENTQUANTITY('2$dNpWVGn7lelatmnYrS4e',#5,'Qto_CDE_GeometricQuantities','Computed from the model geometry (openings subtracted)','CDE qto.py',(#9770,#9771,#9772,#9773,#9774,#9775));
#9777=IFCRELDEFINESBYPROPERTIES('38vmOwykP4z9xmKz3qIraS',#5,$,$,(#7521),#9776);
#9778=IFCQUANTITYLENGTH('Length',$,$,50.831,$);
#9779=IFCQUANTITYLENGTH('Width',$,$,0.829,$);
#9780=IFCQUANTITYLENGTH('Height',$,$,0.863,$);
#9781=IFCQUANTITYAREA('OuterSurfaceArea',$,$,14.767,$);
#9782=IFCQUANTITYVOLUME('NetVolume',$,$,0.326,$);
#9783=IFCQUANTITYWEIGHT('NetWeight',$,$,309.959,$);
#9784=IFCELEMENTQUANTITY('381GAwU1j3GAc9Qet91fiB',#5,'Qto_CDE_GeometricQuantities','Computed from the model geometry (openings subtracted)','CDE qto.py',(#9778,#9779,#9780,#9781,#9782,#9783));
#9785=IFCRELDEFINESBYPROPERTIES('2cgSFVypz7XBjd4YcEENOp',#5,$,$,(#7960),#9784);
#9786=IFCQUANTITYLENGTH('Length',$,$,50.83,$);
#9787=IFCQUANTITYLENGTH('Width',$,$,0.792,$);
#9788=IFCQUANTITYLENGTH('Height',$,$,1.966,$);
#9789=IFCQUANTITYAREA('OuterSurfaceArea',$,$,4.806,$);
#9790=IFCQUANTITYVOLUME('NetVolume',$,$,0.033,$);
#9791=IFCQUANTITYWEIGHT('NetWeight',$,$,115.528,$);
#9792=IFCELEMENTQUANTITY('18H$8f44L3cfsDLlk7s2oc',#5,'Qto_CDE_GeometricQuantities','Computed from the model geometry (openings subtracted)','CDE qto.py',(#9786,#9787,#9788,#9789,#9790,#9791));
#9793=IFCRELDEFINESBYPROPERTIES('1qyWnzRyPBqv4cSjbq7eu6',#5,$,$,(#7917),#9792);
#9794=IFCQUANTITYLENGTH('Length',$,$,5.8,$);
#9795=IFCQUANTITYLENGTH('Width',$,$,0.3,$);
#9796=IFCQUANTITYLENGTH('Height',$,$,0.28,$);
#9797=IFCQUANTITYAREA('OuterSurfaceArea',$,$,6.896,$);
#9798=IFCQUANTITYVOLUME('NetVolume',$,$,0.487,$);
#9799=IFCQUANTITYWEIGHT('NetWeight',$,$,1291.08,$);
#9800=IFCELEMENTQUANTITY('3t6I8VlxL3rwY8iGh0Dl0B',#5,'Qto_CDE_GeometricQuantities','Computed from the model geometry (openings subtracted)','CDE qto.py',(#9794,#9795,#9796,#9797,#9798,#9799));
#9801=IFCRELDEFINESBYPROPERTIES('1AguUxHeb5PuUKEWMiRhI9',#5,$,$,(#7727),#9800);
#9802=IFCQUANTITYLENGTH('Length',$,$,0.5,$);
#9803=IFCQUANTITYLENGTH('Width',$,$,0.5,$);
#9804=IFCQUANTITYLENGTH('Height',$,$,0.05,$);
#9805=IFCQUANTITYAREA('OuterSurfaceArea',$,$,0.6,$);
#9806=IFCQUANTITYVOLUME('NetVolume',$,$,0.013,$);
#9807=IFCQUANTITYWEIGHT('NetWeight',$,$,90.,$);
#9808=IFCELEMENTQUANTITY('1kDKoGft9AGBXRjjxNtvk9',#5,'Qto_CDE_GeometricQuantities','Computed from the model geometry (openings subtracted)','CDE qto.py',(#9802,#9803,#9804,#9805,#9806,#9807));
#9809=IFCRELDEFINESBYPROPERTIES('2ghf0Babr4Qv_aoBJ2mYJM',#5,$,$,(#8082),#9808);
#9810=IFCQUANTITYLENGTH('Length',$,$,0.5,$);
#9811=IFCQUANTITYLENGTH('Width',$,$,0.5,$);
#9812=IFCQUANTITYLENGTH('Height',$,$,0.8,$);
#9813=IFCQUANTITYAREA('OuterSurfaceArea',$,$,3.72,$);
#9814=IFCQUANTITYVOLUME('NetVolume',$,$,0.085,$);
#9815=IFCQUANTITYWEIGHT('NetWeight',$,$,203.52,$);
#9816=IFCELEMENTQUANTITY('3h3$1H7KrASOJUOK3biFrB',#5,'Qto_CDE_GeometricQuantities','Computed from the model geometry (openings subtracted)','CDE qto.py',(#9810,#9811,#9812,#9813,#9814,#9815));
#9817=IFCRELDEFINESBYPROPERTIES('0Wnm9kAEb7Hw5Syol8tpw0',#5,$,$,(#8039),#9816);
#9818=IFCQUANTITYLENGTH('Length',$,$,0.5,$);
#9819=IFCQUANTITYLENGTH('Width',$,$,0.5,$);
#9820=IFCQUANTITYLENGTH('Height',$,$,0.05,$);
#9821=IFCQUANTITYAREA('OuterSurfaceArea',$,$,0.6,$);
#9822=IFCQUANTITYVOLUME('NetVolume',$,$,0.012,$);
#9823=IFCQUANTITYWEIGHT('NetWeight',$,$,90.,$);
#9824=IFCELEMENTQUANTITY('2WpS8US4v2m9Lw0hSy2H3y',#5,'Qto_CDE_GeometricQuantities','Computed from the model geometry (openings subtracted)','CDE qto.py',(#9818,#9819,#9820,#9821,#9822,#9823));
#9825=IFCRELDEFINESBYPROPERTIES('31A7eLweT51wu9rQmlyrtL',#5,$,$,(#8203),#9824);
#9826=IFCQUANTITYLENGTH('Length',$,$,0.5,$);
#9827=IFCQUANTITYLENGTH('Width',$,$,0.5,$);
#9828=IFCQUANTITYLENGTH('Height',$,$,0.8,$);
#9829=IFCQUANTITYAREA('OuterSurfaceArea',$,$,3.72,$);
#9830=IFCQUANTITYVOLUME('NetVolume',$,$,0.085,$);
#9831=IFCQUANTITYWEIGHT('NetWeight',$,$,203.52,$);
#9832=IFCELEMENTQUANTITY('1vHwpE3Qv23xGKr47N5Z6b',#5,'Qto_CDE_GeometricQuantities','Computed from the model geometry (openings subtracted)','CDE qto.py',(#9826,#9827,#9828,#9829,#9830,#9831));
#9833=IFCRELDEFINESBYPROPERTIES('28zhe5JX5DyPAdRd6Wcol1',#5,$,$,(#8160),#9832);
#9834=IFCQUANTITYLENGTH('Length',$,$,1.863,$);
#9835=IFCQUANTITYLENGTH('Width',$,$,1.692,$);
#9836=IFCQUANTITYLENGTH('Height',$,$,4.651,$);
#9837=IFCQUANTITYAREA('OuterSurfaceArea',$,$,8.234,$);
#9838=IFCQUANTITYVOLUME('NetVolume',$,$,0.576,$);
#9839=IFCQUANTITYWEIGHT('NetWeight',$,$,403.197,$);
#9840=IFCELEMENTQUANTITY('14X7yqi9rFDxFZJLVQzQT7',#5,'Qto_CDE_GeometricQuantities','Computed from the model geometry (openings subtracted)','CDE qto.py',(#9834,#9835,#9836,#9837,#9838,#9839));
#9841=IFCRELDEFINESBYPROPERTIES('26mjpIEzX7EuDN2SzTlRbX',#5,$,$,(#8467),#9840);
#9842=IFCQUANTITYLENGTH('Length',$,$,1.863,$);
#9843=IFCQUANTITYLENGTH('Width',$,$,1.692,$);
#9844=IFCQUANTITYLENGTH('Height',$,$,4.651,$);
#9845=IFCQUANTITYAREA('OuterSurfaceArea',$,$,8.234,$);
#9846=IFCQUANTITYVOLUME('NetVolume',$,$,0.576,$);
#9847=IFCQUANTITYWEIGHT('NetWeight',$,$,403.197,$);
#9848=IFCELEMENTQUANTITY('32oNJc_0z2oAZM3wW2m83T',#5,'Qto_CDE_GeometricQuantities','Computed from the model geometry (openings subtracted)','CDE qto.py',(#9842,#9843,#9844,#9845,#9846,#9847));
#9849=IFCRELDEFINESBYPROPERTIES('2WbXF2lOD0igwR_tYTcMDr',#5,$,$,(#8715),#9848);
#9850=IFCQUANTITYLENGTH('Length',$,$,0.812,$);
#9851=IFCQUANTITYAREA('CrossSectionArea',$,$,0.002,$);
#9852=IFCQUANTITYAREA('OuterSurfaceArea',$,$,0.229,$);
#9853=IFCQUANTITYVOLUME('NetVolume',$,$,0.002,$);
#9854=IFCQUANTITYWEIGHT('NetWeight',$,$,14.691,$);
#9855=IFCELEMENTQUANTITY('20LKWD3ojEnxY9lR5Rgbnj',#5,'Qto_MemberBaseQuantities','Computed from the model geometry (openings subtracted)','CDE qto.py',(#9850,#9851,#9852,#9853,#9854));
#9856=IFCRELDEFINESBYPROPERTIES('0ZEai4bCT6jeQCtDrFuU5X',#5,$,$,(#7007),#9855);
#9857=IFCQUANTITYLENGTH('Length',$,$,1.4,$);
#9858=IFCQUANTITYLENGTH('Width',$,$,1.4,$);
#9859=IFCQUANTITYLENGTH('Height',$,$,0.035,$);
#9860=IFCQUANTITYAREA('OuterSurfaceArea',$,$,2.7,$);
#9861=IFCQUANTITYVOLUME('NetVolume',$,$,0.025,$);
#9862=IFCQUANTITYWEIGHT('NetWeight',$,$,182.501,$);
#9863=IFCELEMENTQUANTITY('0u5QjxGMX6GAL9y37yQbin',#5,'Qto_CDE_GeometricQuantities','Computed from the model geometry (openings subtracted)','CDE qto.py',(#9857,#9858,#9859,#9860,#9861,#9862));
#9864=IFCRELDEFINESBYPROPERTIES('3TITDrMWbB6BtK1cm3EWtG',#5,$,$,(#8394),#9863);
#9865=IFCQUANTITYLENGTH('Length',$,$,1.863,$);
#9866=IFCQUANTITYLENGTH('Width',$,$,1.692,$);
#9867=IFCQUANTITYLENGTH('Height',$,$,4.651,$);
#9868=IFCQUANTITYAREA('OuterSurfaceArea',$,$,8.234,$);
#9869=IFCQUANTITYVOLUME('NetVolume',$,$,0.576,$);
#9870=IFCQUANTITYWEIGHT('NetWeight',$,$,403.197,$);
#9871=IFCELEMENTQUANTITY('3PXTw$Zzn0TfMj3p_H1AUk',#5,'Qto_CDE_GeometricQuantities','Computed from the model geometry (openings subtracted)','CDE qto.py',(#9865,#9866,#9867,#9868,#9869,#9870));
#9872=IFCRELDEFINESBYPROPERTIES('2ddpZqmGTAweUo8jw5kKCn',#5,$,$,(#8963),#9871);
#9873=IFCQUANTITYLENGTH('Length',$,$,1.4,$);
#9874=IFCQUANTITYLENGTH('Width',$,$,1.4,$);
#9875=IFCQUANTITYLENGTH('Height',$,$,0.035,$);
#9876=IFCQUANTITYAREA('OuterSurfaceArea',$,$,2.7,$);
#9877=IFCQUANTITYVOLUME('NetVolume',$,$,0.025,$);
#9878=IFCQUANTITYWEIGHT('NetWeight',$,$,182.501,$);
#9879=IFCELEMENTQUANTITY('0X223Cmy9Cqf_0Hn9DILJA',#5,'Qto_CDE_GeometricQuantities','Computed from the model geometry (openings subtracted)','CDE qto.py',(#9873,#9874,#9875,#9876,#9877,#9878));
#9880=IFCRELDEFINESBYPROPERTIES('24ZTLLi91A$uF7b3z6wn6v',#5,$,$,(#8642),#9879);
#9881=IFCQUANTITYLENGTH('Length',$,$,3.463,$);
#9882=IFCQUANTITYAREA('CrossSectionArea',$,$,0.004,$);
#9883=IFCQUANTITYAREA('OuterSurfaceArea',$,$,1.262,$);
#9884=IFCQUANTITYVOLUME('NetVolume',$,$,0.013,$);
#9885=IFCQUANTITYWEIGHT('NetWeight',$,$,100.221,$);
#9886=IFCELEMENTQUANTITY('0SdkhPcFP3SPjEph_jbdTn',#5,'Qto_MemberBaseQuantities','Computed from the model geometry (openings subtracted)','CDE qto.py',(#9881,#9882,#9883,#9884,#9885));
#9887=IFCRELDEFINESBYPROPERTIES('2$MiyTGr5BUehzWis7l4DI',#5,$,$,(#3008),#9886);
#9888=IFCQUANTITYLENGTH('Length',$,$,1.4,$);
#9889=IFCQUANTITYLENGTH('Width',$,$,1.4,$);
#9890=IFCQUANTITYLENGTH('Height',$,$,0.035,$);
#9891=IFCQUANTITYAREA('OuterSurfaceArea',$,$,2.7,$);
#9892=IFCQUANTITYVOLUME('NetVolume',$,$,0.025,$);
#9893=IFCQUANTITYWEIGHT('NetWeight',$,$,182.501,$);
#9894=IFCELEMENTQUANTITY('0otibvVNXBaAJVA7Osoe_n',#5,'Qto_CDE_GeometricQuantities','Computed from the model geometry (openings subtracted)','CDE qto.py',(#9888,#9889,#9890,#9891,#9892,#9893));
#9895=IFCRELDEFINESBYPROPERTIES('2_KwUYpTz0OgmDipDRe0g$',#5,$,$,(#9386),#9894);
#9896=IFCQUANTITYLENGTH('Length',$,$,1.4,$);
#9897=IFCQUANTITYLENGTH('Width',$,$,1.4,$);
#9898=IFCQUANTITYLENGTH('Height',$,$,0.035,$);
#9899=IFCQUANTITYAREA('OuterSurfaceArea',$,$,2.7,$);
#9900=IFCQUANTITYVOLUME('NetVolume',$,$,0.025,$);
#9901=IFCQUANTITYWEIGHT('NetWeight',$,$,182.501,$);
#9902=IFCELEMENTQUANTITY('1W7XY6FRb3mQ6OlqsTITHK',#5,'Qto_CDE_GeometricQuantities','Computed from the model geometry (openings subtracted)','CDE qto.py',(#9896,#9897,#9898,#9899,#9900,#9901));
#9903=IFCRELDEFINESBYPROPERTIES('3gbdndM5n6GhTY4JGv5Rq3',#5,$,$,(#9138),#9902);
#9904=IFCQUANTITYLENGTH('Length',$,$,3.463,$);
#9905=IFCQUANTITYAREA('CrossSectionArea',$,$,0.004,$);
#9906=IFCQUANTITYAREA('OuterSurfaceArea',$,$,1.262,$);
#9907=IFCQUANTITYVOLUME('NetVolume',$,$,0.013,$);
#9908=IFCQUANTITYWEIGHT('NetWeight',$,$,100.221,$);
#9909=IFCELEMENTQUANTITY('23wyqNDn981Oty8gF0lD97',#5,'Qto_MemberBaseQuantities','Computed from the model geometry (openings subtracted)','CDE qto.py',(#9904,#9905,#9906,#9907,#9908));
#9910=IFCRELDEFINESBYPROPERTIES('0nuDwf7$P2zuoAAJsIiU$U',#5,$,$,(#6812),#9909);
#9911=IFCQUANTITYLENGTH('Length',$,$,5.225,$);
#9912=IFCQUANTITYAREA('CrossSectionArea',$,$,0.003,$);
#9913=IFCQUANTITYAREA('OuterSurfaceArea',$,$,1.936,$);
#9914=IFCQUANTITYVOLUME('NetVolume',$,$,0.013,$);
#9915=IFCQUANTITYWEIGHT('NetWeight',$,$,102.13,$);
#9916=IFCELEMENTQUANTITY('2T6O0J$KjBDRnq9u_oPttd',#5,'Qto_MemberBaseQuantities','Computed from the model geometry (openings subtracted)','CDE qto.py',(#9911,#9912,#9913,#9914,#9915));
#9917=IFCRELDEFINESBYPROPERTIES('35KKwszZnCwQJdPppMsZXo',#5,$,$,(#5841),#9916);
#9918=IFCQUANTITYLENGTH('Length',$,$,5.225,$);
#9919=IFCQUANTITYAREA('CrossSectionArea',$,$,0.003,$);
#9920=IFCQUANTITYAREA('OuterSurfaceArea',$,$,1.936,$);
#9921=IFCQUANTITYVOLUME('NetVolume',$,$,0.013,$);
#9922=IFCQUANTITYWEIGHT('NetWeight',$,$,102.13,$);
#9923=IFCELEMENTQUANTITY('138H9wiTX8qeFMB693eJN4',#5,'Qto_MemberBaseQuantities','Computed from the model geometry (openings subtracted)','CDE qto.py',(#9918,#9919,#9920,#9921,#9922));
#9924=IFCRELDEFINESBYPROPERTIES('0WIXV1Lgz1IvuYJ$xHwua0',#5,$,$,(#2036),#9923);
#9925=IFCQUANTITYLENGTH('Length',$,$,1.863,$);
#9926=IFCQUANTITYLENGTH('Width',$,$,1.692,$);
#9927=IFCQUANTITYLENGTH('Height',$,$,4.651,$);
#9928=IFCQUANTITYAREA('OuterSurfaceArea',$,$,8.234,$);
#9929=IFCQUANTITYVOLUME('NetVolume',$,$,0.576,$);
#9930=IFCQUANTITYWEIGHT('NetWeight',$,$,403.197,$);
#9931=IFCELEMENTQUANTITY('0Jlg9LSA1F3uPKyYrq4DMu',#5,'Qto_CDE_GeometricQuantities','Computed from the model geometry (openings subtracted)','CDE qto.py',(#9925,#9926,#9927,#9928,#9929,#9930));
#9932=IFCRELDEFINESBYPROPERTIES('0DztvsPanAk9wg6_Kd41U2',#5,$,$,(#9211),#9931);
#9933=IFCQUANTITYLENGTH('Length',$,$,1.4,$);
#9934=IFCQUANTITYLENGTH('Width',$,$,1.4,$);
#9935=IFCQUANTITYLENGTH('Height',$,$,0.035,$);
#9936=IFCQUANTITYAREA('OuterSurfaceArea',$,$,2.7,$);
#9937=IFCQUANTITYVOLUME('NetVolume',$,$,0.025,$);
#9938=IFCQUANTITYWEIGHT('NetWeight',$,$,182.501,$);
#9939=IFCELEMENTQUANTITY('1Kqyg8N0b0y97EHyEQoat4',#5,'Qto_CDE_GeometricQuantities','Computed from the model geometry (openings subtracted)','CDE qto.py',(#9933,#9934,#9935,#9936,#9937,#9938));
#9940=IFCRELDEFINESBYPROPERTIES('3eFVX7wmrDFuIF6quVzP70',#5,$,$,(#8890),#9939);
#9941=IFCQUANTITYLENGTH('Length',$,$,1.863,$);
#9942=IFCQUANTITYLENGTH('Width',$,$,1.692,$);
#9943=IFCQUANTITYLENGTH('Height',$,$,4.651,$);
#9944=IFCQUANTITYAREA('OuterSurfaceArea',$,$,8.234,$);
#9945=IFCQUANTITYVOLUME('NetVolume',$,$,0.576,$);
#9946=IFCQUANTITYWEIGHT('NetWeight',$,$,403.197,$);
#9947=IFCELEMENTQUANTITY('1AcY9qfSzDrvAvIvjG_s9z',#5,'Qto_CDE_GeometricQuantities','Computed from the model geometry (openings subtracted)','CDE qto.py',(#9941,#9942,#9943,#9944,#9945,#9946));
#9948=IFCRELDEFINESBYPROPERTIES('1unng_Ygz8egw5C8oN8xoJ',#5,$,$,(#9459),#9947);
ENDSEC;
END-ISO-10303-21;
