ISO-10303-21;
HEADER;
FILE_DESCRIPTION(('ViewDefinition [CoordinationView]'),'2;1');
FILE_NAME('','2026-10-01T14:01:43',(''),(''),'IfcOpenShell 0.9.0alpha0-8c614fa','IfcOpenShell 0.9.0alpha0-8c614fa','');
FILE_SCHEMA(('IFC4X3_ADD2'));
ENDSEC;
DATA;
#1=IFCPERSON($,$,'InGreen CDE demo',$,$,$,$,$);
#2=IFCORGANIZATION($,'InGreen',$,$,$);
#3=IFCPERSONANDORGANIZATION(#1,#2,$);
#4=IFCAPPLICATION(#2,'2.0','InGreen landmark builder (IfcOpenShell)','ingreen-landmark');
#5=IFCOWNERHISTORY(#3,#4,$,.ADDED.,1790856103,#3,#4,1790856103);
#6=IFCSIUNIT(*,.LENGTHUNIT.,$,.METRE.);
#7=IFCSIUNIT(*,.AREAUNIT.,$,.SQUARE_METRE.);
#8=IFCSIUNIT(*,.VOLUMEUNIT.,$,.CUBIC_METRE.);
#9=IFCSIUNIT(*,.MASSUNIT.,.KILO.,.GRAM.);
#10=IFCSIUNIT(*,.PLANEANGLEUNIT.,$,.RADIAN.);
#11=IFCUNITASSIGNMENT((#6,#7,#8,#9,#10));
#12=IFCCARTESIANPOINT((0.,0.,0.));
#13=IFCAXIS2PLACEMENT3D(#12,$,$);
#14=IFCDIRECTION((0.,1.));
#15=IFCGEOMETRICREPRESENTATIONCONTEXT($,'Model',3,1.E-05,#13,#14);
#16=IFCGEOMETRICREPRESENTATIONSUBCONTEXT('Body','Model',*,*,*,*,#15,$,.MODEL_VIEW.,$);
#17=IFCPROJECT('3bp0tGmLDDAP8tHrdrnuD_',#5,'Cap\X2\00E7\X0\alera de La Rambla \X2\2014\X0\ Font de Canaletes','Illustrative IFC4X3 model (\X2\2248\X0\LOD 400 geometry, LOD 500-style asset data with demo values). Positions \X2\00A9\X0\ OpenStreetMap contributors (ODbL); pavement level measured on the ICGC 3D mesh. Not the owners'' as-built model.',$,$,$,(#15),#11);
#18=IFCSIUNIT(*,.LENGTHUNIT.,$,.METRE.);
#19=IFCPROJECTEDCRS('EPSG:25831','ETRS89 / UTM zone 31N','ETRS89','Alicante (REDNAP)',$,$,#18);
#20=IFCMAPCONVERSION(#15,#19,430618.06653436203,4581847.201608506,14.81,0.9999541548749012,-0.009575392859928223,1.);
#21=IFCLOCALPLACEMENT($,#13);
#22=IFCSITE('3dhxn7Mkj2uBSDAKa_VfL8',#5,'La Rambla de Canaletes, upper end',$,$,#21,$,$,.ELEMENT.,(41,23,6,579599),(2,10,12,633600),14.81,$,$);
#23=IFCLOCALPLACEMENT(#21,#13);
#24=IFCBUILDING('36B1WvgKTEe9cs8_B21ys5',#5,'Cap\X2\00E7\X0\alera de La Rambla \X2\00B7\X0\ Font i quiosc de Canaletes','Illustrative IFC4X3 model (\X2\2248\X0\LOD 400 geometry, LOD 500-style asset data with demo values). Positions \X2\00A9\X0\ OpenStreetMap contributors (ODbL); pavement level measured on the ICGC 3D mesh. Not the owners'' as-built model.',$,#23,$,$,.ELEMENT.,$,$,$);
#25=IFCRELAGGREGATES('3we0u$lk93lxn21yMYmfI$',#5,$,$,#17,(#22));
#26=IFCRELAGGREGATES('1FTj5z_2n73e0D1XL6OS$R',#5,$,$,#22,(#24));
#27=IFCCOLOURRGB($,0.1,0.14,0.11);
#28=IFCSURFACESTYLESHADING(#27,0.);
#29=IFCSURFACESTYLE('Cast iron, painted very dark green',.BOTH.,(#28));
#30=IFCMATERIAL('Cast iron, painted very dark green','Grey cast iron, the dark green-black of Barcelona''s 19th-century street furniture','Iron');
#31=IFCPROPERTYSINGLEVALUE('MassDensity',$,IFCMASSDENSITYMEASURE(7200.),$);
#32=IFCMATERIALPROPERTIES('Pset_MaterialCommon',$,(#31),#30);
#33=IFCSTYLEDITEM($,(#29),$);
#34=IFCSTYLEDREPRESENTATION(#15,'Style','Material',(#33));
#35=IFCMATERIALDEFINITIONREPRESENTATION($,$,(#34),#30);
#36=IFCCOLOURRGB($,0.18,0.18,0.18);
#37=IFCSURFACESTYLESHADING(#36,0.);
#38=IFCSURFACESTYLE('Cast iron, painted dark grey',.BOTH.,(#37));
#39=IFCMATERIAL('Cast iron, painted dark grey',$,'Iron');
#40=IFCPROPERTYSINGLEVALUE('MassDensity',$,IFCMASSDENSITYMEASURE(7200.),$);
#41=IFCMATERIALPROPERTIES('Pset_MaterialCommon',$,(#40),#39);
#42=IFCSTYLEDITEM($,(#38),$);
#43=IFCSTYLEDREPRESENTATION(#15,'Style','Material',(#42));
#44=IFCMATERIALDEFINITIONREPRESENTATION($,$,(#43),#39);
#45=IFCCOLOURRGB($,0.52,0.38,0.17);
#46=IFCSURFACESTYLESHADING(#45,0.);
#47=IFCSURFACESTYLE('Bronze, patinated',.BOTH.,(#46));
#48=IFCMATERIAL('Bronze, patinated','Spouts, push buttons and plaque','Copper alloy');
#49=IFCPROPERTYSINGLEVALUE('MassDensity',$,IFCMASSDENSITYMEASURE(8800.),$);
#50=IFCMATERIALPROPERTIES('Pset_MaterialCommon',$,(#49),#48);
#51=IFCSTYLEDITEM($,(#47),$);
#52=IFCSTYLEDREPRESENTATION(#15,'Style','Material',(#51));
#53=IFCMATERIALDEFINITIONREPRESENTATION($,$,(#52),#48);
#54=IFCCOLOURRGB($,0.6,0.59,0.57);
#55=IFCSURFACESTYLESHADING(#54,0.);
#56=IFCSURFACESTYLE('Granite, flamed finish, grey',.BOTH.,(#55));
#57=IFCMATERIAL('Granite, flamed finish, grey','Plinth steps','Stone');
#58=IFCPROPERTYSINGLEVALUE('MassDensity',$,IFCMASSDENSITYMEASURE(2650.),$);
#59=IFCMATERIALPROPERTIES('Pset_MaterialCommon',$,(#58),#57);
#60=IFCSTYLEDITEM($,(#56),$);
#61=IFCSTYLEDREPRESENTATION(#15,'Style','Material',(#60));
#62=IFCMATERIALDEFINITIONREPRESENTATION($,$,(#61),#57);
#63=IFCCOLOURRGB($,0.82,0.79,0.73);
#64=IFCSURFACESTYLESHADING(#63,0.);
#65=IFCSURFACESTYLE('Hydraulic terrazzo paving, Rambla wave pattern',.BOTH.,(#64));
#66=IFCMATERIAL('Hydraulic terrazzo paving, Rambla wave pattern','The Rambla''s undulating paving: grey, white and ochre','Concrete');
#67=IFCPROPERTYSINGLEVALUE('MassDensity',$,IFCMASSDENSITYMEASURE(2300.),$);
#68=IFCMATERIALPROPERTIES('Pset_MaterialCommon',$,(#67),#66);
#69=IFCSTYLEDITEM($,(#65),$);
#70=IFCSTYLEDREPRESENTATION(#15,'Style','Material',(#69));
#71=IFCMATERIALDEFINITIONREPRESENTATION($,$,(#70),#66);
#72=IFCCOLOURRGB($,0.93,0.91,0.82);
#73=IFCSURFACESTYLESHADING(#72,0.45);
#74=IFCSURFACESTYLE('Lantern glass, frosted',.BOTH.,(#73));
#75=IFCMATERIAL('Lantern glass, frosted',$,'Glass');
#76=IFCPROPERTYSINGLEVALUE('MassDensity',$,IFCMASSDENSITYMEASURE(2500.),$);
#77=IFCMATERIALPROPERTIES('Pset_MaterialCommon',$,(#76),#75);
#78=IFCSTYLEDITEM($,(#74),$);
#79=IFCSTYLEDREPRESENTATION(#15,'Style','Material',(#78));
#80=IFCMATERIALDEFINITIONREPRESENTATION($,$,(#79),#75);
#81=IFCCOLOURRGB($,1.,0.94,0.72);
#82=IFCSURFACESTYLESHADING(#81,0.);
#83=IFCSURFACESTYLE('LED lamp, warm white diffuser',.BOTH.,(#82));
#84=IFCMATERIAL('LED lamp, warm white diffuser',$,'Plastic');
#85=IFCPROPERTYSINGLEVALUE('MassDensity',$,IFCMASSDENSITYMEASURE(1200.),$);
#86=IFCMATERIALPROPERTIES('Pset_MaterialCommon',$,(#85),#84);
#87=IFCSTYLEDITEM($,(#83),$);
#88=IFCSTYLEDREPRESENTATION(#15,'Style','Material',(#87));
#89=IFCMATERIALDEFINITIONREPRESENTATION($,$,(#88),#84);
#90=IFCCOLOURRGB($,0.72,0.45,0.2);
#91=IFCSURFACESTYLESHADING(#90,0.);
#92=IFCSURFACESTYLE('Copper tube, EN 1057',.BOTH.,(#91));
#93=IFCMATERIAL('Copper tube, EN 1057',$,'Copper');
#94=IFCPROPERTYSINGLEVALUE('MassDensity',$,IFCMASSDENSITYMEASURE(8900.),$);
#95=IFCMATERIALPROPERTIES('Pset_MaterialCommon',$,(#94),#93);
#96=IFCSTYLEDITEM($,(#92),$);
#97=IFCSTYLEDREPRESENTATION(#15,'Style','Material',(#96));
#98=IFCMATERIALDEFINITIONREPRESENTATION($,$,(#97),#93);
#99=IFCCOLOURRGB($,0.13,0.25,0.6);
#100=IFCSURFACESTYLESHADING(#99,0.);
#101=IFCSURFACESTYLE('Polyethylene PE100, blue (potable water)',.BOTH.,(#100));
#102=IFCMATERIAL('Polyethylene PE100, blue (potable water)',$,'Plastic');
#103=IFCPROPERTYSINGLEVALUE('MassDensity',$,IFCMASSDENSITYMEASURE(960.),$);
#104=IFCMATERIALPROPERTIES('Pset_MaterialCommon',$,(#103),#102);
#105=IFCSTYLEDITEM($,(#101),$);
#106=IFCSTYLEDREPRESENTATION(#15,'Style','Material',(#105));
#107=IFCMATERIALDEFINITIONREPRESENTATION($,$,(#106),#102);
#108=IFCCOLOURRGB($,0.7,0.36,0.16);
#109=IFCSURFACESTYLESHADING(#108,0.);
#110=IFCSURFACESTYLE('PVC-U sewer pipe, orange-brown',.BOTH.,(#109));
#111=IFCMATERIAL('PVC-U sewer pipe, orange-brown',$,'Plastic');
#112=IFCPROPERTYSINGLEVALUE('MassDensity',$,IFCMASSDENSITYMEASURE(1400.),$);
#113=IFCMATERIALPROPERTIES('Pset_MaterialCommon',$,(#112),#111);
#114=IFCSTYLEDITEM($,(#110),$);
#115=IFCSTYLEDREPRESENTATION(#15,'Style','Material',(#114));
#116=IFCMATERIALDEFINITIONREPRESENTATION($,$,(#115),#111);
#117=IFCCOLOURRGB($,0.7,0.69,0.66);
#118=IFCSURFACESTYLESHADING(#117,0.);
#119=IFCSURFACESTYLE('Precast concrete C30/37',.BOTH.,(#118));
#120=IFCMATERIAL('Precast concrete C30/37',$,'Concrete');
#121=IFCPROPERTYSINGLEVALUE('MassDensity',$,IFCMASSDENSITYMEASURE(2400.),$);
#122=IFCMATERIALPROPERTIES('Pset_MaterialCommon',$,(#121),#120);
#123=IFCSTYLEDITEM($,(#119),$);
#124=IFCSTYLEDREPRESENTATION(#15,'Style','Material',(#123));
#125=IFCMATERIALDEFINITIONREPRESENTATION($,$,(#124),#120);
#126=IFCCOLOURRGB($,0.78,0.65,0.3);
#127=IFCSURFACESTYLESHADING(#126,0.);
#128=IFCSURFACESTYLE('Dezincification-resistant brass',.BOTH.,(#127));
#129=IFCMATERIAL('Dezincification-resistant brass',$,'Copper alloy');
#130=IFCPROPERTYSINGLEVALUE('MassDensity',$,IFCMASSDENSITYMEASURE(8500.),$);
#131=IFCMATERIALPROPERTIES('Pset_MaterialCommon',$,(#130),#129);
#132=IFCSTYLEDITEM($,(#128),$);
#133=IFCSTYLEDREPRESENTATION(#15,'Style','Material',(#132));
#134=IFCMATERIALDEFINITIONREPRESENTATION($,$,(#133),#129);
#135=IFCCOLOURRGB($,0.14,0.24,0.18);
#136=IFCSURFACESTYLESHADING(#135,0.);
#137=IFCSURFACESTYLE('Steel sheet, powder-coated RAL 6009 fir green',.BOTH.,(#136));
#138=IFCMATERIAL('Steel sheet, powder-coated RAL 6009 fir green',$,'Steel');
#139=IFCPROPERTYSINGLEVALUE('MassDensity',$,IFCMASSDENSITYMEASURE(7850.),$);
#140=IFCMATERIALPROPERTIES('Pset_MaterialCommon',$,(#139),#138);
#141=IFCSTYLEDITEM($,(#137),$);
#142=IFCSTYLEDREPRESENTATION(#15,'Style','Material',(#141));
#143=IFCMATERIALDEFINITIONREPRESENTATION($,$,(#142),#138);
#144=IFCCOLOURRGB($,0.15,0.16,0.17);
#145=IFCSURFACESTYLESHADING(#144,0.);
#146=IFCSURFACESTYLE('Steel, powder-coated RAL 7021 black-grey',.BOTH.,(#145));
#147=IFCMATERIAL('Steel, powder-coated RAL 7021 black-grey',$,'Steel');
#148=IFCPROPERTYSINGLEVALUE('MassDensity',$,IFCMASSDENSITYMEASURE(7850.),$);
#149=IFCMATERIALPROPERTIES('Pset_MaterialCommon',$,(#148),#147);
#150=IFCSTYLEDITEM($,(#146),$);
#151=IFCSTYLEDREPRESENTATION(#15,'Style','Material',(#150));
#152=IFCMATERIALDEFINITIONREPRESENTATION($,$,(#151),#147);
#153=IFCCOLOURRGB($,0.1,0.3,0.2);
#154=IFCSURFACESTYLESHADING(#153,0.);
#155=IFCSURFACESTYLE('Acrylic awning fabric, bottle green',.BOTH.,(#154));
#156=IFCMATERIAL('Acrylic awning fabric, bottle green',$,'Textile');
#157=IFCPROPERTYSINGLEVALUE('MassDensity',$,IFCMASSDENSITYMEASURE(300.),$);
#158=IFCMATERIALPROPERTIES('Pset_MaterialCommon',$,(#157),#156);
#159=IFCSTYLEDITEM($,(#155),$);
#160=IFCSTYLEDREPRESENTATION(#15,'Style','Material',(#159));
#161=IFCMATERIALDEFINITIONREPRESENTATION($,$,(#160),#156);
#162=IFCCOLOURRGB($,0.78,0.79,0.8);
#163=IFCSURFACESTYLESHADING(#162,0.);
#164=IFCSURFACESTYLE('Stainless steel AISI 304, brushed',.BOTH.,(#163));
#165=IFCMATERIAL('Stainless steel AISI 304, brushed',$,'Steel');
#166=IFCPROPERTYSINGLEVALUE('MassDensity',$,IFCMASSDENSITYMEASURE(8000.),$);
#167=IFCMATERIALPROPERTIES('Pset_MaterialCommon',$,(#166),#165);
#168=IFCSTYLEDITEM($,(#164),$);
#169=IFCSTYLEDREPRESENTATION(#15,'Style','Material',(#168));
#170=IFCMATERIALDEFINITIONREPRESENTATION($,$,(#169),#165);
#171=IFCCOLOURRGB($,0.72,0.58,0.4);
#172=IFCSURFACESTYLESHADING(#171,0.);
#173=IFCSURFACESTYLE('Birch plywood, lacquered',.BOTH.,(#172));
#174=IFCMATERIAL('Birch plywood, lacquered',$,'Wood');
#175=IFCPROPERTYSINGLEVALUE('MassDensity',$,IFCMASSDENSITYMEASURE(680.),$);
#176=IFCMATERIALPROPERTIES('Pset_MaterialCommon',$,(#175),#174);
#177=IFCSTYLEDITEM($,(#173),$);
#178=IFCSTYLEDREPRESENTATION(#15,'Style','Material',(#177));
#179=IFCMATERIALDEFINITIONREPRESENTATION($,$,(#178),#174);
#180=IFCCOLOURRGB($,0.86,0.6,0.42);
#181=IFCSURFACESTYLESHADING(#180,0.);
#182=IFCSURFACESTYLE('Printed paper (newspapers and magazines)',.BOTH.,(#181));
#183=IFCMATERIAL('Printed paper (newspapers and magazines)',$,'Paper');
#184=IFCPROPERTYSINGLEVALUE('MassDensity',$,IFCMASSDENSITYMEASURE(800.),$);
#185=IFCMATERIALPROPERTIES('Pset_MaterialCommon',$,(#184),#183);
#186=IFCSTYLEDITEM($,(#182),$);
#187=IFCSTYLEDREPRESENTATION(#15,'Style','Material',(#186));
#188=IFCMATERIALDEFINITIONREPRESENTATION($,$,(#187),#183);
#189=IFCCOLOURRGB($,0.95,0.95,0.93);
#190=IFCSURFACESTYLESHADING(#189,0.);
#191=IFCSURFACESTYLE('Opal acrylic sign face, white',.BOTH.,(#190));
#192=IFCMATERIAL('Opal acrylic sign face, white',$,'Plastic');
#193=IFCPROPERTYSINGLEVALUE('MassDensity',$,IFCMASSDENSITYMEASURE(1190.),$);
#194=IFCMATERIALPROPERTIES('Pset_MaterialCommon',$,(#193),#192);
#195=IFCSTYLEDITEM($,(#191),$);
#196=IFCSTYLEDREPRESENTATION(#15,'Style','Material',(#195));
#197=IFCMATERIALDEFINITIONREPRESENTATION($,$,(#196),#192);
#198=IFCCOLOURRGB($,0.16,0.25,0.19);
#199=IFCSURFACESTYLESHADING(#198,0.);
#200=IFCSURFACESTYLE('Steel, powder-coated dark green',.BOTH.,(#199));
#201=IFCMATERIAL('Steel, powder-coated dark green',$,'Steel');
#202=IFCPROPERTYSINGLEVALUE('MassDensity',$,IFCMASSDENSITYMEASURE(7850.),$);
#203=IFCMATERIALPROPERTIES('Pset_MaterialCommon',$,(#202),#201);
#204=IFCSTYLEDITEM($,(#200),$);
#205=IFCSTYLEDREPRESENTATION(#15,'Style','Material',(#204));
#206=IFCMATERIALDEFINITIONREPRESENTATION($,$,(#205),#201);
#207=IFCCOLOURRGB($,0.29,0.33,0.3);
#208=IFCSURFACESTYLESHADING(#207,0.);
#209=IFCSURFACESTYLE('Powder-coated steel, dark green-grey',.BOTH.,(#208));
#210=IFCMATERIAL('Powder-coated steel, dark green-grey',$,'Steel');
#211=IFCPROPERTYSINGLEVALUE('MassDensity',$,IFCMASSDENSITYMEASURE(7850.),$);
#212=IFCMATERIALPROPERTIES('Pset_MaterialCommon',$,(#211),#210);
#213=IFCSTYLEDITEM($,(#209),$);
#214=IFCSTYLEDREPRESENTATION(#15,'Style','Material',(#213));
#215=IFCMATERIALDEFINITIONREPRESENTATION($,$,(#214),#210);
#216=IFCCOLOURRGB($,0.55,0.5,0.4);
#217=IFCSURFACESTYLESHADING(#216,0.);
#218=IFCSURFACESTYLE('Plane-tree bark',.BOTH.,(#217));
#219=IFCMATERIAL('Plane-tree bark',$,'Wood');
#220=IFCPROPERTYSINGLEVALUE('MassDensity',$,IFCMASSDENSITYMEASURE(700.),$);
#221=IFCMATERIALPROPERTIES('Pset_MaterialCommon',$,(#220),#219);
#222=IFCSTYLEDITEM($,(#218),$);
#223=IFCSTYLEDREPRESENTATION(#15,'Style','Material',(#222));
#224=IFCMATERIALDEFINITIONREPRESENTATION($,$,(#223),#219);
#225=IFCCARTESIANPOINT((0.,0.,0.));
#226=IFCAXIS2PLACEMENT3D(#225,$,$);
#227=IFCLOCALPLACEMENT(#23,#226);
#228=IFCBUILDINGSTOREY('1imkBHIpP0hAzvZyC7bUbK',#5,'Passeig central de La Rambla \X2\00B7\X0\ Promenade level','The central promenade of La Rambla de Canaletes, at the fountain''s pavement',$,#227,$,$,.ELEMENT.,0.);
#229=IFCRELAGGREGATES('0agcgUKJLE3hbMZ8poMX95',#5,$,$,#24,(#228));
#230=IFCLOCALPLACEMENT(#23,#13);
#231=IFCELEMENTASSEMBLY('2Ho2eMf7P6JeustCrKjeLv',#5,'Font de Canaletes','\X2\00AB\X0\Qui beu aigua de Canaletes, torna a Barcelona.\X2\00BB\X0\ Meeting point of FC Barcelona supporters since the 1930s.','Drinking fountain with four-light lamp (font-fanal)',#230,$,'RCAN-ASM-001',.NOTDEFINED.,.USERDEFINED.);
#232=IFCPROPERTYSINGLEVALUE('OSMNode',$,IFCINTEGER(430607924),$);
#233=IFCPROPERTYSINGLEVALUE('InventoryRef',$,IFCLABEL('01-051'),$);
#234=IFCPROPERTYSINGLEVALUE('Wikidata',$,IFCLABEL('Q2723971'),$);
#235=IFCPROPERTYSINGLEVALUE('Designer',$,IFCLABEL('Pere Falqu\X2\00E9\X0\s'),$);
#236=IFCPROPERTYSINGLEVALUE('DesignYear',$,IFCINTEGER(1889),$);
#237=IFCPROPERTYSINGLEVALUE('Foundry',$,IFCLABEL('Foneria Colomer'),$);
#238=IFCPROPERTYSINGLEVALUE('InPlaceSince',$,IFCINTEGER(1892),$);
#239=IFCPROPERTYSINGLEVALUE('Spouts',$,IFCINTEGER(4),$);
#240=IFCPROPERTYSINGLEVALUE('Lights',$,IFCINTEGER(4),$);
#241=IFCPROPERTYSINGLEVALUE('DogBowl',$,IFCBOOLEAN(.T.),$);
#242=IFCPROPERTYSINGLEVALUE('PotableWater',$,IFCBOOLEAN(.T.),$);
#243=IFCPROPERTYSINGLEVALUE('HeritageStatus',$,IFCLABEL('Municipal heritage (demo \X2\2014\X0\ not checked)'),$);
#244=IFCPROPERTYSINGLEVALUE('OverallHeight_m',$,IFCREAL(5.),$);
#245=IFCPROPERTYSET('2hZDKtnzr4wgUdv_hWUtev',#5,'Pset_CDE_Specification',$,(#232,#233,#234,#235,#236,#237,#238,#239,#240,#241,#242,#243,#244));
#246=IFCRELDEFINESBYPROPERTIES('1LXXErDLHDAgr44utnpA_f',#5,$,$,(#231),#245);
#247=IFCPROPERTYSINGLEVALUE('DataStatus',$,IFCLABEL('Illustrative demo values \X2\2014\X0\ not the owner''s as-built register'),$);
#248=IFCPROPERTYSINGLEVALUE('AssetOwner',$,IFCLABEL('Ajuntament de Barcelona (operator per OSM; register values are demo)'),$);
#249=IFCPROPERTYSINGLEVALUE('Manufacturer',$,IFCLABEL('Foneria Colomer (original casting, 1892)'),$);
#250=IFCPROPERTYSINGLEVALUE('Model',$,IFCLABEL('Font-fanal, municipal model by Pere Falqu\X2\00E9\X0\s (1889)'),$);
#251=IFCPROPERTYSINGLEVALUE('SerialNumber',$,IFCLABEL('BCN-FNT-01051-001'),$);
#252=IFCPROPERTYSINGLEVALUE('LifecycleStatus',$,IFCLABEL('In service'),$);
#253=IFCPROPERTYSINGLEVALUE('InstallationYear',$,IFCINTEGER(1892),$);
#254=IFCPROPERTYSINGLEVALUE('LastInspection',$,IFCLABEL('2026-07-08'),$);
#255=IFCPROPERTYSINGLEVALUE('InspectionInterval_months',$,IFCINTEGER(6),$);
#256=IFCPROPERTYSINGLEVALUE('NextInspection',$,IFCLABEL('2027-01-08'),$);
#257=IFCPROPERTYSINGLEVALUE('ConditionIndex_1to5',$,IFCINTEGER(4),$);
#258=IFCPROPERTYSINGLEVALUE('WarrantyEnd',$,IFCLABEL('None (heritage asset, pre-dates warranties)'),$);
#259=IFCPROPERTYSINGLEVALUE('MaintenanceContractor',$,IFCLABEL('Demo contractor \X2\2014\X0\ fountains and heritage ironwork'),$);
#260=IFCPROPERTYSINGLEVALUE('MaintenanceStrategy',$,IFCLABEL('Condition-based'),$);
#261=IFCPROPERTYSINGLEVALUE('LastRepaint',$,IFCLABEL('2019-05 (demo)'),$);
#262=IFCPROPERTYSET('1hgBhCFvL7MB4o1BE4Nx3O',#5,'Pset_CDE_AssetManagement (demo)',$,(#247,#248,#249,#250,#251,#252,#253,#254,#255,#256,#257,#258,#259,#260,#261));
#263=IFCRELDEFINESBYPROPERTIES('39OQMnObvFmfRSbGsbkf5L',#5,$,$,(#231),#262);
#264=IFCPROPERTYSINGLEVALUE('GeometrySource',$,IFCLABEL('Proportions of the Falqu\X2\00E9\X0\s font-fanal estimated from photographs; position from OSM (ODbL)'),$);
#265=IFCPROPERTYSINGLEVALUE('Confidence',$,IFCLABEL('Medium'),$);
#266=IFCPROPERTYSINGLEVALUE('Reference',$,IFCLABEL('OSM node 430607924; Wikipedia ca/en \X2\00AB\X0\Font de Canaletes\X2\00BB\X0\; Wikimedia Commons \X2\00AB\X0\Category:Font de Canaletes\X2\00BB\X0\'),$);
#267=IFCPROPERTYSET('2_Srqte5D0Zv6NB61v2J2M',#5,'Pset_CDE_Provenance',$,(#264,#265,#266));
#268=IFCRELDEFINESBYPROPERTIES('3ydf9ePkH1vQE3w49BXSnn',#5,$,$,(#231),#267);
#269=IFCCARTESIANPOINT((0.6150910770969766,-0.5422757295653946));
#270=IFCCARTESIANPOINT((0.8183819173111826,0.051488226014036687));
#271=IFCCARTESIANPOINT((0.5422757295653946,0.6150910770969766));
#272=IFCCARTESIANPOINT((-0.05148822601403663,0.8183819173111826));
#273=IFCCARTESIANPOINT((-0.6150910770969766,0.5422757295653947));
#274=IFCCARTESIANPOINT((-0.8183819173111826,-0.051488226014036964));
#275=IFCCARTESIANPOINT((-0.5422757295653945,-0.6150910770969769));
#276=IFCCARTESIANPOINT((0.05148822601403691,-0.8183819173111826));
#277=IFCCARTESIANPOINT((0.6150910770969766,-0.5422757295653946));
#278=IFCPOLYLINE((#269,#270,#271,#272,#273,#274,#275,#276,#277));
#279=IFCARBITRARYCLOSEDPROFILEDEF(.AREA.,$,#278);
#280=IFCCARTESIANPOINT((0.,0.,-0.06));
#281=IFCAXIS2PLACEMENT3D(#280,$,$);
#282=IFCDIRECTION((0.,0.,1.));
#283=IFCEXTRUDEDAREASOLID(#279,#281,#282,0.18);
#284=IFCCARTESIANPOINT((0.48007108456349407,-0.4232395938071374));
#285=IFCCARTESIANPOINT((0.6387371061940939,0.040185932498760374));
#286=IFCCARTESIANPOINT((0.4232395938071374,0.480071084563494));
#287=IFCCARTESIANPOINT((-0.040185932498760346,0.6387371061940939));
#288=IFCCARTESIANPOINT((-0.480071084563494,0.4232395938071374));
#289=IFCCARTESIANPOINT((-0.6387371061940937,-0.040185932498760596));
#290=IFCCARTESIANPOINT((-0.42323959380713716,-0.4800710845634941));
#291=IFCCARTESIANPOINT((0.04018593249876054,-0.6387371061940939));
#292=IFCCARTESIANPOINT((0.48007108456349407,-0.4232395938071374));
#293=IFCPOLYLINE((#284,#285,#286,#287,#288,#289,#290,#291,#292));
#294=IFCARBITRARYCLOSEDPROFILEDEF(.AREA.,$,#293);
#295=IFCCARTESIANPOINT((0.,0.,0.12));
#296=IFCAXIS2PLACEMENT3D(#295,$,$);
#297=IFCDIRECTION((0.,0.,1.));
#298=IFCEXTRUDEDAREASOLID(#294,#296,#297,0.1);
#299=IFCSTYLEDITEM(#283,(#56),$);
#300=IFCSTYLEDITEM(#298,(#56),$);
#301=IFCSHAPEREPRESENTATION(#16,'Body','SweptSolid',(#283,#298));
#302=IFCPRODUCTDEFINITIONSHAPE($,$,(#301));
#303=IFCLOCALPLACEMENT(#23,#13);
#304=IFCSLAB('28mrxiABD6exQfAjM0Gryg',#5,'S\X2\00F2\X0\col de pedra \X2\00B7\X0\ Granite plinth (two steps)',$,'Octagonal granite plinth, two steps',#303,#302,'RCAN-SLB-001',.BASESLAB.);
#305=IFCRELASSOCIATESMATERIAL('3Hvm8VfFX7xxuRBCNrg$XG',#5,$,$,(#304),#57);
#306=IFCPROPERTYSINGLEVALUE('Reference',$,IFCLABEL('Octagonal granite plinth, two steps'),$);
#307=IFCPROPERTYSINGLEVALUE('IsExternal',$,IFCBOOLEAN(.T.),$);
#308=IFCPROPERTYSINGLEVALUE('LoadBearing',$,IFCBOOLEAN(.T.),$);
#309=IFCPROPERTYSINGLEVALUE('Status',$,IFCLABEL('EXISTING'),$);
#310=IFCPROPERTYSET('1l8kHjr2v0$vbx9NTpXYlj',#5,'Pset_SlabCommon',$,(#306,#307,#308,#309));
#311=IFCRELDEFINESBYPROPERTIES('0CV5SDBDD6vfiLWjTNcB2L',#5,$,$,(#304),#310);
#312=IFCPROPERTYSINGLEVALUE('Material',$,IFCLABEL('Granite, flamed finish, grey'),$);
#313=IFCPROPERTYSINGLEVALUE('Category',$,IFCLABEL('Stone'),$);
#314=IFCPROPERTYSINGLEVALUE('Description',$,IFCLABEL('Plinth steps'),$);
#315=IFCPROPERTYSINGLEVALUE('MassDensity_kg_m3',$,IFCREAL(2650.),$);
#316=IFCPROPERTYSET('2EtwXZquzDJRzErTttbKY5',#5,'Pset_CDE_Material',$,(#312,#313,#314,#315));
#317=IFCRELDEFINESBYPROPERTIES('0KFMCJOR184f0mu1YZtA1O',#5,$,$,(#304),#316);
#318=IFCPROPERTYSINGLEVALUE('GeometrySource',$,IFCLABEL('Proportions of the Falqu\X2\00E9\X0\s font-fanal estimated from photographs; position from OSM (ODbL)'),$);
#319=IFCPROPERTYSINGLEVALUE('Confidence',$,IFCLABEL('Medium'),$);
#320=IFCPROPERTYSINGLEVALUE('Reference',$,IFCLABEL('OSM node 430607924; Wikipedia ca/en \X2\00AB\X0\Font de Canaletes\X2\00BB\X0\; Wikimedia Commons \X2\00AB\X0\Category:Font de Canaletes\X2\00BB\X0\'),$);
#321=IFCPROPERTYSET('0oMbaZsQ1AMeq_92PicJQT',#5,'Pset_CDE_Provenance',$,(#318,#319,#320));
#322=IFCRELDEFINESBYPROPERTIES('35i07nY9XCcexMD19PkG1c',#5,$,$,(#304),#321);
#323=IFCPROPERTYSINGLEVALUE('Steps',$,IFCINTEGER(2),$);
#324=IFCPROPERTYSINGLEVALUE('Width_mm',$,IFCINTEGER(1520),$);
#325=IFCPROPERTYSINGLEVALUE('Height_mm',$,IFCINTEGER(220),$);
#326=IFCPROPERTYSET('12ZCPjfHTCLf0m94DIjPmf',#5,'Pset_CDE_Specification',$,(#323,#324,#325));
#327=IFCRELDEFINESBYPROPERTIES('3KbqlNT$HBb8w44QDiYj7T',#5,$,$,(#304),#326);
#328=IFCPROPERTYSINGLEVALUE('DataStatus',$,IFCLABEL('Illustrative demo values \X2\2014\X0\ not the owner''s as-built register'),$);
#329=IFCPROPERTYSINGLEVALUE('AssetOwner',$,IFCLABEL('Ajuntament de Barcelona (operator per OSM; register values are demo)'),$);
#330=IFCPROPERTYSINGLEVALUE('Manufacturer',$,IFCLABEL('Demo stonemason'),$);
#331=IFCPROPERTYSINGLEVALUE('Model',$,IFCLABEL('Granite plinth'),$);
#332=IFCPROPERTYSINGLEVALUE('SerialNumber',$,IFCLABEL('BCN-FNT-01051-002'),$);
#333=IFCPROPERTYSINGLEVALUE('LifecycleStatus',$,IFCLABEL('In service'),$);
#334=IFCPROPERTYSINGLEVALUE('InstallationYear',$,IFCINTEGER(1892),$);
#335=IFCPROPERTYSINGLEVALUE('LastInspection',$,IFCLABEL('2026-07-08'),$);
#336=IFCPROPERTYSINGLEVALUE('InspectionInterval_months',$,IFCINTEGER(12),$);
#337=IFCPROPERTYSINGLEVALUE('NextInspection',$,IFCLABEL('2027-07-08'),$);
#338=IFCPROPERTYSINGLEVALUE('ConditionIndex_1to5',$,IFCINTEGER(4),$);
#339=IFCPROPERTYSINGLEVALUE('WarrantyEnd',$,IFCLABEL('None (heritage asset, pre-dates warranties)'),$);
#340=IFCPROPERTYSINGLEVALUE('MaintenanceContractor',$,IFCLABEL('Demo contractor \X2\2014\X0\ fountains and heritage ironwork'),$);
#341=IFCPROPERTYSINGLEVALUE('MaintenanceStrategy',$,IFCLABEL('Condition-based'),$);
#342=IFCPROPERTYSET('0BGgAhKvLD$Bg2qCWu0cKR',#5,'Pset_CDE_AssetManagement (demo)',$,(#328,#329,#330,#331,#332,#333,#334,#335,#336,#337,#338,#339,#340,#341));
#343=IFCRELDEFINESBYPROPERTIES('2vuUjfso95_ueoVtIqMiu1',#5,$,$,(#304),#342);
#344=IFCCARTESIANPOINT((0.,0.));
#345=IFCDIRECTION((0.43993916985591486,-0.8980275757606158));
#346=IFCAXIS2PLACEMENT2D(#344,#345);
#347=IFCRECTANGLEPROFILEDEF(.AREA.,$,#346,1.96,0.040000000000000036);
#348=IFCCARTESIANPOINT((-0.8621064727301911,-0.4223416030616783,-0.02));
#349=IFCAXIS2PLACEMENT3D(#348,$,$);
#350=IFCDIRECTION((0.,0.,1.));
#351=IFCEXTRUDEDAREASOLID(#347,#349,#350,0.055);
#352=IFCCARTESIANPOINT((0.,0.));
#353=IFCDIRECTION((0.43993916985591486,-0.8980275757606158));
#354=IFCAXIS2PLACEMENT2D(#352,#353);
#355=IFCRECTANGLEPROFILEDEF(.AREA.,$,#354,1.96,0.040000000000000036);
#356=IFCCARTESIANPOINT((0.8621064727301911,0.4223416030616783,-0.02));
#357=IFCAXIS2PLACEMENT3D(#356,$,$);
#358=IFCDIRECTION((0.,0.,1.));
#359=IFCEXTRUDEDAREASOLID(#355,#357,#358,0.055);
#360=IFCCARTESIANPOINT((0.,0.));
#361=IFCDIRECTION((0.43993916985591486,-0.8980275757606158));
#362=IFCAXIS2PLACEMENT2D(#360,#361);
#363=IFCRECTANGLEPROFILEDEF(.AREA.,$,#362,1.96,0.040000000000000036);
#364=IFCCARTESIANPOINT((-0.7363826121237049,-0.36075011928185025,-0.02));
#365=IFCAXIS2PLACEMENT3D(#364,$,$);
#366=IFCDIRECTION((0.,0.,1.));
#367=IFCEXTRUDEDAREASOLID(#363,#365,#366,0.055);
#368=IFCCARTESIANPOINT((0.,0.));
#369=IFCDIRECTION((0.43993916985591486,-0.8980275757606158));
#370=IFCAXIS2PLACEMENT2D(#368,#369);
#371=IFCRECTANGLEPROFILEDEF(.AREA.,$,#370,1.96,0.040000000000000036);
#372=IFCCARTESIANPOINT((0.7363826121237049,0.36075011928185025,-0.02));
#373=IFCAXIS2PLACEMENT3D(#372,$,$);
#374=IFCDIRECTION((0.,0.,1.));
#375=IFCEXTRUDEDAREASOLID(#371,#373,#374,0.055);
#376=IFCCARTESIANPOINT((0.,0.));
#377=IFCDIRECTION((0.43993916985591486,-0.8980275757606158));
#378=IFCAXIS2PLACEMENT2D(#376,#377);
#379=IFCRECTANGLEPROFILEDEF(.AREA.,$,#378,0.040000000000000036,1.96);
#380=IFCCARTESIANPOINT((-0.4223416030616783,0.8621064727301911,-0.02));
#381=IFCAXIS2PLACEMENT3D(#380,$,$);
#382=IFCDIRECTION((0.,0.,1.));
#383=IFCEXTRUDEDAREASOLID(#379,#381,#382,0.055);
#384=IFCCARTESIANPOINT((0.,0.));
#385=IFCDIRECTION((0.43993916985591486,-0.8980275757606158));
#386=IFCAXIS2PLACEMENT2D(#384,#385);
#387=IFCRECTANGLEPROFILEDEF(.AREA.,$,#386,0.040000000000000036,1.96);
#388=IFCCARTESIANPOINT((0.4223416030616783,-0.8621064727301911,-0.02));
#389=IFCAXIS2PLACEMENT3D(#388,$,$);
#390=IFCDIRECTION((0.,0.,1.));
#391=IFCEXTRUDEDAREASOLID(#387,#389,#390,0.055);
#392=IFCCARTESIANPOINT((0.,0.));
#393=IFCDIRECTION((0.43993916985591486,-0.8980275757606158));
#394=IFCAXIS2PLACEMENT2D(#392,#393);
#395=IFCRECTANGLEPROFILEDEF(.AREA.,$,#394,0.040000000000000036,1.96);
#396=IFCCARTESIANPOINT((-0.36075011928185025,0.7363826121237049,-0.02));
#397=IFCAXIS2PLACEMENT3D(#396,$,$);
#398=IFCDIRECTION((0.,0.,1.));
#399=IFCEXTRUDEDAREASOLID(#395,#397,#398,0.055);
#400=IFCCARTESIANPOINT((0.,0.));
#401=IFCDIRECTION((0.43993916985591486,-0.8980275757606158));
#402=IFCAXIS2PLACEMENT2D(#400,#401);
#403=IFCRECTANGLEPROFILEDEF(.AREA.,$,#402,0.040000000000000036,1.96);
#404=IFCCARTESIANPOINT((0.36075011928185025,-0.7363826121237049,-0.02));
#405=IFCAXIS2PLACEMENT3D(#404,$,$);
#406=IFCDIRECTION((0.,0.,1.));
#407=IFCEXTRUDEDAREASOLID(#403,#405,#406,0.055);
#408=IFCCARTESIANPOINT((0.,0.));
#409=IFCDIRECTION((0.43993916985591486,-0.8980275757606158));
#410=IFCAXIS2PLACEMENT2D(#408,#409);
#411=IFCRECTANGLEPROFILEDEF(.AREA.,$,#410,0.02400000000000002,0.17999999999999994);
#412=IFCCARTESIANPOINT((-1.1951897952972717,0.4166789570127899,-0.02));
#413=IFCAXIS2PLACEMENT3D(#412,$,$);
#414=IFCDIRECTION((0.,0.,1.));
#415=IFCEXTRUDEDAREASOLID(#411,#413,#414,0.05);
#416=IFCCARTESIANPOINT((0.,0.));
#417=IFCDIRECTION((0.43993916985591486,-0.8980275757606158));
#418=IFCAXIS2PLACEMENT2D(#416,#417);
#419=IFCRECTANGLEPROFILEDEF(.AREA.,$,#418,0.02400000000000002,0.17999999999999994);
#420=IFCCARTESIANPOINT((0.40329928955662464,1.1997706793563183,-0.02));
#421=IFCAXIS2PLACEMENT3D(#420,$,$);
#422=IFCDIRECTION((0.,0.,1.));
#423=IFCEXTRUDEDAREASOLID(#419,#421,#422,0.05);
#424=IFCCARTESIANPOINT((0.,0.));
#425=IFCDIRECTION((0.43993916985591486,-0.8980275757606158));
#426=IFCAXIS2PLACEMENT2D(#424,#425);
#427=IFCRECTANGLEPROFILEDEF(.AREA.,$,#426,0.02400000000000002,0.17999999999999994);
#428=IFCCARTESIANPOINT((-1.1599946617087984,0.34483675095194066,-0.02));
#429=IFCAXIS2PLACEMENT3D(#428,$,$);
#430=IFCDIRECTION((0.,0.,1.));
#431=IFCEXTRUDEDAREASOLID(#427,#429,#430,0.05);
#432=IFCCARTESIANPOINT((0.,0.));
#433=IFCDIRECTION((0.43993916985591486,-0.8980275757606158));
#434=IFCAXIS2PLACEMENT2D(#432,#433);
#435=IFCRECTANGLEPROFILEDEF(.AREA.,$,#434,0.02400000000000002,0.17999999999999994);
#436=IFCCARTESIANPOINT((0.43849442314509784,1.1279284732954693,-0.02));
#437=IFCAXIS2PLACEMENT3D(#436,$,$);
#438=IFCDIRECTION((0.,0.,1.));
#439=IFCEXTRUDEDAREASOLID(#435,#437,#438,0.05);
#440=IFCCARTESIANPOINT((0.,0.));
#441=IFCDIRECTION((0.43993916985591486,-0.8980275757606158));
#442=IFCAXIS2PLACEMENT2D(#440,#441);
#443=IFCRECTANGLEPROFILEDEF(.AREA.,$,#442,0.02400000000000002,0.17999999999999994);
#444=IFCCARTESIANPOINT((-1.1247995281203251,0.27299454489109154,-0.02));
#445=IFCAXIS2PLACEMENT3D(#444,$,$);
#446=IFCDIRECTION((0.,0.,1.));
#447=IFCEXTRUDEDAREASOLID(#443,#445,#446,0.05);
#448=IFCCARTESIANPOINT((0.,0.));
#449=IFCDIRECTION((0.43993916985591486,-0.8980275757606158));
#450=IFCAXIS2PLACEMENT2D(#448,#449);
#451=IFCRECTANGLEPROFILEDEF(.AREA.,$,#450,0.17999999999999994,0.02400000000000002);
#452=IFCCARTESIANPOINT((-1.05608626723462,0.473689556733571,-0.02));
#453=IFCAXIS2PLACEMENT3D(#452,$,$);
#454=IFCDIRECTION((0.,0.,1.));
#455=IFCEXTRUDEDAREASOLID(#451,#453,#454,0.05);
#456=IFCCARTESIANPOINT((0.,0.));
#457=IFCDIRECTION((0.43993916985591486,-0.8980275757606158));
#458=IFCAXIS2PLACEMENT2D(#456,#457);
#459=IFCRECTANGLEPROFILEDEF(.AREA.,$,#458,0.02400000000000002,0.17999999999999994);
#460=IFCCARTESIANPOINT((0.473689556733571,1.05608626723462,-0.02));
#461=IFCAXIS2PLACEMENT3D(#460,$,$);
#462=IFCDIRECTION((0.,0.,1.));
#463=IFCEXTRUDEDAREASOLID(#459,#461,#462,0.05);
#464=IFCCARTESIANPOINT((0.,0.));
#465=IFCDIRECTION((0.43993916985591486,-0.8980275757606158));
#466=IFCAXIS2PLACEMENT2D(#464,#465);
#467=IFCRECTANGLEPROFILEDEF(.AREA.,$,#466,0.17999999999999994,0.02400000000000002);
#468=IFCCARTESIANPOINT((-0.27299454489109154,-1.1247995281203251,-0.02));
#469=IFCAXIS2PLACEMENT3D(#468,$,$);
#470=IFCDIRECTION((0.,0.,1.));
#471=IFCEXTRUDEDAREASOLID(#467,#469,#470,0.05);
#472=IFCCARTESIANPOINT((0.,0.));
#473=IFCDIRECTION((0.43993916985591486,-0.8980275757606158));
#474=IFCAXIS2PLACEMENT2D(#472,#473);
#475=IFCRECTANGLEPROFILEDEF(.AREA.,$,#474,0.02400000000000002,0.17999999999999994);
#476=IFCCARTESIANPOINT((-1.089604394531852,0.2011523388302423,-0.02));
#477=IFCAXIS2PLACEMENT3D(#476,$,$);
#478=IFCDIRECTION((0.,0.,1.));
#479=IFCEXTRUDEDAREASOLID(#475,#477,#478,0.05);
#480=IFCCARTESIANPOINT((0.,0.));
#481=IFCDIRECTION((0.43993916985591486,-0.8980275757606158));
#482=IFCAXIS2PLACEMENT2D(#480,#481);
#483=IFCRECTANGLEPROFILEDEF(.AREA.,$,#482,0.17999999999999994,0.02400000000000002);
#484=IFCCARTESIANPOINT((-0.9842440611737708,0.5088846903220442,-0.02));
#485=IFCAXIS2PLACEMENT3D(#484,$,$);
#486=IFCDIRECTION((0.,0.,1.));
#487=IFCEXTRUDEDAREASOLID(#483,#485,#486,0.05);
#488=IFCCARTESIANPOINT((0.,0.));
#489=IFCDIRECTION((0.43993916985591486,-0.8980275757606158));
#490=IFCAXIS2PLACEMENT2D(#488,#489);
#491=IFCRECTANGLEPROFILEDEF(.AREA.,$,#490,0.02400000000000002,0.17999999999999994);
#492=IFCCARTESIANPOINT((0.5088846903220442,0.9842440611737708,-0.02));
#493=IFCAXIS2PLACEMENT3D(#492,$,$);
#494=IFCDIRECTION((0.,0.,1.));
#495=IFCEXTRUDEDAREASOLID(#491,#493,#494,0.05);
#496=IFCCARTESIANPOINT((0.,0.));
#497=IFCDIRECTION((0.43993916985591486,-0.8980275757606158));
#498=IFCAXIS2PLACEMENT2D(#496,#497);
#499=IFCRECTANGLEPROFILEDEF(.AREA.,$,#498,0.17999999999999994,0.02400000000000002);
#500=IFCCARTESIANPOINT((-0.2011523388302423,-1.089604394531852,-0.02));
#501=IFCAXIS2PLACEMENT3D(#500,$,$);
#502=IFCDIRECTION((0.,0.,1.));
#503=IFCEXTRUDEDAREASOLID(#499,#501,#502,0.05);
#504=IFCCARTESIANPOINT((0.,0.));
#505=IFCDIRECTION((0.43993916985591486,-0.8980275757606158));
#506=IFCAXIS2PLACEMENT2D(#504,#505);
#507=IFCRECTANGLEPROFILEDEF(.AREA.,$,#506,0.02400000000000002,0.17999999999999994);
#508=IFCCARTESIANPOINT((-1.0544092609433788,0.12931013276939307,-0.02));
#509=IFCAXIS2PLACEMENT3D(#508,$,$);
#510=IFCDIRECTION((0.,0.,1.));
#511=IFCEXTRUDEDAREASOLID(#507,#509,#510,0.05);
#512=IFCCARTESIANPOINT((0.,0.));
#513=IFCDIRECTION((0.43993916985591486,-0.8980275757606158));
#514=IFCAXIS2PLACEMENT2D(#512,#513);
#515=IFCRECTANGLEPROFILEDEF(.AREA.,$,#514,0.17999999999999994,0.02400000000000002);
#516=IFCCARTESIANPOINT((-0.9124018551129216,0.5440798239105173,-0.02));
#517=IFCAXIS2PLACEMENT3D(#516,$,$);
#518=IFCDIRECTION((0.,0.,1.));
#519=IFCEXTRUDEDAREASOLID(#515,#517,#518,0.05);
#520=IFCCARTESIANPOINT((0.,0.));
#521=IFCDIRECTION((0.43993916985591486,-0.8980275757606158));
#522=IFCAXIS2PLACEMENT2D(#520,#521);
#523=IFCRECTANGLEPROFILEDEF(.AREA.,$,#522,0.02400000000000002,0.17999999999999994);
#524=IFCCARTESIANPOINT((0.5440798239105173,0.9124018551129216,-0.02));
#525=IFCAXIS2PLACEMENT3D(#524,$,$);
#526=IFCDIRECTION((0.,0.,1.));
#527=IFCEXTRUDEDAREASOLID(#523,#525,#526,0.05);
#528=IFCCARTESIANPOINT((0.,0.));
#529=IFCDIRECTION((0.43993916985591486,-0.8980275757606158));
#530=IFCAXIS2PLACEMENT2D(#528,#529);
#531=IFCRECTANGLEPROFILEDEF(.AREA.,$,#530,0.17999999999999994,0.02400000000000002);
#532=IFCCARTESIANPOINT((-0.12931013276939307,-1.0544092609433788,-0.02));
#533=IFCAXIS2PLACEMENT3D(#532,$,$);
#534=IFCDIRECTION((0.,0.,1.));
#535=IFCEXTRUDEDAREASOLID(#531,#533,#534,0.05);
#536=IFCCARTESIANPOINT((0.,0.));
#537=IFCDIRECTION((0.43993916985591486,-0.8980275757606158));
#538=IFCAXIS2PLACEMENT2D(#536,#537);
#539=IFCRECTANGLEPROFILEDEF(.AREA.,$,#538,0.02400000000000002,0.17999999999999994);
#540=IFCCARTESIANPOINT((-1.0192141273549056,0.05746792670854384,-0.02));
#541=IFCAXIS2PLACEMENT3D(#540,$,$);
#542=IFCDIRECTION((0.,0.,1.));
#543=IFCEXTRUDEDAREASOLID(#539,#541,#542,0.05);
#544=IFCCARTESIANPOINT((0.,0.));
#545=IFCDIRECTION((0.43993916985591486,-0.8980275757606158));
#546=IFCAXIS2PLACEMENT2D(#544,#545);
#547=IFCRECTANGLEPROFILEDEF(.AREA.,$,#546,0.17999999999999994,0.02400000000000002);
#548=IFCCARTESIANPOINT((-0.8405596490520724,0.5792749574989905,-0.02));
#549=IFCAXIS2PLACEMENT3D(#548,$,$);
#550=IFCDIRECTION((0.,0.,1.));
#551=IFCEXTRUDEDAREASOLID(#547,#549,#550,0.05);
#552=IFCCARTESIANPOINT((0.,0.));
#553=IFCDIRECTION((0.43993916985591486,-0.8980275757606158));
#554=IFCAXIS2PLACEMENT2D(#552,#553);
#555=IFCRECTANGLEPROFILEDEF(.AREA.,$,#554,0.02400000000000002,0.17999999999999994);
#556=IFCCARTESIANPOINT((0.5792749574989905,0.8405596490520724,-0.02));
#557=IFCAXIS2PLACEMENT3D(#556,$,$);
#558=IFCDIRECTION((0.,0.,1.));
#559=IFCEXTRUDEDAREASOLID(#555,#557,#558,0.05);
#560=IFCCARTESIANPOINT((0.,0.));
#561=IFCDIRECTION((0.43993916985591486,-0.8980275757606158));
#562=IFCAXIS2PLACEMENT2D(#560,#561);
#563=IFCRECTANGLEPROFILEDEF(.AREA.,$,#562,0.17999999999999994,0.02400000000000002);
#564=IFCCARTESIANPOINT((-0.05746792670854384,-1.0192141273549056,-0.02));
#565=IFCAXIS2PLACEMENT3D(#564,$,$);
#566=IFCDIRECTION((0.,0.,1.));
#567=IFCEXTRUDEDAREASOLID(#563,#565,#566,0.05);
#568=IFCCARTESIANPOINT((0.,0.));
#569=IFCDIRECTION((0.43993916985591486,-0.8980275757606158));
#570=IFCAXIS2PLACEMENT2D(#568,#569);
#571=IFCRECTANGLEPROFILEDEF(.AREA.,$,#570,0.02400000000000002,0.17999999999999994);
#572=IFCCARTESIANPOINT((-0.9840189937664324,-0.014374279352305452,-0.02));
#573=IFCAXIS2PLACEMENT3D(#572,$,$);
#574=IFCDIRECTION((0.,0.,1.));
#575=IFCEXTRUDEDAREASOLID(#571,#573,#574,0.05);
#576=IFCCARTESIANPOINT((0.,0.));
#577=IFCDIRECTION((0.43993916985591486,-0.8980275757606158));
#578=IFCAXIS2PLACEMENT2D(#576,#577);
#579=IFCRECTANGLEPROFILEDEF(.AREA.,$,#578,0.17999999999999994,0.02400000000000002);
#580=IFCCARTESIANPOINT((-0.7687174429912231,0.6144700910874638,-0.02));
#581=IFCAXIS2PLACEMENT3D(#580,$,$);
#582=IFCDIRECTION((0.,0.,1.));
#583=IFCEXTRUDEDAREASOLID(#579,#581,#582,0.05);
#584=IFCCARTESIANPOINT((0.,0.));
#585=IFCDIRECTION((0.43993916985591486,-0.8980275757606158));
#586=IFCAXIS2PLACEMENT2D(#584,#585);
#587=IFCRECTANGLEPROFILEDEF(.AREA.,$,#586,0.02400000000000002,0.17999999999999994);
#588=IFCCARTESIANPOINT((0.6144700910874638,0.7687174429912231,-0.02));
#589=IFCAXIS2PLACEMENT3D(#588,$,$);
#590=IFCDIRECTION((0.,0.,1.));
#591=IFCEXTRUDEDAREASOLID(#587,#589,#590,0.05);
#592=IFCCARTESIANPOINT((0.,0.));
#593=IFCDIRECTION((0.43993916985591486,-0.8980275757606158));
#594=IFCAXIS2PLACEMENT2D(#592,#593);
#595=IFCRECTANGLEPROFILEDEF(.AREA.,$,#594,0.17999999999999994,0.02400000000000002);
#596=IFCCARTESIANPOINT((0.014374279352305452,-0.9840189937664324,-0.02));
#597=IFCAXIS2PLACEMENT3D(#596,$,$);
#598=IFCDIRECTION((0.,0.,1.));
#599=IFCEXTRUDEDAREASOLID(#595,#597,#598,0.05);
#600=IFCCARTESIANPOINT((0.,0.));
#601=IFCDIRECTION((0.43993916985591486,-0.8980275757606158));
#602=IFCAXIS2PLACEMENT2D(#600,#601);
#603=IFCRECTANGLEPROFILEDEF(.AREA.,$,#602,0.02400000000000002,0.17999999999999994);
#604=IFCCARTESIANPOINT((-0.9488238601779593,-0.08621648541315474,-0.02));
#605=IFCAXIS2PLACEMENT3D(#604,$,$);
#606=IFCDIRECTION((0.,0.,1.));
#607=IFCEXTRUDEDAREASOLID(#603,#605,#606,0.05);
#608=IFCCARTESIANPOINT((0.,0.));
#609=IFCDIRECTION((0.43993916985591486,-0.8980275757606158));
#610=IFCAXIS2PLACEMENT2D(#608,#609);
#611=IFCRECTANGLEPROFILEDEF(.AREA.,$,#610,0.17999999999999994,0.02400000000000002);
#612=IFCCARTESIANPOINT((-0.6968752369303738,0.6496652246759369,-0.02));
#613=IFCAXIS2PLACEMENT3D(#612,$,$);
#614=IFCDIRECTION((0.,0.,1.));
#615=IFCEXTRUDEDAREASOLID(#611,#613,#614,0.05);
#616=IFCCARTESIANPOINT((0.,0.));
#617=IFCDIRECTION((0.43993916985591486,-0.8980275757606158));
#618=IFCAXIS2PLACEMENT2D(#616,#617);
#619=IFCRECTANGLEPROFILEDEF(.AREA.,$,#618,0.02400000000000002,0.17999999999999994);
#620=IFCCARTESIANPOINT((0.6496652246759369,0.6968752369303738,-0.02));
#621=IFCAXIS2PLACEMENT3D(#620,$,$);
#622=IFCDIRECTION((0.,0.,1.));
#623=IFCEXTRUDEDAREASOLID(#619,#621,#622,0.05);
#624=IFCCARTESIANPOINT((0.,0.));
#625=IFCDIRECTION((0.43993916985591486,-0.8980275757606158));
#626=IFCAXIS2PLACEMENT2D(#624,#625);
#627=IFCRECTANGLEPROFILEDEF(.AREA.,$,#626,0.17999999999999994,0.02400000000000002);
#628=IFCCARTESIANPOINT((0.08621648541315474,-0.9488238601779593,-0.02));
#629=IFCAXIS2PLACEMENT3D(#628,$,$);
#630=IFCDIRECTION((0.,0.,1.));
#631=IFCEXTRUDEDAREASOLID(#627,#629,#630,0.05);
#632=IFCCARTESIANPOINT((0.,0.));
#633=IFCDIRECTION((0.43993916985591486,-0.8980275757606158));
#634=IFCAXIS2PLACEMENT2D(#632,#633);
#635=IFCRECTANGLEPROFILEDEF(.AREA.,$,#634,0.02400000000000002,0.17999999999999994);
#636=IFCCARTESIANPOINT((-0.913628726589486,-0.158058691474004,-0.02));
#637=IFCAXIS2PLACEMENT3D(#636,$,$);
#638=IFCDIRECTION((0.,0.,1.));
#639=IFCEXTRUDEDAREASOLID(#635,#637,#638,0.05);
#640=IFCCARTESIANPOINT((0.,0.));
#641=IFCDIRECTION((0.43993916985591486,-0.8980275757606158));
#642=IFCAXIS2PLACEMENT2D(#640,#641);
#643=IFCRECTANGLEPROFILEDEF(.AREA.,$,#642,0.17999999999999994,0.02400000000000002);
#644=IFCCARTESIANPOINT((-0.6250330308695246,0.6848603582644102,-0.02));
#645=IFCAXIS2PLACEMENT3D(#644,$,$);
#646=IFCDIRECTION((0.,0.,1.));
#647=IFCEXTRUDEDAREASOLID(#643,#645,#646,0.05);
#648=IFCCARTESIANPOINT((0.,0.));
#649=IFCDIRECTION((0.43993916985591486,-0.8980275757606158));
#650=IFCAXIS2PLACEMENT2D(#648,#649);
#651=IFCRECTANGLEPROFILEDEF(.AREA.,$,#650,0.02400000000000002,0.17999999999999994);
#652=IFCCARTESIANPOINT((0.6848603582644102,0.6250330308695246,-0.02));
#653=IFCAXIS2PLACEMENT3D(#652,$,$);
#654=IFCDIRECTION((0.,0.,1.));
#655=IFCEXTRUDEDAREASOLID(#651,#653,#654,0.05);
#656=IFCCARTESIANPOINT((0.,0.));
#657=IFCDIRECTION((0.43993916985591486,-0.8980275757606158));
#658=IFCAXIS2PLACEMENT2D(#656,#657);
#659=IFCRECTANGLEPROFILEDEF(.AREA.,$,#658,0.17999999999999994,0.02400000000000002);
#660=IFCCARTESIANPOINT((0.158058691474004,-0.913628726589486,-0.02));
#661=IFCAXIS2PLACEMENT3D(#660,$,$);
#662=IFCDIRECTION((0.,0.,1.));
#663=IFCEXTRUDEDAREASOLID(#659,#661,#662,0.05);
#664=IFCCARTESIANPOINT((0.,0.));
#665=IFCDIRECTION((0.43993916985591486,-0.8980275757606158));
#666=IFCAXIS2PLACEMENT2D(#664,#665);
#667=IFCRECTANGLEPROFILEDEF(.AREA.,$,#666,0.02400000000000002,0.17999999999999994);
#668=IFCCARTESIANPOINT((-0.8784335930010129,-0.2299008975348533,-0.02));
#669=IFCAXIS2PLACEMENT3D(#668,$,$);
#670=IFCDIRECTION((0.,0.,1.));
#671=IFCEXTRUDEDAREASOLID(#667,#669,#670,0.05);
#672=IFCCARTESIANPOINT((0.,0.));
#673=IFCDIRECTION((0.43993916985591486,-0.8980275757606158));
#674=IFCAXIS2PLACEMENT2D(#672,#673);
#675=IFCRECTANGLEPROFILEDEF(.AREA.,$,#674,0.17999999999999994,0.02400000000000002);
#676=IFCCARTESIANPOINT((-0.5531908248086752,0.7200554918528833,-0.02));
#677=IFCAXIS2PLACEMENT3D(#676,$,$);
#678=IFCDIRECTION((0.,0.,1.));
#679=IFCEXTRUDEDAREASOLID(#675,#677,#678,0.05);
#680=IFCCARTESIANPOINT((0.,0.));
#681=IFCDIRECTION((0.43993916985591486,-0.8980275757606158));
#682=IFCAXIS2PLACEMENT2D(#680,#681);
#683=IFCRECTANGLEPROFILEDEF(.AREA.,$,#682,0.02400000000000002,0.17999999999999994);
#684=IFCCARTESIANPOINT((0.7200554918528833,0.5531908248086752,-0.02));
#685=IFCAXIS2PLACEMENT3D(#684,$,$);
#686=IFCDIRECTION((0.,0.,1.));
#687=IFCEXTRUDEDAREASOLID(#683,#685,#686,0.05);
#688=IFCCARTESIANPOINT((0.,0.));
#689=IFCDIRECTION((0.43993916985591486,-0.8980275757606158));
#690=IFCAXIS2PLACEMENT2D(#688,#689);
#691=IFCRECTANGLEPROFILEDEF(.AREA.,$,#690,0.17999999999999994,0.02400000000000002);
#692=IFCCARTESIANPOINT((0.2299008975348533,-0.8784335930010129,-0.02));
#693=IFCAXIS2PLACEMENT3D(#692,$,$);
#694=IFCDIRECTION((0.,0.,1.));
#695=IFCEXTRUDEDAREASOLID(#691,#693,#694,0.05);
#696=IFCCARTESIANPOINT((0.,0.));
#697=IFCDIRECTION((0.43993916985591486,-0.8980275757606158));
#698=IFCAXIS2PLACEMENT2D(#696,#697);
#699=IFCRECTANGLEPROFILEDEF(.AREA.,$,#698,0.023999999999999994,0.17999999999999994);
#700=IFCCARTESIANPOINT((-0.8432384594125396,-0.30174310359570256,-0.02));
#701=IFCAXIS2PLACEMENT3D(#700,$,$);
#702=IFCDIRECTION((0.,0.,1.));
#703=IFCEXTRUDEDAREASOLID(#699,#701,#702,0.05);
#704=IFCCARTESIANPOINT((0.,0.));
#705=IFCDIRECTION((0.43993916985591486,-0.8980275757606158));
#706=IFCAXIS2PLACEMENT2D(#704,#705);
#707=IFCRECTANGLEPROFILEDEF(.AREA.,$,#706,0.17999999999999994,0.023999999999999994);
#708=IFCCARTESIANPOINT((-0.481348618747826,0.7552506254413566,-0.02));
#709=IFCAXIS2PLACEMENT3D(#708,$,$);
#710=IFCDIRECTION((0.,0.,1.));
#711=IFCEXTRUDEDAREASOLID(#707,#709,#710,0.05);
#712=IFCCARTESIANPOINT((0.,0.));
#713=IFCDIRECTION((0.43993916985591486,-0.8980275757606158));
#714=IFCAXIS2PLACEMENT2D(#712,#713);
#715=IFCRECTANGLEPROFILEDEF(.AREA.,$,#714,0.023999999999999994,0.17999999999999994);
#716=IFCCARTESIANPOINT((0.7552506254413566,0.481348618747826,-0.02));
#717=IFCAXIS2PLACEMENT3D(#716,$,$);
#718=IFCDIRECTION((0.,0.,1.));
#719=IFCEXTRUDEDAREASOLID(#715,#717,#718,0.05);
#720=IFCCARTESIANPOINT((0.,0.));
#721=IFCDIRECTION((0.43993916985591486,-0.8980275757606158));
#722=IFCAXIS2PLACEMENT2D(#720,#721);
#723=IFCRECTANGLEPROFILEDEF(.AREA.,$,#722,0.17999999999999994,0.023999999999999994);
#724=IFCCARTESIANPOINT((0.30174310359570256,-0.8432384594125396,-0.02));
#725=IFCAXIS2PLACEMENT3D(#724,$,$);
#726=IFCDIRECTION((0.,0.,1.));
#727=IFCEXTRUDEDAREASOLID(#723,#725,#726,0.05);
#728=IFCCARTESIANPOINT((0.,0.));
#729=IFCDIRECTION((0.43993916985591486,-0.8980275757606158));
#730=IFCAXIS2PLACEMENT2D(#728,#729);
#731=IFCRECTANGLEPROFILEDEF(.AREA.,$,#730,0.023999999999999997,0.17999999999999994);
#732=IFCCARTESIANPOINT((-0.8080433258240665,-0.3735853096565518,-0.02));
#733=IFCAXIS2PLACEMENT3D(#732,$,$);
#734=IFCDIRECTION((0.,0.,1.));
#735=IFCEXTRUDEDAREASOLID(#731,#733,#734,0.05);
#736=IFCCARTESIANPOINT((0.,0.));
#737=IFCDIRECTION((0.43993916985591486,-0.8980275757606158));
#738=IFCAXIS2PLACEMENT2D(#736,#737);
#739=IFCRECTANGLEPROFILEDEF(.AREA.,$,#738,0.17999999999999994,0.023999999999999997);
#740=IFCCARTESIANPOINT((-0.40950641268697674,0.7904457590298297,-0.02));
#741=IFCAXIS2PLACEMENT3D(#740,$,$);
#742=IFCDIRECTION((0.,0.,1.));
#743=IFCEXTRUDEDAREASOLID(#739,#741,#742,0.05);
#744=IFCCARTESIANPOINT((0.,0.));
#745=IFCDIRECTION((0.43993916985591486,-0.8980275757606158));
#746=IFCAXIS2PLACEMENT2D(#744,#745);
#747=IFCRECTANGLEPROFILEDEF(.AREA.,$,#746,0.023999999999999997,0.17999999999999994);
#748=IFCCARTESIANPOINT((0.7904457590298297,0.40950641268697674,-0.02));
#749=IFCAXIS2PLACEMENT3D(#748,$,$);
#750=IFCDIRECTION((0.,0.,1.));
#751=IFCEXTRUDEDAREASOLID(#747,#749,#750,0.05);
#752=IFCCARTESIANPOINT((0.,0.));
#753=IFCDIRECTION((0.43993916985591486,-0.8980275757606158));
#754=IFCAXIS2PLACEMENT2D(#752,#753);
#755=IFCRECTANGLEPROFILEDEF(.AREA.,$,#754,0.17999999999999994,0.023999999999999997);
#756=IFCCARTESIANPOINT((0.3735853096565518,-0.8080433258240665,-0.02));
#757=IFCAXIS2PLACEMENT3D(#756,$,$);
#758=IFCDIRECTION((0.,0.,1.));
#759=IFCEXTRUDEDAREASOLID(#755,#757,#758,0.05);
#760=IFCCARTESIANPOINT((0.,0.));
#761=IFCDIRECTION((0.43993916985591486,-0.8980275757606158));
#762=IFCAXIS2PLACEMENT2D(#760,#761);
#763=IFCRECTANGLEPROFILEDEF(.AREA.,$,#762,0.023999999999999994,0.17999999999999994);
#764=IFCCARTESIANPOINT((-0.7728481922355933,-0.4454275157174011,-0.02));
#765=IFCAXIS2PLACEMENT3D(#764,$,$);
#766=IFCDIRECTION((0.,0.,1.));
#767=IFCEXTRUDEDAREASOLID(#763,#765,#766,0.05);
#768=IFCCARTESIANPOINT((0.,0.));
#769=IFCDIRECTION((0.43993916985591486,-0.8980275757606158));
#770=IFCAXIS2PLACEMENT2D(#768,#769);
#771=IFCRECTANGLEPROFILEDEF(.AREA.,$,#770,0.17999999999999994,0.023999999999999994);
#772=IFCCARTESIANPOINT((-0.33766420662612745,0.8256408926183029,-0.02));
#773=IFCAXIS2PLACEMENT3D(#772,$,$);
#774=IFCDIRECTION((0.,0.,1.));
#775=IFCEXTRUDEDAREASOLID(#771,#773,#774,0.05);
#776=IFCCARTESIANPOINT((0.,0.));
#777=IFCDIRECTION((0.43993916985591486,-0.8980275757606158));
#778=IFCAXIS2PLACEMENT2D(#776,#777);
#779=IFCRECTANGLEPROFILEDEF(.AREA.,$,#778,0.023999999999999994,0.17999999999999994);
#780=IFCCARTESIANPOINT((0.8256408926183029,0.33766420662612745,-0.02));
#781=IFCAXIS2PLACEMENT3D(#780,$,$);
#782=IFCDIRECTION((0.,0.,1.));
#783=IFCEXTRUDEDAREASOLID(#779,#781,#782,0.05);
#784=IFCCARTESIANPOINT((0.,0.));
#785=IFCDIRECTION((0.43993916985591486,-0.8980275757606158));
#786=IFCAXIS2PLACEMENT2D(#784,#785);
#787=IFCRECTANGLEPROFILEDEF(.AREA.,$,#786,0.17999999999999994,0.023999999999999994);
#788=IFCCARTESIANPOINT((0.4454275157174011,-0.7728481922355933,-0.02));
#789=IFCAXIS2PLACEMENT3D(#788,$,$);
#790=IFCDIRECTION((0.,0.,1.));
#791=IFCEXTRUDEDAREASOLID(#787,#789,#790,0.05);
#792=IFCCARTESIANPOINT((0.,0.));
#793=IFCDIRECTION((0.43993916985591486,-0.8980275757606158));
#794=IFCAXIS2PLACEMENT2D(#792,#793);
#795=IFCRECTANGLEPROFILEDEF(.AREA.,$,#794,0.02400000000000002,0.17999999999999994);
#796=IFCCARTESIANPOINT((-0.73765305864712,-0.5172697217782504,-0.02));
#797=IFCAXIS2PLACEMENT3D(#796,$,$);
#798=IFCDIRECTION((0.,0.,1.));
#799=IFCEXTRUDEDAREASOLID(#795,#797,#798,0.05);
#800=IFCCARTESIANPOINT((0.,0.));
#801=IFCDIRECTION((0.43993916985591486,-0.8980275757606158));
#802=IFCAXIS2PLACEMENT2D(#800,#801);
#803=IFCRECTANGLEPROFILEDEF(.AREA.,$,#802,0.17999999999999994,0.02400000000000002);
#804=IFCCARTESIANPOINT((-0.26582200056527816,0.8608360262067761,-0.02));
#805=IFCAXIS2PLACEMENT3D(#804,$,$);
#806=IFCDIRECTION((0.,0.,1.));
#807=IFCEXTRUDEDAREASOLID(#803,#805,#806,0.05);
#808=IFCCARTESIANPOINT((0.,0.));
#809=IFCDIRECTION((0.43993916985591486,-0.8980275757606158));
#810=IFCAXIS2PLACEMENT2D(#808,#809);
#811=IFCRECTANGLEPROFILEDEF(.AREA.,$,#810,0.02400000000000002,0.17999999999999994);
#812=IFCCARTESIANPOINT((0.8608360262067761,0.26582200056527816,-0.02));
#813=IFCAXIS2PLACEMENT3D(#812,$,$);
#814=IFCDIRECTION((0.,0.,1.));
#815=IFCEXTRUDEDAREASOLID(#811,#813,#814,0.05);
#816=IFCCARTESIANPOINT((0.,0.));
#817=IFCDIRECTION((0.43993916985591486,-0.8980275757606158));
#818=IFCAXIS2PLACEMENT2D(#816,#817);
#819=IFCRECTANGLEPROFILEDEF(.AREA.,$,#818,0.17999999999999994,0.02400000000000002);
#820=IFCCARTESIANPOINT((0.5172697217782504,-0.73765305864712,-0.02));
#821=IFCAXIS2PLACEMENT3D(#820,$,$);
#822=IFCDIRECTION((0.,0.,1.));
#823=IFCEXTRUDEDAREASOLID(#819,#821,#822,0.05);
#824=IFCCARTESIANPOINT((0.,0.));
#825=IFCDIRECTION((0.43993916985591486,-0.8980275757606158));
#826=IFCAXIS2PLACEMENT2D(#824,#825);
#827=IFCRECTANGLEPROFILEDEF(.AREA.,$,#826,0.02400000000000002,0.17999999999999994);
#828=IFCCARTESIANPOINT((-0.7024579250586469,-0.5891119278390996,-0.02));
#829=IFCAXIS2PLACEMENT3D(#828,$,$);
#830=IFCDIRECTION((0.,0.,1.));
#831=IFCEXTRUDEDAREASOLID(#827,#829,#830,0.05);
#832=IFCCARTESIANPOINT((0.,0.));
#833=IFCDIRECTION((0.43993916985591486,-0.8980275757606158));
#834=IFCAXIS2PLACEMENT2D(#832,#833);
#835=IFCRECTANGLEPROFILEDEF(.AREA.,$,#834,0.17999999999999994,0.02400000000000002);
#836=IFCCARTESIANPOINT((-0.19397979450442893,0.8960311597952493,-0.02));
#837=IFCAXIS2PLACEMENT3D(#836,$,$);
#838=IFCDIRECTION((0.,0.,1.));
#839=IFCEXTRUDEDAREASOLID(#835,#837,#838,0.05);
#840=IFCCARTESIANPOINT((0.,0.));
#841=IFCDIRECTION((0.43993916985591486,-0.8980275757606158));
#842=IFCAXIS2PLACEMENT2D(#840,#841);
#843=IFCRECTANGLEPROFILEDEF(.AREA.,$,#842,0.02400000000000002,0.17999999999999994);
#844=IFCCARTESIANPOINT((0.8960311597952493,0.19397979450442893,-0.02));
#845=IFCAXIS2PLACEMENT3D(#844,$,$);
#846=IFCDIRECTION((0.,0.,1.));
#847=IFCEXTRUDEDAREASOLID(#843,#845,#846,0.05);
#848=IFCCARTESIANPOINT((0.,0.));
#849=IFCDIRECTION((0.43993916985591486,-0.8980275757606158));
#850=IFCAXIS2PLACEMENT2D(#848,#849);
#851=IFCRECTANGLEPROFILEDEF(.AREA.,$,#850,0.17999999999999994,0.02400000000000002);
#852=IFCCARTESIANPOINT((0.5891119278390996,-0.7024579250586469,-0.02));
#853=IFCAXIS2PLACEMENT3D(#852,$,$);
#854=IFCDIRECTION((0.,0.,1.));
#855=IFCEXTRUDEDAREASOLID(#851,#853,#854,0.05);
#856=IFCCARTESIANPOINT((0.,0.));
#857=IFCDIRECTION((0.43993916985591486,-0.8980275757606158));
#858=IFCAXIS2PLACEMENT2D(#856,#857);
#859=IFCRECTANGLEPROFILEDEF(.AREA.,$,#858,0.02400000000000002,0.17999999999999994);
#860=IFCCARTESIANPOINT((-0.6672627914701736,-0.660954133899949,-0.02));
#861=IFCAXIS2PLACEMENT3D(#860,$,$);
#862=IFCDIRECTION((0.,0.,1.));
#863=IFCEXTRUDEDAREASOLID(#859,#861,#862,0.05);
#864=IFCCARTESIANPOINT((0.,0.));
#865=IFCDIRECTION((0.43993916985591486,-0.8980275757606158));
#866=IFCAXIS2PLACEMENT2D(#864,#865);
#867=IFCRECTANGLEPROFILEDEF(.AREA.,$,#866,0.17999999999999994,0.02400000000000002);
#868=IFCCARTESIANPOINT((-0.12213758844357964,0.9312262933837225,-0.02));
#869=IFCAXIS2PLACEMENT3D(#868,$,$);
#870=IFCDIRECTION((0.,0.,1.));
#871=IFCEXTRUDEDAREASOLID(#867,#869,#870,0.05);
#872=IFCCARTESIANPOINT((0.,0.));
#873=IFCDIRECTION((0.43993916985591486,-0.8980275757606158));
#874=IFCAXIS2PLACEMENT2D(#872,#873);
#875=IFCRECTANGLEPROFILEDEF(.AREA.,$,#874,0.02400000000000002,0.17999999999999994);
#876=IFCCARTESIANPOINT((0.9312262933837225,0.12213758844357964,-0.02));
#877=IFCAXIS2PLACEMENT3D(#876,$,$);
#878=IFCDIRECTION((0.,0.,1.));
#879=IFCEXTRUDEDAREASOLID(#875,#877,#878,0.05);
#880=IFCCARTESIANPOINT((0.,0.));
#881=IFCDIRECTION((0.43993916985591486,-0.8980275757606158));
#882=IFCAXIS2PLACEMENT2D(#880,#881);
#883=IFCRECTANGLEPROFILEDEF(.AREA.,$,#882,0.17999999999999994,0.02400000000000002);
#884=IFCCARTESIANPOINT((0.660954133899949,-0.6672627914701736,-0.02));
#885=IFCAXIS2PLACEMENT3D(#884,$,$);
#886=IFCDIRECTION((0.,0.,1.));
#887=IFCEXTRUDEDAREASOLID(#883,#885,#886,0.05);
#888=IFCCARTESIANPOINT((0.,0.));
#889=IFCDIRECTION((0.43993916985591486,-0.8980275757606158));
#890=IFCAXIS2PLACEMENT2D(#888,#889);
#891=IFCRECTANGLEPROFILEDEF(.AREA.,$,#890,0.02400000000000002,0.17999999999999994);
#892=IFCCARTESIANPOINT((-0.6320676578817005,-0.7327963399607982,-0.02));
#893=IFCAXIS2PLACEMENT3D(#892,$,$);
#894=IFCDIRECTION((0.,0.,1.));
#895=IFCEXTRUDEDAREASOLID(#891,#893,#894,0.05);
#896=IFCCARTESIANPOINT((0.,0.));
#897=IFCDIRECTION((0.43993916985591486,-0.8980275757606158));
#898=IFCAXIS2PLACEMENT2D(#896,#897);
#899=IFCRECTANGLEPROFILEDEF(.AREA.,$,#898,0.17999999999999994,0.02400000000000002);
#900=IFCCARTESIANPOINT((-0.05029538238273035,0.9664214269721957,-0.02));
#901=IFCAXIS2PLACEMENT3D(#900,$,$);
#902=IFCDIRECTION((0.,0.,1.));
#903=IFCEXTRUDEDAREASOLID(#899,#901,#902,0.05);
#904=IFCCARTESIANPOINT((0.,0.));
#905=IFCDIRECTION((0.43993916985591486,-0.8980275757606158));
#906=IFCAXIS2PLACEMENT2D(#904,#905);
#907=IFCRECTANGLEPROFILEDEF(.AREA.,$,#906,0.02400000000000002,0.17999999999999994);
#908=IFCCARTESIANPOINT((0.9664214269721957,0.05029538238273035,-0.02));
#909=IFCAXIS2PLACEMENT3D(#908,$,$);
#910=IFCDIRECTION((0.,0.,1.));
#911=IFCEXTRUDEDAREASOLID(#907,#909,#910,0.05);
#912=IFCCARTESIANPOINT((0.,0.));
#913=IFCDIRECTION((0.43993916985591486,-0.8980275757606158));
#914=IFCAXIS2PLACEMENT2D(#912,#913);
#915=IFCRECTANGLEPROFILEDEF(.AREA.,$,#914,0.17999999999999994,0.02400000000000002);
#916=IFCCARTESIANPOINT((0.7327963399607982,-0.6320676578817005,-0.02));
#917=IFCAXIS2PLACEMENT3D(#916,$,$);
#918=IFCDIRECTION((0.,0.,1.));
#919=IFCEXTRUDEDAREASOLID(#915,#917,#918,0.05);
#920=IFCCARTESIANPOINT((0.,0.));
#921=IFCDIRECTION((0.43993916985591486,-0.8980275757606158));
#922=IFCAXIS2PLACEMENT2D(#920,#921);
#923=IFCRECTANGLEPROFILEDEF(.AREA.,$,#922,0.02400000000000002,0.17999999999999994);
#924=IFCCARTESIANPOINT((-0.5968725242932272,-0.8046385460216474,-0.02));
#925=IFCAXIS2PLACEMENT3D(#924,$,$);
#926=IFCDIRECTION((0.,0.,1.));
#927=IFCEXTRUDEDAREASOLID(#923,#925,#926,0.05);
#928=IFCCARTESIANPOINT((0.,0.));
#929=IFCDIRECTION((0.43993916985591486,-0.8980275757606158));
#930=IFCAXIS2PLACEMENT2D(#928,#929);
#931=IFCRECTANGLEPROFILEDEF(.AREA.,$,#930,0.17999999999999994,0.02400000000000002);
#932=IFCCARTESIANPOINT((0.021546823678118887,1.0016165605606688,-0.02));
#933=IFCAXIS2PLACEMENT3D(#932,$,$);
#934=IFCDIRECTION((0.,0.,1.));
#935=IFCEXTRUDEDAREASOLID(#931,#933,#934,0.05);
#936=IFCCARTESIANPOINT((0.,0.));
#937=IFCDIRECTION((0.43993916985591486,-0.8980275757606158));
#938=IFCAXIS2PLACEMENT2D(#936,#937);
#939=IFCRECTANGLEPROFILEDEF(.AREA.,$,#938,0.02400000000000002,0.17999999999999994);
#940=IFCCARTESIANPOINT((1.0016165605606688,-0.021546823678118887,-0.02));
#941=IFCAXIS2PLACEMENT3D(#940,$,$);
#942=IFCDIRECTION((0.,0.,1.));
#943=IFCEXTRUDEDAREASOLID(#939,#941,#942,0.05);
#944=IFCCARTESIANPOINT((0.,0.));
#945=IFCDIRECTION((0.43993916985591486,-0.8980275757606158));
#946=IFCAXIS2PLACEMENT2D(#944,#945);
#947=IFCRECTANGLEPROFILEDEF(.AREA.,$,#946,0.17999999999999994,0.02400000000000002);
#948=IFCCARTESIANPOINT((0.8046385460216474,-0.5968725242932272,-0.02));
#949=IFCAXIS2PLACEMENT3D(#948,$,$);
#950=IFCDIRECTION((0.,0.,1.));
#951=IFCEXTRUDEDAREASOLID(#947,#949,#950,0.05);
#952=IFCCARTESIANPOINT((0.,0.));
#953=IFCDIRECTION((0.43993916985591486,-0.8980275757606158));
#954=IFCAXIS2PLACEMENT2D(#952,#953);
#955=IFCRECTANGLEPROFILEDEF(.AREA.,$,#954,0.02400000000000002,0.17999999999999994);
#956=IFCCARTESIANPOINT((-0.5616773907047541,-0.8764807520824967,-0.02));
#957=IFCAXIS2PLACEMENT3D(#956,$,$);
#958=IFCDIRECTION((0.,0.,1.));
#959=IFCEXTRUDEDAREASOLID(#955,#957,#958,0.05);
#960=IFCCARTESIANPOINT((0.,0.));
#961=IFCDIRECTION((0.43993916985591486,-0.8980275757606158));
#962=IFCAXIS2PLACEMENT2D(#960,#961);
#963=IFCRECTANGLEPROFILEDEF(.AREA.,$,#962,0.17999999999999994,0.02400000000000002);
#964=IFCCARTESIANPOINT((0.09338902973896818,1.036811694149142,-0.02));
#965=IFCAXIS2PLACEMENT3D(#964,$,$);
#966=IFCDIRECTION((0.,0.,1.));
#967=IFCEXTRUDEDAREASOLID(#963,#965,#966,0.05);
#968=IFCCARTESIANPOINT((0.,0.));
#969=IFCDIRECTION((0.43993916985591486,-0.8980275757606158));
#970=IFCAXIS2PLACEMENT2D(#968,#969);
#971=IFCRECTANGLEPROFILEDEF(.AREA.,$,#970,0.02400000000000002,0.17999999999999994);
#972=IFCCARTESIANPOINT((1.036811694149142,-0.09338902973896818,-0.02));
#973=IFCAXIS2PLACEMENT3D(#972,$,$);
#974=IFCDIRECTION((0.,0.,1.));
#975=IFCEXTRUDEDAREASOLID(#971,#973,#974,0.05);
#976=IFCCARTESIANPOINT((0.,0.));
#977=IFCDIRECTION((0.43993916985591486,-0.8980275757606158));
#978=IFCAXIS2PLACEMENT2D(#976,#977);
#979=IFCRECTANGLEPROFILEDEF(.AREA.,$,#978,0.17999999999999994,0.02400000000000002);
#980=IFCCARTESIANPOINT((0.8764807520824967,-0.5616773907047541,-0.02));
#981=IFCAXIS2PLACEMENT3D(#980,$,$);
#982=IFCDIRECTION((0.,0.,1.));
#983=IFCEXTRUDEDAREASOLID(#979,#981,#982,0.05);
#984=IFCCARTESIANPOINT((0.,0.));
#985=IFCDIRECTION((0.43993916985591486,-0.8980275757606158));
#986=IFCAXIS2PLACEMENT2D(#984,#985);
#987=IFCRECTANGLEPROFILEDEF(.AREA.,$,#986,0.02400000000000002,0.17999999999999994);
#988=IFCCARTESIANPOINT((-0.5264822571162808,-0.9483229581433459,-0.02));
#989=IFCAXIS2PLACEMENT3D(#988,$,$);
#990=IFCDIRECTION((0.,0.,1.));
#991=IFCEXTRUDEDAREASOLID(#987,#989,#990,0.05);
#992=IFCCARTESIANPOINT((0.,0.));
#993=IFCDIRECTION((0.43993916985591486,-0.8980275757606158));
#994=IFCAXIS2PLACEMENT2D(#992,#993);
#995=IFCRECTANGLEPROFILEDEF(.AREA.,$,#994,0.17999999999999994,0.02400000000000002);
#996=IFCCARTESIANPOINT((0.16523123579981736,1.0720068277376154,-0.02));
#997=IFCAXIS2PLACEMENT3D(#996,$,$);
#998=IFCDIRECTION((0.,0.,1.));
#999=IFCEXTRUDEDAREASOLID(#995,#997,#998,0.05);
#1000=IFCCARTESIANPOINT((0.,0.));
#1001=IFCDIRECTION((0.43993916985591486,-0.8980275757606158));
#1002=IFCAXIS2PLACEMENT2D(#1000,#1001);
#1003=IFCRECTANGLEPROFILEDEF(.AREA.,$,#1002,0.02400000000000002,0.17999999999999994);
#1004=IFCCARTESIANPOINT((1.0720068277376154,-0.16523123579981736,-0.02));
#1005=IFCAXIS2PLACEMENT3D(#1004,$,$);
#1006=IFCDIRECTION((0.,0.,1.));
#1007=IFCEXTRUDEDAREASOLID(#1003,#1005,#1006,0.05);
#1008=IFCCARTESIANPOINT((0.,0.));
#1009=IFCDIRECTION((0.43993916985591486,-0.8980275757606158));
#1010=IFCAXIS2PLACEMENT2D(#1008,#1009);
#1011=IFCRECTANGLEPROFILEDEF(.AREA.,$,#1010,0.17999999999999994,0.02400000000000002);
#1012=IFCCARTESIANPOINT((0.9483229581433459,-0.5264822571162808,-0.02));
#1013=IFCAXIS2PLACEMENT3D(#1012,$,$);
#1014=IFCDIRECTION((0.,0.,1.));
#1015=IFCEXTRUDEDAREASOLID(#1011,#1013,#1014,0.05);
#1016=IFCCARTESIANPOINT((0.,0.));
#1017=IFCDIRECTION((0.43993916985591486,-0.8980275757606158));
#1018=IFCAXIS2PLACEMENT2D(#1016,#1017);
#1019=IFCRECTANGLEPROFILEDEF(.AREA.,$,#1018,0.02400000000000002,0.17999999999999994);
#1020=IFCCARTESIANPOINT((-0.49128712352780773,-1.0201651642041951,-0.02));
#1021=IFCAXIS2PLACEMENT3D(#1020,$,$);
#1022=IFCDIRECTION((0.,0.,1.));
#1023=IFCEXTRUDEDAREASOLID(#1019,#1021,#1022,0.05);
#1024=IFCCARTESIANPOINT((0.,0.));
#1025=IFCDIRECTION((0.43993916985591486,-0.8980275757606158));
#1026=IFCAXIS2PLACEMENT2D(#1024,#1025);
#1027=IFCRECTANGLEPROFILEDEF(.AREA.,$,#1026,0.17999999999999994,0.02400000000000002);
#1028=IFCCARTESIANPOINT((0.2370734418606666,1.1072019613260884,-0.02));
#1029=IFCAXIS2PLACEMENT3D(#1028,$,$);
#1030=IFCDIRECTION((0.,0.,1.));
#1031=IFCEXTRUDEDAREASOLID(#1027,#1029,#1030,0.05);
#1032=IFCCARTESIANPOINT((0.,0.));
#1033=IFCDIRECTION((0.43993916985591486,-0.8980275757606158));
#1034=IFCAXIS2PLACEMENT2D(#1032,#1033);
#1035=IFCRECTANGLEPROFILEDEF(.AREA.,$,#1034,0.02400000000000002,0.17999999999999994);
#1036=IFCCARTESIANPOINT((1.1072019613260884,-0.2370734418606666,-0.02));
#1037=IFCAXIS2PLACEMENT3D(#1036,$,$);
#1038=IFCDIRECTION((0.,0.,1.));
#1039=IFCEXTRUDEDAREASOLID(#1035,#1037,#1038,0.05);
#1040=IFCCARTESIANPOINT((0.,0.));
#1041=IFCDIRECTION((0.43993916985591486,-0.8980275757606158));
#1042=IFCAXIS2PLACEMENT2D(#1040,#1041);
#1043=IFCRECTANGLEPROFILEDEF(.AREA.,$,#1042,0.17999999999999994,0.02400000000000002);
#1044=IFCCARTESIANPOINT((1.0201651642041951,-0.49128712352780773,-0.02));
#1045=IFCAXIS2PLACEMENT3D(#1044,$,$);
#1046=IFCDIRECTION((0.,0.,1.));
#1047=IFCEXTRUDEDAREASOLID(#1043,#1045,#1046,0.05);
#1048=IFCCARTESIANPOINT((0.,0.));
#1049=IFCDIRECTION((0.43993916985591486,-0.8980275757606158));
#1050=IFCAXIS2PLACEMENT2D(#1048,#1049);
#1051=IFCRECTANGLEPROFILEDEF(.AREA.,$,#1050,0.02400000000000002,0.17999999999999994);
#1052=IFCCARTESIANPOINT((-0.45609198993933453,-1.0920073702650444,-0.02));
#1053=IFCAXIS2PLACEMENT3D(#1052,$,$);
#1054=IFCDIRECTION((0.,0.,1.));
#1055=IFCEXTRUDEDAREASOLID(#1051,#1053,#1054,0.05);
#1056=IFCCARTESIANPOINT((0.,0.));
#1057=IFCDIRECTION((0.43993916985591486,-0.8980275757606158));
#1058=IFCAXIS2PLACEMENT2D(#1056,#1057);
#1059=IFCRECTANGLEPROFILEDEF(.AREA.,$,#1058,0.17999999999999994,0.02400000000000002);
#1060=IFCCARTESIANPOINT((0.3089156479215158,1.1423970949145617,-0.02));
#1061=IFCAXIS2PLACEMENT3D(#1060,$,$);
#1062=IFCDIRECTION((0.,0.,1.));
#1063=IFCEXTRUDEDAREASOLID(#1059,#1061,#1062,0.05);
#1064=IFCCARTESIANPOINT((0.,0.));
#1065=IFCDIRECTION((0.43993916985591486,-0.8980275757606158));
#1066=IFCAXIS2PLACEMENT2D(#1064,#1065);
#1067=IFCRECTANGLEPROFILEDEF(.AREA.,$,#1066,0.02400000000000002,0.17999999999999994);
#1068=IFCCARTESIANPOINT((1.1423970949145617,-0.3089156479215158,-0.02));
#1069=IFCAXIS2PLACEMENT3D(#1068,$,$);
#1070=IFCDIRECTION((0.,0.,1.));
#1071=IFCEXTRUDEDAREASOLID(#1067,#1069,#1070,0.05);
#1072=IFCCARTESIANPOINT((0.,0.));
#1073=IFCDIRECTION((0.43993916985591486,-0.8980275757606158));
#1074=IFCAXIS2PLACEMENT2D(#1072,#1073);
#1075=IFCRECTANGLEPROFILEDEF(.AREA.,$,#1074,0.17999999999999994,0.02400000000000002);
#1076=IFCCARTESIANPOINT((1.0920073702650444,-0.45609198993933453,-0.02));
#1077=IFCAXIS2PLACEMENT3D(#1076,$,$);
#1078=IFCDIRECTION((0.,0.,1.));
#1079=IFCEXTRUDEDAREASOLID(#1075,#1077,#1078,0.05);
#1080=IFCCARTESIANPOINT((0.,0.));
#1081=IFCDIRECTION((0.43993916985591486,-0.8980275757606158));
#1082=IFCAXIS2PLACEMENT2D(#1080,#1081);
#1083=IFCRECTANGLEPROFILEDEF(.AREA.,$,#1082,0.02400000000000002,0.17999999999999994);
#1084=IFCCARTESIANPOINT((-0.4208968563508614,-1.1638495763258936,-0.02));
#1085=IFCAXIS2PLACEMENT3D(#1084,$,$);
#1086=IFCDIRECTION((0.,0.,1.));
#1087=IFCEXTRUDEDAREASOLID(#1083,#1085,#1086,0.05);
#1088=IFCCARTESIANPOINT((0.,0.));
#1089=IFCDIRECTION((0.43993916985591486,-0.8980275757606158));
#1090=IFCAXIS2PLACEMENT2D(#1088,#1089);
#1091=IFCRECTANGLEPROFILEDEF(.AREA.,$,#1090,0.02400000000000002,0.17999999999999994);
#1092=IFCCARTESIANPOINT((1.177592228503035,-0.38075785398236506,-0.02));
#1093=IFCAXIS2PLACEMENT3D(#1092,$,$);
#1094=IFCDIRECTION((0.,0.,1.));
#1095=IFCEXTRUDEDAREASOLID(#1091,#1093,#1094,0.05);
#1096=IFCSTYLEDITEM(#351,(#38),$);
#1097=IFCSTYLEDITEM(#359,(#38),$);
#1098=IFCSTYLEDITEM(#367,(#38),$);
#1099=IFCSTYLEDITEM(#375,(#38),$);
#1100=IFCSTYLEDITEM(#383,(#38),$);
#1101=IFCSTYLEDITEM(#391,(#38),$);
#1102=IFCSTYLEDITEM(#399,(#38),$);
#1103=IFCSTYLEDITEM(#407,(#38),$);
#1104=IFCSTYLEDITEM(#415,(#38),$);
#1105=IFCSTYLEDITEM(#423,(#38),$);
#1106=IFCSTYLEDITEM(#431,(#38),$);
#1107=IFCSTYLEDITEM(#439,(#38),$);
#1108=IFCSTYLEDITEM(#447,(#38),$);
#1109=IFCSTYLEDITEM(#455,(#38),$);
#1110=IFCSTYLEDITEM(#463,(#38),$);
#1111=IFCSTYLEDITEM(#471,(#38),$);
#1112=IFCSTYLEDITEM(#479,(#38),$);
#1113=IFCSTYLEDITEM(#487,(#38),$);
#1114=IFCSTYLEDITEM(#495,(#38),$);
#1115=IFCSTYLEDITEM(#503,(#38),$);
#1116=IFCSTYLEDITEM(#511,(#38),$);
#1117=IFCSTYLEDITEM(#519,(#38),$);
#1118=IFCSTYLEDITEM(#527,(#38),$);
#1119=IFCSTYLEDITEM(#535,(#38),$);
#1120=IFCSTYLEDITEM(#543,(#38),$);
#1121=IFCSTYLEDITEM(#551,(#38),$);
#1122=IFCSTYLEDITEM(#559,(#38),$);
#1123=IFCSTYLEDITEM(#567,(#38),$);
#1124=IFCSTYLEDITEM(#575,(#38),$);
#1125=IFCSTYLEDITEM(#583,(#38),$);
#1126=IFCSTYLEDITEM(#591,(#38),$);
#1127=IFCSTYLEDITEM(#599,(#38),$);
#1128=IFCSTYLEDITEM(#607,(#38),$);
#1129=IFCSTYLEDITEM(#615,(#38),$);
#1130=IFCSTYLEDITEM(#623,(#38),$);
#1131=IFCSTYLEDITEM(#631,(#38),$);
#1132=IFCSTYLEDITEM(#639,(#38),$);
#1133=IFCSTYLEDITEM(#647,(#38),$);
#1134=IFCSTYLEDITEM(#655,(#38),$);
#1135=IFCSTYLEDITEM(#663,(#38),$);
#1136=IFCSTYLEDITEM(#671,(#38),$);
#1137=IFCSTYLEDITEM(#679,(#38),$);
#1138=IFCSTYLEDITEM(#687,(#38),$);
#1139=IFCSTYLEDITEM(#695,(#38),$);
#1140=IFCSTYLEDITEM(#703,(#38),$);
#1141=IFCSTYLEDITEM(#711,(#38),$);
#1142=IFCSTYLEDITEM(#719,(#38),$);
#1143=IFCSTYLEDITEM(#727,(#38),$);
#1144=IFCSTYLEDITEM(#735,(#38),$);
#1145=IFCSTYLEDITEM(#743,(#38),$);
#1146=IFCSTYLEDITEM(#751,(#38),$);
#1147=IFCSTYLEDITEM(#759,(#38),$);
#1148=IFCSTYLEDITEM(#767,(#38),$);
#1149=IFCSTYLEDITEM(#775,(#38),$);
#1150=IFCSTYLEDITEM(#783,(#38),$);
#1151=IFCSTYLEDITEM(#791,(#38),$);
#1152=IFCSTYLEDITEM(#799,(#38),$);
#1153=IFCSTYLEDITEM(#807,(#38),$);
#1154=IFCSTYLEDITEM(#815,(#38),$);
#1155=IFCSTYLEDITEM(#823,(#38),$);
#1156=IFCSTYLEDITEM(#831,(#38),$);
#1157=IFCSTYLEDITEM(#839,(#38),$);
#1158=IFCSTYLEDITEM(#847,(#38),$);
#1159=IFCSTYLEDITEM(#855,(#38),$);
#1160=IFCSTYLEDITEM(#863,(#38),$);
#1161=IFCSTYLEDITEM(#871,(#38),$);
#1162=IFCSTYLEDITEM(#879,(#38),$);
#1163=IFCSTYLEDITEM(#887,(#38),$);
#1164=IFCSTYLEDITEM(#895,(#38),$);
#1165=IFCSTYLEDITEM(#903,(#38),$);
#1166=IFCSTYLEDITEM(#911,(#38),$);
#1167=IFCSTYLEDITEM(#919,(#38),$);
#1168=IFCSTYLEDITEM(#927,(#38),$);
#1169=IFCSTYLEDITEM(#935,(#38),$);
#1170=IFCSTYLEDITEM(#943,(#38),$);
#1171=IFCSTYLEDITEM(#951,(#38),$);
#1172=IFCSTYLEDITEM(#959,(#38),$);
#1173=IFCSTYLEDITEM(#967,(#38),$);
#1174=IFCSTYLEDITEM(#975,(#38),$);
#1175=IFCSTYLEDITEM(#983,(#38),$);
#1176=IFCSTYLEDITEM(#991,(#38),$);
#1177=IFCSTYLEDITEM(#999,(#38),$);
#1178=IFCSTYLEDITEM(#1007,(#38),$);
#1179=IFCSTYLEDITEM(#1015,(#38),$);
#1180=IFCSTYLEDITEM(#1023,(#38),$);
#1181=IFCSTYLEDITEM(#1031,(#38),$);
#1182=IFCSTYLEDITEM(#1039,(#38),$);
#1183=IFCSTYLEDITEM(#1047,(#38),$);
#1184=IFCSTYLEDITEM(#1055,(#38),$);
#1185=IFCSTYLEDITEM(#1063,(#38),$);
#1186=IFCSTYLEDITEM(#1071,(#38),$);
#1187=IFCSTYLEDITEM(#1079,(#38),$);
#1188=IFCSTYLEDITEM(#1087,(#38),$);
#1189=IFCSTYLEDITEM(#1095,(#38),$);
#1190=IFCSHAPEREPRESENTATION(#16,'Body','SweptSolid',(#351,#359,#367,#375,#383,#391,#399,#407,#415,#423,#431,#439,#447,#455,#463,#471,#479,#487,#495,#503,#511,#519,#527,#535,#543,#551,#559,#567,#575,#583,#591,#599,#607,#615,#623,#631,#639,#647,#655,#663,#671,#679,#687,#695,#703,#711,#719,#727,#735,#743,#751,#759,#767,#775,#783,#791,#799,#807,#815,#823,#831,#839,#847,#855,#863,#871,#879,#887,#895,#903,#911,#919,#927,#935,#943,#951,#959,#967,#975,#983,#991,#999,#1007,#1015,#1023,#1031,#1039,#1047,#1055,#1063,#1071,#1079,#1087,#1095));
#1191=IFCPRODUCTDEFINITIONSHAPE($,$,(#1190));
#1192=IFCLOCALPLACEMENT(#23,#13);
#1193=IFCWASTETERMINAL('1xhiicwYTAsB90BchxwQNZ',#5,'Reixa de desgu\X2\00E0\X0\s \X2\00B7\X0\ Drain grate around the plinth',$,'Cast-iron slotted grate 180 mm over a perimeter channel',#1192,#1191,'RCAN-ELM-001',.GULLYTRAP.);
#1194=IFCRELASSOCIATESMATERIAL('0P5v63ABr51fpgCDBFNytW',#5,$,$,(#1193),#39);
#1195=IFCPROPERTYSINGLEVALUE('Material',$,IFCLABEL('Cast iron, painted dark grey'),$);
#1196=IFCPROPERTYSINGLEVALUE('Category',$,IFCLABEL('Iron'),$);
#1197=IFCPROPERTYSINGLEVALUE('MassDensity_kg_m3',$,IFCREAL(7200.),$);
#1198=IFCPROPERTYSET('0OJjhHrsz74xcZEPNtXsKu',#5,'Pset_CDE_Material',$,(#1195,#1196,#1197));
#1199=IFCRELDEFINESBYPROPERTIES('0ZG34cLRrFmRbqo7Uri1b$',#5,$,$,(#1193),#1198);
#1200=IFCPROPERTYSINGLEVALUE('GeometrySource',$,IFCLABEL('Proportions of the Falqu\X2\00E9\X0\s font-fanal estimated from photographs; position from OSM (ODbL)'),$);
#1201=IFCPROPERTYSINGLEVALUE('Confidence',$,IFCLABEL('Medium'),$);
#1202=IFCPROPERTYSINGLEVALUE('Reference',$,IFCLABEL('OSM node 430607924; Wikipedia ca/en \X2\00AB\X0\Font de Canaletes\X2\00BB\X0\; Wikimedia Commons \X2\00AB\X0\Category:Font de Canaletes\X2\00BB\X0\'),$);
#1203=IFCPROPERTYSET('3XDsrbBo94ig6kgvEX4fCv',#5,'Pset_CDE_Provenance',$,(#1200,#1201,#1202));
#1204=IFCRELDEFINESBYPROPERTIES('1KjgsKCrDEtAGWvB7TbQLd',#5,$,$,(#1193),#1203);
#1205=IFCPROPERTYSINGLEVALUE('Width_mm',$,IFCINTEGER(180),$);
#1206=IFCPROPERTYSINGLEVALUE('Class',$,IFCLABEL('C250 (EN 124)'),$);
#1207=IFCPROPERTYSINGLEVALUE('Outlet',$,IFCLABEL('Combined sewer, see drain pipe'),$);
#1208=IFCPROPERTYSET('2vtXvYFUvAsPEvZLHOZ_Sa',#5,'Pset_CDE_Specification',$,(#1205,#1206,#1207));
#1209=IFCRELDEFINESBYPROPERTIES('3bbPgrtPH3XggxNvkXa5pM',#5,$,$,(#1193),#1208);
#1210=IFCPROPERTYSINGLEVALUE('DataStatus',$,IFCLABEL('Illustrative demo values \X2\2014\X0\ not the owner''s as-built register'),$);
#1211=IFCPROPERTYSINGLEVALUE('AssetOwner',$,IFCLABEL('Ajuntament de Barcelona (operator per OSM; register values are demo)'),$);
#1212=IFCPROPERTYSINGLEVALUE('Manufacturer',$,IFCLABEL('Demo foundry'),$);
#1213=IFCPROPERTYSINGLEVALUE('Model',$,IFCLABEL('Slotted perimeter grate 180'),$);
#1214=IFCPROPERTYSINGLEVALUE('SerialNumber',$,IFCLABEL('BCN-AIG-01051-001'),$);
#1215=IFCPROPERTYSINGLEVALUE('LifecycleStatus',$,IFCLABEL('In service'),$);
#1216=IFCPROPERTYSINGLEVALUE('InstallationYear',$,IFCINTEGER(2018),$);
#1217=IFCPROPERTYSINGLEVALUE('LastInspection',$,IFCLABEL('2026-07-08'),$);
#1218=IFCPROPERTYSINGLEVALUE('InspectionInterval_months',$,IFCINTEGER(3),$);
#1219=IFCPROPERTYSINGLEVALUE('NextInspection',$,IFCLABEL('2026-10-08'),$);
#1220=IFCPROPERTYSINGLEVALUE('ConditionIndex_1to5',$,IFCINTEGER(3),$);
#1221=IFCPROPERTYSINGLEVALUE('WarrantyEnd',$,IFCLABEL('2028-12-31'),$);
#1222=IFCPROPERTYSINGLEVALUE('MaintenanceContractor',$,IFCLABEL('Demo contractor \X2\2014\X0\ street furniture and paving'),$);
#1223=IFCPROPERTYSINGLEVALUE('MaintenanceStrategy',$,IFCLABEL('Condition-based'),$);
#1224=IFCPROPERTYSINGLEVALUE('Note',$,IFCLABEL('Silt and coins in the channel (demo)'),$);
#1225=IFCPROPERTYSET('13veQdnIb1NuWZR1VyTEnI',#5,'Pset_CDE_AssetManagement (demo)',$,(#1210,#1211,#1212,#1213,#1214,#1215,#1216,#1217,#1218,#1219,#1220,#1221,#1222,#1223,#1224));
#1226=IFCRELDEFINESBYPROPERTIES('129Fhs$K9Cr8IaLaRme_aj',#5,$,$,(#1193),#1225);
#1227=IFCCARTESIANPOINT((0.3750555348152297,-0.330655932661826));
#1228=IFCCARTESIANPOINT((0.4990133642141358,0.03139525976465654));
#1229=IFCCARTESIANPOINT((0.330655932661826,0.3750555348152297));
#1230=IFCCARTESIANPOINT((-0.03139525976465651,0.4990133642141358));
#1231=IFCCARTESIANPOINT((-0.3750555348152297,0.33065593266182614));
#1232=IFCCARTESIANPOINT((-0.4990133642141358,-0.03139525976465671));
#1233=IFCCARTESIANPOINT((-0.3306559326618259,-0.3750555348152298));
#1234=IFCCARTESIANPOINT((0.03139525976465668,-0.4990133642141358));
#1235=IFCCARTESIANPOINT((0.3750555348152297,-0.330655932661826));
#1236=IFCPOLYLINE((#1227,#1228,#1229,#1230,#1231,#1232,#1233,#1234,#1235));
#1237=IFCARBITRARYCLOSEDPROFILEDEF(.AREA.,$,#1236);
#1238=IFCCARTESIANPOINT((0.,0.,0.22));
#1239=IFCAXIS2PLACEMENT3D(#1238,$,$);
#1240=IFCDIRECTION((0.,0.,1.));
#1241=IFCEXTRUDEDAREASOLID(#1237,#1239,#1240,0.1);
#1242=IFCCARTESIANPOINT((0.33754998133370673,-0.2975903393956434));
#1243=IFCCARTESIANPOINT((0.4491120277927222,0.02825573378819088));
#1244=IFCCARTESIANPOINT((0.2975903393956434,0.33754998133370673));
#1245=IFCCARTESIANPOINT((-0.02825573378819085,0.4491120277927222));
#1246=IFCCARTESIANPOINT((-0.33754998133370673,0.2975903393956435));
#1247=IFCCARTESIANPOINT((-0.4491120277927222,-0.028255733788191018));
#1248=IFCCARTESIANPOINT((-0.2975903393956433,-0.3375499813337068));
#1249=IFCCARTESIANPOINT((0.02825573378819099,-0.4491120277927222));
#1250=IFCCARTESIANPOINT((0.33754998133370673,-0.2975903393956434));
#1251=IFCPOLYLINE((#1242,#1243,#1244,#1245,#1246,#1247,#1248,#1249,#1250));
#1252=IFCARBITRARYCLOSEDPROFILEDEF(.AREA.,$,#1251);
#1253=IFCCARTESIANPOINT((0.,0.,0.32));
#1254=IFCAXIS2PLACEMENT3D(#1253,$,$);
#1255=IFCDIRECTION((0.,0.,1.));
#1256=IFCEXTRUDEDAREASOLID(#1252,#1254,#1255,0.08);
#1257=IFCCARTESIANPOINT((0.30004442785218377,-0.2645247461294608));
#1258=IFCCARTESIANPOINT((0.39921069137130866,0.025116207811725216));
#1259=IFCCARTESIANPOINT((0.26452474612946086,0.30004442785218377));
#1260=IFCCARTESIANPOINT((-0.025116207811725216,0.39921069137130866));
#1261=IFCCARTESIANPOINT((-0.30004442785218377,0.2645247461294609));
#1262=IFCCARTESIANPOINT((-0.39921069137130866,-0.025116207811725355));
#1263=IFCCARTESIANPOINT((-0.26452474612946075,-0.3000444278521838));
#1264=IFCCARTESIANPOINT((0.025116207811725327,-0.39921069137130866));
#1265=IFCCARTESIANPOINT((0.30004442785218377,-0.2645247461294608));
#1266=IFCPOLYLINE((#1257,#1258,#1259,#1260,#1261,#1262,#1263,#1264,#1265));
#1267=IFCARBITRARYCLOSEDPROFILEDEF(.AREA.,$,#1266);
#1268=IFCCARTESIANPOINT((0.,0.,0.4));
#1269=IFCAXIS2PLACEMENT3D(#1268,$,$);
#1270=IFCDIRECTION((0.,0.,1.));
#1271=IFCEXTRUDEDAREASOLID(#1267,#1269,#1270,0.66);
#1272=IFCCARTESIANPOINT((0.3300488706374021,-0.29097722074240695));
#1273=IFCCARTESIANPOINT((0.4391317605084395,0.027627828592897724));
#1274=IFCCARTESIANPOINT((0.29097722074240695,0.33004887063740207));
#1275=IFCCARTESIANPOINT((-0.027627828592897724,0.43913176050843955));
#1276=IFCCARTESIANPOINT((-0.3300488706374021,0.290977220742407));
#1277=IFCCARTESIANPOINT((-0.4391317605084395,-0.02762782859289789));
#1278=IFCCARTESIANPOINT((-0.29097722074240684,-0.3300488706374022));
#1279=IFCCARTESIANPOINT((0.027627828592897863,-0.43913176050843955));
#1280=IFCCARTESIANPOINT((0.3300488706374021,-0.29097722074240695));
#1281=IFCPOLYLINE((#1272,#1273,#1274,#1275,#1276,#1277,#1278,#1279,#1280));
#1282=IFCARBITRARYCLOSEDPROFILEDEF(.AREA.,$,#1281);
#1283=IFCCARTESIANPOINT((0.,0.,1.06));
#1284=IFCAXIS2PLACEMENT3D(#1283,$,$);
#1285=IFCDIRECTION((0.,0.,1.));
#1286=IFCEXTRUDEDAREASOLID(#1282,#1284,#1285,0.05);
#1287=IFCCARTESIANPOINT((0.3600533134226205,-0.317429695355353));
#1288=IFCCARTESIANPOINT((0.47905282964557033,0.03013944937407026));
#1289=IFCCARTESIANPOINT((0.317429695355353,0.3600533134226205));
#1290=IFCCARTESIANPOINT((-0.030139449374070232,0.4790528296455704));
#1291=IFCCARTESIANPOINT((-0.3600533134226205,0.31742969535535304));
#1292=IFCCARTESIANPOINT((-0.47905282964557033,-0.030139449374070454));
#1293=IFCCARTESIANPOINT((-0.31742969535535287,-0.3600533134226206));
#1294=IFCCARTESIANPOINT((0.030139449374070426,-0.47905282964557033));
#1295=IFCCARTESIANPOINT((0.3600533134226205,-0.317429695355353));
#1296=IFCPOLYLINE((#1287,#1288,#1289,#1290,#1291,#1292,#1293,#1294,#1295));
#1297=IFCARBITRARYCLOSEDPROFILEDEF(.AREA.,$,#1296);
#1298=IFCCARTESIANPOINT((0.,0.,1.11));
#1299=IFCAXIS2PLACEMENT3D(#1298,$,$);
#1300=IFCDIRECTION((0.,0.,1.));
#1301=IFCEXTRUDEDAREASOLID(#1297,#1299,#1300,0.05);
#1302=IFCSTYLEDITEM(#1241,(#29),$);
#1303=IFCSTYLEDITEM(#1256,(#29),$);
#1304=IFCSTYLEDITEM(#1271,(#29),$);
#1305=IFCSTYLEDITEM(#1286,(#29),$);
#1306=IFCSTYLEDITEM(#1301,(#29),$);
#1307=IFCSHAPEREPRESENTATION(#16,'Body','SweptSolid',(#1241,#1256,#1271,#1286,#1301));
#1308=IFCPRODUCTDEFINITIONSHAPE($,$,(#1307));
#1309=IFCLOCALPLACEMENT(#23,#13);
#1310=IFCBUILDINGELEMENTPROXY('3XGWtSvv16hw6rjGf_zl0p',#5,'Pedestal de fosa \X2\00B7\X0\ Cast-iron pedestal',$,'Octagonal cast-iron pedestal housing the riser',#1309,#1308,'RCAN-PRX-001',.USERDEFINED.);
#1311=IFCRELASSOCIATESMATERIAL('1fovExfv5FwO8RXj1UVm79',#5,$,$,(#1310),#30);
#1312=IFCPROPERTYSINGLEVALUE('Reference',$,IFCLABEL('Octagonal cast-iron pedestal housing the riser'),$);
#1313=IFCPROPERTYSINGLEVALUE('IsExternal',$,IFCBOOLEAN(.T.),$);
#1314=IFCPROPERTYSINGLEVALUE('Status',$,IFCLABEL('EXISTING'),$);
#1315=IFCPROPERTYSET('1nGRZReXv9e8N3LFwjIrWF',#5,'Pset_BuildingElementProxyCommon',$,(#1312,#1313,#1314));
#1316=IFCRELDEFINESBYPROPERTIES('1KeFIR239ALhutnW9Es6Xn',#5,$,$,(#1310),#1315);
#1317=IFCPROPERTYSINGLEVALUE('Material',$,IFCLABEL('Cast iron, painted very dark green'),$);
#1318=IFCPROPERTYSINGLEVALUE('Category',$,IFCLABEL('Iron'),$);
#1319=IFCPROPERTYSINGLEVALUE('Description',$,IFCLABEL('Grey cast iron, the dark green-black of Barcelona''s 19th-century street furniture'),$);
#1320=IFCPROPERTYSINGLEVALUE('MassDensity_kg_m3',$,IFCREAL(7200.),$);
#1321=IFCPROPERTYSET('06Yh43Lff2bBycjSxxX8Fl',#5,'Pset_CDE_Material',$,(#1317,#1318,#1319,#1320));
#1322=IFCRELDEFINESBYPROPERTIES('2vZ4C90QPA4wcle4LPk53y',#5,$,$,(#1310),#1321);
#1323=IFCPROPERTYSINGLEVALUE('GeometrySource',$,IFCLABEL('Proportions of the Falqu\X2\00E9\X0\s font-fanal estimated from photographs; position from OSM (ODbL)'),$);
#1324=IFCPROPERTYSINGLEVALUE('Confidence',$,IFCLABEL('Medium'),$);
#1325=IFCPROPERTYSINGLEVALUE('Reference',$,IFCLABEL('OSM node 430607924; Wikipedia ca/en \X2\00AB\X0\Font de Canaletes\X2\00BB\X0\; Wikimedia Commons \X2\00AB\X0\Category:Font de Canaletes\X2\00BB\X0\'),$);
#1326=IFCPROPERTYSET('264JWstrH46PKkM5AswAvc',#5,'Pset_CDE_Provenance',$,(#1323,#1324,#1325));
#1327=IFCRELDEFINESBYPROPERTIES('3k6uO3cvL4vuw13XL6NGVi',#5,$,$,(#1310),#1326);
#1328=IFCPROPERTYSINGLEVALUE('Height_mm',$,IFCINTEGER(940),$);
#1329=IFCPROPERTYSINGLEVALUE('AccessPanel',$,IFCLABEL('Bolted panel on the up-Rambla face'),$);
#1330=IFCPROPERTYSET('3tJo25c_5029E9Mhg0YVfC',#5,'Pset_CDE_Specification',$,(#1328,#1329));
#1331=IFCRELDEFINESBYPROPERTIES('032tNp3J1DzvtunIELo6D3',#5,$,$,(#1310),#1330);
#1332=IFCPROPERTYSINGLEVALUE('DataStatus',$,IFCLABEL('Illustrative demo values \X2\2014\X0\ not the owner''s as-built register'),$);
#1333=IFCPROPERTYSINGLEVALUE('AssetOwner',$,IFCLABEL('Ajuntament de Barcelona (operator per OSM; register values are demo)'),$);
#1334=IFCPROPERTYSINGLEVALUE('Manufacturer',$,IFCLABEL('Foneria Colomer (original casting, 1892)'),$);
#1335=IFCPROPERTYSINGLEVALUE('Model',$,IFCLABEL('Font-fanal, municipal model by Pere Falqu\X2\00E9\X0\s (1889)'),$);
#1336=IFCPROPERTYSINGLEVALUE('SerialNumber',$,IFCLABEL('BCN-FNT-01051-003'),$);
#1337=IFCPROPERTYSINGLEVALUE('LifecycleStatus',$,IFCLABEL('In service'),$);
#1338=IFCPROPERTYSINGLEVALUE('InstallationYear',$,IFCINTEGER(1892),$);
#1339=IFCPROPERTYSINGLEVALUE('LastInspection',$,IFCLABEL('2026-07-08'),$);
#1340=IFCPROPERTYSINGLEVALUE('InspectionInterval_months',$,IFCINTEGER(6),$);
#1341=IFCPROPERTYSINGLEVALUE('NextInspection',$,IFCLABEL('2027-01-08'),$);
#1342=IFCPROPERTYSINGLEVALUE('ConditionIndex_1to5',$,IFCINTEGER(4),$);
#1343=IFCPROPERTYSINGLEVALUE('WarrantyEnd',$,IFCLABEL('None (heritage asset, pre-dates warranties)'),$);
#1344=IFCPROPERTYSINGLEVALUE('MaintenanceContractor',$,IFCLABEL('Demo contractor \X2\2014\X0\ fountains and heritage ironwork'),$);
#1345=IFCPROPERTYSINGLEVALUE('MaintenanceStrategy',$,IFCLABEL('Condition-based'),$);
#1346=IFCPROPERTYSET('2fXbNt0wnDauRc8KKKnqdN',#5,'Pset_CDE_AssetManagement (demo)',$,(#1332,#1333,#1334,#1335,#1336,#1337,#1338,#1339,#1340,#1341,#1342,#1343,#1344,#1345));
#1347=IFCRELDEFINESBYPROPERTIES('3gVR4tnJL6cxnKGl0M3wwH',#5,$,$,(#1310),#1346);
#1348=IFCCARTESIANPOINT((0.21996958492795746,-0.4490137878803079,0.52));
#1349=IFCDIRECTION((0.,-1.,0.));
#1350=IFCDIRECTION((1.,0.,0.));
#1351=IFCAXIS2PLACEMENT3D(#1348,#1349,#1350);
#1352=IFCCARTESIANPOINT((0.,0.));
#1353=IFCCARTESIANPOINT((0.1,0.));
#1354=IFCCARTESIANPOINT((0.19,0.1));
#1355=IFCCARTESIANPOINT((0.21,0.15));
#1356=IFCCARTESIANPOINT((0.18,0.15));
#1357=IFCCARTESIANPOINT((0.09,0.045));
#1358=IFCCARTESIANPOINT((0.,0.045));
#1359=IFCCARTESIANPOINT((0.,0.));
#1360=IFCPOLYLINE((#1352,#1353,#1354,#1355,#1356,#1357,#1358,#1359));
#1361=IFCARBITRARYCLOSEDPROFILEDEF(.AREA.,$,#1360);
#1362=IFCCARTESIANPOINT((0.,0.,0.));
#1363=IFCDIRECTION((0.,1.,0.));
#1364=IFCAXIS1PLACEMENT(#1362,#1363);
#1365=IFCREVOLVEDAREASOLID(#1361,#1351,#1364,6.283185307179586);
#1366=IFCCARTESIANPOINT((0.21996958492795746,-0.4490137878803079,0.42));
#1367=IFCDIRECTION((0.,-1.,0.));
#1368=IFCDIRECTION((1.,0.,0.));
#1369=IFCAXIS2PLACEMENT3D(#1366,#1367,#1368);
#1370=IFCCARTESIANPOINT((0.,0.));
#1371=IFCCARTESIANPOINT((0.05,0.));
#1372=IFCCARTESIANPOINT((0.03,0.1));
#1373=IFCCARTESIANPOINT((0.,0.1));
#1374=IFCCARTESIANPOINT((0.,0.));
#1375=IFCPOLYLINE((#1370,#1371,#1372,#1373,#1374));
#1376=IFCARBITRARYCLOSEDPROFILEDEF(.AREA.,$,#1375);
#1377=IFCCARTESIANPOINT((0.,0.,0.));
#1378=IFCDIRECTION((0.,1.,0.));
#1379=IFCAXIS1PLACEMENT(#1377,#1378);
#1380=IFCREVOLVEDAREASOLID(#1376,#1369,#1379,6.283185307179586);
#1381=IFCSTYLEDITEM(#1365,(#29),$);
#1382=IFCSTYLEDITEM(#1380,(#29),$);
#1383=IFCSHAPEREPRESENTATION(#16,'Body','SweptSolid',(#1365,#1380));
#1384=IFCPRODUCTDEFINITIONSHAPE($,$,(#1383));
#1385=IFCLOCALPLACEMENT(#23,#13);
#1386=IFCSANITARYTERMINAL('163_hejlDFPwThgEoyX$kj',#5,'Pica 1 \X2\00B7\X0\ Basin 1 (down-Rambla)',$,'Small cast-iron basin on a corbel, drains to the channel',#1385,#1384,'RCAN-ELM-002',.SINK.);
#1387=IFCRELASSOCIATESMATERIAL('2P9wQxILbAJ8VSQpg4acpY',#5,$,$,(#1386),#30);
#1388=IFCPROPERTYSINGLEVALUE('Material',$,IFCLABEL('Cast iron, painted very dark green'),$);
#1389=IFCPROPERTYSINGLEVALUE('Category',$,IFCLABEL('Iron'),$);
#1390=IFCPROPERTYSINGLEVALUE('Description',$,IFCLABEL('Grey cast iron, the dark green-black of Barcelona''s 19th-century street furniture'),$);
#1391=IFCPROPERTYSINGLEVALUE('MassDensity_kg_m3',$,IFCREAL(7200.),$);
#1392=IFCPROPERTYSET('34Kd58eqb4oOXYe4fp9ok1',#5,'Pset_CDE_Material',$,(#1388,#1389,#1390,#1391));
#1393=IFCRELDEFINESBYPROPERTIES('3sqPgfiy9BFhPxUTYsHiRR',#5,$,$,(#1386),#1392);
#1394=IFCPROPERTYSINGLEVALUE('GeometrySource',$,IFCLABEL('Element documented (four spouts, four-light lamp, dog bowl); its dimensions estimated'),$);
#1395=IFCPROPERTYSINGLEVALUE('Confidence',$,IFCLABEL('Medium'),$);
#1396=IFCPROPERTYSINGLEVALUE('Reference',$,IFCLABEL('Wikipedia ca \X2\00AB\X0\Font de Canaletes\X2\00BB\X0\: ferro colat, quatre brolladors, fanal de quatre llums, font per als gossos'),$);
#1397=IFCPROPERTYSET('30hez7GwzEbAlp1Z3BO9hR',#5,'Pset_CDE_Provenance',$,(#1394,#1395,#1396));
#1398=IFCRELDEFINESBYPROPERTIES('1rBF4xlWT6fxZq1YQG6gZ$',#5,$,$,(#1386),#1397);
#1399=IFCPROPERTYSINGLEVALUE('Capacity_l',$,IFCREAL(1.5),$);
#1400=IFCPROPERTYSINGLEVALUE('Drain',$,IFCLABEL('Free fall to the perimeter channel'),$);
#1401=IFCPROPERTYSET('035kqMZhLALOUSlghv7VtJ',#5,'Pset_CDE_Specification',$,(#1399,#1400));
#1402=IFCRELDEFINESBYPROPERTIES('0HwEyyhEP75vGwiwgjuSHD',#5,$,$,(#1386),#1401);
#1403=IFCPROPERTYSINGLEVALUE('DataStatus',$,IFCLABEL('Illustrative demo values \X2\2014\X0\ not the owner''s as-built register'),$);
#1404=IFCPROPERTYSINGLEVALUE('AssetOwner',$,IFCLABEL('Ajuntament de Barcelona (operator per OSM; register values are demo)'),$);
#1405=IFCPROPERTYSINGLEVALUE('Manufacturer',$,IFCLABEL('Foneria Colomer (original casting, 1892)'),$);
#1406=IFCPROPERTYSINGLEVALUE('Model',$,IFCLABEL('Font-fanal, municipal model by Pere Falqu\X2\00E9\X0\s (1889)'),$);
#1407=IFCPROPERTYSINGLEVALUE('SerialNumber',$,IFCLABEL('BCN-FNT-01051-004'),$);
#1408=IFCPROPERTYSINGLEVALUE('LifecycleStatus',$,IFCLABEL('In service'),$);
#1409=IFCPROPERTYSINGLEVALUE('InstallationYear',$,IFCINTEGER(1892),$);
#1410=IFCPROPERTYSINGLEVALUE('LastInspection',$,IFCLABEL('2026-07-08'),$);
#1411=IFCPROPERTYSINGLEVALUE('InspectionInterval_months',$,IFCINTEGER(6),$);
#1412=IFCPROPERTYSINGLEVALUE('NextInspection',$,IFCLABEL('2027-01-08'),$);
#1413=IFCPROPERTYSINGLEVALUE('ConditionIndex_1to5',$,IFCINTEGER(4),$);
#1414=IFCPROPERTYSINGLEVALUE('WarrantyEnd',$,IFCLABEL('None (heritage asset, pre-dates warranties)'),$);
#1415=IFCPROPERTYSINGLEVALUE('MaintenanceContractor',$,IFCLABEL('Demo contractor \X2\2014\X0\ fountains and heritage ironwork'),$);
#1416=IFCPROPERTYSINGLEVALUE('MaintenanceStrategy',$,IFCLABEL('Condition-based'),$);
#1417=IFCPROPERTYSET('0W5QDdqs5E1eTdaO6XHehP',#5,'Pset_CDE_AssetManagement (demo)',$,(#1403,#1404,#1405,#1406,#1407,#1408,#1409,#1410,#1411,#1412,#1413,#1414,#1415,#1416));
#1418=IFCRELDEFINESBYPROPERTIES('2u$Q0i8j56HPoLLhr4Zfau',#5,$,$,(#1386),#1417);
#1419=IFCCARTESIANPOINT((0.,0.));
#1420=IFCDIRECTION((1.,0.));
#1421=IFCAXIS2PLACEMENT2D(#1419,#1420);
#1422=IFCCIRCLEPROFILEDEF(.AREA.,$,#1421,0.075);
#1423=IFCCARTESIANPOINT((0.1737759720930864,-0.35472089242544325,0.95));
#1424=IFCDIRECTION((0.4399391698559149,-0.8980275757606158,0.));
#1425=IFCDIRECTION((-0.8980275757606158,-0.4399391698559149,0.));
#1426=IFCAXIS2PLACEMENT3D(#1423,#1424,#1425);
#1427=IFCDIRECTION((0.,0.,1.));
#1428=IFCEXTRUDEDAREASOLID(#1422,#1426,#1427,0.02);
#1429=IFCCARTESIANPOINT((0.,0.));
#1430=IFCDIRECTION((1.,0.));
#1431=IFCAXIS2PLACEMENT2D(#1429,#1430);
#1432=IFCCIRCLEPROFILEDEF(.AREA.,$,#1431,0.018);
#1433=IFCCARTESIANPOINT((0.17597566794236597,-0.35921103030424634,0.93));
#1434=IFCDIRECTION((0.4339533240016321,-0.8858089441639814,-0.16439898730535746));
#1435=IFCDIRECTION((-0.8980275757606156,-0.43993916985591514,0.));
#1436=IFCAXIS2PLACEMENT3D(#1433,#1434,#1435);
#1437=IFCDIRECTION((0.,0.,1.));
#1438=IFCEXTRUDEDAREASOLID(#1432,#1436,#1437,0.12165525060596437);
#1439=IFCCARTESIANPOINT((0.,0.));
#1440=IFCDIRECTION((1.,0.));
#1441=IFCAXIS2PLACEMENT2D(#1439,#1440);
#1442=IFCCIRCLEPROFILEDEF(.AREA.,$,#1441,0.014);
#1443=IFCCARTESIANPOINT((0.22876836832507577,-0.4669743393955202,0.91));
#1444=IFCDIRECTION((0.13912098086683786,-0.2839812541042967,-0.9486832980505137));
#1445=IFCDIRECTION((0.,-0.9579994670014769,0.2867699796437666));
#1446=IFCAXIS2PLACEMENT3D(#1443,#1444,#1445);
#1447=IFCDIRECTION((0.,0.,1.));
#1448=IFCEXTRUDEDAREASOLID(#1442,#1446,#1447,0.06324555320336765);
#1449=IFCCARTESIANPOINT((0.,0.));
#1450=IFCDIRECTION((1.,0.));
#1451=IFCAXIS2PLACEMENT2D(#1449,#1450);
#1452=IFCCIRCLEPROFILEDEF(.AREA.,$,#1451,0.022);
#1453=IFCCARTESIANPOINT((0.19357323473660257,-0.39513213333467095,0.95));
#1454=IFCDIRECTION((0.,0.,1.));
#1455=IFCDIRECTION((0.,1.,0.));
#1456=IFCAXIS2PLACEMENT3D(#1453,#1454,#1455);
#1457=IFCDIRECTION((0.,0.,1.));
#1458=IFCEXTRUDEDAREASOLID(#1452,#1456,#1457,0.03);
#1459=IFCSTYLEDITEM(#1428,(#47),$);
#1460=IFCSTYLEDITEM(#1438,(#47),$);
#1461=IFCSTYLEDITEM(#1448,(#47),$);
#1462=IFCSTYLEDITEM(#1458,(#47),$);
#1463=IFCSHAPEREPRESENTATION(#16,'Body','SweptSolid',(#1428,#1438,#1448,#1458));
#1464=IFCPRODUCTDEFINITIONSHAPE($,$,(#1463));
#1465=IFCLOCALPLACEMENT(#23,#13);
#1466=IFCSANITARYTERMINAL('2wCpe8vJH3kwnXZkumkFUd',#5,'Brollador 1 \X2\00B7\X0\ Spout 1 (down-Rambla)',$,'Bronze push-button drinking spout, self-closing',#1465,#1464,'RCAN-ELM-003',.SANITARYFOUNTAIN.);
#1467=IFCRELASSOCIATESMATERIAL('2xSWvwMuT3nByorvgvVPAu',#5,$,$,(#1466),#48);
#1468=IFCPROPERTYSINGLEVALUE('Material',$,IFCLABEL('Bronze, patinated'),$);
#1469=IFCPROPERTYSINGLEVALUE('Category',$,IFCLABEL('Copper alloy'),$);
#1470=IFCPROPERTYSINGLEVALUE('Description',$,IFCLABEL('Spouts, push buttons and plaque'),$);
#1471=IFCPROPERTYSINGLEVALUE('MassDensity_kg_m3',$,IFCREAL(8800.),$);
#1472=IFCPROPERTYSET('3eJmlqMZjCvRoEkkYoV_$z',#5,'Pset_CDE_Material',$,(#1468,#1469,#1470,#1471));
#1473=IFCRELDEFINESBYPROPERTIES('1kp_XVpyf3gfV9SGQR4Y4q',#5,$,$,(#1466),#1472);
#1474=IFCPROPERTYSINGLEVALUE('GeometrySource',$,IFCLABEL('Element documented (four spouts, four-light lamp, dog bowl); its dimensions estimated'),$);
#1475=IFCPROPERTYSINGLEVALUE('Confidence',$,IFCLABEL('Medium'),$);
#1476=IFCPROPERTYSINGLEVALUE('Reference',$,IFCLABEL('Wikipedia ca \X2\00AB\X0\Font de Canaletes\X2\00BB\X0\: ferro colat, quatre brolladors, fanal de quatre llums, font per als gossos'),$);
#1477=IFCPROPERTYSET('2Nn2_SY$n9Qw6TKwSEMxMB',#5,'Pset_CDE_Provenance',$,(#1474,#1475,#1476));
#1478=IFCRELDEFINESBYPROPERTIES('3BcDas7$v16vxw6sp$GZHG',#5,$,$,(#1466),#1477);
#1479=IFCPROPERTYSINGLEVALUE('Operation',$,IFCLABEL('Push button, timed self-closing valve'),$);
#1480=IFCPROPERTYSINGLEVALUE('FlowRate_l_min',$,IFCREAL(4.),$);
#1481=IFCPROPERTYSINGLEVALUE('Height_above_basin_mm',$,IFCINTEGER(330),$);
#1482=IFCPROPERTYSET('2_mgTsg1T8bxlHse$UdgWN',#5,'Pset_CDE_Specification',$,(#1479,#1480,#1481));
#1483=IFCRELDEFINESBYPROPERTIES('3XdZ4_$PT3TvFzRcRxEmp3',#5,$,$,(#1466),#1482);
#1484=IFCPROPERTYSINGLEVALUE('DataStatus',$,IFCLABEL('Illustrative demo values \X2\2014\X0\ not the owner''s as-built register'),$);
#1485=IFCPROPERTYSINGLEVALUE('AssetOwner',$,IFCLABEL('Ajuntament de Barcelona (operator per OSM; register values are demo)'),$);
#1486=IFCPROPERTYSINGLEVALUE('Manufacturer',$,IFCLABEL('Demo bronze foundry'),$);
#1487=IFCPROPERTYSINGLEVALUE('Model',$,IFCLABEL('Self-closing push spout, bronze'),$);
#1488=IFCPROPERTYSINGLEVALUE('SerialNumber',$,IFCLABEL('BCN-FNT-01051-005'),$);
#1489=IFCPROPERTYSINGLEVALUE('LifecycleStatus',$,IFCLABEL('In service'),$);
#1490=IFCPROPERTYSINGLEVALUE('InstallationYear',$,IFCINTEGER(2018),$);
#1491=IFCPROPERTYSINGLEVALUE('LastInspection',$,IFCLABEL('2026-07-08'),$);
#1492=IFCPROPERTYSINGLEVALUE('InspectionInterval_months',$,IFCINTEGER(3),$);
#1493=IFCPROPERTYSINGLEVALUE('NextInspection',$,IFCLABEL('2026-10-08'),$);
#1494=IFCPROPERTYSINGLEVALUE('ConditionIndex_1to5',$,IFCINTEGER(4),$);
#1495=IFCPROPERTYSINGLEVALUE('WarrantyEnd',$,IFCLABEL('2023-12-31 (expired)'),$);
#1496=IFCPROPERTYSINGLEVALUE('MaintenanceContractor',$,IFCLABEL('Demo contractor \X2\2014\X0\ fountains and heritage ironwork'),$);
#1497=IFCPROPERTYSINGLEVALUE('MaintenanceStrategy',$,IFCLABEL('Condition-based'),$);
#1498=IFCPROPERTYSET('37sCX3h4PCkuqglK8hvRGz',#5,'Pset_CDE_AssetManagement (demo)',$,(#1484,#1485,#1486,#1487,#1488,#1489,#1490,#1491,#1492,#1493,#1494,#1495,#1496,#1497));
#1499=IFCRELDEFINESBYPROPERTIES('2ggcKn_RTB1RlG1rGk7_$v',#5,$,$,(#1466),#1498);
#1500=IFCCARTESIANPOINT((0.4490137878803079,0.21996958492795743,0.52));
#1501=IFCDIRECTION((0.,-1.,0.));
#1502=IFCDIRECTION((1.,0.,0.));
#1503=IFCAXIS2PLACEMENT3D(#1500,#1501,#1502);
#1504=IFCCARTESIANPOINT((0.,0.));
#1505=IFCCARTESIANPOINT((0.1,0.));
#1506=IFCCARTESIANPOINT((0.19,0.1));
#1507=IFCCARTESIANPOINT((0.21,0.15));
#1508=IFCCARTESIANPOINT((0.18,0.15));
#1509=IFCCARTESIANPOINT((0.09,0.045));
#1510=IFCCARTESIANPOINT((0.,0.045));
#1511=IFCCARTESIANPOINT((0.,0.));
#1512=IFCPOLYLINE((#1504,#1505,#1506,#1507,#1508,#1509,#1510,#1511));
#1513=IFCARBITRARYCLOSEDPROFILEDEF(.AREA.,$,#1512);
#1514=IFCCARTESIANPOINT((0.,0.,0.));
#1515=IFCDIRECTION((0.,1.,0.));
#1516=IFCAXIS1PLACEMENT(#1514,#1515);
#1517=IFCREVOLVEDAREASOLID(#1513,#1503,#1516,6.283185307179586);
#1518=IFCCARTESIANPOINT((0.4490137878803079,0.21996958492795743,0.42));
#1519=IFCDIRECTION((0.,-1.,0.));
#1520=IFCDIRECTION((1.,0.,0.));
#1521=IFCAXIS2PLACEMENT3D(#1518,#1519,#1520);
#1522=IFCCARTESIANPOINT((0.,0.));
#1523=IFCCARTESIANPOINT((0.05,0.));
#1524=IFCCARTESIANPOINT((0.03,0.1));
#1525=IFCCARTESIANPOINT((0.,0.1));
#1526=IFCCARTESIANPOINT((0.,0.));
#1527=IFCPOLYLINE((#1522,#1523,#1524,#1525,#1526));
#1528=IFCARBITRARYCLOSEDPROFILEDEF(.AREA.,$,#1527);
#1529=IFCCARTESIANPOINT((0.,0.,0.));
#1530=IFCDIRECTION((0.,1.,0.));
#1531=IFCAXIS1PLACEMENT(#1529,#1530);
#1532=IFCREVOLVEDAREASOLID(#1528,#1521,#1531,6.283185307179586);
#1533=IFCSTYLEDITEM(#1517,(#29),$);
#1534=IFCSTYLEDITEM(#1532,(#29),$);
#1535=IFCSHAPEREPRESENTATION(#16,'Body','SweptSolid',(#1517,#1532));
#1536=IFCPRODUCTDEFINITIONSHAPE($,$,(#1535));
#1537=IFCLOCALPLACEMENT(#23,#13);
#1538=IFCSANITARYTERMINAL('2CYDxH_lvE8e$eTyi_$e6W',#5,'Pica 2 \X2\00B7\X0\ Basin 2 (promenade side)',$,'Small cast-iron basin on a corbel, drains to the channel',#1537,#1536,'RCAN-ELM-004',.SINK.);
#1539=IFCRELASSOCIATESMATERIAL('2LDjmCaM9C1f3jsSmvdKzE',#5,$,$,(#1538),#30);
#1540=IFCPROPERTYSINGLEVALUE('Material',$,IFCLABEL('Cast iron, painted very dark green'),$);
#1541=IFCPROPERTYSINGLEVALUE('Category',$,IFCLABEL('Iron'),$);
#1542=IFCPROPERTYSINGLEVALUE('Description',$,IFCLABEL('Grey cast iron, the dark green-black of Barcelona''s 19th-century street furniture'),$);
#1543=IFCPROPERTYSINGLEVALUE('MassDensity_kg_m3',$,IFCREAL(7200.),$);
#1544=IFCPROPERTYSET('0nHiMbD7H3jvQJc35mA5xc',#5,'Pset_CDE_Material',$,(#1540,#1541,#1542,#1543));
#1545=IFCRELDEFINESBYPROPERTIES('2vbltB6if4jflvpc0aMtyr',#5,$,$,(#1538),#1544);
#1546=IFCPROPERTYSINGLEVALUE('GeometrySource',$,IFCLABEL('Element documented (four spouts, four-light lamp, dog bowl); its dimensions estimated'),$);
#1547=IFCPROPERTYSINGLEVALUE('Confidence',$,IFCLABEL('Medium'),$);
#1548=IFCPROPERTYSINGLEVALUE('Reference',$,IFCLABEL('Wikipedia ca \X2\00AB\X0\Font de Canaletes\X2\00BB\X0\: ferro colat, quatre brolladors, fanal de quatre llums, font per als gossos'),$);
#1549=IFCPROPERTYSET('0NeUIbvtz8DPkBTZ57NSzT',#5,'Pset_CDE_Provenance',$,(#1546,#1547,#1548));
#1550=IFCRELDEFINESBYPROPERTIES('3OUzdkQ8DD_ObehWxqU77w',#5,$,$,(#1538),#1549);
#1551=IFCPROPERTYSINGLEVALUE('Capacity_l',$,IFCREAL(1.5),$);
#1552=IFCPROPERTYSINGLEVALUE('Drain',$,IFCLABEL('Free fall to the perimeter channel'),$);
#1553=IFCPROPERTYSET('1Gar9U1CP2q8M0rfnvoH_B',#5,'Pset_CDE_Specification',$,(#1551,#1552));
#1554=IFCRELDEFINESBYPROPERTIES('1npcUrzH9BafGILeJyWxxv',#5,$,$,(#1538),#1553);
#1555=IFCPROPERTYSINGLEVALUE('DataStatus',$,IFCLABEL('Illustrative demo values \X2\2014\X0\ not the owner''s as-built register'),$);
#1556=IFCPROPERTYSINGLEVALUE('AssetOwner',$,IFCLABEL('Ajuntament de Barcelona (operator per OSM; register values are demo)'),$);
#1557=IFCPROPERTYSINGLEVALUE('Manufacturer',$,IFCLABEL('Foneria Colomer (original casting, 1892)'),$);
#1558=IFCPROPERTYSINGLEVALUE('Model',$,IFCLABEL('Font-fanal, municipal model by Pere Falqu\X2\00E9\X0\s (1889)'),$);
#1559=IFCPROPERTYSINGLEVALUE('SerialNumber',$,IFCLABEL('BCN-FNT-01051-006'),$);
#1560=IFCPROPERTYSINGLEVALUE('LifecycleStatus',$,IFCLABEL('In service'),$);
#1561=IFCPROPERTYSINGLEVALUE('InstallationYear',$,IFCINTEGER(1892),$);
#1562=IFCPROPERTYSINGLEVALUE('LastInspection',$,IFCLABEL('2026-07-08'),$);
#1563=IFCPROPERTYSINGLEVALUE('InspectionInterval_months',$,IFCINTEGER(6),$);
#1564=IFCPROPERTYSINGLEVALUE('NextInspection',$,IFCLABEL('2027-01-08'),$);
#1565=IFCPROPERTYSINGLEVALUE('ConditionIndex_1to5',$,IFCINTEGER(4),$);
#1566=IFCPROPERTYSINGLEVALUE('WarrantyEnd',$,IFCLABEL('None (heritage asset, pre-dates warranties)'),$);
#1567=IFCPROPERTYSINGLEVALUE('MaintenanceContractor',$,IFCLABEL('Demo contractor \X2\2014\X0\ fountains and heritage ironwork'),$);
#1568=IFCPROPERTYSINGLEVALUE('MaintenanceStrategy',$,IFCLABEL('Condition-based'),$);
#1569=IFCPROPERTYSET('2Ou7wH3WLF$9CAXjLOuaSa',#5,'Pset_CDE_AssetManagement (demo)',$,(#1555,#1556,#1557,#1558,#1559,#1560,#1561,#1562,#1563,#1564,#1565,#1566,#1567,#1568));
#1570=IFCRELDEFINESBYPROPERTIES('20OSK9dGz2jvi2vNTDotzn',#5,$,$,(#1538),#1569);
#1571=IFCCARTESIANPOINT((0.,0.));
#1572=IFCDIRECTION((1.,0.));
#1573=IFCAXIS2PLACEMENT2D(#1571,#1572);
#1574=IFCCIRCLEPROFILEDEF(.AREA.,$,#1573,0.075);
#1575=IFCCARTESIANPOINT((0.35472089242544325,0.17377597209308637,0.95));
#1576=IFCDIRECTION((0.8980275757606158,0.43993916985591486,0.));
#1577=IFCDIRECTION((0.43993916985591486,-0.8980275757606158,0.));
#1578=IFCAXIS2PLACEMENT3D(#1575,#1576,#1577);
#1579=IFCDIRECTION((0.,0.,1.));
#1580=IFCEXTRUDEDAREASOLID(#1574,#1578,#1579,0.02);
#1581=IFCCARTESIANPOINT((0.,0.));
#1582=IFCDIRECTION((1.,0.));
#1583=IFCAXIS2PLACEMENT2D(#1581,#1582);
#1584=IFCCIRCLEPROFILEDEF(.AREA.,$,#1583,0.018);
#1585=IFCCARTESIANPOINT((0.35921103030424634,0.17597566794236594,0.93));
#1586=IFCDIRECTION((0.8858089441639814,0.4339533240016321,-0.16439898730535746));
#1587=IFCDIRECTION((0.43993916985591514,-0.8980275757606156,0.));
#1588=IFCAXIS2PLACEMENT3D(#1585,#1586,#1587);
#1589=IFCDIRECTION((0.,0.,1.));
#1590=IFCEXTRUDEDAREASOLID(#1584,#1588,#1589,0.12165525060596437);
#1591=IFCCARTESIANPOINT((0.,0.));
#1592=IFCDIRECTION((1.,0.));
#1593=IFCAXIS2PLACEMENT2D(#1591,#1592);
#1594=IFCCIRCLEPROFILEDEF(.AREA.,$,#1593,0.014);
#1595=IFCCARTESIANPOINT((0.4669743393955202,0.22876836832507574,0.91));
#1596=IFCDIRECTION((0.2839812541042967,0.13912098086683786,-0.9486832980505137));
#1597=IFCDIRECTION((0.,-0.9894177945738906,-0.1450945477285022));
#1598=IFCAXIS2PLACEMENT3D(#1595,#1596,#1597);
#1599=IFCDIRECTION((0.,0.,1.));
#1600=IFCEXTRUDEDAREASOLID(#1594,#1598,#1599,0.06324555320336765);
#1601=IFCCARTESIANPOINT((0.,0.));
#1602=IFCDIRECTION((1.,0.));
#1603=IFCAXIS2PLACEMENT2D(#1601,#1602);
#1604=IFCCIRCLEPROFILEDEF(.AREA.,$,#1603,0.022);
#1605=IFCCARTESIANPOINT((0.39513213333467095,0.19357323473660254,0.95));
#1606=IFCDIRECTION((0.,0.,1.));
#1607=IFCDIRECTION((0.,1.,0.));
#1608=IFCAXIS2PLACEMENT3D(#1605,#1606,#1607);
#1609=IFCDIRECTION((0.,0.,1.));
#1610=IFCEXTRUDEDAREASOLID(#1604,#1608,#1609,0.03);
#1611=IFCSTYLEDITEM(#1580,(#47),$);
#1612=IFCSTYLEDITEM(#1590,(#47),$);
#1613=IFCSTYLEDITEM(#1600,(#47),$);
#1614=IFCSTYLEDITEM(#1610,(#47),$);
#1615=IFCSHAPEREPRESENTATION(#16,'Body','SweptSolid',(#1580,#1590,#1600,#1610));
#1616=IFCPRODUCTDEFINITIONSHAPE($,$,(#1615));
#1617=IFCLOCALPLACEMENT(#23,#13);
#1618=IFCSANITARYTERMINAL('2O6Knwemb568byHbf7cpsa',#5,'Brollador 2 \X2\00B7\X0\ Spout 2 (promenade side)',$,'Bronze push-button drinking spout, self-closing',#1617,#1616,'RCAN-ELM-005',.SANITARYFOUNTAIN.);
#1619=IFCRELASSOCIATESMATERIAL('2vrsE0Wev3VOWbG5WGL53r',#5,$,$,(#1618),#48);
#1620=IFCPROPERTYSINGLEVALUE('Material',$,IFCLABEL('Bronze, patinated'),$);
#1621=IFCPROPERTYSINGLEVALUE('Category',$,IFCLABEL('Copper alloy'),$);
#1622=IFCPROPERTYSINGLEVALUE('Description',$,IFCLABEL('Spouts, push buttons and plaque'),$);
#1623=IFCPROPERTYSINGLEVALUE('MassDensity_kg_m3',$,IFCREAL(8800.),$);
#1624=IFCPROPERTYSET('3HYdR0T0HBjeieUcvVhGia',#5,'Pset_CDE_Material',$,(#1620,#1621,#1622,#1623));
#1625=IFCRELDEFINESBYPROPERTIES('1ffUZkRW134Oc6yYYWpGs_',#5,$,$,(#1618),#1624);
#1626=IFCPROPERTYSINGLEVALUE('GeometrySource',$,IFCLABEL('Element documented (four spouts, four-light lamp, dog bowl); its dimensions estimated'),$);
#1627=IFCPROPERTYSINGLEVALUE('Confidence',$,IFCLABEL('Medium'),$);
#1628=IFCPROPERTYSINGLEVALUE('Reference',$,IFCLABEL('Wikipedia ca \X2\00AB\X0\Font de Canaletes\X2\00BB\X0\: ferro colat, quatre brolladors, fanal de quatre llums, font per als gossos'),$);
#1629=IFCPROPERTYSET('0kHC4$6Ln4d9xaYbQ_MpGv',#5,'Pset_CDE_Provenance',$,(#1626,#1627,#1628));
#1630=IFCRELDEFINESBYPROPERTIES('2SjLsZsG5ENgZREKCUkrt4',#5,$,$,(#1618),#1629);
#1631=IFCPROPERTYSINGLEVALUE('Operation',$,IFCLABEL('Push button, timed self-closing valve'),$);
#1632=IFCPROPERTYSINGLEVALUE('FlowRate_l_min',$,IFCREAL(4.),$);
#1633=IFCPROPERTYSINGLEVALUE('Height_above_basin_mm',$,IFCINTEGER(330),$);
#1634=IFCPROPERTYSET('2LsfQHUJf02hr2JhOfwnwn',#5,'Pset_CDE_Specification',$,(#1631,#1632,#1633));
#1635=IFCRELDEFINESBYPROPERTIES('353WoaXPr6cQDR4yj$5dla',#5,$,$,(#1618),#1634);
#1636=IFCPROPERTYSINGLEVALUE('DataStatus',$,IFCLABEL('Illustrative demo values \X2\2014\X0\ not the owner''s as-built register'),$);
#1637=IFCPROPERTYSINGLEVALUE('AssetOwner',$,IFCLABEL('Ajuntament de Barcelona (operator per OSM; register values are demo)'),$);
#1638=IFCPROPERTYSINGLEVALUE('Manufacturer',$,IFCLABEL('Demo bronze foundry'),$);
#1639=IFCPROPERTYSINGLEVALUE('Model',$,IFCLABEL('Self-closing push spout, bronze'),$);
#1640=IFCPROPERTYSINGLEVALUE('SerialNumber',$,IFCLABEL('BCN-FNT-01051-007'),$);
#1641=IFCPROPERTYSINGLEVALUE('LifecycleStatus',$,IFCLABEL('In service'),$);
#1642=IFCPROPERTYSINGLEVALUE('InstallationYear',$,IFCINTEGER(2018),$);
#1643=IFCPROPERTYSINGLEVALUE('LastInspection',$,IFCLABEL('2026-07-08'),$);
#1644=IFCPROPERTYSINGLEVALUE('InspectionInterval_months',$,IFCINTEGER(3),$);
#1645=IFCPROPERTYSINGLEVALUE('NextInspection',$,IFCLABEL('2026-10-08'),$);
#1646=IFCPROPERTYSINGLEVALUE('ConditionIndex_1to5',$,IFCINTEGER(3),$);
#1647=IFCPROPERTYSINGLEVALUE('WarrantyEnd',$,IFCLABEL('2023-12-31 (expired)'),$);
#1648=IFCPROPERTYSINGLEVALUE('MaintenanceContractor',$,IFCLABEL('Demo contractor \X2\2014\X0\ fountains and heritage ironwork'),$);
#1649=IFCPROPERTYSINGLEVALUE('MaintenanceStrategy',$,IFCLABEL('Condition-based'),$);
#1650=IFCPROPERTYSINGLEVALUE('Note',$,IFCLABEL('Button sticks, cartridge on order (demo)'),$);
#1651=IFCPROPERTYSET('3WoBouUJL2ig8az83iIIPt',#5,'Pset_CDE_AssetManagement (demo)',$,(#1636,#1637,#1638,#1639,#1640,#1641,#1642,#1643,#1644,#1645,#1646,#1647,#1648,#1649,#1650));
#1652=IFCRELDEFINESBYPROPERTIES('2CS1u0sif0lwpQrfBGD16p',#5,$,$,(#1618),#1651);
#1653=IFCCARTESIANPOINT((-0.2199695849279574,0.4490137878803079,0.52));
#1654=IFCDIRECTION((0.,-1.,0.));
#1655=IFCDIRECTION((1.,0.,0.));
#1656=IFCAXIS2PLACEMENT3D(#1653,#1654,#1655);
#1657=IFCCARTESIANPOINT((0.,0.));
#1658=IFCCARTESIANPOINT((0.1,0.));
#1659=IFCCARTESIANPOINT((0.19,0.1));
#1660=IFCCARTESIANPOINT((0.21,0.15));
#1661=IFCCARTESIANPOINT((0.18,0.15));
#1662=IFCCARTESIANPOINT((0.09,0.045));
#1663=IFCCARTESIANPOINT((0.,0.045));
#1664=IFCCARTESIANPOINT((0.,0.));
#1665=IFCPOLYLINE((#1657,#1658,#1659,#1660,#1661,#1662,#1663,#1664));
#1666=IFCARBITRARYCLOSEDPROFILEDEF(.AREA.,$,#1665);
#1667=IFCCARTESIANPOINT((0.,0.,0.));
#1668=IFCDIRECTION((0.,1.,0.));
#1669=IFCAXIS1PLACEMENT(#1667,#1668);
#1670=IFCREVOLVEDAREASOLID(#1666,#1656,#1669,6.283185307179586);
#1671=IFCCARTESIANPOINT((-0.2199695849279574,0.4490137878803079,0.42));
#1672=IFCDIRECTION((0.,-1.,0.));
#1673=IFCDIRECTION((1.,0.,0.));
#1674=IFCAXIS2PLACEMENT3D(#1671,#1672,#1673);
#1675=IFCCARTESIANPOINT((0.,0.));
#1676=IFCCARTESIANPOINT((0.05,0.));
#1677=IFCCARTESIANPOINT((0.03,0.1));
#1678=IFCCARTESIANPOINT((0.,0.1));
#1679=IFCCARTESIANPOINT((0.,0.));
#1680=IFCPOLYLINE((#1675,#1676,#1677,#1678,#1679));
#1681=IFCARBITRARYCLOSEDPROFILEDEF(.AREA.,$,#1680);
#1682=IFCCARTESIANPOINT((0.,0.,0.));
#1683=IFCDIRECTION((0.,1.,0.));
#1684=IFCAXIS1PLACEMENT(#1682,#1683);
#1685=IFCREVOLVEDAREASOLID(#1681,#1674,#1684,6.283185307179586);
#1686=IFCSTYLEDITEM(#1670,(#29),$);
#1687=IFCSTYLEDITEM(#1685,(#29),$);
#1688=IFCSHAPEREPRESENTATION(#16,'Body','SweptSolid',(#1670,#1685));
#1689=IFCPRODUCTDEFINITIONSHAPE($,$,(#1688));
#1690=IFCLOCALPLACEMENT(#23,#13);
#1691=IFCSANITARYTERMINAL('0NzkQymtz7RO2GqimDIG_S',#5,'Pica 3 \X2\00B7\X0\ Basin 3 (up-Rambla)',$,'Small cast-iron basin on a corbel, drains to the channel',#1690,#1689,'RCAN-ELM-006',.SINK.);
#1692=IFCRELASSOCIATESMATERIAL('14k6Cp2Ij92RPiPD0J1CFs',#5,$,$,(#1691),#30);
#1693=IFCPROPERTYSINGLEVALUE('Material',$,IFCLABEL('Cast iron, painted very dark green'),$);
#1694=IFCPROPERTYSINGLEVALUE('Category',$,IFCLABEL('Iron'),$);
#1695=IFCPROPERTYSINGLEVALUE('Description',$,IFCLABEL('Grey cast iron, the dark green-black of Barcelona''s 19th-century street furniture'),$);
#1696=IFCPROPERTYSINGLEVALUE('MassDensity_kg_m3',$,IFCREAL(7200.),$);
#1697=IFCPROPERTYSET('3ZIBXdNfD97gGMpkcdd5HP',#5,'Pset_CDE_Material',$,(#1693,#1694,#1695,#1696));
#1698=IFCRELDEFINESBYPROPERTIES('28f_RZJYL8lQecZXVNFNDI',#5,$,$,(#1691),#1697);
#1699=IFCPROPERTYSINGLEVALUE('GeometrySource',$,IFCLABEL('Element documented (four spouts, four-light lamp, dog bowl); its dimensions estimated'),$);
#1700=IFCPROPERTYSINGLEVALUE('Confidence',$,IFCLABEL('Medium'),$);
#1701=IFCPROPERTYSINGLEVALUE('Reference',$,IFCLABEL('Wikipedia ca \X2\00AB\X0\Font de Canaletes\X2\00BB\X0\: ferro colat, quatre brolladors, fanal de quatre llums, font per als gossos'),$);
#1702=IFCPROPERTYSET('2W6oeWm3bA1BT8EPv9IEE6',#5,'Pset_CDE_Provenance',$,(#1699,#1700,#1701));
#1703=IFCRELDEFINESBYPROPERTIES('227T8pmuzCAgEp8Z17zTUT',#5,$,$,(#1691),#1702);
#1704=IFCPROPERTYSINGLEVALUE('Capacity_l',$,IFCREAL(1.5),$);
#1705=IFCPROPERTYSINGLEVALUE('Drain',$,IFCLABEL('Free fall to the perimeter channel'),$);
#1706=IFCPROPERTYSET('3TpwYtJnD42PVf2CBPRZZ8',#5,'Pset_CDE_Specification',$,(#1704,#1705));
#1707=IFCRELDEFINESBYPROPERTIES('0tOgpYJHnBDg3rBzJavjoT',#5,$,$,(#1691),#1706);
#1708=IFCPROPERTYSINGLEVALUE('DataStatus',$,IFCLABEL('Illustrative demo values \X2\2014\X0\ not the owner''s as-built register'),$);
#1709=IFCPROPERTYSINGLEVALUE('AssetOwner',$,IFCLABEL('Ajuntament de Barcelona (operator per OSM; register values are demo)'),$);
#1710=IFCPROPERTYSINGLEVALUE('Manufacturer',$,IFCLABEL('Foneria Colomer (original casting, 1892)'),$);
#1711=IFCPROPERTYSINGLEVALUE('Model',$,IFCLABEL('Font-fanal, municipal model by Pere Falqu\X2\00E9\X0\s (1889)'),$);
#1712=IFCPROPERTYSINGLEVALUE('SerialNumber',$,IFCLABEL('BCN-FNT-01051-008'),$);
#1713=IFCPROPERTYSINGLEVALUE('LifecycleStatus',$,IFCLABEL('In service'),$);
#1714=IFCPROPERTYSINGLEVALUE('InstallationYear',$,IFCINTEGER(1892),$);
#1715=IFCPROPERTYSINGLEVALUE('LastInspection',$,IFCLABEL('2026-07-08'),$);
#1716=IFCPROPERTYSINGLEVALUE('InspectionInterval_months',$,IFCINTEGER(6),$);
#1717=IFCPROPERTYSINGLEVALUE('NextInspection',$,IFCLABEL('2027-01-08'),$);
#1718=IFCPROPERTYSINGLEVALUE('ConditionIndex_1to5',$,IFCINTEGER(4),$);
#1719=IFCPROPERTYSINGLEVALUE('WarrantyEnd',$,IFCLABEL('None (heritage asset, pre-dates warranties)'),$);
#1720=IFCPROPERTYSINGLEVALUE('MaintenanceContractor',$,IFCLABEL('Demo contractor \X2\2014\X0\ fountains and heritage ironwork'),$);
#1721=IFCPROPERTYSINGLEVALUE('MaintenanceStrategy',$,IFCLABEL('Condition-based'),$);
#1722=IFCPROPERTYSET('3P6iSv9_vAKQzv2Xb7Eocp',#5,'Pset_CDE_AssetManagement (demo)',$,(#1708,#1709,#1710,#1711,#1712,#1713,#1714,#1715,#1716,#1717,#1718,#1719,#1720,#1721));
#1723=IFCRELDEFINESBYPROPERTIES('3bCnLa3SrBVwpFw8nix3z6',#5,$,$,(#1691),#1722);
#1724=IFCCARTESIANPOINT((0.,0.));
#1725=IFCDIRECTION((1.,0.));
#1726=IFCAXIS2PLACEMENT2D(#1724,#1725);
#1727=IFCCIRCLEPROFILEDEF(.AREA.,$,#1726,0.075);
#1728=IFCCARTESIANPOINT((-0.17377597209308634,0.35472089242544325,0.95));
#1729=IFCDIRECTION((-0.4399391698559148,0.8980275757606158,0.));
#1730=IFCDIRECTION((0.8980275757606158,0.4399391698559148,-0.));
#1731=IFCAXIS2PLACEMENT3D(#1728,#1729,#1730);
#1732=IFCDIRECTION((0.,0.,1.));
#1733=IFCEXTRUDEDAREASOLID(#1727,#1731,#1732,0.02);
#1734=IFCCARTESIANPOINT((0.,0.));
#1735=IFCDIRECTION((1.,0.));
#1736=IFCAXIS2PLACEMENT2D(#1734,#1735);
#1737=IFCCIRCLEPROFILEDEF(.AREA.,$,#1736,0.018);
#1738=IFCCARTESIANPOINT((-0.1759756679423659,0.35921103030424634,0.93));
#1739=IFCDIRECTION((-0.4339533240016319,0.8858089441639814,-0.1643989873053574));
#1740=IFCDIRECTION((0.8980275757606158,0.43993916985591497,-0.));
#1741=IFCAXIS2PLACEMENT3D(#1738,#1739,#1740);
#1742=IFCDIRECTION((0.,0.,1.));
#1743=IFCEXTRUDEDAREASOLID(#1737,#1741,#1742,0.12165525060596442);
#1744=IFCCARTESIANPOINT((0.,0.));
#1745=IFCDIRECTION((1.,0.));
#1746=IFCAXIS2PLACEMENT2D(#1744,#1745);
#1747=IFCCIRCLEPROFILEDEF(.AREA.,$,#1746,0.014);
#1748=IFCCARTESIANPOINT((-0.22876836832507572,0.46697433939552024,0.91));
#1749=IFCDIRECTION((-0.13912098086683786,0.2839812541042967,-0.9486832980505137));
#1750=IFCDIRECTION((0.,-0.9579994670014769,-0.2867699796437666));
#1751=IFCAXIS2PLACEMENT3D(#1748,#1749,#1750);
#1752=IFCDIRECTION((0.,0.,1.));
#1753=IFCEXTRUDEDAREASOLID(#1747,#1751,#1752,0.06324555320336765);
#1754=IFCCARTESIANPOINT((0.,0.));
#1755=IFCDIRECTION((1.,0.));
#1756=IFCAXIS2PLACEMENT2D(#1754,#1755);
#1757=IFCCIRCLEPROFILEDEF(.AREA.,$,#1756,0.022);
#1758=IFCCARTESIANPOINT((-0.1935732347366025,0.39513213333467095,0.95));
#1759=IFCDIRECTION((0.,0.,1.));
#1760=IFCDIRECTION((0.,1.,0.));
#1761=IFCAXIS2PLACEMENT3D(#1758,#1759,#1760);
#1762=IFCDIRECTION((0.,0.,1.));
#1763=IFCEXTRUDEDAREASOLID(#1757,#1761,#1762,0.03);
#1764=IFCSTYLEDITEM(#1733,(#47),$);
#1765=IFCSTYLEDITEM(#1743,(#47),$);
#1766=IFCSTYLEDITEM(#1753,(#47),$);
#1767=IFCSTYLEDITEM(#1763,(#47),$);
#1768=IFCSHAPEREPRESENTATION(#16,'Body','SweptSolid',(#1733,#1743,#1753,#1763));
#1769=IFCPRODUCTDEFINITIONSHAPE($,$,(#1768));
#1770=IFCLOCALPLACEMENT(#23,#13);
#1771=IFCSANITARYTERMINAL('1WVycxbNjB$wJnPZeMFTW_',#5,'Brollador 3 \X2\00B7\X0\ Spout 3 (up-Rambla)',$,'Bronze push-button drinking spout, self-closing',#1770,#1769,'RCAN-ELM-007',.SANITARYFOUNTAIN.);
#1772=IFCRELASSOCIATESMATERIAL('0haDMW7HvBQeBvLr0lscFW',#5,$,$,(#1771),#48);
#1773=IFCPROPERTYSINGLEVALUE('Material',$,IFCLABEL('Bronze, patinated'),$);
#1774=IFCPROPERTYSINGLEVALUE('Category',$,IFCLABEL('Copper alloy'),$);
#1775=IFCPROPERTYSINGLEVALUE('Description',$,IFCLABEL('Spouts, push buttons and plaque'),$);
#1776=IFCPROPERTYSINGLEVALUE('MassDensity_kg_m3',$,IFCREAL(8800.),$);
#1777=IFCPROPERTYSET('2mlDZSdIH2YfHPqM4bnhUx',#5,'Pset_CDE_Material',$,(#1773,#1774,#1775,#1776));
#1778=IFCRELDEFINESBYPROPERTIES('2A0AN8ieXE8u2WZqbpV_FB',#5,$,$,(#1771),#1777);
#1779=IFCPROPERTYSINGLEVALUE('GeometrySource',$,IFCLABEL('Element documented (four spouts, four-light lamp, dog bowl); its dimensions estimated'),$);
#1780=IFCPROPERTYSINGLEVALUE('Confidence',$,IFCLABEL('Medium'),$);
#1781=IFCPROPERTYSINGLEVALUE('Reference',$,IFCLABEL('Wikipedia ca \X2\00AB\X0\Font de Canaletes\X2\00BB\X0\: ferro colat, quatre brolladors, fanal de quatre llums, font per als gossos'),$);
#1782=IFCPROPERTYSET('2Dn6BumUX9cRK3YoO$cJae',#5,'Pset_CDE_Provenance',$,(#1779,#1780,#1781));
#1783=IFCRELDEFINESBYPROPERTIES('20jBYZzDjCRv8sBIGVbmID',#5,$,$,(#1771),#1782);
#1784=IFCPROPERTYSINGLEVALUE('Operation',$,IFCLABEL('Push button, timed self-closing valve'),$);
#1785=IFCPROPERTYSINGLEVALUE('FlowRate_l_min',$,IFCREAL(4.),$);
#1786=IFCPROPERTYSINGLEVALUE('Height_above_basin_mm',$,IFCINTEGER(330),$);
#1787=IFCPROPERTYSET('3BeBh1YGf92u6mFoS_RSLY',#5,'Pset_CDE_Specification',$,(#1784,#1785,#1786));
#1788=IFCRELDEFINESBYPROPERTIES('3jqmeMi390NRVkVz$fpZRD',#5,$,$,(#1771),#1787);
#1789=IFCPROPERTYSINGLEVALUE('DataStatus',$,IFCLABEL('Illustrative demo values \X2\2014\X0\ not the owner''s as-built register'),$);
#1790=IFCPROPERTYSINGLEVALUE('AssetOwner',$,IFCLABEL('Ajuntament de Barcelona (operator per OSM; register values are demo)'),$);
#1791=IFCPROPERTYSINGLEVALUE('Manufacturer',$,IFCLABEL('Demo bronze foundry'),$);
#1792=IFCPROPERTYSINGLEVALUE('Model',$,IFCLABEL('Self-closing push spout, bronze'),$);
#1793=IFCPROPERTYSINGLEVALUE('SerialNumber',$,IFCLABEL('BCN-FNT-01051-009'),$);
#1794=IFCPROPERTYSINGLEVALUE('LifecycleStatus',$,IFCLABEL('In service'),$);
#1795=IFCPROPERTYSINGLEVALUE('InstallationYear',$,IFCINTEGER(2018),$);
#1796=IFCPROPERTYSINGLEVALUE('LastInspection',$,IFCLABEL('2026-07-08'),$);
#1797=IFCPROPERTYSINGLEVALUE('InspectionInterval_months',$,IFCINTEGER(3),$);
#1798=IFCPROPERTYSINGLEVALUE('NextInspection',$,IFCLABEL('2026-10-08'),$);
#1799=IFCPROPERTYSINGLEVALUE('ConditionIndex_1to5',$,IFCINTEGER(4),$);
#1800=IFCPROPERTYSINGLEVALUE('WarrantyEnd',$,IFCLABEL('2023-12-31 (expired)'),$);
#1801=IFCPROPERTYSINGLEVALUE('MaintenanceContractor',$,IFCLABEL('Demo contractor \X2\2014\X0\ fountains and heritage ironwork'),$);
#1802=IFCPROPERTYSINGLEVALUE('MaintenanceStrategy',$,IFCLABEL('Condition-based'),$);
#1803=IFCPROPERTYSET('2yWcNfOSv6t8HYQJBDgz6_',#5,'Pset_CDE_AssetManagement (demo)',$,(#1789,#1790,#1791,#1792,#1793,#1794,#1795,#1796,#1797,#1798,#1799,#1800,#1801,#1802));
#1804=IFCRELDEFINESBYPROPERTIES('2150UfRJbCofxXKVowvSMz',#5,$,$,(#1771),#1803);
#1805=IFCCARTESIANPOINT((-0.44901378788030794,-0.21996958492795737,0.52));
#1806=IFCDIRECTION((0.,-1.,0.));
#1807=IFCDIRECTION((1.,0.,0.));
#1808=IFCAXIS2PLACEMENT3D(#1805,#1806,#1807);
#1809=IFCCARTESIANPOINT((0.,0.));
#1810=IFCCARTESIANPOINT((0.1,0.));
#1811=IFCCARTESIANPOINT((0.19,0.1));
#1812=IFCCARTESIANPOINT((0.21,0.15));
#1813=IFCCARTESIANPOINT((0.18,0.15));
#1814=IFCCARTESIANPOINT((0.09,0.045));
#1815=IFCCARTESIANPOINT((0.,0.045));
#1816=IFCCARTESIANPOINT((0.,0.));
#1817=IFCPOLYLINE((#1809,#1810,#1811,#1812,#1813,#1814,#1815,#1816));
#1818=IFCARBITRARYCLOSEDPROFILEDEF(.AREA.,$,#1817);
#1819=IFCCARTESIANPOINT((0.,0.,0.));
#1820=IFCDIRECTION((0.,1.,0.));
#1821=IFCAXIS1PLACEMENT(#1819,#1820);
#1822=IFCREVOLVEDAREASOLID(#1818,#1808,#1821,6.283185307179586);
#1823=IFCCARTESIANPOINT((-0.44901378788030794,-0.21996958492795737,0.42));
#1824=IFCDIRECTION((0.,-1.,0.));
#1825=IFCDIRECTION((1.,0.,0.));
#1826=IFCAXIS2PLACEMENT3D(#1823,#1824,#1825);
#1827=IFCCARTESIANPOINT((0.,0.));
#1828=IFCCARTESIANPOINT((0.05,0.));
#1829=IFCCARTESIANPOINT((0.03,0.1));
#1830=IFCCARTESIANPOINT((0.,0.1));
#1831=IFCCARTESIANPOINT((0.,0.));
#1832=IFCPOLYLINE((#1827,#1828,#1829,#1830,#1831));
#1833=IFCARBITRARYCLOSEDPROFILEDEF(.AREA.,$,#1832);
#1834=IFCCARTESIANPOINT((0.,0.,0.));
#1835=IFCDIRECTION((0.,1.,0.));
#1836=IFCAXIS1PLACEMENT(#1834,#1835);
#1837=IFCREVOLVEDAREASOLID(#1833,#1826,#1836,6.283185307179586);
#1838=IFCSTYLEDITEM(#1822,(#29),$);
#1839=IFCSTYLEDITEM(#1837,(#29),$);
#1840=IFCSHAPEREPRESENTATION(#16,'Body','SweptSolid',(#1822,#1837));
#1841=IFCPRODUCTDEFINITIONSHAPE($,$,(#1840));
#1842=IFCLOCALPLACEMENT(#23,#13);
#1843=IFCSANITARYTERMINAL('1Xx5Bbpqb3swEDNPndpv6E',#5,'Pica 4 \X2\00B7\X0\ Basin 4 (carriageway side)',$,'Small cast-iron basin on a corbel, drains to the channel',#1842,#1841,'RCAN-ELM-008',.SINK.);
#1844=IFCRELASSOCIATESMATERIAL('0QOV9QBsD15wqsqBBe3$BS',#5,$,$,(#1843),#30);
#1845=IFCPROPERTYSINGLEVALUE('Material',$,IFCLABEL('Cast iron, painted very dark green'),$);
#1846=IFCPROPERTYSINGLEVALUE('Category',$,IFCLABEL('Iron'),$);
#1847=IFCPROPERTYSINGLEVALUE('Description',$,IFCLABEL('Grey cast iron, the dark green-black of Barcelona''s 19th-century street furniture'),$);
#1848=IFCPROPERTYSINGLEVALUE('MassDensity_kg_m3',$,IFCREAL(7200.),$);
#1849=IFCPROPERTYSET('2cty$K81D8QBd0y_mLOEe5',#5,'Pset_CDE_Material',$,(#1845,#1846,#1847,#1848));
#1850=IFCRELDEFINESBYPROPERTIES('1bNTk19zDB1Rgu3_v2eq9u',#5,$,$,(#1843),#1849);
#1851=IFCPROPERTYSINGLEVALUE('GeometrySource',$,IFCLABEL('Element documented (four spouts, four-light lamp, dog bowl); its dimensions estimated'),$);
#1852=IFCPROPERTYSINGLEVALUE('Confidence',$,IFCLABEL('Medium'),$);
#1853=IFCPROPERTYSINGLEVALUE('Reference',$,IFCLABEL('Wikipedia ca \X2\00AB\X0\Font de Canaletes\X2\00BB\X0\: ferro colat, quatre brolladors, fanal de quatre llums, font per als gossos'),$);
#1854=IFCPROPERTYSET('2e$hjSvcnCFgRW2H0KtOLK',#5,'Pset_CDE_Provenance',$,(#1851,#1852,#1853));
#1855=IFCRELDEFINESBYPROPERTIES('0bN3TN2rv0BOkQDMqO6KBX',#5,$,$,(#1843),#1854);
#1856=IFCPROPERTYSINGLEVALUE('Capacity_l',$,IFCREAL(1.5),$);
#1857=IFCPROPERTYSINGLEVALUE('Drain',$,IFCLABEL('Free fall to the perimeter channel'),$);
#1858=IFCPROPERTYSET('0BzkzUn915yxDT8JT9O2fl',#5,'Pset_CDE_Specification',$,(#1856,#1857));
#1859=IFCRELDEFINESBYPROPERTIES('3A4GD$GxjAEexYTFiOlpHc',#5,$,$,(#1843),#1858);
#1860=IFCPROPERTYSINGLEVALUE('DataStatus',$,IFCLABEL('Illustrative demo values \X2\2014\X0\ not the owner''s as-built register'),$);
#1861=IFCPROPERTYSINGLEVALUE('AssetOwner',$,IFCLABEL('Ajuntament de Barcelona (operator per OSM; register values are demo)'),$);
#1862=IFCPROPERTYSINGLEVALUE('Manufacturer',$,IFCLABEL('Foneria Colomer (original casting, 1892)'),$);
#1863=IFCPROPERTYSINGLEVALUE('Model',$,IFCLABEL('Font-fanal, municipal model by Pere Falqu\X2\00E9\X0\s (1889)'),$);
#1864=IFCPROPERTYSINGLEVALUE('SerialNumber',$,IFCLABEL('BCN-FNT-01051-010'),$);
#1865=IFCPROPERTYSINGLEVALUE('LifecycleStatus',$,IFCLABEL('In service'),$);
#1866=IFCPROPERTYSINGLEVALUE('InstallationYear',$,IFCINTEGER(1892),$);
#1867=IFCPROPERTYSINGLEVALUE('LastInspection',$,IFCLABEL('2026-07-08'),$);
#1868=IFCPROPERTYSINGLEVALUE('InspectionInterval_months',$,IFCINTEGER(6),$);
#1869=IFCPROPERTYSINGLEVALUE('NextInspection',$,IFCLABEL('2027-01-08'),$);
#1870=IFCPROPERTYSINGLEVALUE('ConditionIndex_1to5',$,IFCINTEGER(4),$);
#1871=IFCPROPERTYSINGLEVALUE('WarrantyEnd',$,IFCLABEL('None (heritage asset, pre-dates warranties)'),$);
#1872=IFCPROPERTYSINGLEVALUE('MaintenanceContractor',$,IFCLABEL('Demo contractor \X2\2014\X0\ fountains and heritage ironwork'),$);
#1873=IFCPROPERTYSINGLEVALUE('MaintenanceStrategy',$,IFCLABEL('Condition-based'),$);
#1874=IFCPROPERTYSET('3zhDejGVH4$w5RYh4T0cxo',#5,'Pset_CDE_AssetManagement (demo)',$,(#1860,#1861,#1862,#1863,#1864,#1865,#1866,#1867,#1868,#1869,#1870,#1871,#1872,#1873));
#1875=IFCRELDEFINESBYPROPERTIES('17S5PodsT01B5TFnMm0Jqv',#5,$,$,(#1843),#1874);
#1876=IFCCARTESIANPOINT((0.,0.));
#1877=IFCDIRECTION((1.,0.));
#1878=IFCAXIS2PLACEMENT2D(#1876,#1877);
#1879=IFCCIRCLEPROFILEDEF(.AREA.,$,#1878,0.075);
#1880=IFCCARTESIANPOINT((-0.3547208924254433,-0.17377597209308634,0.95));
#1881=IFCDIRECTION((-0.8980275757606159,-0.43993916985591475,0.));
#1882=IFCDIRECTION((-0.43993916985591475,0.8980275757606159,0.));
#1883=IFCAXIS2PLACEMENT3D(#1880,#1881,#1882);
#1884=IFCDIRECTION((0.,0.,1.));
#1885=IFCEXTRUDEDAREASOLID(#1879,#1883,#1884,0.02);
#1886=IFCCARTESIANPOINT((0.,0.));
#1887=IFCDIRECTION((1.,0.));
#1888=IFCAXIS2PLACEMENT2D(#1886,#1887);
#1889=IFCCIRCLEPROFILEDEF(.AREA.,$,#1888,0.018);
#1890=IFCCARTESIANPOINT((-0.3592110303042464,-0.1759756679423659,0.93));
#1891=IFCDIRECTION((-0.8858089441639815,-0.43395332400163195,-0.16439898730535749));
#1892=IFCDIRECTION((-0.43993916985591497,0.8980275757606158,0.));
#1893=IFCAXIS2PLACEMENT3D(#1890,#1891,#1892);
#1894=IFCDIRECTION((0.,0.,1.));
#1895=IFCEXTRUDEDAREASOLID(#1889,#1893,#1894,0.12165525060596435);
#1896=IFCCARTESIANPOINT((0.,0.));
#1897=IFCDIRECTION((1.,0.));
#1898=IFCAXIS2PLACEMENT2D(#1896,#1897);
#1899=IFCCIRCLEPROFILEDEF(.AREA.,$,#1898,0.014);
#1900=IFCCARTESIANPOINT((-0.46697433939552024,-0.2287683683250757,0.91));
#1901=IFCDIRECTION((-0.2839812541042967,-0.13912098086683786,-0.9486832980505137));
#1902=IFCDIRECTION((0.,-0.9894177945738906,0.1450945477285022));
#1903=IFCAXIS2PLACEMENT3D(#1900,#1901,#1902);
#1904=IFCDIRECTION((0.,0.,1.));
#1905=IFCEXTRUDEDAREASOLID(#1899,#1903,#1904,0.06324555320336765);
#1906=IFCCARTESIANPOINT((0.,0.));
#1907=IFCDIRECTION((1.,0.));
#1908=IFCAXIS2PLACEMENT2D(#1906,#1907);
#1909=IFCCIRCLEPROFILEDEF(.AREA.,$,#1908,0.022);
#1910=IFCCARTESIANPOINT((-0.395132133334671,-0.19357323473660248,0.95));
#1911=IFCDIRECTION((0.,0.,1.));
#1912=IFCDIRECTION((0.,1.,0.));
#1913=IFCAXIS2PLACEMENT3D(#1910,#1911,#1912);
#1914=IFCDIRECTION((0.,0.,1.));
#1915=IFCEXTRUDEDAREASOLID(#1909,#1913,#1914,0.03);
#1916=IFCSTYLEDITEM(#1885,(#47),$);
#1917=IFCSTYLEDITEM(#1895,(#47),$);
#1918=IFCSTYLEDITEM(#1905,(#47),$);
#1919=IFCSTYLEDITEM(#1915,(#47),$);
#1920=IFCSHAPEREPRESENTATION(#16,'Body','SweptSolid',(#1885,#1895,#1905,#1915));
#1921=IFCPRODUCTDEFINITIONSHAPE($,$,(#1920));
#1922=IFCLOCALPLACEMENT(#23,#13);
#1923=IFCSANITARYTERMINAL('2YF6qVrPz1ogyBo657hjc$',#5,'Brollador 4 \X2\00B7\X0\ Spout 4 (carriageway side)',$,'Bronze push-button drinking spout, self-closing',#1922,#1921,'RCAN-ELM-009',.SANITARYFOUNTAIN.);
#1924=IFCRELASSOCIATESMATERIAL('0pmhqGi1H2fRplrxE0nFqo',#5,$,$,(#1923),#48);
#1925=IFCPROPERTYSINGLEVALUE('Material',$,IFCLABEL('Bronze, patinated'),$);
#1926=IFCPROPERTYSINGLEVALUE('Category',$,IFCLABEL('Copper alloy'),$);
#1927=IFCPROPERTYSINGLEVALUE('Description',$,IFCLABEL('Spouts, push buttons and plaque'),$);
#1928=IFCPROPERTYSINGLEVALUE('MassDensity_kg_m3',$,IFCREAL(8800.),$);
#1929=IFCPROPERTYSET('0zSy9tFtjDiAzbloMIhnOR',#5,'Pset_CDE_Material',$,(#1925,#1926,#1927,#1928));
#1930=IFCRELDEFINESBYPROPERTIES('3kwSEPs1PCuPp4iur1Or9i',#5,$,$,(#1923),#1929);
#1931=IFCPROPERTYSINGLEVALUE('GeometrySource',$,IFCLABEL('Element documented (four spouts, four-light lamp, dog bowl); its dimensions estimated'),$);
#1932=IFCPROPERTYSINGLEVALUE('Confidence',$,IFCLABEL('Medium'),$);
#1933=IFCPROPERTYSINGLEVALUE('Reference',$,IFCLABEL('Wikipedia ca \X2\00AB\X0\Font de Canaletes\X2\00BB\X0\: ferro colat, quatre brolladors, fanal de quatre llums, font per als gossos'),$);
#1934=IFCPROPERTYSET('1j24CztqH40RHGAZKRn_77',#5,'Pset_CDE_Provenance',$,(#1931,#1932,#1933));
#1935=IFCRELDEFINESBYPROPERTIES('2CU50Ejqv0Sv06e6yZLPpk',#5,$,$,(#1923),#1934);
#1936=IFCPROPERTYSINGLEVALUE('Operation',$,IFCLABEL('Push button, timed self-closing valve'),$);
#1937=IFCPROPERTYSINGLEVALUE('FlowRate_l_min',$,IFCREAL(4.),$);
#1938=IFCPROPERTYSINGLEVALUE('Height_above_basin_mm',$,IFCINTEGER(330),$);
#1939=IFCPROPERTYSET('2XUh6afAf4B9WRszSQ9KXK',#5,'Pset_CDE_Specification',$,(#1936,#1937,#1938));
#1940=IFCRELDEFINESBYPROPERTIES('2lK0$KS_v3$g4Oe01pcGQO',#5,$,$,(#1923),#1939);
#1941=IFCPROPERTYSINGLEVALUE('DataStatus',$,IFCLABEL('Illustrative demo values \X2\2014\X0\ not the owner''s as-built register'),$);
#1942=IFCPROPERTYSINGLEVALUE('AssetOwner',$,IFCLABEL('Ajuntament de Barcelona (operator per OSM; register values are demo)'),$);
#1943=IFCPROPERTYSINGLEVALUE('Manufacturer',$,IFCLABEL('Demo bronze foundry'),$);
#1944=IFCPROPERTYSINGLEVALUE('Model',$,IFCLABEL('Self-closing push spout, bronze'),$);
#1945=IFCPROPERTYSINGLEVALUE('SerialNumber',$,IFCLABEL('BCN-FNT-01051-011'),$);
#1946=IFCPROPERTYSINGLEVALUE('LifecycleStatus',$,IFCLABEL('In service'),$);
#1947=IFCPROPERTYSINGLEVALUE('InstallationYear',$,IFCINTEGER(2018),$);
#1948=IFCPROPERTYSINGLEVALUE('LastInspection',$,IFCLABEL('2026-07-08'),$);
#1949=IFCPROPERTYSINGLEVALUE('InspectionInterval_months',$,IFCINTEGER(3),$);
#1950=IFCPROPERTYSINGLEVALUE('NextInspection',$,IFCLABEL('2026-10-08'),$);
#1951=IFCPROPERTYSINGLEVALUE('ConditionIndex_1to5',$,IFCINTEGER(4),$);
#1952=IFCPROPERTYSINGLEVALUE('WarrantyEnd',$,IFCLABEL('2023-12-31 (expired)'),$);
#1953=IFCPROPERTYSINGLEVALUE('MaintenanceContractor',$,IFCLABEL('Demo contractor \X2\2014\X0\ fountains and heritage ironwork'),$);
#1954=IFCPROPERTYSINGLEVALUE('MaintenanceStrategy',$,IFCLABEL('Condition-based'),$);
#1955=IFCPROPERTYSET('3281Ec7Az7av2katVZezKO',#5,'Pset_CDE_AssetManagement (demo)',$,(#1941,#1942,#1943,#1944,#1945,#1946,#1947,#1948,#1949,#1950,#1951,#1952,#1953,#1954));
#1956=IFCRELDEFINESBYPROPERTIES('05BE0dWtn33hFTa97Ay$kC',#5,$,$,(#1923),#1955);
#1957=IFCCARTESIANPOINT((-0.6622597511792816,0.22674219273870488,0.22));
#1958=IFCDIRECTION((0.,-1.,0.));
#1959=IFCDIRECTION((1.,0.,0.));
#1960=IFCAXIS2PLACEMENT3D(#1957,#1958,#1959);
#1961=IFCCARTESIANPOINT((0.,0.));
#1962=IFCCARTESIANPOINT((0.12,0.));
#1963=IFCCARTESIANPOINT((0.16,0.09));
#1964=IFCCARTESIANPOINT((0.13,0.09));
#1965=IFCCARTESIANPOINT((0.1,0.03));
#1966=IFCCARTESIANPOINT((0.,0.03));
#1967=IFCCARTESIANPOINT((0.,0.));
#1968=IFCPOLYLINE((#1961,#1962,#1963,#1964,#1965,#1966,#1967));
#1969=IFCARBITRARYCLOSEDPROFILEDEF(.AREA.,$,#1968);
#1970=IFCCARTESIANPOINT((0.,0.,0.));
#1971=IFCDIRECTION((0.,1.,0.));
#1972=IFCAXIS1PLACEMENT(#1970,#1971);
#1973=IFCREVOLVEDAREASOLID(#1969,#1960,#1972,6.283185307179586);
#1974=IFCCARTESIANPOINT((0.,0.));
#1975=IFCDIRECTION((1.,0.));
#1976=IFCAXIS2PLACEMENT2D(#1974,#1975);
#1977=IFCCIRCLEPROFILEDEF(.AREA.,$,#1976,0.012);
#1978=IFCCARTESIANPOINT((-0.4351992650606708,0.14900201237114893,0.4));
#1979=IFCDIRECTION((-0.9178376153638481,0.31424605393137417,-0.2425356250363332));
#1980=IFCDIRECTION((0.3239174181981499,0.9460853588275452,-0.));
#1981=IFCAXIS2PLACEMENT3D(#1978,#1979,#1980);
#1982=IFCDIRECTION((0.,0.,1.));
#1983=IFCEXTRUDEDAREASOLID(#1977,#1981,#1982,0.1649242250247064);
#1984=IFCSTYLEDITEM(#1973,(#29),$);
#1985=IFCSTYLEDITEM(#1983,(#29),$);
#1986=IFCSHAPEREPRESENTATION(#16,'Body','SweptSolid',(#1973,#1983));
#1987=IFCPRODUCTDEFINITIONSHAPE($,$,(#1986));
#1988=IFCLOCALPLACEMENT(#23,#13);
#1989=IFCSANITARYTERMINAL('0yEUtfSv96ywSYREIzQ6sG',#5,'Abeurador per a gossos \X2\00B7\X0\ Dog bowl',$,'Low drinking bowl for dogs with its own spout',#1988,#1987,'RCAN-ELM-010',.USERDEFINED.);
#1990=IFCRELASSOCIATESMATERIAL('0yHGl_4zL3yfL0uVW6jhya',#5,$,$,(#1989),#30);
#1991=IFCPROPERTYSINGLEVALUE('Material',$,IFCLABEL('Cast iron, painted very dark green'),$);
#1992=IFCPROPERTYSINGLEVALUE('Category',$,IFCLABEL('Iron'),$);
#1993=IFCPROPERTYSINGLEVALUE('Description',$,IFCLABEL('Grey cast iron, the dark green-black of Barcelona''s 19th-century street furniture'),$);
#1994=IFCPROPERTYSINGLEVALUE('MassDensity_kg_m3',$,IFCREAL(7200.),$);
#1995=IFCPROPERTYSET('3Qlv_avNXFBBQO$Fwxltbt',#5,'Pset_CDE_Material',$,(#1991,#1992,#1993,#1994));
#1996=IFCRELDEFINESBYPROPERTIES('0$6$JqOtL9TubuQAyqWvqi',#5,$,$,(#1989),#1995);
#1997=IFCPROPERTYSINGLEVALUE('GeometrySource',$,IFCLABEL('Element documented (four spouts, four-light lamp, dog bowl); its dimensions estimated'),$);
#1998=IFCPROPERTYSINGLEVALUE('Confidence',$,IFCLABEL('Medium'),$);
#1999=IFCPROPERTYSINGLEVALUE('Reference',$,IFCLABEL('Wikipedia ca \X2\00AB\X0\Font de Canaletes\X2\00BB\X0\: ferro colat, quatre brolladors, fanal de quatre llums, font per als gossos'),$);
#2000=IFCPROPERTYSET('1OWsF7aSf5rw3ZtdIj9izB',#5,'Pset_CDE_Provenance',$,(#1997,#1998,#1999));
#2001=IFCRELDEFINESBYPROPERTIES('0CDtJZ0iDFQOnUAs5nMWHV',#5,$,$,(#1989),#2000);
#2002=IFCPROPERTYSINGLEVALUE('Height_mm',$,IFCINTEGER(310),$);
#2003=IFCPROPERTYSINGLEVALUE('Supply',$,IFCLABEL('Branch from the riser, always-on trickle (demo)'),$);
#2004=IFCPROPERTYSET('2m3vK4DX92b82EGU17lVAM',#5,'Pset_CDE_Specification',$,(#2002,#2003));
#2005=IFCRELDEFINESBYPROPERTIES('0qQQkn8wj5Z9dnkBLY4F_C',#5,$,$,(#1989),#2004);
#2006=IFCPROPERTYSINGLEVALUE('DataStatus',$,IFCLABEL('Illustrative demo values \X2\2014\X0\ not the owner''s as-built register'),$);
#2007=IFCPROPERTYSINGLEVALUE('AssetOwner',$,IFCLABEL('Ajuntament de Barcelona (operator per OSM; register values are demo)'),$);
#2008=IFCPROPERTYSINGLEVALUE('Manufacturer',$,IFCLABEL('Foneria Colomer (original casting, 1892)'),$);
#2009=IFCPROPERTYSINGLEVALUE('Model',$,IFCLABEL('Font-fanal, municipal model by Pere Falqu\X2\00E9\X0\s (1889)'),$);
#2010=IFCPROPERTYSINGLEVALUE('SerialNumber',$,IFCLABEL('BCN-FNT-01051-012'),$);
#2011=IFCPROPERTYSINGLEVALUE('LifecycleStatus',$,IFCLABEL('In service'),$);
#2012=IFCPROPERTYSINGLEVALUE('InstallationYear',$,IFCINTEGER(2018),$);
#2013=IFCPROPERTYSINGLEVALUE('LastInspection',$,IFCLABEL('2026-07-08'),$);
#2014=IFCPROPERTYSINGLEVALUE('InspectionInterval_months',$,IFCINTEGER(6),$);
#2015=IFCPROPERTYSINGLEVALUE('NextInspection',$,IFCLABEL('2027-01-08'),$);
#2016=IFCPROPERTYSINGLEVALUE('ConditionIndex_1to5',$,IFCINTEGER(4),$);
#2017=IFCPROPERTYSINGLEVALUE('WarrantyEnd',$,IFCLABEL('2023-12-31 (expired)'),$);
#2018=IFCPROPERTYSINGLEVALUE('MaintenanceContractor',$,IFCLABEL('Demo contractor \X2\2014\X0\ fountains and heritage ironwork'),$);
#2019=IFCPROPERTYSINGLEVALUE('MaintenanceStrategy',$,IFCLABEL('Condition-based'),$);
#2020=IFCPROPERTYSET('2WmhCBehP4$PPl66tsbRlU',#5,'Pset_CDE_AssetManagement (demo)',$,(#2006,#2007,#2008,#2009,#2010,#2011,#2012,#2013,#2014,#2015,#2016,#2017,#2018,#2019));
#2021=IFCRELDEFINESBYPROPERTIES('0PC9FnwiD3Qf2m0YhRSNpL',#5,$,$,(#1989),#2020);
#2022=IFCCARTESIANPOINT((0.,0.,1.16));
#2023=IFCDIRECTION((0.,-1.,0.));
#2024=IFCDIRECTION((1.,0.,0.));
#2025=IFCAXIS2PLACEMENT3D(#2022,#2023,#2024);
#2026=IFCCARTESIANPOINT((0.,0.));
#2027=IFCCARTESIANPOINT((0.3,0.));
#2028=IFCCARTESIANPOINT((0.3,0.06));
#2029=IFCCARTESIANPOINT((0.24,0.12));
#2030=IFCCARTESIANPOINT((0.24,0.18));
#2031=IFCCARTESIANPOINT((0.18,0.3));
#2032=IFCCARTESIANPOINT((0.18,0.36));
#2033=IFCCARTESIANPOINT((0.,0.36));
#2034=IFCCARTESIANPOINT((0.,0.));
#2035=IFCPOLYLINE((#2026,#2027,#2028,#2029,#2030,#2031,#2032,#2033,#2034));
#2036=IFCARBITRARYCLOSEDPROFILEDEF(.AREA.,$,#2035);
#2037=IFCCARTESIANPOINT((0.,0.,0.));
#2038=IFCDIRECTION((0.,1.,0.));
#2039=IFCAXIS1PLACEMENT(#2037,#2038);
#2040=IFCREVOLVEDAREASOLID(#2036,#2025,#2039,6.283185307179586);
#2041=IFCCARTESIANPOINT((0.06599087547838724,-0.13470413636409237));
#2042=IFCCARTESIANPOINT((0.07590069326971274,-0.10799576270010312));
#2043=IFCCARTESIANPOINT((0.1043869194888471,-0.10771894466447833));
#2044=IFCCARTESIANPOINT((0.10555837492029593,-0.07925546974301674));
#2045=IFCCARTESIANPOINT((0.132564844513304,-0.07018947213908602));
#2046=IFCCARTESIANPOINT((0.12488326736523597,-0.04275709920215577));
#2047=IFCCARTESIANPOINT((0.14776639892321608,-0.025789365041911483));
#2048=IFCCARTESIANPOINT((0.1319837154875792,-0.0020733658851603692));
#2049=IFCCARTESIANPOINT((0.1485035486574836,0.02113518479063735));
#2050=IFCCARTESIANPOINT((0.1261646779533796,0.038813322930664085));
#2051=IFCCARTESIANPOINT((0.13470413636409237,0.06599087547838722));
#2052=IFCCARTESIANPOINT((0.10799576270010312,0.07590069326971274));
#2053=IFCCARTESIANPOINT((0.10771894466447837,0.10438691948884712));
#2054=IFCCARTESIANPOINT((0.07925546974301674,0.10555837492029593));
#2055=IFCCARTESIANPOINT((0.07018947213908604,0.13256484451330397));
#2056=IFCCARTESIANPOINT((0.04275709920215577,0.12488326736523597));
#2057=IFCCARTESIANPOINT((0.025789365041911497,0.14776639892321608));
#2058=IFCCARTESIANPOINT((0.002073365885160376,0.1319837154875792));
#2059=IFCCARTESIANPOINT((-0.02113518479063734,0.14850354865748364));
#2060=IFCCARTESIANPOINT((-0.038813322930664085,0.1261646779533796));
#2061=IFCCARTESIANPOINT((-0.06599087547838722,0.13470413636409237));
#2062=IFCCARTESIANPOINT((-0.07590069326971273,0.10799576270010312));
#2063=IFCCARTESIANPOINT((-0.1043869194888471,0.10771894466447837));
#2064=IFCCARTESIANPOINT((-0.10555837492029593,0.07925546974301674));
#2065=IFCCARTESIANPOINT((-0.132564844513304,0.07018947213908606));
#2066=IFCCARTESIANPOINT((-0.12488326736523599,0.042757099202155785));
#2067=IFCCARTESIANPOINT((-0.14776639892321608,0.025789365041911497));
#2068=IFCCARTESIANPOINT((-0.1319837154875792,0.002073365885160383));
#2069=IFCCARTESIANPOINT((-0.14850354865748364,-0.021135184790637335));
#2070=IFCCARTESIANPOINT((-0.1261646779533796,-0.03881332293066407));
#2071=IFCCARTESIANPOINT((-0.13470413636409237,-0.06599087547838721));
#2072=IFCCARTESIANPOINT((-0.10799576270010312,-0.07590069326971273));
#2073=IFCCARTESIANPOINT((-0.10771894466447837,-0.1043869194888471));
#2074=IFCCARTESIANPOINT((-0.07925546974301675,-0.10555837492029593));
#2075=IFCCARTESIANPOINT((-0.07018947213908608,-0.13256484451330397));
#2076=IFCCARTESIANPOINT((-0.0427570992021558,-0.12488326736523596));
#2077=IFCCARTESIANPOINT((-0.025789365041911497,-0.14776639892321608));
#2078=IFCCARTESIANPOINT((-0.00207336588516039,-0.1319837154875792));
#2079=IFCCARTESIANPOINT((0.02113518479063732,-0.14850354865748364));
#2080=IFCCARTESIANPOINT((0.038813322930664064,-0.1261646779533796));
#2081=IFCCARTESIANPOINT((0.06599087547838724,-0.13470413636409237));
#2082=IFCPOLYLINE((#2041,#2042,#2043,#2044,#2045,#2046,#2047,#2048,#2049,#2050,#2051,#2052,#2053,#2054,#2055,#2056,#2057,#2058,#2059,#2060,#2061,#2062,#2063,#2064,#2065,#2066,#2067,#2068,#2069,#2070,#2071,#2072,#2073,#2074,#2075,#2076,#2077,#2078,#2079,#2080,#2081));
#2083=IFCARBITRARYCLOSEDPROFILEDEF(.AREA.,$,#2082);
#2084=IFCCARTESIANPOINT((0.,0.,1.52));
#2085=IFCAXIS2PLACEMENT3D(#2084,$,$);
#2086=IFCDIRECTION((0.,0.,1.));
#2087=IFCEXTRUDEDAREASOLID(#2083,#2085,#2086,1.9);
#2088=IFCCARTESIANPOINT((0.,0.,2.42));
#2089=IFCDIRECTION((0.,-1.,0.));
#2090=IFCDIRECTION((1.,0.,0.));
#2091=IFCAXIS2PLACEMENT3D(#2088,#2089,#2090);
#2092=IFCCARTESIANPOINT((0.,0.));
#2093=IFCCARTESIANPOINT((0.175,0.));
#2094=IFCCARTESIANPOINT((0.185,0.03));
#2095=IFCCARTESIANPOINT((0.175,0.07));
#2096=IFCCARTESIANPOINT((0.,0.07));
#2097=IFCCARTESIANPOINT((0.,0.));
#2098=IFCPOLYLINE((#2092,#2093,#2094,#2095,#2096,#2097));
#2099=IFCARBITRARYCLOSEDPROFILEDEF(.AREA.,$,#2098);
#2100=IFCCARTESIANPOINT((0.,0.,0.));
#2101=IFCDIRECTION((0.,1.,0.));
#2102=IFCAXIS1PLACEMENT(#2100,#2101);
#2103=IFCREVOLVEDAREASOLID(#2099,#2091,#2102,6.283185307179586);
#2104=IFCCARTESIANPOINT((0.,0.,3.42));
#2105=IFCDIRECTION((0.,-1.,0.));
#2106=IFCDIRECTION((1.,0.,0.));
#2107=IFCAXIS2PLACEMENT3D(#2104,#2105,#2106);
#2108=IFCCARTESIANPOINT((0.,0.));
#2109=IFCCARTESIANPOINT((0.17,0.));
#2110=IFCCARTESIANPOINT((0.17,0.05));
#2111=IFCCARTESIANPOINT((0.22,0.12));
#2112=IFCCARTESIANPOINT((0.3,0.24));
#2113=IFCCARTESIANPOINT((0.3,0.3));
#2114=IFCCARTESIANPOINT((0.12,0.35));
#2115=IFCCARTESIANPOINT((0.,0.35));
#2116=IFCCARTESIANPOINT((0.,0.));
#2117=IFCPOLYLINE((#2108,#2109,#2110,#2111,#2112,#2113,#2114,#2115,#2116));
#2118=IFCARBITRARYCLOSEDPROFILEDEF(.AREA.,$,#2117);
#2119=IFCCARTESIANPOINT((0.,0.,0.));
#2120=IFCDIRECTION((0.,1.,0.));
#2121=IFCAXIS1PLACEMENT(#2119,#2120);
#2122=IFCREVOLVEDAREASOLID(#2118,#2107,#2121,6.283185307179586);
#2123=IFCSTYLEDITEM(#2040,(#29),$);
#2124=IFCSTYLEDITEM(#2087,(#29),$);
#2125=IFCSTYLEDITEM(#2103,(#29),$);
#2126=IFCSTYLEDITEM(#2122,(#29),$);
#2127=IFCSHAPEREPRESENTATION(#16,'Body','SweptSolid',(#2040,#2087,#2103,#2122));
#2128=IFCPRODUCTDEFINITIONSHAPE($,$,(#2127));
#2129=IFCLOCALPLACEMENT(#23,#13);
#2130=IFCCOLUMN('3Nim7ME7L9Kgztlfa6PkdP',#5,'Columna estriada \X2\00B7\X0\ Fluted column',$,'Fluted cast-iron column with base moulding, collar and capital',#2129,#2128,'RCAN-COL-001',.USERDEFINED.);
#2131=IFCRELASSOCIATESMATERIAL('35IuDFo05ENvBypIPqgjjL',#5,$,$,(#2130),#30);
#2132=IFCPROPERTYSINGLEVALUE('Reference',$,IFCLABEL('Fluted cast-iron column with base moulding, collar and capital'),$);
#2133=IFCPROPERTYSINGLEVALUE('IsExternal',$,IFCBOOLEAN(.T.),$);
#2134=IFCPROPERTYSINGLEVALUE('LoadBearing',$,IFCBOOLEAN(.F.),$);
#2135=IFCPROPERTYSINGLEVALUE('Status',$,IFCLABEL('EXISTING'),$);
#2136=IFCPROPERTYSET('3GC8OXKanFgfuywPuFdtye',#5,'Pset_ColumnCommon',$,(#2132,#2133,#2134,#2135));
#2137=IFCRELDEFINESBYPROPERTIES('07kGcTN0T8nueUknMVBKn7',#5,$,$,(#2130),#2136);
#2138=IFCPROPERTYSINGLEVALUE('Material',$,IFCLABEL('Cast iron, painted very dark green'),$);
#2139=IFCPROPERTYSINGLEVALUE('Category',$,IFCLABEL('Iron'),$);
#2140=IFCPROPERTYSINGLEVALUE('Description',$,IFCLABEL('Grey cast iron, the dark green-black of Barcelona''s 19th-century street furniture'),$);
#2141=IFCPROPERTYSINGLEVALUE('MassDensity_kg_m3',$,IFCREAL(7200.),$);
#2142=IFCPROPERTYSET('2ahUW3Gxj8RwdE7k_k$B8T',#5,'Pset_CDE_Material',$,(#2138,#2139,#2140,#2141));
#2143=IFCRELDEFINESBYPROPERTIES('2PNf4v38z8QA1EncyQzbQD',#5,$,$,(#2130),#2142);
#2144=IFCPROPERTYSINGLEVALUE('GeometrySource',$,IFCLABEL('Proportions of the Falqu\X2\00E9\X0\s font-fanal estimated from photographs; position from OSM (ODbL)'),$);
#2145=IFCPROPERTYSINGLEVALUE('Confidence',$,IFCLABEL('Medium'),$);
#2146=IFCPROPERTYSINGLEVALUE('Reference',$,IFCLABEL('OSM node 430607924; Wikipedia ca/en \X2\00AB\X0\Font de Canaletes\X2\00BB\X0\; Wikimedia Commons \X2\00AB\X0\Category:Font de Canaletes\X2\00BB\X0\'),$);
#2147=IFCPROPERTYSET('3AHrk6o0zBTwsUyIN4xURy',#5,'Pset_CDE_Provenance',$,(#2144,#2145,#2146));
#2148=IFCRELDEFINESBYPROPERTIES('3iGza3hFD2RfZlsb$qie8p',#5,$,$,(#2130),#2147);
#2149=IFCPROPERTYSINGLEVALUE('Flutes',$,IFCINTEGER(20),$);
#2150=IFCPROPERTYSINGLEVALUE('ShaftDiameter_mm',$,IFCINTEGER(300),$);
#2151=IFCPROPERTYSINGLEVALUE('Height_mm',$,IFCINTEGER(2610),$);
#2152=IFCPROPERTYSET('1fGHqnPnXDqB7wtCHQeuHN',#5,'Pset_CDE_Specification',$,(#2149,#2150,#2151));
#2153=IFCRELDEFINESBYPROPERTIES('3B8ck6s4n4SvWhsMDK3lk4',#5,$,$,(#2130),#2152);
#2154=IFCPROPERTYSINGLEVALUE('DataStatus',$,IFCLABEL('Illustrative demo values \X2\2014\X0\ not the owner''s as-built register'),$);
#2155=IFCPROPERTYSINGLEVALUE('AssetOwner',$,IFCLABEL('Ajuntament de Barcelona (operator per OSM; register values are demo)'),$);
#2156=IFCPROPERTYSINGLEVALUE('Manufacturer',$,IFCLABEL('Foneria Colomer (original casting, 1892)'),$);
#2157=IFCPROPERTYSINGLEVALUE('Model',$,IFCLABEL('Font-fanal, municipal model by Pere Falqu\X2\00E9\X0\s (1889)'),$);
#2158=IFCPROPERTYSINGLEVALUE('SerialNumber',$,IFCLABEL('BCN-FNT-01051-013'),$);
#2159=IFCPROPERTYSINGLEVALUE('LifecycleStatus',$,IFCLABEL('In service'),$);
#2160=IFCPROPERTYSINGLEVALUE('InstallationYear',$,IFCINTEGER(1892),$);
#2161=IFCPROPERTYSINGLEVALUE('LastInspection',$,IFCLABEL('2026-07-08'),$);
#2162=IFCPROPERTYSINGLEVALUE('InspectionInterval_months',$,IFCINTEGER(12),$);
#2163=IFCPROPERTYSINGLEVALUE('NextInspection',$,IFCLABEL('2027-07-08'),$);
#2164=IFCPROPERTYSINGLEVALUE('ConditionIndex_1to5',$,IFCINTEGER(4),$);
#2165=IFCPROPERTYSINGLEVALUE('WarrantyEnd',$,IFCLABEL('None (heritage asset, pre-dates warranties)'),$);
#2166=IFCPROPERTYSINGLEVALUE('MaintenanceContractor',$,IFCLABEL('Demo contractor \X2\2014\X0\ fountains and heritage ironwork'),$);
#2167=IFCPROPERTYSINGLEVALUE('MaintenanceStrategy',$,IFCLABEL('Condition-based'),$);
#2168=IFCPROPERTYSET('3ZaNYqVgH4rxKSa7KHMOfo',#5,'Pset_CDE_AssetManagement (demo)',$,(#2154,#2155,#2156,#2157,#2158,#2159,#2160,#2161,#2162,#2163,#2164,#2165,#2166,#2167));
#2169=IFCRELDEFINESBYPROPERTIES('386FmFxzH8IefMbMay7xeT',#5,$,$,(#2130),#2168);
#2170=IFCLOCALPLACEMENT(#23,#13);
#2171=IFCELEMENTASSEMBLY('3lMKtYnjHA4geFZCmM8VcL',#5,'Fanal de quatre llums \X2\00B7\X0\ Four-light lamp',$,'Lamp crowning the fountain',#2170,$,'RCAN-ASM-002',.NOTDEFINED.,.USERDEFINED.);
#2172=IFCPROPERTYSINGLEVALUE('Lights',$,IFCINTEGER(4),$);
#2173=IFCPROPERTYSINGLEVALUE('Control',$,IFCLABEL('Street-lighting circuit, astronomical clock'),$);
#2174=IFCPROPERTYSINGLEVALUE('Retrofit',$,IFCLABEL('LED, 2021 (demo)'),$);
#2175=IFCPROPERTYSET('0bWeT0PSHDm8yMx52jwF5O',#5,'Pset_CDE_Specification',$,(#2172,#2173,#2174));
#2176=IFCRELDEFINESBYPROPERTIES('3pGzzvcRL3WBFhpvzohrGj',#5,$,$,(#2171),#2175);
#2177=IFCPROPERTYSINGLEVALUE('DataStatus',$,IFCLABEL('Illustrative demo values \X2\2014\X0\ not the owner''s as-built register'),$);
#2178=IFCPROPERTYSINGLEVALUE('AssetOwner',$,IFCLABEL('Ajuntament de Barcelona (operator per OSM; register values are demo)'),$);
#2179=IFCPROPERTYSINGLEVALUE('Manufacturer',$,IFCLABEL('Foneria Colomer (original casting, 1892)'),$);
#2180=IFCPROPERTYSINGLEVALUE('Model',$,IFCLABEL('Font-fanal, municipal model by Pere Falqu\X2\00E9\X0\s (1889)'),$);
#2181=IFCPROPERTYSINGLEVALUE('SerialNumber',$,IFCLABEL('BCN-ENL-01051-001'),$);
#2182=IFCPROPERTYSINGLEVALUE('LifecycleStatus',$,IFCLABEL('In service'),$);
#2183=IFCPROPERTYSINGLEVALUE('InstallationYear',$,IFCINTEGER(2021),$);
#2184=IFCPROPERTYSINGLEVALUE('LastInspection',$,IFCLABEL('2026-07-08'),$);
#2185=IFCPROPERTYSINGLEVALUE('InspectionInterval_months',$,IFCINTEGER(12),$);
#2186=IFCPROPERTYSINGLEVALUE('NextInspection',$,IFCLABEL('2027-07-08'),$);
#2187=IFCPROPERTYSINGLEVALUE('ConditionIndex_1to5',$,IFCINTEGER(4),$);
#2188=IFCPROPERTYSINGLEVALUE('WarrantyEnd',$,IFCLABEL('2026-12-31'),$);
#2189=IFCPROPERTYSINGLEVALUE('MaintenanceContractor',$,IFCLABEL('Demo contractor \X2\2014\X0\ public lighting'),$);
#2190=IFCPROPERTYSINGLEVALUE('MaintenanceStrategy',$,IFCLABEL('Condition-based'),$);
#2191=IFCPROPERTYSET('0BMB$EUhjA_wi53CYK3Fk5',#5,'Pset_CDE_AssetManagement (demo)',$,(#2177,#2178,#2179,#2180,#2181,#2182,#2183,#2184,#2185,#2186,#2187,#2188,#2189,#2190));
#2192=IFCRELDEFINESBYPROPERTIES('2374su6rHF3BvGOE5j2WCV',#5,$,$,(#2171),#2191);
#2193=IFCPROPERTYSINGLEVALUE('GeometrySource',$,IFCLABEL('Element documented (four spouts, four-light lamp, dog bowl); its dimensions estimated'),$);
#2194=IFCPROPERTYSINGLEVALUE('Confidence',$,IFCLABEL('Medium'),$);
#2195=IFCPROPERTYSINGLEVALUE('Reference',$,IFCLABEL('Wikipedia ca \X2\00AB\X0\Font de Canaletes\X2\00BB\X0\: ferro colat, quatre brolladors, fanal de quatre llums, font per als gossos'),$);
#2196=IFCPROPERTYSET('0Le14X5FT0KvkO5aM4CPrY',#5,'Pset_CDE_Provenance',$,(#2193,#2194,#2195));
#2197=IFCRELDEFINESBYPROPERTIES('06wGuk0qD3pBW0NpFkEoOK',#5,$,$,(#2171),#2196);
#2198=IFCCARTESIANPOINT((0.,0.,3.77));
#2199=IFCDIRECTION((0.,-1.,0.));
#2200=IFCDIRECTION((1.,0.,0.));
#2201=IFCAXIS2PLACEMENT3D(#2198,#2199,#2200);
#2202=IFCCARTESIANPOINT((0.,0.));
#2203=IFCCARTESIANPOINT((0.11,0.));
#2204=IFCCARTESIANPOINT((0.085,0.5));
#2205=IFCCARTESIANPOINT((0.075,0.8));
#2206=IFCCARTESIANPOINT((0.,0.8));
#2207=IFCCARTESIANPOINT((0.,0.));
#2208=IFCPOLYLINE((#2202,#2203,#2204,#2205,#2206,#2207));
#2209=IFCARBITRARYCLOSEDPROFILEDEF(.AREA.,$,#2208);
#2210=IFCCARTESIANPOINT((0.,0.,0.));
#2211=IFCDIRECTION((0.,1.,0.));
#2212=IFCAXIS1PLACEMENT(#2210,#2211);
#2213=IFCREVOLVEDAREASOLID(#2209,#2201,#2212,6.283185307179586);
#2214=IFCCARTESIANPOINT((0.,0.,4.22));
#2215=IFCDIRECTION((0.,-1.,0.));
#2216=IFCDIRECTION((1.,0.,0.));
#2217=IFCAXIS2PLACEMENT3D(#2214,#2215,#2216);
#2218=IFCCARTESIANPOINT((0.,0.));
#2219=IFCCARTESIANPOINT((0.13,0.));
#2220=IFCCARTESIANPOINT((0.13,0.08));
#2221=IFCCARTESIANPOINT((0.,0.08));
#2222=IFCCARTESIANPOINT((0.,0.));
#2223=IFCPOLYLINE((#2218,#2219,#2220,#2221,#2222));
#2224=IFCARBITRARYCLOSEDPROFILEDEF(.AREA.,$,#2223);
#2225=IFCCARTESIANPOINT((0.,0.,0.));
#2226=IFCDIRECTION((0.,1.,0.));
#2227=IFCAXIS1PLACEMENT(#2225,#2226);
#2228=IFCREVOLVEDAREASOLID(#2224,#2217,#2227,6.283185307179586);
#2229=IFCCARTESIANPOINT((0.,0.,4.57));
#2230=IFCDIRECTION((0.,-1.,0.));
#2231=IFCDIRECTION((1.,0.,0.));
#2232=IFCAXIS2PLACEMENT3D(#2229,#2230,#2231);
#2233=IFCCARTESIANPOINT((0.,0.));
#2234=IFCCARTESIANPOINT((0.1,0.));
#2235=IFCCARTESIANPOINT((0.12,0.05));
#2236=IFCCARTESIANPOINT((0.05,0.16));
#2237=IFCCARTESIANPOINT((0.035,0.32));
#2238=IFCCARTESIANPOINT((0.,0.44));
#2239=IFCCARTESIANPOINT((0.,0.));
#2240=IFCPOLYLINE((#2233,#2234,#2235,#2236,#2237,#2238,#2239));
#2241=IFCARBITRARYCLOSEDPROFILEDEF(.AREA.,$,#2240);
#2242=IFCCARTESIANPOINT((0.,0.,0.));
#2243=IFCDIRECTION((0.,1.,0.));
#2244=IFCAXIS1PLACEMENT(#2242,#2243);
#2245=IFCREVOLVEDAREASOLID(#2241,#2232,#2244,6.283185307179586);
#2246=IFCSTYLEDITEM(#2213,(#29),$);
#2247=IFCSTYLEDITEM(#2228,(#29),$);
#2248=IFCSTYLEDITEM(#2245,(#29),$);
#2249=IFCSHAPEREPRESENTATION(#16,'Body','SweptSolid',(#2213,#2228,#2245));
#2250=IFCPRODUCTDEFINITIONSHAPE($,$,(#2249));
#2251=IFCLOCALPLACEMENT(#23,#13);
#2252=IFCMEMBER('0sY$dB8WD3twB7DajjsuCz',#5,'Fust del fanal i coronament \X2\00B7\X0\ Lamp shaft and finial',$,'Tapered lamp shaft with arm boss and finial',#2251,#2250,'RCAN-MEM-001',.POST.);
#2253=IFCRELASSOCIATESMATERIAL('1FIZXx4b1AUfFPfoVenNhe',#5,$,$,(#2252),#30);
#2254=IFCPROPERTYSINGLEVALUE('Reference',$,IFCLABEL('Tapered lamp shaft with arm boss and finial'),$);
#2255=IFCPROPERTYSINGLEVALUE('IsExternal',$,IFCBOOLEAN(.T.),$);
#2256=IFCPROPERTYSINGLEVALUE('Status',$,IFCLABEL('EXISTING'),$);
#2257=IFCPROPERTYSET('1bYsRYxzL71xD6XLwLZSdv',#5,'Pset_MemberCommon',$,(#2254,#2255,#2256));
#2258=IFCRELDEFINESBYPROPERTIES('0Sj5h3XVv9FQiTPtzeLt5o',#5,$,$,(#2252),#2257);
#2259=IFCPROPERTYSINGLEVALUE('Material',$,IFCLABEL('Cast iron, painted very dark green'),$);
#2260=IFCPROPERTYSINGLEVALUE('Category',$,IFCLABEL('Iron'),$);
#2261=IFCPROPERTYSINGLEVALUE('Description',$,IFCLABEL('Grey cast iron, the dark green-black of Barcelona''s 19th-century street furniture'),$);
#2262=IFCPROPERTYSINGLEVALUE('MassDensity_kg_m3',$,IFCREAL(7200.),$);
#2263=IFCPROPERTYSET('2EE6DmuTbC4xDjXp65T6Ub',#5,'Pset_CDE_Material',$,(#2259,#2260,#2261,#2262));
#2264=IFCRELDEFINESBYPROPERTIES('0DHmLqThr9rgOiHqPBi$Lr',#5,$,$,(#2252),#2263);
#2265=IFCPROPERTYSINGLEVALUE('GeometrySource',$,IFCLABEL('Proportions of the Falqu\X2\00E9\X0\s font-fanal estimated from photographs; position from OSM (ODbL)'),$);
#2266=IFCPROPERTYSINGLEVALUE('Confidence',$,IFCLABEL('Medium'),$);
#2267=IFCPROPERTYSINGLEVALUE('Reference',$,IFCLABEL('OSM node 430607924; Wikipedia ca/en \X2\00AB\X0\Font de Canaletes\X2\00BB\X0\; Wikimedia Commons \X2\00AB\X0\Category:Font de Canaletes\X2\00BB\X0\'),$);
#2268=IFCPROPERTYSET('12W7O2jsX5OPD8Cfn2apZf',#5,'Pset_CDE_Provenance',$,(#2265,#2266,#2267));
#2269=IFCRELDEFINESBYPROPERTIES('2JhbhE$jPB5A0TXMyLYdcN',#5,$,$,(#2252),#2268);
#2270=IFCPROPERTYSINGLEVALUE('Height_mm',$,IFCINTEGER(1240),$);
#2271=IFCPROPERTYSET('0afpCd_5DDLvVZRsWHm_OL',#5,'Pset_CDE_Specification',$,(#2270));
#2272=IFCRELDEFINESBYPROPERTIES('1bXs6qXkXA5Agu$ECFIWnA',#5,$,$,(#2252),#2271);
#2273=IFCPROPERTYSINGLEVALUE('DataStatus',$,IFCLABEL('Illustrative demo values \X2\2014\X0\ not the owner''s as-built register'),$);
#2274=IFCPROPERTYSINGLEVALUE('AssetOwner',$,IFCLABEL('Ajuntament de Barcelona (operator per OSM; register values are demo)'),$);
#2275=IFCPROPERTYSINGLEVALUE('Manufacturer',$,IFCLABEL('Foneria Colomer (original casting, 1892)'),$);
#2276=IFCPROPERTYSINGLEVALUE('Model',$,IFCLABEL('Font-fanal, municipal model by Pere Falqu\X2\00E9\X0\s (1889)'),$);
#2277=IFCPROPERTYSINGLEVALUE('SerialNumber',$,IFCLABEL('BCN-FNT-01051-014'),$);
#2278=IFCPROPERTYSINGLEVALUE('LifecycleStatus',$,IFCLABEL('In service'),$);
#2279=IFCPROPERTYSINGLEVALUE('InstallationYear',$,IFCINTEGER(1892),$);
#2280=IFCPROPERTYSINGLEVALUE('LastInspection',$,IFCLABEL('2026-07-08'),$);
#2281=IFCPROPERTYSINGLEVALUE('InspectionInterval_months',$,IFCINTEGER(12),$);
#2282=IFCPROPERTYSINGLEVALUE('NextInspection',$,IFCLABEL('2027-07-08'),$);
#2283=IFCPROPERTYSINGLEVALUE('ConditionIndex_1to5',$,IFCINTEGER(4),$);
#2284=IFCPROPERTYSINGLEVALUE('WarrantyEnd',$,IFCLABEL('None (heritage asset, pre-dates warranties)'),$);
#2285=IFCPROPERTYSINGLEVALUE('MaintenanceContractor',$,IFCLABEL('Demo contractor \X2\2014\X0\ public lighting'),$);
#2286=IFCPROPERTYSINGLEVALUE('MaintenanceStrategy',$,IFCLABEL('Condition-based'),$);
#2287=IFCPROPERTYSET('216pq4ATf6RA664Ylhi0W2',#5,'Pset_CDE_AssetManagement (demo)',$,(#2273,#2274,#2275,#2276,#2277,#2278,#2279,#2280,#2281,#2282,#2283,#2284,#2285,#2286));
#2288=IFCRELDEFINESBYPROPERTIES('3v2DVcgDz50xIdsr4aMRoB',#5,$,$,(#2252),#2287);
#2289=IFCCARTESIANPOINT((0.,0.));
#2290=IFCDIRECTION((1.,0.));
#2291=IFCAXIS2PLACEMENT2D(#2289,#2290);
#2292=IFCCIRCLEPROFILEDEF(.AREA.,$,#2291,0.024);
#2293=IFCCARTESIANPOINT((0.05676512152965271,-0.01943504509188898,4.27));
#2294=IFCDIRECTION((0.8680859430155714,-0.29721224920357914,0.39760743763430245));
#2295=IFCDIRECTION((-0.3239174181981497,-0.9460853588275452,0.));
#2296=IFCAXIS2PLACEMENT3D(#2293,#2294,#2295);
#2297=IFCDIRECTION((0.,0.,1.));
#2298=IFCEXTRUDEDAREASOLID(#2292,#2296,#2297,0.3269556544854366);
#2299=IFCCARTESIANPOINT((0.,0.));
#2300=IFCDIRECTION((1.,0.));
#2301=IFCAXIS2PLACEMENT2D(#2299,#2300);
#2302=IFCCIRCLEPROFILEDEF(.AREA.,$,#2301,0.024);
#2303=IFCCARTESIANPOINT((0.3405907291779163,-0.11661027055133388,4.4));
#2304=IFCDIRECTION((0.9432986506863773,-0.32296331474655676,0.07669649888473541));
#2305=IFCDIRECTION((-0.3239174181981497,-0.9460853588275452,0.));
#2306=IFCAXIS2PLACEMENT3D(#2303,#2304,#2305);
#2307=IFCDIRECTION((0.,0.,1.));
#2308=IFCEXTRUDEDAREASOLID(#2302,#2306,#2307,0.2607680962081059);
#2309=IFCCARTESIANPOINT((0.,0.));
#2310=IFCDIRECTION((1.,0.));
#2311=IFCAXIS2PLACEMENT2D(#2309,#2310);
#2312=IFCCIRCLEPROFILEDEF(.AREA.,$,#2311,0.014);
#2313=IFCCARTESIANPOINT((0.06622597511792816,-0.02267421927387048,4.02));
#2314=IFCDIRECTION((0.8676265532403382,-0.2970549649283796,0.39872611141445174));
#2315=IFCDIRECTION((-0.32391741819814973,-0.9460853588275453,0.));
#2316=IFCAXIS2PLACEMENT3D(#2313,#2314,#2315);
#2317=IFCDIRECTION((0.,0.,1.));
#2318=IFCEXTRUDEDAREASOLID(#2312,#2316,#2317,0.2507987240796893);
#2319=IFCCARTESIANPOINT((0.,0.));
#2320=IFCDIRECTION((1.,0.));
#2321=IFCAXIS2PLACEMENT2D(#2319,#2320);
#2322=IFCCIRCLEPROFILEDEF(.AREA.,$,#2321,0.014);
#2323=IFCCARTESIANPOINT((0.2838256076482636,-0.09717522545944492,4.12));
#2324=IFCDIRECTION((0.4823165773597556,-0.165133874057783,0.860291533634174));
#2325=IFCDIRECTION((-0.32391741819814995,-0.9460853588275453,0.));
#2326=IFCAXIS2PLACEMENT3D(#2323,#2324,#2325);
#2327=IFCDIRECTION((0.,0.,1.));
#2328=IFCEXTRUDEDAREASOLID(#2322,#2326,#2327,0.31384709652950393);
#2329=IFCCARTESIANPOINT((0.,0.));
#2330=IFCDIRECTION((1.,0.));
#2331=IFCAXIS2PLACEMENT2D(#2329,#2330);
#2332=IFCCIRCLEPROFILEDEF(.AREA.,$,#2331,0.024);
#2333=IFCCARTESIANPOINT((0.01943504509188898,0.05676512152965271,4.27));
#2334=IFCDIRECTION((0.29721224920357914,0.8680859430155714,0.39760743763430245));
#2335=IFCDIRECTION((0.9460853588275452,-0.3239174181981497,0.));
#2336=IFCAXIS2PLACEMENT3D(#2333,#2334,#2335);
#2337=IFCDIRECTION((0.,0.,1.));
#2338=IFCEXTRUDEDAREASOLID(#2332,#2336,#2337,0.3269556544854366);
#2339=IFCCARTESIANPOINT((0.,0.));
#2340=IFCDIRECTION((1.,0.));
#2341=IFCAXIS2PLACEMENT2D(#2339,#2340);
#2342=IFCCIRCLEPROFILEDEF(.AREA.,$,#2341,0.024);
#2343=IFCCARTESIANPOINT((0.11661027055133388,0.3405907291779163,4.4));
#2344=IFCDIRECTION((0.32296331474655676,0.9432986506863773,0.07669649888473541));
#2345=IFCDIRECTION((0.9460853588275452,-0.3239174181981497,0.));
#2346=IFCAXIS2PLACEMENT3D(#2343,#2344,#2345);
#2347=IFCDIRECTION((0.,0.,1.));
#2348=IFCEXTRUDEDAREASOLID(#2342,#2346,#2347,0.2607680962081059);
#2349=IFCCARTESIANPOINT((0.,0.));
#2350=IFCDIRECTION((1.,0.));
#2351=IFCAXIS2PLACEMENT2D(#2349,#2350);
#2352=IFCCIRCLEPROFILEDEF(.AREA.,$,#2351,0.014);
#2353=IFCCARTESIANPOINT((0.02267421927387048,0.06622597511792816,4.02));
#2354=IFCDIRECTION((0.2970549649283796,0.8676265532403382,0.39872611141445174));
#2355=IFCDIRECTION((0.9460853588275453,-0.32391741819814973,0.));
#2356=IFCAXIS2PLACEMENT3D(#2353,#2354,#2355);
#2357=IFCDIRECTION((0.,0.,1.));
#2358=IFCEXTRUDEDAREASOLID(#2352,#2356,#2357,0.2507987240796893);
#2359=IFCCARTESIANPOINT((0.,0.));
#2360=IFCDIRECTION((1.,0.));
#2361=IFCAXIS2PLACEMENT2D(#2359,#2360);
#2362=IFCCIRCLEPROFILEDEF(.AREA.,$,#2361,0.014);
#2363=IFCCARTESIANPOINT((0.09717522545944492,0.2838256076482636,4.12));
#2364=IFCDIRECTION((0.165133874057783,0.4823165773597556,0.860291533634174));
#2365=IFCDIRECTION((0.9460853588275453,-0.32391741819814995,0.));
#2366=IFCAXIS2PLACEMENT3D(#2363,#2364,#2365);
#2367=IFCDIRECTION((0.,0.,1.));
#2368=IFCEXTRUDEDAREASOLID(#2362,#2366,#2367,0.31384709652950393);
#2369=IFCCARTESIANPOINT((0.,0.));
#2370=IFCDIRECTION((1.,0.));
#2371=IFCAXIS2PLACEMENT2D(#2369,#2370);
#2372=IFCCIRCLEPROFILEDEF(.AREA.,$,#2371,0.024);
#2373=IFCCARTESIANPOINT((-0.05676512152965272,0.019435045091888987,4.27));
#2374=IFCDIRECTION((-0.8680859430155713,0.29721224920357925,0.3976074376343024));
#2375=IFCDIRECTION((0.32391741819814984,0.9460853588275452,-0.));
#2376=IFCAXIS2PLACEMENT3D(#2373,#2374,#2375);
#2377=IFCDIRECTION((0.,0.,1.));
#2378=IFCEXTRUDEDAREASOLID(#2372,#2376,#2377,0.3269556544854367);
#2379=IFCCARTESIANPOINT((0.,0.));
#2380=IFCDIRECTION((1.,0.));
#2381=IFCAXIS2PLACEMENT2D(#2379,#2380);
#2382=IFCCIRCLEPROFILEDEF(.AREA.,$,#2381,0.024);
#2383=IFCCARTESIANPOINT((-0.34059072917791633,0.11661027055133394,4.4));
#2384=IFCDIRECTION((-0.9432986506863773,0.3229633147465571,0.07669649888473543));
#2385=IFCDIRECTION((0.32391741819814995,0.9460853588275451,-0.));
#2386=IFCAXIS2PLACEMENT3D(#2383,#2384,#2385);
#2387=IFCDIRECTION((0.,0.,1.));
#2388=IFCEXTRUDEDAREASOLID(#2382,#2386,#2387,0.26076809620810587);
#2389=IFCCARTESIANPOINT((0.,0.));
#2390=IFCDIRECTION((1.,0.));
#2391=IFCAXIS2PLACEMENT2D(#2389,#2390);
#2392=IFCCIRCLEPROFILEDEF(.AREA.,$,#2391,0.014);
#2393=IFCCARTESIANPOINT((-0.06622597511792817,0.022674219273870495,4.02));
#2394=IFCDIRECTION((-0.8676265532403382,0.29705496492837963,0.39872611141445174));
#2395=IFCDIRECTION((0.3239174181981498,0.9460853588275453,-0.));
#2396=IFCAXIS2PLACEMENT3D(#2393,#2394,#2395);
#2397=IFCDIRECTION((0.,0.,1.));
#2398=IFCEXTRUDEDAREASOLID(#2392,#2396,#2397,0.2507987240796893);
#2399=IFCCARTESIANPOINT((0.,0.));
#2400=IFCDIRECTION((1.,0.));
#2401=IFCAXIS2PLACEMENT2D(#2399,#2400);
#2402=IFCCIRCLEPROFILEDEF(.AREA.,$,#2401,0.014);
#2403=IFCCARTESIANPOINT((-0.2838256076482636,0.09717522545944494,4.12));
#2404=IFCDIRECTION((-0.48231657735975575,0.16513387405778307,0.860291533634174));
#2405=IFCDIRECTION((0.32391741819814995,0.9460853588275452,-0.));
#2406=IFCAXIS2PLACEMENT3D(#2403,#2404,#2405);
#2407=IFCDIRECTION((0.,0.,1.));
#2408=IFCEXTRUDEDAREASOLID(#2402,#2406,#2407,0.31384709652950393);
#2409=IFCCARTESIANPOINT((0.,0.));
#2410=IFCDIRECTION((1.,0.));
#2411=IFCAXIS2PLACEMENT2D(#2409,#2410);
#2412=IFCCIRCLEPROFILEDEF(.AREA.,$,#2411,0.024);
#2413=IFCCARTESIANPOINT((-0.01943504509188899,-0.05676512152965271,4.27));
#2414=IFCDIRECTION((-0.2972122492035794,-0.8680859430155712,0.3976074376343025));
#2415=IFCDIRECTION((-0.9460853588275451,0.32391741819815,0.));
#2416=IFCAXIS2PLACEMENT3D(#2413,#2414,#2415);
#2417=IFCDIRECTION((0.,0.,1.));
#2418=IFCEXTRUDEDAREASOLID(#2412,#2416,#2417,0.32695565448543656);
#2419=IFCCARTESIANPOINT((0.,0.));
#2420=IFCDIRECTION((1.,0.));
#2421=IFCAXIS2PLACEMENT2D(#2419,#2420);
#2422=IFCCIRCLEPROFILEDEF(.AREA.,$,#2421,0.024);
#2423=IFCCARTESIANPOINT((-0.11661027055133397,-0.3405907291779162,4.4));
#2424=IFCDIRECTION((-0.32296331474655693,-0.9432986506863773,0.0766964988847354));
#2425=IFCDIRECTION((-0.9460853588275452,0.32391741819814984,0.));
#2426=IFCAXIS2PLACEMENT3D(#2423,#2424,#2425);
#2427=IFCDIRECTION((0.,0.,1.));
#2428=IFCEXTRUDEDAREASOLID(#2422,#2426,#2427,0.260768096208106);
#2429=IFCCARTESIANPOINT((0.,0.));
#2430=IFCDIRECTION((1.,0.));
#2431=IFCAXIS2PLACEMENT2D(#2429,#2430);
#2432=IFCCIRCLEPROFILEDEF(.AREA.,$,#2431,0.014);
#2433=IFCCARTESIANPOINT((-0.022674219273870498,-0.06622597511792816,4.02));
#2434=IFCDIRECTION((-0.2970549649283797,-0.8676265532403382,0.39872611141445186));
#2435=IFCDIRECTION((-0.9460853588275452,0.3239174181981498,0.));
#2436=IFCAXIS2PLACEMENT3D(#2433,#2434,#2435);
#2437=IFCDIRECTION((0.,0.,1.));
#2438=IFCEXTRUDEDAREASOLID(#2432,#2436,#2437,0.25079872407968923);
#2439=IFCCARTESIANPOINT((0.,0.));
#2440=IFCDIRECTION((1.,0.));
#2441=IFCAXIS2PLACEMENT2D(#2439,#2440);
#2442=IFCCIRCLEPROFILEDEF(.AREA.,$,#2441,0.014);
#2443=IFCCARTESIANPOINT((-0.09717522545944496,-0.28382560764826353,4.12));
#2444=IFCDIRECTION((-0.16513387405778301,-0.48231657735975586,0.8602915336341738));
#2445=IFCDIRECTION((-0.9460853588275452,0.3239174181981498,0.));
#2446=IFCAXIS2PLACEMENT3D(#2443,#2444,#2445);
#2447=IFCDIRECTION((0.,0.,1.));
#2448=IFCEXTRUDEDAREASOLID(#2442,#2446,#2447,0.313847096529504);
#2449=IFCSTYLEDITEM(#2298,(#29),$);
#2450=IFCSTYLEDITEM(#2308,(#29),$);
#2451=IFCSTYLEDITEM(#2318,(#29),$);
#2452=IFCSTYLEDITEM(#2328,(#29),$);
#2453=IFCSTYLEDITEM(#2338,(#29),$);
#2454=IFCSTYLEDITEM(#2348,(#29),$);
#2455=IFCSTYLEDITEM(#2358,(#29),$);
#2456=IFCSTYLEDITEM(#2368,(#29),$);
#2457=IFCSTYLEDITEM(#2378,(#29),$);
#2458=IFCSTYLEDITEM(#2388,(#29),$);
#2459=IFCSTYLEDITEM(#2398,(#29),$);
#2460=IFCSTYLEDITEM(#2408,(#29),$);
#2461=IFCSTYLEDITEM(#2418,(#29),$);
#2462=IFCSTYLEDITEM(#2428,(#29),$);
#2463=IFCSTYLEDITEM(#2438,(#29),$);
#2464=IFCSTYLEDITEM(#2448,(#29),$);
#2465=IFCSHAPEREPRESENTATION(#16,'Body','SweptSolid',(#2298,#2308,#2318,#2328,#2338,#2348,#2358,#2368,#2378,#2388,#2398,#2408,#2418,#2428,#2438,#2448));
#2466=IFCPRODUCTDEFINITIONSHAPE($,$,(#2465));
#2467=IFCLOCALPLACEMENT(#23,#13);
#2468=IFCMEMBER('0NikGH8gTAWPAKkd5lXSA8',#5,'Bra\X2\00E7\X0\os del fanal \X2\00B7\X0\ Lamp arms',$,'Four cast-iron arms with scroll braces',#2467,#2466,'RCAN-MEM-002',.USERDEFINED.);
#2469=IFCRELASSOCIATESMATERIAL('3PguSB93r88RnDHeJStC1i',#5,$,$,(#2468),#30);
#2470=IFCPROPERTYSINGLEVALUE('Reference',$,IFCLABEL('Four cast-iron arms with scroll braces'),$);
#2471=IFCPROPERTYSINGLEVALUE('IsExternal',$,IFCBOOLEAN(.T.),$);
#2472=IFCPROPERTYSINGLEVALUE('Status',$,IFCLABEL('EXISTING'),$);
#2473=IFCPROPERTYSET('1cRQg78ND6GhRfzlj8ENDp',#5,'Pset_MemberCommon',$,(#2470,#2471,#2472));
#2474=IFCRELDEFINESBYPROPERTIES('2opazn5G5AoALtaCVUq$R_',#5,$,$,(#2468),#2473);
#2475=IFCPROPERTYSINGLEVALUE('Material',$,IFCLABEL('Cast iron, painted very dark green'),$);
#2476=IFCPROPERTYSINGLEVALUE('Category',$,IFCLABEL('Iron'),$);
#2477=IFCPROPERTYSINGLEVALUE('Description',$,IFCLABEL('Grey cast iron, the dark green-black of Barcelona''s 19th-century street furniture'),$);
#2478=IFCPROPERTYSINGLEVALUE('MassDensity_kg_m3',$,IFCREAL(7200.),$);
#2479=IFCPROPERTYSET('1Z_WZF4ALDvOEZvpa7Epty',#5,'Pset_CDE_Material',$,(#2475,#2476,#2477,#2478));
#2480=IFCRELDEFINESBYPROPERTIES('2Jf0wUfHfBmOhS6e7YGWOn',#5,$,$,(#2468),#2479);
#2481=IFCPROPERTYSINGLEVALUE('GeometrySource',$,IFCLABEL('Element documented (four spouts, four-light lamp, dog bowl); its dimensions estimated'),$);
#2482=IFCPROPERTYSINGLEVALUE('Confidence',$,IFCLABEL('Medium'),$);
#2483=IFCPROPERTYSINGLEVALUE('Reference',$,IFCLABEL('Wikipedia ca \X2\00AB\X0\Font de Canaletes\X2\00BB\X0\: ferro colat, quatre brolladors, fanal de quatre llums, font per als gossos'),$);
#2484=IFCPROPERTYSET('3rJXg2q3106wvGuUu9hYka',#5,'Pset_CDE_Provenance',$,(#2481,#2482,#2483));
#2485=IFCRELDEFINESBYPROPERTIES('0lb6ld_yH2bheGvAG1KFSG',#5,$,$,(#2468),#2484);
#2486=IFCPROPERTYSINGLEVALUE('Arms',$,IFCINTEGER(4),$);
#2487=IFCPROPERTYSINGLEVALUE('Reach_mm',$,IFCINTEGER(620),$);
#2488=IFCPROPERTYSET('0IctlcNDH6zez4U9hBgItb',#5,'Pset_CDE_Specification',$,(#2486,#2487));
#2489=IFCRELDEFINESBYPROPERTIES('3eBRRaVBr8PhoM6ryMvta2',#5,$,$,(#2468),#2488);
#2490=IFCPROPERTYSINGLEVALUE('DataStatus',$,IFCLABEL('Illustrative demo values \X2\2014\X0\ not the owner''s as-built register'),$);
#2491=IFCPROPERTYSINGLEVALUE('AssetOwner',$,IFCLABEL('Ajuntament de Barcelona (operator per OSM; register values are demo)'),$);
#2492=IFCPROPERTYSINGLEVALUE('Manufacturer',$,IFCLABEL('Foneria Colomer (original casting, 1892)'),$);
#2493=IFCPROPERTYSINGLEVALUE('Model',$,IFCLABEL('Font-fanal, municipal model by Pere Falqu\X2\00E9\X0\s (1889)'),$);
#2494=IFCPROPERTYSINGLEVALUE('SerialNumber',$,IFCLABEL('BCN-FNT-01051-015'),$);
#2495=IFCPROPERTYSINGLEVALUE('LifecycleStatus',$,IFCLABEL('In service'),$);
#2496=IFCPROPERTYSINGLEVALUE('InstallationYear',$,IFCINTEGER(1892),$);
#2497=IFCPROPERTYSINGLEVALUE('LastInspection',$,IFCLABEL('2026-07-08'),$);
#2498=IFCPROPERTYSINGLEVALUE('InspectionInterval_months',$,IFCINTEGER(12),$);
#2499=IFCPROPERTYSINGLEVALUE('NextInspection',$,IFCLABEL('2027-07-08'),$);
#2500=IFCPROPERTYSINGLEVALUE('ConditionIndex_1to5',$,IFCINTEGER(4),$);
#2501=IFCPROPERTYSINGLEVALUE('WarrantyEnd',$,IFCLABEL('None (heritage asset, pre-dates warranties)'),$);
#2502=IFCPROPERTYSINGLEVALUE('MaintenanceContractor',$,IFCLABEL('Demo contractor \X2\2014\X0\ public lighting'),$);
#2503=IFCPROPERTYSINGLEVALUE('MaintenanceStrategy',$,IFCLABEL('Condition-based'),$);
#2504=IFCPROPERTYSET('3BIv$g9rD03RPu8om0ZRUA',#5,'Pset_CDE_AssetManagement (demo)',$,(#2490,#2491,#2492,#2493,#2494,#2495,#2496,#2497,#2498,#2499,#2500,#2501,#2502,#2503));
#2505=IFCRELDEFINESBYPROPERTIES('3E6dqJV096UxGkF5EwMDXY',#5,$,$,(#2468),#2504);
#2506=IFCCARTESIANPOINT((0.586572922473078,-0.2008287992828528,4.5));
#2507=IFCDIRECTION((0.,-1.,0.));
#2508=IFCDIRECTION((1.,0.,0.));
#2509=IFCAXIS2PLACEMENT3D(#2506,#2507,#2508);
#2510=IFCCARTESIANPOINT((0.,0.));
#2511=IFCCARTESIANPOINT((0.1,0.));
#2512=IFCCARTESIANPOINT((0.145,0.36));
#2513=IFCCARTESIANPOINT((0.,0.36));
#2514=IFCCARTESIANPOINT((0.,0.));
#2515=IFCPOLYLINE((#2510,#2511,#2512,#2513,#2514));
#2516=IFCARBITRARYCLOSEDPROFILEDEF(.AREA.,$,#2515);
#2517=IFCCARTESIANPOINT((0.,0.,0.));
#2518=IFCDIRECTION((0.,1.,0.));
#2519=IFCAXIS1PLACEMENT(#2517,#2518);
#2520=IFCREVOLVEDAREASOLID(#2516,#2509,#2519,6.283185307179586);
#2521=IFCSTYLEDITEM(#2520,(#74),$);
#2522=IFCSHAPEREPRESENTATION(#16,'Body','SweptSolid',(#2520));
#2523=IFCPRODUCTDEFINITIONSHAPE($,$,(#2522));
#2524=IFCLOCALPLACEMENT(#23,#13);
#2525=IFCLIGHTFIXTURE('0y9jjwInXAZRtbfQWw2dYR',#5,'Lanterna 1 \X2\00B7\X0\ Lantern 1',$,'Glass lantern, inverted frustum',#2524,#2523,'RCAN-LGT-001',.POINTSOURCE.);
#2526=IFCRELASSOCIATESMATERIAL('2DxRbw94n55Rmqqi_GNhPu',#5,$,$,(#2525),#75);
#2527=IFCPROPERTYSINGLEVALUE('Reference',$,IFCLABEL('Glass lantern, inverted frustum'),$);
#2528=IFCPROPERTYSINGLEVALUE('Status',$,IFCLABEL('EXISTING'),$);
#2529=IFCPROPERTYSET('0ExI9exbX9ygtculn7thow',#5,'Pset_LightFixtureTypeCommon',$,(#2527,#2528));
#2530=IFCRELDEFINESBYPROPERTIES('0IHGspS$P97QXKLKXuetGQ',#5,$,$,(#2525),#2529);
#2531=IFCPROPERTYSINGLEVALUE('Material',$,IFCLABEL('Lantern glass, frosted'),$);
#2532=IFCPROPERTYSINGLEVALUE('Category',$,IFCLABEL('Glass'),$);
#2533=IFCPROPERTYSINGLEVALUE('MassDensity_kg_m3',$,IFCREAL(2500.),$);
#2534=IFCPROPERTYSET('1AUrtAsXvDgA1r7eBuCO3e',#5,'Pset_CDE_Material',$,(#2531,#2532,#2533));
#2535=IFCRELDEFINESBYPROPERTIES('2nLyYr7_v94wpK8tWIhnVo',#5,$,$,(#2525),#2534);
#2536=IFCPROPERTYSINGLEVALUE('GeometrySource',$,IFCLABEL('Element documented (four spouts, four-light lamp, dog bowl); its dimensions estimated'),$);
#2537=IFCPROPERTYSINGLEVALUE('Confidence',$,IFCLABEL('Medium'),$);
#2538=IFCPROPERTYSINGLEVALUE('Reference',$,IFCLABEL('Wikipedia ca \X2\00AB\X0\Font de Canaletes\X2\00BB\X0\: ferro colat, quatre brolladors, fanal de quatre llums, font per als gossos'),$);
#2539=IFCPROPERTYSET('3AklMAGQj8B8sQf9mVNR1L',#5,'Pset_CDE_Provenance',$,(#2536,#2537,#2538));
#2540=IFCRELDEFINESBYPROPERTIES('2F6gB_Owf1zQX1Z2Vx$uxx',#5,$,$,(#2525),#2539);
#2541=IFCPROPERTYSINGLEVALUE('IngressProtection',$,IFCLABEL('IP54'),$);
#2542=IFCPROPERTYSINGLEVALUE('Glazing',$,IFCLABEL('Frosted toughened glass'),$);
#2543=IFCPROPERTYSET('1GOgGPo6b6RePOtNDodQRB',#5,'Pset_CDE_Specification',$,(#2541,#2542));
#2544=IFCRELDEFINESBYPROPERTIES('3tyv3QXyb2lAX6tMcYdU4j',#5,$,$,(#2525),#2543);
#2545=IFCPROPERTYSINGLEVALUE('DataStatus',$,IFCLABEL('Illustrative demo values \X2\2014\X0\ not the owner''s as-built register'),$);
#2546=IFCPROPERTYSINGLEVALUE('AssetOwner',$,IFCLABEL('Ajuntament de Barcelona (operator per OSM; register values are demo)'),$);
#2547=IFCPROPERTYSINGLEVALUE('Manufacturer',$,IFCLABEL('Demo heritage-lantern maker'),$);
#2548=IFCPROPERTYSINGLEVALUE('Model',$,IFCLABEL('Lantern, Falqu\X2\00E9\X0\s pattern, replica glass'),$);
#2549=IFCPROPERTYSINGLEVALUE('SerialNumber',$,IFCLABEL('BCN-ENL-01051-002'),$);
#2550=IFCPROPERTYSINGLEVALUE('LifecycleStatus',$,IFCLABEL('In service'),$);
#2551=IFCPROPERTYSINGLEVALUE('InstallationYear',$,IFCINTEGER(2021),$);
#2552=IFCPROPERTYSINGLEVALUE('LastInspection',$,IFCLABEL('2026-07-08'),$);
#2553=IFCPROPERTYSINGLEVALUE('InspectionInterval_months',$,IFCINTEGER(12),$);
#2554=IFCPROPERTYSINGLEVALUE('NextInspection',$,IFCLABEL('2027-07-08'),$);
#2555=IFCPROPERTYSINGLEVALUE('ConditionIndex_1to5',$,IFCINTEGER(4),$);
#2556=IFCPROPERTYSINGLEVALUE('WarrantyEnd',$,IFCLABEL('2026-12-31'),$);
#2557=IFCPROPERTYSINGLEVALUE('MaintenanceContractor',$,IFCLABEL('Demo contractor \X2\2014\X0\ public lighting'),$);
#2558=IFCPROPERTYSINGLEVALUE('MaintenanceStrategy',$,IFCLABEL('Condition-based'),$);
#2559=IFCPROPERTYSET('1U$4C5jD90FfP67iDPXcU9',#5,'Pset_CDE_AssetManagement (demo)',$,(#2545,#2546,#2547,#2548,#2549,#2550,#2551,#2552,#2553,#2554,#2555,#2556,#2557,#2558));
#2560=IFCRELDEFINESBYPROPERTIES('1c0InHsg9BDvM8VE3GWC4U',#5,$,$,(#2525),#2559);
#2561=IFCCARTESIANPOINT((0.586572922473078,-0.2008287992828528,4.42));
#2562=IFCDIRECTION((0.,-1.,0.));
#2563=IFCDIRECTION((1.,0.,0.));
#2564=IFCAXIS2PLACEMENT3D(#2561,#2562,#2563);
#2565=IFCCARTESIANPOINT((0.,0.));
#2566=IFCCARTESIANPOINT((0.06,0.));
#2567=IFCCARTESIANPOINT((0.1,0.08));
#2568=IFCCARTESIANPOINT((0.,0.08));
#2569=IFCCARTESIANPOINT((0.,0.));
#2570=IFCPOLYLINE((#2565,#2566,#2567,#2568,#2569));
#2571=IFCARBITRARYCLOSEDPROFILEDEF(.AREA.,$,#2570);
#2572=IFCCARTESIANPOINT((0.,0.,0.));
#2573=IFCDIRECTION((0.,1.,0.));
#2574=IFCAXIS1PLACEMENT(#2572,#2573);
#2575=IFCREVOLVEDAREASOLID(#2571,#2564,#2574,6.283185307179586);
#2576=IFCCARTESIANPOINT((0.586572922473078,-0.2008287992828528,4.86));
#2577=IFCDIRECTION((0.,-1.,0.));
#2578=IFCDIRECTION((1.,0.,0.));
#2579=IFCAXIS2PLACEMENT3D(#2576,#2577,#2578);
#2580=IFCCARTESIANPOINT((0.,0.));
#2581=IFCCARTESIANPOINT((0.18,0.));
#2582=IFCCARTESIANPOINT((0.16,0.04));
#2583=IFCCARTESIANPOINT((0.06,0.13));
#2584=IFCCARTESIANPOINT((0.02,0.17));
#2585=IFCCARTESIANPOINT((0.,0.17));
#2586=IFCCARTESIANPOINT((0.,0.));
#2587=IFCPOLYLINE((#2580,#2581,#2582,#2583,#2584,#2585,#2586));
#2588=IFCARBITRARYCLOSEDPROFILEDEF(.AREA.,$,#2587);
#2589=IFCCARTESIANPOINT((0.,0.,0.));
#2590=IFCDIRECTION((0.,1.,0.));
#2591=IFCAXIS1PLACEMENT(#2589,#2590);
#2592=IFCREVOLVEDAREASOLID(#2588,#2579,#2591,6.283185307179586);
#2593=IFCCARTESIANPOINT((0.,0.));
#2594=IFCDIRECTION((1.,0.));
#2595=IFCAXIS2PLACEMENT2D(#2593,#2594);
#2596=IFCCIRCLEPROFILEDEF(.AREA.,$,#2595,0.012);
#2597=IFCCARTESIANPOINT((0.586572922473078,-0.2008287992828528,5.03));
#2598=IFCDIRECTION((0.,0.,1.));
#2599=IFCDIRECTION((0.,1.,0.));
#2600=IFCAXIS2PLACEMENT3D(#2597,#2598,#2599);
#2601=IFCDIRECTION((0.,0.,1.));
#2602=IFCEXTRUDEDAREASOLID(#2596,#2600,#2601,0.05999999999999961);
#2603=IFCCARTESIANPOINT((0.,0.));
#2604=IFCDIRECTION((1.,0.));
#2605=IFCAXIS2PLACEMENT2D(#2603,#2604);
#2606=IFCCIRCLEPROFILEDEF(.AREA.,$,#2605,0.008);
#2607=IFCCARTESIANPOINT((0.6811814583558325,-0.23322054110266777,4.5));
#2608=IFCDIRECTION((0.11734744638091041,-0.04017701099502925,0.9922778767136675));
#2609=IFCDIRECTION((-0.,0.9991812995214288,0.040456528356606784));
#2610=IFCAXIS2PLACEMENT3D(#2607,#2608,#2609);
#2611=IFCDIRECTION((0.,0.,1.));
#2612=IFCEXTRUDEDAREASOLID(#2606,#2610,#2611,0.3628015986734351);
#2613=IFCCARTESIANPOINT((0.,0.));
#2614=IFCDIRECTION((1.,0.));
#2615=IFCAXIS2PLACEMENT2D(#2613,#2614);
#2616=IFCCIRCLEPROFILEDEF(.AREA.,$,#2615,0.008);
#2617=IFCCARTESIANPOINT((0.618964664292893,-0.10622026340009832,4.5));
#2618=IFCDIRECTION((0.0401770109950291,0.11734744638091063,0.9922778767136675));
#2619=IFCDIRECTION((0.,0.9930797111911908,-0.11744227186333411));
#2620=IFCAXIS2PLACEMENT3D(#2617,#2618,#2619);
#2621=IFCDIRECTION((0.,0.,1.));
#2622=IFCEXTRUDEDAREASOLID(#2616,#2620,#2621,0.3628015986734351);
#2623=IFCCARTESIANPOINT((0.,0.));
#2624=IFCDIRECTION((1.,0.));
#2625=IFCAXIS2PLACEMENT2D(#2623,#2624);
#2626=IFCCIRCLEPROFILEDEF(.AREA.,$,#2625,0.008);
#2627=IFCCARTESIANPOINT((0.49196438659032343,-0.16843705746303783,4.5));
#2628=IFCDIRECTION((-0.11734744638091041,0.040177010995029024,0.9922778767136675));
#2629=IFCDIRECTION((0.,0.9991812995214288,-0.04045652835660655));
#2630=IFCAXIS2PLACEMENT3D(#2627,#2628,#2629);
#2631=IFCDIRECTION((0.,0.,1.));
#2632=IFCEXTRUDEDAREASOLID(#2626,#2630,#2631,0.3628015986734351);
#2633=IFCCARTESIANPOINT((0.,0.));
#2634=IFCDIRECTION((1.,0.));
#2635=IFCAXIS2PLACEMENT2D(#2633,#2634);
#2636=IFCCIRCLEPROFILEDEF(.AREA.,$,#2635,0.008);
#2637=IFCCARTESIANPOINT((0.554181180653263,-0.29543733516560733,4.5));
#2638=IFCDIRECTION((-0.0401770109950291,-0.11734744638091071,0.9922778767136675));
#2639=IFCDIRECTION((-0.,0.9930797111911908,0.1174422718633342));
#2640=IFCAXIS2PLACEMENT3D(#2637,#2638,#2639);
#2641=IFCDIRECTION((0.,0.,1.));
#2642=IFCEXTRUDEDAREASOLID(#2636,#2640,#2641,0.3628015986734351);
#2643=IFCSTYLEDITEM(#2575,(#29),$);
#2644=IFCSTYLEDITEM(#2592,(#29),$);
#2645=IFCSTYLEDITEM(#2602,(#29),$);
#2646=IFCSTYLEDITEM(#2612,(#29),$);
#2647=IFCSTYLEDITEM(#2622,(#29),$);
#2648=IFCSTYLEDITEM(#2632,(#29),$);
#2649=IFCSTYLEDITEM(#2642,(#29),$);
#2650=IFCSHAPEREPRESENTATION(#16,'Body','SweptSolid',(#2575,#2592,#2602,#2612,#2622,#2632,#2642));
#2651=IFCPRODUCTDEFINITIONSHAPE($,$,(#2650));
#2652=IFCLOCALPLACEMENT(#23,#13);
#2653=IFCMEMBER('2_1At7jOTAqeKU6WmL$2br',#5,'Cos de la lanterna 1 \X2\00B7\X0\ Lantern frame 1',$,'Lantern cup, corner ribs and cap',#2652,#2651,'RCAN-MEM-003',.USERDEFINED.);
#2654=IFCRELASSOCIATESMATERIAL('1jRhpr1A58dgnNgfZS$SZ1',#5,$,$,(#2653),#30);
#2655=IFCPROPERTYSINGLEVALUE('Reference',$,IFCLABEL('Lantern cup, corner ribs and cap'),$);
#2656=IFCPROPERTYSINGLEVALUE('IsExternal',$,IFCBOOLEAN(.T.),$);
#2657=IFCPROPERTYSINGLEVALUE('Status',$,IFCLABEL('EXISTING'),$);
#2658=IFCPROPERTYSET('39ayTirT1AKh9z8p9eZ5DZ',#5,'Pset_MemberCommon',$,(#2655,#2656,#2657));
#2659=IFCRELDEFINESBYPROPERTIES('0cMUqK$0f5qBM3k1zLoXdn',#5,$,$,(#2653),#2658);
#2660=IFCPROPERTYSINGLEVALUE('Material',$,IFCLABEL('Cast iron, painted very dark green'),$);
#2661=IFCPROPERTYSINGLEVALUE('Category',$,IFCLABEL('Iron'),$);
#2662=IFCPROPERTYSINGLEVALUE('Description',$,IFCLABEL('Grey cast iron, the dark green-black of Barcelona''s 19th-century street furniture'),$);
#2663=IFCPROPERTYSINGLEVALUE('MassDensity_kg_m3',$,IFCREAL(7200.),$);
#2664=IFCPROPERTYSET('3N8xpp7bPDoB9$sXD1f9Ca',#5,'Pset_CDE_Material',$,(#2660,#2661,#2662,#2663));
#2665=IFCRELDEFINESBYPROPERTIES('2JfAC6Cnn0tuhQouoE6603',#5,$,$,(#2653),#2664);
#2666=IFCPROPERTYSINGLEVALUE('GeometrySource',$,IFCLABEL('Element documented (four spouts, four-light lamp, dog bowl); its dimensions estimated'),$);
#2667=IFCPROPERTYSINGLEVALUE('Confidence',$,IFCLABEL('Medium'),$);
#2668=IFCPROPERTYSINGLEVALUE('Reference',$,IFCLABEL('Wikipedia ca \X2\00AB\X0\Font de Canaletes\X2\00BB\X0\: ferro colat, quatre brolladors, fanal de quatre llums, font per als gossos'),$);
#2669=IFCPROPERTYSET('2gLdAjsFvDz9gjO9kmFVt8',#5,'Pset_CDE_Provenance',$,(#2666,#2667,#2668));
#2670=IFCRELDEFINESBYPROPERTIES('3qnsxVUhr1PwE_Iqy45vWc',#5,$,$,(#2653),#2669);
#2671=IFCPROPERTYSINGLEVALUE('DataStatus',$,IFCLABEL('Illustrative demo values \X2\2014\X0\ not the owner''s as-built register'),$);
#2672=IFCPROPERTYSINGLEVALUE('AssetOwner',$,IFCLABEL('Ajuntament de Barcelona (operator per OSM; register values are demo)'),$);
#2673=IFCPROPERTYSINGLEVALUE('Manufacturer',$,IFCLABEL('Demo heritage-lantern maker'),$);
#2674=IFCPROPERTYSINGLEVALUE('Model',$,IFCLABEL('Lantern, Falqu\X2\00E9\X0\s pattern'),$);
#2675=IFCPROPERTYSINGLEVALUE('SerialNumber',$,IFCLABEL('BCN-ENL-01051-003'),$);
#2676=IFCPROPERTYSINGLEVALUE('LifecycleStatus',$,IFCLABEL('In service'),$);
#2677=IFCPROPERTYSINGLEVALUE('InstallationYear',$,IFCINTEGER(2021),$);
#2678=IFCPROPERTYSINGLEVALUE('LastInspection',$,IFCLABEL('2026-07-08'),$);
#2679=IFCPROPERTYSINGLEVALUE('InspectionInterval_months',$,IFCINTEGER(12),$);
#2680=IFCPROPERTYSINGLEVALUE('NextInspection',$,IFCLABEL('2027-07-08'),$);
#2681=IFCPROPERTYSINGLEVALUE('ConditionIndex_1to5',$,IFCINTEGER(4),$);
#2682=IFCPROPERTYSINGLEVALUE('WarrantyEnd',$,IFCLABEL('2026-12-31'),$);
#2683=IFCPROPERTYSINGLEVALUE('MaintenanceContractor',$,IFCLABEL('Demo contractor \X2\2014\X0\ public lighting'),$);
#2684=IFCPROPERTYSINGLEVALUE('MaintenanceStrategy',$,IFCLABEL('Condition-based'),$);
#2685=IFCPROPERTYSET('083R4uD4vCOwmhXZVdmZd3',#5,'Pset_CDE_AssetManagement (demo)',$,(#2671,#2672,#2673,#2674,#2675,#2676,#2677,#2678,#2679,#2680,#2681,#2682,#2683,#2684));
#2686=IFCRELDEFINESBYPROPERTIES('0BYMXGTAj4nekYCYEgOFWK',#5,$,$,(#2653),#2685);
#2687=IFCCARTESIANPOINT((0.586572922473078,-0.2008287992828528,4.68));
#2688=IFCDIRECTION((0.,-1.,0.));
#2689=IFCDIRECTION((1.,0.,0.));
#2690=IFCAXIS2PLACEMENT3D(#2687,#2688,#2689);
#2691=IFCCARTESIANPOINT((0.,-0.05));
#2692=IFCCARTESIANPOINT((0.019134171618254495,-0.04619397662556434));
#2693=IFCCARTESIANPOINT((0.03535533905932738,-0.035355339059327376));
#2694=IFCCARTESIANPOINT((0.04619397662556434,-0.01913417161825449));
#2695=IFCCARTESIANPOINT((0.05,0.));
#2696=IFCCARTESIANPOINT((0.04619397662556434,0.01913417161825449));
#2697=IFCCARTESIANPOINT((0.03535533905932738,0.035355339059327376));
#2698=IFCCARTESIANPOINT((0.019134171618254495,0.04619397662556434));
#2699=IFCCARTESIANPOINT((0.,0.05));
#2700=IFCCARTESIANPOINT((0.,-0.05));
#2701=IFCPOLYLINE((#2691,#2692,#2693,#2694,#2695,#2696,#2697,#2698,#2699,#2700));
#2702=IFCARBITRARYCLOSEDPROFILEDEF(.AREA.,$,#2701);
#2703=IFCCARTESIANPOINT((0.,0.,0.));
#2704=IFCDIRECTION((0.,1.,0.));
#2705=IFCAXIS1PLACEMENT(#2703,#2704);
#2706=IFCREVOLVEDAREASOLID(#2702,#2690,#2705,6.283185307179586);
#2707=IFCSTYLEDITEM(#2706,(#83),$);
#2708=IFCSHAPEREPRESENTATION(#16,'Body','SweptSolid',(#2706));
#2709=IFCPRODUCTDEFINITIONSHAPE($,$,(#2708));
#2710=IFCLOCALPLACEMENT(#23,#13);
#2711=IFCLAMP('3lHn7F4Hv12hGtrAFSfcJk',#5,'L\X2\00E0\X0\mpada LED 1 \X2\00B7\X0\ LED lamp 1',$,'LED retrofit lamp 25 W, 2700 K',#2710,#2709,'RCAN-ELM-011',.LED.);
#2712=IFCRELASSOCIATESMATERIAL('2EsURRL_P7GfSY14ii$nNT',#5,$,$,(#2711),#84);
#2713=IFCPROPERTYSINGLEVALUE('Material',$,IFCLABEL('LED lamp, warm white diffuser'),$);
#2714=IFCPROPERTYSINGLEVALUE('Category',$,IFCLABEL('Plastic'),$);
#2715=IFCPROPERTYSINGLEVALUE('MassDensity_kg_m3',$,IFCREAL(1200.),$);
#2716=IFCPROPERTYSET('2_CBjayWX1w8M4c01i3sr_',#5,'Pset_CDE_Material',$,(#2713,#2714,#2715));
#2717=IFCRELDEFINESBYPROPERTIES('35D3QTZF10p9HdSIEEVh2D',#5,$,$,(#2711),#2716);
#2718=IFCPROPERTYSINGLEVALUE('GeometrySource',$,IFCLABEL('Typical dimensions and detailing; position illustrative, chosen on the Rambla''s tree row'),$);
#2719=IFCPROPERTYSINGLEVALUE('Confidence',$,IFCLABEL('Low'),$);
#2720=IFCPROPERTYSINGLEVALUE('Reference',$,IFCLABEL('OSM way 306557216 (tree row) for the line; no OSM node for this object'),$);
#2721=IFCPROPERTYSET('1$k6ZFgfrD0O8q$omEL_60',#5,'Pset_CDE_Provenance',$,(#2718,#2719,#2720));
#2722=IFCRELDEFINESBYPROPERTIES('19dR66BobE6RQhjG436aO4',#5,$,$,(#2711),#2721);
#2723=IFCPROPERTYSINGLEVALUE('Power_W',$,IFCINTEGER(25),$);
#2724=IFCPROPERTYSINGLEVALUE('ColourTemperature_K',$,IFCINTEGER(2700),$);
#2725=IFCPROPERTYSINGLEVALUE('LuminousFlux_lm',$,IFCINTEGER(2600),$);
#2726=IFCPROPERTYSINGLEVALUE('Driver',$,IFCLABEL('DALI, dimmed 50 % after 01:00'),$);
#2727=IFCPROPERTYSET('1ERXoRz3fBl95b$SssMW8b',#5,'Pset_CDE_Specification',$,(#2723,#2724,#2725,#2726));
#2728=IFCRELDEFINESBYPROPERTIES('2E6n9Tefv5ph5BZNG8c8JP',#5,$,$,(#2711),#2727);
#2729=IFCPROPERTYSINGLEVALUE('DataStatus',$,IFCLABEL('Illustrative demo values \X2\2014\X0\ not the owner''s as-built register'),$);
#2730=IFCPROPERTYSINGLEVALUE('AssetOwner',$,IFCLABEL('Ajuntament de Barcelona (operator per OSM; register values are demo)'),$);
#2731=IFCPROPERTYSINGLEVALUE('Manufacturer',$,IFCLABEL('Demo LED manufacturer'),$);
#2732=IFCPROPERTYSINGLEVALUE('Model',$,IFCLABEL('LED retrofit E27 25 W'),$);
#2733=IFCPROPERTYSINGLEVALUE('SerialNumber',$,IFCLABEL('BCN-ENL-01051-004'),$);
#2734=IFCPROPERTYSINGLEVALUE('LifecycleStatus',$,IFCLABEL('In service'),$);
#2735=IFCPROPERTYSINGLEVALUE('InstallationYear',$,IFCINTEGER(2021),$);
#2736=IFCPROPERTYSINGLEVALUE('LastInspection',$,IFCLABEL('2026-07-08'),$);
#2737=IFCPROPERTYSINGLEVALUE('InspectionInterval_months',$,IFCINTEGER(12),$);
#2738=IFCPROPERTYSINGLEVALUE('NextInspection',$,IFCLABEL('2027-07-08'),$);
#2739=IFCPROPERTYSINGLEVALUE('ConditionIndex_1to5',$,IFCINTEGER(5),$);
#2740=IFCPROPERTYSINGLEVALUE('WarrantyEnd',$,IFCLABEL('2026-12-31'),$);
#2741=IFCPROPERTYSINGLEVALUE('MaintenanceContractor',$,IFCLABEL('Demo contractor \X2\2014\X0\ public lighting'),$);
#2742=IFCPROPERTYSINGLEVALUE('MaintenanceStrategy',$,IFCLABEL('Condition-based'),$);
#2743=IFCPROPERTYSINGLEVALUE('BurningHours',$,IFCINTEGER(19837),$);
#2744=IFCPROPERTYSET('1BXWa3lV597x9XweCwRfS_',#5,'Pset_CDE_AssetManagement (demo)',$,(#2729,#2730,#2731,#2732,#2733,#2734,#2735,#2736,#2737,#2738,#2739,#2740,#2741,#2742,#2743));
#2745=IFCRELDEFINESBYPROPERTIES('3jFfLAhhH6Tv1W7CMi2Ybh',#5,$,$,(#2711),#2744);
#2746=IFCCARTESIANPOINT((0.2008287992828528,0.586572922473078,4.5));
#2747=IFCDIRECTION((0.,-1.,0.));
#2748=IFCDIRECTION((1.,0.,0.));
#2749=IFCAXIS2PLACEMENT3D(#2746,#2747,#2748);
#2750=IFCCARTESIANPOINT((0.,0.));
#2751=IFCCARTESIANPOINT((0.1,0.));
#2752=IFCCARTESIANPOINT((0.145,0.36));
#2753=IFCCARTESIANPOINT((0.,0.36));
#2754=IFCCARTESIANPOINT((0.,0.));
#2755=IFCPOLYLINE((#2750,#2751,#2752,#2753,#2754));
#2756=IFCARBITRARYCLOSEDPROFILEDEF(.AREA.,$,#2755);
#2757=IFCCARTESIANPOINT((0.,0.,0.));
#2758=IFCDIRECTION((0.,1.,0.));
#2759=IFCAXIS1PLACEMENT(#2757,#2758);
#2760=IFCREVOLVEDAREASOLID(#2756,#2749,#2759,6.283185307179586);
#2761=IFCSTYLEDITEM(#2760,(#74),$);
#2762=IFCSHAPEREPRESENTATION(#16,'Body','SweptSolid',(#2760));
#2763=IFCPRODUCTDEFINITIONSHAPE($,$,(#2762));
#2764=IFCLOCALPLACEMENT(#23,#13);
#2765=IFCLIGHTFIXTURE('0HSBP_XKb6DRgF$JdxGYic',#5,'Lanterna 2 \X2\00B7\X0\ Lantern 2',$,'Glass lantern, inverted frustum',#2764,#2763,'RCAN-LGT-002',.POINTSOURCE.);
#2766=IFCRELASSOCIATESMATERIAL('2mmLB_Es1DrOvy0F6W8FTH',#5,$,$,(#2765),#75);
#2767=IFCPROPERTYSINGLEVALUE('Reference',$,IFCLABEL('Glass lantern, inverted frustum'),$);
#2768=IFCPROPERTYSINGLEVALUE('Status',$,IFCLABEL('EXISTING'),$);
#2769=IFCPROPERTYSET('1Yj3ehWXD4uPYI7H4b_l_6',#5,'Pset_LightFixtureTypeCommon',$,(#2767,#2768));
#2770=IFCRELDEFINESBYPROPERTIES('1GvBHU4brCmB_RWOzxlJ5T',#5,$,$,(#2765),#2769);
#2771=IFCPROPERTYSINGLEVALUE('Material',$,IFCLABEL('Lantern glass, frosted'),$);
#2772=IFCPROPERTYSINGLEVALUE('Category',$,IFCLABEL('Glass'),$);
#2773=IFCPROPERTYSINGLEVALUE('MassDensity_kg_m3',$,IFCREAL(2500.),$);
#2774=IFCPROPERTYSET('2i19O6iFr4ePqHaMTYdGLY',#5,'Pset_CDE_Material',$,(#2771,#2772,#2773));
#2775=IFCRELDEFINESBYPROPERTIES('3RHvUrUvrCwAysZUTQlpK0',#5,$,$,(#2765),#2774);
#2776=IFCPROPERTYSINGLEVALUE('GeometrySource',$,IFCLABEL('Element documented (four spouts, four-light lamp, dog bowl); its dimensions estimated'),$);
#2777=IFCPROPERTYSINGLEVALUE('Confidence',$,IFCLABEL('Medium'),$);
#2778=IFCPROPERTYSINGLEVALUE('Reference',$,IFCLABEL('Wikipedia ca \X2\00AB\X0\Font de Canaletes\X2\00BB\X0\: ferro colat, quatre brolladors, fanal de quatre llums, font per als gossos'),$);
#2779=IFCPROPERTYSET('3mKDJCKS17G8CxDQabO_nr',#5,'Pset_CDE_Provenance',$,(#2776,#2777,#2778));
#2780=IFCRELDEFINESBYPROPERTIES('1Yx7S398X6$ul$K4UYj5qh',#5,$,$,(#2765),#2779);
#2781=IFCPROPERTYSINGLEVALUE('IngressProtection',$,IFCLABEL('IP54'),$);
#2782=IFCPROPERTYSINGLEVALUE('Glazing',$,IFCLABEL('Frosted toughened glass'),$);
#2783=IFCPROPERTYSET('1tPx0aPTv2JP0Xlb2h5d2y',#5,'Pset_CDE_Specification',$,(#2781,#2782));
#2784=IFCRELDEFINESBYPROPERTIES('1uiTJJsrH00hdDv9mtYyvV',#5,$,$,(#2765),#2783);
#2785=IFCPROPERTYSINGLEVALUE('DataStatus',$,IFCLABEL('Illustrative demo values \X2\2014\X0\ not the owner''s as-built register'),$);
#2786=IFCPROPERTYSINGLEVALUE('AssetOwner',$,IFCLABEL('Ajuntament de Barcelona (operator per OSM; register values are demo)'),$);
#2787=IFCPROPERTYSINGLEVALUE('Manufacturer',$,IFCLABEL('Demo heritage-lantern maker'),$);
#2788=IFCPROPERTYSINGLEVALUE('Model',$,IFCLABEL('Lantern, Falqu\X2\00E9\X0\s pattern, replica glass'),$);
#2789=IFCPROPERTYSINGLEVALUE('SerialNumber',$,IFCLABEL('BCN-ENL-01051-005'),$);
#2790=IFCPROPERTYSINGLEVALUE('LifecycleStatus',$,IFCLABEL('In service'),$);
#2791=IFCPROPERTYSINGLEVALUE('InstallationYear',$,IFCINTEGER(2021),$);
#2792=IFCPROPERTYSINGLEVALUE('LastInspection',$,IFCLABEL('2026-07-08'),$);
#2793=IFCPROPERTYSINGLEVALUE('InspectionInterval_months',$,IFCINTEGER(12),$);
#2794=IFCPROPERTYSINGLEVALUE('NextInspection',$,IFCLABEL('2027-07-08'),$);
#2795=IFCPROPERTYSINGLEVALUE('ConditionIndex_1to5',$,IFCINTEGER(4),$);
#2796=IFCPROPERTYSINGLEVALUE('WarrantyEnd',$,IFCLABEL('2026-12-31'),$);
#2797=IFCPROPERTYSINGLEVALUE('MaintenanceContractor',$,IFCLABEL('Demo contractor \X2\2014\X0\ public lighting'),$);
#2798=IFCPROPERTYSINGLEVALUE('MaintenanceStrategy',$,IFCLABEL('Condition-based'),$);
#2799=IFCPROPERTYSET('2GlYlA65rEqAqhe1g$mz3K',#5,'Pset_CDE_AssetManagement (demo)',$,(#2785,#2786,#2787,#2788,#2789,#2790,#2791,#2792,#2793,#2794,#2795,#2796,#2797,#2798));
#2800=IFCRELDEFINESBYPROPERTIES('39S9hrNFz3lxOBfi9fO87H',#5,$,$,(#2765),#2799);
#2801=IFCCARTESIANPOINT((0.2008287992828528,0.586572922473078,4.42));
#2802=IFCDIRECTION((0.,-1.,0.));
#2803=IFCDIRECTION((1.,0.,0.));
#2804=IFCAXIS2PLACEMENT3D(#2801,#2802,#2803);
#2805=IFCCARTESIANPOINT((0.,0.));
#2806=IFCCARTESIANPOINT((0.06,0.));
#2807=IFCCARTESIANPOINT((0.1,0.08));
#2808=IFCCARTESIANPOINT((0.,0.08));
#2809=IFCCARTESIANPOINT((0.,0.));
#2810=IFCPOLYLINE((#2805,#2806,#2807,#2808,#2809));
#2811=IFCARBITRARYCLOSEDPROFILEDEF(.AREA.,$,#2810);
#2812=IFCCARTESIANPOINT((0.,0.,0.));
#2813=IFCDIRECTION((0.,1.,0.));
#2814=IFCAXIS1PLACEMENT(#2812,#2813);
#2815=IFCREVOLVEDAREASOLID(#2811,#2804,#2814,6.283185307179586);
#2816=IFCCARTESIANPOINT((0.2008287992828528,0.586572922473078,4.86));
#2817=IFCDIRECTION((0.,-1.,0.));
#2818=IFCDIRECTION((1.,0.,0.));
#2819=IFCAXIS2PLACEMENT3D(#2816,#2817,#2818);
#2820=IFCCARTESIANPOINT((0.,0.));
#2821=IFCCARTESIANPOINT((0.18,0.));
#2822=IFCCARTESIANPOINT((0.16,0.04));
#2823=IFCCARTESIANPOINT((0.06,0.13));
#2824=IFCCARTESIANPOINT((0.02,0.17));
#2825=IFCCARTESIANPOINT((0.,0.17));
#2826=IFCCARTESIANPOINT((0.,0.));
#2827=IFCPOLYLINE((#2820,#2821,#2822,#2823,#2824,#2825,#2826));
#2828=IFCARBITRARYCLOSEDPROFILEDEF(.AREA.,$,#2827);
#2829=IFCCARTESIANPOINT((0.,0.,0.));
#2830=IFCDIRECTION((0.,1.,0.));
#2831=IFCAXIS1PLACEMENT(#2829,#2830);
#2832=IFCREVOLVEDAREASOLID(#2828,#2819,#2831,6.283185307179586);
#2833=IFCCARTESIANPOINT((0.,0.));
#2834=IFCDIRECTION((1.,0.));
#2835=IFCAXIS2PLACEMENT2D(#2833,#2834);
#2836=IFCCIRCLEPROFILEDEF(.AREA.,$,#2835,0.012);
#2837=IFCCARTESIANPOINT((0.2008287992828528,0.586572922473078,5.03));
#2838=IFCDIRECTION((0.,0.,1.));
#2839=IFCDIRECTION((0.,1.,0.));
#2840=IFCAXIS2PLACEMENT3D(#2837,#2838,#2839);
#2841=IFCDIRECTION((0.,0.,1.));
#2842=IFCEXTRUDEDAREASOLID(#2836,#2840,#2841,0.05999999999999961);
#2843=IFCCARTESIANPOINT((0.,0.));
#2844=IFCDIRECTION((1.,0.));
#2845=IFCAXIS2PLACEMENT2D(#2843,#2844);
#2846=IFCCIRCLEPROFILEDEF(.AREA.,$,#2845,0.008);
#2847=IFCCARTESIANPOINT((0.29543733516560733,0.554181180653263,4.5));
#2848=IFCDIRECTION((0.11734744638091071,-0.0401770109950291,0.9922778767136675));
#2849=IFCDIRECTION((-0.,0.9991812995214288,0.04045652835660663));
#2850=IFCAXIS2PLACEMENT3D(#2847,#2848,#2849);
#2851=IFCDIRECTION((0.,0.,1.));
#2852=IFCEXTRUDEDAREASOLID(#2846,#2850,#2851,0.3628015986734351);
#2853=IFCCARTESIANPOINT((0.,0.));
#2854=IFCDIRECTION((1.,0.));
#2855=IFCAXIS2PLACEMENT2D(#2853,#2854);
#2856=IFCCIRCLEPROFILEDEF(.AREA.,$,#2855,0.008);
#2857=IFCCARTESIANPOINT((0.23322054110266777,0.6811814583558325,4.5));
#2858=IFCDIRECTION((0.04017701099502925,0.11734744638091041,0.9922778767136675));
#2859=IFCDIRECTION((0.,0.9930797111911908,-0.11744227186333389));
#2860=IFCAXIS2PLACEMENT3D(#2857,#2858,#2859);
#2861=IFCDIRECTION((0.,0.,1.));
#2862=IFCEXTRUDEDAREASOLID(#2856,#2860,#2861,0.3628015986734351);
#2863=IFCCARTESIANPOINT((0.,0.));
#2864=IFCDIRECTION((1.,0.));
#2865=IFCAXIS2PLACEMENT2D(#2863,#2864);
#2866=IFCCIRCLEPROFILEDEF(.AREA.,$,#2865,0.008);
#2867=IFCCARTESIANPOINT((0.10622026340009832,0.618964664292893,4.5));
#2868=IFCDIRECTION((-0.11734744638091063,0.0401770109950291,0.9922778767136675));
#2869=IFCDIRECTION((0.,0.9991812995214288,-0.04045652835660663));
#2870=IFCAXIS2PLACEMENT3D(#2867,#2868,#2869);
#2871=IFCDIRECTION((0.,0.,1.));
#2872=IFCEXTRUDEDAREASOLID(#2866,#2870,#2871,0.3628015986734351);
#2873=IFCCARTESIANPOINT((0.,0.));
#2874=IFCDIRECTION((1.,0.));
#2875=IFCAXIS2PLACEMENT2D(#2873,#2874);
#2876=IFCCIRCLEPROFILEDEF(.AREA.,$,#2875,0.008);
#2877=IFCCARTESIANPOINT((0.16843705746303783,0.4919643865903235,4.5));
#2878=IFCDIRECTION((-0.0401770109950291,-0.11734744638091041,0.9922778767136675));
#2879=IFCDIRECTION((-0.,0.9930797111911908,0.11744227186333389));
#2880=IFCAXIS2PLACEMENT3D(#2877,#2878,#2879);
#2881=IFCDIRECTION((0.,0.,1.));
#2882=IFCEXTRUDEDAREASOLID(#2876,#2880,#2881,0.3628015986734351);
#2883=IFCSTYLEDITEM(#2815,(#29),$);
#2884=IFCSTYLEDITEM(#2832,(#29),$);
#2885=IFCSTYLEDITEM(#2842,(#29),$);
#2886=IFCSTYLEDITEM(#2852,(#29),$);
#2887=IFCSTYLEDITEM(#2862,(#29),$);
#2888=IFCSTYLEDITEM(#2872,(#29),$);
#2889=IFCSTYLEDITEM(#2882,(#29),$);
#2890=IFCSHAPEREPRESENTATION(#16,'Body','SweptSolid',(#2815,#2832,#2842,#2852,#2862,#2872,#2882));
#2891=IFCPRODUCTDEFINITIONSHAPE($,$,(#2890));
#2892=IFCLOCALPLACEMENT(#23,#13);
#2893=IFCMEMBER('0Q977OmDvDBOKtqaJZPAtM',#5,'Cos de la lanterna 2 \X2\00B7\X0\ Lantern frame 2',$,'Lantern cup, corner ribs and cap',#2892,#2891,'RCAN-MEM-004',.USERDEFINED.);
#2894=IFCRELASSOCIATESMATERIAL('23xQflP$z4pfNMHFZq6ov9',#5,$,$,(#2893),#30);
#2895=IFCPROPERTYSINGLEVALUE('Reference',$,IFCLABEL('Lantern cup, corner ribs and cap'),$);
#2896=IFCPROPERTYSINGLEVALUE('IsExternal',$,IFCBOOLEAN(.T.),$);
#2897=IFCPROPERTYSINGLEVALUE('Status',$,IFCLABEL('EXISTING'),$);
#2898=IFCPROPERTYSET('0ul7WxVvHDvve0wAW31MWp',#5,'Pset_MemberCommon',$,(#2895,#2896,#2897));
#2899=IFCRELDEFINESBYPROPERTIES('3sI63RKKb2KfE1lNXTZZgP',#5,$,$,(#2893),#2898);
#2900=IFCPROPERTYSINGLEVALUE('Material',$,IFCLABEL('Cast iron, painted very dark green'),$);
#2901=IFCPROPERTYSINGLEVALUE('Category',$,IFCLABEL('Iron'),$);
#2902=IFCPROPERTYSINGLEVALUE('Description',$,IFCLABEL('Grey cast iron, the dark green-black of Barcelona''s 19th-century street furniture'),$);
#2903=IFCPROPERTYSINGLEVALUE('MassDensity_kg_m3',$,IFCREAL(7200.),$);
#2904=IFCPROPERTYSET('30aIM_b7X3G81FJ8lAJ3gr',#5,'Pset_CDE_Material',$,(#2900,#2901,#2902,#2903));
#2905=IFCRELDEFINESBYPROPERTIES('3D7VrqmML7becxZbwZMO2D',#5,$,$,(#2893),#2904);
#2906=IFCPROPERTYSINGLEVALUE('GeometrySource',$,IFCLABEL('Element documented (four spouts, four-light lamp, dog bowl); its dimensions estimated'),$);
#2907=IFCPROPERTYSINGLEVALUE('Confidence',$,IFCLABEL('Medium'),$);
#2908=IFCPROPERTYSINGLEVALUE('Reference',$,IFCLABEL('Wikipedia ca \X2\00AB\X0\Font de Canaletes\X2\00BB\X0\: ferro colat, quatre brolladors, fanal de quatre llums, font per als gossos'),$);
#2909=IFCPROPERTYSET('239fT2SQ57m9Log$hOyacr',#5,'Pset_CDE_Provenance',$,(#2906,#2907,#2908));
#2910=IFCRELDEFINESBYPROPERTIES('0AxRQSsG91DRpqmQhqFeQw',#5,$,$,(#2893),#2909);
#2911=IFCPROPERTYSINGLEVALUE('DataStatus',$,IFCLABEL('Illustrative demo values \X2\2014\X0\ not the owner''s as-built register'),$);
#2912=IFCPROPERTYSINGLEVALUE('AssetOwner',$,IFCLABEL('Ajuntament de Barcelona (operator per OSM; register values are demo)'),$);
#2913=IFCPROPERTYSINGLEVALUE('Manufacturer',$,IFCLABEL('Demo heritage-lantern maker'),$);
#2914=IFCPROPERTYSINGLEVALUE('Model',$,IFCLABEL('Lantern, Falqu\X2\00E9\X0\s pattern'),$);
#2915=IFCPROPERTYSINGLEVALUE('SerialNumber',$,IFCLABEL('BCN-ENL-01051-006'),$);
#2916=IFCPROPERTYSINGLEVALUE('LifecycleStatus',$,IFCLABEL('In service'),$);
#2917=IFCPROPERTYSINGLEVALUE('InstallationYear',$,IFCINTEGER(2021),$);
#2918=IFCPROPERTYSINGLEVALUE('LastInspection',$,IFCLABEL('2026-07-08'),$);
#2919=IFCPROPERTYSINGLEVALUE('InspectionInterval_months',$,IFCINTEGER(12),$);
#2920=IFCPROPERTYSINGLEVALUE('NextInspection',$,IFCLABEL('2027-07-08'),$);
#2921=IFCPROPERTYSINGLEVALUE('ConditionIndex_1to5',$,IFCINTEGER(4),$);
#2922=IFCPROPERTYSINGLEVALUE('WarrantyEnd',$,IFCLABEL('2026-12-31'),$);
#2923=IFCPROPERTYSINGLEVALUE('MaintenanceContractor',$,IFCLABEL('Demo contractor \X2\2014\X0\ public lighting'),$);
#2924=IFCPROPERTYSINGLEVALUE('MaintenanceStrategy',$,IFCLABEL('Condition-based'),$);
#2925=IFCPROPERTYSET('3ghYxwzOj5khcRKT_xRP8J',#5,'Pset_CDE_AssetManagement (demo)',$,(#2911,#2912,#2913,#2914,#2915,#2916,#2917,#2918,#2919,#2920,#2921,#2922,#2923,#2924));
#2926=IFCRELDEFINESBYPROPERTIES('0EL4Oj7tX2k9uGyKYHOyj0',#5,$,$,(#2893),#2925);
#2927=IFCCARTESIANPOINT((0.2008287992828528,0.586572922473078,4.68));
#2928=IFCDIRECTION((0.,-1.,0.));
#2929=IFCDIRECTION((1.,0.,0.));
#2930=IFCAXIS2PLACEMENT3D(#2927,#2928,#2929);
#2931=IFCCARTESIANPOINT((0.,-0.05));
#2932=IFCCARTESIANPOINT((0.019134171618254495,-0.04619397662556434));
#2933=IFCCARTESIANPOINT((0.03535533905932738,-0.035355339059327376));
#2934=IFCCARTESIANPOINT((0.04619397662556434,-0.01913417161825449));
#2935=IFCCARTESIANPOINT((0.05,0.));
#2936=IFCCARTESIANPOINT((0.04619397662556434,0.01913417161825449));
#2937=IFCCARTESIANPOINT((0.03535533905932738,0.035355339059327376));
#2938=IFCCARTESIANPOINT((0.019134171618254495,0.04619397662556434));
#2939=IFCCARTESIANPOINT((0.,0.05));
#2940=IFCCARTESIANPOINT((0.,-0.05));
#2941=IFCPOLYLINE((#2931,#2932,#2933,#2934,#2935,#2936,#2937,#2938,#2939,#2940));
#2942=IFCARBITRARYCLOSEDPROFILEDEF(.AREA.,$,#2941);
#2943=IFCCARTESIANPOINT((0.,0.,0.));
#2944=IFCDIRECTION((0.,1.,0.));
#2945=IFCAXIS1PLACEMENT(#2943,#2944);
#2946=IFCREVOLVEDAREASOLID(#2942,#2930,#2945,6.283185307179586);
#2947=IFCSTYLEDITEM(#2946,(#83),$);
#2948=IFCSHAPEREPRESENTATION(#16,'Body','SweptSolid',(#2946));
#2949=IFCPRODUCTDEFINITIONSHAPE($,$,(#2948));
#2950=IFCLOCALPLACEMENT(#23,#13);
#2951=IFCLAMP('3lLgjpdPr37xYeZMq_wzHD',#5,'L\X2\00E0\X0\mpada LED 2 \X2\00B7\X0\ LED lamp 2',$,'LED retrofit lamp 25 W, 2700 K',#2950,#2949,'RCAN-ELM-012',.LED.);
#2952=IFCRELASSOCIATESMATERIAL('2iLxoxUAj1XvmxwF9Rf58f',#5,$,$,(#2951),#84);
#2953=IFCPROPERTYSINGLEVALUE('Material',$,IFCLABEL('LED lamp, warm white diffuser'),$);
#2954=IFCPROPERTYSINGLEVALUE('Category',$,IFCLABEL('Plastic'),$);
#2955=IFCPROPERTYSINGLEVALUE('MassDensity_kg_m3',$,IFCREAL(1200.),$);
#2956=IFCPROPERTYSET('0tVCkqs8H4cxkD2KOUytsL',#5,'Pset_CDE_Material',$,(#2953,#2954,#2955));
#2957=IFCRELDEFINESBYPROPERTIES('2WFOJ7IU10nxq6gjX5iOnt',#5,$,$,(#2951),#2956);
#2958=IFCPROPERTYSINGLEVALUE('GeometrySource',$,IFCLABEL('Typical dimensions and detailing; position illustrative, chosen on the Rambla''s tree row'),$);
#2959=IFCPROPERTYSINGLEVALUE('Confidence',$,IFCLABEL('Low'),$);
#2960=IFCPROPERTYSINGLEVALUE('Reference',$,IFCLABEL('OSM way 306557216 (tree row) for the line; no OSM node for this object'),$);
#2961=IFCPROPERTYSET('11HVKPVWf2JxLM4g4vt2TT',#5,'Pset_CDE_Provenance',$,(#2958,#2959,#2960));
#2962=IFCRELDEFINESBYPROPERTIES('0_oCU8xxTDBuQfNqNJ3OrA',#5,$,$,(#2951),#2961);
#2963=IFCPROPERTYSINGLEVALUE('Power_W',$,IFCINTEGER(25),$);
#2964=IFCPROPERTYSINGLEVALUE('ColourTemperature_K',$,IFCINTEGER(2700),$);
#2965=IFCPROPERTYSINGLEVALUE('LuminousFlux_lm',$,IFCINTEGER(2600),$);
#2966=IFCPROPERTYSINGLEVALUE('Driver',$,IFCLABEL('DALI, dimmed 50 % after 01:00'),$);
#2967=IFCPROPERTYSET('1nk5QjYw52hRd2pRpGqUez',#5,'Pset_CDE_Specification',$,(#2963,#2964,#2965,#2966));
#2968=IFCRELDEFINESBYPROPERTIES('3UvjDtkb55weQhO79tnWBQ',#5,$,$,(#2951),#2967);
#2969=IFCPROPERTYSINGLEVALUE('DataStatus',$,IFCLABEL('Illustrative demo values \X2\2014\X0\ not the owner''s as-built register'),$);
#2970=IFCPROPERTYSINGLEVALUE('AssetOwner',$,IFCLABEL('Ajuntament de Barcelona (operator per OSM; register values are demo)'),$);
#2971=IFCPROPERTYSINGLEVALUE('Manufacturer',$,IFCLABEL('Demo LED manufacturer'),$);
#2972=IFCPROPERTYSINGLEVALUE('Model',$,IFCLABEL('LED retrofit E27 25 W'),$);
#2973=IFCPROPERTYSINGLEVALUE('SerialNumber',$,IFCLABEL('BCN-ENL-01051-007'),$);
#2974=IFCPROPERTYSINGLEVALUE('LifecycleStatus',$,IFCLABEL('In service'),$);
#2975=IFCPROPERTYSINGLEVALUE('InstallationYear',$,IFCINTEGER(2021),$);
#2976=IFCPROPERTYSINGLEVALUE('LastInspection',$,IFCLABEL('2026-07-08'),$);
#2977=IFCPROPERTYSINGLEVALUE('InspectionInterval_months',$,IFCINTEGER(12),$);
#2978=IFCPROPERTYSINGLEVALUE('NextInspection',$,IFCLABEL('2027-07-08'),$);
#2979=IFCPROPERTYSINGLEVALUE('ConditionIndex_1to5',$,IFCINTEGER(5),$);
#2980=IFCPROPERTYSINGLEVALUE('WarrantyEnd',$,IFCLABEL('2026-12-31'),$);
#2981=IFCPROPERTYSINGLEVALUE('MaintenanceContractor',$,IFCLABEL('Demo contractor \X2\2014\X0\ public lighting'),$);
#2982=IFCPROPERTYSINGLEVALUE('MaintenanceStrategy',$,IFCLABEL('Condition-based'),$);
#2983=IFCPROPERTYSINGLEVALUE('BurningHours',$,IFCINTEGER(19874),$);
#2984=IFCPROPERTYSET('19wmytnHnF6vQnafjxW1w9',#5,'Pset_CDE_AssetManagement (demo)',$,(#2969,#2970,#2971,#2972,#2973,#2974,#2975,#2976,#2977,#2978,#2979,#2980,#2981,#2982,#2983));
#2985=IFCRELDEFINESBYPROPERTIES('0fHOAKPdj3gQJeuo2Xl04u',#5,$,$,(#2951),#2984);
#2986=IFCCARTESIANPOINT((-0.586572922473078,0.2008287992828529,4.5));
#2987=IFCDIRECTION((0.,-1.,0.));
#2988=IFCDIRECTION((1.,0.,0.));
#2989=IFCAXIS2PLACEMENT3D(#2986,#2987,#2988);
#2990=IFCCARTESIANPOINT((0.,0.));
#2991=IFCCARTESIANPOINT((0.1,0.));
#2992=IFCCARTESIANPOINT((0.145,0.36));
#2993=IFCCARTESIANPOINT((0.,0.36));
#2994=IFCCARTESIANPOINT((0.,0.));
#2995=IFCPOLYLINE((#2990,#2991,#2992,#2993,#2994));
#2996=IFCARBITRARYCLOSEDPROFILEDEF(.AREA.,$,#2995);
#2997=IFCCARTESIANPOINT((0.,0.,0.));
#2998=IFCDIRECTION((0.,1.,0.));
#2999=IFCAXIS1PLACEMENT(#2997,#2998);
#3000=IFCREVOLVEDAREASOLID(#2996,#2989,#2999,6.283185307179586);
#3001=IFCSTYLEDITEM(#3000,(#74),$);
#3002=IFCSHAPEREPRESENTATION(#16,'Body','SweptSolid',(#3000));
#3003=IFCPRODUCTDEFINITIONSHAPE($,$,(#3002));
#3004=IFCLOCALPLACEMENT(#23,#13);
#3005=IFCLIGHTFIXTURE('3Xvb2T_Nz0Qg23$hszrhJD',#5,'Lanterna 3 \X2\00B7\X0\ Lantern 3',$,'Glass lantern, inverted frustum',#3004,#3003,'RCAN-LGT-003',.POINTSOURCE.);
#3006=IFCRELASSOCIATESMATERIAL('0vKAnqArX3gxO2GmK1YkZy',#5,$,$,(#3005),#75);
#3007=IFCPROPERTYSINGLEVALUE('Reference',$,IFCLABEL('Glass lantern, inverted frustum'),$);
#3008=IFCPROPERTYSINGLEVALUE('Status',$,IFCLABEL('EXISTING'),$);
#3009=IFCPROPERTYSET('2_dYSIIij9LhUl_AMfq2w1',#5,'Pset_LightFixtureTypeCommon',$,(#3007,#3008));
#3010=IFCRELDEFINESBYPROPERTIES('1BL3RA3gn7hwyb$NS_hD4z',#5,$,$,(#3005),#3009);
#3011=IFCPROPERTYSINGLEVALUE('Material',$,IFCLABEL('Lantern glass, frosted'),$);
#3012=IFCPROPERTYSINGLEVALUE('Category',$,IFCLABEL('Glass'),$);
#3013=IFCPROPERTYSINGLEVALUE('MassDensity_kg_m3',$,IFCREAL(2500.),$);
#3014=IFCPROPERTYSET('1r3oMD69z6_91Zu2mH36r9',#5,'Pset_CDE_Material',$,(#3011,#3012,#3013));
#3015=IFCRELDEFINESBYPROPERTIES('00BrP2sAb1v9wBb6xcjoWL',#5,$,$,(#3005),#3014);
#3016=IFCPROPERTYSINGLEVALUE('GeometrySource',$,IFCLABEL('Element documented (four spouts, four-light lamp, dog bowl); its dimensions estimated'),$);
#3017=IFCPROPERTYSINGLEVALUE('Confidence',$,IFCLABEL('Medium'),$);
#3018=IFCPROPERTYSINGLEVALUE('Reference',$,IFCLABEL('Wikipedia ca \X2\00AB\X0\Font de Canaletes\X2\00BB\X0\: ferro colat, quatre brolladors, fanal de quatre llums, font per als gossos'),$);
#3019=IFCPROPERTYSET('1JRcv1PYX5JO4gMaRwjBPJ',#5,'Pset_CDE_Provenance',$,(#3016,#3017,#3018));
#3020=IFCRELDEFINESBYPROPERTIES('3q6kA02wzE0vlB5_R8guFe',#5,$,$,(#3005),#3019);
#3021=IFCPROPERTYSINGLEVALUE('IngressProtection',$,IFCLABEL('IP54'),$);
#3022=IFCPROPERTYSINGLEVALUE('Glazing',$,IFCLABEL('Frosted toughened glass'),$);
#3023=IFCPROPERTYSET('1fCWYkEALFxvq2rI4byIxg',#5,'Pset_CDE_Specification',$,(#3021,#3022));
#3024=IFCRELDEFINESBYPROPERTIES('262IuxEDH33gWbRYdgZL3A',#5,$,$,(#3005),#3023);
#3025=IFCPROPERTYSINGLEVALUE('DataStatus',$,IFCLABEL('Illustrative demo values \X2\2014\X0\ not the owner''s as-built register'),$);
#3026=IFCPROPERTYSINGLEVALUE('AssetOwner',$,IFCLABEL('Ajuntament de Barcelona (operator per OSM; register values are demo)'),$);
#3027=IFCPROPERTYSINGLEVALUE('Manufacturer',$,IFCLABEL('Demo heritage-lantern maker'),$);
#3028=IFCPROPERTYSINGLEVALUE('Model',$,IFCLABEL('Lantern, Falqu\X2\00E9\X0\s pattern, replica glass'),$);
#3029=IFCPROPERTYSINGLEVALUE('SerialNumber',$,IFCLABEL('BCN-ENL-01051-008'),$);
#3030=IFCPROPERTYSINGLEVALUE('LifecycleStatus',$,IFCLABEL('In service'),$);
#3031=IFCPROPERTYSINGLEVALUE('InstallationYear',$,IFCINTEGER(2021),$);
#3032=IFCPROPERTYSINGLEVALUE('LastInspection',$,IFCLABEL('2026-07-08'),$);
#3033=IFCPROPERTYSINGLEVALUE('InspectionInterval_months',$,IFCINTEGER(12),$);
#3034=IFCPROPERTYSINGLEVALUE('NextInspection',$,IFCLABEL('2027-07-08'),$);
#3035=IFCPROPERTYSINGLEVALUE('ConditionIndex_1to5',$,IFCINTEGER(2),$);
#3036=IFCPROPERTYSINGLEVALUE('WarrantyEnd',$,IFCLABEL('2026-12-31'),$);
#3037=IFCPROPERTYSINGLEVALUE('MaintenanceContractor',$,IFCLABEL('Demo contractor \X2\2014\X0\ public lighting'),$);
#3038=IFCPROPERTYSINGLEVALUE('MaintenanceStrategy',$,IFCLABEL('Condition-based'),$);
#3039=IFCPROPERTYSINGLEVALUE('Note',$,IFCLABEL('Cracked pane, temporary film applied (demo)'),$);
#3040=IFCPROPERTYSET('2pq8FP1uzDifszdKRsqast',#5,'Pset_CDE_AssetManagement (demo)',$,(#3025,#3026,#3027,#3028,#3029,#3030,#3031,#3032,#3033,#3034,#3035,#3036,#3037,#3038,#3039));
#3041=IFCRELDEFINESBYPROPERTIES('2y_v1mbOrDDR9w8lPqruC$',#5,$,$,(#3005),#3040);
#3042=IFCCARTESIANPOINT((-0.586572922473078,0.2008287992828529,4.42));
#3043=IFCDIRECTION((0.,-1.,0.));
#3044=IFCDIRECTION((1.,0.,0.));
#3045=IFCAXIS2PLACEMENT3D(#3042,#3043,#3044);
#3046=IFCCARTESIANPOINT((0.,0.));
#3047=IFCCARTESIANPOINT((0.06,0.));
#3048=IFCCARTESIANPOINT((0.1,0.08));
#3049=IFCCARTESIANPOINT((0.,0.08));
#3050=IFCCARTESIANPOINT((0.,0.));
#3051=IFCPOLYLINE((#3046,#3047,#3048,#3049,#3050));
#3052=IFCARBITRARYCLOSEDPROFILEDEF(.AREA.,$,#3051);
#3053=IFCCARTESIANPOINT((0.,0.,0.));
#3054=IFCDIRECTION((0.,1.,0.));
#3055=IFCAXIS1PLACEMENT(#3053,#3054);
#3056=IFCREVOLVEDAREASOLID(#3052,#3045,#3055,6.283185307179586);
#3057=IFCCARTESIANPOINT((-0.586572922473078,0.2008287992828529,4.86));
#3058=IFCDIRECTION((0.,-1.,0.));
#3059=IFCDIRECTION((1.,0.,0.));
#3060=IFCAXIS2PLACEMENT3D(#3057,#3058,#3059);
#3061=IFCCARTESIANPOINT((0.,0.));
#3062=IFCCARTESIANPOINT((0.18,0.));
#3063=IFCCARTESIANPOINT((0.16,0.04));
#3064=IFCCARTESIANPOINT((0.06,0.13));
#3065=IFCCARTESIANPOINT((0.02,0.17));
#3066=IFCCARTESIANPOINT((0.,0.17));
#3067=IFCCARTESIANPOINT((0.,0.));
#3068=IFCPOLYLINE((#3061,#3062,#3063,#3064,#3065,#3066,#3067));
#3069=IFCARBITRARYCLOSEDPROFILEDEF(.AREA.,$,#3068);
#3070=IFCCARTESIANPOINT((0.,0.,0.));
#3071=IFCDIRECTION((0.,1.,0.));
#3072=IFCAXIS1PLACEMENT(#3070,#3071);
#3073=IFCREVOLVEDAREASOLID(#3069,#3060,#3072,6.283185307179586);
#3074=IFCCARTESIANPOINT((0.,0.));
#3075=IFCDIRECTION((1.,0.));
#3076=IFCAXIS2PLACEMENT2D(#3074,#3075);
#3077=IFCCIRCLEPROFILEDEF(.AREA.,$,#3076,0.012);
#3078=IFCCARTESIANPOINT((-0.586572922473078,0.2008287992828529,5.03));
#3079=IFCDIRECTION((0.,0.,1.));
#3080=IFCDIRECTION((0.,1.,0.));
#3081=IFCAXIS2PLACEMENT3D(#3078,#3079,#3080);
#3082=IFCDIRECTION((0.,0.,1.));
#3083=IFCEXTRUDEDAREASOLID(#3077,#3081,#3082,0.05999999999999961);
#3084=IFCCARTESIANPOINT((0.,0.));
#3085=IFCDIRECTION((1.,0.));
#3086=IFCAXIS2PLACEMENT2D(#3084,#3085);
#3087=IFCCIRCLEPROFILEDEF(.AREA.,$,#3086,0.008);
#3088=IFCCARTESIANPOINT((-0.4919643865903235,0.16843705746303794,4.5));
#3089=IFCDIRECTION((0.11734744638091041,-0.040177010995029024,0.9922778767136675));
#3090=IFCDIRECTION((-0.,0.9991812995214288,0.04045652835660655));
#3091=IFCAXIS2PLACEMENT3D(#3088,#3089,#3090);
#3092=IFCDIRECTION((0.,0.,1.));
#3093=IFCEXTRUDEDAREASOLID(#3087,#3091,#3092,0.3628015986734351);
#3094=IFCCARTESIANPOINT((0.,0.));
#3095=IFCDIRECTION((1.,0.));
#3096=IFCAXIS2PLACEMENT2D(#3094,#3095);
#3097=IFCCIRCLEPROFILEDEF(.AREA.,$,#3096,0.008);
#3098=IFCCARTESIANPOINT((-0.554181180653263,0.29543733516560744,4.5));
#3099=IFCDIRECTION((0.0401770109950291,0.11734744638091041,0.9922778767136675));
#3100=IFCDIRECTION((0.,0.9930797111911908,-0.11744227186333389));
#3101=IFCAXIS2PLACEMENT3D(#3098,#3099,#3100);
#3102=IFCDIRECTION((0.,0.,1.));
#3103=IFCEXTRUDEDAREASOLID(#3097,#3101,#3102,0.3628015986734351);
#3104=IFCCARTESIANPOINT((0.,0.));
#3105=IFCDIRECTION((1.,0.));
#3106=IFCAXIS2PLACEMENT2D(#3104,#3105);
#3107=IFCCIRCLEPROFILEDEF(.AREA.,$,#3106,0.008);
#3108=IFCCARTESIANPOINT((-0.6811814583558327,0.23322054110266788,4.5));
#3109=IFCDIRECTION((-0.1173474463809101,0.0401770109950291,0.9922778767136675));
#3110=IFCDIRECTION((0.,0.9991812995214288,-0.04045652835660663));
#3111=IFCAXIS2PLACEMENT3D(#3108,#3109,#3110);
#3112=IFCDIRECTION((0.,0.,1.));
#3113=IFCEXTRUDEDAREASOLID(#3107,#3111,#3112,0.3628015986734351);
#3114=IFCCARTESIANPOINT((0.,0.));
#3115=IFCDIRECTION((1.,0.));
#3116=IFCAXIS2PLACEMENT2D(#3114,#3115);
#3117=IFCCIRCLEPROFILEDEF(.AREA.,$,#3116,0.008);
#3118=IFCCARTESIANPOINT((-0.6189646642928931,0.10622026340009844,4.5));
#3119=IFCDIRECTION((-0.0401770109950291,-0.11734744638091063,0.9922778767136675));
#3120=IFCDIRECTION((-0.,0.9930797111911908,0.11744227186333411));
#3121=IFCAXIS2PLACEMENT3D(#3118,#3119,#3120);
#3122=IFCDIRECTION((0.,0.,1.));
#3123=IFCEXTRUDEDAREASOLID(#3117,#3121,#3122,0.3628015986734351);
#3124=IFCSTYLEDITEM(#3056,(#29),$);
#3125=IFCSTYLEDITEM(#3073,(#29),$);
#3126=IFCSTYLEDITEM(#3083,(#29),$);
#3127=IFCSTYLEDITEM(#3093,(#29),$);
#3128=IFCSTYLEDITEM(#3103,(#29),$);
#3129=IFCSTYLEDITEM(#3113,(#29),$);
#3130=IFCSTYLEDITEM(#3123,(#29),$);
#3131=IFCSHAPEREPRESENTATION(#16,'Body','SweptSolid',(#3056,#3073,#3083,#3093,#3103,#3113,#3123));
#3132=IFCPRODUCTDEFINITIONSHAPE($,$,(#3131));
#3133=IFCLOCALPLACEMENT(#23,#13);
#3134=IFCMEMBER('1GnqYBk7r3VOMPjHL_lA86',#5,'Cos de la lanterna 3 \X2\00B7\X0\ Lantern frame 3',$,'Lantern cup, corner ribs and cap',#3133,#3132,'RCAN-MEM-005',.USERDEFINED.);
#3135=IFCRELASSOCIATESMATERIAL('3gO6nLcJ180vQYTZJdchZl',#5,$,$,(#3134),#30);
#3136=IFCPROPERTYSINGLEVALUE('Reference',$,IFCLABEL('Lantern cup, corner ribs and cap'),$);
#3137=IFCPROPERTYSINGLEVALUE('IsExternal',$,IFCBOOLEAN(.T.),$);
#3138=IFCPROPERTYSINGLEVALUE('Status',$,IFCLABEL('EXISTING'),$);
#3139=IFCPROPERTYSET('0v0h8VHYf2rwcFRvcfNFMX',#5,'Pset_MemberCommon',$,(#3136,#3137,#3138));
#3140=IFCRELDEFINESBYPROPERTIES('14R21VdjX9GBqrm7SMZXzZ',#5,$,$,(#3134),#3139);
#3141=IFCPROPERTYSINGLEVALUE('Material',$,IFCLABEL('Cast iron, painted very dark green'),$);
#3142=IFCPROPERTYSINGLEVALUE('Category',$,IFCLABEL('Iron'),$);
#3143=IFCPROPERTYSINGLEVALUE('Description',$,IFCLABEL('Grey cast iron, the dark green-black of Barcelona''s 19th-century street furniture'),$);
#3144=IFCPROPERTYSINGLEVALUE('MassDensity_kg_m3',$,IFCREAL(7200.),$);
#3145=IFCPROPERTYSET('0yOMUDNwf2JOGO7P8km7jM',#5,'Pset_CDE_Material',$,(#3141,#3142,#3143,#3144));
#3146=IFCRELDEFINESBYPROPERTIES('09imUZIYLBYBYfZdZUAQ4E',#5,$,$,(#3134),#3145);
#3147=IFCPROPERTYSINGLEVALUE('GeometrySource',$,IFCLABEL('Element documented (four spouts, four-light lamp, dog bowl); its dimensions estimated'),$);
#3148=IFCPROPERTYSINGLEVALUE('Confidence',$,IFCLABEL('Medium'),$);
#3149=IFCPROPERTYSINGLEVALUE('Reference',$,IFCLABEL('Wikipedia ca \X2\00AB\X0\Font de Canaletes\X2\00BB\X0\: ferro colat, quatre brolladors, fanal de quatre llums, font per als gossos'),$);
#3150=IFCPROPERTYSET('0QFj1eKRbDOweEv9gFyCwC',#5,'Pset_CDE_Provenance',$,(#3147,#3148,#3149));
#3151=IFCRELDEFINESBYPROPERTIES('2NJQww8a152eEMZLQNkYMO',#5,$,$,(#3134),#3150);
#3152=IFCPROPERTYSINGLEVALUE('DataStatus',$,IFCLABEL('Illustrative demo values \X2\2014\X0\ not the owner''s as-built register'),$);
#3153=IFCPROPERTYSINGLEVALUE('AssetOwner',$,IFCLABEL('Ajuntament de Barcelona (operator per OSM; register values are demo)'),$);
#3154=IFCPROPERTYSINGLEVALUE('Manufacturer',$,IFCLABEL('Demo heritage-lantern maker'),$);
#3155=IFCPROPERTYSINGLEVALUE('Model',$,IFCLABEL('Lantern, Falqu\X2\00E9\X0\s pattern'),$);
#3156=IFCPROPERTYSINGLEVALUE('SerialNumber',$,IFCLABEL('BCN-ENL-01051-009'),$);
#3157=IFCPROPERTYSINGLEVALUE('LifecycleStatus',$,IFCLABEL('In service'),$);
#3158=IFCPROPERTYSINGLEVALUE('InstallationYear',$,IFCINTEGER(2021),$);
#3159=IFCPROPERTYSINGLEVALUE('LastInspection',$,IFCLABEL('2026-07-08'),$);
#3160=IFCPROPERTYSINGLEVALUE('InspectionInterval_months',$,IFCINTEGER(12),$);
#3161=IFCPROPERTYSINGLEVALUE('NextInspection',$,IFCLABEL('2027-07-08'),$);
#3162=IFCPROPERTYSINGLEVALUE('ConditionIndex_1to5',$,IFCINTEGER(4),$);
#3163=IFCPROPERTYSINGLEVALUE('WarrantyEnd',$,IFCLABEL('2026-12-31'),$);
#3164=IFCPROPERTYSINGLEVALUE('MaintenanceContractor',$,IFCLABEL('Demo contractor \X2\2014\X0\ public lighting'),$);
#3165=IFCPROPERTYSINGLEVALUE('MaintenanceStrategy',$,IFCLABEL('Condition-based'),$);
#3166=IFCPROPERTYSET('2UKBVivEz20Pk78Jl$JYgu',#5,'Pset_CDE_AssetManagement (demo)',$,(#3152,#3153,#3154,#3155,#3156,#3157,#3158,#3159,#3160,#3161,#3162,#3163,#3164,#3165));
#3167=IFCRELDEFINESBYPROPERTIES('2$DRQLB6LEy8T6KeOKqZq$',#5,$,$,(#3134),#3166);
#3168=IFCCARTESIANPOINT((-0.586572922473078,0.2008287992828529,4.68));
#3169=IFCDIRECTION((0.,-1.,0.));
#3170=IFCDIRECTION((1.,0.,0.));
#3171=IFCAXIS2PLACEMENT3D(#3168,#3169,#3170);
#3172=IFCCARTESIANPOINT((0.,-0.05));
#3173=IFCCARTESIANPOINT((0.019134171618254495,-0.04619397662556434));
#3174=IFCCARTESIANPOINT((0.03535533905932738,-0.035355339059327376));
#3175=IFCCARTESIANPOINT((0.04619397662556434,-0.01913417161825449));
#3176=IFCCARTESIANPOINT((0.05,0.));
#3177=IFCCARTESIANPOINT((0.04619397662556434,0.01913417161825449));
#3178=IFCCARTESIANPOINT((0.03535533905932738,0.035355339059327376));
#3179=IFCCARTESIANPOINT((0.019134171618254495,0.04619397662556434));
#3180=IFCCARTESIANPOINT((0.,0.05));
#3181=IFCCARTESIANPOINT((0.,-0.05));
#3182=IFCPOLYLINE((#3172,#3173,#3174,#3175,#3176,#3177,#3178,#3179,#3180,#3181));
#3183=IFCARBITRARYCLOSEDPROFILEDEF(.AREA.,$,#3182);
#3184=IFCCARTESIANPOINT((0.,0.,0.));
#3185=IFCDIRECTION((0.,1.,0.));
#3186=IFCAXIS1PLACEMENT(#3184,#3185);
#3187=IFCREVOLVEDAREASOLID(#3183,#3171,#3186,6.283185307179586);
#3188=IFCSTYLEDITEM(#3187,(#83),$);
#3189=IFCSHAPEREPRESENTATION(#16,'Body','SweptSolid',(#3187));
#3190=IFCPRODUCTDEFINITIONSHAPE($,$,(#3189));
#3191=IFCLOCALPLACEMENT(#23,#13);
#3192=IFCLAMP('12B3V8wQb5U9DIP9jqeOmL',#5,'L\X2\00E0\X0\mpada LED 3 \X2\00B7\X0\ LED lamp 3',$,'LED retrofit lamp 25 W, 2700 K',#3191,#3190,'RCAN-ELM-013',.LED.);
#3193=IFCRELASSOCIATESMATERIAL('14dDAwOaH6jhaRIqHQVK$Z',#5,$,$,(#3192),#84);
#3194=IFCPROPERTYSINGLEVALUE('Material',$,IFCLABEL('LED lamp, warm white diffuser'),$);
#3195=IFCPROPERTYSINGLEVALUE('Category',$,IFCLABEL('Plastic'),$);
#3196=IFCPROPERTYSINGLEVALUE('MassDensity_kg_m3',$,IFCREAL(1200.),$);
#3197=IFCPROPERTYSET('3N54uU1GfCWvYJ$ZBSsTny',#5,'Pset_CDE_Material',$,(#3194,#3195,#3196));
#3198=IFCRELDEFINESBYPROPERTIES('01sjt6AlT6ouyLbJ2BFaMr',#5,$,$,(#3192),#3197);
#3199=IFCPROPERTYSINGLEVALUE('GeometrySource',$,IFCLABEL('Typical dimensions and detailing; position illustrative, chosen on the Rambla''s tree row'),$);
#3200=IFCPROPERTYSINGLEVALUE('Confidence',$,IFCLABEL('Low'),$);
#3201=IFCPROPERTYSINGLEVALUE('Reference',$,IFCLABEL('OSM way 306557216 (tree row) for the line; no OSM node for this object'),$);
#3202=IFCPROPERTYSET('3ZykYDqC970PN6wzAQwud9',#5,'Pset_CDE_Provenance',$,(#3199,#3200,#3201));
#3203=IFCRELDEFINESBYPROPERTIES('3XWs0VgSD5VxhYZs61ga5n',#5,$,$,(#3192),#3202);
#3204=IFCPROPERTYSINGLEVALUE('Power_W',$,IFCINTEGER(25),$);
#3205=IFCPROPERTYSINGLEVALUE('ColourTemperature_K',$,IFCINTEGER(2700),$);
#3206=IFCPROPERTYSINGLEVALUE('LuminousFlux_lm',$,IFCINTEGER(2600),$);
#3207=IFCPROPERTYSINGLEVALUE('Driver',$,IFCLABEL('DALI, dimmed 50 % after 01:00'),$);
#3208=IFCPROPERTYSET('0S5WilgvL2cv4TM$8jsAXo',#5,'Pset_CDE_Specification',$,(#3204,#3205,#3206,#3207));
#3209=IFCRELDEFINESBYPROPERTIES('1rdafY27j71Q5jlaJYNp15',#5,$,$,(#3192),#3208);
#3210=IFCPROPERTYSINGLEVALUE('DataStatus',$,IFCLABEL('Illustrative demo values \X2\2014\X0\ not the owner''s as-built register'),$);
#3211=IFCPROPERTYSINGLEVALUE('AssetOwner',$,IFCLABEL('Ajuntament de Barcelona (operator per OSM; register values are demo)'),$);
#3212=IFCPROPERTYSINGLEVALUE('Manufacturer',$,IFCLABEL('Demo LED manufacturer'),$);
#3213=IFCPROPERTYSINGLEVALUE('Model',$,IFCLABEL('LED retrofit E27 25 W'),$);
#3214=IFCPROPERTYSINGLEVALUE('SerialNumber',$,IFCLABEL('BCN-ENL-01051-010'),$);
#3215=IFCPROPERTYSINGLEVALUE('LifecycleStatus',$,IFCLABEL('In service'),$);
#3216=IFCPROPERTYSINGLEVALUE('InstallationYear',$,IFCINTEGER(2021),$);
#3217=IFCPROPERTYSINGLEVALUE('LastInspection',$,IFCLABEL('2026-07-08'),$);
#3218=IFCPROPERTYSINGLEVALUE('InspectionInterval_months',$,IFCINTEGER(12),$);
#3219=IFCPROPERTYSINGLEVALUE('NextInspection',$,IFCLABEL('2027-07-08'),$);
#3220=IFCPROPERTYSINGLEVALUE('ConditionIndex_1to5',$,IFCINTEGER(4),$);
#3221=IFCPROPERTYSINGLEVALUE('WarrantyEnd',$,IFCLABEL('2026-12-31'),$);
#3222=IFCPROPERTYSINGLEVALUE('MaintenanceContractor',$,IFCLABEL('Demo contractor \X2\2014\X0\ public lighting'),$);
#3223=IFCPROPERTYSINGLEVALUE('MaintenanceStrategy',$,IFCLABEL('Condition-based'),$);
#3224=IFCPROPERTYSINGLEVALUE('BurningHours',$,IFCINTEGER(19911),$);
#3225=IFCPROPERTYSET('1jQSJZLhr50gJ7NbZEco$c',#5,'Pset_CDE_AssetManagement (demo)',$,(#3210,#3211,#3212,#3213,#3214,#3215,#3216,#3217,#3218,#3219,#3220,#3221,#3222,#3223,#3224));
#3226=IFCRELDEFINESBYPROPERTIES('1fjoReCpTAYuEHdkfJULGz',#5,$,$,(#3192),#3225);
#3227=IFCCARTESIANPOINT((-0.20082879928285294,-0.586572922473078,4.5));
#3228=IFCDIRECTION((0.,-1.,0.));
#3229=IFCDIRECTION((1.,0.,0.));
#3230=IFCAXIS2PLACEMENT3D(#3227,#3228,#3229);
#3231=IFCCARTESIANPOINT((0.,0.));
#3232=IFCCARTESIANPOINT((0.1,0.));
#3233=IFCCARTESIANPOINT((0.145,0.36));
#3234=IFCCARTESIANPOINT((0.,0.36));
#3235=IFCCARTESIANPOINT((0.,0.));
#3236=IFCPOLYLINE((#3231,#3232,#3233,#3234,#3235));
#3237=IFCARBITRARYCLOSEDPROFILEDEF(.AREA.,$,#3236);
#3238=IFCCARTESIANPOINT((0.,0.,0.));
#3239=IFCDIRECTION((0.,1.,0.));
#3240=IFCAXIS1PLACEMENT(#3238,#3239);
#3241=IFCREVOLVEDAREASOLID(#3237,#3230,#3240,6.283185307179586);
#3242=IFCSTYLEDITEM(#3241,(#74),$);
#3243=IFCSHAPEREPRESENTATION(#16,'Body','SweptSolid',(#3241));
#3244=IFCPRODUCTDEFINITIONSHAPE($,$,(#3243));
#3245=IFCLOCALPLACEMENT(#23,#13);
#3246=IFCLIGHTFIXTURE('3$tPBefVH3$AcWgljugQhv',#5,'Lanterna 4 \X2\00B7\X0\ Lantern 4',$,'Glass lantern, inverted frustum',#3245,#3244,'RCAN-LGT-004',.POINTSOURCE.);
#3247=IFCRELASSOCIATESMATERIAL('2qN5ajFebFxxRmae8It$9f',#5,$,$,(#3246),#75);
#3248=IFCPROPERTYSINGLEVALUE('Reference',$,IFCLABEL('Glass lantern, inverted frustum'),$);
#3249=IFCPROPERTYSINGLEVALUE('Status',$,IFCLABEL('EXISTING'),$);
#3250=IFCPROPERTYSET('2RAu$5wML56wIkH2y3aJUB',#5,'Pset_LightFixtureTypeCommon',$,(#3248,#3249));
#3251=IFCRELDEFINESBYPROPERTIES('2HrndS4qP77O8ic2L5MgjW',#5,$,$,(#3246),#3250);
#3252=IFCPROPERTYSINGLEVALUE('Material',$,IFCLABEL('Lantern glass, frosted'),$);
#3253=IFCPROPERTYSINGLEVALUE('Category',$,IFCLABEL('Glass'),$);
#3254=IFCPROPERTYSINGLEVALUE('MassDensity_kg_m3',$,IFCREAL(2500.),$);
#3255=IFCPROPERTYSET('31YuQGg196VhwFp7efLnec',#5,'Pset_CDE_Material',$,(#3252,#3253,#3254));
#3256=IFCRELDEFINESBYPROPERTIES('0BNd$fUe50rO7ijBPsjXvt',#5,$,$,(#3246),#3255);
#3257=IFCPROPERTYSINGLEVALUE('GeometrySource',$,IFCLABEL('Element documented (four spouts, four-light lamp, dog bowl); its dimensions estimated'),$);
#3258=IFCPROPERTYSINGLEVALUE('Confidence',$,IFCLABEL('Medium'),$);
#3259=IFCPROPERTYSINGLEVALUE('Reference',$,IFCLABEL('Wikipedia ca \X2\00AB\X0\Font de Canaletes\X2\00BB\X0\: ferro colat, quatre brolladors, fanal de quatre llums, font per als gossos'),$);
#3260=IFCPROPERTYSET('3rrE_Kq9vFL9a0t7voHPyM',#5,'Pset_CDE_Provenance',$,(#3257,#3258,#3259));
#3261=IFCRELDEFINESBYPROPERTIES('1_jN8HY3f2Nf6LVMFgd7so',#5,$,$,(#3246),#3260);
#3262=IFCPROPERTYSINGLEVALUE('IngressProtection',$,IFCLABEL('IP54'),$);
#3263=IFCPROPERTYSINGLEVALUE('Glazing',$,IFCLABEL('Frosted toughened glass'),$);
#3264=IFCPROPERTYSET('0upnT0ahr4SxQXJwHrG2JH',#5,'Pset_CDE_Specification',$,(#3262,#3263));
#3265=IFCRELDEFINESBYPROPERTIES('0tjhj8gZvErQDZ_mD5qz$d',#5,$,$,(#3246),#3264);
#3266=IFCPROPERTYSINGLEVALUE('DataStatus',$,IFCLABEL('Illustrative demo values \X2\2014\X0\ not the owner''s as-built register'),$);
#3267=IFCPROPERTYSINGLEVALUE('AssetOwner',$,IFCLABEL('Ajuntament de Barcelona (operator per OSM; register values are demo)'),$);
#3268=IFCPROPERTYSINGLEVALUE('Manufacturer',$,IFCLABEL('Demo heritage-lantern maker'),$);
#3269=IFCPROPERTYSINGLEVALUE('Model',$,IFCLABEL('Lantern, Falqu\X2\00E9\X0\s pattern, replica glass'),$);
#3270=IFCPROPERTYSINGLEVALUE('SerialNumber',$,IFCLABEL('BCN-ENL-01051-011'),$);
#3271=IFCPROPERTYSINGLEVALUE('LifecycleStatus',$,IFCLABEL('In service'),$);
#3272=IFCPROPERTYSINGLEVALUE('InstallationYear',$,IFCINTEGER(2021),$);
#3273=IFCPROPERTYSINGLEVALUE('LastInspection',$,IFCLABEL('2026-07-08'),$);
#3274=IFCPROPERTYSINGLEVALUE('InspectionInterval_months',$,IFCINTEGER(12),$);
#3275=IFCPROPERTYSINGLEVALUE('NextInspection',$,IFCLABEL('2027-07-08'),$);
#3276=IFCPROPERTYSINGLEVALUE('ConditionIndex_1to5',$,IFCINTEGER(4),$);
#3277=IFCPROPERTYSINGLEVALUE('WarrantyEnd',$,IFCLABEL('2026-12-31'),$);
#3278=IFCPROPERTYSINGLEVALUE('MaintenanceContractor',$,IFCLABEL('Demo contractor \X2\2014\X0\ public lighting'),$);
#3279=IFCPROPERTYSINGLEVALUE('MaintenanceStrategy',$,IFCLABEL('Condition-based'),$);
#3280=IFCPROPERTYSET('21EsbPBm5AqPJmCDGLC0LQ',#5,'Pset_CDE_AssetManagement (demo)',$,(#3266,#3267,#3268,#3269,#3270,#3271,#3272,#3273,#3274,#3275,#3276,#3277,#3278,#3279));
#3281=IFCRELDEFINESBYPROPERTIES('0QXAr9lZjDyBJ4BNNL9CDG',#5,$,$,(#3246),#3280);
#3282=IFCCARTESIANPOINT((-0.20082879928285294,-0.586572922473078,4.42));
#3283=IFCDIRECTION((0.,-1.,0.));
#3284=IFCDIRECTION((1.,0.,0.));
#3285=IFCAXIS2PLACEMENT3D(#3282,#3283,#3284);
#3286=IFCCARTESIANPOINT((0.,0.));
#3287=IFCCARTESIANPOINT((0.06,0.));
#3288=IFCCARTESIANPOINT((0.1,0.08));
#3289=IFCCARTESIANPOINT((0.,0.08));
#3290=IFCCARTESIANPOINT((0.,0.));
#3291=IFCPOLYLINE((#3286,#3287,#3288,#3289,#3290));
#3292=IFCARBITRARYCLOSEDPROFILEDEF(.AREA.,$,#3291);
#3293=IFCCARTESIANPOINT((0.,0.,0.));
#3294=IFCDIRECTION((0.,1.,0.));
#3295=IFCAXIS1PLACEMENT(#3293,#3294);
#3296=IFCREVOLVEDAREASOLID(#3292,#3285,#3295,6.283185307179586);
#3297=IFCCARTESIANPOINT((-0.20082879928285294,-0.586572922473078,4.86));
#3298=IFCDIRECTION((0.,-1.,0.));
#3299=IFCDIRECTION((1.,0.,0.));
#3300=IFCAXIS2PLACEMENT3D(#3297,#3298,#3299);
#3301=IFCCARTESIANPOINT((0.,0.));
#3302=IFCCARTESIANPOINT((0.18,0.));
#3303=IFCCARTESIANPOINT((0.16,0.04));
#3304=IFCCARTESIANPOINT((0.06,0.13));
#3305=IFCCARTESIANPOINT((0.02,0.17));
#3306=IFCCARTESIANPOINT((0.,0.17));
#3307=IFCCARTESIANPOINT((0.,0.));
#3308=IFCPOLYLINE((#3301,#3302,#3303,#3304,#3305,#3306,#3307));
#3309=IFCARBITRARYCLOSEDPROFILEDEF(.AREA.,$,#3308);
#3310=IFCCARTESIANPOINT((0.,0.,0.));
#3311=IFCDIRECTION((0.,1.,0.));
#3312=IFCAXIS1PLACEMENT(#3310,#3311);
#3313=IFCREVOLVEDAREASOLID(#3309,#3300,#3312,6.283185307179586);
#3314=IFCCARTESIANPOINT((0.,0.));
#3315=IFCDIRECTION((1.,0.));
#3316=IFCAXIS2PLACEMENT2D(#3314,#3315);
#3317=IFCCIRCLEPROFILEDEF(.AREA.,$,#3316,0.012);
#3318=IFCCARTESIANPOINT((-0.20082879928285294,-0.586572922473078,5.03));
#3319=IFCDIRECTION((0.,0.,1.));
#3320=IFCDIRECTION((0.,1.,0.));
#3321=IFCAXIS2PLACEMENT3D(#3318,#3319,#3320);
#3322=IFCDIRECTION((0.,0.,1.));
#3323=IFCEXTRUDEDAREASOLID(#3317,#3321,#3322,0.05999999999999961);
#3324=IFCCARTESIANPOINT((0.,0.));
#3325=IFCDIRECTION((1.,0.));
#3326=IFCAXIS2PLACEMENT2D(#3324,#3325);
#3327=IFCCIRCLEPROFILEDEF(.AREA.,$,#3326,0.008);
#3328=IFCCARTESIANPOINT((-0.10622026340009849,-0.618964664292893,4.5));
#3329=IFCDIRECTION((0.11734744638091071,-0.0401770109950291,0.9922778767136675));
#3330=IFCDIRECTION((-0.,0.9991812995214288,0.04045652835660663));
#3331=IFCAXIS2PLACEMENT3D(#3328,#3329,#3330);
#3332=IFCDIRECTION((0.,0.,1.));
#3333=IFCEXTRUDEDAREASOLID(#3327,#3331,#3332,0.3628015986734351);
#3334=IFCCARTESIANPOINT((0.,0.));
#3335=IFCDIRECTION((1.,0.));
#3336=IFCAXIS2PLACEMENT2D(#3334,#3335);
#3337=IFCCIRCLEPROFILEDEF(.AREA.,$,#3336,0.008);
#3338=IFCCARTESIANPOINT((-0.16843705746303794,-0.4919643865903235,4.5));
#3339=IFCDIRECTION((0.04017701099502895,0.11734744638091056,0.9922778767136675));
#3340=IFCDIRECTION((0.,0.9930797111911908,-0.11744227186333404));
#3341=IFCAXIS2PLACEMENT3D(#3338,#3339,#3340);
#3342=IFCDIRECTION((0.,0.,1.));
#3343=IFCEXTRUDEDAREASOLID(#3337,#3341,#3342,0.3628015986734351);
#3344=IFCCARTESIANPOINT((0.,0.));
#3345=IFCDIRECTION((1.,0.));
#3346=IFCAXIS2PLACEMENT2D(#3344,#3345);
#3347=IFCCIRCLEPROFILEDEF(.AREA.,$,#3346,0.008);
#3348=IFCCARTESIANPOINT((-0.29543733516560744,-0.554181180653263,4.5));
#3349=IFCDIRECTION((-0.11734744638091056,0.0401770109950291,0.9922778767136675));
#3350=IFCDIRECTION((0.,0.9991812995214288,-0.04045652835660663));
#3351=IFCAXIS2PLACEMENT3D(#3348,#3349,#3350);
#3352=IFCDIRECTION((0.,0.,1.));
#3353=IFCEXTRUDEDAREASOLID(#3347,#3351,#3352,0.3628015986734351);
#3354=IFCCARTESIANPOINT((0.,0.));
#3355=IFCDIRECTION((1.,0.));
#3356=IFCAXIS2PLACEMENT2D(#3354,#3355);
#3357=IFCCIRCLEPROFILEDEF(.AREA.,$,#3356,0.008);
#3358=IFCCARTESIANPOINT((-0.23322054110266793,-0.6811814583558324,4.5));
#3359=IFCDIRECTION((-0.04017701099502895,-0.11734744638091071,0.9922778767136675));
#3360=IFCDIRECTION((-0.,0.9930797111911908,0.1174422718633342));
#3361=IFCAXIS2PLACEMENT3D(#3358,#3359,#3360);
#3362=IFCDIRECTION((0.,0.,1.));
#3363=IFCEXTRUDEDAREASOLID(#3357,#3361,#3362,0.3628015986734351);
#3364=IFCSTYLEDITEM(#3296,(#29),$);
#3365=IFCSTYLEDITEM(#3313,(#29),$);
#3366=IFCSTYLEDITEM(#3323,(#29),$);
#3367=IFCSTYLEDITEM(#3333,(#29),$);
#3368=IFCSTYLEDITEM(#3343,(#29),$);
#3369=IFCSTYLEDITEM(#3353,(#29),$);
#3370=IFCSTYLEDITEM(#3363,(#29),$);
#3371=IFCSHAPEREPRESENTATION(#16,'Body','SweptSolid',(#3296,#3313,#3323,#3333,#3343,#3353,#3363));
#3372=IFCPRODUCTDEFINITIONSHAPE($,$,(#3371));
#3373=IFCLOCALPLACEMENT(#23,#13);
#3374=IFCMEMBER('0BdA8P9ST8bu2up43aJlJ8',#5,'Cos de la lanterna 4 \X2\00B7\X0\ Lantern frame 4',$,'Lantern cup, corner ribs and cap',#3373,#3372,'RCAN-MEM-006',.USERDEFINED.);
#3375=IFCRELASSOCIATESMATERIAL('0NLwsMohz2ou8JoVxa_pS$',#5,$,$,(#3374),#30);
#3376=IFCPROPERTYSINGLEVALUE('Reference',$,IFCLABEL('Lantern cup, corner ribs and cap'),$);
#3377=IFCPROPERTYSINGLEVALUE('IsExternal',$,IFCBOOLEAN(.T.),$);
#3378=IFCPROPERTYSINGLEVALUE('Status',$,IFCLABEL('EXISTING'),$);
#3379=IFCPROPERTYSET('1r5LAqkvf1rwjPB7EBSvXA',#5,'Pset_MemberCommon',$,(#3376,#3377,#3378));
#3380=IFCRELDEFINESBYPROPERTIES('3zwMdbZ5LCKgVlKcCAM_pf',#5,$,$,(#3374),#3379);
#3381=IFCPROPERTYSINGLEVALUE('Material',$,IFCLABEL('Cast iron, painted very dark green'),$);
#3382=IFCPROPERTYSINGLEVALUE('Category',$,IFCLABEL('Iron'),$);
#3383=IFCPROPERTYSINGLEVALUE('Description',$,IFCLABEL('Grey cast iron, the dark green-black of Barcelona''s 19th-century street furniture'),$);
#3384=IFCPROPERTYSINGLEVALUE('MassDensity_kg_m3',$,IFCREAL(7200.),$);
#3385=IFCPROPERTYSET('2Lm6rViQTAtfoRqnbeSO3X',#5,'Pset_CDE_Material',$,(#3381,#3382,#3383,#3384));
#3386=IFCRELDEFINESBYPROPERTIES('2d5o_5qObEg8ArNwu5k4Io',#5,$,$,(#3374),#3385);
#3387=IFCPROPERTYSINGLEVALUE('GeometrySource',$,IFCLABEL('Element documented (four spouts, four-light lamp, dog bowl); its dimensions estimated'),$);
#3388=IFCPROPERTYSINGLEVALUE('Confidence',$,IFCLABEL('Medium'),$);
#3389=IFCPROPERTYSINGLEVALUE('Reference',$,IFCLABEL('Wikipedia ca \X2\00AB\X0\Font de Canaletes\X2\00BB\X0\: ferro colat, quatre brolladors, fanal de quatre llums, font per als gossos'),$);
#3390=IFCPROPERTYSET('3U$XtqjEjDw8PoXu9wde3I',#5,'Pset_CDE_Provenance',$,(#3387,#3388,#3389));
#3391=IFCRELDEFINESBYPROPERTIES('2pKjdBtC95I8UzT685h3DL',#5,$,$,(#3374),#3390);
#3392=IFCPROPERTYSINGLEVALUE('DataStatus',$,IFCLABEL('Illustrative demo values \X2\2014\X0\ not the owner''s as-built register'),$);
#3393=IFCPROPERTYSINGLEVALUE('AssetOwner',$,IFCLABEL('Ajuntament de Barcelona (operator per OSM; register values are demo)'),$);
#3394=IFCPROPERTYSINGLEVALUE('Manufacturer',$,IFCLABEL('Demo heritage-lantern maker'),$);
#3395=IFCPROPERTYSINGLEVALUE('Model',$,IFCLABEL('Lantern, Falqu\X2\00E9\X0\s pattern'),$);
#3396=IFCPROPERTYSINGLEVALUE('SerialNumber',$,IFCLABEL('BCN-ENL-01051-012'),$);
#3397=IFCPROPERTYSINGLEVALUE('LifecycleStatus',$,IFCLABEL('In service'),$);
#3398=IFCPROPERTYSINGLEVALUE('InstallationYear',$,IFCINTEGER(2021),$);
#3399=IFCPROPERTYSINGLEVALUE('LastInspection',$,IFCLABEL('2026-07-08'),$);
#3400=IFCPROPERTYSINGLEVALUE('InspectionInterval_months',$,IFCINTEGER(12),$);
#3401=IFCPROPERTYSINGLEVALUE('NextInspection',$,IFCLABEL('2027-07-08'),$);
#3402=IFCPROPERTYSINGLEVALUE('ConditionIndex_1to5',$,IFCINTEGER(4),$);
#3403=IFCPROPERTYSINGLEVALUE('WarrantyEnd',$,IFCLABEL('2026-12-31'),$);
#3404=IFCPROPERTYSINGLEVALUE('MaintenanceContractor',$,IFCLABEL('Demo contractor \X2\2014\X0\ public lighting'),$);
#3405=IFCPROPERTYSINGLEVALUE('MaintenanceStrategy',$,IFCLABEL('Condition-based'),$);
#3406=IFCPROPERTYSET('3xkkUQinv52frDdE112jBx',#5,'Pset_CDE_AssetManagement (demo)',$,(#3392,#3393,#3394,#3395,#3396,#3397,#3398,#3399,#3400,#3401,#3402,#3403,#3404,#3405));
#3407=IFCRELDEFINESBYPROPERTIES('0r9Idhfm93x9czQb6NOr_v',#5,$,$,(#3374),#3406);
#3408=IFCCARTESIANPOINT((-0.20082879928285294,-0.586572922473078,4.68));
#3409=IFCDIRECTION((0.,-1.,0.));
#3410=IFCDIRECTION((1.,0.,0.));
#3411=IFCAXIS2PLACEMENT3D(#3408,#3409,#3410);
#3412=IFCCARTESIANPOINT((0.,-0.05));
#3413=IFCCARTESIANPOINT((0.019134171618254495,-0.04619397662556434));
#3414=IFCCARTESIANPOINT((0.03535533905932738,-0.035355339059327376));
#3415=IFCCARTESIANPOINT((0.04619397662556434,-0.01913417161825449));
#3416=IFCCARTESIANPOINT((0.05,0.));
#3417=IFCCARTESIANPOINT((0.04619397662556434,0.01913417161825449));
#3418=IFCCARTESIANPOINT((0.03535533905932738,0.035355339059327376));
#3419=IFCCARTESIANPOINT((0.019134171618254495,0.04619397662556434));
#3420=IFCCARTESIANPOINT((0.,0.05));
#3421=IFCCARTESIANPOINT((0.,-0.05));
#3422=IFCPOLYLINE((#3412,#3413,#3414,#3415,#3416,#3417,#3418,#3419,#3420,#3421));
#3423=IFCARBITRARYCLOSEDPROFILEDEF(.AREA.,$,#3422);
#3424=IFCCARTESIANPOINT((0.,0.,0.));
#3425=IFCDIRECTION((0.,1.,0.));
#3426=IFCAXIS1PLACEMENT(#3424,#3425);
#3427=IFCREVOLVEDAREASOLID(#3423,#3411,#3426,6.283185307179586);
#3428=IFCSTYLEDITEM(#3427,(#83),$);
#3429=IFCSHAPEREPRESENTATION(#16,'Body','SweptSolid',(#3427));
#3430=IFCPRODUCTDEFINITIONSHAPE($,$,(#3429));
#3431=IFCLOCALPLACEMENT(#23,#13);
#3432=IFCLAMP('0qvSm3jh59ghwh0mKC_2zC',#5,'L\X2\00E0\X0\mpada LED 4 \X2\00B7\X0\ LED lamp 4',$,'LED retrofit lamp 25 W, 2700 K',#3431,#3430,'RCAN-ELM-014',.LED.);
#3433=IFCRELASSOCIATESMATERIAL('0QbPLt7rT5phwXwtqY8Pj7',#5,$,$,(#3432),#84);
#3434=IFCPROPERTYSINGLEVALUE('Material',$,IFCLABEL('LED lamp, warm white diffuser'),$);
#3435=IFCPROPERTYSINGLEVALUE('Category',$,IFCLABEL('Plastic'),$);
#3436=IFCPROPERTYSINGLEVALUE('MassDensity_kg_m3',$,IFCREAL(1200.),$);
#3437=IFCPROPERTYSET('3LedSZ5Ub30BIYn0O$PxLD',#5,'Pset_CDE_Material',$,(#3434,#3435,#3436));
#3438=IFCRELDEFINESBYPROPERTIES('0ArQ7ZY_X3cxO1wWmPJNE0',#5,$,$,(#3432),#3437);
#3439=IFCPROPERTYSINGLEVALUE('GeometrySource',$,IFCLABEL('Typical dimensions and detailing; position illustrative, chosen on the Rambla''s tree row'),$);
#3440=IFCPROPERTYSINGLEVALUE('Confidence',$,IFCLABEL('Low'),$);
#3441=IFCPROPERTYSINGLEVALUE('Reference',$,IFCLABEL('OSM way 306557216 (tree row) for the line; no OSM node for this object'),$);
#3442=IFCPROPERTYSET('12j_dYpe1C_Ajtbz2NLoxg',#5,'Pset_CDE_Provenance',$,(#3439,#3440,#3441));
#3443=IFCRELDEFINESBYPROPERTIES('2rBhx$a4rEuhrB4QxcxMCb',#5,$,$,(#3432),#3442);
#3444=IFCPROPERTYSINGLEVALUE('Power_W',$,IFCINTEGER(25),$);
#3445=IFCPROPERTYSINGLEVALUE('ColourTemperature_K',$,IFCINTEGER(2700),$);
#3446=IFCPROPERTYSINGLEVALUE('LuminousFlux_lm',$,IFCINTEGER(2600),$);
#3447=IFCPROPERTYSINGLEVALUE('Driver',$,IFCLABEL('DALI, dimmed 50 % after 01:00'),$);
#3448=IFCPROPERTYSET('1$fHQHvNT4T8D_OwAuWRck',#5,'Pset_CDE_Specification',$,(#3444,#3445,#3446,#3447));
#3449=IFCRELDEFINESBYPROPERTIES('3khlIA$FzFd8IfuAn$SjjN',#5,$,$,(#3432),#3448);
#3450=IFCPROPERTYSINGLEVALUE('DataStatus',$,IFCLABEL('Illustrative demo values \X2\2014\X0\ not the owner''s as-built register'),$);
#3451=IFCPROPERTYSINGLEVALUE('AssetOwner',$,IFCLABEL('Ajuntament de Barcelona (operator per OSM; register values are demo)'),$);
#3452=IFCPROPERTYSINGLEVALUE('Manufacturer',$,IFCLABEL('Demo LED manufacturer'),$);
#3453=IFCPROPERTYSINGLEVALUE('Model',$,IFCLABEL('LED retrofit E27 25 W'),$);
#3454=IFCPROPERTYSINGLEVALUE('SerialNumber',$,IFCLABEL('BCN-ENL-01051-013'),$);
#3455=IFCPROPERTYSINGLEVALUE('LifecycleStatus',$,IFCLABEL('In service'),$);
#3456=IFCPROPERTYSINGLEVALUE('InstallationYear',$,IFCINTEGER(2021),$);
#3457=IFCPROPERTYSINGLEVALUE('LastInspection',$,IFCLABEL('2026-07-08'),$);
#3458=IFCPROPERTYSINGLEVALUE('InspectionInterval_months',$,IFCINTEGER(12),$);
#3459=IFCPROPERTYSINGLEVALUE('NextInspection',$,IFCLABEL('2027-07-08'),$);
#3460=IFCPROPERTYSINGLEVALUE('ConditionIndex_1to5',$,IFCINTEGER(5),$);
#3461=IFCPROPERTYSINGLEVALUE('WarrantyEnd',$,IFCLABEL('2026-12-31'),$);
#3462=IFCPROPERTYSINGLEVALUE('MaintenanceContractor',$,IFCLABEL('Demo contractor \X2\2014\X0\ public lighting'),$);
#3463=IFCPROPERTYSINGLEVALUE('MaintenanceStrategy',$,IFCLABEL('Condition-based'),$);
#3464=IFCPROPERTYSINGLEVALUE('BurningHours',$,IFCINTEGER(19948),$);
#3465=IFCPROPERTYSET('1dZOejeKLAxP9WzUOGU5fu',#5,'Pset_CDE_AssetManagement (demo)',$,(#3450,#3451,#3452,#3453,#3454,#3455,#3456,#3457,#3458,#3459,#3460,#3461,#3462,#3463,#3464));
#3466=IFCRELDEFINESBYPROPERTIES('1KVMwTHtXCyBp8eBXEHi7h',#5,$,$,(#3432),#3465);
#3467=IFCCARTESIANPOINT((0.,0.));
#3468=IFCDIRECTION((0.43993916985591486,-0.8980275757606158));
#3469=IFCAXIS2PLACEMENT2D(#3467,#3468);
#3470=IFCRECTANGLEPROFILEDEF(.AREA.,$,#3469,0.6,0.3999999999999999);
#3471=IFCCARTESIANPOINT((1.3470413636409235,0.6599087547838723,-0.01));
#3472=IFCAXIS2PLACEMENT3D(#3471,$,$);
#3473=IFCDIRECTION((0.,0.,1.));
#3474=IFCEXTRUDEDAREASOLID(#3470,#3472,#3473,0.045);
#3475=IFCSTYLEDITEM(#3474,(#47),$);
#3476=IFCSHAPEREPRESENTATION(#16,'Body','SweptSolid',(#3474));
#3477=IFCPRODUCTDEFINITIONSHAPE($,$,(#3476));
#3478=IFCLOCALPLACEMENT(#23,#13);
#3479=IFCSIGN('3WCzLtK09DiR2yecPEAZrb',#5,'Placa de la llegenda \X2\00B7\X0\ Floor plaque',$,'Bronze plaque set in the paving',#3478,#3477,'RCAN-ELM-015',.MARKER.);
#3480=IFCRELASSOCIATESMATERIAL('3EbzD2Eif0Te9V4HTLcoks',#5,$,$,(#3479),#48);
#3481=IFCPROPERTYSINGLEVALUE('Material',$,IFCLABEL('Bronze, patinated'),$);
#3482=IFCPROPERTYSINGLEVALUE('Category',$,IFCLABEL('Copper alloy'),$);
#3483=IFCPROPERTYSINGLEVALUE('Description',$,IFCLABEL('Spouts, push buttons and plaque'),$);
#3484=IFCPROPERTYSINGLEVALUE('MassDensity_kg_m3',$,IFCREAL(8800.),$);
#3485=IFCPROPERTYSET('1JHNS1rQr7lxhAe9QhyBOt',#5,'Pset_CDE_Material',$,(#3481,#3482,#3483,#3484));
#3486=IFCRELDEFINESBYPROPERTIES('3arwihTlL6Jgg9597gQz39',#5,$,$,(#3479),#3485);
#3487=IFCPROPERTYSINGLEVALUE('GeometrySource',$,IFCLABEL('Plaque documented (\X2\00AB\X0\as the inscription on the floor suggests\X2\00BB\X0\); position and size illustrative'),$);
#3488=IFCPROPERTYSINGLEVALUE('Confidence',$,IFCLABEL('Low'),$);
#3489=IFCPROPERTYSINGLEVALUE('Reference',$,IFCLABEL('Wikipedia en \X2\00AB\X0\Font de Canaletes\X2\00BB\X0\'),$);
#3490=IFCPROPERTYSET('2RXyslekb5TRccBB8xiSSX',#5,'Pset_CDE_Provenance',$,(#3487,#3488,#3489));
#3491=IFCRELDEFINESBYPROPERTIES('0hovHrKD91Jwt9CQgIOVT5',#5,$,$,(#3479),#3490);
#3492=IFCPROPERTYSINGLEVALUE('Text',$,IFCLABEL('The legend of drinking from Canaletes and returning to Barcelona (text not transcribed here)'),$);
#3493=IFCPROPERTYSET('1t0AHTtzr9vh_kj$$OmVoW',#5,'Pset_CDE_Specification',$,(#3492));
#3494=IFCRELDEFINESBYPROPERTIES('2mk33NzMD4qfp6MvBxSO7f',#5,$,$,(#3479),#3493);
#3495=IFCPROPERTYSINGLEVALUE('DataStatus',$,IFCLABEL('Illustrative demo values \X2\2014\X0\ not the owner''s as-built register'),$);
#3496=IFCPROPERTYSINGLEVALUE('AssetOwner',$,IFCLABEL('Ajuntament de Barcelona (operator per OSM; register values are demo)'),$);
#3497=IFCPROPERTYSINGLEVALUE('Manufacturer',$,IFCLABEL('Demo bronze foundry'),$);
#3498=IFCPROPERTYSINGLEVALUE('Model',$,IFCLABEL('Cast bronze plaque'),$);
#3499=IFCPROPERTYSINGLEVALUE('SerialNumber',$,IFCLABEL('BCN-FNT-01051-016'),$);
#3500=IFCPROPERTYSINGLEVALUE('LifecycleStatus',$,IFCLABEL('In service'),$);
#3501=IFCPROPERTYSINGLEVALUE('InstallationYear',$,IFCINTEGER(1892),$);
#3502=IFCPROPERTYSINGLEVALUE('LastInspection',$,IFCLABEL('2026-07-08'),$);
#3503=IFCPROPERTYSINGLEVALUE('InspectionInterval_months',$,IFCINTEGER(12),$);
#3504=IFCPROPERTYSINGLEVALUE('NextInspection',$,IFCLABEL('2027-07-08'),$);
#3505=IFCPROPERTYSINGLEVALUE('ConditionIndex_1to5',$,IFCINTEGER(4),$);
#3506=IFCPROPERTYSINGLEVALUE('WarrantyEnd',$,IFCLABEL('None (heritage asset, pre-dates warranties)'),$);
#3507=IFCPROPERTYSINGLEVALUE('MaintenanceContractor',$,IFCLABEL('Demo contractor \X2\2014\X0\ fountains and heritage ironwork'),$);
#3508=IFCPROPERTYSINGLEVALUE('MaintenanceStrategy',$,IFCLABEL('Condition-based'),$);
#3509=IFCPROPERTYSET('1WWeHihv5BA8Oi8AIPP4kk',#5,'Pset_CDE_AssetManagement (demo)',$,(#3495,#3496,#3497,#3498,#3499,#3500,#3501,#3502,#3503,#3504,#3505,#3506,#3507,#3508));
#3510=IFCRELDEFINESBYPROPERTIES('1vQU5r8Fr4JO_crh61BAwZ',#5,$,$,(#3479),#3509);
#3511=IFCLOCALPLACEMENT(#23,#13);
#3512=IFCELEMENTASSEMBLY('3o$tW3p$j0z9G8TZTnJPLM',#5,'Escomesa d''aigua i desgu\X2\00E0\X0\s \X2\00B7\X0\ Water service and drain',$,'Fountain services',#3511,$,'RCAN-ASM-003',.NOTDEFINED.,.USERDEFINED.);
#3513=IFCPROPERTYSINGLEVALUE('Network',$,IFCLABEL('Municipal potable water'),$);
#3514=IFCPROPERTYSINGLEVALUE('ServicePressure_bar',$,IFCREAL(3.5),$);
#3515=IFCPROPERTYSINGLEVALUE('Drain',$,IFCLABEL('Combined sewer'),$);
#3516=IFCPROPERTYSET('2D4H_emcf8n8KroY6JVZjs',#5,'Pset_CDE_Specification',$,(#3513,#3514,#3515));
#3517=IFCRELDEFINESBYPROPERTIES('28bKGxqMr9F8_Xq72T8297',#5,$,$,(#3512),#3516);
#3518=IFCPROPERTYSINGLEVALUE('DataStatus',$,IFCLABEL('Illustrative demo values \X2\2014\X0\ not the owner''s as-built register'),$);
#3519=IFCPROPERTYSINGLEVALUE('AssetOwner',$,IFCLABEL('Water utility for municipal fountains (demo)'),$);
#3520=IFCPROPERTYSINGLEVALUE('Manufacturer',$,IFCLABEL('Demo pipe manufacturer'),$);
#3521=IFCPROPERTYSINGLEVALUE('Model',$,IFCLABEL('Service connection DN32'),$);
#3522=IFCPROPERTYSINGLEVALUE('SerialNumber',$,IFCLABEL('BCN-AIG-01051-002'),$);
#3523=IFCPROPERTYSINGLEVALUE('LifecycleStatus',$,IFCLABEL('In service'),$);
#3524=IFCPROPERTYSINGLEVALUE('InstallationYear',$,IFCINTEGER(2018),$);
#3525=IFCPROPERTYSINGLEVALUE('LastInspection',$,IFCLABEL('2026-07-08'),$);
#3526=IFCPROPERTYSINGLEVALUE('InspectionInterval_months',$,IFCINTEGER(12),$);
#3527=IFCPROPERTYSINGLEVALUE('NextInspection',$,IFCLABEL('2027-07-08'),$);
#3528=IFCPROPERTYSINGLEVALUE('ConditionIndex_1to5',$,IFCINTEGER(4),$);
#3529=IFCPROPERTYSINGLEVALUE('WarrantyEnd',$,IFCLABEL('2028-12-31'),$);
#3530=IFCPROPERTYSINGLEVALUE('MaintenanceContractor',$,IFCLABEL('Demo contractor \X2\2014\X0\ water networks'),$);
#3531=IFCPROPERTYSINGLEVALUE('MaintenanceStrategy',$,IFCLABEL('Condition-based'),$);
#3532=IFCPROPERTYSET('3sdPzNpRf7gep3W13bA2lR',#5,'Pset_CDE_AssetManagement (demo)',$,(#3518,#3519,#3520,#3521,#3522,#3523,#3524,#3525,#3526,#3527,#3528,#3529,#3530,#3531));
#3533=IFCRELDEFINESBYPROPERTIES('1HRk5o5U58zuctkJoMQO5N',#5,$,$,(#3512),#3532);
#3534=IFCPROPERTYSINGLEVALUE('GeometrySource',$,IFCLABEL('Below the pavement: not visible in any open source; typical for a Barcelona public fountain'),$);
#3535=IFCPROPERTYSINGLEVALUE('Confidence',$,IFCLABEL('Low'),$);
#3536=IFCPROPERTYSET('31Mq6TsSH3GQYpcwMCSRim',#5,'Pset_CDE_Provenance',$,(#3534,#3535));
#3537=IFCRELDEFINESBYPROPERTIES('201CQ6IH137PULnZFdZ4fF',#5,$,$,(#3512),#3536);
#3538=IFCCARTESIANPOINT((0.,0.));
#3539=IFCDIRECTION((1.,0.));
#3540=IFCAXIS2PLACEMENT2D(#3538,#3539);
#3541=IFCCIRCLEPROFILEDEF(.AREA.,$,#3540,0.014);
#3542=IFCCARTESIANPOINT((0.,0.,-0.75));
#3543=IFCDIRECTION((0.,0.,1.));
#3544=IFCDIRECTION((0.,1.,0.));
#3545=IFCAXIS2PLACEMENT3D(#3542,#3543,#3544);
#3546=IFCDIRECTION((0.,0.,1.));
#3547=IFCEXTRUDEDAREASOLID(#3541,#3545,#3546,1.6099999999999999);
#3548=IFCCARTESIANPOINT((0.,0.));
#3549=IFCDIRECTION((1.,0.));
#3550=IFCAXIS2PLACEMENT2D(#3548,#3549);
#3551=IFCCIRCLEPROFILEDEF(.AREA.,$,#3550,0.014);
#3552=IFCCARTESIANPOINT((-0.013198175095677446,0.026940827272818473,0.86));
#3553=IFCDIRECTION((0.4399391698559149,-0.8980275757606158,0.));
#3554=IFCDIRECTION((-0.8980275757606158,-0.4399391698559149,0.));
#3555=IFCAXIS2PLACEMENT3D(#3552,#3553,#3554);
#3556=IFCDIRECTION((0.,0.,1.));
#3557=IFCEXTRUDEDAREASOLID(#3551,#3555,#3556,0.06);
#3558=IFCCARTESIANPOINT((0.,0.));
#3559=IFCDIRECTION((1.,0.));
#3560=IFCAXIS2PLACEMENT2D(#3558,#3559);
#3561=IFCCIRCLEPROFILEDEF(.AREA.,$,#3560,0.009);
#3562=IFCCARTESIANPOINT((0.,0.,0.86));
#3563=IFCDIRECTION((0.43335348600326457,-0.8845845224701839,0.17238033175224837));
#3564=IFCDIRECTION((-0.8980275757606158,-0.4399391698559149,0.));
#3565=IFCAXIS2PLACEMENT3D(#3562,#3563,#3564);
#3566=IFCDIRECTION((0.,0.,1.));
#3567=IFCEXTRUDEDAREASOLID(#3561,#3565,#3566,0.40607881008493907);
#3568=IFCCARTESIANPOINT((0.,0.));
#3569=IFCDIRECTION((1.,0.));
#3570=IFCAXIS2PLACEMENT2D(#3568,#3569);
#3571=IFCCIRCLEPROFILEDEF(.AREA.,$,#3570,0.009);
#3572=IFCCARTESIANPOINT((0.,0.,0.86));
#3573=IFCDIRECTION((0.8845845224701839,0.43335348600326445,0.17238033175224837));
#3574=IFCDIRECTION((0.4399391698559148,-0.8980275757606158,0.));
#3575=IFCAXIS2PLACEMENT3D(#3572,#3573,#3574);
#3576=IFCDIRECTION((0.,0.,1.));
#3577=IFCEXTRUDEDAREASOLID(#3571,#3575,#3576,0.40607881008493907);
#3578=IFCCARTESIANPOINT((0.,0.));
#3579=IFCDIRECTION((1.,0.));
#3580=IFCAXIS2PLACEMENT2D(#3578,#3579);
#3581=IFCCIRCLEPROFILEDEF(.AREA.,$,#3580,0.009);
#3582=IFCCARTESIANPOINT((0.,0.,0.86));
#3583=IFCDIRECTION((-0.4333534860032644,0.8845845224701839,0.17238033175224837));
#3584=IFCDIRECTION((0.8980275757606158,0.43993916985591475,-0.));
#3585=IFCAXIS2PLACEMENT3D(#3582,#3583,#3584);
#3586=IFCDIRECTION((0.,0.,1.));
#3587=IFCEXTRUDEDAREASOLID(#3581,#3585,#3586,0.40607881008493907);
#3588=IFCCARTESIANPOINT((0.,0.));
#3589=IFCDIRECTION((1.,0.));
#3590=IFCAXIS2PLACEMENT2D(#3588,#3589);
#3591=IFCCIRCLEPROFILEDEF(.AREA.,$,#3590,0.009);
#3592=IFCCARTESIANPOINT((0.,0.,0.86));
#3593=IFCDIRECTION((-0.8845845224701839,-0.43335348600326434,0.17238033175224834));
#3594=IFCDIRECTION((-0.43993916985591475,0.8980275757606159,0.));
#3595=IFCAXIS2PLACEMENT3D(#3592,#3593,#3594);
#3596=IFCDIRECTION((0.,0.,1.));
#3597=IFCEXTRUDEDAREASOLID(#3591,#3595,#3596,0.4060788100849391);
#3598=IFCCARTESIANPOINT((0.,0.));
#3599=IFCDIRECTION((1.,0.));
#3600=IFCAXIS2PLACEMENT2D(#3598,#3599);
#3601=IFCCIRCLEPROFILEDEF(.AREA.,$,#3600,0.008);
#3602=IFCCARTESIANPOINT((0.,0.,0.3));
#3603=IFCDIRECTION((-0.9244922508996989,0.31652444492612936,0.21242964433104372));
#3604=IFCDIRECTION((0.32391741819814984,0.9460853588275452,-0.));
#3605=IFCAXIS2PLACEMENT3D(#3602,#3603,#3604);
#3606=IFCDIRECTION((0.,0.,1.));
#3607=IFCEXTRUDEDAREASOLID(#3601,#3605,#3606,0.47074409183759286);
#3608=IFCSTYLEDITEM(#3547,(#92),$);
#3609=IFCSTYLEDITEM(#3557,(#92),$);
#3610=IFCSTYLEDITEM(#3567,(#92),$);
#3611=IFCSTYLEDITEM(#3577,(#92),$);
#3612=IFCSTYLEDITEM(#3587,(#92),$);
#3613=IFCSTYLEDITEM(#3597,(#92),$);
#3614=IFCSTYLEDITEM(#3607,(#92),$);
#3615=IFCSHAPEREPRESENTATION(#16,'Body','SweptSolid',(#3547,#3557,#3567,#3577,#3587,#3597,#3607));
#3616=IFCPRODUCTDEFINITIONSHAPE($,$,(#3615));
#3617=IFCLOCALPLACEMENT(#23,#13);
#3618=IFCPIPESEGMENT('3Lk6L5PXP4LuoYoiNAtGhX',#5,'Muntant interior \X2\00B7\X0\ Riser inside the pedestal',$,'Copper riser \X2\00D8\X0\28 with branches \X2\00D8\X0\18 to the spouts',#3617,#3616,'RCAN-ELM-016',.RIGIDSEGMENT.);
#3619=IFCRELASSOCIATESMATERIAL('3$Tip$bhDAevp9$N0X5siY',#5,$,$,(#3618),#93);
#3620=IFCPROPERTYSINGLEVALUE('Material',$,IFCLABEL('Copper tube, EN 1057'),$);
#3621=IFCPROPERTYSINGLEVALUE('Category',$,IFCLABEL('Copper'),$);
#3622=IFCPROPERTYSINGLEVALUE('MassDensity_kg_m3',$,IFCREAL(8900.),$);
#3623=IFCPROPERTYSET('2aPXioyAHB4vsETHfuebrK',#5,'Pset_CDE_Material',$,(#3620,#3621,#3622));
#3624=IFCRELDEFINESBYPROPERTIES('1GZDnPchfEf9_Sk9IhLZ4L',#5,$,$,(#3618),#3623);
#3625=IFCPROPERTYSINGLEVALUE('GeometrySource',$,IFCLABEL('Below the pavement: not visible in any open source; typical for a Barcelona public fountain'),$);
#3626=IFCPROPERTYSINGLEVALUE('Confidence',$,IFCLABEL('Low'),$);
#3627=IFCPROPERTYSET('2eptuZn9HBteUbcE1W2VFW',#5,'Pset_CDE_Provenance',$,(#3625,#3626));
#3628=IFCRELDEFINESBYPROPERTIES('2VY7_yR7X63gQbE3kKQ8hf',#5,$,$,(#3618),#3627);
#3629=IFCPROPERTYSINGLEVALUE('Diameter_mm',$,IFCINTEGER(28),$);
#3630=IFCPROPERTYSINGLEVALUE('Branches',$,IFCINTEGER(5),$);
#3631=IFCPROPERTYSINGLEVALUE('Insulation',$,IFCLABEL('None (frost-free climate)'),$);
#3632=IFCPROPERTYSET('13IUPa$K9EJf3Rf3vyo1Yr',#5,'Pset_CDE_Specification',$,(#3629,#3630,#3631));
#3633=IFCRELDEFINESBYPROPERTIES('2K0hdi0kb3UubA$iHAM6b1',#5,$,$,(#3618),#3632);
#3634=IFCPROPERTYSINGLEVALUE('DataStatus',$,IFCLABEL('Illustrative demo values \X2\2014\X0\ not the owner''s as-built register'),$);
#3635=IFCPROPERTYSINGLEVALUE('AssetOwner',$,IFCLABEL('Water utility for municipal fountains (demo)'),$);
#3636=IFCPROPERTYSINGLEVALUE('Manufacturer',$,IFCLABEL('Demo pipe manufacturer'),$);
#3637=IFCPROPERTYSINGLEVALUE('Model',$,IFCLABEL('Copper EN 1057 28\X2\00D7\X0\1'),$);
#3638=IFCPROPERTYSINGLEVALUE('SerialNumber',$,IFCLABEL('BCN-AIG-01051-003'),$);
#3639=IFCPROPERTYSINGLEVALUE('LifecycleStatus',$,IFCLABEL('In service'),$);
#3640=IFCPROPERTYSINGLEVALUE('InstallationYear',$,IFCINTEGER(2018),$);
#3641=IFCPROPERTYSINGLEVALUE('LastInspection',$,IFCLABEL('2026-07-08'),$);
#3642=IFCPROPERTYSINGLEVALUE('InspectionInterval_months',$,IFCINTEGER(24),$);
#3643=IFCPROPERTYSINGLEVALUE('NextInspection',$,IFCLABEL('2028-07-08'),$);
#3644=IFCPROPERTYSINGLEVALUE('ConditionIndex_1to5',$,IFCINTEGER(4),$);
#3645=IFCPROPERTYSINGLEVALUE('WarrantyEnd',$,IFCLABEL('2028-12-31'),$);
#3646=IFCPROPERTYSINGLEVALUE('MaintenanceContractor',$,IFCLABEL('Demo contractor \X2\2014\X0\ water networks'),$);
#3647=IFCPROPERTYSINGLEVALUE('MaintenanceStrategy',$,IFCLABEL('Condition-based'),$);
#3648=IFCPROPERTYSET('1Q0piWS0rFBvzOGQzUIjBy',#5,'Pset_CDE_AssetManagement (demo)',$,(#3634,#3635,#3636,#3637,#3638,#3639,#3640,#3641,#3642,#3643,#3644,#3645,#3646,#3647));
#3649=IFCRELDEFINESBYPROPERTIES('0G4n5ljzL4NBw5EYcihMKw',#5,$,$,(#3618),#3648);
#3650=IFCCARTESIANPOINT((0.,0.));
#3651=IFCDIRECTION((1.,0.));
#3652=IFCAXIS2PLACEMENT2D(#3650,#3651);
#3653=IFCCIRCLEPROFILEDEF(.AREA.,$,#3652,0.02);
#3654=IFCCARTESIANPOINT((0.08323264972473388,1.9894904689441968,-0.75));
#3655=IFCDIRECTION((-0.041799599906977764,-0.9991260147987423,0.));
#3656=IFCDIRECTION((-0.9991260147987423,0.041799599906977764,0.));
#3657=IFCAXIS2PLACEMENT3D(#3654,#3655,#3656);
#3658=IFCDIRECTION((0.,0.,1.));
#3659=IFCEXTRUDEDAREASOLID(#3653,#3657,#3658,1.9912307751739877);
#3660=IFCSTYLEDITEM(#3659,(#101),$);
#3661=IFCSHAPEREPRESENTATION(#16,'Body','SweptSolid',(#3659));
#3662=IFCPRODUCTDEFINITIONSHAPE($,$,(#3661));
#3663=IFCLOCALPLACEMENT(#23,#13);
#3664=IFCPIPESEGMENT('2GRVQ4UK9D7OeXzV$O4_Vy',#5,'Escomesa soterrada \X2\00B7\X0\ Buried service pipe',$,'PE100 DN32 PN16 service pipe in sand bedding',#3663,#3662,'RCAN-ELM-017',.RIGIDSEGMENT.);
#3665=IFCRELASSOCIATESMATERIAL('1$MevvDHD4xQawuL8PTGmu',#5,$,$,(#3664),#102);
#3666=IFCPROPERTYSINGLEVALUE('Material',$,IFCLABEL('Polyethylene PE100, blue (potable water)'),$);
#3667=IFCPROPERTYSINGLEVALUE('Category',$,IFCLABEL('Plastic'),$);
#3668=IFCPROPERTYSINGLEVALUE('MassDensity_kg_m3',$,IFCREAL(960.),$);
#3669=IFCPROPERTYSET('0HsfgzDdf2HB95FeUOSku_',#5,'Pset_CDE_Material',$,(#3666,#3667,#3668));
#3670=IFCRELDEFINESBYPROPERTIES('33DSSSTAD85Rv_HbylqEi9',#5,$,$,(#3664),#3669);
#3671=IFCPROPERTYSINGLEVALUE('GeometrySource',$,IFCLABEL('Below the pavement: not visible in any open source; typical for a Barcelona public fountain'),$);
#3672=IFCPROPERTYSINGLEVALUE('Confidence',$,IFCLABEL('Low'),$);
#3673=IFCPROPERTYSET('0lWKnHj1bFqQ3ll9$JUWSb',#5,'Pset_CDE_Provenance',$,(#3671,#3672));
#3674=IFCRELDEFINESBYPROPERTIES('2GYp0nmu58h8bLSHMVyaV0',#5,$,$,(#3664),#3673);
#3675=IFCPROPERTYSINGLEVALUE('Diameter_mm',$,IFCINTEGER(32),$);
#3676=IFCPROPERTYSINGLEVALUE('PressureRating',$,IFCLABEL('PN16'),$);
#3677=IFCPROPERTYSINGLEVALUE('Depth_m',$,IFCREAL(0.75),$);
#3678=IFCPROPERTYSET('1BRLgH$cz0UxaupVvPzxr3',#5,'Pset_CDE_Specification',$,(#3675,#3676,#3677));
#3679=IFCRELDEFINESBYPROPERTIES('290poff9f2NBCT5knE4daY',#5,$,$,(#3664),#3678);
#3680=IFCPROPERTYSINGLEVALUE('DataStatus',$,IFCLABEL('Illustrative demo values \X2\2014\X0\ not the owner''s as-built register'),$);
#3681=IFCPROPERTYSINGLEVALUE('AssetOwner',$,IFCLABEL('Water utility for municipal fountains (demo)'),$);
#3682=IFCPROPERTYSINGLEVALUE('Manufacturer',$,IFCLABEL('Demo pipe manufacturer'),$);
#3683=IFCPROPERTYSINGLEVALUE('Model',$,IFCLABEL('PE100 SDR11 DN32'),$);
#3684=IFCPROPERTYSINGLEVALUE('SerialNumber',$,IFCLABEL('BCN-AIG-01051-004'),$);
#3685=IFCPROPERTYSINGLEVALUE('LifecycleStatus',$,IFCLABEL('In service'),$);
#3686=IFCPROPERTYSINGLEVALUE('InstallationYear',$,IFCINTEGER(2018),$);
#3687=IFCPROPERTYSINGLEVALUE('LastInspection',$,IFCLABEL('2026-07-08'),$);
#3688=IFCPROPERTYSINGLEVALUE('InspectionInterval_months',$,IFCINTEGER(24),$);
#3689=IFCPROPERTYSINGLEVALUE('NextInspection',$,IFCLABEL('2028-07-08'),$);
#3690=IFCPROPERTYSINGLEVALUE('ConditionIndex_1to5',$,IFCINTEGER(4),$);
#3691=IFCPROPERTYSINGLEVALUE('WarrantyEnd',$,IFCLABEL('2028-12-31'),$);
#3692=IFCPROPERTYSINGLEVALUE('MaintenanceContractor',$,IFCLABEL('Demo contractor \X2\2014\X0\ water networks'),$);
#3693=IFCPROPERTYSINGLEVALUE('MaintenanceStrategy',$,IFCLABEL('Condition-based'),$);
#3694=IFCPROPERTYSET('0wXuXMUa96pA2QZ902XWMs',#5,'Pset_CDE_AssetManagement (demo)',$,(#3680,#3681,#3682,#3683,#3684,#3685,#3686,#3687,#3688,#3689,#3690,#3691,#3692,#3693));
#3695=IFCRELDEFINESBYPROPERTIES('23H6IxUSj5EPZOkziNWUlh',#5,$,$,(#3664),#3694);
#3696=IFCCARTESIANPOINT((0.,0.));
#3697=IFCDIRECTION((1.,0.));
#3698=IFCAXIS2PLACEMENT2D(#3696,#3697);
#3699=IFCCIRCLEPROFILEDEF(.AREA.,$,#3698,0.055);
#3700=IFCCARTESIANPOINT((-0.39154586117176426,0.7992445424269481,-0.1));
#3701=IFCDIRECTION((0.,0.,-1.));
#3702=IFCDIRECTION((0.,-1.,0.));
#3703=IFCAXIS2PLACEMENT3D(#3700,#3701,#3702);
#3704=IFCDIRECTION((0.,0.,1.));
#3705=IFCEXTRUDEDAREASOLID(#3699,#3703,#3704,0.35);
#3706=IFCCARTESIANPOINT((0.,0.));
#3707=IFCDIRECTION((1.,0.));
#3708=IFCAXIS2PLACEMENT2D(#3706,#3707);
#3709=IFCCIRCLEPROFILEDEF(.AREA.,$,#3708,0.055);
#3710=IFCCARTESIANPOINT((-0.39154586117176426,0.7992445424269481,-0.45));
#3711=IFCDIRECTION((-0.8899052467763381,-0.4359600819447077,-0.1341918727446211));
#3712=IFCDIRECTION((-0.4399391698559149,0.8980275757606158,0.));
#3713=IFCAXIS2PLACEMENT3D(#3710,#3711,#3712);
#3714=IFCDIRECTION((0.,0.,1.));
#3715=IFCEXTRUDEDAREASOLID(#3709,#3713,#3714,4.843810483493342);
#3716=IFCSTYLEDITEM(#3705,(#110),$);
#3717=IFCSTYLEDITEM(#3715,(#110),$);
#3718=IFCSHAPEREPRESENTATION(#16,'Body','SweptSolid',(#3705,#3715));
#3719=IFCPRODUCTDEFINITIONSHAPE($,$,(#3718));
#3720=IFCLOCALPLACEMENT(#23,#13);
#3721=IFCPIPESEGMENT('1$$wP49Dr9TOc36D70pBak',#5,'Desgu\X2\00E0\X0\s de la canal \X2\00B7\X0\ Channel drain pipe',$,'PVC-U DN110 drain to the carriageway sewer',#3720,#3719,'RCAN-ELM-018',.RIGIDSEGMENT.);
#3722=IFCRELASSOCIATESMATERIAL('3C4XCyZgz9mAJyekSCw_3t',#5,$,$,(#3721),#111);
#3723=IFCPROPERTYSINGLEVALUE('Material',$,IFCLABEL('PVC-U sewer pipe, orange-brown'),$);
#3724=IFCPROPERTYSINGLEVALUE('Category',$,IFCLABEL('Plastic'),$);
#3725=IFCPROPERTYSINGLEVALUE('MassDensity_kg_m3',$,IFCREAL(1400.),$);
#3726=IFCPROPERTYSET('01VPThTm548xopg1$CUjIn',#5,'Pset_CDE_Material',$,(#3723,#3724,#3725));
#3727=IFCRELDEFINESBYPROPERTIES('2jFUzyJPf8FAEWyEREFXlz',#5,$,$,(#3721),#3726);
#3728=IFCPROPERTYSINGLEVALUE('GeometrySource',$,IFCLABEL('Below the pavement: not visible in any open source; typical for a Barcelona public fountain'),$);
#3729=IFCPROPERTYSINGLEVALUE('Confidence',$,IFCLABEL('Low'),$);
#3730=IFCPROPERTYSET('000yMVjb95cgpkJLST8snE',#5,'Pset_CDE_Provenance',$,(#3728,#3729));
#3731=IFCRELDEFINESBYPROPERTIES('2RHSKJMf9AGRuKAxJg9CTJ',#5,$,$,(#3721),#3730);
#3732=IFCPROPERTYSINGLEVALUE('Diameter_mm',$,IFCINTEGER(110),$);
#3733=IFCPROPERTYSINGLEVALUE('Gradient_pct',$,IFCINTEGER(13),$);
#3734=IFCPROPERTYSET('26$Bzukt5C58Ls3AY3Lj01',#5,'Pset_CDE_Specification',$,(#3732,#3733));
#3735=IFCRELDEFINESBYPROPERTIES('1KNc_8CIv9GeJ1d9QruS4v',#5,$,$,(#3721),#3734);
#3736=IFCPROPERTYSINGLEVALUE('DataStatus',$,IFCLABEL('Illustrative demo values \X2\2014\X0\ not the owner''s as-built register'),$);
#3737=IFCPROPERTYSINGLEVALUE('AssetOwner',$,IFCLABEL('Ajuntament de Barcelona (operator per OSM; register values are demo)'),$);
#3738=IFCPROPERTYSINGLEVALUE('Manufacturer',$,IFCLABEL('Demo pipe manufacturer'),$);
#3739=IFCPROPERTYSINGLEVALUE('Model',$,IFCLABEL('PVC-U SN8 DN110'),$);
#3740=IFCPROPERTYSINGLEVALUE('SerialNumber',$,IFCLABEL('BCN-AIG-01051-005'),$);
#3741=IFCPROPERTYSINGLEVALUE('LifecycleStatus',$,IFCLABEL('In service'),$);
#3742=IFCPROPERTYSINGLEVALUE('InstallationYear',$,IFCINTEGER(2018),$);
#3743=IFCPROPERTYSINGLEVALUE('LastInspection',$,IFCLABEL('2026-07-08'),$);
#3744=IFCPROPERTYSINGLEVALUE('InspectionInterval_months',$,IFCINTEGER(24),$);
#3745=IFCPROPERTYSINGLEVALUE('NextInspection',$,IFCLABEL('2028-07-08'),$);
#3746=IFCPROPERTYSINGLEVALUE('ConditionIndex_1to5',$,IFCINTEGER(4),$);
#3747=IFCPROPERTYSINGLEVALUE('WarrantyEnd',$,IFCLABEL('2028-12-31'),$);
#3748=IFCPROPERTYSINGLEVALUE('MaintenanceContractor',$,IFCLABEL('Demo contractor \X2\2014\X0\ street furniture and paving'),$);
#3749=IFCPROPERTYSINGLEVALUE('MaintenanceStrategy',$,IFCLABEL('Condition-based'),$);
#3750=IFCPROPERTYSET('3Iq89qrUn4wfsvsXuOWzMX',#5,'Pset_CDE_AssetManagement (demo)',$,(#3736,#3737,#3738,#3739,#3740,#3741,#3742,#3743,#3744,#3745,#3746,#3747,#3748,#3749));
#3751=IFCRELDEFINESBYPROPERTIES('0m8pqIzkP0JuGCA9xkLrUM',#5,$,$,(#3721),#3750);
#3752=IFCCARTESIANPOINT((0.,0.));
#3753=IFCDIRECTION((0.43993916985591486,-0.8980275757606158));
#3754=IFCAXIS2PLACEMENT2D(#3752,#3753);
#3755=IFCRECTANGLEPROFILEDEF(.AREA.,$,#3754,0.5999999999999999,0.06000000000000005);
#3756=IFCCARTESIANPOINT((-0.15923479573063237,1.8707068930830997,-0.95));
#3757=IFCAXIS2PLACEMENT3D(#3756,$,$);
#3758=IFCDIRECTION((0.,0.,1.));
#3759=IFCEXTRUDEDAREASOLID(#3755,#3757,#3758,0.92);
#3760=IFCCARTESIANPOINT((0.,0.));
#3761=IFCDIRECTION((0.43993916985591486,-0.8980275757606158));
#3762=IFCAXIS2PLACEMENT2D(#3760,#3761);
#3763=IFCRECTANGLEPROFILEDEF(.AREA.,$,#3762,0.5999999999999999,0.06000000000000005);
#3764=IFCCARTESIANPOINT((0.3257000951801,2.1082740448052935,-0.95));
#3765=IFCAXIS2PLACEMENT3D(#3764,$,$);
#3766=IFCDIRECTION((0.,0.,1.));
#3767=IFCEXTRUDEDAREASOLID(#3763,#3765,#3766,0.92);
#3768=IFCCARTESIANPOINT((0.,0.));
#3769=IFCDIRECTION((0.43993916985591486,-0.8980275757606158));
#3770=IFCAXIS2PLACEMENT2D(#3768,#3769);
#3771=IFCRECTANGLEPROFILEDEF(.AREA.,$,#3770,0.05999999999999983,0.48);
#3772=IFCCARTESIANPOINT((-0.035550926136363126,2.231957914399563,-0.95));
#3773=IFCAXIS2PLACEMENT3D(#3772,$,$);
#3774=IFCDIRECTION((0.,0.,1.));
#3775=IFCEXTRUDEDAREASOLID(#3771,#3773,#3774,0.92);
#3776=IFCCARTESIANPOINT((0.,0.));
#3777=IFCDIRECTION((0.43993916985591486,-0.8980275757606158));
#3778=IFCAXIS2PLACEMENT2D(#3776,#3777);
#3779=IFCRECTANGLEPROFILEDEF(.AREA.,$,#3778,0.06000000000000005,0.48);
#3780=IFCCARTESIANPOINT((0.20201622558583088,1.7470230234888304,-0.95));
#3781=IFCAXIS2PLACEMENT3D(#3780,$,$);
#3782=IFCDIRECTION((0.,0.,1.));
#3783=IFCEXTRUDEDAREASOLID(#3779,#3781,#3782,0.92);
#3784=IFCCARTESIANPOINT((0.,0.));
#3785=IFCDIRECTION((0.43993916985591486,-0.8980275757606158));
#3786=IFCAXIS2PLACEMENT2D(#3784,#3785);
#3787=IFCRECTANGLEPROFILEDEF(.AREA.,$,#3786,0.5999999999999999,0.6000000000000001);
#3788=IFCCARTESIANPOINT((0.08323264972473388,1.9894904689441968,-1.03));
#3789=IFCAXIS2PLACEMENT3D(#3788,$,$);
#3790=IFCDIRECTION((0.,0.,1.));
#3791=IFCEXTRUDEDAREASOLID(#3787,#3789,#3790,0.08);
#3792=IFCSTYLEDITEM(#3759,(#119),$);
#3793=IFCSTYLEDITEM(#3767,(#119),$);
#3794=IFCSTYLEDITEM(#3775,(#119),$);
#3795=IFCSTYLEDITEM(#3783,(#119),$);
#3796=IFCSTYLEDITEM(#3791,(#119),$);
#3797=IFCSHAPEREPRESENTATION(#16,'Body','SweptSolid',(#3759,#3767,#3775,#3783,#3791));
#3798=IFCPRODUCTDEFINITIONSHAPE($,$,(#3797));
#3799=IFCLOCALPLACEMENT(#23,#13);
#3800=IFCDISTRIBUTIONCHAMBERELEMENT('1HodLFQxvF4f5vI9U7AQSI',#5,'Arqueta de clau i comptador \X2\00B7\X0\ Valve and meter chamber',$,'Precast chamber 600 \X2\00D7\X0\ 600, 950 deep',#3799,#3798,'RCAN-ELM-019',.VALVECHAMBER.);
#3801=IFCRELASSOCIATESMATERIAL('2tnyFOioP0KgRHCWJ8QU9n',#5,$,$,(#3800),#120);
#3802=IFCPROPERTYSINGLEVALUE('Material',$,IFCLABEL('Precast concrete C30/37'),$);
#3803=IFCPROPERTYSINGLEVALUE('Category',$,IFCLABEL('Concrete'),$);
#3804=IFCPROPERTYSINGLEVALUE('MassDensity_kg_m3',$,IFCREAL(2400.),$);
#3805=IFCPROPERTYSET('29$GovkFjBqecN8BN0Q_17',#5,'Pset_CDE_Material',$,(#3802,#3803,#3804));
#3806=IFCRELDEFINESBYPROPERTIES('26IVfnHXf9Q90IkzXV8atB',#5,$,$,(#3800),#3805);
#3807=IFCPROPERTYSINGLEVALUE('GeometrySource',$,IFCLABEL('Below the pavement: not visible in any open source; typical for a Barcelona public fountain'),$);
#3808=IFCPROPERTYSINGLEVALUE('Confidence',$,IFCLABEL('Low'),$);
#3809=IFCPROPERTYSET('1Fptd2zob36QdhWYhCoBSd',#5,'Pset_CDE_Provenance',$,(#3807,#3808));
#3810=IFCRELDEFINESBYPROPERTIES('3agcSmZBv7PfQwIWT5Sgkd',#5,$,$,(#3800),#3809);
#3811=IFCPROPERTYSINGLEVALUE('InnerSize_mm',$,IFCLABEL('480 \X2\00D7\X0\ 480'),$);
#3812=IFCPROPERTYSINGLEVALUE('Depth_mm',$,IFCINTEGER(950),$);
#3813=IFCPROPERTYSET('0kj16CeoL0O90hlIk1joBx',#5,'Pset_CDE_Specification',$,(#3811,#3812));
#3814=IFCRELDEFINESBYPROPERTIES('24uSQeuuj8UhBaWnM_g$y2',#5,$,$,(#3800),#3813);
#3815=IFCPROPERTYSINGLEVALUE('DataStatus',$,IFCLABEL('Illustrative demo values \X2\2014\X0\ not the owner''s as-built register'),$);
#3816=IFCPROPERTYSINGLEVALUE('AssetOwner',$,IFCLABEL('Water utility for municipal fountains (demo)'),$);
#3817=IFCPROPERTYSINGLEVALUE('Manufacturer',$,IFCLABEL('Demo precast plant'),$);
#3818=IFCPROPERTYSINGLEVALUE('Model',$,IFCLABEL('Chamber 60\X2\00D7\X0\60'),$);
#3819=IFCPROPERTYSINGLEVALUE('SerialNumber',$,IFCLABEL('BCN-AIG-01051-006'),$);
#3820=IFCPROPERTYSINGLEVALUE('LifecycleStatus',$,IFCLABEL('In service'),$);
#3821=IFCPROPERTYSINGLEVALUE('InstallationYear',$,IFCINTEGER(2018),$);
#3822=IFCPROPERTYSINGLEVALUE('LastInspection',$,IFCLABEL('2026-07-08'),$);
#3823=IFCPROPERTYSINGLEVALUE('InspectionInterval_months',$,IFCINTEGER(12),$);
#3824=IFCPROPERTYSINGLEVALUE('NextInspection',$,IFCLABEL('2027-07-08'),$);
#3825=IFCPROPERTYSINGLEVALUE('ConditionIndex_1to5',$,IFCINTEGER(4),$);
#3826=IFCPROPERTYSINGLEVALUE('WarrantyEnd',$,IFCLABEL('2028-12-31'),$);
#3827=IFCPROPERTYSINGLEVALUE('MaintenanceContractor',$,IFCLABEL('Demo contractor \X2\2014\X0\ water networks'),$);
#3828=IFCPROPERTYSINGLEVALUE('MaintenanceStrategy',$,IFCLABEL('Condition-based'),$);
#3829=IFCPROPERTYSET('2l$6iV6pbE$fcpHRuHLcV6',#5,'Pset_CDE_AssetManagement (demo)',$,(#3815,#3816,#3817,#3818,#3819,#3820,#3821,#3822,#3823,#3824,#3825,#3826,#3827,#3828));
#3830=IFCRELDEFINESBYPROPERTIES('2GuBQbmKH57ghUDA_HM$xR',#5,$,$,(#3800),#3829);
#3831=IFCCARTESIANPOINT((0.,0.));
#3832=IFCDIRECTION((0.43993916985591486,-0.8980275757606158));
#3833=IFCAXIS2PLACEMENT2D(#3831,#3832);
#3834=IFCRECTANGLEPROFILEDEF(.AREA.,$,#3833,0.5999999999999999,0.6000000000000001);
#3835=IFCCARTESIANPOINT((0.08323264972473388,1.9894904689441968,-0.03));
#3836=IFCAXIS2PLACEMENT3D(#3835,$,$);
#3837=IFCDIRECTION((0.,0.,1.));
#3838=IFCEXTRUDEDAREASOLID(#3834,#3836,#3837,0.065);
#3839=IFCSTYLEDITEM(#3838,(#38),$);
#3840=IFCSHAPEREPRESENTATION(#16,'Body','SweptSolid',(#3838));
#3841=IFCPRODUCTDEFINITIONSHAPE($,$,(#3840));
#3842=IFCLOCALPLACEMENT(#23,#13);
#3843=IFCCOVERING('0qsL2QJM98qwKxy2BSLNxF',#5,'Tapa de l''arqueta \X2\00B7\X0\ Chamber cover',$,'Ductile-iron cover 600 \X2\00D7\X0\ 600, B125, marked \X2\00AB\X0\AIGUA\X2\00BB\X0\',#3842,#3841,'RCAN-COV-001',.USERDEFINED.);
#3844=IFCRELASSOCIATESMATERIAL('3v6ZsAZgP0muCpjaCR33h9',#5,$,$,(#3843),#39);
#3845=IFCPROPERTYSINGLEVALUE('Material',$,IFCLABEL('Cast iron, painted dark grey'),$);
#3846=IFCPROPERTYSINGLEVALUE('Category',$,IFCLABEL('Iron'),$);
#3847=IFCPROPERTYSINGLEVALUE('MassDensity_kg_m3',$,IFCREAL(7200.),$);
#3848=IFCPROPERTYSET('0gH8yoesXBEAXUE5OWcsuR',#5,'Pset_CDE_Material',$,(#3845,#3846,#3847));
#3849=IFCRELDEFINESBYPROPERTIES('1C7zCAo4v3NQQmdjGTiXO6',#5,$,$,(#3843),#3848);
#3850=IFCPROPERTYSINGLEVALUE('GeometrySource',$,IFCLABEL('Typical dimensions and detailing; position illustrative, chosen on the Rambla''s tree row'),$);
#3851=IFCPROPERTYSINGLEVALUE('Confidence',$,IFCLABEL('Low'),$);
#3852=IFCPROPERTYSINGLEVALUE('Reference',$,IFCLABEL('OSM way 306557216 (tree row) for the line; no OSM node for this object'),$);
#3853=IFCPROPERTYSET('3gevWBU3P97PC84ks1tJ8M',#5,'Pset_CDE_Provenance',$,(#3850,#3851,#3852));
#3854=IFCRELDEFINESBYPROPERTIES('3VaJYtIufFjRwxSauGp0Sf',#5,$,$,(#3843),#3853);
#3855=IFCPROPERTYSINGLEVALUE('Class',$,IFCLABEL('B125 (EN 124)'),$);
#3856=IFCPROPERTYSINGLEVALUE('Locking',$,IFCLABEL('Triangular key'),$);
#3857=IFCPROPERTYSET('2bQMRBNyz7Mxn6T1QVJXLn',#5,'Pset_CDE_Specification',$,(#3855,#3856));
#3858=IFCRELDEFINESBYPROPERTIES('1LR6qIv951bx7pwGVlsuNl',#5,$,$,(#3843),#3857);
#3859=IFCPROPERTYSINGLEVALUE('DataStatus',$,IFCLABEL('Illustrative demo values \X2\2014\X0\ not the owner''s as-built register'),$);
#3860=IFCPROPERTYSINGLEVALUE('AssetOwner',$,IFCLABEL('Water utility for municipal fountains (demo)'),$);
#3861=IFCPROPERTYSINGLEVALUE('Manufacturer',$,IFCLABEL('Demo foundry'),$);
#3862=IFCPROPERTYSINGLEVALUE('Model',$,IFCLABEL('Cover 60\X2\00D7\X0\60 B125'),$);
#3863=IFCPROPERTYSINGLEVALUE('SerialNumber',$,IFCLABEL('BCN-AIG-01051-007'),$);
#3864=IFCPROPERTYSINGLEVALUE('LifecycleStatus',$,IFCLABEL('In service'),$);
#3865=IFCPROPERTYSINGLEVALUE('InstallationYear',$,IFCINTEGER(2018),$);
#3866=IFCPROPERTYSINGLEVALUE('LastInspection',$,IFCLABEL('2026-07-08'),$);
#3867=IFCPROPERTYSINGLEVALUE('InspectionInterval_months',$,IFCINTEGER(12),$);
#3868=IFCPROPERTYSINGLEVALUE('NextInspection',$,IFCLABEL('2027-07-08'),$);
#3869=IFCPROPERTYSINGLEVALUE('ConditionIndex_1to5',$,IFCINTEGER(4),$);
#3870=IFCPROPERTYSINGLEVALUE('WarrantyEnd',$,IFCLABEL('2028-12-31'),$);
#3871=IFCPROPERTYSINGLEVALUE('MaintenanceContractor',$,IFCLABEL('Demo contractor \X2\2014\X0\ water networks'),$);
#3872=IFCPROPERTYSINGLEVALUE('MaintenanceStrategy',$,IFCLABEL('Condition-based'),$);
#3873=IFCPROPERTYSET('3du488dXD2w9a$4pwBIPVo',#5,'Pset_CDE_AssetManagement (demo)',$,(#3859,#3860,#3861,#3862,#3863,#3864,#3865,#3866,#3867,#3868,#3869,#3870,#3871,#3872));
#3874=IFCRELDEFINESBYPROPERTIES('2$TbgXQrX6GeViP9qdoeCZ',#5,$,$,(#3843),#3873);
#3875=IFCCARTESIANPOINT((0.,0.));
#3876=IFCDIRECTION((1.,0.));
#3877=IFCAXIS2PLACEMENT2D(#3875,#3876);
#3878=IFCCIRCLEPROFILEDEF(.AREA.,$,#3877,0.04);
#3879=IFCCARTESIANPOINT((0.030439949342023986,2.0972537780354705,-0.75));
#3880=IFCDIRECTION((0.4399391698559161,-0.8980275757606152,0.));
#3881=IFCDIRECTION((-0.8980275757606152,-0.4399391698559161,0.));
#3882=IFCAXIS2PLACEMENT3D(#3879,#3880,#3881);
#3883=IFCDIRECTION((0.,0.,1.));
#3884=IFCEXTRUDEDAREASOLID(#3878,#3882,#3883,0.11999999999999991);
#3885=IFCCARTESIANPOINT((0.,0.));
#3886=IFCDIRECTION((1.,0.));
#3887=IFCAXIS2PLACEMENT2D(#3885,#3886);
#3888=IFCCIRCLEPROFILEDEF(.AREA.,$,#3887,0.012);
#3889=IFCCARTESIANPOINT((0.05683629953337899,2.0433721234898337,-0.75));
#3890=IFCDIRECTION((0.,0.,1.));
#3891=IFCDIRECTION((0.,1.,0.));
#3892=IFCAXIS2PLACEMENT3D(#3889,#3890,#3891);
#3893=IFCDIRECTION((0.,0.,1.));
#3894=IFCEXTRUDEDAREASOLID(#3888,#3892,#3893,0.3);
#3895=IFCSTYLEDITEM(#3884,(#128),$);
#3896=IFCSTYLEDITEM(#3894,(#128),$);
#3897=IFCSHAPEREPRESENTATION(#16,'Body','SweptSolid',(#3884,#3894));
#3898=IFCPRODUCTDEFINITIONSHAPE($,$,(#3897));
#3899=IFCLOCALPLACEMENT(#23,#13);
#3900=IFCVALVE('11zxIBkWvAXOYhuKEpl533',#5,'Clau de pas \X2\00B7\X0\ Isolating valve',$,'Ball valve DN32 with square-key spindle',#3899,#3898,'RCAN-ELM-020',.ISOLATING.);
#3901=IFCRELASSOCIATESMATERIAL('3p9LLawD5BeQQ7qWbChZGa',#5,$,$,(#3900),#129);
#3902=IFCPROPERTYSINGLEVALUE('Material',$,IFCLABEL('Dezincification-resistant brass'),$);
#3903=IFCPROPERTYSINGLEVALUE('Category',$,IFCLABEL('Copper alloy'),$);
#3904=IFCPROPERTYSINGLEVALUE('MassDensity_kg_m3',$,IFCREAL(8500.),$);
#3905=IFCPROPERTYSET('3okcye4Oz7Qf6y4XDKsMiB',#5,'Pset_CDE_Material',$,(#3902,#3903,#3904));
#3906=IFCRELDEFINESBYPROPERTIES('09DxcOVXj4kAR5kPfa3Qj0',#5,$,$,(#3900),#3905);
#3907=IFCPROPERTYSINGLEVALUE('GeometrySource',$,IFCLABEL('Below the pavement: not visible in any open source; typical for a Barcelona public fountain'),$);
#3908=IFCPROPERTYSINGLEVALUE('Confidence',$,IFCLABEL('Low'),$);
#3909=IFCPROPERTYSET('3pvMABSaP0Qf8uob64w62h',#5,'Pset_CDE_Provenance',$,(#3907,#3908));
#3910=IFCRELDEFINESBYPROPERTIES('1tCenAZQ1CsgYYg03W3wBX',#5,$,$,(#3900),#3909);
#3911=IFCPROPERTYSINGLEVALUE('NominalDiameter_mm',$,IFCINTEGER(32),$);
#3912=IFCPROPERTYSINGLEVALUE('Operation',$,IFCLABEL('Square key from the surface'),$);
#3913=IFCPROPERTYSET('3pNgJJca19_8TS_1zLMETi',#5,'Pset_CDE_Specification',$,(#3911,#3912));
#3914=IFCRELDEFINESBYPROPERTIES('3mnjqb6Kf7jRvZu2AjMT$r',#5,$,$,(#3900),#3913);
#3915=IFCPROPERTYSINGLEVALUE('DataStatus',$,IFCLABEL('Illustrative demo values \X2\2014\X0\ not the owner''s as-built register'),$);
#3916=IFCPROPERTYSINGLEVALUE('AssetOwner',$,IFCLABEL('Water utility for municipal fountains (demo)'),$);
#3917=IFCPROPERTYSINGLEVALUE('Manufacturer',$,IFCLABEL('Demo valve maker'),$);
#3918=IFCPROPERTYSINGLEVALUE('Model',$,IFCLABEL('Ball valve DN32 PN16'),$);
#3919=IFCPROPERTYSINGLEVALUE('SerialNumber',$,IFCLABEL('BCN-AIG-01051-008'),$);
#3920=IFCPROPERTYSINGLEVALUE('LifecycleStatus',$,IFCLABEL('In service'),$);
#3921=IFCPROPERTYSINGLEVALUE('InstallationYear',$,IFCINTEGER(2018),$);
#3922=IFCPROPERTYSINGLEVALUE('LastInspection',$,IFCLABEL('2026-07-08'),$);
#3923=IFCPROPERTYSINGLEVALUE('InspectionInterval_months',$,IFCINTEGER(12),$);
#3924=IFCPROPERTYSINGLEVALUE('NextInspection',$,IFCLABEL('2027-07-08'),$);
#3925=IFCPROPERTYSINGLEVALUE('ConditionIndex_1to5',$,IFCINTEGER(4),$);
#3926=IFCPROPERTYSINGLEVALUE('WarrantyEnd',$,IFCLABEL('2028-12-31'),$);
#3927=IFCPROPERTYSINGLEVALUE('MaintenanceContractor',$,IFCLABEL('Demo contractor \X2\2014\X0\ water networks'),$);
#3928=IFCPROPERTYSINGLEVALUE('MaintenanceStrategy',$,IFCLABEL('Condition-based'),$);
#3929=IFCPROPERTYSET('1wicsCJzTFrBplv$$oQldL',#5,'Pset_CDE_AssetManagement (demo)',$,(#3915,#3916,#3917,#3918,#3919,#3920,#3921,#3922,#3923,#3924,#3925,#3926,#3927,#3928));
#3930=IFCRELDEFINESBYPROPERTIES('3wPk2Il29BWQ9DXzmWprgl',#5,$,$,(#3900),#3929);
#3931=IFCCARTESIANPOINT((0.,0.));
#3932=IFCDIRECTION((0.43993916985591486,-0.8980275757606158));
#3933=IFCAXIS2PLACEMENT2D(#3931,#3932);
#3934=IFCRECTANGLEPROFILEDEF(.AREA.,$,#3933,0.17999999999999994,0.14000000000000012);
#3935=IFCCARTESIANPOINT((0.13162595840888447,1.890707435610529,-0.82));
#3936=IFCAXIS2PLACEMENT3D(#3935,$,$);
#3937=IFCDIRECTION((0.,0.,1.));
#3938=IFCEXTRUDEDAREASOLID(#3934,#3936,#3937,0.14);
#3939=IFCSTYLEDITEM(#3938,(#128),$);
#3940=IFCSHAPEREPRESENTATION(#16,'Body','SweptSolid',(#3938));
#3941=IFCPRODUCTDEFINITIONSHAPE($,$,(#3940));
#3942=IFCLOCALPLACEMENT(#23,#13);
#3943=IFCFLOWMETER('1R78PK2cLATuoEzrFy4aM9',#5,'Comptador d''aigua \X2\00B7\X0\ Water meter',$,'Ultrasonic water meter DN25 with radio read-out',#3942,#3941,'RCAN-ELM-021',.WATERMETER.);
#3944=IFCRELASSOCIATESMATERIAL('2OttPFzZn0M8Hv830pK2JO',#5,$,$,(#3943),#129);
#3945=IFCPROPERTYSINGLEVALUE('Material',$,IFCLABEL('Dezincification-resistant brass'),$);
#3946=IFCPROPERTYSINGLEVALUE('Category',$,IFCLABEL('Copper alloy'),$);
#3947=IFCPROPERTYSINGLEVALUE('MassDensity_kg_m3',$,IFCREAL(8500.),$);
#3948=IFCPROPERTYSET('30GsXYoXnAvxFCXCYECRoM',#5,'Pset_CDE_Material',$,(#3945,#3946,#3947));
#3949=IFCRELDEFINESBYPROPERTIES('275LDR8YbCt8MexQ4WsAHr',#5,$,$,(#3943),#3948);
#3950=IFCPROPERTYSINGLEVALUE('GeometrySource',$,IFCLABEL('Below the pavement: not visible in any open source; typical for a Barcelona public fountain'),$);
#3951=IFCPROPERTYSINGLEVALUE('Confidence',$,IFCLABEL('Low'),$);
#3952=IFCPROPERTYSET('3DUNzGkkT4oQ9NCb$1KSf0',#5,'Pset_CDE_Provenance',$,(#3950,#3951));
#3953=IFCRELDEFINESBYPROPERTIES('32jDpA$gXCm91V1RvjLU0f',#5,$,$,(#3943),#3952);
#3954=IFCPROPERTYSINGLEVALUE('NominalFlow_m3_h',$,IFCREAL(4.),$);
#3955=IFCPROPERTYSINGLEVALUE('Reading_m3',$,IFCREAL(8412.6),$);
#3956=IFCPROPERTYSINGLEVALUE('ReadingDate',$,IFCLABEL('2026-09-30'),$);
#3957=IFCPROPERTYSINGLEVALUE('Telemetry',$,IFCLABEL('Radio, daily read'),$);
#3958=IFCPROPERTYSET('2aXVqkXb5APwBEoSHCslZs',#5,'Pset_CDE_Specification',$,(#3954,#3955,#3956,#3957));
#3959=IFCRELDEFINESBYPROPERTIES('3Q2c8$60HCtf2NZVpSSr9b',#5,$,$,(#3943),#3958);
#3960=IFCPROPERTYSINGLEVALUE('DataStatus',$,IFCLABEL('Illustrative demo values \X2\2014\X0\ not the owner''s as-built register'),$);
#3961=IFCPROPERTYSINGLEVALUE('AssetOwner',$,IFCLABEL('Water utility for municipal fountains (demo)'),$);
#3962=IFCPROPERTYSINGLEVALUE('Manufacturer',$,IFCLABEL('Demo meter manufacturer'),$);
#3963=IFCPROPERTYSINGLEVALUE('Model',$,IFCLABEL('Ultrasonic DN25 Q3=4'),$);
#3964=IFCPROPERTYSINGLEVALUE('SerialNumber',$,IFCLABEL('BCN-AIG-01051-009'),$);
#3965=IFCPROPERTYSINGLEVALUE('LifecycleStatus',$,IFCLABEL('In service'),$);
#3966=IFCPROPERTYSINGLEVALUE('InstallationYear',$,IFCINTEGER(2023),$);
#3967=IFCPROPERTYSINGLEVALUE('LastInspection',$,IFCLABEL('2026-07-08'),$);
#3968=IFCPROPERTYSINGLEVALUE('InspectionInterval_months',$,IFCINTEGER(12),$);
#3969=IFCPROPERTYSINGLEVALUE('NextInspection',$,IFCLABEL('2027-07-08'),$);
#3970=IFCPROPERTYSINGLEVALUE('ConditionIndex_1to5',$,IFCINTEGER(5),$);
#3971=IFCPROPERTYSINGLEVALUE('WarrantyEnd',$,IFCLABEL('2028-12-31'),$);
#3972=IFCPROPERTYSINGLEVALUE('MaintenanceContractor',$,IFCLABEL('Demo contractor \X2\2014\X0\ water networks'),$);
#3973=IFCPROPERTYSINGLEVALUE('MaintenanceStrategy',$,IFCLABEL('Time-based (meter replacement cycle)'),$);
#3974=IFCPROPERTYSINGLEVALUE('Consumption_m3_30d',$,IFCREAL(212.4),$);
#3975=IFCPROPERTYSET('3bmZUbawPDIeNUWytdbcXX',#5,'Pset_CDE_AssetManagement (demo)',$,(#3960,#3961,#3962,#3963,#3964,#3965,#3966,#3967,#3968,#3969,#3970,#3971,#3972,#3973,#3974));
#3976=IFCRELDEFINESBYPROPERTIES('09T7vAZ3DDgRUWKWBZ7kFm',#5,$,$,(#3943),#3975);
#3977=IFCCARTESIANPOINT((0.,0.));
#3978=IFCDIRECTION((0.43993916985591486,-0.8980275757606158));
#3979=IFCAXIS2PLACEMENT2D(#3977,#3978);
#3980=IFCRECTANGLEPROFILEDEF(.AREA.,$,#3979,4.1,4.1);
#3981=IFCCARTESIANPOINT((0.,0.,-0.07));
#3982=IFCAXIS2PLACEMENT3D(#3981,$,$);
#3983=IFCDIRECTION((0.,0.,1.));
#3984=IFCEXTRUDEDAREASOLID(#3980,#3982,#3983,0.1);
#3985=IFCSTYLEDITEM(#3984,(#65),$);
#3986=IFCSHAPEREPRESENTATION(#16,'Body','SweptSolid',(#3984));
#3987=IFCPRODUCTDEFINITIONSHAPE($,$,(#3986));
#3988=IFCLOCALPLACEMENT(#23,#13);
#3989=IFCSLAB('2rZ6EX3X57XPyZkxMO7Q74',#5,'Paviment de la Rambla \X2\00B7\X0\ Paving patch (fountain)',$,'Rambla wave-pattern terrazzo over the cut-out (covers the mesh where this model replaces it)',#3988,#3987,'RCAN-SLB-002',.PAVING.);
#3990=IFCRELASSOCIATESMATERIAL('1zI2N0Oq14N84eOKyZ5P5f',#5,$,$,(#3989),#66);
#3991=IFCPROPERTYSINGLEVALUE('Reference',$,IFCLABEL('Rambla wave-pattern terrazzo over the cut-out (covers the mesh where this model replaces it)'),$);
#3992=IFCPROPERTYSINGLEVALUE('IsExternal',$,IFCBOOLEAN(.T.),$);
#3993=IFCPROPERTYSINGLEVALUE('LoadBearing',$,IFCBOOLEAN(.F.),$);
#3994=IFCPROPERTYSINGLEVALUE('Status',$,IFCLABEL('EXISTING'),$);
#3995=IFCPROPERTYSET('3Az_lEZLDAJhT76TJ5qiaT',#5,'Pset_SlabCommon',$,(#3991,#3992,#3993,#3994));
#3996=IFCRELDEFINESBYPROPERTIES('0CGyoFZoL0UxXHuPp8Szyo',#5,$,$,(#3989),#3995);
#3997=IFCPROPERTYSINGLEVALUE('Material',$,IFCLABEL('Hydraulic terrazzo paving, Rambla wave pattern'),$);
#3998=IFCPROPERTYSINGLEVALUE('Category',$,IFCLABEL('Concrete'),$);
#3999=IFCPROPERTYSINGLEVALUE('Description',$,IFCLABEL('The Rambla''s undulating paving: grey, white and ochre'),$);
#4000=IFCPROPERTYSINGLEVALUE('MassDensity_kg_m3',$,IFCREAL(2300.),$);
#4001=IFCPROPERTYSET('12vkFYrhr02gVHpYMCfkDa',#5,'Pset_CDE_Material',$,(#3997,#3998,#3999,#4000));
#4002=IFCRELDEFINESBYPROPERTIES('3O2NzRanz5bfMUxEwoKEvS',#5,$,$,(#3989),#4001);
#4003=IFCPROPERTYSINGLEVALUE('GeometrySource',$,IFCLABEL('Rambla geometry from OSM (ODbL); pavement level from the ICGC 3D mesh'),$);
#4004=IFCPROPERTYSINGLEVALUE('Confidence',$,IFCLABEL('Medium'),$);
#4005=IFCPROPERTYSINGLEVALUE('Reference',$,IFCLABEL('OSM ways 545937950, 1360091606, 920602948, 306557216, 306557217; ICGC Barcelona mesh'),$);
#4006=IFCPROPERTYSET('1EvQ_LTv909x4Mo71yQdAt',#5,'Pset_CDE_Provenance',$,(#4003,#4004,#4005));
#4007=IFCRELDEFINESBYPROPERTIES('2M6x9tXOb1HRVGopCjbMFX',#5,$,$,(#3989),#4006);
#4008=IFCPROPERTYSINGLEVALUE('Purpose',$,IFCLABEL('Visual: replaces the photogrammetric ground under modelled objects'),$);
#4009=IFCPROPERTYSINGLEVALUE('Pattern',$,IFCLABEL('Undulating \X2\00AB\X0\ones\X2\00BB\X0\ terrazzo, 3 colours'),$);
#4010=IFCPROPERTYSINGLEVALUE('Thickness_mm',$,IFCINTEGER(60),$);
#4011=IFCPROPERTYSINGLEVALUE('Bedding',$,IFCLABEL('Mortar on concrete base'),$);
#4012=IFCPROPERTYSET('0aTgzTIE16CRhAfX19vwar',#5,'Pset_CDE_Specification',$,(#4008,#4009,#4010,#4011));
#4013=IFCRELDEFINESBYPROPERTIES('1AzzfUhfX3tfg2blf1UVVH',#5,$,$,(#3989),#4012);
#4014=IFCPROPERTYSINGLEVALUE('DataStatus',$,IFCLABEL('Illustrative demo values \X2\2014\X0\ not the owner''s as-built register'),$);
#4015=IFCPROPERTYSINGLEVALUE('AssetOwner',$,IFCLABEL('Ajuntament de Barcelona (operator per OSM; register values are demo)'),$);
#4016=IFCPROPERTYSINGLEVALUE('Manufacturer',$,IFCLABEL('Demo terrazzo manufacturer'),$);
#4017=IFCPROPERTYSINGLEVALUE('Model',$,IFCLABEL('Hydraulic terrazzo 40\X2\00D7\X0\40, Rambla wave'),$);
#4018=IFCPROPERTYSINGLEVALUE('SerialNumber',$,IFCLABEL('BCN-PAV-RC-001'),$);
#4019=IFCPROPERTYSINGLEVALUE('LifecycleStatus',$,IFCLABEL('In service'),$);
#4020=IFCPROPERTYSINGLEVALUE('InstallationYear',$,IFCINTEGER(2020),$);
#4021=IFCPROPERTYSINGLEVALUE('LastInspection',$,IFCLABEL('2026-07-08'),$);
#4022=IFCPROPERTYSINGLEVALUE('InspectionInterval_months',$,IFCINTEGER(12),$);
#4023=IFCPROPERTYSINGLEVALUE('NextInspection',$,IFCLABEL('2027-07-08'),$);
#4024=IFCPROPERTYSINGLEVALUE('ConditionIndex_1to5',$,IFCINTEGER(4),$);
#4025=IFCPROPERTYSINGLEVALUE('WarrantyEnd',$,IFCLABEL('2030-12-31'),$);
#4026=IFCPROPERTYSINGLEVALUE('MaintenanceContractor',$,IFCLABEL('Demo contractor \X2\2014\X0\ street furniture and paving'),$);
#4027=IFCPROPERTYSINGLEVALUE('MaintenanceStrategy',$,IFCLABEL('Condition-based'),$);
#4028=IFCPROPERTYSET('2lAyICi3H03gsvZYYTyfsX',#5,'Pset_CDE_AssetManagement (demo)',$,(#4014,#4015,#4016,#4017,#4018,#4019,#4020,#4021,#4022,#4023,#4024,#4025,#4026,#4027));
#4029=IFCRELDEFINESBYPROPERTIES('2yd$rUsSr1Efgd5ZH3BR9t',#5,$,$,(#3989),#4028);
#4030=IFCLOCALPLACEMENT(#23,#13);
#4031=IFCELEMENTASSEMBLY('2VxTWEwBnEF9Xj7aOaEHo2',#5,'Quiosc de premsa \X2\00B7\X0\ Newspaper kiosk',$,'Newspaper and magazine kiosk on public space',#4030,$,'RCAN-ASM-004',.NOTDEFINED.,.USERDEFINED.);
#4032=IFCPROPERTYSINGLEVALUE('OSMNode',$,IFCINTEGER(691591931),$);
#4033=IFCPROPERTYSINGLEVALUE('Use',$,IFCLABEL('Newspapers, magazines, souvenirs'),$);
#4034=IFCPROPERTYSINGLEVALUE('Footprint_mm',$,IFCLABEL('3 600 \X2\00D7\X0\ 2 300'),$);
#4035=IFCPROPERTYSINGLEVALUE('Height_mm',$,IFCINTEGER(2800),$);
#4036=IFCPROPERTYSINGLEVALUE('OpeningHours',$,IFCLABEL('08:00\X2\2013\X0\22:00 (demo)'),$);
#4037=IFCPROPERTYSINGLEVALUE('Concession',$,IFCLABEL('Municipal licence (demo number LQ-01-0137)'),$);
#4038=IFCPROPERTYSET('1fBctvVp95pfb7Yr3kL6sh',#5,'Pset_CDE_Specification',$,(#4032,#4033,#4034,#4035,#4036,#4037));
#4039=IFCRELDEFINESBYPROPERTIES('1DR7uwPpv8$xJJbIg8RJvw',#5,$,$,(#4031),#4038);
#4040=IFCPROPERTYSINGLEVALUE('DataStatus',$,IFCLABEL('Illustrative demo values \X2\2014\X0\ not the owner''s as-built register'),$);
#4041=IFCPROPERTYSINGLEVALUE('AssetOwner',$,IFCLABEL('Kiosk licensee under a municipal concession (demo)'),$);
#4042=IFCPROPERTYSINGLEVALUE('Manufacturer',$,IFCLABEL('Demo kiosk fabricator'),$);
#4043=IFCPROPERTYSINGLEVALUE('Model',$,IFCLABEL('Rambla newspaper kiosk, steel, 3.6 \X2\00D7\X0\ 2.3 m'),$);
#4044=IFCPROPERTYSINGLEVALUE('SerialNumber',$,IFCLABEL('BCN-KSK-RC-001'),$);
#4045=IFCPROPERTYSINGLEVALUE('LifecycleStatus',$,IFCLABEL('In service'),$);
#4046=IFCPROPERTYSINGLEVALUE('InstallationYear',$,IFCINTEGER(2008),$);
#4047=IFCPROPERTYSINGLEVALUE('LastInspection',$,IFCLABEL('2026-07-08'),$);
#4048=IFCPROPERTYSINGLEVALUE('InspectionInterval_months',$,IFCINTEGER(12),$);
#4049=IFCPROPERTYSINGLEVALUE('NextInspection',$,IFCLABEL('2027-07-08'),$);
#4050=IFCPROPERTYSINGLEVALUE('ConditionIndex_1to5',$,IFCINTEGER(4),$);
#4051=IFCPROPERTYSINGLEVALUE('WarrantyEnd',$,IFCLABEL('2018-12-31 (expired)'),$);
#4052=IFCPROPERTYSINGLEVALUE('MaintenanceContractor',$,IFCLABEL('Demo contractor \X2\2014\X0\ kiosk maintenance'),$);
#4053=IFCPROPERTYSINGLEVALUE('MaintenanceStrategy',$,IFCLABEL('Condition-based'),$);
#4054=IFCPROPERTYSET('3NSARFgCb8tuiZsHyzKuof',#5,'Pset_CDE_AssetManagement (demo)',$,(#4040,#4041,#4042,#4043,#4044,#4045,#4046,#4047,#4048,#4049,#4050,#4051,#4052,#4053));
#4055=IFCRELDEFINESBYPROPERTIES('2n_GpnuFXFegfxoH98bvqW',#5,$,$,(#4031),#4054);
#4056=IFCPROPERTYSINGLEVALUE('GeometrySource',$,IFCLABEL('Typical Rambla newspaper kiosk; position from OSM (ODbL), long axis along the Rambla tree row'),$);
#4057=IFCPROPERTYSINGLEVALUE('Confidence',$,IFCLABEL('Low'),$);
#4058=IFCPROPERTYSINGLEVALUE('Reference',$,IFCLABEL('OSM node 691591931 (shop=kiosk), way 306557217'),$);
#4059=IFCPROPERTYSET('2IU45DVTj3Ufeky_4S36sG',#5,'Pset_CDE_Provenance',$,(#4056,#4057,#4058));
#4060=IFCRELDEFINESBYPROPERTIES('14OZuf6lr0tufvEo2m3F8s',#5,$,$,(#4031),#4059);
#4061=IFCCARTESIANPOINT((0.,0.));
#4062=IFCDIRECTION((0.43993916985591486,-0.8980275757606158));
#4063=IFCAXIS2PLACEMENT2D(#4061,#4062);
#4064=IFCRECTANGLEPROFILEDEF(.AREA.,$,#4063,3.6,2.3);
#4065=IFCCARTESIANPOINT((17.51,3.73,-0.07));
#4066=IFCAXIS2PLACEMENT3D(#4065,$,$);
#4067=IFCDIRECTION((0.,0.,1.));
#4068=IFCEXTRUDEDAREASOLID(#4064,#4066,#4067,0.14);
#4069=IFCSTYLEDITEM(#4068,(#146),$);
#4070=IFCSHAPEREPRESENTATION(#16,'Body','SweptSolid',(#4068));
#4071=IFCPRODUCTDEFINITIONSHAPE($,$,(#4070));
#4072=IFCLOCALPLACEMENT(#23,#13);
#4073=IFCSLAB('3Xcg2S7o9DPfu17k30rAa6',#5,'Bancada del quiosc \X2\00B7\X0\ Kiosk base',$,'Steel base frame with chequer floor',#4072,#4071,'RCAN-SLB-003',.BASESLAB.);
#4074=IFCRELASSOCIATESMATERIAL('3l7XgB_Z17rhftzbya4sfW',#5,$,$,(#4073),#147);
#4075=IFCPROPERTYSINGLEVALUE('Reference',$,IFCLABEL('Steel base frame with chequer floor'),$);
#4076=IFCPROPERTYSINGLEVALUE('IsExternal',$,IFCBOOLEAN(.T.),$);
#4077=IFCPROPERTYSINGLEVALUE('LoadBearing',$,IFCBOOLEAN(.T.),$);
#4078=IFCPROPERTYSINGLEVALUE('Status',$,IFCLABEL('EXISTING'),$);
#4079=IFCPROPERTYSET('13A$uPyI9E0QO1QUJEsR9k',#5,'Pset_SlabCommon',$,(#4075,#4076,#4077,#4078));
#4080=IFCRELDEFINESBYPROPERTIES('12nm9hYAPFMuC9cfA$0TeH',#5,$,$,(#4073),#4079);
#4081=IFCPROPERTYSINGLEVALUE('Material',$,IFCLABEL('Steel, powder-coated RAL 7021 black-grey'),$);
#4082=IFCPROPERTYSINGLEVALUE('Category',$,IFCLABEL('Steel'),$);
#4083=IFCPROPERTYSINGLEVALUE('MassDensity_kg_m3',$,IFCREAL(7850.),$);
#4084=IFCPROPERTYSET('0JHiWpmYHAi8Zh12VUpuz3',#5,'Pset_CDE_Material',$,(#4081,#4082,#4083));
#4085=IFCRELDEFINESBYPROPERTIES('2hkduMEvf96Al_WyOLb_10',#5,$,$,(#4073),#4084);
#4086=IFCPROPERTYSINGLEVALUE('GeometrySource',$,IFCLABEL('Typical Rambla newspaper kiosk; position from OSM (ODbL), long axis along the Rambla tree row'),$);
#4087=IFCPROPERTYSINGLEVALUE('Confidence',$,IFCLABEL('Low'),$);
#4088=IFCPROPERTYSINGLEVALUE('Reference',$,IFCLABEL('OSM node 691591931 (shop=kiosk), way 306557217'),$);
#4089=IFCPROPERTYSET('0i4Lzk0ST5tux2cejunUWD',#5,'Pset_CDE_Provenance',$,(#4086,#4087,#4088));
#4090=IFCRELDEFINESBYPROPERTIES('1oGeVBKUXAdxI1XgWKViJ_',#5,$,$,(#4073),#4089);
#4091=IFCPROPERTYSINGLEVALUE('Anchoring',$,IFCLABEL('Four chemical anchors'),$);
#4092=IFCPROPERTYSET('3FyMs4XuL0JfpxfBmzrnKC',#5,'Pset_CDE_Specification',$,(#4091));
#4093=IFCRELDEFINESBYPROPERTIES('1G2SZEwzDEuxsAs9L1SSE1',#5,$,$,(#4073),#4092);
#4094=IFCPROPERTYSINGLEVALUE('DataStatus',$,IFCLABEL('Illustrative demo values \X2\2014\X0\ not the owner''s as-built register'),$);
#4095=IFCPROPERTYSINGLEVALUE('AssetOwner',$,IFCLABEL('Kiosk licensee under a municipal concession (demo)'),$);
#4096=IFCPROPERTYSINGLEVALUE('Manufacturer',$,IFCLABEL('Demo kiosk fabricator'),$);
#4097=IFCPROPERTYSINGLEVALUE('Model',$,IFCLABEL('Rambla newspaper kiosk, steel, 3.6 \X2\00D7\X0\ 2.3 m'),$);
#4098=IFCPROPERTYSINGLEVALUE('SerialNumber',$,IFCLABEL('BCN-KSK-RC-002'),$);
#4099=IFCPROPERTYSINGLEVALUE('LifecycleStatus',$,IFCLABEL('In service'),$);
#4100=IFCPROPERTYSINGLEVALUE('InstallationYear',$,IFCINTEGER(2008),$);
#4101=IFCPROPERTYSINGLEVALUE('LastInspection',$,IFCLABEL('2026-07-08'),$);
#4102=IFCPROPERTYSINGLEVALUE('InspectionInterval_months',$,IFCINTEGER(24),$);
#4103=IFCPROPERTYSINGLEVALUE('NextInspection',$,IFCLABEL('2028-07-08'),$);
#4104=IFCPROPERTYSINGLEVALUE('ConditionIndex_1to5',$,IFCINTEGER(4),$);
#4105=IFCPROPERTYSINGLEVALUE('WarrantyEnd',$,IFCLABEL('2018-12-31 (expired)'),$);
#4106=IFCPROPERTYSINGLEVALUE('MaintenanceContractor',$,IFCLABEL('Demo contractor \X2\2014\X0\ kiosk maintenance'),$);
#4107=IFCPROPERTYSINGLEVALUE('MaintenanceStrategy',$,IFCLABEL('Condition-based'),$);
#4108=IFCPROPERTYSET('3H6DcqaHP51O25kvi6PkKC',#5,'Pset_CDE_AssetManagement (demo)',$,(#4094,#4095,#4096,#4097,#4098,#4099,#4100,#4101,#4102,#4103,#4104,#4105,#4106,#4107));
#4109=IFCRELDEFINESBYPROPERTIES('2OCmY_O5v5JASaZeo2pQfn',#5,$,$,(#4073),#4108);
#4110=IFCCARTESIANPOINT((0.,0.));
#4111=IFCDIRECTION((0.43993916985591486,-0.8980275757606158));
#4112=IFCAXIS2PLACEMENT2D(#4110,#4111);
#4113=IFCRECTANGLEPROFILEDEF(.AREA.,$,#4112,0.08000000000000007,0.08000000000000007);
#4114=IFCCARTESIANPOINT((15.805794789240135,4.799291634503383,0.06999999999999999));
#4115=IFCAXIS2PLACEMENT3D(#4114,$,$);
#4116=IFCDIRECTION((0.,0.,1.));
#4117=IFCEXTRUDEDAREASOLID(#4113,#4115,#4116,2.28);
#4118=IFCCARTESIANPOINT((0.,0.));
#4119=IFCDIRECTION((0.43993916985591486,-0.8980275757606158));
#4120=IFCAXIS2PLACEMENT2D(#4118,#4119);
#4121=IFCRECTANGLEPROFILEDEF(.AREA.,$,#4120,0.08000000000000007,0.08000000000000007);
#4122=IFCCARTESIANPOINT((17.70961324985264,5.7319626745979235,0.06999999999999999));
#4123=IFCAXIS2PLACEMENT3D(#4122,$,$);
#4124=IFCDIRECTION((0.,0.,1.));
#4125=IFCEXTRUDEDAREASOLID(#4121,#4123,#4124,2.28);
#4126=IFCCARTESIANPOINT((0.,0.));
#4127=IFCDIRECTION((0.43993916985591486,-0.8980275757606158));
#4128=IFCAXIS2PLACEMENT2D(#4126,#4127);
#4129=IFCRECTANGLEPROFILEDEF(.AREA.,$,#4128,0.08000000000000007,0.08000000000000007);
#4130=IFCCARTESIANPOINT((17.310386750147362,1.728037325402077,0.06999999999999999));
#4131=IFCAXIS2PLACEMENT3D(#4130,$,$);
#4132=IFCDIRECTION((0.,0.,1.));
#4133=IFCEXTRUDEDAREASOLID(#4129,#4131,#4132,2.28);
#4134=IFCCARTESIANPOINT((0.,0.));
#4135=IFCDIRECTION((0.43993916985591486,-0.8980275757606158));
#4136=IFCAXIS2PLACEMENT2D(#4134,#4135);
#4137=IFCRECTANGLEPROFILEDEF(.AREA.,$,#4136,0.08000000000000007,0.08000000000000007);
#4138=IFCCARTESIANPOINT((19.214205210759868,2.6607083654966166,0.06999999999999999));
#4139=IFCAXIS2PLACEMENT3D(#4138,$,$);
#4140=IFCDIRECTION((0.,0.,1.));
#4141=IFCEXTRUDEDAREASOLID(#4137,#4139,#4140,2.28);
#4142=IFCSTYLEDITEM(#4117,(#146),$);
#4143=IFCSTYLEDITEM(#4125,(#146),$);
#4144=IFCSTYLEDITEM(#4133,(#146),$);
#4145=IFCSTYLEDITEM(#4141,(#146),$);
#4146=IFCSHAPEREPRESENTATION(#16,'Body','SweptSolid',(#4117,#4125,#4133,#4141));
#4147=IFCPRODUCTDEFINITIONSHAPE($,$,(#4146));
#4148=IFCLOCALPLACEMENT(#23,#13);
#4149=IFCCOLUMN('3SrsemkX120PAiz5N1fRfW',#5,'Muntants de cantonada \X2\00B7\X0\ Corner posts',$,'SHS 80\X2\00D7\X0\80\X2\00D7\X0\4',#4148,#4147,'RCAN-COL-002',.COLUMN.);
#4150=IFCRELASSOCIATESMATERIAL('3IwzJd9ZD9vxz8nXe3itdC',#5,$,$,(#4149),#147);
#4151=IFCPROPERTYSINGLEVALUE('Reference',$,IFCLABEL('SHS 80\X2\00D7\X0\80\X2\00D7\X0\4'),$);
#4152=IFCPROPERTYSINGLEVALUE('IsExternal',$,IFCBOOLEAN(.T.),$);
#4153=IFCPROPERTYSINGLEVALUE('LoadBearing',$,IFCBOOLEAN(.T.),$);
#4154=IFCPROPERTYSINGLEVALUE('Status',$,IFCLABEL('EXISTING'),$);
#4155=IFCPROPERTYSET('0p9938s7r9SuoQZJDhUxnw',#5,'Pset_ColumnCommon',$,(#4151,#4152,#4153,#4154));
#4156=IFCRELDEFINESBYPROPERTIES('3OmQhw5WrDr8i8M_Nvxw9Q',#5,$,$,(#4149),#4155);
#4157=IFCPROPERTYSINGLEVALUE('Material',$,IFCLABEL('Steel, powder-coated RAL 7021 black-grey'),$);
#4158=IFCPROPERTYSINGLEVALUE('Category',$,IFCLABEL('Steel'),$);
#4159=IFCPROPERTYSINGLEVALUE('MassDensity_kg_m3',$,IFCREAL(7850.),$);
#4160=IFCPROPERTYSET('3kzK_5ytPB0Oxm_YBShNZE',#5,'Pset_CDE_Material',$,(#4157,#4158,#4159));
#4161=IFCRELDEFINESBYPROPERTIES('1Swb6KwBjB3Bg9uj5zOtf5',#5,$,$,(#4149),#4160);
#4162=IFCPROPERTYSINGLEVALUE('GeometrySource',$,IFCLABEL('Typical Rambla newspaper kiosk; position from OSM (ODbL), long axis along the Rambla tree row'),$);
#4163=IFCPROPERTYSINGLEVALUE('Confidence',$,IFCLABEL('Low'),$);
#4164=IFCPROPERTYSINGLEVALUE('Reference',$,IFCLABEL('OSM node 691591931 (shop=kiosk), way 306557217'),$);
#4165=IFCPROPERTYSET('3hzxlpzCn03Ah2STA_MO1a',#5,'Pset_CDE_Provenance',$,(#4162,#4163,#4164));
#4166=IFCRELDEFINESBYPROPERTIES('1Prf4vnLXBugCYvPxEYFu3',#5,$,$,(#4149),#4165);
#4167=IFCPROPERTYSINGLEVALUE('DataStatus',$,IFCLABEL('Illustrative demo values \X2\2014\X0\ not the owner''s as-built register'),$);
#4168=IFCPROPERTYSINGLEVALUE('AssetOwner',$,IFCLABEL('Kiosk licensee under a municipal concession (demo)'),$);
#4169=IFCPROPERTYSINGLEVALUE('Manufacturer',$,IFCLABEL('Demo kiosk fabricator'),$);
#4170=IFCPROPERTYSINGLEVALUE('Model',$,IFCLABEL('Rambla newspaper kiosk, steel, 3.6 \X2\00D7\X0\ 2.3 m'),$);
#4171=IFCPROPERTYSINGLEVALUE('SerialNumber',$,IFCLABEL('BCN-KSK-RC-003'),$);
#4172=IFCPROPERTYSINGLEVALUE('LifecycleStatus',$,IFCLABEL('In service'),$);
#4173=IFCPROPERTYSINGLEVALUE('InstallationYear',$,IFCINTEGER(2008),$);
#4174=IFCPROPERTYSINGLEVALUE('LastInspection',$,IFCLABEL('2026-07-08'),$);
#4175=IFCPROPERTYSINGLEVALUE('InspectionInterval_months',$,IFCINTEGER(24),$);
#4176=IFCPROPERTYSINGLEVALUE('NextInspection',$,IFCLABEL('2028-07-08'),$);
#4177=IFCPROPERTYSINGLEVALUE('ConditionIndex_1to5',$,IFCINTEGER(4),$);
#4178=IFCPROPERTYSINGLEVALUE('WarrantyEnd',$,IFCLABEL('2018-12-31 (expired)'),$);
#4179=IFCPROPERTYSINGLEVALUE('MaintenanceContractor',$,IFCLABEL('Demo contractor \X2\2014\X0\ kiosk maintenance'),$);
#4180=IFCPROPERTYSINGLEVALUE('MaintenanceStrategy',$,IFCLABEL('Condition-based'),$);
#4181=IFCPROPERTYSET('1tOnUr7I97tOtXdcCKZxbn',#5,'Pset_CDE_AssetManagement (demo)',$,(#4167,#4168,#4169,#4170,#4171,#4172,#4173,#4174,#4175,#4176,#4177,#4178,#4179,#4180));
#4182=IFCRELDEFINESBYPROPERTIES('3I7fLH__v5$9CBACZ4O9eX',#5,$,$,(#4149),#4181);
#4183=IFCCARTESIANPOINT((0.,0.));
#4184=IFCDIRECTION((0.43993916985591486,-0.8980275757606158));
#4185=IFCAXIS2PLACEMENT2D(#4183,#4184);
#4186=IFCRECTANGLEPROFILEDEF(.AREA.,$,#4185,3.34,0.040000000000000036);
#4187=IFCCARTESIANPOINT((18.479869781821467,4.205134303444388,0.06999999999999999));
#4188=IFCAXIS2PLACEMENT3D(#4187,$,$);
#4189=IFCDIRECTION((0.,0.,1.));
#4190=IFCEXTRUDEDAREASOLID(#4186,#4188,#4189,2.28);
#4191=IFCCARTESIANPOINT((0.,0.));
#4192=IFCDIRECTION((0.43993916985591486,-0.8980275757606158));
#4193=IFCAXIS2PLACEMENT2D(#4191,#4192);
#4194=IFCRECTANGLEPROFILEDEF(.AREA.,$,#4193,0.040000000000000036,2.04);
#4195=IFCCARTESIANPOINT((16.74890523614927,5.283587706065865,0.06999999999999999));
#4196=IFCAXIS2PLACEMENT3D(#4195,$,$);
#4197=IFCDIRECTION((0.,0.,1.));
#4198=IFCEXTRUDEDAREASOLID(#4194,#4196,#4197,2.28);
#4199=IFCCARTESIANPOINT((0.,0.));
#4200=IFCDIRECTION((0.43993916985591486,-0.8980275757606158));
#4201=IFCAXIS2PLACEMENT2D(#4199,#4200);
#4202=IFCRECTANGLEPROFILEDEF(.AREA.,$,#4201,0.040000000000000036,2.04);
#4203=IFCCARTESIANPOINT((18.271094763850734,2.176412293934135,0.06999999999999999));
#4204=IFCAXIS2PLACEMENT3D(#4203,$,$);
#4205=IFCDIRECTION((0.,0.,1.));
#4206=IFCEXTRUDEDAREASOLID(#4202,#4204,#4205,2.28);
#4207=IFCCARTESIANPOINT((0.,0.));
#4208=IFCDIRECTION((0.43993916985591486,-0.8980275757606158));
#4209=IFCAXIS2PLACEMENT2D(#4207,#4208);
#4210=IFCRECTANGLEPROFILEDEF(.AREA.,$,#4209,3.34,0.040000000000000036);
#4211=IFCCARTESIANPOINT((16.540130218178536,3.254865696555612,0.06999999999999999));
#4212=IFCAXIS2PLACEMENT3D(#4211,$,$);
#4213=IFCDIRECTION((0.,0.,1.));
#4214=IFCEXTRUDEDAREASOLID(#4210,#4212,#4213,0.76);
#4215=IFCSTYLEDITEM(#4190,(#137),$);
#4216=IFCSTYLEDITEM(#4198,(#137),$);
#4217=IFCSTYLEDITEM(#4206,(#137),$);
#4218=IFCSTYLEDITEM(#4214,(#137),$);
#4219=IFCSHAPEREPRESENTATION(#16,'Body','SweptSolid',(#4190,#4198,#4206,#4214));
#4220=IFCPRODUCTDEFINITIONSHAPE($,$,(#4219));
#4221=IFCLOCALPLACEMENT(#23,#13);
#4222=IFCPLATE('3hzlwYeGn5Y92ZbliQM9CB',#5,'Panells de tancament \X2\00B7\X0\ Enclosure panels',$,'Insulated steel sandwich panel 40 mm, RAL 6009',#4221,#4220,'RCAN-PLT-001',.SHEET.);
#4223=IFCRELASSOCIATESMATERIAL('3J9BWFHwfAsu4T9iQxBhNM',#5,$,$,(#4222),#138);
#4224=IFCPROPERTYSINGLEVALUE('Material',$,IFCLABEL('Steel sheet, powder-coated RAL 6009 fir green'),$);
#4225=IFCPROPERTYSINGLEVALUE('Category',$,IFCLABEL('Steel'),$);
#4226=IFCPROPERTYSINGLEVALUE('MassDensity_kg_m3',$,IFCREAL(7850.),$);
#4227=IFCPROPERTYSET('0R_Xz51l5B2hVXXvmtzpe9',#5,'Pset_CDE_Material',$,(#4224,#4225,#4226));
#4228=IFCRELDEFINESBYPROPERTIES('3PHq9ma0P8bgBEAeqkpoOM',#5,$,$,(#4222),#4227);
#4229=IFCPROPERTYSINGLEVALUE('GeometrySource',$,IFCLABEL('Typical Rambla newspaper kiosk; position from OSM (ODbL), long axis along the Rambla tree row'),$);
#4230=IFCPROPERTYSINGLEVALUE('Confidence',$,IFCLABEL('Low'),$);
#4231=IFCPROPERTYSINGLEVALUE('Reference',$,IFCLABEL('OSM node 691591931 (shop=kiosk), way 306557217'),$);
#4232=IFCPROPERTYSET('3sv5nFq498Mho75GQVKjDL',#5,'Pset_CDE_Provenance',$,(#4229,#4230,#4231));
#4233=IFCRELDEFINESBYPROPERTIES('0d_9ZW$6n5j9DfNzpdaaZA',#5,$,$,(#4222),#4232);
#4234=IFCPROPERTYSINGLEVALUE('Thickness_mm',$,IFCINTEGER(40),$);
#4235=IFCPROPERTYSET('2aykxQuPT3gPFLh$7CphcV',#5,'Pset_CDE_Specification',$,(#4234));
#4236=IFCRELDEFINESBYPROPERTIES('0ZdjLR4OnDlw_ubrqQneVa',#5,$,$,(#4222),#4235);
#4237=IFCPROPERTYSINGLEVALUE('DataStatus',$,IFCLABEL('Illustrative demo values \X2\2014\X0\ not the owner''s as-built register'),$);
#4238=IFCPROPERTYSINGLEVALUE('AssetOwner',$,IFCLABEL('Kiosk licensee under a municipal concession (demo)'),$);
#4239=IFCPROPERTYSINGLEVALUE('Manufacturer',$,IFCLABEL('Demo kiosk fabricator'),$);
#4240=IFCPROPERTYSINGLEVALUE('Model',$,IFCLABEL('Rambla newspaper kiosk, steel, 3.6 \X2\00D7\X0\ 2.3 m'),$);
#4241=IFCPROPERTYSINGLEVALUE('SerialNumber',$,IFCLABEL('BCN-KSK-RC-004'),$);
#4242=IFCPROPERTYSINGLEVALUE('LifecycleStatus',$,IFCLABEL('In service'),$);
#4243=IFCPROPERTYSINGLEVALUE('InstallationYear',$,IFCINTEGER(2008),$);
#4244=IFCPROPERTYSINGLEVALUE('LastInspection',$,IFCLABEL('2026-07-08'),$);
#4245=IFCPROPERTYSINGLEVALUE('InspectionInterval_months',$,IFCINTEGER(12),$);
#4246=IFCPROPERTYSINGLEVALUE('NextInspection',$,IFCLABEL('2027-07-08'),$);
#4247=IFCPROPERTYSINGLEVALUE('ConditionIndex_1to5',$,IFCINTEGER(3),$);
#4248=IFCPROPERTYSINGLEVALUE('WarrantyEnd',$,IFCLABEL('2018-12-31 (expired)'),$);
#4249=IFCPROPERTYSINGLEVALUE('MaintenanceContractor',$,IFCLABEL('Demo contractor \X2\2014\X0\ kiosk maintenance'),$);
#4250=IFCPROPERTYSINGLEVALUE('MaintenanceStrategy',$,IFCLABEL('Condition-based'),$);
#4251=IFCPROPERTYSINGLEVALUE('Note',$,IFCLABEL('Graffiti on the rear panel, cleaning booked (demo)'),$);
#4252=IFCPROPERTYSET('2uh7AXjJDCo9rLuN8SfQd9',#5,'Pset_CDE_AssetManagement (demo)',$,(#4237,#4238,#4239,#4240,#4241,#4242,#4243,#4244,#4245,#4246,#4247,#4248,#4249,#4250,#4251));
#4253=IFCRELDEFINESBYPROPERTIES('3s$2dChM57uhYJb54JM3P_',#5,$,$,(#4222),#4252);
#4254=IFCCARTESIANPOINT((0.,0.));
#4255=IFCDIRECTION((0.43993916985591486,-0.8980275757606158));
#4256=IFCAXIS2PLACEMENT2D(#4254,#4255);
#4257=IFCRECTANGLEPROFILEDEF(.AREA.,$,#4256,3.5,0.06999999999999984);
#4258=IFCCARTESIANPOINT((16.526659804542128,3.248266609007773,2.0100000000000002));
#4259=IFCAXIS2PLACEMENT3D(#4258,$,$);
#4260=IFCDIRECTION((0.,0.,1.));
#4261=IFCEXTRUDEDAREASOLID(#4257,#4259,#4260,0.34);
#4262=IFCSTYLEDITEM(#4261,(#137),$);
#4263=IFCSHAPEREPRESENTATION(#16,'Body','SweptSolid',(#4261));
#4264=IFCPRODUCTDEFINITIONSHAPE($,$,(#4263));
#4265=IFCLOCALPLACEMENT(#23,#13);
#4266=IFCPLATE('2g$ldtP0r2dAqllaqw6bX$',#5,'Frontis superior \X2\00B7\X0\ Front fascia',$,'Fascia panel above the opening',#4265,#4264,'RCAN-PLT-002',.SHEET.);
#4267=IFCRELASSOCIATESMATERIAL('0sbOi$0ZzCcw_ckUaRACXk',#5,$,$,(#4266),#138);
#4268=IFCPROPERTYSINGLEVALUE('Material',$,IFCLABEL('Steel sheet, powder-coated RAL 6009 fir green'),$);
#4269=IFCPROPERTYSINGLEVALUE('Category',$,IFCLABEL('Steel'),$);
#4270=IFCPROPERTYSINGLEVALUE('MassDensity_kg_m3',$,IFCREAL(7850.),$);
#4271=IFCPROPERTYSET('1pIcHXqs97_PPpYcIEUUgv',#5,'Pset_CDE_Material',$,(#4268,#4269,#4270));
#4272=IFCRELDEFINESBYPROPERTIES('14LmllIVb6jge3Kig9Iiut',#5,$,$,(#4266),#4271);
#4273=IFCPROPERTYSINGLEVALUE('GeometrySource',$,IFCLABEL('Typical Rambla newspaper kiosk; position from OSM (ODbL), long axis along the Rambla tree row'),$);
#4274=IFCPROPERTYSINGLEVALUE('Confidence',$,IFCLABEL('Low'),$);
#4275=IFCPROPERTYSINGLEVALUE('Reference',$,IFCLABEL('OSM node 691591931 (shop=kiosk), way 306557217'),$);
#4276=IFCPROPERTYSET('1tqu6_yyD6wPHsC61Mrr5B',#5,'Pset_CDE_Provenance',$,(#4273,#4274,#4275));
#4277=IFCRELDEFINESBYPROPERTIES('1KFjEa4sb2gQwv$sWrwgue',#5,$,$,(#4266),#4276);
#4278=IFCPROPERTYSINGLEVALUE('DataStatus',$,IFCLABEL('Illustrative demo values \X2\2014\X0\ not the owner''s as-built register'),$);
#4279=IFCPROPERTYSINGLEVALUE('AssetOwner',$,IFCLABEL('Kiosk licensee under a municipal concession (demo)'),$);
#4280=IFCPROPERTYSINGLEVALUE('Manufacturer',$,IFCLABEL('Demo kiosk fabricator'),$);
#4281=IFCPROPERTYSINGLEVALUE('Model',$,IFCLABEL('Rambla newspaper kiosk, steel, 3.6 \X2\00D7\X0\ 2.3 m'),$);
#4282=IFCPROPERTYSINGLEVALUE('SerialNumber',$,IFCLABEL('BCN-KSK-RC-005'),$);
#4283=IFCPROPERTYSINGLEVALUE('LifecycleStatus',$,IFCLABEL('In service'),$);
#4284=IFCPROPERTYSINGLEVALUE('InstallationYear',$,IFCINTEGER(2008),$);
#4285=IFCPROPERTYSINGLEVALUE('LastInspection',$,IFCLABEL('2026-07-08'),$);
#4286=IFCPROPERTYSINGLEVALUE('InspectionInterval_months',$,IFCINTEGER(12),$);
#4287=IFCPROPERTYSINGLEVALUE('NextInspection',$,IFCLABEL('2027-07-08'),$);
#4288=IFCPROPERTYSINGLEVALUE('ConditionIndex_1to5',$,IFCINTEGER(4),$);
#4289=IFCPROPERTYSINGLEVALUE('WarrantyEnd',$,IFCLABEL('2018-12-31 (expired)'),$);
#4290=IFCPROPERTYSINGLEVALUE('MaintenanceContractor',$,IFCLABEL('Demo contractor \X2\2014\X0\ kiosk maintenance'),$);
#4291=IFCPROPERTYSINGLEVALUE('MaintenanceStrategy',$,IFCLABEL('Condition-based'),$);
#4292=IFCPROPERTYSET('1ulsODqUf6ru6JNl0lOQJu',#5,'Pset_CDE_AssetManagement (demo)',$,(#4278,#4279,#4280,#4281,#4282,#4283,#4284,#4285,#4286,#4287,#4288,#4289,#4290,#4291));
#4293=IFCRELDEFINESBYPROPERTIES('0vB_iZIvX7Ewp3NB2Fxq8n',#5,$,$,(#4266),#4292);
#4294=IFCCARTESIANPOINT((0.,0.));
#4295=IFCDIRECTION((0.43993916985591486,-0.8980275757606158));
#4296=IFCAXIS2PLACEMENT2D(#4294,#4295);
#4297=IFCRECTANGLEPROFILEDEF(.AREA.,$,#4296,3.3,0.18000000000000005);
#4298=IFCCARTESIANPOINT((16.638913251512204,3.3032590052397626,1.8299999999999998));
#4299=IFCAXIS2PLACEMENT3D(#4298,$,$);
#4300=IFCDIRECTION((0.,0.,1.));
#4301=IFCEXTRUDEDAREASOLID(#4297,#4299,#4300,0.18);
#4302=IFCSTYLEDITEM(#4301,(#146),$);
#4303=IFCSHAPEREPRESENTATION(#16,'Body','SweptSolid',(#4301));
#4304=IFCPRODUCTDEFINITIONSHAPE($,$,(#4303));
#4305=IFCLOCALPLACEMENT(#23,#13);
#4306=IFCSHADINGDEVICE('2E5Md_yTz67fQTTXhFmgID',#5,'Persiana enrotllable \X2\00B7\X0\ Roller shutter (open)',$,'Galvanised roller shutter, rolled up in its box',#4305,#4304,'RCAN-ELM-022',.SHUTTER.);
#4307=IFCRELASSOCIATESMATERIAL('2VoRrrnQT6kuDhB1jnv_30',#5,$,$,(#4306),#147);
#4308=IFCPROPERTYSINGLEVALUE('Material',$,IFCLABEL('Steel, powder-coated RAL 7021 black-grey'),$);
#4309=IFCPROPERTYSINGLEVALUE('Category',$,IFCLABEL('Steel'),$);
#4310=IFCPROPERTYSINGLEVALUE('MassDensity_kg_m3',$,IFCREAL(7850.),$);
#4311=IFCPROPERTYSET('2bzyFVwXT9VBDLk$xprM91',#5,'Pset_CDE_Material',$,(#4308,#4309,#4310));
#4312=IFCRELDEFINESBYPROPERTIES('2ELfdX9Gf8QA7Cg07UcAK_',#5,$,$,(#4306),#4311);
#4313=IFCPROPERTYSINGLEVALUE('GeometrySource',$,IFCLABEL('Typical Rambla newspaper kiosk; position from OSM (ODbL), long axis along the Rambla tree row'),$);
#4314=IFCPROPERTYSINGLEVALUE('Confidence',$,IFCLABEL('Low'),$);
#4315=IFCPROPERTYSINGLEVALUE('Reference',$,IFCLABEL('OSM node 691591931 (shop=kiosk), way 306557217'),$);
#4316=IFCPROPERTYSET('0_y_4asGvC09x1I3fXXVo6',#5,'Pset_CDE_Provenance',$,(#4313,#4314,#4315));
#4317=IFCRELDEFINESBYPROPERTIES('3YxYMClHPFsP9sProz_K8k',#5,$,$,(#4306),#4316);
#4318=IFCPROPERTYSINGLEVALUE('Operation',$,IFCLABEL('Electric, with manual override'),$);
#4319=IFCPROPERTYSINGLEVALUE('Width_mm',$,IFCINTEGER(3300),$);
#4320=IFCPROPERTYSET('2T96KwKyH4WxfymXrJkMWz',#5,'Pset_CDE_Specification',$,(#4318,#4319));
#4321=IFCRELDEFINESBYPROPERTIES('3Gr5mGEz5CPxA5O724EGMJ',#5,$,$,(#4306),#4320);
#4322=IFCPROPERTYSINGLEVALUE('DataStatus',$,IFCLABEL('Illustrative demo values \X2\2014\X0\ not the owner''s as-built register'),$);
#4323=IFCPROPERTYSINGLEVALUE('AssetOwner',$,IFCLABEL('Kiosk licensee under a municipal concession (demo)'),$);
#4324=IFCPROPERTYSINGLEVALUE('Manufacturer',$,IFCLABEL('Demo kiosk fabricator'),$);
#4325=IFCPROPERTYSINGLEVALUE('Model',$,IFCLABEL('Rambla newspaper kiosk, steel, 3.6 \X2\00D7\X0\ 2.3 m'),$);
#4326=IFCPROPERTYSINGLEVALUE('SerialNumber',$,IFCLABEL('BCN-KSK-RC-006'),$);
#4327=IFCPROPERTYSINGLEVALUE('LifecycleStatus',$,IFCLABEL('In service'),$);
#4328=IFCPROPERTYSINGLEVALUE('InstallationYear',$,IFCINTEGER(2008),$);
#4329=IFCPROPERTYSINGLEVALUE('LastInspection',$,IFCLABEL('2026-07-08'),$);
#4330=IFCPROPERTYSINGLEVALUE('InspectionInterval_months',$,IFCINTEGER(6),$);
#4331=IFCPROPERTYSINGLEVALUE('NextInspection',$,IFCLABEL('2027-01-08'),$);
#4332=IFCPROPERTYSINGLEVALUE('ConditionIndex_1to5',$,IFCINTEGER(4),$);
#4333=IFCPROPERTYSINGLEVALUE('WarrantyEnd',$,IFCLABEL('2018-12-31 (expired)'),$);
#4334=IFCPROPERTYSINGLEVALUE('MaintenanceContractor',$,IFCLABEL('Demo contractor \X2\2014\X0\ kiosk maintenance'),$);
#4335=IFCPROPERTYSINGLEVALUE('MaintenanceStrategy',$,IFCLABEL('Condition-based'),$);
#4336=IFCPROPERTYSINGLEVALUE('MotorCycles',$,IFCINTEGER(4210),$);
#4337=IFCPROPERTYSET('1wXxi4ISX1WxhknY_nUepM',#5,'Pset_CDE_AssetManagement (demo)',$,(#4322,#4323,#4324,#4325,#4326,#4327,#4328,#4329,#4330,#4331,#4332,#4333,#4334,#4335,#4336));
#4338=IFCRELDEFINESBYPROPERTIES('08IyKyQ$z7tv8Yo4$SE2HH',#5,$,$,(#4306),#4337);
#4339=IFCCARTESIANPOINT((0.,0.));
#4340=IFCDIRECTION((0.43993916985591486,-0.8980275757606158));
#4341=IFCAXIS2PLACEMENT2D(#4339,#4340);
#4342=IFCRECTANGLEPROFILEDEF(.AREA.,$,#4341,3.36,0.4600000000000001);
#4343=IFCCARTESIANPOINT((16.53114994242093,3.250466304857053,0.71));
#4344=IFCAXIS2PLACEMENT3D(#4343,$,$);
#4345=IFCDIRECTION((0.,0.,1.));
#4346=IFCEXTRUDEDAREASOLID(#4342,#4344,#4345,0.04);
#4347=IFCSTYLEDITEM(#4346,(#164),$);
#4348=IFCSHAPEREPRESENTATION(#16,'Body','SweptSolid',(#4346));
#4349=IFCPRODUCTDEFINITIONSHAPE($,$,(#4348));
#4350=IFCLOCALPLACEMENT(#23,#13);
#4351=IFCFURNITURE('1uElhDTn16oeuWkw7RAue5',#5,'Taulell \X2\00B7\X0\ Counter',$,'Stainless counter, folding front flap',#4350,#4349,'RCAN-ELM-023',.USERDEFINED.);
#4352=IFCRELASSOCIATESMATERIAL('1G5wJ0voXFXxAZMgDFgwD9',#5,$,$,(#4351),#165);
#4353=IFCPROPERTYSINGLEVALUE('Material',$,IFCLABEL('Stainless steel AISI 304, brushed'),$);
#4354=IFCPROPERTYSINGLEVALUE('Category',$,IFCLABEL('Steel'),$);
#4355=IFCPROPERTYSINGLEVALUE('MassDensity_kg_m3',$,IFCREAL(8000.),$);
#4356=IFCPROPERTYSET('1LKX4zwBH3MP_XBCqQ8oIS',#5,'Pset_CDE_Material',$,(#4353,#4354,#4355));
#4357=IFCRELDEFINESBYPROPERTIES('01sUr5gmD3_xAz5cdfiiXS',#5,$,$,(#4351),#4356);
#4358=IFCPROPERTYSINGLEVALUE('GeometrySource',$,IFCLABEL('Typical Rambla newspaper kiosk; position from OSM (ODbL), long axis along the Rambla tree row'),$);
#4359=IFCPROPERTYSINGLEVALUE('Confidence',$,IFCLABEL('Low'),$);
#4360=IFCPROPERTYSINGLEVALUE('Reference',$,IFCLABEL('OSM node 691591931 (shop=kiosk), way 306557217'),$);
#4361=IFCPROPERTYSET('3KiqmDdIbCPw1RdHCSQoB7',#5,'Pset_CDE_Provenance',$,(#4358,#4359,#4360));
#4362=IFCRELDEFINESBYPROPERTIES('0j04gO37P0RwWDVyFUnrgO',#5,$,$,(#4351),#4361);
#4363=IFCPROPERTYSINGLEVALUE('DataStatus',$,IFCLABEL('Illustrative demo values \X2\2014\X0\ not the owner''s as-built register'),$);
#4364=IFCPROPERTYSINGLEVALUE('AssetOwner',$,IFCLABEL('Kiosk licensee under a municipal concession (demo)'),$);
#4365=IFCPROPERTYSINGLEVALUE('Manufacturer',$,IFCLABEL('Demo kiosk fabricator'),$);
#4366=IFCPROPERTYSINGLEVALUE('Model',$,IFCLABEL('Rambla newspaper kiosk, steel, 3.6 \X2\00D7\X0\ 2.3 m'),$);
#4367=IFCPROPERTYSINGLEVALUE('SerialNumber',$,IFCLABEL('BCN-KSK-RC-007'),$);
#4368=IFCPROPERTYSINGLEVALUE('LifecycleStatus',$,IFCLABEL('In service'),$);
#4369=IFCPROPERTYSINGLEVALUE('InstallationYear',$,IFCINTEGER(2008),$);
#4370=IFCPROPERTYSINGLEVALUE('LastInspection',$,IFCLABEL('2026-07-08'),$);
#4371=IFCPROPERTYSINGLEVALUE('InspectionInterval_months',$,IFCINTEGER(12),$);
#4372=IFCPROPERTYSINGLEVALUE('NextInspection',$,IFCLABEL('2027-07-08'),$);
#4373=IFCPROPERTYSINGLEVALUE('ConditionIndex_1to5',$,IFCINTEGER(4),$);
#4374=IFCPROPERTYSINGLEVALUE('WarrantyEnd',$,IFCLABEL('2018-12-31 (expired)'),$);
#4375=IFCPROPERTYSINGLEVALUE('MaintenanceContractor',$,IFCLABEL('Demo contractor \X2\2014\X0\ kiosk maintenance'),$);
#4376=IFCPROPERTYSINGLEVALUE('MaintenanceStrategy',$,IFCLABEL('Condition-based'),$);
#4377=IFCPROPERTYSET('3LtdRoPVL76x6D3JvFxEFy',#5,'Pset_CDE_AssetManagement (demo)',$,(#4363,#4364,#4365,#4366,#4367,#4368,#4369,#4370,#4371,#4372,#4373,#4374,#4375,#4376));
#4378=IFCRELDEFINESBYPROPERTIES('0z0OFHEKD2bBMv8_bSLcJ$',#5,$,$,(#4351),#4377);
#4379=IFCCARTESIANPOINT((0.,0.));
#4380=IFCDIRECTION((0.43993916985591486,-0.8980275757606158));
#4381=IFCAXIS2PLACEMENT2D(#4379,#4380);
#4382=IFCRECTANGLEPROFILEDEF(.AREA.,$,#4381,3.24,0.28);
#4383=IFCCARTESIANPOINT((18.318224818184557,4.1259452528703235,0.5));
#4384=IFCAXIS2PLACEMENT3D(#4383,$,$);
#4385=IFCDIRECTION((0.,0.,1.));
#4386=IFCEXTRUDEDAREASOLID(#4382,#4384,#4385,0.02);
#4387=IFCCARTESIANPOINT((0.,0.));
#4388=IFCDIRECTION((0.43993916985591486,-0.8980275757606158));
#4389=IFCAXIS2PLACEMENT2D(#4387,#4388);
#4390=IFCRECTANGLEPROFILEDEF(.AREA.,$,#4389,3.24,0.28);
#4391=IFCCARTESIANPOINT((18.318224818184557,4.1259452528703235,0.8999999999999999));
#4392=IFCAXIS2PLACEMENT3D(#4391,$,$);
#4393=IFCDIRECTION((0.,0.,1.));
#4394=IFCEXTRUDEDAREASOLID(#4390,#4392,#4393,0.02);
#4395=IFCCARTESIANPOINT((0.,0.));
#4396=IFCDIRECTION((0.43993916985591486,-0.8980275757606158));
#4397=IFCAXIS2PLACEMENT2D(#4395,#4396);
#4398=IFCRECTANGLEPROFILEDEF(.AREA.,$,#4397,3.24,0.28);
#4399=IFCCARTESIANPOINT((18.318224818184557,4.1259452528703235,1.3));
#4400=IFCAXIS2PLACEMENT3D(#4399,$,$);
#4401=IFCDIRECTION((0.,0.,1.));
#4402=IFCEXTRUDEDAREASOLID(#4398,#4400,#4401,0.02);
#4403=IFCCARTESIANPOINT((0.,0.));
#4404=IFCDIRECTION((0.43993916985591486,-0.8980275757606158));
#4405=IFCAXIS2PLACEMENT2D(#4403,#4404);
#4406=IFCRECTANGLEPROFILEDEF(.AREA.,$,#4405,3.24,0.28);
#4407=IFCCARTESIANPOINT((18.318224818184557,4.1259452528703235,1.7));
#4408=IFCAXIS2PLACEMENT3D(#4407,$,$);
#4409=IFCDIRECTION((0.,0.,1.));
#4410=IFCEXTRUDEDAREASOLID(#4406,#4408,#4409,0.02);
#4411=IFCCARTESIANPOINT((0.,0.));
#4412=IFCDIRECTION((0.43993916985591486,-0.8980275757606158));
#4413=IFCAXIS2PLACEMENT2D(#4411,#4412);
#4414=IFCRECTANGLEPROFILEDEF(.AREA.,$,#4413,0.020000000000000018,0.28);
#4415=IFCCARTESIANPOINT((17.605523363017976,5.580749925602521,0.09000000000000001));
#4416=IFCAXIS2PLACEMENT3D(#4415,$,$);
#4417=IFCDIRECTION((0.,0.,1.));
#4418=IFCEXTRUDEDAREASOLID(#4414,#4416,#4417,1.85);
#4419=IFCCARTESIANPOINT((0.,0.));
#4420=IFCDIRECTION((0.43993916985591486,-0.8980275757606158));
#4421=IFCAXIS2PLACEMENT2D(#4419,#4420);
#4422=IFCRECTANGLEPROFILEDEF(.AREA.,$,#4421,0.020000000000000018,0.28);
#4423=IFCCARTESIANPOINT((18.080657666462365,4.610880143781055,0.09000000000000001));
#4424=IFCAXIS2PLACEMENT3D(#4423,$,$);
#4425=IFCDIRECTION((0.,0.,1.));
#4426=IFCEXTRUDEDAREASOLID(#4422,#4424,#4425,1.85);
#4427=IFCCARTESIANPOINT((0.,0.));
#4428=IFCDIRECTION((0.43993916985591486,-0.8980275757606158));
#4429=IFCAXIS2PLACEMENT2D(#4427,#4428);
#4430=IFCRECTANGLEPROFILEDEF(.AREA.,$,#4429,0.020000000000000018,0.28);
#4431=IFCCARTESIANPOINT((18.55579196990675,3.641010361959591,0.09000000000000001));
#4432=IFCAXIS2PLACEMENT3D(#4431,$,$);
#4433=IFCDIRECTION((0.,0.,1.));
#4434=IFCEXTRUDEDAREASOLID(#4430,#4432,#4433,1.85);
#4435=IFCCARTESIANPOINT((0.,0.));
#4436=IFCDIRECTION((0.43993916985591486,-0.8980275757606158));
#4437=IFCAXIS2PLACEMENT2D(#4435,#4436);
#4438=IFCRECTANGLEPROFILEDEF(.AREA.,$,#4437,0.020000000000000018,0.28);
#4439=IFCCARTESIANPOINT((19.030926273351138,2.671140580138126,0.09000000000000001));
#4440=IFCAXIS2PLACEMENT3D(#4439,$,$);
#4441=IFCDIRECTION((0.,0.,1.));
#4442=IFCEXTRUDEDAREASOLID(#4438,#4440,#4441,1.85);
#4443=IFCSTYLEDITEM(#4386,(#173),$);
#4444=IFCSTYLEDITEM(#4394,(#173),$);
#4445=IFCSTYLEDITEM(#4402,(#173),$);
#4446=IFCSTYLEDITEM(#4410,(#173),$);
#4447=IFCSTYLEDITEM(#4418,(#173),$);
#4448=IFCSTYLEDITEM(#4426,(#173),$);
#4449=IFCSTYLEDITEM(#4434,(#173),$);
#4450=IFCSTYLEDITEM(#4442,(#173),$);
#4451=IFCSHAPEREPRESENTATION(#16,'Body','SweptSolid',(#4386,#4394,#4402,#4410,#4418,#4426,#4434,#4442));
#4452=IFCPRODUCTDEFINITIONSHAPE($,$,(#4451));
#4453=IFCLOCALPLACEMENT(#23,#13);
#4454=IFCFURNITURE('0cOdWdXOf3oehaKxvC5sty',#5,'Prestatgeria interior \X2\00B7\X0\ Rear shelving',$,'Plywood shelving on the rear wall',#4453,#4452,'RCAN-ELM-024',.SHELF.);
#4455=IFCRELASSOCIATESMATERIAL('2RUyE_uab7BuJ4sM$tKNOt',#5,$,$,(#4454),#174);
#4456=IFCPROPERTYSINGLEVALUE('Material',$,IFCLABEL('Birch plywood, lacquered'),$);
#4457=IFCPROPERTYSINGLEVALUE('Category',$,IFCLABEL('Wood'),$);
#4458=IFCPROPERTYSINGLEVALUE('MassDensity_kg_m3',$,IFCREAL(680.),$);
#4459=IFCPROPERTYSET('1$0BsRra51hAsnkClWhikq',#5,'Pset_CDE_Material',$,(#4456,#4457,#4458));
#4460=IFCRELDEFINESBYPROPERTIES('1UCFsNLVb7_fU7_3PhA9Br',#5,$,$,(#4454),#4459);
#4461=IFCPROPERTYSINGLEVALUE('GeometrySource',$,IFCLABEL('Typical Rambla newspaper kiosk; position from OSM (ODbL), long axis along the Rambla tree row'),$);
#4462=IFCPROPERTYSINGLEVALUE('Confidence',$,IFCLABEL('Low'),$);
#4463=IFCPROPERTYSINGLEVALUE('Reference',$,IFCLABEL('OSM node 691591931 (shop=kiosk), way 306557217'),$);
#4464=IFCPROPERTYSET('3Hkpf4f$H9sAhhBRZAC97V',#5,'Pset_CDE_Provenance',$,(#4461,#4462,#4463));
#4465=IFCRELDEFINESBYPROPERTIES('1VOnoj0yb3N9qI_ZGjMeDz',#5,$,$,(#4454),#4464);
#4466=IFCPROPERTYSINGLEVALUE('DataStatus',$,IFCLABEL('Illustrative demo values \X2\2014\X0\ not the owner''s as-built register'),$);
#4467=IFCPROPERTYSINGLEVALUE('AssetOwner',$,IFCLABEL('Kiosk licensee under a municipal concession (demo)'),$);
#4468=IFCPROPERTYSINGLEVALUE('Manufacturer',$,IFCLABEL('Demo kiosk fabricator'),$);
#4469=IFCPROPERTYSINGLEVALUE('Model',$,IFCLABEL('Rambla newspaper kiosk, steel, 3.6 \X2\00D7\X0\ 2.3 m'),$);
#4470=IFCPROPERTYSINGLEVALUE('SerialNumber',$,IFCLABEL('BCN-KSK-RC-008'),$);
#4471=IFCPROPERTYSINGLEVALUE('LifecycleStatus',$,IFCLABEL('In service'),$);
#4472=IFCPROPERTYSINGLEVALUE('InstallationYear',$,IFCINTEGER(2008),$);
#4473=IFCPROPERTYSINGLEVALUE('LastInspection',$,IFCLABEL('2026-07-08'),$);
#4474=IFCPROPERTYSINGLEVALUE('InspectionInterval_months',$,IFCINTEGER(24),$);
#4475=IFCPROPERTYSINGLEVALUE('NextInspection',$,IFCLABEL('2028-07-08'),$);
#4476=IFCPROPERTYSINGLEVALUE('ConditionIndex_1to5',$,IFCINTEGER(4),$);
#4477=IFCPROPERTYSINGLEVALUE('WarrantyEnd',$,IFCLABEL('2018-12-31 (expired)'),$);
#4478=IFCPROPERTYSINGLEVALUE('MaintenanceContractor',$,IFCLABEL('Demo contractor \X2\2014\X0\ kiosk maintenance'),$);
#4479=IFCPROPERTYSINGLEVALUE('MaintenanceStrategy',$,IFCLABEL('Condition-based'),$);
#4480=IFCPROPERTYSET('3aewA1aJn1_fgeRVWCdJHG',#5,'Pset_CDE_AssetManagement (demo)',$,(#4466,#4467,#4468,#4469,#4470,#4471,#4472,#4473,#4474,#4475,#4476,#4477,#4478,#4479));
#4481=IFCRELDEFINESBYPROPERTIES('1nvZb$MSj0BO$cedx7NIJZ',#5,$,$,(#4454),#4480);
#4482=IFCCARTESIANPOINT((0.,0.));
#4483=IFCDIRECTION((0.43993916985591486,-0.8980275757606158));
#4484=IFCAXIS2PLACEMENT2D(#4482,#4483);
#4485=IFCRECTANGLEPROFILEDEF(.AREA.,$,#4484,0.19999999999999996,1.9);
#4486=IFCCARTESIANPOINT((16.69611253576656,5.39135101515714,0.4));
#4487=IFCAXIS2PLACEMENT3D(#4486,$,$);
#4488=IFCDIRECTION((0.,0.,1.));
#4489=IFCEXTRUDEDAREASOLID(#4485,#4487,#4488,0.015);
#4490=IFCCARTESIANPOINT((0.,0.));
#4491=IFCDIRECTION((0.43993916985591486,-0.8980275757606158));
#4492=IFCAXIS2PLACEMENT2D(#4490,#4491);
#4493=IFCRECTANGLEPROFILEDEF(.AREA.,$,#4492,0.020000000000000018,1.9);
#4494=IFCCARTESIANPOINT((16.656518010479527,5.472173496975595,0.4));
#4495=IFCAXIS2PLACEMENT3D(#4494,$,$);
#4496=IFCDIRECTION((0.,0.,1.));
#4497=IFCEXTRUDEDAREASOLID(#4493,#4495,#4496,0.08);
#4498=IFCCARTESIANPOINT((0.,0.));
#4499=IFCDIRECTION((0.43993916985591486,-0.8980275757606158));
#4500=IFCAXIS2PLACEMENT2D(#4498,#4499);
#4501=IFCRECTANGLEPROFILEDEF(.AREA.,$,#4500,0.1299999999999999,0.27);
#4502=IFCCARTESIANPOINT((15.993360584643753,5.041508628941442,0.41500000000000004));
#4503=IFCAXIS2PLACEMENT3D(#4502,$,$);
#4504=IFCDIRECTION((0.,0.,1.));
#4505=IFCEXTRUDEDAREASOLID(#4501,#4503,#4504,0.3);
#4506=IFCCARTESIANPOINT((0.,0.));
#4507=IFCDIRECTION((0.43993916985591486,-0.8980275757606158));
#4508=IFCAXIS2PLACEMENT2D(#4506,#4507);
#4509=IFCRECTANGLEPROFILEDEF(.AREA.,$,#4508,0.1299999999999999,0.27);
#4510=IFCCARTESIANPOINT((16.271749133129546,5.177889771596776,0.41500000000000004));
#4511=IFCAXIS2PLACEMENT3D(#4510,$,$);
#4512=IFCDIRECTION((0.,0.,1.));
#4513=IFCEXTRUDEDAREASOLID(#4509,#4511,#4512,0.3);
#4514=IFCCARTESIANPOINT((0.,0.));
#4515=IFCDIRECTION((0.43993916985591486,-0.8980275757606158));
#4516=IFCAXIS2PLACEMENT2D(#4514,#4515);
#4517=IFCRECTANGLEPROFILEDEF(.AREA.,$,#4516,0.1299999999999999,0.27);
#4518=IFCCARTESIANPOINT((16.550137681615336,5.31427091425211,0.41500000000000004));
#4519=IFCAXIS2PLACEMENT3D(#4518,$,$);
#4520=IFCDIRECTION((0.,0.,1.));
#4521=IFCEXTRUDEDAREASOLID(#4517,#4519,#4520,0.3);
#4522=IFCCARTESIANPOINT((0.,0.));
#4523=IFCDIRECTION((0.43993916985591486,-0.8980275757606158));
#4524=IFCAXIS2PLACEMENT2D(#4522,#4523);
#4525=IFCRECTANGLEPROFILEDEF(.AREA.,$,#4524,0.1299999999999999,0.27);
#4526=IFCCARTESIANPOINT((16.828526230101126,5.450652056907443,0.41500000000000004));
#4527=IFCAXIS2PLACEMENT3D(#4526,$,$);
#4528=IFCDIRECTION((0.,0.,1.));
#4529=IFCEXTRUDEDAREASOLID(#4525,#4527,#4528,0.3);
#4530=IFCCARTESIANPOINT((0.,0.));
#4531=IFCDIRECTION((0.43993916985591486,-0.8980275757606158));
#4532=IFCAXIS2PLACEMENT2D(#4530,#4531);
#4533=IFCRECTANGLEPROFILEDEF(.AREA.,$,#4532,0.1299999999999999,0.27);
#4534=IFCCARTESIANPOINT((17.10691477858692,5.587033199562777,0.41500000000000004));
#4535=IFCAXIS2PLACEMENT3D(#4534,$,$);
#4536=IFCDIRECTION((0.,0.,1.));
#4537=IFCEXTRUDEDAREASOLID(#4533,#4535,#4536,0.3);
#4538=IFCCARTESIANPOINT((0.,0.));
#4539=IFCDIRECTION((0.43993916985591486,-0.8980275757606158));
#4540=IFCAXIS2PLACEMENT2D(#4538,#4539);
#4541=IFCRECTANGLEPROFILEDEF(.AREA.,$,#4540,0.1299999999999999,0.27);
#4542=IFCCARTESIANPOINT((17.38530332707271,5.723414342218111,0.41500000000000004));
#4543=IFCAXIS2PLACEMENT3D(#4542,$,$);
#4544=IFCDIRECTION((0.,0.,1.));
#4545=IFCEXTRUDEDAREASOLID(#4541,#4543,#4544,0.3);
#4546=IFCCARTESIANPOINT((0.,0.));
#4547=IFCDIRECTION((0.43993916985591486,-0.8980275757606158));
#4548=IFCAXIS2PLACEMENT2D(#4546,#4547);
#4549=IFCRECTANGLEPROFILEDEF(.AREA.,$,#4548,0.19999999999999996,1.9);
#4550=IFCCARTESIANPOINT((16.69611253576656,5.39135101515714,0.75));
#4551=IFCAXIS2PLACEMENT3D(#4550,$,$);
#4552=IFCDIRECTION((0.,0.,1.));
#4553=IFCEXTRUDEDAREASOLID(#4549,#4551,#4552,0.015);
#4554=IFCCARTESIANPOINT((0.,0.));
#4555=IFCDIRECTION((0.43993916985591486,-0.8980275757606158));
#4556=IFCAXIS2PLACEMENT2D(#4554,#4555);
#4557=IFCRECTANGLEPROFILEDEF(.AREA.,$,#4556,0.020000000000000018,1.9);
#4558=IFCCARTESIANPOINT((16.656518010479527,5.472173496975595,0.75));
#4559=IFCAXIS2PLACEMENT3D(#4558,$,$);
#4560=IFCDIRECTION((0.,0.,1.));
#4561=IFCEXTRUDEDAREASOLID(#4557,#4559,#4560,0.08);
#4562=IFCCARTESIANPOINT((0.,0.));
#4563=IFCDIRECTION((0.43993916985591486,-0.8980275757606158));
#4564=IFCAXIS2PLACEMENT2D(#4562,#4563);
#4565=IFCRECTANGLEPROFILEDEF(.AREA.,$,#4564,0.1299999999999999,0.27);
#4566=IFCCARTESIANPOINT((15.993360584643753,5.041508628941442,0.765));
#4567=IFCAXIS2PLACEMENT3D(#4566,$,$);
#4568=IFCDIRECTION((0.,0.,1.));
#4569=IFCEXTRUDEDAREASOLID(#4565,#4567,#4568,0.3);
#4570=IFCCARTESIANPOINT((0.,0.));
#4571=IFCDIRECTION((0.43993916985591486,-0.8980275757606158));
#4572=IFCAXIS2PLACEMENT2D(#4570,#4571);
#4573=IFCRECTANGLEPROFILEDEF(.AREA.,$,#4572,0.1299999999999999,0.27);
#4574=IFCCARTESIANPOINT((16.271749133129546,5.177889771596776,0.765));
#4575=IFCAXIS2PLACEMENT3D(#4574,$,$);
#4576=IFCDIRECTION((0.,0.,1.));
#4577=IFCEXTRUDEDAREASOLID(#4573,#4575,#4576,0.3);
#4578=IFCCARTESIANPOINT((0.,0.));
#4579=IFCDIRECTION((0.43993916985591486,-0.8980275757606158));
#4580=IFCAXIS2PLACEMENT2D(#4578,#4579);
#4581=IFCRECTANGLEPROFILEDEF(.AREA.,$,#4580,0.1299999999999999,0.27);
#4582=IFCCARTESIANPOINT((16.550137681615336,5.31427091425211,0.765));
#4583=IFCAXIS2PLACEMENT3D(#4582,$,$);
#4584=IFCDIRECTION((0.,0.,1.));
#4585=IFCEXTRUDEDAREASOLID(#4581,#4583,#4584,0.3);
#4586=IFCCARTESIANPOINT((0.,0.));
#4587=IFCDIRECTION((0.43993916985591486,-0.8980275757606158));
#4588=IFCAXIS2PLACEMENT2D(#4586,#4587);
#4589=IFCRECTANGLEPROFILEDEF(.AREA.,$,#4588,0.1299999999999999,0.27);
#4590=IFCCARTESIANPOINT((16.828526230101126,5.450652056907443,0.765));
#4591=IFCAXIS2PLACEMENT3D(#4590,$,$);
#4592=IFCDIRECTION((0.,0.,1.));
#4593=IFCEXTRUDEDAREASOLID(#4589,#4591,#4592,0.3);
#4594=IFCCARTESIANPOINT((0.,0.));
#4595=IFCDIRECTION((0.43993916985591486,-0.8980275757606158));
#4596=IFCAXIS2PLACEMENT2D(#4594,#4595);
#4597=IFCRECTANGLEPROFILEDEF(.AREA.,$,#4596,0.1299999999999999,0.27);
#4598=IFCCARTESIANPOINT((17.10691477858692,5.587033199562777,0.765));
#4599=IFCAXIS2PLACEMENT3D(#4598,$,$);
#4600=IFCDIRECTION((0.,0.,1.));
#4601=IFCEXTRUDEDAREASOLID(#4597,#4599,#4600,0.3);
#4602=IFCCARTESIANPOINT((0.,0.));
#4603=IFCDIRECTION((0.43993916985591486,-0.8980275757606158));
#4604=IFCAXIS2PLACEMENT2D(#4602,#4603);
#4605=IFCRECTANGLEPROFILEDEF(.AREA.,$,#4604,0.1299999999999999,0.27);
#4606=IFCCARTESIANPOINT((17.38530332707271,5.723414342218111,0.765));
#4607=IFCAXIS2PLACEMENT3D(#4606,$,$);
#4608=IFCDIRECTION((0.,0.,1.));
#4609=IFCEXTRUDEDAREASOLID(#4605,#4607,#4608,0.3);
#4610=IFCCARTESIANPOINT((0.,0.));
#4611=IFCDIRECTION((0.43993916985591486,-0.8980275757606158));
#4612=IFCAXIS2PLACEMENT2D(#4610,#4611);
#4613=IFCRECTANGLEPROFILEDEF(.AREA.,$,#4612,0.19999999999999996,1.9);
#4614=IFCCARTESIANPOINT((16.69611253576656,5.39135101515714,1.0999999999999999));
#4615=IFCAXIS2PLACEMENT3D(#4614,$,$);
#4616=IFCDIRECTION((0.,0.,1.));
#4617=IFCEXTRUDEDAREASOLID(#4613,#4615,#4616,0.015);
#4618=IFCCARTESIANPOINT((0.,0.));
#4619=IFCDIRECTION((0.43993916985591486,-0.8980275757606158));
#4620=IFCAXIS2PLACEMENT2D(#4618,#4619);
#4621=IFCRECTANGLEPROFILEDEF(.AREA.,$,#4620,0.020000000000000018,1.9);
#4622=IFCCARTESIANPOINT((16.656518010479527,5.472173496975595,1.0999999999999999));
#4623=IFCAXIS2PLACEMENT3D(#4622,$,$);
#4624=IFCDIRECTION((0.,0.,1.));
#4625=IFCEXTRUDEDAREASOLID(#4621,#4623,#4624,0.08);
#4626=IFCCARTESIANPOINT((0.,0.));
#4627=IFCDIRECTION((0.43993916985591486,-0.8980275757606158));
#4628=IFCAXIS2PLACEMENT2D(#4626,#4627);
#4629=IFCRECTANGLEPROFILEDEF(.AREA.,$,#4628,0.1299999999999999,0.27);
#4630=IFCCARTESIANPOINT((15.993360584643753,5.041508628941442,1.1149999999999998));
#4631=IFCAXIS2PLACEMENT3D(#4630,$,$);
#4632=IFCDIRECTION((0.,0.,1.));
#4633=IFCEXTRUDEDAREASOLID(#4629,#4631,#4632,0.3);
#4634=IFCCARTESIANPOINT((0.,0.));
#4635=IFCDIRECTION((0.43993916985591486,-0.8980275757606158));
#4636=IFCAXIS2PLACEMENT2D(#4634,#4635);
#4637=IFCRECTANGLEPROFILEDEF(.AREA.,$,#4636,0.1299999999999999,0.27);
#4638=IFCCARTESIANPOINT((16.271749133129546,5.177889771596776,1.1149999999999998));
#4639=IFCAXIS2PLACEMENT3D(#4638,$,$);
#4640=IFCDIRECTION((0.,0.,1.));
#4641=IFCEXTRUDEDAREASOLID(#4637,#4639,#4640,0.3);
#4642=IFCCARTESIANPOINT((0.,0.));
#4643=IFCDIRECTION((0.43993916985591486,-0.8980275757606158));
#4644=IFCAXIS2PLACEMENT2D(#4642,#4643);
#4645=IFCRECTANGLEPROFILEDEF(.AREA.,$,#4644,0.1299999999999999,0.27);
#4646=IFCCARTESIANPOINT((16.550137681615336,5.31427091425211,1.1149999999999998));
#4647=IFCAXIS2PLACEMENT3D(#4646,$,$);
#4648=IFCDIRECTION((0.,0.,1.));
#4649=IFCEXTRUDEDAREASOLID(#4645,#4647,#4648,0.3);
#4650=IFCCARTESIANPOINT((0.,0.));
#4651=IFCDIRECTION((0.43993916985591486,-0.8980275757606158));
#4652=IFCAXIS2PLACEMENT2D(#4650,#4651);
#4653=IFCRECTANGLEPROFILEDEF(.AREA.,$,#4652,0.1299999999999999,0.27);
#4654=IFCCARTESIANPOINT((16.828526230101126,5.450652056907443,1.1149999999999998));
#4655=IFCAXIS2PLACEMENT3D(#4654,$,$);
#4656=IFCDIRECTION((0.,0.,1.));
#4657=IFCEXTRUDEDAREASOLID(#4653,#4655,#4656,0.3);
#4658=IFCCARTESIANPOINT((0.,0.));
#4659=IFCDIRECTION((0.43993916985591486,-0.8980275757606158));
#4660=IFCAXIS2PLACEMENT2D(#4658,#4659);
#4661=IFCRECTANGLEPROFILEDEF(.AREA.,$,#4660,0.1299999999999999,0.27);
#4662=IFCCARTESIANPOINT((17.10691477858692,5.587033199562777,1.1149999999999998));
#4663=IFCAXIS2PLACEMENT3D(#4662,$,$);
#4664=IFCDIRECTION((0.,0.,1.));
#4665=IFCEXTRUDEDAREASOLID(#4661,#4663,#4664,0.3);
#4666=IFCCARTESIANPOINT((0.,0.));
#4667=IFCDIRECTION((0.43993916985591486,-0.8980275757606158));
#4668=IFCAXIS2PLACEMENT2D(#4666,#4667);
#4669=IFCRECTANGLEPROFILEDEF(.AREA.,$,#4668,0.1299999999999999,0.27);
#4670=IFCCARTESIANPOINT((17.38530332707271,5.723414342218111,1.1149999999999998));
#4671=IFCAXIS2PLACEMENT3D(#4670,$,$);
#4672=IFCDIRECTION((0.,0.,1.));
#4673=IFCEXTRUDEDAREASOLID(#4669,#4671,#4672,0.3);
#4674=IFCCARTESIANPOINT((0.,0.));
#4675=IFCDIRECTION((0.43993916985591486,-0.8980275757606158));
#4676=IFCAXIS2PLACEMENT2D(#4674,#4675);
#4677=IFCRECTANGLEPROFILEDEF(.AREA.,$,#4676,0.19999999999999996,1.9);
#4678=IFCCARTESIANPOINT((16.69611253576656,5.39135101515714,1.45));
#4679=IFCAXIS2PLACEMENT3D(#4678,$,$);
#4680=IFCDIRECTION((0.,0.,1.));
#4681=IFCEXTRUDEDAREASOLID(#4677,#4679,#4680,0.015);
#4682=IFCCARTESIANPOINT((0.,0.));
#4683=IFCDIRECTION((0.43993916985591486,-0.8980275757606158));
#4684=IFCAXIS2PLACEMENT2D(#4682,#4683);
#4685=IFCRECTANGLEPROFILEDEF(.AREA.,$,#4684,0.020000000000000018,1.9);
#4686=IFCCARTESIANPOINT((16.656518010479527,5.472173496975595,1.45));
#4687=IFCAXIS2PLACEMENT3D(#4686,$,$);
#4688=IFCDIRECTION((0.,0.,1.));
#4689=IFCEXTRUDEDAREASOLID(#4685,#4687,#4688,0.08);
#4690=IFCCARTESIANPOINT((0.,0.));
#4691=IFCDIRECTION((0.43993916985591486,-0.8980275757606158));
#4692=IFCAXIS2PLACEMENT2D(#4690,#4691);
#4693=IFCRECTANGLEPROFILEDEF(.AREA.,$,#4692,0.1299999999999999,0.27);
#4694=IFCCARTESIANPOINT((15.993360584643753,5.041508628941442,1.4649999999999999));
#4695=IFCAXIS2PLACEMENT3D(#4694,$,$);
#4696=IFCDIRECTION((0.,0.,1.));
#4697=IFCEXTRUDEDAREASOLID(#4693,#4695,#4696,0.3);
#4698=IFCCARTESIANPOINT((0.,0.));
#4699=IFCDIRECTION((0.43993916985591486,-0.8980275757606158));
#4700=IFCAXIS2PLACEMENT2D(#4698,#4699);
#4701=IFCRECTANGLEPROFILEDEF(.AREA.,$,#4700,0.1299999999999999,0.27);
#4702=IFCCARTESIANPOINT((16.271749133129546,5.177889771596776,1.4649999999999999));
#4703=IFCAXIS2PLACEMENT3D(#4702,$,$);
#4704=IFCDIRECTION((0.,0.,1.));
#4705=IFCEXTRUDEDAREASOLID(#4701,#4703,#4704,0.3);
#4706=IFCCARTESIANPOINT((0.,0.));
#4707=IFCDIRECTION((0.43993916985591486,-0.8980275757606158));
#4708=IFCAXIS2PLACEMENT2D(#4706,#4707);
#4709=IFCRECTANGLEPROFILEDEF(.AREA.,$,#4708,0.1299999999999999,0.27);
#4710=IFCCARTESIANPOINT((16.550137681615336,5.31427091425211,1.4649999999999999));
#4711=IFCAXIS2PLACEMENT3D(#4710,$,$);
#4712=IFCDIRECTION((0.,0.,1.));
#4713=IFCEXTRUDEDAREASOLID(#4709,#4711,#4712,0.3);
#4714=IFCCARTESIANPOINT((0.,0.));
#4715=IFCDIRECTION((0.43993916985591486,-0.8980275757606158));
#4716=IFCAXIS2PLACEMENT2D(#4714,#4715);
#4717=IFCRECTANGLEPROFILEDEF(.AREA.,$,#4716,0.1299999999999999,0.27);
#4718=IFCCARTESIANPOINT((16.828526230101126,5.450652056907443,1.4649999999999999));
#4719=IFCAXIS2PLACEMENT3D(#4718,$,$);
#4720=IFCDIRECTION((0.,0.,1.));
#4721=IFCEXTRUDEDAREASOLID(#4717,#4719,#4720,0.3);
#4722=IFCCARTESIANPOINT((0.,0.));
#4723=IFCDIRECTION((0.43993916985591486,-0.8980275757606158));
#4724=IFCAXIS2PLACEMENT2D(#4722,#4723);
#4725=IFCRECTANGLEPROFILEDEF(.AREA.,$,#4724,0.1299999999999999,0.27);
#4726=IFCCARTESIANPOINT((17.10691477858692,5.587033199562777,1.4649999999999999));
#4727=IFCAXIS2PLACEMENT3D(#4726,$,$);
#4728=IFCDIRECTION((0.,0.,1.));
#4729=IFCEXTRUDEDAREASOLID(#4725,#4727,#4728,0.3);
#4730=IFCCARTESIANPOINT((0.,0.));
#4731=IFCDIRECTION((0.43993916985591486,-0.8980275757606158));
#4732=IFCAXIS2PLACEMENT2D(#4730,#4731);
#4733=IFCRECTANGLEPROFILEDEF(.AREA.,$,#4732,0.1299999999999999,0.27);
#4734=IFCCARTESIANPOINT((17.38530332707271,5.723414342218111,1.4649999999999999));
#4735=IFCAXIS2PLACEMENT3D(#4734,$,$);
#4736=IFCDIRECTION((0.,0.,1.));
#4737=IFCEXTRUDEDAREASOLID(#4733,#4735,#4736,0.3);
#4738=IFCCARTESIANPOINT((0.,0.));
#4739=IFCDIRECTION((0.43993916985591486,-0.8980275757606158));
#4740=IFCAXIS2PLACEMENT2D(#4738,#4739);
#4741=IFCRECTANGLEPROFILEDEF(.AREA.,$,#4740,0.19999999999999996,1.9);
#4742=IFCCARTESIANPOINT((16.69611253576656,5.39135101515714,1.8));
#4743=IFCAXIS2PLACEMENT3D(#4742,$,$);
#4744=IFCDIRECTION((0.,0.,1.));
#4745=IFCEXTRUDEDAREASOLID(#4741,#4743,#4744,0.015);
#4746=IFCCARTESIANPOINT((0.,0.));
#4747=IFCDIRECTION((0.43993916985591486,-0.8980275757606158));
#4748=IFCAXIS2PLACEMENT2D(#4746,#4747);
#4749=IFCRECTANGLEPROFILEDEF(.AREA.,$,#4748,0.020000000000000018,1.9);
#4750=IFCCARTESIANPOINT((16.656518010479527,5.472173496975595,1.8));
#4751=IFCAXIS2PLACEMENT3D(#4750,$,$);
#4752=IFCDIRECTION((0.,0.,1.));
#4753=IFCEXTRUDEDAREASOLID(#4749,#4751,#4752,0.08);
#4754=IFCCARTESIANPOINT((0.,0.));
#4755=IFCDIRECTION((0.43993916985591486,-0.8980275757606158));
#4756=IFCAXIS2PLACEMENT2D(#4754,#4755);
#4757=IFCRECTANGLEPROFILEDEF(.AREA.,$,#4756,0.1299999999999999,0.27);
#4758=IFCCARTESIANPOINT((15.993360584643753,5.041508628941442,1.815));
#4759=IFCAXIS2PLACEMENT3D(#4758,$,$);
#4760=IFCDIRECTION((0.,0.,1.));
#4761=IFCEXTRUDEDAREASOLID(#4757,#4759,#4760,0.22);
#4762=IFCCARTESIANPOINT((0.,0.));
#4763=IFCDIRECTION((0.43993916985591486,-0.8980275757606158));
#4764=IFCAXIS2PLACEMENT2D(#4762,#4763);
#4765=IFCRECTANGLEPROFILEDEF(.AREA.,$,#4764,0.1299999999999999,0.27);
#4766=IFCCARTESIANPOINT((16.271749133129546,5.177889771596776,1.815));
#4767=IFCAXIS2PLACEMENT3D(#4766,$,$);
#4768=IFCDIRECTION((0.,0.,1.));
#4769=IFCEXTRUDEDAREASOLID(#4765,#4767,#4768,0.22);
#4770=IFCCARTESIANPOINT((0.,0.));
#4771=IFCDIRECTION((0.43993916985591486,-0.8980275757606158));
#4772=IFCAXIS2PLACEMENT2D(#4770,#4771);
#4773=IFCRECTANGLEPROFILEDEF(.AREA.,$,#4772,0.1299999999999999,0.27);
#4774=IFCCARTESIANPOINT((16.550137681615336,5.31427091425211,1.815));
#4775=IFCAXIS2PLACEMENT3D(#4774,$,$);
#4776=IFCDIRECTION((0.,0.,1.));
#4777=IFCEXTRUDEDAREASOLID(#4773,#4775,#4776,0.22);
#4778=IFCCARTESIANPOINT((0.,0.));
#4779=IFCDIRECTION((0.43993916985591486,-0.8980275757606158));
#4780=IFCAXIS2PLACEMENT2D(#4778,#4779);
#4781=IFCRECTANGLEPROFILEDEF(.AREA.,$,#4780,0.1299999999999999,0.27);
#4782=IFCCARTESIANPOINT((16.828526230101126,5.450652056907443,1.815));
#4783=IFCAXIS2PLACEMENT3D(#4782,$,$);
#4784=IFCDIRECTION((0.,0.,1.));
#4785=IFCEXTRUDEDAREASOLID(#4781,#4783,#4784,0.22);
#4786=IFCCARTESIANPOINT((0.,0.));
#4787=IFCDIRECTION((0.43993916985591486,-0.8980275757606158));
#4788=IFCAXIS2PLACEMENT2D(#4786,#4787);
#4789=IFCRECTANGLEPROFILEDEF(.AREA.,$,#4788,0.1299999999999999,0.27);
#4790=IFCCARTESIANPOINT((17.10691477858692,5.587033199562777,1.815));
#4791=IFCAXIS2PLACEMENT3D(#4790,$,$);
#4792=IFCDIRECTION((0.,0.,1.));
#4793=IFCEXTRUDEDAREASOLID(#4789,#4791,#4792,0.22);
#4794=IFCCARTESIANPOINT((0.,0.));
#4795=IFCDIRECTION((0.43993916985591486,-0.8980275757606158));
#4796=IFCAXIS2PLACEMENT2D(#4794,#4795);
#4797=IFCRECTANGLEPROFILEDEF(.AREA.,$,#4796,0.1299999999999999,0.27);
#4798=IFCCARTESIANPOINT((17.38530332707271,5.723414342218111,1.815));
#4799=IFCAXIS2PLACEMENT3D(#4798,$,$);
#4800=IFCDIRECTION((0.,0.,1.));
#4801=IFCEXTRUDEDAREASOLID(#4797,#4799,#4800,0.22);
#4802=IFCCARTESIANPOINT((0.,0.));
#4803=IFCDIRECTION((0.43993916985591486,-0.8980275757606158));
#4804=IFCAXIS2PLACEMENT2D(#4802,#4803);
#4805=IFCRECTANGLEPROFILEDEF(.AREA.,$,#4804,0.19999999999999996,0.02400000000000002);
#4806=IFCCARTESIANPOINT((15.834006063036368,4.9690094120954615,0.35000000000000003));
#4807=IFCAXIS2PLACEMENT3D(#4806,$,$);
#4808=IFCDIRECTION((0.,0.,1.));
#4809=IFCEXTRUDEDAREASOLID(#4805,#4807,#4808,1.7);
#4810=IFCCARTESIANPOINT((0.,0.));
#4811=IFCDIRECTION((0.43993916985591486,-0.8980275757606158));
#4812=IFCAXIS2PLACEMENT2D(#4810,#4811);
#4813=IFCRECTANGLEPROFILEDEF(.AREA.,$,#4812,0.19999999999999996,0.02400000000000002);
#4814=IFCCARTESIANPOINT((17.55821900849675,5.813692618218818,0.35000000000000003));
#4815=IFCAXIS2PLACEMENT3D(#4814,$,$);
#4816=IFCDIRECTION((0.,0.,1.));
#4817=IFCEXTRUDEDAREASOLID(#4813,#4815,#4816,1.7);
#4818=IFCSTYLEDITEM(#4489,(#146),$);
#4819=IFCSTYLEDITEM(#4497,(#146),$);
#4820=IFCSTYLEDITEM(#4553,(#146),$);
#4821=IFCSTYLEDITEM(#4561,(#146),$);
#4822=IFCSTYLEDITEM(#4617,(#146),$);
#4823=IFCSTYLEDITEM(#4625,(#146),$);
#4824=IFCSTYLEDITEM(#4681,(#146),$);
#4825=IFCSTYLEDITEM(#4689,(#146),$);
#4826=IFCSTYLEDITEM(#4745,(#146),$);
#4827=IFCSTYLEDITEM(#4753,(#146),$);
#4828=IFCSTYLEDITEM(#4809,(#146),$);
#4829=IFCSTYLEDITEM(#4817,(#146),$);
#4830=IFCSHAPEREPRESENTATION(#16,'Body','SweptSolid',(#4489,#4497,#4553,#4561,#4617,#4625,#4681,#4689,#4745,#4753,#4809,#4817));
#4831=IFCPRODUCTDEFINITIONSHAPE($,$,(#4830));
#4832=IFCLOCALPLACEMENT(#23,#13);
#4833=IFCFURNITURE('0L_VSz$n58D9QfXXDRFw61',#5,'Expositor lateral \X2\00B7\X0\ Display rack (up-Rambla end)',$,'Five-tier steel magazine rack on the end wall',#4832,#4831,'RCAN-ELM-025',.SHELF.);
#4834=IFCRELASSOCIATESMATERIAL('245Mx62y5BywXG$$NFBX6v',#5,$,$,(#4833),#147);
#4835=IFCPROPERTYSINGLEVALUE('Material',$,IFCLABEL('Steel, powder-coated RAL 7021 black-grey'),$);
#4836=IFCPROPERTYSINGLEVALUE('Category',$,IFCLABEL('Steel'),$);
#4837=IFCPROPERTYSINGLEVALUE('MassDensity_kg_m3',$,IFCREAL(7850.),$);
#4838=IFCPROPERTYSET('27OaYUsbn9JvZJ1MtcEx2R',#5,'Pset_CDE_Material',$,(#4835,#4836,#4837));
#4839=IFCRELDEFINESBYPROPERTIES('1jHNCSHXHCIBqycb3cf5Rr',#5,$,$,(#4833),#4838);
#4840=IFCPROPERTYSINGLEVALUE('GeometrySource',$,IFCLABEL('Typical Rambla newspaper kiosk; position from OSM (ODbL), long axis along the Rambla tree row'),$);
#4841=IFCPROPERTYSINGLEVALUE('Confidence',$,IFCLABEL('Low'),$);
#4842=IFCPROPERTYSINGLEVALUE('Reference',$,IFCLABEL('OSM node 691591931 (shop=kiosk), way 306557217'),$);
#4843=IFCPROPERTYSET('3O7KzzMFj5Pe1P5xnaYXKq',#5,'Pset_CDE_Provenance',$,(#4840,#4841,#4842));
#4844=IFCRELDEFINESBYPROPERTIES('1pkiEP$sj8lhv5DAzFjVdL',#5,$,$,(#4833),#4843);
#4845=IFCPROPERTYSINGLEVALUE('DataStatus',$,IFCLABEL('Illustrative demo values \X2\2014\X0\ not the owner''s as-built register'),$);
#4846=IFCPROPERTYSINGLEVALUE('AssetOwner',$,IFCLABEL('Kiosk licensee under a municipal concession (demo)'),$);
#4847=IFCPROPERTYSINGLEVALUE('Manufacturer',$,IFCLABEL('Demo kiosk fabricator'),$);
#4848=IFCPROPERTYSINGLEVALUE('Model',$,IFCLABEL('Rambla newspaper kiosk, steel, 3.6 \X2\00D7\X0\ 2.3 m'),$);
#4849=IFCPROPERTYSINGLEVALUE('SerialNumber',$,IFCLABEL('BCN-KSK-RC-009'),$);
#4850=IFCPROPERTYSINGLEVALUE('LifecycleStatus',$,IFCLABEL('In service'),$);
#4851=IFCPROPERTYSINGLEVALUE('InstallationYear',$,IFCINTEGER(2008),$);
#4852=IFCPROPERTYSINGLEVALUE('LastInspection',$,IFCLABEL('2026-07-08'),$);
#4853=IFCPROPERTYSINGLEVALUE('InspectionInterval_months',$,IFCINTEGER(12),$);
#4854=IFCPROPERTYSINGLEVALUE('NextInspection',$,IFCLABEL('2027-07-08'),$);
#4855=IFCPROPERTYSINGLEVALUE('ConditionIndex_1to5',$,IFCINTEGER(4),$);
#4856=IFCPROPERTYSINGLEVALUE('WarrantyEnd',$,IFCLABEL('2018-12-31 (expired)'),$);
#4857=IFCPROPERTYSINGLEVALUE('MaintenanceContractor',$,IFCLABEL('Demo contractor \X2\2014\X0\ kiosk maintenance'),$);
#4858=IFCPROPERTYSINGLEVALUE('MaintenanceStrategy',$,IFCLABEL('Condition-based'),$);
#4859=IFCPROPERTYSET('2f$Xwz259B1u4lej6gvIlh',#5,'Pset_CDE_AssetManagement (demo)',$,(#4845,#4846,#4847,#4848,#4849,#4850,#4851,#4852,#4853,#4854,#4855,#4856,#4857,#4858));
#4860=IFCRELDEFINESBYPROPERTIES('04ZyBNV0z38w5nUjRnT_8D',#5,$,$,(#4833),#4859);
#4861=IFCCARTESIANPOINT((0.,0.));
#4862=IFCDIRECTION((0.43993916985591486,-0.8980275757606158));
#4863=IFCAXIS2PLACEMENT2D(#4861,#4862);
#4864=IFCRECTANGLEPROFILEDEF(.AREA.,$,#4863,0.19999999999999996,1.9);
#4865=IFCCARTESIANPOINT((18.323887464233444,2.0686489848428606,0.4));
#4866=IFCAXIS2PLACEMENT3D(#4865,$,$);
#4867=IFCDIRECTION((0.,0.,1.));
#4868=IFCEXTRUDEDAREASOLID(#4864,#4866,#4867,0.015);
#4869=IFCCARTESIANPOINT((0.,0.));
#4870=IFCDIRECTION((0.43993916985591486,-0.8980275757606158));
#4871=IFCAXIS2PLACEMENT2D(#4869,#4870);
#4872=IFCRECTANGLEPROFILEDEF(.AREA.,$,#4871,0.020000000000000018,1.9);
#4873=IFCCARTESIANPOINT((18.363481989520476,1.9878265030244056,0.4));
#4874=IFCAXIS2PLACEMENT3D(#4873,$,$);
#4875=IFCDIRECTION((0.,0.,1.));
#4876=IFCEXTRUDEDAREASOLID(#4872,#4874,#4875,0.08);
#4877=IFCCARTESIANPOINT((0.,0.));
#4878=IFCDIRECTION((0.43993916985591486,-0.8980275757606158));
#4879=IFCAXIS2PLACEMENT2D(#4877,#4878);
#4880=IFCRECTANGLEPROFILEDEF(.AREA.,$,#4879,0.1299999999999999,0.27);
#4881=IFCCARTESIANPOINT((17.61673612141208,1.727786874384771,0.41500000000000004));
#4882=IFCAXIS2PLACEMENT3D(#4881,$,$);
#4883=IFCDIRECTION((0.,0.,1.));
#4884=IFCEXTRUDEDAREASOLID(#4880,#4882,#4883,0.3);
#4885=IFCCARTESIANPOINT((0.,0.));
#4886=IFCDIRECTION((0.43993916985591486,-0.8980275757606158));
#4887=IFCAXIS2PLACEMENT2D(#4885,#4886);
#4888=IFCRECTANGLEPROFILEDEF(.AREA.,$,#4887,0.1299999999999999,0.27);
#4889=IFCCARTESIANPOINT((17.895124669897875,1.8641680170401047,0.41500000000000004));
#4890=IFCAXIS2PLACEMENT3D(#4889,$,$);
#4891=IFCDIRECTION((0.,0.,1.));
#4892=IFCEXTRUDEDAREASOLID(#4888,#4890,#4891,0.3);
#4893=IFCCARTESIANPOINT((0.,0.));
#4894=IFCDIRECTION((0.43993916985591486,-0.8980275757606158));
#4895=IFCAXIS2PLACEMENT2D(#4893,#4894);
#4896=IFCRECTANGLEPROFILEDEF(.AREA.,$,#4895,0.1299999999999999,0.27);
#4897=IFCCARTESIANPOINT((18.173513218383665,2.000549159695438,0.41500000000000004));
#4898=IFCAXIS2PLACEMENT3D(#4897,$,$);
#4899=IFCDIRECTION((0.,0.,1.));
#4900=IFCEXTRUDEDAREASOLID(#4896,#4898,#4899,0.3);
#4901=IFCCARTESIANPOINT((0.,0.));
#4902=IFCDIRECTION((0.43993916985591486,-0.8980275757606158));
#4903=IFCAXIS2PLACEMENT2D(#4901,#4902);
#4904=IFCRECTANGLEPROFILEDEF(.AREA.,$,#4903,0.1299999999999999,0.27);
#4905=IFCCARTESIANPOINT((18.451901766869454,2.136930302350772,0.41500000000000004));
#4906=IFCAXIS2PLACEMENT3D(#4905,$,$);
#4907=IFCDIRECTION((0.,0.,1.));
#4908=IFCEXTRUDEDAREASOLID(#4904,#4906,#4907,0.3);
#4909=IFCCARTESIANPOINT((0.,0.));
#4910=IFCDIRECTION((0.43993916985591486,-0.8980275757606158));
#4911=IFCAXIS2PLACEMENT2D(#4909,#4910);
#4912=IFCRECTANGLEPROFILEDEF(.AREA.,$,#4911,0.1299999999999999,0.27);
#4913=IFCCARTESIANPOINT((18.730290315355248,2.2733114450061054,0.41500000000000004));
#4914=IFCAXIS2PLACEMENT3D(#4913,$,$);
#4915=IFCDIRECTION((0.,0.,1.));
#4916=IFCEXTRUDEDAREASOLID(#4912,#4914,#4915,0.3);
#4917=IFCCARTESIANPOINT((0.,0.));
#4918=IFCDIRECTION((0.43993916985591486,-0.8980275757606158));
#4919=IFCAXIS2PLACEMENT2D(#4917,#4918);
#4920=IFCRECTANGLEPROFILEDEF(.AREA.,$,#4919,0.1299999999999999,0.27);
#4921=IFCCARTESIANPOINT((19.008678863841038,2.4096925876614392,0.41500000000000004));
#4922=IFCAXIS2PLACEMENT3D(#4921,$,$);
#4923=IFCDIRECTION((0.,0.,1.));
#4924=IFCEXTRUDEDAREASOLID(#4920,#4922,#4923,0.3);
#4925=IFCCARTESIANPOINT((0.,0.));
#4926=IFCDIRECTION((0.43993916985591486,-0.8980275757606158));
#4927=IFCAXIS2PLACEMENT2D(#4925,#4926);
#4928=IFCRECTANGLEPROFILEDEF(.AREA.,$,#4927,0.19999999999999996,1.9);
#4929=IFCCARTESIANPOINT((18.323887464233444,2.0686489848428606,0.75));
#4930=IFCAXIS2PLACEMENT3D(#4929,$,$);
#4931=IFCDIRECTION((0.,0.,1.));
#4932=IFCEXTRUDEDAREASOLID(#4928,#4930,#4931,0.015);
#4933=IFCCARTESIANPOINT((0.,0.));
#4934=IFCDIRECTION((0.43993916985591486,-0.8980275757606158));
#4935=IFCAXIS2PLACEMENT2D(#4933,#4934);
#4936=IFCRECTANGLEPROFILEDEF(.AREA.,$,#4935,0.020000000000000018,1.9);
#4937=IFCCARTESIANPOINT((18.363481989520476,1.9878265030244056,0.75));
#4938=IFCAXIS2PLACEMENT3D(#4937,$,$);
#4939=IFCDIRECTION((0.,0.,1.));
#4940=IFCEXTRUDEDAREASOLID(#4936,#4938,#4939,0.08);
#4941=IFCCARTESIANPOINT((0.,0.));
#4942=IFCDIRECTION((0.43993916985591486,-0.8980275757606158));
#4943=IFCAXIS2PLACEMENT2D(#4941,#4942);
#4944=IFCRECTANGLEPROFILEDEF(.AREA.,$,#4943,0.1299999999999999,0.27);
#4945=IFCCARTESIANPOINT((17.61673612141208,1.727786874384771,0.765));
#4946=IFCAXIS2PLACEMENT3D(#4945,$,$);
#4947=IFCDIRECTION((0.,0.,1.));
#4948=IFCEXTRUDEDAREASOLID(#4944,#4946,#4947,0.3);
#4949=IFCCARTESIANPOINT((0.,0.));
#4950=IFCDIRECTION((0.43993916985591486,-0.8980275757606158));
#4951=IFCAXIS2PLACEMENT2D(#4949,#4950);
#4952=IFCRECTANGLEPROFILEDEF(.AREA.,$,#4951,0.1299999999999999,0.27);
#4953=IFCCARTESIANPOINT((17.895124669897875,1.8641680170401047,0.765));
#4954=IFCAXIS2PLACEMENT3D(#4953,$,$);
#4955=IFCDIRECTION((0.,0.,1.));
#4956=IFCEXTRUDEDAREASOLID(#4952,#4954,#4955,0.3);
#4957=IFCCARTESIANPOINT((0.,0.));
#4958=IFCDIRECTION((0.43993916985591486,-0.8980275757606158));
#4959=IFCAXIS2PLACEMENT2D(#4957,#4958);
#4960=IFCRECTANGLEPROFILEDEF(.AREA.,$,#4959,0.1299999999999999,0.27);
#4961=IFCCARTESIANPOINT((18.173513218383665,2.000549159695438,0.765));
#4962=IFCAXIS2PLACEMENT3D(#4961,$,$);
#4963=IFCDIRECTION((0.,0.,1.));
#4964=IFCEXTRUDEDAREASOLID(#4960,#4962,#4963,0.3);
#4965=IFCCARTESIANPOINT((0.,0.));
#4966=IFCDIRECTION((0.43993916985591486,-0.8980275757606158));
#4967=IFCAXIS2PLACEMENT2D(#4965,#4966);
#4968=IFCRECTANGLEPROFILEDEF(.AREA.,$,#4967,0.1299999999999999,0.27);
#4969=IFCCARTESIANPOINT((18.451901766869454,2.136930302350772,0.765));
#4970=IFCAXIS2PLACEMENT3D(#4969,$,$);
#4971=IFCDIRECTION((0.,0.,1.));
#4972=IFCEXTRUDEDAREASOLID(#4968,#4970,#4971,0.3);
#4973=IFCCARTESIANPOINT((0.,0.));
#4974=IFCDIRECTION((0.43993916985591486,-0.8980275757606158));
#4975=IFCAXIS2PLACEMENT2D(#4973,#4974);
#4976=IFCRECTANGLEPROFILEDEF(.AREA.,$,#4975,0.1299999999999999,0.27);
#4977=IFCCARTESIANPOINT((18.730290315355248,2.2733114450061054,0.765));
#4978=IFCAXIS2PLACEMENT3D(#4977,$,$);
#4979=IFCDIRECTION((0.,0.,1.));
#4980=IFCEXTRUDEDAREASOLID(#4976,#4978,#4979,0.3);
#4981=IFCCARTESIANPOINT((0.,0.));
#4982=IFCDIRECTION((0.43993916985591486,-0.8980275757606158));
#4983=IFCAXIS2PLACEMENT2D(#4981,#4982);
#4984=IFCRECTANGLEPROFILEDEF(.AREA.,$,#4983,0.1299999999999999,0.27);
#4985=IFCCARTESIANPOINT((19.008678863841038,2.4096925876614392,0.765));
#4986=IFCAXIS2PLACEMENT3D(#4985,$,$);
#4987=IFCDIRECTION((0.,0.,1.));
#4988=IFCEXTRUDEDAREASOLID(#4984,#4986,#4987,0.3);
#4989=IFCCARTESIANPOINT((0.,0.));
#4990=IFCDIRECTION((0.43993916985591486,-0.8980275757606158));
#4991=IFCAXIS2PLACEMENT2D(#4989,#4990);
#4992=IFCRECTANGLEPROFILEDEF(.AREA.,$,#4991,0.19999999999999996,1.9);
#4993=IFCCARTESIANPOINT((18.323887464233444,2.0686489848428606,1.0999999999999999));
#4994=IFCAXIS2PLACEMENT3D(#4993,$,$);
#4995=IFCDIRECTION((0.,0.,1.));
#4996=IFCEXTRUDEDAREASOLID(#4992,#4994,#4995,0.015);
#4997=IFCCARTESIANPOINT((0.,0.));
#4998=IFCDIRECTION((0.43993916985591486,-0.8980275757606158));
#4999=IFCAXIS2PLACEMENT2D(#4997,#4998);
#5000=IFCRECTANGLEPROFILEDEF(.AREA.,$,#4999,0.020000000000000018,1.9);
#5001=IFCCARTESIANPOINT((18.363481989520476,1.9878265030244056,1.0999999999999999));
#5002=IFCAXIS2PLACEMENT3D(#5001,$,$);
#5003=IFCDIRECTION((0.,0.,1.));
#5004=IFCEXTRUDEDAREASOLID(#5000,#5002,#5003,0.08);
#5005=IFCCARTESIANPOINT((0.,0.));
#5006=IFCDIRECTION((0.43993916985591486,-0.8980275757606158));
#5007=IFCAXIS2PLACEMENT2D(#5005,#5006);
#5008=IFCRECTANGLEPROFILEDEF(.AREA.,$,#5007,0.1299999999999999,0.27);
#5009=IFCCARTESIANPOINT((17.61673612141208,1.727786874384771,1.1149999999999998));
#5010=IFCAXIS2PLACEMENT3D(#5009,$,$);
#5011=IFCDIRECTION((0.,0.,1.));
#5012=IFCEXTRUDEDAREASOLID(#5008,#5010,#5011,0.3);
#5013=IFCCARTESIANPOINT((0.,0.));
#5014=IFCDIRECTION((0.43993916985591486,-0.8980275757606158));
#5015=IFCAXIS2PLACEMENT2D(#5013,#5014);
#5016=IFCRECTANGLEPROFILEDEF(.AREA.,$,#5015,0.1299999999999999,0.27);
#5017=IFCCARTESIANPOINT((17.895124669897875,1.8641680170401047,1.1149999999999998));
#5018=IFCAXIS2PLACEMENT3D(#5017,$,$);
#5019=IFCDIRECTION((0.,0.,1.));
#5020=IFCEXTRUDEDAREASOLID(#5016,#5018,#5019,0.3);
#5021=IFCCARTESIANPOINT((0.,0.));
#5022=IFCDIRECTION((0.43993916985591486,-0.8980275757606158));
#5023=IFCAXIS2PLACEMENT2D(#5021,#5022);
#5024=IFCRECTANGLEPROFILEDEF(.AREA.,$,#5023,0.1299999999999999,0.27);
#5025=IFCCARTESIANPOINT((18.173513218383665,2.000549159695438,1.1149999999999998));
#5026=IFCAXIS2PLACEMENT3D(#5025,$,$);
#5027=IFCDIRECTION((0.,0.,1.));
#5028=IFCEXTRUDEDAREASOLID(#5024,#5026,#5027,0.3);
#5029=IFCCARTESIANPOINT((0.,0.));
#5030=IFCDIRECTION((0.43993916985591486,-0.8980275757606158));
#5031=IFCAXIS2PLACEMENT2D(#5029,#5030);
#5032=IFCRECTANGLEPROFILEDEF(.AREA.,$,#5031,0.1299999999999999,0.27);
#5033=IFCCARTESIANPOINT((18.451901766869454,2.136930302350772,1.1149999999999998));
#5034=IFCAXIS2PLACEMENT3D(#5033,$,$);
#5035=IFCDIRECTION((0.,0.,1.));
#5036=IFCEXTRUDEDAREASOLID(#5032,#5034,#5035,0.3);
#5037=IFCCARTESIANPOINT((0.,0.));
#5038=IFCDIRECTION((0.43993916985591486,-0.8980275757606158));
#5039=IFCAXIS2PLACEMENT2D(#5037,#5038);
#5040=IFCRECTANGLEPROFILEDEF(.AREA.,$,#5039,0.1299999999999999,0.27);
#5041=IFCCARTESIANPOINT((18.730290315355248,2.2733114450061054,1.1149999999999998));
#5042=IFCAXIS2PLACEMENT3D(#5041,$,$);
#5043=IFCDIRECTION((0.,0.,1.));
#5044=IFCEXTRUDEDAREASOLID(#5040,#5042,#5043,0.3);
#5045=IFCCARTESIANPOINT((0.,0.));
#5046=IFCDIRECTION((0.43993916985591486,-0.8980275757606158));
#5047=IFCAXIS2PLACEMENT2D(#5045,#5046);
#5048=IFCRECTANGLEPROFILEDEF(.AREA.,$,#5047,0.1299999999999999,0.27);
#5049=IFCCARTESIANPOINT((19.008678863841038,2.4096925876614392,1.1149999999999998));
#5050=IFCAXIS2PLACEMENT3D(#5049,$,$);
#5051=IFCDIRECTION((0.,0.,1.));
#5052=IFCEXTRUDEDAREASOLID(#5048,#5050,#5051,0.3);
#5053=IFCCARTESIANPOINT((0.,0.));
#5054=IFCDIRECTION((0.43993916985591486,-0.8980275757606158));
#5055=IFCAXIS2PLACEMENT2D(#5053,#5054);
#5056=IFCRECTANGLEPROFILEDEF(.AREA.,$,#5055,0.19999999999999996,1.9);
#5057=IFCCARTESIANPOINT((18.323887464233444,2.0686489848428606,1.45));
#5058=IFCAXIS2PLACEMENT3D(#5057,$,$);
#5059=IFCDIRECTION((0.,0.,1.));
#5060=IFCEXTRUDEDAREASOLID(#5056,#5058,#5059,0.015);
#5061=IFCCARTESIANPOINT((0.,0.));
#5062=IFCDIRECTION((0.43993916985591486,-0.8980275757606158));
#5063=IFCAXIS2PLACEMENT2D(#5061,#5062);
#5064=IFCRECTANGLEPROFILEDEF(.AREA.,$,#5063,0.020000000000000018,1.9);
#5065=IFCCARTESIANPOINT((18.363481989520476,1.9878265030244056,1.45));
#5066=IFCAXIS2PLACEMENT3D(#5065,$,$);
#5067=IFCDIRECTION((0.,0.,1.));
#5068=IFCEXTRUDEDAREASOLID(#5064,#5066,#5067,0.08);
#5069=IFCCARTESIANPOINT((0.,0.));
#5070=IFCDIRECTION((0.43993916985591486,-0.8980275757606158));
#5071=IFCAXIS2PLACEMENT2D(#5069,#5070);
#5072=IFCRECTANGLEPROFILEDEF(.AREA.,$,#5071,0.1299999999999999,0.27);
#5073=IFCCARTESIANPOINT((17.61673612141208,1.727786874384771,1.4649999999999999));
#5074=IFCAXIS2PLACEMENT3D(#5073,$,$);
#5075=IFCDIRECTION((0.,0.,1.));
#5076=IFCEXTRUDEDAREASOLID(#5072,#5074,#5075,0.3);
#5077=IFCCARTESIANPOINT((0.,0.));
#5078=IFCDIRECTION((0.43993916985591486,-0.8980275757606158));
#5079=IFCAXIS2PLACEMENT2D(#5077,#5078);
#5080=IFCRECTANGLEPROFILEDEF(.AREA.,$,#5079,0.1299999999999999,0.27);
#5081=IFCCARTESIANPOINT((17.895124669897875,1.8641680170401047,1.4649999999999999));
#5082=IFCAXIS2PLACEMENT3D(#5081,$,$);
#5083=IFCDIRECTION((0.,0.,1.));
#5084=IFCEXTRUDEDAREASOLID(#5080,#5082,#5083,0.3);
#5085=IFCCARTESIANPOINT((0.,0.));
#5086=IFCDIRECTION((0.43993916985591486,-0.8980275757606158));
#5087=IFCAXIS2PLACEMENT2D(#5085,#5086);
#5088=IFCRECTANGLEPROFILEDEF(.AREA.,$,#5087,0.1299999999999999,0.27);
#5089=IFCCARTESIANPOINT((18.173513218383665,2.000549159695438,1.4649999999999999));
#5090=IFCAXIS2PLACEMENT3D(#5089,$,$);
#5091=IFCDIRECTION((0.,0.,1.));
#5092=IFCEXTRUDEDAREASOLID(#5088,#5090,#5091,0.3);
#5093=IFCCARTESIANPOINT((0.,0.));
#5094=IFCDIRECTION((0.43993916985591486,-0.8980275757606158));
#5095=IFCAXIS2PLACEMENT2D(#5093,#5094);
#5096=IFCRECTANGLEPROFILEDEF(.AREA.,$,#5095,0.1299999999999999,0.27);
#5097=IFCCARTESIANPOINT((18.451901766869454,2.136930302350772,1.4649999999999999));
#5098=IFCAXIS2PLACEMENT3D(#5097,$,$);
#5099=IFCDIRECTION((0.,0.,1.));
#5100=IFCEXTRUDEDAREASOLID(#5096,#5098,#5099,0.3);
#5101=IFCCARTESIANPOINT((0.,0.));
#5102=IFCDIRECTION((0.43993916985591486,-0.8980275757606158));
#5103=IFCAXIS2PLACEMENT2D(#5101,#5102);
#5104=IFCRECTANGLEPROFILEDEF(.AREA.,$,#5103,0.1299999999999999,0.27);
#5105=IFCCARTESIANPOINT((18.730290315355248,2.2733114450061054,1.4649999999999999));
#5106=IFCAXIS2PLACEMENT3D(#5105,$,$);
#5107=IFCDIRECTION((0.,0.,1.));
#5108=IFCEXTRUDEDAREASOLID(#5104,#5106,#5107,0.3);
#5109=IFCCARTESIANPOINT((0.,0.));
#5110=IFCDIRECTION((0.43993916985591486,-0.8980275757606158));
#5111=IFCAXIS2PLACEMENT2D(#5109,#5110);
#5112=IFCRECTANGLEPROFILEDEF(.AREA.,$,#5111,0.1299999999999999,0.27);
#5113=IFCCARTESIANPOINT((19.008678863841038,2.4096925876614392,1.4649999999999999));
#5114=IFCAXIS2PLACEMENT3D(#5113,$,$);
#5115=IFCDIRECTION((0.,0.,1.));
#5116=IFCEXTRUDEDAREASOLID(#5112,#5114,#5115,0.3);
#5117=IFCCARTESIANPOINT((0.,0.));
#5118=IFCDIRECTION((0.43993916985591486,-0.8980275757606158));
#5119=IFCAXIS2PLACEMENT2D(#5117,#5118);
#5120=IFCRECTANGLEPROFILEDEF(.AREA.,$,#5119,0.19999999999999996,1.9);
#5121=IFCCARTESIANPOINT((18.323887464233444,2.0686489848428606,1.8));
#5122=IFCAXIS2PLACEMENT3D(#5121,$,$);
#5123=IFCDIRECTION((0.,0.,1.));
#5124=IFCEXTRUDEDAREASOLID(#5120,#5122,#5123,0.015);
#5125=IFCCARTESIANPOINT((0.,0.));
#5126=IFCDIRECTION((0.43993916985591486,-0.8980275757606158));
#5127=IFCAXIS2PLACEMENT2D(#5125,#5126);
#5128=IFCRECTANGLEPROFILEDEF(.AREA.,$,#5127,0.020000000000000018,1.9);
#5129=IFCCARTESIANPOINT((18.363481989520476,1.9878265030244056,1.8));
#5130=IFCAXIS2PLACEMENT3D(#5129,$,$);
#5131=IFCDIRECTION((0.,0.,1.));
#5132=IFCEXTRUDEDAREASOLID(#5128,#5130,#5131,0.08);
#5133=IFCCARTESIANPOINT((0.,0.));
#5134=IFCDIRECTION((0.43993916985591486,-0.8980275757606158));
#5135=IFCAXIS2PLACEMENT2D(#5133,#5134);
#5136=IFCRECTANGLEPROFILEDEF(.AREA.,$,#5135,0.1299999999999999,0.27);
#5137=IFCCARTESIANPOINT((17.61673612141208,1.727786874384771,1.815));
#5138=IFCAXIS2PLACEMENT3D(#5137,$,$);
#5139=IFCDIRECTION((0.,0.,1.));
#5140=IFCEXTRUDEDAREASOLID(#5136,#5138,#5139,0.22);
#5141=IFCCARTESIANPOINT((0.,0.));
#5142=IFCDIRECTION((0.43993916985591486,-0.8980275757606158));
#5143=IFCAXIS2PLACEMENT2D(#5141,#5142);
#5144=IFCRECTANGLEPROFILEDEF(.AREA.,$,#5143,0.1299999999999999,0.27);
#5145=IFCCARTESIANPOINT((17.895124669897875,1.8641680170401047,1.815));
#5146=IFCAXIS2PLACEMENT3D(#5145,$,$);
#5147=IFCDIRECTION((0.,0.,1.));
#5148=IFCEXTRUDEDAREASOLID(#5144,#5146,#5147,0.22);
#5149=IFCCARTESIANPOINT((0.,0.));
#5150=IFCDIRECTION((0.43993916985591486,-0.8980275757606158));
#5151=IFCAXIS2PLACEMENT2D(#5149,#5150);
#5152=IFCRECTANGLEPROFILEDEF(.AREA.,$,#5151,0.1299999999999999,0.27);
#5153=IFCCARTESIANPOINT((18.173513218383665,2.000549159695438,1.815));
#5154=IFCAXIS2PLACEMENT3D(#5153,$,$);
#5155=IFCDIRECTION((0.,0.,1.));
#5156=IFCEXTRUDEDAREASOLID(#5152,#5154,#5155,0.22);
#5157=IFCCARTESIANPOINT((0.,0.));
#5158=IFCDIRECTION((0.43993916985591486,-0.8980275757606158));
#5159=IFCAXIS2PLACEMENT2D(#5157,#5158);
#5160=IFCRECTANGLEPROFILEDEF(.AREA.,$,#5159,0.1299999999999999,0.27);
#5161=IFCCARTESIANPOINT((18.451901766869454,2.136930302350772,1.815));
#5162=IFCAXIS2PLACEMENT3D(#5161,$,$);
#5163=IFCDIRECTION((0.,0.,1.));
#5164=IFCEXTRUDEDAREASOLID(#5160,#5162,#5163,0.22);
#5165=IFCCARTESIANPOINT((0.,0.));
#5166=IFCDIRECTION((0.43993916985591486,-0.8980275757606158));
#5167=IFCAXIS2PLACEMENT2D(#5165,#5166);
#5168=IFCRECTANGLEPROFILEDEF(.AREA.,$,#5167,0.1299999999999999,0.27);
#5169=IFCCARTESIANPOINT((18.730290315355248,2.2733114450061054,1.815));
#5170=IFCAXIS2PLACEMENT3D(#5169,$,$);
#5171=IFCDIRECTION((0.,0.,1.));
#5172=IFCEXTRUDEDAREASOLID(#5168,#5170,#5171,0.22);
#5173=IFCCARTESIANPOINT((0.,0.));
#5174=IFCDIRECTION((0.43993916985591486,-0.8980275757606158));
#5175=IFCAXIS2PLACEMENT2D(#5173,#5174);
#5176=IFCRECTANGLEPROFILEDEF(.AREA.,$,#5175,0.1299999999999999,0.27);
#5177=IFCCARTESIANPOINT((19.008678863841038,2.4096925876614392,1.815));
#5178=IFCAXIS2PLACEMENT3D(#5177,$,$);
#5179=IFCDIRECTION((0.,0.,1.));
#5180=IFCEXTRUDEDAREASOLID(#5176,#5178,#5179,0.22);
#5181=IFCCARTESIANPOINT((0.,0.));
#5182=IFCDIRECTION((0.43993916985591486,-0.8980275757606158));
#5183=IFCAXIS2PLACEMENT2D(#5181,#5182);
#5184=IFCRECTANGLEPROFILEDEF(.AREA.,$,#5183,0.19999999999999996,0.02400000000000002);
#5185=IFCCARTESIANPOINT((17.461780991503254,1.6463073817811824,0.35000000000000003));
#5186=IFCAXIS2PLACEMENT3D(#5185,$,$);
#5187=IFCDIRECTION((0.,0.,1.));
#5188=IFCEXTRUDEDAREASOLID(#5184,#5186,#5187,1.7);
#5189=IFCCARTESIANPOINT((0.,0.));
#5190=IFCDIRECTION((0.43993916985591486,-0.8980275757606158));
#5191=IFCAXIS2PLACEMENT2D(#5189,#5190);
#5192=IFCRECTANGLEPROFILEDEF(.AREA.,$,#5191,0.19999999999999996,0.02400000000000002);
#5193=IFCCARTESIANPOINT((19.185993936963634,2.490990587904539,0.35000000000000003));
#5194=IFCAXIS2PLACEMENT3D(#5193,$,$);
#5195=IFCDIRECTION((0.,0.,1.));
#5196=IFCEXTRUDEDAREASOLID(#5192,#5194,#5195,1.7);
#5197=IFCSTYLEDITEM(#4868,(#146),$);
#5198=IFCSTYLEDITEM(#4876,(#146),$);
#5199=IFCSTYLEDITEM(#4932,(#146),$);
#5200=IFCSTYLEDITEM(#4940,(#146),$);
#5201=IFCSTYLEDITEM(#4996,(#146),$);
#5202=IFCSTYLEDITEM(#5004,(#146),$);
#5203=IFCSTYLEDITEM(#5060,(#146),$);
#5204=IFCSTYLEDITEM(#5068,(#146),$);
#5205=IFCSTYLEDITEM(#5124,(#146),$);
#5206=IFCSTYLEDITEM(#5132,(#146),$);
#5207=IFCSTYLEDITEM(#5188,(#146),$);
#5208=IFCSTYLEDITEM(#5196,(#146),$);
#5209=IFCSHAPEREPRESENTATION(#16,'Body','SweptSolid',(#4868,#4876,#4932,#4940,#4996,#5004,#5060,#5068,#5124,#5132,#5188,#5196));
#5210=IFCPRODUCTDEFINITIONSHAPE($,$,(#5209));
#5211=IFCLOCALPLACEMENT(#23,#13);
#5212=IFCFURNITURE('1vq2ZMmq12yA3EW$WfADZs',#5,'Expositor lateral \X2\00B7\X0\ Display rack (down-Rambla end)',$,'Five-tier steel magazine rack on the end wall',#5211,#5210,'RCAN-ELM-026',.SHELF.);
#5213=IFCRELASSOCIATESMATERIAL('0uWGmLKv162w_Yq5fUgShc',#5,$,$,(#5212),#147);
#5214=IFCPROPERTYSINGLEVALUE('Material',$,IFCLABEL('Steel, powder-coated RAL 7021 black-grey'),$);
#5215=IFCPROPERTYSINGLEVALUE('Category',$,IFCLABEL('Steel'),$);
#5216=IFCPROPERTYSINGLEVALUE('MassDensity_kg_m3',$,IFCREAL(7850.),$);
#5217=IFCPROPERTYSET('1YAKOd$Zz4H80jN5mlQKky',#5,'Pset_CDE_Material',$,(#5214,#5215,#5216));
#5218=IFCRELDEFINESBYPROPERTIES('2ZZ7N6t81C1Psa$IHlvuj0',#5,$,$,(#5212),#5217);
#5219=IFCPROPERTYSINGLEVALUE('GeometrySource',$,IFCLABEL('Typical Rambla newspaper kiosk; position from OSM (ODbL), long axis along the Rambla tree row'),$);
#5220=IFCPROPERTYSINGLEVALUE('Confidence',$,IFCLABEL('Low'),$);
#5221=IFCPROPERTYSINGLEVALUE('Reference',$,IFCLABEL('OSM node 691591931 (shop=kiosk), way 306557217'),$);
#5222=IFCPROPERTYSET('2P6eD28FLDXgIN6P15iOig',#5,'Pset_CDE_Provenance',$,(#5219,#5220,#5221));
#5223=IFCRELDEFINESBYPROPERTIES('1LuY4JM6v8ZvZ$u2QqEibk',#5,$,$,(#5212),#5222);
#5224=IFCPROPERTYSINGLEVALUE('DataStatus',$,IFCLABEL('Illustrative demo values \X2\2014\X0\ not the owner''s as-built register'),$);
#5225=IFCPROPERTYSINGLEVALUE('AssetOwner',$,IFCLABEL('Kiosk licensee under a municipal concession (demo)'),$);
#5226=IFCPROPERTYSINGLEVALUE('Manufacturer',$,IFCLABEL('Demo kiosk fabricator'),$);
#5227=IFCPROPERTYSINGLEVALUE('Model',$,IFCLABEL('Rambla newspaper kiosk, steel, 3.6 \X2\00D7\X0\ 2.3 m'),$);
#5228=IFCPROPERTYSINGLEVALUE('SerialNumber',$,IFCLABEL('BCN-KSK-RC-010'),$);
#5229=IFCPROPERTYSINGLEVALUE('LifecycleStatus',$,IFCLABEL('In service'),$);
#5230=IFCPROPERTYSINGLEVALUE('InstallationYear',$,IFCINTEGER(2008),$);
#5231=IFCPROPERTYSINGLEVALUE('LastInspection',$,IFCLABEL('2026-07-08'),$);
#5232=IFCPROPERTYSINGLEVALUE('InspectionInterval_months',$,IFCINTEGER(12),$);
#5233=IFCPROPERTYSINGLEVALUE('NextInspection',$,IFCLABEL('2027-07-08'),$);
#5234=IFCPROPERTYSINGLEVALUE('ConditionIndex_1to5',$,IFCINTEGER(4),$);
#5235=IFCPROPERTYSINGLEVALUE('WarrantyEnd',$,IFCLABEL('2018-12-31 (expired)'),$);
#5236=IFCPROPERTYSINGLEVALUE('MaintenanceContractor',$,IFCLABEL('Demo contractor \X2\2014\X0\ kiosk maintenance'),$);
#5237=IFCPROPERTYSINGLEVALUE('MaintenanceStrategy',$,IFCLABEL('Condition-based'),$);
#5238=IFCPROPERTYSET('0Y0Aq63gb2eOl3Q7I8NeiW',#5,'Pset_CDE_AssetManagement (demo)',$,(#5224,#5225,#5226,#5227,#5228,#5229,#5230,#5231,#5232,#5233,#5234,#5235,#5236,#5237));
#5239=IFCRELDEFINESBYPROPERTIES('1Tzkg8BNDEQOl9hz8kgGLT',#5,$,$,(#5212),#5238);
#5240=IFCCARTESIANPOINT((0.,0.));
#5241=IFCDIRECTION((0.43993916985591486,-0.8980275757606158));
#5242=IFCAXIS2PLACEMENT2D(#5240,#5241);
#5243=IFCRECTANGLEPROFILEDEF(.AREA.,$,#5242,0.28,0.38);
#5244=IFCCARTESIANPOINT((15.888838754431292,4.561586565467551,0.75));
#5245=IFCAXIS2PLACEMENT3D(#5244,$,$);
#5246=IFCDIRECTION((0.,0.,1.));
#5247=IFCEXTRUDEDAREASOLID(#5243,#5245,#5246,0.02);
#5248=IFCCARTESIANPOINT((0.,0.));
#5249=IFCDIRECTION((0.43993916985591486,-0.8980275757606158));
#5250=IFCAXIS2PLACEMENT2D(#5248,#5249);
#5251=IFCRECTANGLEPROFILEDEF(.AREA.,$,#5250,0.28,0.38);
#5252=IFCCARTESIANPOINT((16.029619288785188,4.274217741224154,0.75));
#5253=IFCAXIS2PLACEMENT3D(#5252,$,$);
#5254=IFCDIRECTION((0.,0.,1.));
#5255=IFCEXTRUDEDAREASOLID(#5251,#5253,#5254,0.03);
#5256=IFCCARTESIANPOINT((0.,0.));
#5257=IFCDIRECTION((0.43993916985591486,-0.8980275757606158));
#5258=IFCAXIS2PLACEMENT2D(#5256,#5257);
#5259=IFCRECTANGLEPROFILEDEF(.AREA.,$,#5258,0.28,0.38);
#5260=IFCCARTESIANPOINT((16.170399823139082,3.9868489169807577,0.75));
#5261=IFCAXIS2PLACEMENT3D(#5260,$,$);
#5262=IFCDIRECTION((0.,0.,1.));
#5263=IFCEXTRUDEDAREASOLID(#5259,#5261,#5262,0.04);
#5264=IFCCARTESIANPOINT((0.,0.));
#5265=IFCDIRECTION((0.43993916985591486,-0.8980275757606158));
#5266=IFCAXIS2PLACEMENT2D(#5264,#5265);
#5267=IFCRECTANGLEPROFILEDEF(.AREA.,$,#5266,0.28,0.38);
#5268=IFCCARTESIANPOINT((16.311180357492972,3.699480092737361,0.75));
#5269=IFCAXIS2PLACEMENT3D(#5268,$,$);
#5270=IFCDIRECTION((0.,0.,1.));
#5271=IFCEXTRUDEDAREASOLID(#5267,#5269,#5270,0.02);
#5272=IFCCARTESIANPOINT((0.,0.));
#5273=IFCDIRECTION((0.43993916985591486,-0.8980275757606158));
#5274=IFCAXIS2PLACEMENT2D(#5272,#5273);
#5275=IFCRECTANGLEPROFILEDEF(.AREA.,$,#5274,0.28,0.38);
#5276=IFCCARTESIANPOINT((16.451960891846866,3.412111268493964,0.75));
#5277=IFCAXIS2PLACEMENT3D(#5276,$,$);
#5278=IFCDIRECTION((0.,0.,1.));
#5279=IFCEXTRUDEDAREASOLID(#5275,#5277,#5278,0.03);
#5280=IFCCARTESIANPOINT((0.,0.));
#5281=IFCDIRECTION((0.43993916985591486,-0.8980275757606158));
#5282=IFCAXIS2PLACEMENT2D(#5280,#5281);
#5283=IFCRECTANGLEPROFILEDEF(.AREA.,$,#5282,0.28,0.38);
#5284=IFCCARTESIANPOINT((16.59274142620076,3.1247424442505665,0.75));
#5285=IFCAXIS2PLACEMENT3D(#5284,$,$);
#5286=IFCDIRECTION((0.,0.,1.));
#5287=IFCEXTRUDEDAREASOLID(#5283,#5285,#5286,0.04);
#5288=IFCCARTESIANPOINT((0.,0.));
#5289=IFCDIRECTION((0.43993916985591486,-0.8980275757606158));
#5290=IFCAXIS2PLACEMENT2D(#5288,#5289);
#5291=IFCRECTANGLEPROFILEDEF(.AREA.,$,#5290,0.28,0.38);
#5292=IFCCARTESIANPOINT((16.733521960554654,2.8373736200071695,0.75));
#5293=IFCAXIS2PLACEMENT3D(#5292,$,$);
#5294=IFCDIRECTION((0.,0.,1.));
#5295=IFCEXTRUDEDAREASOLID(#5291,#5293,#5294,0.02);
#5296=IFCCARTESIANPOINT((0.,0.));
#5297=IFCDIRECTION((0.43993916985591486,-0.8980275757606158));
#5298=IFCAXIS2PLACEMENT2D(#5296,#5297);
#5299=IFCRECTANGLEPROFILEDEF(.AREA.,$,#5298,0.28,0.38);
#5300=IFCCARTESIANPOINT((16.874302494908545,2.550004795763772,0.75));
#5301=IFCAXIS2PLACEMENT3D(#5300,$,$);
#5302=IFCDIRECTION((0.,0.,1.));
#5303=IFCEXTRUDEDAREASOLID(#5299,#5301,#5302,0.03);
#5304=IFCCARTESIANPOINT((0.,0.));
#5305=IFCDIRECTION((0.43993916985591486,-0.8980275757606158));
#5306=IFCAXIS2PLACEMENT2D(#5304,#5305);
#5307=IFCRECTANGLEPROFILEDEF(.AREA.,$,#5306,0.28,0.38);
#5308=IFCCARTESIANPOINT((17.01508302926244,2.262635971520375,0.75));
#5309=IFCAXIS2PLACEMENT3D(#5308,$,$);
#5310=IFCDIRECTION((0.,0.,1.));
#5311=IFCEXTRUDEDAREASOLID(#5307,#5309,#5310,0.04);
#5312=IFCCARTESIANPOINT((0.,0.));
#5313=IFCDIRECTION((0.43993916985591486,-0.8980275757606158));
#5314=IFCAXIS2PLACEMENT2D(#5312,#5313);
#5315=IFCRECTANGLEPROFILEDEF(.AREA.,$,#5314,0.28,0.38);
#5316=IFCCARTESIANPOINT((17.155863563616332,1.9752671472769783,0.75));
#5317=IFCAXIS2PLACEMENT3D(#5316,$,$);
#5318=IFCDIRECTION((0.,0.,1.));
#5319=IFCEXTRUDEDAREASOLID(#5315,#5317,#5318,0.02);
#5320=IFCSTYLEDITEM(#4505,(#182),$);
#5321=IFCSTYLEDITEM(#4513,(#182),$);
#5322=IFCSTYLEDITEM(#4521,(#182),$);
#5323=IFCSTYLEDITEM(#4529,(#182),$);
#5324=IFCSTYLEDITEM(#4537,(#182),$);
#5325=IFCSTYLEDITEM(#4545,(#182),$);
#5326=IFCSTYLEDITEM(#4569,(#182),$);
#5327=IFCSTYLEDITEM(#4577,(#182),$);
#5328=IFCSTYLEDITEM(#4585,(#182),$);
#5329=IFCSTYLEDITEM(#4593,(#182),$);
#5330=IFCSTYLEDITEM(#4601,(#182),$);
#5331=IFCSTYLEDITEM(#4609,(#182),$);
#5332=IFCSTYLEDITEM(#4633,(#182),$);
#5333=IFCSTYLEDITEM(#4641,(#182),$);
#5334=IFCSTYLEDITEM(#4649,(#182),$);
#5335=IFCSTYLEDITEM(#4657,(#182),$);
#5336=IFCSTYLEDITEM(#4665,(#182),$);
#5337=IFCSTYLEDITEM(#4673,(#182),$);
#5338=IFCSTYLEDITEM(#4697,(#182),$);
#5339=IFCSTYLEDITEM(#4705,(#182),$);
#5340=IFCSTYLEDITEM(#4713,(#182),$);
#5341=IFCSTYLEDITEM(#4721,(#182),$);
#5342=IFCSTYLEDITEM(#4729,(#182),$);
#5343=IFCSTYLEDITEM(#4737,(#182),$);
#5344=IFCSTYLEDITEM(#4761,(#182),$);
#5345=IFCSTYLEDITEM(#4769,(#182),$);
#5346=IFCSTYLEDITEM(#4777,(#182),$);
#5347=IFCSTYLEDITEM(#4785,(#182),$);
#5348=IFCSTYLEDITEM(#4793,(#182),$);
#5349=IFCSTYLEDITEM(#4801,(#182),$);
#5350=IFCSTYLEDITEM(#4884,(#182),$);
#5351=IFCSTYLEDITEM(#4892,(#182),$);
#5352=IFCSTYLEDITEM(#4900,(#182),$);
#5353=IFCSTYLEDITEM(#4908,(#182),$);
#5354=IFCSTYLEDITEM(#4916,(#182),$);
#5355=IFCSTYLEDITEM(#4924,(#182),$);
#5356=IFCSTYLEDITEM(#4948,(#182),$);
#5357=IFCSTYLEDITEM(#4956,(#182),$);
#5358=IFCSTYLEDITEM(#4964,(#182),$);
#5359=IFCSTYLEDITEM(#4972,(#182),$);
#5360=IFCSTYLEDITEM(#4980,(#182),$);
#5361=IFCSTYLEDITEM(#4988,(#182),$);
#5362=IFCSTYLEDITEM(#5012,(#182),$);
#5363=IFCSTYLEDITEM(#5020,(#182),$);
#5364=IFCSTYLEDITEM(#5028,(#182),$);
#5365=IFCSTYLEDITEM(#5036,(#182),$);
#5366=IFCSTYLEDITEM(#5044,(#182),$);
#5367=IFCSTYLEDITEM(#5052,(#182),$);
#5368=IFCSTYLEDITEM(#5076,(#182),$);
#5369=IFCSTYLEDITEM(#5084,(#182),$);
#5370=IFCSTYLEDITEM(#5092,(#182),$);
#5371=IFCSTYLEDITEM(#5100,(#182),$);
#5372=IFCSTYLEDITEM(#5108,(#182),$);
#5373=IFCSTYLEDITEM(#5116,(#182),$);
#5374=IFCSTYLEDITEM(#5140,(#182),$);
#5375=IFCSTYLEDITEM(#5148,(#182),$);
#5376=IFCSTYLEDITEM(#5156,(#182),$);
#5377=IFCSTYLEDITEM(#5164,(#182),$);
#5378=IFCSTYLEDITEM(#5172,(#182),$);
#5379=IFCSTYLEDITEM(#5180,(#182),$);
#5380=IFCSTYLEDITEM(#5247,(#182),$);
#5381=IFCSTYLEDITEM(#5255,(#182),$);
#5382=IFCSTYLEDITEM(#5263,(#182),$);
#5383=IFCSTYLEDITEM(#5271,(#182),$);
#5384=IFCSTYLEDITEM(#5279,(#182),$);
#5385=IFCSTYLEDITEM(#5287,(#182),$);
#5386=IFCSTYLEDITEM(#5295,(#182),$);
#5387=IFCSTYLEDITEM(#5303,(#182),$);
#5388=IFCSTYLEDITEM(#5311,(#182),$);
#5389=IFCSTYLEDITEM(#5319,(#182),$);
#5390=IFCSHAPEREPRESENTATION(#16,'Body','SweptSolid',(#4505,#4513,#4521,#4529,#4537,#4545,#4569,#4577,#4585,#4593,#4601,#4609,#4633,#4641,#4649,#4657,#4665,#4673,#4697,#4705,#4713,#4721,#4729,#4737,#4761,#4769,#4777,#4785,#4793,#4801,#4884,#4892,#4900,#4908,#4916,#4924,#4948,#4956,#4964,#4972,#4980,#4988,#5012,#5020,#5028,#5036,#5044,#5052,#5076,#5084,#5092,#5100,#5108,#5116,#5140,#5148,#5156,#5164,#5172,#5180,#5247,#5255,#5263,#5271,#5279,#5287,#5295,#5303,#5311,#5319));
#5391=IFCPRODUCTDEFINITIONSHAPE($,$,(#5390));
#5392=IFCLOCALPLACEMENT(#23,#13);
#5393=IFCBUILDINGELEMENTPROXY('3Y83z$DAH2BuIDF5tweiFL',#5,'Publicacions exposades \X2\00B7\X0\ Publications on display',$,'Newspapers and magazines (stock, not an asset)',#5392,#5391,'RCAN-PRX-002',.USERDEFINED.);
#5394=IFCRELASSOCIATESMATERIAL('3h$sJWqRb77f_sx2Ar6tNj',#5,$,$,(#5393),#183);
#5395=IFCPROPERTYSINGLEVALUE('Reference',$,IFCLABEL('Newspapers and magazines (stock, not an asset)'),$);
#5396=IFCPROPERTYSINGLEVALUE('IsExternal',$,IFCBOOLEAN(.T.),$);
#5397=IFCPROPERTYSINGLEVALUE('Status',$,IFCLABEL('EXISTING'),$);
#5398=IFCPROPERTYSET('04RdTWfG57$woLz6X_d_ZG',#5,'Pset_BuildingElementProxyCommon',$,(#5395,#5396,#5397));
#5399=IFCRELDEFINESBYPROPERTIES('2QJzJub7b4sRAi_d0Li8t_',#5,$,$,(#5393),#5398);
#5400=IFCPROPERTYSINGLEVALUE('Material',$,IFCLABEL('Printed paper (newspapers and magazines)'),$);
#5401=IFCPROPERTYSINGLEVALUE('Category',$,IFCLABEL('Paper'),$);
#5402=IFCPROPERTYSINGLEVALUE('MassDensity_kg_m3',$,IFCREAL(800.),$);
#5403=IFCPROPERTYSET('3HDhDsYGX5iuJf1lxgzUnn',#5,'Pset_CDE_Material',$,(#5400,#5401,#5402));
#5404=IFCRELDEFINESBYPROPERTIES('1RaODSlaXFqftJ3UfMEt7P',#5,$,$,(#5393),#5403);
#5405=IFCPROPERTYSINGLEVALUE('GeometrySource',$,IFCLABEL('Typical Rambla newspaper kiosk; position from OSM (ODbL), long axis along the Rambla tree row'),$);
#5406=IFCPROPERTYSINGLEVALUE('Confidence',$,IFCLABEL('Low'),$);
#5407=IFCPROPERTYSINGLEVALUE('Reference',$,IFCLABEL('OSM node 691591931 (shop=kiosk), way 306557217'),$);
#5408=IFCPROPERTYSET('0IpQfV6W1COeeKufspZMHF',#5,'Pset_CDE_Provenance',$,(#5405,#5406,#5407));
#5409=IFCRELDEFINESBYPROPERTIES('2k6Eqzqhr3mAHfk$zbaCeX',#5,$,$,(#5393),#5408);
#5410=IFCPROPERTYSINGLEVALUE('Note',$,IFCLABEL('Stock changes daily; modelled to show the kiosk open'),$);
#5411=IFCPROPERTYSET('21DfyH0L18pPaefbkyyeCb',#5,'Pset_CDE_Specification',$,(#5410));
#5412=IFCRELDEFINESBYPROPERTIES('2Lt8xawNL0xREJ0ijCk9xO',#5,$,$,(#5393),#5411);
#5413=IFCPROPERTYSINGLEVALUE('DataStatus',$,IFCLABEL('Illustrative demo values \X2\2014\X0\ not the owner''s as-built register'),$);
#5414=IFCPROPERTYSINGLEVALUE('AssetOwner',$,IFCLABEL('Kiosk licensee under a municipal concession (demo)'),$);
#5415=IFCPROPERTYSINGLEVALUE('Manufacturer',$,IFCLABEL('Demo kiosk fabricator'),$);
#5416=IFCPROPERTYSINGLEVALUE('Model',$,IFCLABEL('Rambla newspaper kiosk, steel, 3.6 \X2\00D7\X0\ 2.3 m'),$);
#5417=IFCPROPERTYSINGLEVALUE('SerialNumber',$,IFCLABEL('BCN-KSK-RC-011'),$);
#5418=IFCPROPERTYSINGLEVALUE('LifecycleStatus',$,IFCLABEL('In service'),$);
#5419=IFCPROPERTYSINGLEVALUE('InstallationYear',$,IFCINTEGER(2008),$);
#5420=IFCPROPERTYSINGLEVALUE('LastInspection',$,IFCLABEL('2026-07-08'),$);
#5421=IFCPROPERTYSINGLEVALUE('InspectionInterval_months',$,IFCINTEGER(1),$);
#5422=IFCPROPERTYSINGLEVALUE('NextInspection',$,IFCLABEL('2026-08-08'),$);
#5423=IFCPROPERTYSINGLEVALUE('ConditionIndex_1to5',$,IFCINTEGER(5),$);
#5424=IFCPROPERTYSINGLEVALUE('WarrantyEnd',$,IFCLABEL('2018-12-31 (expired)'),$);
#5425=IFCPROPERTYSINGLEVALUE('MaintenanceContractor',$,IFCLABEL('Demo contractor \X2\2014\X0\ kiosk maintenance'),$);
#5426=IFCPROPERTYSINGLEVALUE('MaintenanceStrategy',$,IFCLABEL('Condition-based'),$);
#5427=IFCPROPERTYSINGLEVALUE('Note',$,IFCLABEL('Stock, not a fixed asset: values for illustration only'),$);
#5428=IFCPROPERTYSET('1sWsfYl756CxtdiCwUCVVL',#5,'Pset_CDE_AssetManagement (demo)',$,(#5413,#5414,#5415,#5416,#5417,#5418,#5419,#5420,#5421,#5422,#5423,#5424,#5425,#5426,#5427));
#5429=IFCRELDEFINESBYPROPERTIES('3u_TWHBzPB4emLHl7mYtGY',#5,$,$,(#5393),#5428);
#5430=IFCCARTESIANPOINT((0.,0.));
#5431=IFCDIRECTION((0.43993916985591486,-0.8980275757606158));
#5432=IFCAXIS2PLACEMENT2D(#5430,#5431);
#5433=IFCRECTANGLEPROFILEDEF(.AREA.,$,#5432,4.,2.77);
#5434=IFCCARTESIANPOINT((17.47856903484838,3.714602129055043,2.35));
#5435=IFCAXIS2PLACEMENT3D(#5434,$,$);
#5436=IFCDIRECTION((0.,0.,1.));
#5437=IFCEXTRUDEDAREASOLID(#5433,#5435,#5436,0.1);
#5438=IFCCARTESIANPOINT((15.426310977867729,4.8806368058798775,2.45));
#5439=IFCCARTESIANPOINT((17.142073740305797,1.3783292604134754,2.45));
#5440=IFCCARTESIANPOINT((19.53980736758664,2.5529668439287683,2.45));
#5441=IFCCARTESIANPOINT((17.824044605148572,6.055274389395169,2.45));
#5442=IFCCARTESIANPOINT((16.697379386203433,4.445452820270411,2.75));
#5443=IFCCARTESIANPOINT((17.577257725915263,2.6493976687491796,2.75));
#5444=IFCCARTESIANPOINT((18.268738959250935,2.988150829538234,2.75));
#5445=IFCCARTESIANPOINT((17.388860619539106,4.784205981059465,2.75));
#5446=IFCPOLYLOOP((#5441,#5440,#5439,#5438));
#5447=IFCFACEOUTERBOUND(#5446,.T.);
#5448=IFCFACE((#5447));
#5449=IFCPOLYLOOP((#5442,#5443,#5444,#5445));
#5450=IFCFACEOUTERBOUND(#5449,.T.);
#5451=IFCFACE((#5450));
#5452=IFCPOLYLOOP((#5438,#5439,#5443,#5442));
#5453=IFCFACEOUTERBOUND(#5452,.T.);
#5454=IFCFACE((#5453));
#5455=IFCPOLYLOOP((#5439,#5440,#5444,#5443));
#5456=IFCFACEOUTERBOUND(#5455,.T.);
#5457=IFCFACE((#5456));
#5458=IFCPOLYLOOP((#5440,#5441,#5445,#5444));
#5459=IFCFACEOUTERBOUND(#5458,.T.);
#5460=IFCFACE((#5459));
#5461=IFCPOLYLOOP((#5441,#5438,#5442,#5445));
#5462=IFCFACEOUTERBOUND(#5461,.T.);
#5463=IFCFACE((#5462));
#5464=IFCCLOSEDSHELL((#5448,#5451,#5454,#5457,#5460,#5463));
#5465=IFCFACETEDBREP(#5464);
#5466=IFCSTYLEDITEM(#5437,(#137),$);
#5467=IFCSTYLEDITEM(#5465,(#137),$);
#5468=IFCSHAPEREPRESENTATION(#16,'Body','SolidModel',(#5437,#5465));
#5469=IFCPRODUCTDEFINITIONSHAPE($,$,(#5468));
#5470=IFCLOCALPLACEMENT(#23,#13);
#5471=IFCROOF('3n$xKU5Rb27eXur1Cbkxco',#5,'Coberta del quiosc \X2\00B7\X0\ Kiosk roof',$,'Steel roof with overhang and low hipped cap',#5470,#5469,'RCAN-ROF-001',.FLAT_ROOF.);
#5472=IFCRELASSOCIATESMATERIAL('1w2hDe$296HOmCsrvnKSjD',#5,$,$,(#5471),#138);
#5473=IFCPROPERTYSINGLEVALUE('Reference',$,IFCLABEL('Steel roof with overhang and low hipped cap'),$);
#5474=IFCPROPERTYSINGLEVALUE('IsExternal',$,IFCBOOLEAN(.T.),$);
#5475=IFCPROPERTYSINGLEVALUE('Status',$,IFCLABEL('EXISTING'),$);
#5476=IFCPROPERTYSET('0R7mBsicHF3ft8F6FtIWzO',#5,'Pset_RoofCommon',$,(#5473,#5474,#5475));
#5477=IFCRELDEFINESBYPROPERTIES('23P3XIjwHF8QeiQ8RdY5GU',#5,$,$,(#5471),#5476);
#5478=IFCPROPERTYSINGLEVALUE('Material',$,IFCLABEL('Steel sheet, powder-coated RAL 6009 fir green'),$);
#5479=IFCPROPERTYSINGLEVALUE('Category',$,IFCLABEL('Steel'),$);
#5480=IFCPROPERTYSINGLEVALUE('MassDensity_kg_m3',$,IFCREAL(7850.),$);
#5481=IFCPROPERTYSET('0w1pREJNX8O8EYgQylkVNC',#5,'Pset_CDE_Material',$,(#5478,#5479,#5480));
#5482=IFCRELDEFINESBYPROPERTIES('1BBLBu13570vZQycVjB8_$',#5,$,$,(#5471),#5481);
#5483=IFCPROPERTYSINGLEVALUE('GeometrySource',$,IFCLABEL('Typical Rambla newspaper kiosk; position from OSM (ODbL), long axis along the Rambla tree row'),$);
#5484=IFCPROPERTYSINGLEVALUE('Confidence',$,IFCLABEL('Low'),$);
#5485=IFCPROPERTYSINGLEVALUE('Reference',$,IFCLABEL('OSM node 691591931 (shop=kiosk), way 306557217'),$);
#5486=IFCPROPERTYSET('1onbYSUMPDufEAwaqmqmR2',#5,'Pset_CDE_Provenance',$,(#5483,#5484,#5485));
#5487=IFCRELDEFINESBYPROPERTIES('0zRumdCePCFRfzI3dIOQfN',#5,$,$,(#5471),#5486);
#5488=IFCPROPERTYSINGLEVALUE('Overhang_mm',$,IFCINTEGER(250),$);
#5489=IFCPROPERTYSINGLEVALUE('Drainage',$,IFCLABEL('Edge drip, no gutter'),$);
#5490=IFCPROPERTYSET('0mh9eXosn1Cx1HjTv7HFlc',#5,'Pset_CDE_Specification',$,(#5488,#5489));
#5491=IFCRELDEFINESBYPROPERTIES('05lWv2mYr5Nw6uvtu_JhUm',#5,$,$,(#5471),#5490);
#5492=IFCPROPERTYSINGLEVALUE('DataStatus',$,IFCLABEL('Illustrative demo values \X2\2014\X0\ not the owner''s as-built register'),$);
#5493=IFCPROPERTYSINGLEVALUE('AssetOwner',$,IFCLABEL('Kiosk licensee under a municipal concession (demo)'),$);
#5494=IFCPROPERTYSINGLEVALUE('Manufacturer',$,IFCLABEL('Demo kiosk fabricator'),$);
#5495=IFCPROPERTYSINGLEVALUE('Model',$,IFCLABEL('Rambla newspaper kiosk, steel, 3.6 \X2\00D7\X0\ 2.3 m'),$);
#5496=IFCPROPERTYSINGLEVALUE('SerialNumber',$,IFCLABEL('BCN-KSK-RC-012'),$);
#5497=IFCPROPERTYSINGLEVALUE('LifecycleStatus',$,IFCLABEL('In service'),$);
#5498=IFCPROPERTYSINGLEVALUE('InstallationYear',$,IFCINTEGER(2008),$);
#5499=IFCPROPERTYSINGLEVALUE('LastInspection',$,IFCLABEL('2026-07-08'),$);
#5500=IFCPROPERTYSINGLEVALUE('InspectionInterval_months',$,IFCINTEGER(12),$);
#5501=IFCPROPERTYSINGLEVALUE('NextInspection',$,IFCLABEL('2027-07-08'),$);
#5502=IFCPROPERTYSINGLEVALUE('ConditionIndex_1to5',$,IFCINTEGER(4),$);
#5503=IFCPROPERTYSINGLEVALUE('WarrantyEnd',$,IFCLABEL('2018-12-31 (expired)'),$);
#5504=IFCPROPERTYSINGLEVALUE('MaintenanceContractor',$,IFCLABEL('Demo contractor \X2\2014\X0\ kiosk maintenance'),$);
#5505=IFCPROPERTYSINGLEVALUE('MaintenanceStrategy',$,IFCLABEL('Condition-based'),$);
#5506=IFCPROPERTYSET('31zBmtHsX5ze$ul$EYgNEN',#5,'Pset_CDE_AssetManagement (demo)',$,(#5492,#5493,#5494,#5495,#5496,#5497,#5498,#5499,#5500,#5501,#5502,#5503,#5504,#5505));
#5507=IFCRELDEFINESBYPROPERTIES('1adY_13Hr5IulYCYu2B18m',#5,$,$,(#5471),#5506);
#5508=IFCCARTESIANPOINT((16.74010645275215,5.301548257581078,-0.05));
#5509=IFCDIRECTION((0.4399391698559149,-0.8980275757606158,0.));
#5510=IFCDIRECTION((0.8980275757606158,0.4399391698559149,0.));
#5511=IFCAXIS2PLACEMENT3D(#5508,#5509,#5510);
#5512=IFCCARTESIANPOINT((-1.13,2.3));
#5513=IFCCARTESIANPOINT((-1.13,2.36));
#5514=IFCCARTESIANPOINT((-2.1,2.05));
#5515=IFCCARTESIANPOINT((-2.1,1.99));
#5516=IFCCARTESIANPOINT((-1.13,2.3));
#5517=IFCPOLYLINE((#5512,#5513,#5514,#5515,#5516));
#5518=IFCARBITRARYCLOSEDPROFILEDEF(.AREA.,$,#5517);
#5519=IFCDIRECTION((0.,0.,1.));
#5520=IFCEXTRUDEDAREASOLID(#5518,#5511,#5519,3.5);
#5521=IFCCARTESIANPOINT((0.,0.));
#5522=IFCDIRECTION((0.43993916985591486,-0.8980275757606158));
#5523=IFCAXIS2PLACEMENT2D(#5521,#5522);
#5524=IFCRECTANGLEPROFILEDEF(.AREA.,$,#5523,3.5,0.040000000000000036);
#5525=IFCCARTESIANPOINT((15.624142090902708,2.8061277433025786,1.75));
#5526=IFCAXIS2PLACEMENT3D(#5525,$,$);
#5527=IFCDIRECTION((0.,0.,1.));
#5528=IFCEXTRUDEDAREASOLID(#5524,#5526,#5527,0.25);
#5529=IFCSTYLEDITEM(#5520,(#155),$);
#5530=IFCSTYLEDITEM(#5528,(#155),$);
#5531=IFCSHAPEREPRESENTATION(#16,'Body','SweptSolid',(#5520,#5528));
#5532=IFCPRODUCTDEFINITIONSHAPE($,$,(#5531));
#5533=IFCLOCALPLACEMENT(#23,#13);
#5534=IFCSHADINGDEVICE('0BE5LU6yrDjwL9qH1v51SH',#5,'Tendal \X2\00B7\X0\ Awning',$,'Fixed acrylic awning with valance, over the counter',#5533,#5532,'RCAN-ELM-027',.AWNING.);
#5535=IFCRELASSOCIATESMATERIAL('3S5WBRZLX2DPsFciiAtT$x',#5,$,$,(#5534),#156);
#5536=IFCPROPERTYSINGLEVALUE('Material',$,IFCLABEL('Acrylic awning fabric, bottle green'),$);
#5537=IFCPROPERTYSINGLEVALUE('Category',$,IFCLABEL('Textile'),$);
#5538=IFCPROPERTYSINGLEVALUE('MassDensity_kg_m3',$,IFCREAL(300.),$);
#5539=IFCPROPERTYSET('3IbYjoea9319xBHC5opdIX',#5,'Pset_CDE_Material',$,(#5536,#5537,#5538));
#5540=IFCRELDEFINESBYPROPERTIES('32MF7kWEvEewp4noUDlJJ2',#5,$,$,(#5534),#5539);
#5541=IFCPROPERTYSINGLEVALUE('GeometrySource',$,IFCLABEL('Typical Rambla newspaper kiosk; position from OSM (ODbL), long axis along the Rambla tree row'),$);
#5542=IFCPROPERTYSINGLEVALUE('Confidence',$,IFCLABEL('Low'),$);
#5543=IFCPROPERTYSINGLEVALUE('Reference',$,IFCLABEL('OSM node 691591931 (shop=kiosk), way 306557217'),$);
#5544=IFCPROPERTYSET('1Qro7v3tPEM8beljOdAeL0',#5,'Pset_CDE_Provenance',$,(#5541,#5542,#5543));
#5545=IFCRELDEFINESBYPROPERTIES('2SnAsUaUHCy8KRENvrPw1F',#5,$,$,(#5534),#5544);
#5546=IFCPROPERTYSINGLEVALUE('Projection_mm',$,IFCINTEGER(970),$);
#5547=IFCPROPERTYSINGLEVALUE('Fabric',$,IFCLABEL('Solution-dyed acrylic 300 g/m\X2\00B2\X0\, flame-retardant M2'),$);
#5548=IFCPROPERTYSET('2BJuLjk6fB1fNmMcvyj0a7',#5,'Pset_CDE_Specification',$,(#5546,#5547));
#5549=IFCRELDEFINESBYPROPERTIES('281ZOm9_1CMAbyVfudU_ed',#5,$,$,(#5534),#5548);
#5550=IFCPROPERTYSINGLEVALUE('DataStatus',$,IFCLABEL('Illustrative demo values \X2\2014\X0\ not the owner''s as-built register'),$);
#5551=IFCPROPERTYSINGLEVALUE('AssetOwner',$,IFCLABEL('Kiosk licensee under a municipal concession (demo)'),$);
#5552=IFCPROPERTYSINGLEVALUE('Manufacturer',$,IFCLABEL('Demo kiosk fabricator'),$);
#5553=IFCPROPERTYSINGLEVALUE('Model',$,IFCLABEL('Rambla newspaper kiosk, steel, 3.6 \X2\00D7\X0\ 2.3 m'),$);
#5554=IFCPROPERTYSINGLEVALUE('SerialNumber',$,IFCLABEL('BCN-KSK-RC-013'),$);
#5555=IFCPROPERTYSINGLEVALUE('LifecycleStatus',$,IFCLABEL('In service'),$);
#5556=IFCPROPERTYSINGLEVALUE('InstallationYear',$,IFCINTEGER(2008),$);
#5557=IFCPROPERTYSINGLEVALUE('LastInspection',$,IFCLABEL('2026-07-08'),$);
#5558=IFCPROPERTYSINGLEVALUE('InspectionInterval_months',$,IFCINTEGER(12),$);
#5559=IFCPROPERTYSINGLEVALUE('NextInspection',$,IFCLABEL('2027-07-08'),$);
#5560=IFCPROPERTYSINGLEVALUE('ConditionIndex_1to5',$,IFCINTEGER(4),$);
#5561=IFCPROPERTYSINGLEVALUE('WarrantyEnd',$,IFCLABEL('2018-12-31 (expired)'),$);
#5562=IFCPROPERTYSINGLEVALUE('MaintenanceContractor',$,IFCLABEL('Demo contractor \X2\2014\X0\ kiosk maintenance'),$);
#5563=IFCPROPERTYSINGLEVALUE('MaintenanceStrategy',$,IFCLABEL('Condition-based'),$);
#5564=IFCPROPERTYSET('2pddcApAXAsg3pgh5c0Ws9',#5,'Pset_CDE_AssetManagement (demo)',$,(#5550,#5551,#5552,#5553,#5554,#5555,#5556,#5557,#5558,#5559,#5560,#5561,#5562,#5563));
#5565=IFCRELDEFINESBYPROPERTIES('1ygCmlRnD2EgtoZoHDtvzx',#5,$,$,(#5534),#5564);
#5566=IFCCARTESIANPOINT((0.,0.));
#5567=IFCDIRECTION((1.,0.));
#5568=IFCAXIS2PLACEMENT2D(#5566,#5567);
#5569=IFCCIRCLEPROFILEDEF(.AREA.,$,#5568,0.015);
#5570=IFCCARTESIANPOINT((15.809468211496743,4.700871585890691,1.9));
#5571=IFCDIRECTION((-0.8957454181303305,-0.43882115236909414,0.07124704998790976));
#5572=IFCDIRECTION((-0.4399391698559153,0.8980275757606155,0.));
#5573=IFCAXIS2PLACEMENT3D(#5570,#5571,#5572);
#5574=IFCDIRECTION((0.,0.,1.));
#5575=IFCEXTRUDEDAREASOLID(#5569,#5573,#5574,0.9824968193332732);
#5576=IFCCARTESIANPOINT((0.,0.));
#5577=IFCDIRECTION((1.,0.));
#5578=IFCAXIS2PLACEMENT2D(#5576,#5577);
#5579=IFCCIRCLEPROFILEDEF(.AREA.,$,#5578,0.015);
#5580=IFCCARTESIANPOINT((16.522169666663324,3.2460669131584936,1.9));
#5581=IFCDIRECTION((-0.8957454181303305,-0.43882115236909414,0.07124704998790976));
#5582=IFCDIRECTION((-0.4399391698559153,0.8980275757606155,0.));
#5583=IFCAXIS2PLACEMENT3D(#5580,#5581,#5582);
#5584=IFCDIRECTION((0.,0.,1.));
#5585=IFCEXTRUDEDAREASOLID(#5579,#5583,#5584,0.9824968193332732);
#5586=IFCCARTESIANPOINT((0.,0.));
#5587=IFCDIRECTION((1.,0.));
#5588=IFCAXIS2PLACEMENT2D(#5586,#5587);
#5589=IFCCIRCLEPROFILEDEF(.AREA.,$,#5588,0.015);
#5590=IFCCARTESIANPOINT((17.234871121829904,1.791262240426296,1.9));
#5591=IFCDIRECTION((-0.8957454181303305,-0.43882115236909414,0.07124704998790976));
#5592=IFCDIRECTION((-0.4399391698559153,0.8980275757606155,0.));
#5593=IFCAXIS2PLACEMENT3D(#5590,#5591,#5592);
#5594=IFCDIRECTION((0.,0.,1.));
#5595=IFCEXTRUDEDAREASOLID(#5589,#5593,#5594,0.9824968193332732);
#5596=IFCSTYLEDITEM(#5575,(#146),$);
#5597=IFCSTYLEDITEM(#5585,(#146),$);
#5598=IFCSTYLEDITEM(#5595,(#146),$);
#5599=IFCSHAPEREPRESENTATION(#16,'Body','SweptSolid',(#5575,#5585,#5595));
#5600=IFCPRODUCTDEFINITIONSHAPE($,$,(#5599));
#5601=IFCLOCALPLACEMENT(#23,#13);
#5602=IFCMEMBER('2wgT4nDhz2i8dj$4FkUpxI',#5,'Bra\X2\00E7\X0\os del tendal \X2\00B7\X0\ Awning arms',$,'Awning struts \X2\00D8\X0\30',#5601,#5600,'RCAN-MEM-007',.STRUT.);
#5603=IFCRELASSOCIATESMATERIAL('2M3ntZnLT69udaGQg3Glfv',#5,$,$,(#5602),#147);
#5604=IFCPROPERTYSINGLEVALUE('Reference',$,IFCLABEL('Awning struts \X2\00D8\X0\30'),$);
#5605=IFCPROPERTYSINGLEVALUE('IsExternal',$,IFCBOOLEAN(.T.),$);
#5606=IFCPROPERTYSINGLEVALUE('Status',$,IFCLABEL('EXISTING'),$);
#5607=IFCPROPERTYSET('37XTVFtQLBk8FrtdWaX6z3',#5,'Pset_MemberCommon',$,(#5604,#5605,#5606));
#5608=IFCRELDEFINESBYPROPERTIES('0ybb4P8vrFcfLvMy6LCueE',#5,$,$,(#5602),#5607);
#5609=IFCPROPERTYSINGLEVALUE('Material',$,IFCLABEL('Steel, powder-coated RAL 7021 black-grey'),$);
#5610=IFCPROPERTYSINGLEVALUE('Category',$,IFCLABEL('Steel'),$);
#5611=IFCPROPERTYSINGLEVALUE('MassDensity_kg_m3',$,IFCREAL(7850.),$);
#5612=IFCPROPERTYSET('2eNX2ssEjA_OpSZMagO$qD',#5,'Pset_CDE_Material',$,(#5609,#5610,#5611));
#5613=IFCRELDEFINESBYPROPERTIES('1sqp$JouP9sfgVrvHMpt_8',#5,$,$,(#5602),#5612);
#5614=IFCPROPERTYSINGLEVALUE('GeometrySource',$,IFCLABEL('Typical Rambla newspaper kiosk; position from OSM (ODbL), long axis along the Rambla tree row'),$);
#5615=IFCPROPERTYSINGLEVALUE('Confidence',$,IFCLABEL('Low'),$);
#5616=IFCPROPERTYSINGLEVALUE('Reference',$,IFCLABEL('OSM node 691591931 (shop=kiosk), way 306557217'),$);
#5617=IFCPROPERTYSET('1EeF4q2bD4YuXYp4aXKtzx',#5,'Pset_CDE_Provenance',$,(#5614,#5615,#5616));
#5618=IFCRELDEFINESBYPROPERTIES('3jiq98mHH5duEsX7g_M2zq',#5,$,$,(#5602),#5617);
#5619=IFCPROPERTYSINGLEVALUE('DataStatus',$,IFCLABEL('Illustrative demo values \X2\2014\X0\ not the owner''s as-built register'),$);
#5620=IFCPROPERTYSINGLEVALUE('AssetOwner',$,IFCLABEL('Kiosk licensee under a municipal concession (demo)'),$);
#5621=IFCPROPERTYSINGLEVALUE('Manufacturer',$,IFCLABEL('Demo kiosk fabricator'),$);
#5622=IFCPROPERTYSINGLEVALUE('Model',$,IFCLABEL('Rambla newspaper kiosk, steel, 3.6 \X2\00D7\X0\ 2.3 m'),$);
#5623=IFCPROPERTYSINGLEVALUE('SerialNumber',$,IFCLABEL('BCN-KSK-RC-014'),$);
#5624=IFCPROPERTYSINGLEVALUE('LifecycleStatus',$,IFCLABEL('In service'),$);
#5625=IFCPROPERTYSINGLEVALUE('InstallationYear',$,IFCINTEGER(2008),$);
#5626=IFCPROPERTYSINGLEVALUE('LastInspection',$,IFCLABEL('2026-07-08'),$);
#5627=IFCPROPERTYSINGLEVALUE('InspectionInterval_months',$,IFCINTEGER(24),$);
#5628=IFCPROPERTYSINGLEVALUE('NextInspection',$,IFCLABEL('2028-07-08'),$);
#5629=IFCPROPERTYSINGLEVALUE('ConditionIndex_1to5',$,IFCINTEGER(4),$);
#5630=IFCPROPERTYSINGLEVALUE('WarrantyEnd',$,IFCLABEL('2018-12-31 (expired)'),$);
#5631=IFCPROPERTYSINGLEVALUE('MaintenanceContractor',$,IFCLABEL('Demo contractor \X2\2014\X0\ kiosk maintenance'),$);
#5632=IFCPROPERTYSINGLEVALUE('MaintenanceStrategy',$,IFCLABEL('Condition-based'),$);
#5633=IFCPROPERTYSET('2IepE7e4PBBO$TnMSfd3ch',#5,'Pset_CDE_AssetManagement (demo)',$,(#5619,#5620,#5621,#5622,#5623,#5624,#5625,#5626,#5627,#5628,#5629,#5630,#5631,#5632));
#5634=IFCRELDEFINESBYPROPERTIES('0fw_dmbTTES93ZypIlJBZ$',#5,$,$,(#5602),#5633);
#5635=IFCCARTESIANPOINT((0.,0.));
#5636=IFCDIRECTION((0.43993916985591486,-0.8980275757606158));
#5637=IFCAXIS2PLACEMENT2D(#5635,#5636);
#5638=IFCRECTANGLEPROFILEDEF(.AREA.,$,#5637,2.4,0.020000000000000018);
#5639=IFCCARTESIANPOINT((16.4862485636329,3.228469346364257,2.0700000000000003));
#5640=IFCAXIS2PLACEMENT3D(#5639,$,$);
#5641=IFCDIRECTION((0.,0.,1.));
#5642=IFCEXTRUDEDAREASOLID(#5638,#5640,#5641,0.22);
#5643=IFCSTYLEDITEM(#5642,(#191),$);
#5644=IFCSHAPEREPRESENTATION(#16,'Body','SweptSolid',(#5642));
#5645=IFCPRODUCTDEFINITIONSHAPE($,$,(#5644));
#5646=IFCLOCALPLACEMENT(#23,#13);
#5647=IFCSIGN('0YOzSxyiX2JB4ZWCbwKyw0',#5,'R\X2\00E8\X0\tol \X2\00AB\X0\PREMSA\X2\00BB\X0\ \X2\00B7\X0\ Fascia sign',$,'Back-lit fascia sign (text illustrative)',#5646,#5645,'RCAN-ELM-028',.PICTORAL.);
#5648=IFCRELASSOCIATESMATERIAL('2ihajYl2nB8gPUqX0MonVJ',#5,$,$,(#5647),#192);
#5649=IFCPROPERTYSINGLEVALUE('Material',$,IFCLABEL('Opal acrylic sign face, white'),$);
#5650=IFCPROPERTYSINGLEVALUE('Category',$,IFCLABEL('Plastic'),$);
#5651=IFCPROPERTYSINGLEVALUE('MassDensity_kg_m3',$,IFCREAL(1190.),$);
#5652=IFCPROPERTYSET('2YlDqanzLAlAilRWctMGpy',#5,'Pset_CDE_Material',$,(#5649,#5650,#5651));
#5653=IFCRELDEFINESBYPROPERTIES('3iBXL3yA99vQOAcVBc$37Q',#5,$,$,(#5647),#5652);
#5654=IFCPROPERTYSINGLEVALUE('GeometrySource',$,IFCLABEL('Typical Rambla newspaper kiosk; position from OSM (ODbL), long axis along the Rambla tree row'),$);
#5655=IFCPROPERTYSINGLEVALUE('Confidence',$,IFCLABEL('Low'),$);
#5656=IFCPROPERTYSINGLEVALUE('Reference',$,IFCLABEL('OSM node 691591931 (shop=kiosk), way 306557217'),$);
#5657=IFCPROPERTYSET('1fTP1_dJH84hItvpcJQ6TS',#5,'Pset_CDE_Provenance',$,(#5654,#5655,#5656));
#5658=IFCRELDEFINESBYPROPERTIES('2IoEzd4YP0dRQYJDWPFJfX',#5,$,$,(#5647),#5657);
#5659=IFCPROPERTYSINGLEVALUE('Text',$,IFCLABEL('PREMSA \X2\00B7\X0\ PRENSA \X2\00B7\X0\ PRESS (illustrative)'),$);
#5660=IFCPROPERTYSET('3RYMYG72T3Z94bsxzWSuDY',#5,'Pset_CDE_Specification',$,(#5659));
#5661=IFCRELDEFINESBYPROPERTIES('3maF4tHaj9DQCPUQxDo1JP',#5,$,$,(#5647),#5660);
#5662=IFCPROPERTYSINGLEVALUE('DataStatus',$,IFCLABEL('Illustrative demo values \X2\2014\X0\ not the owner''s as-built register'),$);
#5663=IFCPROPERTYSINGLEVALUE('AssetOwner',$,IFCLABEL('Kiosk licensee under a municipal concession (demo)'),$);
#5664=IFCPROPERTYSINGLEVALUE('Manufacturer',$,IFCLABEL('Demo kiosk fabricator'),$);
#5665=IFCPROPERTYSINGLEVALUE('Model',$,IFCLABEL('Rambla newspaper kiosk, steel, 3.6 \X2\00D7\X0\ 2.3 m'),$);
#5666=IFCPROPERTYSINGLEVALUE('SerialNumber',$,IFCLABEL('BCN-KSK-RC-015'),$);
#5667=IFCPROPERTYSINGLEVALUE('LifecycleStatus',$,IFCLABEL('In service'),$);
#5668=IFCPROPERTYSINGLEVALUE('InstallationYear',$,IFCINTEGER(2008),$);
#5669=IFCPROPERTYSINGLEVALUE('LastInspection',$,IFCLABEL('2026-07-08'),$);
#5670=IFCPROPERTYSINGLEVALUE('InspectionInterval_months',$,IFCINTEGER(12),$);
#5671=IFCPROPERTYSINGLEVALUE('NextInspection',$,IFCLABEL('2027-07-08'),$);
#5672=IFCPROPERTYSINGLEVALUE('ConditionIndex_1to5',$,IFCINTEGER(5),$);
#5673=IFCPROPERTYSINGLEVALUE('WarrantyEnd',$,IFCLABEL('2018-12-31 (expired)'),$);
#5674=IFCPROPERTYSINGLEVALUE('MaintenanceContractor',$,IFCLABEL('Demo contractor \X2\2014\X0\ kiosk maintenance'),$);
#5675=IFCPROPERTYSINGLEVALUE('MaintenanceStrategy',$,IFCLABEL('Condition-based'),$);
#5676=IFCPROPERTYSET('3C6R6PWf10LOjao0R9heI0',#5,'Pset_CDE_AssetManagement (demo)',$,(#5662,#5663,#5664,#5665,#5666,#5667,#5668,#5669,#5670,#5671,#5672,#5673,#5674,#5675));
#5677=IFCRELDEFINESBYPROPERTIES('0xdb8WpL9DYw5IAidpuj2O',#5,$,$,(#5647),#5676);
#5678=IFCCARTESIANPOINT((0.,0.));
#5679=IFCDIRECTION((0.43993916985591486,-0.8980275757606158));
#5680=IFCAXIS2PLACEMENT2D(#5678,#5679);
#5681=IFCRECTANGLEPROFILEDEF(.AREA.,$,#5680,3.,0.07000000000000006);
#5682=IFCCARTESIANPOINT((16.418896495450852,3.1954739086250634,2.1900000000000004));
#5683=IFCAXIS2PLACEMENT3D(#5682,$,$);
#5684=IFCDIRECTION((0.,0.,1.));
#5685=IFCEXTRUDEDAREASOLID(#5681,#5683,#5684,0.03);
#5686=IFCSTYLEDITEM(#5685,(#83),$);
#5687=IFCSHAPEREPRESENTATION(#16,'Body','SweptSolid',(#5685));
#5688=IFCPRODUCTDEFINITIONSHAPE($,$,(#5687));
#5689=IFCLOCALPLACEMENT(#23,#13);
#5690=IFCLIGHTFIXTURE('2Jkwd4m0jC58NxQBJD2A2_',#5,'Llumin\X2\00E0\X0\ria del tendal \X2\00B7\X0\ Awning light',$,'LED strip 36 W under the awning',#5689,#5688,'RCAN-LGT-005',.DIRECTIONSOURCE.);
#5691=IFCRELASSOCIATESMATERIAL('2vmu2GAI95XB$sOmmgSZGV',#5,$,$,(#5690),#84);
#5692=IFCPROPERTYSINGLEVALUE('Reference',$,IFCLABEL('LED strip 36 W under the awning'),$);
#5693=IFCPROPERTYSINGLEVALUE('Status',$,IFCLABEL('EXISTING'),$);
#5694=IFCPROPERTYSET('251bpdpkn7WQSHuda6bLNY',#5,'Pset_LightFixtureTypeCommon',$,(#5692,#5693));
#5695=IFCRELDEFINESBYPROPERTIES('1JIRxfgTzCQvFiCCP$F7S8',#5,$,$,(#5690),#5694);
#5696=IFCPROPERTYSINGLEVALUE('Material',$,IFCLABEL('LED lamp, warm white diffuser'),$);
#5697=IFCPROPERTYSINGLEVALUE('Category',$,IFCLABEL('Plastic'),$);
#5698=IFCPROPERTYSINGLEVALUE('MassDensity_kg_m3',$,IFCREAL(1200.),$);
#5699=IFCPROPERTYSET('0oM3WKibj7bO9FOy1bZ3Ng',#5,'Pset_CDE_Material',$,(#5696,#5697,#5698));
#5700=IFCRELDEFINESBYPROPERTIES('07yMV6BiT4hwx6klbCI2dJ',#5,$,$,(#5690),#5699);
#5701=IFCPROPERTYSINGLEVALUE('GeometrySource',$,IFCLABEL('Typical Rambla newspaper kiosk; position from OSM (ODbL), long axis along the Rambla tree row'),$);
#5702=IFCPROPERTYSINGLEVALUE('Confidence',$,IFCLABEL('Low'),$);
#5703=IFCPROPERTYSINGLEVALUE('Reference',$,IFCLABEL('OSM node 691591931 (shop=kiosk), way 306557217'),$);
#5704=IFCPROPERTYSET('1KZhMLzmjBcRLck0GhwiIy',#5,'Pset_CDE_Provenance',$,(#5701,#5702,#5703));
#5705=IFCRELDEFINESBYPROPERTIES('2ogaITTuD6BgtNeZ4JHNLi',#5,$,$,(#5690),#5704);
#5706=IFCPROPERTYSINGLEVALUE('Power_W',$,IFCINTEGER(36),$);
#5707=IFCPROPERTYSET('1F_PCUgBTDXh_lt0XQmh2z',#5,'Pset_CDE_Specification',$,(#5706));
#5708=IFCRELDEFINESBYPROPERTIES('1ABDMoI8j5rQYCDcw9kKOF',#5,$,$,(#5690),#5707);
#5709=IFCPROPERTYSINGLEVALUE('DataStatus',$,IFCLABEL('Illustrative demo values \X2\2014\X0\ not the owner''s as-built register'),$);
#5710=IFCPROPERTYSINGLEVALUE('AssetOwner',$,IFCLABEL('Kiosk licensee under a municipal concession (demo)'),$);
#5711=IFCPROPERTYSINGLEVALUE('Manufacturer',$,IFCLABEL('Demo kiosk fabricator'),$);
#5712=IFCPROPERTYSINGLEVALUE('Model',$,IFCLABEL('Rambla newspaper kiosk, steel, 3.6 \X2\00D7\X0\ 2.3 m'),$);
#5713=IFCPROPERTYSINGLEVALUE('SerialNumber',$,IFCLABEL('BCN-KSK-RC-016'),$);
#5714=IFCPROPERTYSINGLEVALUE('LifecycleStatus',$,IFCLABEL('In service'),$);
#5715=IFCPROPERTYSINGLEVALUE('InstallationYear',$,IFCINTEGER(2008),$);
#5716=IFCPROPERTYSINGLEVALUE('LastInspection',$,IFCLABEL('2026-07-08'),$);
#5717=IFCPROPERTYSINGLEVALUE('InspectionInterval_months',$,IFCINTEGER(12),$);
#5718=IFCPROPERTYSINGLEVALUE('NextInspection',$,IFCLABEL('2027-07-08'),$);
#5719=IFCPROPERTYSINGLEVALUE('ConditionIndex_1to5',$,IFCINTEGER(5),$);
#5720=IFCPROPERTYSINGLEVALUE('WarrantyEnd',$,IFCLABEL('2018-12-31 (expired)'),$);
#5721=IFCPROPERTYSINGLEVALUE('MaintenanceContractor',$,IFCLABEL('Demo contractor \X2\2014\X0\ kiosk maintenance'),$);
#5722=IFCPROPERTYSINGLEVALUE('MaintenanceStrategy',$,IFCLABEL('Condition-based'),$);
#5723=IFCPROPERTYSET('34Xenwjjn7iPTHPBMyOKon',#5,'Pset_CDE_AssetManagement (demo)',$,(#5709,#5710,#5711,#5712,#5713,#5714,#5715,#5716,#5717,#5718,#5719,#5720,#5721,#5722));
#5724=IFCRELDEFINESBYPROPERTIES('0xAJGYrsfCP8Pt70yYDQn_',#5,$,$,(#5690),#5723);
#5725=IFCCARTESIANPOINT((0.,0.));
#5726=IFCDIRECTION((0.43993916985591486,-0.8980275757606158));
#5727=IFCAXIS2PLACEMENT2D(#5725,#5726);
#5728=IFCRECTANGLEPROFILEDEF(.AREA.,$,#5727,0.8,0.029999999999999805);
#5729=IFCCARTESIANPOINT((18.511300746973088,4.220532174389345,0.09000000000000001));
#5730=IFCAXIS2PLACEMENT3D(#5729,$,$);
#5731=IFCDIRECTION((0.,0.,1.));
#5732=IFCEXTRUDEDAREASOLID(#5728,#5730,#5731,1.96);
#5733=IFCSTYLEDITEM(#5732,(#137),$);
#5734=IFCSHAPEREPRESENTATION(#16,'Body','SweptSolid',(#5732));
#5735=IFCPRODUCTDEFINITIONSHAPE($,$,(#5734));
#5736=IFCLOCALPLACEMENT(#23,#13);
#5737=IFCDOOR('2rnAe7yqXClPIIxOBdGVig',#5,'Porta posterior \X2\00B7\X0\ Rear door',$,'Steel door 800 \X2\00D7\X0\ 1 960 with multipoint lock',#5736,#5735,'RCAN-DOR-001',1.96,0.8,.DOOR.,.SINGLE_SWING_LEFT.,$);
#5738=IFCRELASSOCIATESMATERIAL('3m3qeoHET2HgleZRIFeT71',#5,$,$,(#5737),#138);
#5739=IFCPROPERTYSINGLEVALUE('Reference',$,IFCLABEL('Steel door 800 \X2\00D7\X0\ 1 960 with multipoint lock'),$);
#5740=IFCPROPERTYSINGLEVALUE('IsExternal',$,IFCBOOLEAN(.T.),$);
#5741=IFCPROPERTYSINGLEVALUE('Status',$,IFCLABEL('EXISTING'),$);
#5742=IFCPROPERTYSET('21ACVmyh96jP7jNVSkqnTV',#5,'Pset_DoorCommon',$,(#5739,#5740,#5741));
#5743=IFCRELDEFINESBYPROPERTIES('0S_S5xVt56uvOY7raSHhGP',#5,$,$,(#5737),#5742);
#5744=IFCPROPERTYSINGLEVALUE('Material',$,IFCLABEL('Steel sheet, powder-coated RAL 6009 fir green'),$);
#5745=IFCPROPERTYSINGLEVALUE('Category',$,IFCLABEL('Steel'),$);
#5746=IFCPROPERTYSINGLEVALUE('MassDensity_kg_m3',$,IFCREAL(7850.),$);
#5747=IFCPROPERTYSET('36TeznoHj4ghqPXL4KEhIU',#5,'Pset_CDE_Material',$,(#5744,#5745,#5746));
#5748=IFCRELDEFINESBYPROPERTIES('2AY8s5om109gso$RkrDB3y',#5,$,$,(#5737),#5747);
#5749=IFCPROPERTYSINGLEVALUE('GeometrySource',$,IFCLABEL('Typical Rambla newspaper kiosk; position from OSM (ODbL), long axis along the Rambla tree row'),$);
#5750=IFCPROPERTYSINGLEVALUE('Confidence',$,IFCLABEL('Low'),$);
#5751=IFCPROPERTYSINGLEVALUE('Reference',$,IFCLABEL('OSM node 691591931 (shop=kiosk), way 306557217'),$);
#5752=IFCPROPERTYSET('3F$CTj35T5NQ561YOLC5MS',#5,'Pset_CDE_Provenance',$,(#5749,#5750,#5751));
#5753=IFCRELDEFINESBYPROPERTIES('223iZCqCX7bB5qy5u0f6Gh',#5,$,$,(#5737),#5752);
#5754=IFCPROPERTYSINGLEVALUE('DataStatus',$,IFCLABEL('Illustrative demo values \X2\2014\X0\ not the owner''s as-built register'),$);
#5755=IFCPROPERTYSINGLEVALUE('AssetOwner',$,IFCLABEL('Kiosk licensee under a municipal concession (demo)'),$);
#5756=IFCPROPERTYSINGLEVALUE('Manufacturer',$,IFCLABEL('Demo kiosk fabricator'),$);
#5757=IFCPROPERTYSINGLEVALUE('Model',$,IFCLABEL('Rambla newspaper kiosk, steel, 3.6 \X2\00D7\X0\ 2.3 m'),$);
#5758=IFCPROPERTYSINGLEVALUE('SerialNumber',$,IFCLABEL('BCN-KSK-RC-017'),$);
#5759=IFCPROPERTYSINGLEVALUE('LifecycleStatus',$,IFCLABEL('In service'),$);
#5760=IFCPROPERTYSINGLEVALUE('InstallationYear',$,IFCINTEGER(2008),$);
#5761=IFCPROPERTYSINGLEVALUE('LastInspection',$,IFCLABEL('2026-07-08'),$);
#5762=IFCPROPERTYSINGLEVALUE('InspectionInterval_months',$,IFCINTEGER(12),$);
#5763=IFCPROPERTYSINGLEVALUE('NextInspection',$,IFCLABEL('2027-07-08'),$);
#5764=IFCPROPERTYSINGLEVALUE('ConditionIndex_1to5',$,IFCINTEGER(4),$);
#5765=IFCPROPERTYSINGLEVALUE('WarrantyEnd',$,IFCLABEL('2018-12-31 (expired)'),$);
#5766=IFCPROPERTYSINGLEVALUE('MaintenanceContractor',$,IFCLABEL('Demo contractor \X2\2014\X0\ kiosk maintenance'),$);
#5767=IFCPROPERTYSINGLEVALUE('MaintenanceStrategy',$,IFCLABEL('Condition-based'),$);
#5768=IFCPROPERTYSET('2bwUW8j3v31hI6pYp4F3EE',#5,'Pset_CDE_AssetManagement (demo)',$,(#5754,#5755,#5756,#5757,#5758,#5759,#5760,#5761,#5762,#5763,#5764,#5765,#5766,#5767));
#5769=IFCRELDEFINESBYPROPERTIES('1W4FqnfyjCl9T2B0PPdBt2',#5,$,$,(#5737),#5768);
#5770=IFCCARTESIANPOINT((0.,0.));
#5771=IFCDIRECTION((0.43993916985591486,-0.8980275757606158));
#5772=IFCAXIS2PLACEMENT2D(#5770,#5771);
#5773=IFCRECTANGLEPROFILEDEF(.AREA.,$,#5772,0.40000000000000013,0.17999999999999994);
#5774=IFCCARTESIANPOINT((19.17257069446062,3.0411903848517072,0.09000000000000001));
#5775=IFCAXIS2PLACEMENT3D(#5774,$,$);
#5776=IFCDIRECTION((0.,0.,1.));
#5777=IFCEXTRUDEDAREASOLID(#5773,#5775,#5776,0.85);
#5778=IFCSTYLEDITEM(#5777,(#146),$);
#5779=IFCSHAPEREPRESENTATION(#16,'Body','SweptSolid',(#5777));
#5780=IFCPRODUCTDEFINITIONSHAPE($,$,(#5779));
#5781=IFCLOCALPLACEMENT(#23,#13);
#5782=IFCELECTRICDISTRIBUTIONBOARD('2xjZpJBmz83f1qrYcOGpU8',#5,'Quadre el\X2\00E8\X0\ctric \X2\00B7\X0\ Service board',$,'Supply pillar with meter and RCD, 5.75 kW',#5781,#5780,'RCAN-ELM-029',.DISTRIBUTIONBOARD.);
#5783=IFCRELASSOCIATESMATERIAL('2$W8AW5ALBQ81EMipaO4Qq',#5,$,$,(#5782),#147);
#5784=IFCPROPERTYSINGLEVALUE('Material',$,IFCLABEL('Steel, powder-coated RAL 7021 black-grey'),$);
#5785=IFCPROPERTYSINGLEVALUE('Category',$,IFCLABEL('Steel'),$);
#5786=IFCPROPERTYSINGLEVALUE('MassDensity_kg_m3',$,IFCREAL(7850.),$);
#5787=IFCPROPERTYSET('2EVzalFnT46BmbDFY6q5O3',#5,'Pset_CDE_Material',$,(#5784,#5785,#5786));
#5788=IFCRELDEFINESBYPROPERTIES('31AOIeLo9F7gTEjSVuoMwn',#5,$,$,(#5782),#5787);
#5789=IFCPROPERTYSINGLEVALUE('GeometrySource',$,IFCLABEL('Typical Rambla newspaper kiosk; position from OSM (ODbL), long axis along the Rambla tree row'),$);
#5790=IFCPROPERTYSINGLEVALUE('Confidence',$,IFCLABEL('Low'),$);
#5791=IFCPROPERTYSINGLEVALUE('Reference',$,IFCLABEL('OSM node 691591931 (shop=kiosk), way 306557217'),$);
#5792=IFCPROPERTYSET('1rIBXSZln6EQ0VS2BX261f',#5,'Pset_CDE_Provenance',$,(#5789,#5790,#5791));
#5793=IFCRELDEFINESBYPROPERTIES('2qBJ6PODD4J9QRTLhQHw6I',#5,$,$,(#5782),#5792);
#5794=IFCPROPERTYSINGLEVALUE('ContractedPower_kW',$,IFCREAL(5.75),$);
#5795=IFCPROPERTYSINGLEVALUE('Supply',$,IFCLABEL('Single-phase 230 V from the street-lighting network (demo)'),$);
#5796=IFCPROPERTYSET('1FoxbTE6bELRp5gm2VFtiC',#5,'Pset_CDE_Specification',$,(#5794,#5795));
#5797=IFCRELDEFINESBYPROPERTIES('16kPnItwLEdQBtb6GaUCn9',#5,$,$,(#5782),#5796);
#5798=IFCPROPERTYSINGLEVALUE('DataStatus',$,IFCLABEL('Illustrative demo values \X2\2014\X0\ not the owner''s as-built register'),$);
#5799=IFCPROPERTYSINGLEVALUE('AssetOwner',$,IFCLABEL('Kiosk licensee under a municipal concession (demo)'),$);
#5800=IFCPROPERTYSINGLEVALUE('Manufacturer',$,IFCLABEL('Demo switchgear maker'),$);
#5801=IFCPROPERTYSINGLEVALUE('Model',$,IFCLABEL('Outdoor pillar IP55'),$);
#5802=IFCPROPERTYSINGLEVALUE('SerialNumber',$,IFCLABEL('BCN-KSK-RC-018'),$);
#5803=IFCPROPERTYSINGLEVALUE('LifecycleStatus',$,IFCLABEL('In service'),$);
#5804=IFCPROPERTYSINGLEVALUE('InstallationYear',$,IFCINTEGER(2008),$);
#5805=IFCPROPERTYSINGLEVALUE('LastInspection',$,IFCLABEL('2026-07-08'),$);
#5806=IFCPROPERTYSINGLEVALUE('InspectionInterval_months',$,IFCINTEGER(12),$);
#5807=IFCPROPERTYSINGLEVALUE('NextInspection',$,IFCLABEL('2027-07-08'),$);
#5808=IFCPROPERTYSINGLEVALUE('ConditionIndex_1to5',$,IFCINTEGER(4),$);
#5809=IFCPROPERTYSINGLEVALUE('WarrantyEnd',$,IFCLABEL('2018-12-31 (expired)'),$);
#5810=IFCPROPERTYSINGLEVALUE('MaintenanceContractor',$,IFCLABEL('Demo contractor \X2\2014\X0\ kiosk maintenance'),$);
#5811=IFCPROPERTYSINGLEVALUE('MaintenanceStrategy',$,IFCLABEL('Condition-based'),$);
#5812=IFCPROPERTYSET('2io27Dhh98BwAgT6Of8apz',#5,'Pset_CDE_AssetManagement (demo)',$,(#5798,#5799,#5800,#5801,#5802,#5803,#5804,#5805,#5806,#5807,#5808,#5809,#5810,#5811));
#5813=IFCRELDEFINESBYPROPERTIES('2nX_OrYVT7m8KEE2elH_Q$',#5,$,$,(#5782),#5812);
#5814=IFCCARTESIANPOINT((0.,0.));
#5815=IFCDIRECTION((0.43993916985591486,-0.8980275757606158));
#5816=IFCAXIS2PLACEMENT2D(#5814,#5815);
#5817=IFCRECTANGLEPROFILEDEF(.AREA.,$,#5816,4.7,4.2);
#5818=IFCCARTESIANPOINT((17.150788969695757,3.554024332057634,-0.12000000000000001));
#5819=IFCAXIS2PLACEMENT3D(#5818,$,$);
#5820=IFCDIRECTION((0.,0.,1.));
#5821=IFCEXTRUDEDAREASOLID(#5817,#5819,#5820,0.1);
#5822=IFCSTYLEDITEM(#5821,(#65),$);
#5823=IFCSHAPEREPRESENTATION(#16,'Body','SweptSolid',(#5821));
#5824=IFCPRODUCTDEFINITIONSHAPE($,$,(#5823));
#5825=IFCLOCALPLACEMENT(#23,#13);
#5826=IFCSLAB('0zs$pGGOv5OwzTAFVuueMG',#5,'Paviment de la Rambla \X2\00B7\X0\ Paving patch (kiosk)',$,'Rambla wave-pattern terrazzo over the cut-out (covers the mesh where this model replaces it)',#5825,#5824,'RCAN-SLB-004',.PAVING.);
#5827=IFCRELASSOCIATESMATERIAL('0fKDT2WS99QRpQg5ytFHv1',#5,$,$,(#5826),#66);
#5828=IFCPROPERTYSINGLEVALUE('Reference',$,IFCLABEL('Rambla wave-pattern terrazzo over the cut-out (covers the mesh where this model replaces it)'),$);
#5829=IFCPROPERTYSINGLEVALUE('IsExternal',$,IFCBOOLEAN(.T.),$);
#5830=IFCPROPERTYSINGLEVALUE('LoadBearing',$,IFCBOOLEAN(.F.),$);
#5831=IFCPROPERTYSINGLEVALUE('Status',$,IFCLABEL('EXISTING'),$);
#5832=IFCPROPERTYSET('1Emy$DIS5AdO1gTCYEF3Qt',#5,'Pset_SlabCommon',$,(#5828,#5829,#5830,#5831));
#5833=IFCRELDEFINESBYPROPERTIES('0srfO4WpX2BxT3FaiuH33I',#5,$,$,(#5826),#5832);
#5834=IFCPROPERTYSINGLEVALUE('Material',$,IFCLABEL('Hydraulic terrazzo paving, Rambla wave pattern'),$);
#5835=IFCPROPERTYSINGLEVALUE('Category',$,IFCLABEL('Concrete'),$);
#5836=IFCPROPERTYSINGLEVALUE('Description',$,IFCLABEL('The Rambla''s undulating paving: grey, white and ochre'),$);
#5837=IFCPROPERTYSINGLEVALUE('MassDensity_kg_m3',$,IFCREAL(2300.),$);
#5838=IFCPROPERTYSET('3$Dp_BsiT89RzVJcvDP1im',#5,'Pset_CDE_Material',$,(#5834,#5835,#5836,#5837));
#5839=IFCRELDEFINESBYPROPERTIES('1PVVJOObvB9PetZmlnb3xF',#5,$,$,(#5826),#5838);
#5840=IFCPROPERTYSINGLEVALUE('GeometrySource',$,IFCLABEL('Rambla geometry from OSM (ODbL); pavement level from the ICGC 3D mesh'),$);
#5841=IFCPROPERTYSINGLEVALUE('Confidence',$,IFCLABEL('Medium'),$);
#5842=IFCPROPERTYSINGLEVALUE('Reference',$,IFCLABEL('OSM ways 545937950, 1360091606, 920602948, 306557216, 306557217; ICGC Barcelona mesh'),$);
#5843=IFCPROPERTYSET('1iSwS9B9D8ReFduYI7U$Mc',#5,'Pset_CDE_Provenance',$,(#5840,#5841,#5842));
#5844=IFCRELDEFINESBYPROPERTIES('3l$ypdSTn9Kho19$Nz5Ckb',#5,$,$,(#5826),#5843);
#5845=IFCPROPERTYSINGLEVALUE('Purpose',$,IFCLABEL('Visual: replaces the photogrammetric ground under modelled objects'),$);
#5846=IFCPROPERTYSINGLEVALUE('Pattern',$,IFCLABEL('Undulating \X2\00AB\X0\ones\X2\00BB\X0\ terrazzo, 3 colours'),$);
#5847=IFCPROPERTYSINGLEVALUE('Thickness_mm',$,IFCINTEGER(60),$);
#5848=IFCPROPERTYSINGLEVALUE('Bedding',$,IFCLABEL('Mortar on concrete base'),$);
#5849=IFCPROPERTYSET('2_muOe2B90avy2f5h69UHS',#5,'Pset_CDE_Specification',$,(#5845,#5846,#5847,#5848));
#5850=IFCRELDEFINESBYPROPERTIES('2QhvHT5Pz5FvdjEL_gFoeY',#5,$,$,(#5826),#5849);
#5851=IFCPROPERTYSINGLEVALUE('DataStatus',$,IFCLABEL('Illustrative demo values \X2\2014\X0\ not the owner''s as-built register'),$);
#5852=IFCPROPERTYSINGLEVALUE('AssetOwner',$,IFCLABEL('Ajuntament de Barcelona (operator per OSM; register values are demo)'),$);
#5853=IFCPROPERTYSINGLEVALUE('Manufacturer',$,IFCLABEL('Demo terrazzo manufacturer'),$);
#5854=IFCPROPERTYSINGLEVALUE('Model',$,IFCLABEL('Hydraulic terrazzo 40\X2\00D7\X0\40, Rambla wave'),$);
#5855=IFCPROPERTYSINGLEVALUE('SerialNumber',$,IFCLABEL('BCN-PAV-RC-002'),$);
#5856=IFCPROPERTYSINGLEVALUE('LifecycleStatus',$,IFCLABEL('In service'),$);
#5857=IFCPROPERTYSINGLEVALUE('InstallationYear',$,IFCINTEGER(2020),$);
#5858=IFCPROPERTYSINGLEVALUE('LastInspection',$,IFCLABEL('2026-07-08'),$);
#5859=IFCPROPERTYSINGLEVALUE('InspectionInterval_months',$,IFCINTEGER(12),$);
#5860=IFCPROPERTYSINGLEVALUE('NextInspection',$,IFCLABEL('2027-07-08'),$);
#5861=IFCPROPERTYSINGLEVALUE('ConditionIndex_1to5',$,IFCINTEGER(4),$);
#5862=IFCPROPERTYSINGLEVALUE('WarrantyEnd',$,IFCLABEL('2030-12-31'),$);
#5863=IFCPROPERTYSINGLEVALUE('MaintenanceContractor',$,IFCLABEL('Demo contractor \X2\2014\X0\ street furniture and paving'),$);
#5864=IFCPROPERTYSINGLEVALUE('MaintenanceStrategy',$,IFCLABEL('Condition-based'),$);
#5865=IFCPROPERTYSET('2rynKhpyv3wwFLq20Jp5Xd',#5,'Pset_CDE_AssetManagement (demo)',$,(#5851,#5852,#5853,#5854,#5855,#5856,#5857,#5858,#5859,#5860,#5861,#5862,#5863,#5864));
#5866=IFCRELDEFINESBYPROPERTIES('2QQ79ueR55gR5SfKah9OTS',#5,$,$,(#5826),#5865);
#5867=IFCLOCALPLACEMENT(#23,#13);
#5868=IFCELEMENTASSEMBLY('0ddD9tFrrF4vYWAvjimYlO',#5,'Mobiliari urb\X2\00E0\X0\ \X2\00B7\X0\ Street furniture',$,'Street furniture',#5867,$,'RCAN-ASM-005',.NOTDEFINED.,.USERDEFINED.);
#5869=IFCPROPERTYSINGLEVALUE('DataStatus',$,IFCLABEL('Illustrative demo values \X2\2014\X0\ not the owner''s as-built register'),$);
#5870=IFCPROPERTYSINGLEVALUE('AssetOwner',$,IFCLABEL('Ajuntament de Barcelona (operator per OSM; register values are demo)'),$);
#5871=IFCPROPERTYSINGLEVALUE('Manufacturer',$,IFCLABEL('Demo street-furniture maker'),$);
#5872=IFCPROPERTYSINGLEVALUE('Model',$,IFCLABEL('Barcelona standard range'),$);
#5873=IFCPROPERTYSINGLEVALUE('SerialNumber',$,IFCLABEL('BCN-MOB-RC-001'),$);
#5874=IFCPROPERTYSINGLEVALUE('LifecycleStatus',$,IFCLABEL('In service'),$);
#5875=IFCPROPERTYSINGLEVALUE('InstallationYear',$,IFCINTEGER(2016),$);
#5876=IFCPROPERTYSINGLEVALUE('LastInspection',$,IFCLABEL('2026-07-08'),$);
#5877=IFCPROPERTYSINGLEVALUE('InspectionInterval_months',$,IFCINTEGER(12),$);
#5878=IFCPROPERTYSINGLEVALUE('NextInspection',$,IFCLABEL('2027-07-08'),$);
#5879=IFCPROPERTYSINGLEVALUE('ConditionIndex_1to5',$,IFCINTEGER(4),$);
#5880=IFCPROPERTYSINGLEVALUE('WarrantyEnd',$,IFCLABEL('2021-12-31 (expired)'),$);
#5881=IFCPROPERTYSINGLEVALUE('MaintenanceContractor',$,IFCLABEL('Demo contractor \X2\2014\X0\ street furniture and paving'),$);
#5882=IFCPROPERTYSINGLEVALUE('MaintenanceStrategy',$,IFCLABEL('Condition-based'),$);
#5883=IFCPROPERTYSET('2GxG5648P9ThYsNwWT4MJf',#5,'Pset_CDE_AssetManagement (demo)',$,(#5869,#5870,#5871,#5872,#5873,#5874,#5875,#5876,#5877,#5878,#5879,#5880,#5881,#5882));
#5884=IFCRELDEFINESBYPROPERTIES('176pPTCWHFceVCg6T4DtLo',#5,$,$,(#5868),#5883);
#5885=IFCPROPERTYSINGLEVALUE('GeometrySource',$,IFCLABEL('Typical dimensions and detailing; position illustrative, chosen on the Rambla''s tree row'),$);
#5886=IFCPROPERTYSINGLEVALUE('Confidence',$,IFCLABEL('Low'),$);
#5887=IFCPROPERTYSINGLEVALUE('Reference',$,IFCLABEL('OSM way 306557216 (tree row) for the line; no OSM node for this object'),$);
#5888=IFCPROPERTYSET('2B$Y5QU$r5jfGv1lj0jVdK',#5,'Pset_CDE_Provenance',$,(#5885,#5886,#5887));
#5889=IFCRELDEFINESBYPROPERTIES('0gUgVqdE9ABQAFrd9UpkEV',#5,$,$,(#5868),#5888);
#5890=IFCCARTESIANPOINT((0.,0.));
#5891=IFCDIRECTION((1.,0.));
#5892=IFCAXIS2PLACEMENT2D(#5890,#5891);
#5893=IFCCIRCLEPROFILEDEF(.AREA.,$,#5892,0.012);
#5894=IFCCARTESIANPOINT((-0.9091206082779683,5.356229991290918,0.));
#5895=IFCDIRECTION((0.03191058483442143,-0.01092543516958209,0.9994310128477505));
#5896=IFCDIRECTION((-0.,0.9999402548125977,0.01093100202712508));
#5897=IFCAXIS2PLACEMENT3D(#5894,#5895,#5896);
#5898=IFCDIRECTION((0.,0.,1.));
#5899=IFCEXTRUDEDAREASOLID(#5893,#5897,#5898,0.4402504968764942);
#5900=IFCCARTESIANPOINT((0.,0.));
#5901=IFCDIRECTION((1.,0.));
#5902=IFCAXIS2PLACEMENT2D(#5900,#5901);
#5903=IFCCIRCLEPROFILEDEF(.AREA.,$,#5902,0.012);
#5904=IFCCARTESIANPOINT((-0.5319490264585097,5.541004442630402,0.));
#5905=IFCDIRECTION((-0.010925435169579821,-0.031910584834421676,0.9994310128477505));
#5906=IFCDIRECTION((-0.,0.9994906667964635,0.031912489510549036));
#5907=IFCAXIS2PLACEMENT3D(#5904,#5905,#5906);
#5908=IFCDIRECTION((0.,0.,1.));
#5909=IFCEXTRUDEDAREASOLID(#5903,#5907,#5908,0.4402504968764942);
#5910=IFCCARTESIANPOINT((0.,0.));
#5911=IFCDIRECTION((1.,0.));
#5912=IFCAXIS2PLACEMENT2D(#5910,#5911);
#5913=IFCCIRCLEPROFILEDEF(.AREA.,$,#5912,0.012);
#5914=IFCCARTESIANPOINT((-0.724346156938484,4.979058409471459,0.));
#5915=IFCDIRECTION((0.010925435169579821,0.031910584834421676,0.9994310128477505));
#5916=IFCDIRECTION((0.,0.9994906667964635,-0.031912489510549036));
#5917=IFCAXIS2PLACEMENT3D(#5914,#5915,#5916);
#5918=IFCDIRECTION((0.,0.,1.));
#5919=IFCEXTRUDEDAREASOLID(#5913,#5917,#5918,0.4402504968764942);
#5920=IFCCARTESIANPOINT((0.,0.));
#5921=IFCDIRECTION((1.,0.));
#5922=IFCAXIS2PLACEMENT2D(#5920,#5921);
#5923=IFCCIRCLEPROFILEDEF(.AREA.,$,#5922,0.012);
#5924=IFCCARTESIANPOINT((-0.3471745751190255,5.163832860810943,0.));
#5925=IFCDIRECTION((-0.031910584834421295,0.01092543516958209,0.9994310128477505));
#5926=IFCDIRECTION((0.,0.9999402548125977,-0.01093100202712508));
#5927=IFCAXIS2PLACEMENT3D(#5924,#5925,#5926);
#5928=IFCDIRECTION((0.,0.,1.));
#5929=IFCEXTRUDEDAREASOLID(#5923,#5927,#5928,0.4402504968764942);
#5930=IFCCARTESIANPOINT((0.,0.));
#5931=IFCDIRECTION((0.43993916985591486,-0.8980275757606158));
#5932=IFCAXIS2PLACEMENT2D(#5930,#5931);
#5933=IFCRECTANGLEPROFILEDEF(.AREA.,$,#5932,0.46,0.44);
#5934=IFCCARTESIANPOINT((-0.6281475916984969,5.26003142605093,0.44));
#5935=IFCAXIS2PLACEMENT3D(#5934,$,$);
#5936=IFCDIRECTION((0.,0.,1.));
#5937=IFCEXTRUDEDAREASOLID(#5933,#5935,#5936,0.02);
#5938=IFCCARTESIANPOINT((0.,0.));
#5939=IFCDIRECTION((0.43993916985591486,-0.8980275757606158));
#5940=IFCAXIS2PLACEMENT2D(#5938,#5939);
#5941=IFCRECTANGLEPROFILEDEF(.AREA.,$,#5940,0.46,0.03999999999999998);
#5942=IFCCARTESIANPOINT((-0.7628517280625893,5.194040550572543,0.43));
#5943=IFCAXIS2PLACEMENT3D(#5942,$,$);
#5944=IFCDIRECTION((0.,0.,1.));
#5945=IFCEXTRUDEDAREASOLID(#5941,#5943,#5944,0.012);
#5946=IFCCARTESIANPOINT((0.,0.));
#5947=IFCDIRECTION((0.43993916985591486,-0.8980275757606158));
#5948=IFCAXIS2PLACEMENT2D(#5946,#5947);
#5949=IFCRECTANGLEPROFILEDEF(.AREA.,$,#5948,0.46,0.04000000000000001);
#5950=IFCCARTESIANPOINT((-0.6730489704865277,5.238034467558134,0.43));
#5951=IFCAXIS2PLACEMENT3D(#5950,$,$);
#5952=IFCDIRECTION((0.,0.,1.));
#5953=IFCEXTRUDEDAREASOLID(#5949,#5951,#5952,0.012);
#5954=IFCCARTESIANPOINT((0.,0.));
#5955=IFCDIRECTION((0.43993916985591486,-0.8980275757606158));
#5956=IFCAXIS2PLACEMENT2D(#5954,#5955);
#5957=IFCRECTANGLEPROFILEDEF(.AREA.,$,#5956,0.46,0.04000000000000001);
#5958=IFCCARTESIANPOINT((-0.5832462129104661,5.282028384543726,0.43));
#5959=IFCAXIS2PLACEMENT3D(#5958,$,$);
#5960=IFCDIRECTION((0.,0.,1.));
#5961=IFCEXTRUDEDAREASOLID(#5957,#5959,#5960,0.012);
#5962=IFCCARTESIANPOINT((0.,0.));
#5963=IFCDIRECTION((0.43993916985591486,-0.8980275757606158));
#5964=IFCAXIS2PLACEMENT2D(#5962,#5963);
#5965=IFCRECTANGLEPROFILEDEF(.AREA.,$,#5964,0.46,0.03999999999999998);
#5966=IFCCARTESIANPOINT((-0.4934434553344045,5.326022301529317,0.43));
#5967=IFCAXIS2PLACEMENT3D(#5966,$,$);
#5968=IFCDIRECTION((0.,0.,1.));
#5969=IFCEXTRUDEDAREASOLID(#5965,#5967,#5968,0.012);
#5970=IFCCARTESIANPOINT((0.,0.));
#5971=IFCDIRECTION((1.,0.));
#5972=IFCAXIS2PLACEMENT2D(#5970,#5971);
#5973=IFCCIRCLEPROFILEDEF(.AREA.,$,#5972,0.011);
#5974=IFCCARTESIANPOINT((-0.9091206082779683,5.356229991290918,0.44));
#5975=IFCDIRECTION((-0.08514117961278239,-0.0417102335055532,0.9954954725939522));
#5976=IFCDIRECTION((-0.,0.9991233922274015,0.041862239596204984));
#5977=IFCAXIS2PLACEMENT3D(#5974,#5975,#5976);
#5978=IFCDIRECTION((0.,0.,1.));
#5979=IFCEXTRUDEDAREASOLID(#5973,#5977,#5978,0.4219004621945797);
#5980=IFCCARTESIANPOINT((0.,0.));
#5981=IFCDIRECTION((1.,0.));
#5982=IFCAXIS2PLACEMENT2D(#5980,#5981);
#5983=IFCCIRCLEPROFILEDEF(.AREA.,$,#5982,0.01);
#5984=IFCCARTESIANPOINT((-0.9091206082779683,5.356229991290918,0.66));
#5985=IFCDIRECTION((0.8980275757606162,0.4399391698559139,0.));
#5986=IFCDIRECTION((0.4399391698559139,-0.8980275757606162,0.));
#5987=IFCAXIS2PLACEMENT3D(#5984,#5985,#5986);
#5988=IFCDIRECTION((0.,0.,1.));
#5989=IFCEXTRUDEDAREASOLID(#5983,#5987,#5988,0.36999999999999983);
#5990=IFCCARTESIANPOINT((0.,0.));
#5991=IFCDIRECTION((1.,0.));
#5992=IFCAXIS2PLACEMENT2D(#5990,#5991);
#5993=IFCCIRCLEPROFILEDEF(.AREA.,$,#5992,0.01);
#5994=IFCCARTESIANPOINT((-0.5768504052465404,5.519007484137606,0.66));
#5995=IFCDIRECTION((0.,0.,-1.));
#5996=IFCDIRECTION((0.,-1.,0.));
#5997=IFCAXIS2PLACEMENT3D(#5994,#5995,#5996);
#5998=IFCDIRECTION((0.,0.,1.));
#5999=IFCEXTRUDEDAREASOLID(#5993,#5997,#5998,0.21000000000000002);
#6000=IFCCARTESIANPOINT((0.,0.));
#6001=IFCDIRECTION((1.,0.));
#6002=IFCAXIS2PLACEMENT2D(#6000,#6001);
#6003=IFCCIRCLEPROFILEDEF(.AREA.,$,#6002,0.011);
#6004=IFCCARTESIANPOINT((-0.724346156938484,4.979058409471459,0.44));
#6005=IFCDIRECTION((-0.08514117961278239,-0.0417102335055532,0.9954954725939522));
#6006=IFCDIRECTION((-0.,0.9991233922274015,0.041862239596204984));
#6007=IFCAXIS2PLACEMENT3D(#6004,#6005,#6006);
#6008=IFCDIRECTION((0.,0.,1.));
#6009=IFCEXTRUDEDAREASOLID(#6003,#6007,#6008,0.4219004621945797);
#6010=IFCCARTESIANPOINT((0.,0.));
#6011=IFCDIRECTION((1.,0.));
#6012=IFCAXIS2PLACEMENT2D(#6010,#6011);
#6013=IFCCIRCLEPROFILEDEF(.AREA.,$,#6012,0.01);
#6014=IFCCARTESIANPOINT((-0.724346156938484,4.979058409471459,0.66));
#6015=IFCDIRECTION((0.8980275757606162,0.43993916985591397,0.));
#6016=IFCDIRECTION((0.43993916985591397,-0.8980275757606162,0.));
#6017=IFCAXIS2PLACEMENT3D(#6014,#6015,#6016);
#6018=IFCDIRECTION((0.,0.,1.));
#6019=IFCEXTRUDEDAREASOLID(#6013,#6017,#6018,0.3699999999999998);
#6020=IFCCARTESIANPOINT((0.,0.));
#6021=IFCDIRECTION((1.,0.));
#6022=IFCAXIS2PLACEMENT2D(#6020,#6021);
#6023=IFCCIRCLEPROFILEDEF(.AREA.,$,#6022,0.01);
#6024=IFCCARTESIANPOINT((-0.39207595390705624,5.141835902318147,0.66));
#6025=IFCDIRECTION((0.,0.,-1.));
#6026=IFCDIRECTION((0.,-1.,0.));
#6027=IFCAXIS2PLACEMENT3D(#6024,#6025,#6026);
#6028=IFCDIRECTION((0.,0.,1.));
#6029=IFCEXTRUDEDAREASOLID(#6023,#6027,#6028,0.21000000000000002);
#6030=IFCCARTESIANPOINT((-0.7249342090667982,5.457597492718266,0.));
#6031=IFCDIRECTION((0.4399391698559149,-0.8980275757606158,0.));
#6032=IFCDIRECTION((0.8980275757606158,0.4399391698559149,0.));
#6033=IFCAXIS2PLACEMENT3D(#6030,#6031,#6032);
#6034=IFCCARTESIANPOINT((-0.235,0.56));
#6035=IFCCARTESIANPOINT((-0.225,0.56));
#6036=IFCCARTESIANPOINT((-0.225,0.62));
#6037=IFCCARTESIANPOINT((-0.235,0.62));
#6038=IFCCARTESIANPOINT((-0.235,0.56));
#6039=IFCPOLYLINE((#6034,#6035,#6036,#6037,#6038));
#6040=IFCARBITRARYCLOSEDPROFILEDEF(.AREA.,$,#6039);
#6041=IFCDIRECTION((0.,0.,1.));
#6042=IFCEXTRUDEDAREASOLID(#6040,#6033,#6041,0.44);
#6043=IFCCARTESIANPOINT((-0.7249342090667982,5.457597492718266,0.));
#6044=IFCDIRECTION((0.4399391698559149,-0.8980275757606158,0.));
#6045=IFCDIRECTION((0.8980275757606158,0.4399391698559149,0.));
#6046=IFCAXIS2PLACEMENT3D(#6043,#6044,#6045);
#6047=IFCCARTESIANPOINT((-0.22499999999999998,0.66));
#6048=IFCCARTESIANPOINT((-0.215,0.66));
#6049=IFCCARTESIANPOINT((-0.215,0.72));
#6050=IFCCARTESIANPOINT((-0.22499999999999998,0.72));
#6051=IFCCARTESIANPOINT((-0.22499999999999998,0.66));
#6052=IFCPOLYLINE((#6047,#6048,#6049,#6050,#6051));
#6053=IFCARBITRARYCLOSEDPROFILEDEF(.AREA.,$,#6052);
#6054=IFCDIRECTION((0.,0.,1.));
#6055=IFCEXTRUDEDAREASOLID(#6053,#6046,#6054,0.44);
#6056=IFCCARTESIANPOINT((-0.7249342090667982,5.457597492718266,0.));
#6057=IFCDIRECTION((0.4399391698559149,-0.8980275757606158,0.));
#6058=IFCDIRECTION((0.8980275757606158,0.4399391698559149,0.));
#6059=IFCAXIS2PLACEMENT3D(#6056,#6057,#6058);
#6060=IFCCARTESIANPOINT((-0.215,0.76));
#6061=IFCCARTESIANPOINT((-0.20500000000000002,0.76));
#6062=IFCCARTESIANPOINT((-0.20500000000000002,0.8200000000000001));
#6063=IFCCARTESIANPOINT((-0.215,0.8200000000000001));
#6064=IFCCARTESIANPOINT((-0.215,0.76));
#6065=IFCPOLYLINE((#6060,#6061,#6062,#6063,#6064));
#6066=IFCARBITRARYCLOSEDPROFILEDEF(.AREA.,$,#6065);
#6067=IFCDIRECTION((0.,0.,1.));
#6068=IFCEXTRUDEDAREASOLID(#6066,#6059,#6067,0.44);
#6069=IFCSTYLEDITEM(#5899,(#200),$);
#6070=IFCSTYLEDITEM(#5909,(#200),$);
#6071=IFCSTYLEDITEM(#5919,(#200),$);
#6072=IFCSTYLEDITEM(#5929,(#200),$);
#6073=IFCSTYLEDITEM(#5937,(#200),$);
#6074=IFCSTYLEDITEM(#5945,(#200),$);
#6075=IFCSTYLEDITEM(#5953,(#200),$);
#6076=IFCSTYLEDITEM(#5961,(#200),$);
#6077=IFCSTYLEDITEM(#5969,(#200),$);
#6078=IFCSTYLEDITEM(#5979,(#200),$);
#6079=IFCSTYLEDITEM(#5989,(#200),$);
#6080=IFCSTYLEDITEM(#5999,(#200),$);
#6081=IFCSTYLEDITEM(#6009,(#200),$);
#6082=IFCSTYLEDITEM(#6019,(#200),$);
#6083=IFCSTYLEDITEM(#6029,(#200),$);
#6084=IFCSTYLEDITEM(#6042,(#200),$);
#6085=IFCSTYLEDITEM(#6055,(#200),$);
#6086=IFCSTYLEDITEM(#6068,(#200),$);
#6087=IFCSHAPEREPRESENTATION(#16,'Body','SweptSolid',(#5899,#5909,#5919,#5929,#5937,#5945,#5953,#5961,#5969,#5979,#5989,#5999,#6009,#6019,#6029,#6042,#6055,#6068));
#6088=IFCPRODUCTDEFINITIONSHAPE($,$,(#6087));
#6089=IFCLOCALPLACEMENT(#23,#13);
#6090=IFCFURNITURE('32EX1wjjrEpujy522gHEmr',#5,'Cadira de la Rambla 1 \X2\00B7\X0\ Rambla chair 1',$,'Individual steel chair with arms, slatted seat and back, bolted to the paving',#6089,#6088,'RCAN-ELM-030',.CHAIR.);
#6091=IFCRELASSOCIATESMATERIAL('0c5nVm0yj9sRhAZvgbrDRR',#5,$,$,(#6090),#201);
#6092=IFCPROPERTYSINGLEVALUE('Material',$,IFCLABEL('Steel, powder-coated dark green'),$);
#6093=IFCPROPERTYSINGLEVALUE('Category',$,IFCLABEL('Steel'),$);
#6094=IFCPROPERTYSINGLEVALUE('MassDensity_kg_m3',$,IFCREAL(7850.),$);
#6095=IFCPROPERTYSET('19yLv$aZr8yOOJ7uEe4Fym',#5,'Pset_CDE_Material',$,(#6092,#6093,#6094));
#6096=IFCRELDEFINESBYPROPERTIES('0y4oDzyjDBFBRL$YaXJrYE',#5,$,$,(#6090),#6095);
#6097=IFCPROPERTYSINGLEVALUE('GeometrySource',$,IFCLABEL('Typical dimensions and detailing; position illustrative, chosen on the Rambla''s tree row'),$);
#6098=IFCPROPERTYSINGLEVALUE('Confidence',$,IFCLABEL('Low'),$);
#6099=IFCPROPERTYSINGLEVALUE('Reference',$,IFCLABEL('OSM way 306557216 (tree row) for the line; no OSM node for this object'),$);
#6100=IFCPROPERTYSET('2k4dm92sj6wBf$sHD6fDTb',#5,'Pset_CDE_Provenance',$,(#6097,#6098,#6099));
#6101=IFCRELDEFINESBYPROPERTIES('0pVxJiyOj9dQWT$r1l9Khi',#5,$,$,(#6090),#6100);
#6102=IFCPROPERTYSINGLEVALUE('SeatHeight_mm',$,IFCINTEGER(440),$);
#6103=IFCPROPERTYSINGLEVALUE('Width_mm',$,IFCINTEGER(460),$);
#6104=IFCPROPERTYSINGLEVALUE('Fixing',$,IFCLABEL('Two M10 anchors per leg pair'),$);
#6105=IFCPROPERTYSET('1PkcJz64j1MPsUGhuDfM6$',#5,'Pset_CDE_Specification',$,(#6102,#6103,#6104));
#6106=IFCRELDEFINESBYPROPERTIES('1uDfJd_NLFiftxbPpfJbBK',#5,$,$,(#6090),#6105);
#6107=IFCPROPERTYSINGLEVALUE('DataStatus',$,IFCLABEL('Illustrative demo values \X2\2014\X0\ not the owner''s as-built register'),$);
#6108=IFCPROPERTYSINGLEVALUE('AssetOwner',$,IFCLABEL('Ajuntament de Barcelona (operator per OSM; register values are demo)'),$);
#6109=IFCPROPERTYSINGLEVALUE('Manufacturer',$,IFCLABEL('Demo street-furniture maker'),$);
#6110=IFCPROPERTYSINGLEVALUE('Model',$,IFCLABEL('Rambla chair, steel'),$);
#6111=IFCPROPERTYSINGLEVALUE('SerialNumber',$,IFCLABEL('BCN-MOB-RC-002'),$);
#6112=IFCPROPERTYSINGLEVALUE('LifecycleStatus',$,IFCLABEL('In service'),$);
#6113=IFCPROPERTYSINGLEVALUE('InstallationYear',$,IFCINTEGER(2016),$);
#6114=IFCPROPERTYSINGLEVALUE('LastInspection',$,IFCLABEL('2026-07-08'),$);
#6115=IFCPROPERTYSINGLEVALUE('InspectionInterval_months',$,IFCINTEGER(6),$);
#6116=IFCPROPERTYSINGLEVALUE('NextInspection',$,IFCLABEL('2027-01-08'),$);
#6117=IFCPROPERTYSINGLEVALUE('ConditionIndex_1to5',$,IFCINTEGER(4),$);
#6118=IFCPROPERTYSINGLEVALUE('WarrantyEnd',$,IFCLABEL('2021-12-31 (expired)'),$);
#6119=IFCPROPERTYSINGLEVALUE('MaintenanceContractor',$,IFCLABEL('Demo contractor \X2\2014\X0\ street furniture and paving'),$);
#6120=IFCPROPERTYSINGLEVALUE('MaintenanceStrategy',$,IFCLABEL('Condition-based'),$);
#6121=IFCPROPERTYSET('0CLfENQlj8tu7HZMmZMhP8',#5,'Pset_CDE_AssetManagement (demo)',$,(#6107,#6108,#6109,#6110,#6111,#6112,#6113,#6114,#6115,#6116,#6117,#6118,#6119,#6120));
#6122=IFCRELDEFINESBYPROPERTIES('1ocqlvHXrDB927PyA2XMeo',#5,$,$,(#6090),#6121);
#6123=IFCCARTESIANPOINT((0.,0.));
#6124=IFCDIRECTION((1.,0.));
#6125=IFCAXIS2PLACEMENT2D(#6123,#6124);
#6126=IFCCIRCLEPROFILEDEF(.AREA.,$,#6125,0.012);
#6127=IFCCARTESIANPOINT((-0.5571692723932365,4.637807930682425,0.));
#6128=IFCDIRECTION((0.03191058483442143,-0.01092543516958209,0.9994310128477505));
#6129=IFCDIRECTION((-0.,0.9999402548125977,0.01093100202712508));
#6130=IFCAXIS2PLACEMENT3D(#6127,#6128,#6129);
#6131=IFCDIRECTION((0.,0.,1.));
#6132=IFCEXTRUDEDAREASOLID(#6126,#6130,#6131,0.4402504968764942);
#6133=IFCCARTESIANPOINT((0.,0.));
#6134=IFCDIRECTION((1.,0.));
#6135=IFCAXIS2PLACEMENT2D(#6133,#6134);
#6136=IFCCIRCLEPROFILEDEF(.AREA.,$,#6135,0.012);
#6137=IFCCARTESIANPOINT((-0.17999769057377799,4.822582382021909,0.));
#6138=IFCDIRECTION((-0.010925435169579632,-0.031910584834421676,0.9994310128477505));
#6139=IFCDIRECTION((-0.,0.9994906667964635,0.031912489510549036));
#6140=IFCAXIS2PLACEMENT3D(#6137,#6138,#6139);
#6141=IFCDIRECTION((0.,0.,1.));
#6142=IFCEXTRUDEDAREASOLID(#6136,#6140,#6141,0.4402504968764942);
#6143=IFCCARTESIANPOINT((0.,0.));
#6144=IFCDIRECTION((1.,0.));
#6145=IFCAXIS2PLACEMENT2D(#6143,#6144);
#6146=IFCCIRCLEPROFILEDEF(.AREA.,$,#6145,0.012);
#6147=IFCCARTESIANPOINT((-0.3723948210537523,4.260636348862966,0.));
#6148=IFCDIRECTION((0.01092543516957957,0.031910584834421676,0.9994310128477505));
#6149=IFCDIRECTION((0.,0.9994906667964635,-0.031912489510549036));
#6150=IFCAXIS2PLACEMENT3D(#6147,#6148,#6149);
#6151=IFCDIRECTION((0.,0.,1.));
#6152=IFCEXTRUDEDAREASOLID(#6146,#6150,#6151,0.4402504968764942);
#6153=IFCCARTESIANPOINT((0.,0.));
#6154=IFCDIRECTION((1.,0.));
#6155=IFCAXIS2PLACEMENT2D(#6153,#6154);
#6156=IFCCIRCLEPROFILEDEF(.AREA.,$,#6155,0.012);
#6157=IFCCARTESIANPOINT((0.004776760765706239,4.44541080020245,0.));
#6158=IFCDIRECTION((-0.03191058483442149,0.01092543516958209,0.9994310128477505));
#6159=IFCDIRECTION((0.,0.9999402548125977,-0.01093100202712508));
#6160=IFCAXIS2PLACEMENT3D(#6157,#6158,#6159);
#6161=IFCDIRECTION((0.,0.,1.));
#6162=IFCEXTRUDEDAREASOLID(#6156,#6160,#6161,0.4402504968764942);
#6163=IFCCARTESIANPOINT((0.,0.));
#6164=IFCDIRECTION((0.43993916985591486,-0.8980275757606158));
#6165=IFCAXIS2PLACEMENT2D(#6163,#6164);
#6166=IFCRECTANGLEPROFILEDEF(.AREA.,$,#6165,0.46,0.44);
#6167=IFCCARTESIANPOINT((-0.27619625581376517,4.541609365442437,0.44));
#6168=IFCAXIS2PLACEMENT3D(#6167,$,$);
#6169=IFCDIRECTION((0.,0.,1.));
#6170=IFCEXTRUDEDAREASOLID(#6166,#6168,#6169,0.02);
#6171=IFCCARTESIANPOINT((0.,0.));
#6172=IFCDIRECTION((0.43993916985591486,-0.8980275757606158));
#6173=IFCAXIS2PLACEMENT2D(#6171,#6172);
#6174=IFCRECTANGLEPROFILEDEF(.AREA.,$,#6173,0.46,0.03999999999999998);
#6175=IFCCARTESIANPOINT((-0.41090039217785757,4.4756184899640505,0.43));
#6176=IFCAXIS2PLACEMENT3D(#6175,$,$);
#6177=IFCDIRECTION((0.,0.,1.));
#6178=IFCEXTRUDEDAREASOLID(#6174,#6176,#6177,0.012);
#6179=IFCCARTESIANPOINT((0.,0.));
#6180=IFCDIRECTION((0.43993916985591486,-0.8980275757606158));
#6181=IFCAXIS2PLACEMENT2D(#6179,#6180);
#6182=IFCRECTANGLEPROFILEDEF(.AREA.,$,#6181,0.46,0.04000000000000001);
#6183=IFCCARTESIANPOINT((-0.32109763460179597,4.5196124069496415,0.43));
#6184=IFCAXIS2PLACEMENT3D(#6183,$,$);
#6185=IFCDIRECTION((0.,0.,1.));
#6186=IFCEXTRUDEDAREASOLID(#6182,#6184,#6185,0.012);
#6187=IFCCARTESIANPOINT((0.,0.));
#6188=IFCDIRECTION((0.43993916985591486,-0.8980275757606158));
#6189=IFCAXIS2PLACEMENT2D(#6187,#6188);
#6190=IFCRECTANGLEPROFILEDEF(.AREA.,$,#6189,0.46,0.04000000000000001);
#6191=IFCCARTESIANPOINT((-0.23129487702573437,4.563606323935233,0.43));
#6192=IFCAXIS2PLACEMENT3D(#6191,$,$);
#6193=IFCDIRECTION((0.,0.,1.));
#6194=IFCEXTRUDEDAREASOLID(#6190,#6192,#6193,0.012);
#6195=IFCCARTESIANPOINT((0.,0.));
#6196=IFCDIRECTION((0.43993916985591486,-0.8980275757606158));
#6197=IFCAXIS2PLACEMENT2D(#6195,#6196);
#6198=IFCRECTANGLEPROFILEDEF(.AREA.,$,#6197,0.46,0.03999999999999998);
#6199=IFCCARTESIANPOINT((-0.1414921194496728,4.607600240920824,0.43));
#6200=IFCAXIS2PLACEMENT3D(#6199,$,$);
#6201=IFCDIRECTION((0.,0.,1.));
#6202=IFCEXTRUDEDAREASOLID(#6198,#6200,#6201,0.012);
#6203=IFCCARTESIANPOINT((0.,0.));
#6204=IFCDIRECTION((1.,0.));
#6205=IFCAXIS2PLACEMENT2D(#6203,#6204);
#6206=IFCCIRCLEPROFILEDEF(.AREA.,$,#6205,0.011);
#6207=IFCCARTESIANPOINT((-0.5571692723932365,4.637807930682425,0.44));
#6208=IFCDIRECTION((-0.08514117961278239,-0.0417102335055532,0.9954954725939522));
#6209=IFCDIRECTION((-0.,0.9991233922274015,0.041862239596204984));
#6210=IFCAXIS2PLACEMENT3D(#6207,#6208,#6209);
#6211=IFCDIRECTION((0.,0.,1.));
#6212=IFCEXTRUDEDAREASOLID(#6206,#6210,#6211,0.4219004621945797);
#6213=IFCCARTESIANPOINT((0.,0.));
#6214=IFCDIRECTION((1.,0.));
#6215=IFCAXIS2PLACEMENT2D(#6213,#6214);
#6216=IFCCIRCLEPROFILEDEF(.AREA.,$,#6215,0.01);
#6217=IFCCARTESIANPOINT((-0.5571692723932365,4.637807930682425,0.66));
#6218=IFCDIRECTION((0.8980275757606162,0.43993916985591397,0.));
#6219=IFCDIRECTION((0.43993916985591397,-0.8980275757606162,0.));
#6220=IFCAXIS2PLACEMENT3D(#6217,#6218,#6219);
#6221=IFCDIRECTION((0.,0.,1.));
#6222=IFCEXTRUDEDAREASOLID(#6216,#6220,#6221,0.3699999999999998);
#6223=IFCCARTESIANPOINT((0.,0.));
#6224=IFCDIRECTION((1.,0.));
#6225=IFCAXIS2PLACEMENT2D(#6223,#6224);
#6226=IFCCIRCLEPROFILEDEF(.AREA.,$,#6225,0.01);
#6227=IFCCARTESIANPOINT((-0.22489906936180876,4.800585423529113,0.66));
#6228=IFCDIRECTION((0.,0.,-1.));
#6229=IFCDIRECTION((0.,-1.,0.));
#6230=IFCAXIS2PLACEMENT3D(#6227,#6228,#6229);
#6231=IFCDIRECTION((0.,0.,1.));
#6232=IFCEXTRUDEDAREASOLID(#6226,#6230,#6231,0.21000000000000002);
#6233=IFCCARTESIANPOINT((0.,0.));
#6234=IFCDIRECTION((1.,0.));
#6235=IFCAXIS2PLACEMENT2D(#6233,#6234);
#6236=IFCCIRCLEPROFILEDEF(.AREA.,$,#6235,0.011);
#6237=IFCCARTESIANPOINT((-0.3723948210537523,4.260636348862966,0.44));
#6238=IFCDIRECTION((-0.08514117961278252,-0.0417102335055532,0.9954954725939522));
#6239=IFCDIRECTION((-0.,0.9991233922274015,0.041862239596204984));
#6240=IFCAXIS2PLACEMENT3D(#6237,#6238,#6239);
#6241=IFCDIRECTION((0.,0.,1.));
#6242=IFCEXTRUDEDAREASOLID(#6236,#6240,#6241,0.4219004621945797);
#6243=IFCCARTESIANPOINT((0.,0.));
#6244=IFCDIRECTION((1.,0.));
#6245=IFCAXIS2PLACEMENT2D(#6243,#6244);
#6246=IFCCIRCLEPROFILEDEF(.AREA.,$,#6245,0.01);
#6247=IFCCARTESIANPOINT((-0.3723948210537523,4.260636348862966,0.66));
#6248=IFCDIRECTION((0.8980275757606162,0.43993916985591397,0.));
#6249=IFCDIRECTION((0.43993916985591397,-0.8980275757606162,0.));
#6250=IFCAXIS2PLACEMENT3D(#6247,#6248,#6249);
#6251=IFCDIRECTION((0.,0.,1.));
#6252=IFCEXTRUDEDAREASOLID(#6246,#6250,#6251,0.3699999999999998);
#6253=IFCCARTESIANPOINT((0.,0.));
#6254=IFCDIRECTION((1.,0.));
#6255=IFCAXIS2PLACEMENT2D(#6253,#6254);
#6256=IFCCIRCLEPROFILEDEF(.AREA.,$,#6255,0.01);
#6257=IFCCARTESIANPOINT((-0.04012461802232453,4.423413841709654,0.66));
#6258=IFCDIRECTION((0.,0.,-1.));
#6259=IFCDIRECTION((0.,-1.,0.));
#6260=IFCAXIS2PLACEMENT3D(#6257,#6258,#6259);
#6261=IFCDIRECTION((0.,0.,1.));
#6262=IFCEXTRUDEDAREASOLID(#6256,#6260,#6261,0.21000000000000002);
#6263=IFCCARTESIANPOINT((-0.37298287318206647,4.739175432109773,0.));
#6264=IFCDIRECTION((0.4399391698559149,-0.8980275757606158,0.));
#6265=IFCDIRECTION((0.8980275757606158,0.4399391698559149,0.));
#6266=IFCAXIS2PLACEMENT3D(#6263,#6264,#6265);
#6267=IFCCARTESIANPOINT((-0.235,0.56));
#6268=IFCCARTESIANPOINT((-0.225,0.56));
#6269=IFCCARTESIANPOINT((-0.225,0.62));
#6270=IFCCARTESIANPOINT((-0.235,0.62));
#6271=IFCCARTESIANPOINT((-0.235,0.56));
#6272=IFCPOLYLINE((#6267,#6268,#6269,#6270,#6271));
#6273=IFCARBITRARYCLOSEDPROFILEDEF(.AREA.,$,#6272);
#6274=IFCDIRECTION((0.,0.,1.));
#6275=IFCEXTRUDEDAREASOLID(#6273,#6266,#6274,0.44);
#6276=IFCCARTESIANPOINT((-0.37298287318206647,4.739175432109773,0.));
#6277=IFCDIRECTION((0.4399391698559149,-0.8980275757606158,0.));
#6278=IFCDIRECTION((0.8980275757606158,0.4399391698559149,0.));
#6279=IFCAXIS2PLACEMENT3D(#6276,#6277,#6278);
#6280=IFCCARTESIANPOINT((-0.22499999999999998,0.66));
#6281=IFCCARTESIANPOINT((-0.215,0.66));
#6282=IFCCARTESIANPOINT((-0.215,0.72));
#6283=IFCCARTESIANPOINT((-0.22499999999999998,0.72));
#6284=IFCCARTESIANPOINT((-0.22499999999999998,0.66));
#6285=IFCPOLYLINE((#6280,#6281,#6282,#6283,#6284));
#6286=IFCARBITRARYCLOSEDPROFILEDEF(.AREA.,$,#6285);
#6287=IFCDIRECTION((0.,0.,1.));
#6288=IFCEXTRUDEDAREASOLID(#6286,#6279,#6287,0.44);
#6289=IFCCARTESIANPOINT((-0.37298287318206647,4.739175432109773,0.));
#6290=IFCDIRECTION((0.4399391698559149,-0.8980275757606158,0.));
#6291=IFCDIRECTION((0.8980275757606158,0.4399391698559149,0.));
#6292=IFCAXIS2PLACEMENT3D(#6289,#6290,#6291);
#6293=IFCCARTESIANPOINT((-0.215,0.76));
#6294=IFCCARTESIANPOINT((-0.20500000000000002,0.76));
#6295=IFCCARTESIANPOINT((-0.20500000000000002,0.8200000000000001));
#6296=IFCCARTESIANPOINT((-0.215,0.8200000000000001));
#6297=IFCCARTESIANPOINT((-0.215,0.76));
#6298=IFCPOLYLINE((#6293,#6294,#6295,#6296,#6297));
#6299=IFCARBITRARYCLOSEDPROFILEDEF(.AREA.,$,#6298);
#6300=IFCDIRECTION((0.,0.,1.));
#6301=IFCEXTRUDEDAREASOLID(#6299,#6292,#6300,0.44);
#6302=IFCSTYLEDITEM(#6132,(#200),$);
#6303=IFCSTYLEDITEM(#6142,(#200),$);
#6304=IFCSTYLEDITEM(#6152,(#200),$);
#6305=IFCSTYLEDITEM(#6162,(#200),$);
#6306=IFCSTYLEDITEM(#6170,(#200),$);
#6307=IFCSTYLEDITEM(#6178,(#200),$);
#6308=IFCSTYLEDITEM(#6186,(#200),$);
#6309=IFCSTYLEDITEM(#6194,(#200),$);
#6310=IFCSTYLEDITEM(#6202,(#200),$);
#6311=IFCSTYLEDITEM(#6212,(#200),$);
#6312=IFCSTYLEDITEM(#6222,(#200),$);
#6313=IFCSTYLEDITEM(#6232,(#200),$);
#6314=IFCSTYLEDITEM(#6242,(#200),$);
#6315=IFCSTYLEDITEM(#6252,(#200),$);
#6316=IFCSTYLEDITEM(#6262,(#200),$);
#6317=IFCSTYLEDITEM(#6275,(#200),$);
#6318=IFCSTYLEDITEM(#6288,(#200),$);
#6319=IFCSTYLEDITEM(#6301,(#200),$);
#6320=IFCSHAPEREPRESENTATION(#16,'Body','SweptSolid',(#6132,#6142,#6152,#6162,#6170,#6178,#6186,#6194,#6202,#6212,#6222,#6232,#6242,#6252,#6262,#6275,#6288,#6301));
#6321=IFCPRODUCTDEFINITIONSHAPE($,$,(#6320));
#6322=IFCLOCALPLACEMENT(#23,#13);
#6323=IFCFURNITURE('0Q4BYIi2rEMPqlYoEEWtUE',#5,'Cadira de la Rambla 2 \X2\00B7\X0\ Rambla chair 2',$,'Individual steel chair with arms, slatted seat and back, bolted to the paving',#6322,#6321,'RCAN-ELM-031',.CHAIR.);
#6324=IFCRELASSOCIATESMATERIAL('3YLPQEgcHAwO0IlFi9BmM1',#5,$,$,(#6323),#201);
#6325=IFCPROPERTYSINGLEVALUE('Material',$,IFCLABEL('Steel, powder-coated dark green'),$);
#6326=IFCPROPERTYSINGLEVALUE('Category',$,IFCLABEL('Steel'),$);
#6327=IFCPROPERTYSINGLEVALUE('MassDensity_kg_m3',$,IFCREAL(7850.),$);
#6328=IFCPROPERTYSET('2fcrJrlFL4KBQfEGxFKaM8',#5,'Pset_CDE_Material',$,(#6325,#6326,#6327));
#6329=IFCRELDEFINESBYPROPERTIES('01UwSv2793AvzqK0uulS4t',#5,$,$,(#6323),#6328);
#6330=IFCPROPERTYSINGLEVALUE('GeometrySource',$,IFCLABEL('Typical dimensions and detailing; position illustrative, chosen on the Rambla''s tree row'),$);
#6331=IFCPROPERTYSINGLEVALUE('Confidence',$,IFCLABEL('Low'),$);
#6332=IFCPROPERTYSINGLEVALUE('Reference',$,IFCLABEL('OSM way 306557216 (tree row) for the line; no OSM node for this object'),$);
#6333=IFCPROPERTYSET('1DZzZsEoT2MRomU5F0OLR_',#5,'Pset_CDE_Provenance',$,(#6330,#6331,#6332));
#6334=IFCRELDEFINESBYPROPERTIES('3z35mgRGXBN8QB5RL3F6Kr',#5,$,$,(#6323),#6333);
#6335=IFCPROPERTYSINGLEVALUE('SeatHeight_mm',$,IFCINTEGER(440),$);
#6336=IFCPROPERTYSINGLEVALUE('Width_mm',$,IFCINTEGER(460),$);
#6337=IFCPROPERTYSINGLEVALUE('Fixing',$,IFCLABEL('Two M10 anchors per leg pair'),$);
#6338=IFCPROPERTYSET('2ABfS5qAn6Duf4L61kBczr',#5,'Pset_CDE_Specification',$,(#6335,#6336,#6337));
#6339=IFCRELDEFINESBYPROPERTIES('0UeMq7Imz9QApBrRM3NdIE',#5,$,$,(#6323),#6338);
#6340=IFCPROPERTYSINGLEVALUE('DataStatus',$,IFCLABEL('Illustrative demo values \X2\2014\X0\ not the owner''s as-built register'),$);
#6341=IFCPROPERTYSINGLEVALUE('AssetOwner',$,IFCLABEL('Ajuntament de Barcelona (operator per OSM; register values are demo)'),$);
#6342=IFCPROPERTYSINGLEVALUE('Manufacturer',$,IFCLABEL('Demo street-furniture maker'),$);
#6343=IFCPROPERTYSINGLEVALUE('Model',$,IFCLABEL('Rambla chair, steel'),$);
#6344=IFCPROPERTYSINGLEVALUE('SerialNumber',$,IFCLABEL('BCN-MOB-RC-003'),$);
#6345=IFCPROPERTYSINGLEVALUE('LifecycleStatus',$,IFCLABEL('In service'),$);
#6346=IFCPROPERTYSINGLEVALUE('InstallationYear',$,IFCINTEGER(2016),$);
#6347=IFCPROPERTYSINGLEVALUE('LastInspection',$,IFCLABEL('2026-07-08'),$);
#6348=IFCPROPERTYSINGLEVALUE('InspectionInterval_months',$,IFCINTEGER(6),$);
#6349=IFCPROPERTYSINGLEVALUE('NextInspection',$,IFCLABEL('2027-01-08'),$);
#6350=IFCPROPERTYSINGLEVALUE('ConditionIndex_1to5',$,IFCINTEGER(4),$);
#6351=IFCPROPERTYSINGLEVALUE('WarrantyEnd',$,IFCLABEL('2021-12-31 (expired)'),$);
#6352=IFCPROPERTYSINGLEVALUE('MaintenanceContractor',$,IFCLABEL('Demo contractor \X2\2014\X0\ street furniture and paving'),$);
#6353=IFCPROPERTYSINGLEVALUE('MaintenanceStrategy',$,IFCLABEL('Condition-based'),$);
#6354=IFCPROPERTYSET('2lC_Hmo0T49hLeu32_RkXP',#5,'Pset_CDE_AssetManagement (demo)',$,(#6340,#6341,#6342,#6343,#6344,#6345,#6346,#6347,#6348,#6349,#6350,#6351,#6352,#6353));
#6355=IFCRELDEFINESBYPROPERTIES('2BFn_jkhD7svjYbGc503bg',#5,$,$,(#6323),#6354);
#6356=IFCCARTESIANPOINT((0.,0.));
#6357=IFCDIRECTION((1.,0.));
#6358=IFCAXIS2PLACEMENT2D(#6356,#6357);
#6359=IFCCIRCLEPROFILEDEF(.AREA.,$,#6358,0.012);
#6360=IFCCARTESIANPOINT((-0.20521793650850467,3.919385870073932,0.));
#6361=IFCDIRECTION((0.03191058483442155,-0.010925435169581083,0.9994310128477505));
#6362=IFCDIRECTION((-0.,0.9999402548125977,0.010931002027124073));
#6363=IFCAXIS2PLACEMENT3D(#6360,#6361,#6362);
#6364=IFCDIRECTION((0.,0.,1.));
#6365=IFCEXTRUDEDAREASOLID(#6359,#6363,#6364,0.4402504968764942);
#6366=IFCCARTESIANPOINT((0.,0.));
#6367=IFCDIRECTION((1.,0.));
#6368=IFCAXIS2PLACEMENT2D(#6366,#6367);
#6369=IFCCIRCLEPROFILEDEF(.AREA.,$,#6368,0.012);
#6370=IFCCARTESIANPOINT((0.17195364531095392,4.104160321413416,0.));
#6371=IFCDIRECTION((-0.01092543516957957,-0.031910584834421676,0.9994310128477505));
#6372=IFCDIRECTION((-0.,0.9994906667964635,0.031912489510549036));
#6373=IFCAXIS2PLACEMENT3D(#6370,#6371,#6372);
#6374=IFCDIRECTION((0.,0.,1.));
#6375=IFCEXTRUDEDAREASOLID(#6369,#6373,#6374,0.4402504968764942);
#6376=IFCCARTESIANPOINT((0.,0.));
#6377=IFCDIRECTION((1.,0.));
#6378=IFCAXIS2PLACEMENT2D(#6376,#6377);
#6379=IFCCIRCLEPROFILEDEF(.AREA.,$,#6378,0.012);
#6380=IFCCARTESIANPOINT((-0.02044348516902042,3.542214288254473,0.));
#6381=IFCDIRECTION((0.010925435169579632,0.031910584834421676,0.9994310128477505));
#6382=IFCDIRECTION((0.,0.9994906667964635,-0.031912489510549036));
#6383=IFCAXIS2PLACEMENT3D(#6380,#6381,#6382);
#6384=IFCDIRECTION((0.,0.,1.));
#6385=IFCEXTRUDEDAREASOLID(#6379,#6383,#6384,0.4402504968764942);
#6386=IFCCARTESIANPOINT((0.,0.));
#6387=IFCDIRECTION((1.,0.));
#6388=IFCAXIS2PLACEMENT2D(#6386,#6387);
#6389=IFCCIRCLEPROFILEDEF(.AREA.,$,#6388,0.012);
#6390=IFCCARTESIANPOINT((0.35672809665043814,3.726988739593957,0.));
#6391=IFCDIRECTION((-0.03191058483442143,0.010925435169580073,0.9994310128477505));
#6392=IFCDIRECTION((0.,0.9999402548125977,-0.010931002027123061));
#6393=IFCAXIS2PLACEMENT3D(#6390,#6391,#6392);
#6394=IFCDIRECTION((0.,0.,1.));
#6395=IFCEXTRUDEDAREASOLID(#6389,#6393,#6394,0.4402504968764942);
#6396=IFCCARTESIANPOINT((0.,0.));
#6397=IFCDIRECTION((0.43993916985591486,-0.8980275757606158));
#6398=IFCAXIS2PLACEMENT2D(#6396,#6397);
#6399=IFCRECTANGLEPROFILEDEF(.AREA.,$,#6398,0.46,0.44);
#6400=IFCCARTESIANPOINT((0.07575508007096676,3.8231873048339446,0.44));
#6401=IFCAXIS2PLACEMENT3D(#6400,$,$);
#6402=IFCDIRECTION((0.,0.,1.));
#6403=IFCEXTRUDEDAREASOLID(#6399,#6401,#6402,0.02);
#6404=IFCCARTESIANPOINT((0.,0.));
#6405=IFCDIRECTION((0.43993916985591486,-0.8980275757606158));
#6406=IFCAXIS2PLACEMENT2D(#6404,#6405);
#6407=IFCRECTANGLEPROFILEDEF(.AREA.,$,#6406,0.46,0.03999999999999998);
#6408=IFCCARTESIANPOINT((-0.05894905629312561,3.7571964293555573,0.43));
#6409=IFCAXIS2PLACEMENT3D(#6408,$,$);
#6410=IFCDIRECTION((0.,0.,1.));
#6411=IFCEXTRUDEDAREASOLID(#6407,#6409,#6410,0.012);
#6412=IFCCARTESIANPOINT((0.,0.));
#6413=IFCDIRECTION((0.43993916985591486,-0.8980275757606158));
#6414=IFCAXIS2PLACEMENT2D(#6412,#6413);
#6415=IFCRECTANGLEPROFILEDEF(.AREA.,$,#6414,0.46,0.04000000000000001);
#6416=IFCCARTESIANPOINT((0.03085370128293597,3.8011903463411487,0.43));
#6417=IFCAXIS2PLACEMENT3D(#6416,$,$);
#6418=IFCDIRECTION((0.,0.,1.));
#6419=IFCEXTRUDEDAREASOLID(#6415,#6417,#6418,0.012);
#6420=IFCCARTESIANPOINT((0.,0.));
#6421=IFCDIRECTION((0.43993916985591486,-0.8980275757606158));
#6422=IFCAXIS2PLACEMENT2D(#6420,#6421);
#6423=IFCRECTANGLEPROFILEDEF(.AREA.,$,#6422,0.46,0.04000000000000001);
#6424=IFCCARTESIANPOINT((0.12065645885899756,3.8451842633267406,0.43));
#6425=IFCAXIS2PLACEMENT3D(#6424,$,$);
#6426=IFCDIRECTION((0.,0.,1.));
#6427=IFCEXTRUDEDAREASOLID(#6423,#6425,#6426,0.012);
#6428=IFCCARTESIANPOINT((0.,0.));
#6429=IFCDIRECTION((0.43993916985591486,-0.8980275757606158));
#6430=IFCAXIS2PLACEMENT2D(#6428,#6429);
#6431=IFCRECTANGLEPROFILEDEF(.AREA.,$,#6430,0.46,0.03999999999999998);
#6432=IFCCARTESIANPOINT((0.21045921643505913,3.889178180312332,0.43));
#6433=IFCAXIS2PLACEMENT3D(#6432,$,$);
#6434=IFCDIRECTION((0.,0.,1.));
#6435=IFCEXTRUDEDAREASOLID(#6431,#6433,#6434,0.012);
#6436=IFCCARTESIANPOINT((0.,0.));
#6437=IFCDIRECTION((1.,0.));
#6438=IFCAXIS2PLACEMENT2D(#6436,#6437);
#6439=IFCCIRCLEPROFILEDEF(.AREA.,$,#6438,0.011);
#6440=IFCCARTESIANPOINT((-0.20521793650850467,3.919385870073932,0.44));
#6441=IFCDIRECTION((-0.08514117961278239,-0.0417102335055532,0.9954954725939522));
#6442=IFCDIRECTION((-0.,0.9991233922274015,0.041862239596204984));
#6443=IFCAXIS2PLACEMENT3D(#6440,#6441,#6442);
#6444=IFCDIRECTION((0.,0.,1.));
#6445=IFCEXTRUDEDAREASOLID(#6439,#6443,#6444,0.4219004621945797);
#6446=IFCCARTESIANPOINT((0.,0.));
#6447=IFCDIRECTION((1.,0.));
#6448=IFCAXIS2PLACEMENT2D(#6446,#6447);
#6449=IFCCIRCLEPROFILEDEF(.AREA.,$,#6448,0.01);
#6450=IFCCARTESIANPOINT((-0.20521793650850467,3.919385870073932,0.66));
#6451=IFCDIRECTION((0.8980275757606162,0.4399391698559139,0.));
#6452=IFCDIRECTION((0.4399391698559139,-0.8980275757606162,0.));
#6453=IFCAXIS2PLACEMENT3D(#6450,#6451,#6452);
#6454=IFCDIRECTION((0.,0.,1.));
#6455=IFCEXTRUDEDAREASOLID(#6449,#6453,#6454,0.36999999999999983);
#6456=IFCCARTESIANPOINT((0.,0.));
#6457=IFCDIRECTION((1.,0.));
#6458=IFCAXIS2PLACEMENT2D(#6456,#6457);
#6459=IFCCIRCLEPROFILEDEF(.AREA.,$,#6458,0.01);
#6460=IFCCARTESIANPOINT((0.12705226652292317,4.08216336292062,0.66));
#6461=IFCDIRECTION((0.,0.,-1.));
#6462=IFCDIRECTION((0.,-1.,0.));
#6463=IFCAXIS2PLACEMENT3D(#6460,#6461,#6462);
#6464=IFCDIRECTION((0.,0.,1.));
#6465=IFCEXTRUDEDAREASOLID(#6459,#6463,#6464,0.21000000000000002);
#6466=IFCCARTESIANPOINT((0.,0.));
#6467=IFCDIRECTION((1.,0.));
#6468=IFCAXIS2PLACEMENT2D(#6466,#6467);
#6469=IFCCIRCLEPROFILEDEF(.AREA.,$,#6468,0.011);
#6470=IFCCARTESIANPOINT((-0.02044348516902042,3.542214288254473,0.44));
#6471=IFCDIRECTION((-0.08514117961278245,-0.0417102335055532,0.9954954725939522));
#6472=IFCDIRECTION((-0.,0.9991233922274015,0.041862239596204984));
#6473=IFCAXIS2PLACEMENT3D(#6470,#6471,#6472);
#6474=IFCDIRECTION((0.,0.,1.));
#6475=IFCEXTRUDEDAREASOLID(#6469,#6473,#6474,0.4219004621945797);
#6476=IFCCARTESIANPOINT((0.,0.));
#6477=IFCDIRECTION((1.,0.));
#6478=IFCAXIS2PLACEMENT2D(#6476,#6477);
#6479=IFCCIRCLEPROFILEDEF(.AREA.,$,#6478,0.01);
#6480=IFCCARTESIANPOINT((-0.02044348516902042,3.542214288254473,0.66));
#6481=IFCDIRECTION((0.8980275757606156,0.43993916985591486,0.));
#6482=IFCDIRECTION((0.4399391698559149,-0.8980275757606158,0.));
#6483=IFCAXIS2PLACEMENT3D(#6480,#6481,#6482);
#6484=IFCDIRECTION((0.,0.,1.));
#6485=IFCEXTRUDEDAREASOLID(#6479,#6483,#6484,0.37000000000000005);
#6486=IFCCARTESIANPOINT((0.,0.));
#6487=IFCDIRECTION((1.,0.));
#6488=IFCAXIS2PLACEMENT2D(#6486,#6487);
#6489=IFCCIRCLEPROFILEDEF(.AREA.,$,#6488,0.01);
#6490=IFCCARTESIANPOINT((0.3118267178624074,3.7049917811011617,0.66));
#6491=IFCDIRECTION((0.,0.,-1.));
#6492=IFCDIRECTION((0.,-1.,0.));
#6493=IFCAXIS2PLACEMENT3D(#6490,#6491,#6492);
#6494=IFCDIRECTION((0.,0.,1.));
#6495=IFCEXTRUDEDAREASOLID(#6489,#6493,#6494,0.21000000000000002);
#6496=IFCCARTESIANPOINT((-0.02103153729733452,4.02075337150128,0.));
#6497=IFCDIRECTION((0.4399391698559149,-0.8980275757606158,0.));
#6498=IFCDIRECTION((0.8980275757606158,0.4399391698559149,0.));
#6499=IFCAXIS2PLACEMENT3D(#6496,#6497,#6498);
#6500=IFCCARTESIANPOINT((-0.235,0.56));
#6501=IFCCARTESIANPOINT((-0.225,0.56));
#6502=IFCCARTESIANPOINT((-0.225,0.62));
#6503=IFCCARTESIANPOINT((-0.235,0.62));
#6504=IFCCARTESIANPOINT((-0.235,0.56));
#6505=IFCPOLYLINE((#6500,#6501,#6502,#6503,#6504));
#6506=IFCARBITRARYCLOSEDPROFILEDEF(.AREA.,$,#6505);
#6507=IFCDIRECTION((0.,0.,1.));
#6508=IFCEXTRUDEDAREASOLID(#6506,#6499,#6507,0.44);
#6509=IFCCARTESIANPOINT((-0.02103153729733452,4.02075337150128,0.));
#6510=IFCDIRECTION((0.4399391698559149,-0.8980275757606158,0.));
#6511=IFCDIRECTION((0.8980275757606158,0.4399391698559149,0.));
#6512=IFCAXIS2PLACEMENT3D(#6509,#6510,#6511);
#6513=IFCCARTESIANPOINT((-0.22499999999999998,0.66));
#6514=IFCCARTESIANPOINT((-0.215,0.66));
#6515=IFCCARTESIANPOINT((-0.215,0.72));
#6516=IFCCARTESIANPOINT((-0.22499999999999998,0.72));
#6517=IFCCARTESIANPOINT((-0.22499999999999998,0.66));
#6518=IFCPOLYLINE((#6513,#6514,#6515,#6516,#6517));
#6519=IFCARBITRARYCLOSEDPROFILEDEF(.AREA.,$,#6518);
#6520=IFCDIRECTION((0.,0.,1.));
#6521=IFCEXTRUDEDAREASOLID(#6519,#6512,#6520,0.44);
#6522=IFCCARTESIANPOINT((-0.02103153729733452,4.02075337150128,0.));
#6523=IFCDIRECTION((0.4399391698559149,-0.8980275757606158,0.));
#6524=IFCDIRECTION((0.8980275757606158,0.4399391698559149,0.));
#6525=IFCAXIS2PLACEMENT3D(#6522,#6523,#6524);
#6526=IFCCARTESIANPOINT((-0.215,0.76));
#6527=IFCCARTESIANPOINT((-0.20500000000000002,0.76));
#6528=IFCCARTESIANPOINT((-0.20500000000000002,0.8200000000000001));
#6529=IFCCARTESIANPOINT((-0.215,0.8200000000000001));
#6530=IFCCARTESIANPOINT((-0.215,0.76));
#6531=IFCPOLYLINE((#6526,#6527,#6528,#6529,#6530));
#6532=IFCARBITRARYCLOSEDPROFILEDEF(.AREA.,$,#6531);
#6533=IFCDIRECTION((0.,0.,1.));
#6534=IFCEXTRUDEDAREASOLID(#6532,#6525,#6533,0.44);
#6535=IFCSTYLEDITEM(#6365,(#200),$);
#6536=IFCSTYLEDITEM(#6375,(#200),$);
#6537=IFCSTYLEDITEM(#6385,(#200),$);
#6538=IFCSTYLEDITEM(#6395,(#200),$);
#6539=IFCSTYLEDITEM(#6403,(#200),$);
#6540=IFCSTYLEDITEM(#6411,(#200),$);
#6541=IFCSTYLEDITEM(#6419,(#200),$);
#6542=IFCSTYLEDITEM(#6427,(#200),$);
#6543=IFCSTYLEDITEM(#6435,(#200),$);
#6544=IFCSTYLEDITEM(#6445,(#200),$);
#6545=IFCSTYLEDITEM(#6455,(#200),$);
#6546=IFCSTYLEDITEM(#6465,(#200),$);
#6547=IFCSTYLEDITEM(#6475,(#200),$);
#6548=IFCSTYLEDITEM(#6485,(#200),$);
#6549=IFCSTYLEDITEM(#6495,(#200),$);
#6550=IFCSTYLEDITEM(#6508,(#200),$);
#6551=IFCSTYLEDITEM(#6521,(#200),$);
#6552=IFCSTYLEDITEM(#6534,(#200),$);
#6553=IFCSHAPEREPRESENTATION(#16,'Body','SweptSolid',(#6365,#6375,#6385,#6395,#6403,#6411,#6419,#6427,#6435,#6445,#6455,#6465,#6475,#6485,#6495,#6508,#6521,#6534));
#6554=IFCPRODUCTDEFINITIONSHAPE($,$,(#6553));
#6555=IFCLOCALPLACEMENT(#23,#13);
#6556=IFCFURNITURE('23yK1zfIX1fukKdqa6pt7C',#5,'Cadira de la Rambla 3 \X2\00B7\X0\ Rambla chair 3',$,'Individual steel chair with arms, slatted seat and back, bolted to the paving',#6555,#6554,'RCAN-ELM-032',.CHAIR.);
#6557=IFCRELASSOCIATESMATERIAL('2DPV7AiVnB_ArnjUXqkv$g',#5,$,$,(#6556),#201);
#6558=IFCPROPERTYSINGLEVALUE('Material',$,IFCLABEL('Steel, powder-coated dark green'),$);
#6559=IFCPROPERTYSINGLEVALUE('Category',$,IFCLABEL('Steel'),$);
#6560=IFCPROPERTYSINGLEVALUE('MassDensity_kg_m3',$,IFCREAL(7850.),$);
#6561=IFCPROPERTYSET('2JaAYLMbP3pvOUUKokTWXS',#5,'Pset_CDE_Material',$,(#6558,#6559,#6560));
#6562=IFCRELDEFINESBYPROPERTIES('1EP5YRclbCOATpr6xofkkq',#5,$,$,(#6556),#6561);
#6563=IFCPROPERTYSINGLEVALUE('GeometrySource',$,IFCLABEL('Typical dimensions and detailing; position illustrative, chosen on the Rambla''s tree row'),$);
#6564=IFCPROPERTYSINGLEVALUE('Confidence',$,IFCLABEL('Low'),$);
#6565=IFCPROPERTYSINGLEVALUE('Reference',$,IFCLABEL('OSM way 306557216 (tree row) for the line; no OSM node for this object'),$);
#6566=IFCPROPERTYSET('3x$s9DgznAnOgPoe2EVSvb',#5,'Pset_CDE_Provenance',$,(#6563,#6564,#6565));
#6567=IFCRELDEFINESBYPROPERTIES('0kVxJq8CT1vwyaKbnMqEYz',#5,$,$,(#6556),#6566);
#6568=IFCPROPERTYSINGLEVALUE('SeatHeight_mm',$,IFCINTEGER(440),$);
#6569=IFCPROPERTYSINGLEVALUE('Width_mm',$,IFCINTEGER(460),$);
#6570=IFCPROPERTYSINGLEVALUE('Fixing',$,IFCLABEL('Two M10 anchors per leg pair'),$);
#6571=IFCPROPERTYSET('01pRQoo0fApfH$Z6v9RGcE',#5,'Pset_CDE_Specification',$,(#6568,#6569,#6570));
#6572=IFCRELDEFINESBYPROPERTIES('3Yb9iXZoz1sAqPTMOdUSl4',#5,$,$,(#6556),#6571);
#6573=IFCPROPERTYSINGLEVALUE('DataStatus',$,IFCLABEL('Illustrative demo values \X2\2014\X0\ not the owner''s as-built register'),$);
#6574=IFCPROPERTYSINGLEVALUE('AssetOwner',$,IFCLABEL('Ajuntament de Barcelona (operator per OSM; register values are demo)'),$);
#6575=IFCPROPERTYSINGLEVALUE('Manufacturer',$,IFCLABEL('Demo street-furniture maker'),$);
#6576=IFCPROPERTYSINGLEVALUE('Model',$,IFCLABEL('Rambla chair, steel'),$);
#6577=IFCPROPERTYSINGLEVALUE('SerialNumber',$,IFCLABEL('BCN-MOB-RC-004'),$);
#6578=IFCPROPERTYSINGLEVALUE('LifecycleStatus',$,IFCLABEL('In service'),$);
#6579=IFCPROPERTYSINGLEVALUE('InstallationYear',$,IFCINTEGER(2016),$);
#6580=IFCPROPERTYSINGLEVALUE('LastInspection',$,IFCLABEL('2026-07-08'),$);
#6581=IFCPROPERTYSINGLEVALUE('InspectionInterval_months',$,IFCINTEGER(6),$);
#6582=IFCPROPERTYSINGLEVALUE('NextInspection',$,IFCLABEL('2027-01-08'),$);
#6583=IFCPROPERTYSINGLEVALUE('ConditionIndex_1to5',$,IFCINTEGER(3),$);
#6584=IFCPROPERTYSINGLEVALUE('WarrantyEnd',$,IFCLABEL('2021-12-31 (expired)'),$);
#6585=IFCPROPERTYSINGLEVALUE('MaintenanceContractor',$,IFCLABEL('Demo contractor \X2\2014\X0\ street furniture and paving'),$);
#6586=IFCPROPERTYSINGLEVALUE('MaintenanceStrategy',$,IFCLABEL('Condition-based'),$);
#6587=IFCPROPERTYSINGLEVALUE('Note',$,IFCLABEL('Loose anchor, re-fixing scheduled (demo)'),$);
#6588=IFCPROPERTYSET('2zesi95S14xQz1z9veXWxc',#5,'Pset_CDE_AssetManagement (demo)',$,(#6573,#6574,#6575,#6576,#6577,#6578,#6579,#6580,#6581,#6582,#6583,#6584,#6585,#6586,#6587));
#6589=IFCRELDEFINESBYPROPERTIES('13gUiIgWD8KQlEAjHWboIr',#5,$,$,(#6556),#6588);
#6590=IFCCARTESIANPOINT((0.,0.));
#6591=IFCDIRECTION((1.,0.));
#6592=IFCAXIS2PLACEMENT2D(#6590,#6591);
#6593=IFCCIRCLEPROFILEDEF(.AREA.,$,#6592,0.012);
#6594=IFCCARTESIANPOINT((0.14673339937622729,3.20096380946544,0.));
#6595=IFCDIRECTION((0.03191058483442149,-0.010925435169580073,0.9994310128477505));
#6596=IFCDIRECTION((-0.,0.9999402548125977,0.010931002027123061));
#6597=IFCAXIS2PLACEMENT3D(#6594,#6595,#6596);
#6598=IFCDIRECTION((0.,0.,1.));
#6599=IFCEXTRUDEDAREASOLID(#6593,#6597,#6598,0.4402504968764942);
#6600=IFCCARTESIANPOINT((0.,0.));
#6601=IFCDIRECTION((1.,0.));
#6602=IFCAXIS2PLACEMENT2D(#6600,#6601);
#6603=IFCCIRCLEPROFILEDEF(.AREA.,$,#6602,0.012);
#6604=IFCCARTESIANPOINT((0.5239049811956858,3.385738260804924,0.));
#6605=IFCDIRECTION((-0.01092543516957957,-0.031910584834421676,0.9994310128477505));
#6606=IFCDIRECTION((-0.,0.9994906667964635,0.031912489510549036));
#6607=IFCAXIS2PLACEMENT3D(#6604,#6605,#6606);
#6608=IFCDIRECTION((0.,0.,1.));
#6609=IFCEXTRUDEDAREASOLID(#6603,#6607,#6608,0.4402504968764942);
#6610=IFCCARTESIANPOINT((0.,0.));
#6611=IFCDIRECTION((1.,0.));
#6612=IFCAXIS2PLACEMENT2D(#6610,#6611);
#6613=IFCCIRCLEPROFILEDEF(.AREA.,$,#6612,0.012);
#6614=IFCCARTESIANPOINT((0.33150785071571154,2.823792227645981,0.));
#6615=IFCDIRECTION((0.010925435169579695,0.031910584834421676,0.9994310128477505));
#6616=IFCDIRECTION((0.,0.9994906667964635,-0.031912489510549036));
#6617=IFCAXIS2PLACEMENT3D(#6614,#6615,#6616);
#6618=IFCDIRECTION((0.,0.,1.));
#6619=IFCEXTRUDEDAREASOLID(#6613,#6617,#6618,0.4402504968764942);
#6620=IFCCARTESIANPOINT((0.,0.));
#6621=IFCDIRECTION((1.,0.));
#6622=IFCAXIS2PLACEMENT2D(#6620,#6621);
#6623=IFCCIRCLEPROFILEDEF(.AREA.,$,#6622,0.012);
#6624=IFCCARTESIANPOINT((0.7086794325351701,3.008566678985465,0.));
#6625=IFCDIRECTION((-0.03191058483442143,0.010925435169580073,0.9994310128477505));
#6626=IFCDIRECTION((0.,0.9999402548125977,-0.010931002027123061));
#6627=IFCAXIS2PLACEMENT3D(#6624,#6625,#6626);
#6628=IFCDIRECTION((0.,0.,1.));
#6629=IFCEXTRUDEDAREASOLID(#6623,#6627,#6628,0.4402504968764942);
#6630=IFCCARTESIANPOINT((0.,0.));
#6631=IFCDIRECTION((0.43993916985591486,-0.8980275757606158));
#6632=IFCAXIS2PLACEMENT2D(#6630,#6631);
#6633=IFCRECTANGLEPROFILEDEF(.AREA.,$,#6632,0.46,0.44);
#6634=IFCCARTESIANPOINT((0.4277064159556987,3.1047652442254523,0.44));
#6635=IFCAXIS2PLACEMENT3D(#6634,$,$);
#6636=IFCDIRECTION((0.,0.,1.));
#6637=IFCEXTRUDEDAREASOLID(#6633,#6635,#6636,0.02);
#6638=IFCCARTESIANPOINT((0.,0.));
#6639=IFCDIRECTION((0.43993916985591486,-0.8980275757606158));
#6640=IFCAXIS2PLACEMENT2D(#6638,#6639);
#6641=IFCRECTANGLEPROFILEDEF(.AREA.,$,#6640,0.46,0.03999999999999998);
#6642=IFCCARTESIANPOINT((0.2930022795916063,3.038774368747065,0.43));
#6643=IFCAXIS2PLACEMENT3D(#6642,$,$);
#6644=IFCDIRECTION((0.,0.,1.));
#6645=IFCEXTRUDEDAREASOLID(#6641,#6643,#6644,0.012);
#6646=IFCCARTESIANPOINT((0.,0.));
#6647=IFCDIRECTION((0.43993916985591486,-0.8980275757606158));
#6648=IFCAXIS2PLACEMENT2D(#6646,#6647);
#6649=IFCRECTANGLEPROFILEDEF(.AREA.,$,#6648,0.46,0.04000000000000001);
#6650=IFCCARTESIANPOINT((0.3828050371676679,3.0827682857326564,0.43));
#6651=IFCAXIS2PLACEMENT3D(#6650,$,$);
#6652=IFCDIRECTION((0.,0.,1.));
#6653=IFCEXTRUDEDAREASOLID(#6649,#6651,#6652,0.012);
#6654=IFCCARTESIANPOINT((0.,0.));
#6655=IFCDIRECTION((0.43993916985591486,-0.8980275757606158));
#6656=IFCAXIS2PLACEMENT2D(#6654,#6655);
#6657=IFCRECTANGLEPROFILEDEF(.AREA.,$,#6656,0.46,0.04000000000000001);
#6658=IFCCARTESIANPOINT((0.4726077947437295,3.1267622027182482,0.43));
#6659=IFCAXIS2PLACEMENT3D(#6658,$,$);
#6660=IFCDIRECTION((0.,0.,1.));
#6661=IFCEXTRUDEDAREASOLID(#6657,#6659,#6660,0.012);
#6662=IFCCARTESIANPOINT((0.,0.));
#6663=IFCDIRECTION((0.43993916985591486,-0.8980275757606158));
#6664=IFCAXIS2PLACEMENT2D(#6662,#6663);
#6665=IFCRECTANGLEPROFILEDEF(.AREA.,$,#6664,0.46,0.03999999999999998);
#6666=IFCCARTESIANPOINT((0.5624105523197911,3.1707561197038396,0.43));
#6667=IFCAXIS2PLACEMENT3D(#6666,$,$);
#6668=IFCDIRECTION((0.,0.,1.));
#6669=IFCEXTRUDEDAREASOLID(#6665,#6667,#6668,0.012);
#6670=IFCCARTESIANPOINT((0.,0.));
#6671=IFCDIRECTION((1.,0.));
#6672=IFCAXIS2PLACEMENT2D(#6670,#6671);
#6673=IFCCIRCLEPROFILEDEF(.AREA.,$,#6672,0.011);
#6674=IFCCARTESIANPOINT((0.14673339937622729,3.20096380946544,0.44));
#6675=IFCDIRECTION((-0.08514117961278245,-0.0417102335055532,0.9954954725939522));
#6676=IFCDIRECTION((-0.,0.9991233922274015,0.041862239596204984));
#6677=IFCAXIS2PLACEMENT3D(#6674,#6675,#6676);
#6678=IFCDIRECTION((0.,0.,1.));
#6679=IFCEXTRUDEDAREASOLID(#6673,#6677,#6678,0.4219004621945797);
#6680=IFCCARTESIANPOINT((0.,0.));
#6681=IFCDIRECTION((1.,0.));
#6682=IFCAXIS2PLACEMENT2D(#6680,#6681);
#6683=IFCCIRCLEPROFILEDEF(.AREA.,$,#6682,0.01);
#6684=IFCCARTESIANPOINT((0.14673339937622729,3.20096380946544,0.66));
#6685=IFCDIRECTION((0.8980275757606156,0.43993916985591486,0.));
#6686=IFCDIRECTION((0.4399391698559149,-0.8980275757606158,0.));
#6687=IFCAXIS2PLACEMENT3D(#6684,#6685,#6686);
#6688=IFCDIRECTION((0.,0.,1.));
#6689=IFCEXTRUDEDAREASOLID(#6683,#6687,#6688,0.37000000000000005);
#6690=IFCCARTESIANPOINT((0.,0.));
#6691=IFCDIRECTION((1.,0.));
#6692=IFCAXIS2PLACEMENT2D(#6690,#6691);
#6693=IFCCIRCLEPROFILEDEF(.AREA.,$,#6692,0.01);
#6694=IFCCARTESIANPOINT((0.4790036024076551,3.3637413023121283,0.66));
#6695=IFCDIRECTION((0.,0.,-1.));
#6696=IFCDIRECTION((0.,-1.,0.));
#6697=IFCAXIS2PLACEMENT3D(#6694,#6695,#6696);
#6698=IFCDIRECTION((0.,0.,1.));
#6699=IFCEXTRUDEDAREASOLID(#6693,#6697,#6698,0.21000000000000002);
#6700=IFCCARTESIANPOINT((0.,0.));
#6701=IFCDIRECTION((1.,0.));
#6702=IFCAXIS2PLACEMENT2D(#6700,#6701);
#6703=IFCCIRCLEPROFILEDEF(.AREA.,$,#6702,0.011);
#6704=IFCCARTESIANPOINT((0.33150785071571154,2.823792227645981,0.44));
#6705=IFCDIRECTION((-0.08514117961278252,-0.0417102335055532,0.9954954725939522));
#6706=IFCDIRECTION((-0.,0.9991233922274015,0.041862239596204984));
#6707=IFCAXIS2PLACEMENT3D(#6704,#6705,#6706);
#6708=IFCDIRECTION((0.,0.,1.));
#6709=IFCEXTRUDEDAREASOLID(#6703,#6707,#6708,0.4219004621945797);
#6710=IFCCARTESIANPOINT((0.,0.));
#6711=IFCDIRECTION((1.,0.));
#6712=IFCAXIS2PLACEMENT2D(#6710,#6711);
#6713=IFCCIRCLEPROFILEDEF(.AREA.,$,#6712,0.01);
#6714=IFCCARTESIANPOINT((0.33150785071571154,2.823792227645981,0.66));
#6715=IFCDIRECTION((0.8980275757606156,0.43993916985591486,0.));
#6716=IFCDIRECTION((0.4399391698559149,-0.8980275757606158,0.));
#6717=IFCAXIS2PLACEMENT3D(#6714,#6715,#6716);
#6718=IFCDIRECTION((0.,0.,1.));
#6719=IFCEXTRUDEDAREASOLID(#6713,#6717,#6718,0.37000000000000005);
#6720=IFCCARTESIANPOINT((0.,0.));
#6721=IFCDIRECTION((1.,0.));
#6722=IFCAXIS2PLACEMENT2D(#6720,#6721);
#6723=IFCCIRCLEPROFILEDEF(.AREA.,$,#6722,0.01);
#6724=IFCCARTESIANPOINT((0.6637780537471394,2.9865697204926693,0.66));
#6725=IFCDIRECTION((0.,0.,-1.));
#6726=IFCDIRECTION((0.,-1.,0.));
#6727=IFCAXIS2PLACEMENT3D(#6724,#6725,#6726);
#6728=IFCDIRECTION((0.,0.,1.));
#6729=IFCEXTRUDEDAREASOLID(#6723,#6727,#6728,0.21000000000000002);
#6730=IFCCARTESIANPOINT((0.3309197985873974,3.3023313108927876,0.));
#6731=IFCDIRECTION((0.4399391698559149,-0.8980275757606158,0.));
#6732=IFCDIRECTION((0.8980275757606158,0.4399391698559149,0.));
#6733=IFCAXIS2PLACEMENT3D(#6730,#6731,#6732);
#6734=IFCCARTESIANPOINT((-0.235,0.56));
#6735=IFCCARTESIANPOINT((-0.225,0.56));
#6736=IFCCARTESIANPOINT((-0.225,0.62));
#6737=IFCCARTESIANPOINT((-0.235,0.62));
#6738=IFCCARTESIANPOINT((-0.235,0.56));
#6739=IFCPOLYLINE((#6734,#6735,#6736,#6737,#6738));
#6740=IFCARBITRARYCLOSEDPROFILEDEF(.AREA.,$,#6739);
#6741=IFCDIRECTION((0.,0.,1.));
#6742=IFCEXTRUDEDAREASOLID(#6740,#6733,#6741,0.44);
#6743=IFCCARTESIANPOINT((0.3309197985873974,3.3023313108927876,0.));
#6744=IFCDIRECTION((0.4399391698559149,-0.8980275757606158,0.));
#6745=IFCDIRECTION((0.8980275757606158,0.4399391698559149,0.));
#6746=IFCAXIS2PLACEMENT3D(#6743,#6744,#6745);
#6747=IFCCARTESIANPOINT((-0.22499999999999998,0.66));
#6748=IFCCARTESIANPOINT((-0.215,0.66));
#6749=IFCCARTESIANPOINT((-0.215,0.72));
#6750=IFCCARTESIANPOINT((-0.22499999999999998,0.72));
#6751=IFCCARTESIANPOINT((-0.22499999999999998,0.66));
#6752=IFCPOLYLINE((#6747,#6748,#6749,#6750,#6751));
#6753=IFCARBITRARYCLOSEDPROFILEDEF(.AREA.,$,#6752);
#6754=IFCDIRECTION((0.,0.,1.));
#6755=IFCEXTRUDEDAREASOLID(#6753,#6746,#6754,0.44);
#6756=IFCCARTESIANPOINT((0.3309197985873974,3.3023313108927876,0.));
#6757=IFCDIRECTION((0.4399391698559149,-0.8980275757606158,0.));
#6758=IFCDIRECTION((0.8980275757606158,0.4399391698559149,0.));
#6759=IFCAXIS2PLACEMENT3D(#6756,#6757,#6758);
#6760=IFCCARTESIANPOINT((-0.215,0.76));
#6761=IFCCARTESIANPOINT((-0.20500000000000002,0.76));
#6762=IFCCARTESIANPOINT((-0.20500000000000002,0.8200000000000001));
#6763=IFCCARTESIANPOINT((-0.215,0.8200000000000001));
#6764=IFCCARTESIANPOINT((-0.215,0.76));
#6765=IFCPOLYLINE((#6760,#6761,#6762,#6763,#6764));
#6766=IFCARBITRARYCLOSEDPROFILEDEF(.AREA.,$,#6765);
#6767=IFCDIRECTION((0.,0.,1.));
#6768=IFCEXTRUDEDAREASOLID(#6766,#6759,#6767,0.44);
#6769=IFCSTYLEDITEM(#6599,(#200),$);
#6770=IFCSTYLEDITEM(#6609,(#200),$);
#6771=IFCSTYLEDITEM(#6619,(#200),$);
#6772=IFCSTYLEDITEM(#6629,(#200),$);
#6773=IFCSTYLEDITEM(#6637,(#200),$);
#6774=IFCSTYLEDITEM(#6645,(#200),$);
#6775=IFCSTYLEDITEM(#6653,(#200),$);
#6776=IFCSTYLEDITEM(#6661,(#200),$);
#6777=IFCSTYLEDITEM(#6669,(#200),$);
#6778=IFCSTYLEDITEM(#6679,(#200),$);
#6779=IFCSTYLEDITEM(#6689,(#200),$);
#6780=IFCSTYLEDITEM(#6699,(#200),$);
#6781=IFCSTYLEDITEM(#6709,(#200),$);
#6782=IFCSTYLEDITEM(#6719,(#200),$);
#6783=IFCSTYLEDITEM(#6729,(#200),$);
#6784=IFCSTYLEDITEM(#6742,(#200),$);
#6785=IFCSTYLEDITEM(#6755,(#200),$);
#6786=IFCSTYLEDITEM(#6768,(#200),$);
#6787=IFCSHAPEREPRESENTATION(#16,'Body','SweptSolid',(#6599,#6609,#6619,#6629,#6637,#6645,#6653,#6661,#6669,#6679,#6689,#6699,#6709,#6719,#6729,#6742,#6755,#6768));
#6788=IFCPRODUCTDEFINITIONSHAPE($,$,(#6787));
#6789=IFCLOCALPLACEMENT(#23,#13);
#6790=IFCFURNITURE('3znlnMlrH3ehXZc0CktM43',#5,'Cadira de la Rambla 4 \X2\00B7\X0\ Rambla chair 4',$,'Individual steel chair with arms, slatted seat and back, bolted to the paving',#6789,#6788,'RCAN-ELM-033',.CHAIR.);
#6791=IFCRELASSOCIATESMATERIAL('1QITIJbCH7DfSWxfbonF4Z',#5,$,$,(#6790),#201);
#6792=IFCPROPERTYSINGLEVALUE('Material',$,IFCLABEL('Steel, powder-coated dark green'),$);
#6793=IFCPROPERTYSINGLEVALUE('Category',$,IFCLABEL('Steel'),$);
#6794=IFCPROPERTYSINGLEVALUE('MassDensity_kg_m3',$,IFCREAL(7850.),$);
#6795=IFCPROPERTYSET('25S1OnBKH73f$Zxd2EThyL',#5,'Pset_CDE_Material',$,(#6792,#6793,#6794));
#6796=IFCRELDEFINESBYPROPERTIES('1jbPVkwMvAF8sU4N0ihhFo',#5,$,$,(#6790),#6795);
#6797=IFCPROPERTYSINGLEVALUE('GeometrySource',$,IFCLABEL('Typical dimensions and detailing; position illustrative, chosen on the Rambla''s tree row'),$);
#6798=IFCPROPERTYSINGLEVALUE('Confidence',$,IFCLABEL('Low'),$);
#6799=IFCPROPERTYSINGLEVALUE('Reference',$,IFCLABEL('OSM way 306557216 (tree row) for the line; no OSM node for this object'),$);
#6800=IFCPROPERTYSET('2Y89bYbc13VRUHUd1v4Iw4',#5,'Pset_CDE_Provenance',$,(#6797,#6798,#6799));
#6801=IFCRELDEFINESBYPROPERTIES('1bizv2Ae1EZwSrYlqlU54B',#5,$,$,(#6790),#6800);
#6802=IFCPROPERTYSINGLEVALUE('SeatHeight_mm',$,IFCINTEGER(440),$);
#6803=IFCPROPERTYSINGLEVALUE('Width_mm',$,IFCINTEGER(460),$);
#6804=IFCPROPERTYSINGLEVALUE('Fixing',$,IFCLABEL('Two M10 anchors per leg pair'),$);
#6805=IFCPROPERTYSET('3Z$aEkdqDClPBnGNt3jReV',#5,'Pset_CDE_Specification',$,(#6802,#6803,#6804));
#6806=IFCRELDEFINESBYPROPERTIES('0Gx42Nhtz4LROiMNAJtRMM',#5,$,$,(#6790),#6805);
#6807=IFCPROPERTYSINGLEVALUE('DataStatus',$,IFCLABEL('Illustrative demo values \X2\2014\X0\ not the owner''s as-built register'),$);
#6808=IFCPROPERTYSINGLEVALUE('AssetOwner',$,IFCLABEL('Ajuntament de Barcelona (operator per OSM; register values are demo)'),$);
#6809=IFCPROPERTYSINGLEVALUE('Manufacturer',$,IFCLABEL('Demo street-furniture maker'),$);
#6810=IFCPROPERTYSINGLEVALUE('Model',$,IFCLABEL('Rambla chair, steel'),$);
#6811=IFCPROPERTYSINGLEVALUE('SerialNumber',$,IFCLABEL('BCN-MOB-RC-005'),$);
#6812=IFCPROPERTYSINGLEVALUE('LifecycleStatus',$,IFCLABEL('In service'),$);
#6813=IFCPROPERTYSINGLEVALUE('InstallationYear',$,IFCINTEGER(2016),$);
#6814=IFCPROPERTYSINGLEVALUE('LastInspection',$,IFCLABEL('2026-07-08'),$);
#6815=IFCPROPERTYSINGLEVALUE('InspectionInterval_months',$,IFCINTEGER(6),$);
#6816=IFCPROPERTYSINGLEVALUE('NextInspection',$,IFCLABEL('2027-01-08'),$);
#6817=IFCPROPERTYSINGLEVALUE('ConditionIndex_1to5',$,IFCINTEGER(4),$);
#6818=IFCPROPERTYSINGLEVALUE('WarrantyEnd',$,IFCLABEL('2021-12-31 (expired)'),$);
#6819=IFCPROPERTYSINGLEVALUE('MaintenanceContractor',$,IFCLABEL('Demo contractor \X2\2014\X0\ street furniture and paving'),$);
#6820=IFCPROPERTYSINGLEVALUE('MaintenanceStrategy',$,IFCLABEL('Condition-based'),$);
#6821=IFCPROPERTYSET('2tORZJhLT0Uvw_VsqqlGPd',#5,'Pset_CDE_AssetManagement (demo)',$,(#6807,#6808,#6809,#6810,#6811,#6812,#6813,#6814,#6815,#6816,#6817,#6818,#6819,#6820));
#6822=IFCRELDEFINESBYPROPERTIES('2dHohmbVH3ZP5JAYYGcukQ',#5,$,$,(#6790),#6821);
#6823=IFCCARTESIANPOINT((0.,0.));
#6824=IFCDIRECTION((1.,0.));
#6825=IFCAXIS2PLACEMENT2D(#6823,#6824);
#6826=IFCCIRCLEPROFILEDEF(.AREA.,$,#6825,0.03);
#6827=IFCCARTESIANPOINT((1.9017205102072665,-2.6317216990132173,0.));
#6828=IFCAXIS2PLACEMENT3D(#6827,$,$);
#6829=IFCDIRECTION((0.,0.,1.));
#6830=IFCEXTRUDEDAREASOLID(#6826,#6828,#6829,0.95);
#6831=IFCCARTESIANPOINT((0.,0.));
#6832=IFCDIRECTION((1.,0.));
#6833=IFCAXIS2PLACEMENT2D(#6831,#6832);
#6834=IFCCIRCLEHOLLOWPROFILEDEF(.AREA.,$,#6833,0.21,0.01999999999999999);
#6835=IFCCARTESIANPOINT((2.117247128389814,-2.5261362982477977,0.32));
#6836=IFCAXIS2PLACEMENT3D(#6835,$,$);
#6837=IFCDIRECTION((0.,0.,1.));
#6838=IFCEXTRUDEDAREASOLID(#6834,#6836,#6837,0.62);
#6839=IFCCARTESIANPOINT((0.,0.));
#6840=IFCDIRECTION((1.,0.));
#6841=IFCAXIS2PLACEMENT2D(#6839,#6840);
#6842=IFCCIRCLEPROFILEDEF(.AREA.,$,#6841,0.19);
#6843=IFCCARTESIANPOINT((2.117247128389814,-2.5261362982477977,0.32));
#6844=IFCAXIS2PLACEMENT3D(#6843,$,$);
#6845=IFCDIRECTION((0.,0.,1.));
#6846=IFCEXTRUDEDAREASOLID(#6842,#6844,#6845,0.02);
#6847=IFCSTYLEDITEM(#6830,(#209),$);
#6848=IFCSTYLEDITEM(#6838,(#209),$);
#6849=IFCSTYLEDITEM(#6846,(#209),$);
#6850=IFCSHAPEREPRESENTATION(#16,'Body','SweptSolid',(#6830,#6838,#6846));
#6851=IFCPRODUCTDEFINITIONSHAPE($,$,(#6850));
#6852=IFCLOCALPLACEMENT(#23,#13);
#6853=IFCFURNITURE('1s1ONr9xn5UPMjK6S$bnNm',#5,'Paperera \X2\00B7\X0\ Litter bin',$,'Litter bin 60 l on post',#6852,#6851,'RCAN-ELM-034',.USERDEFINED.);
#6854=IFCRELASSOCIATESMATERIAL('2i5KERx7f3dOfiwbpdV7vO',#5,$,$,(#6853),#210);
#6855=IFCPROPERTYSINGLEVALUE('Material',$,IFCLABEL('Powder-coated steel, dark green-grey'),$);
#6856=IFCPROPERTYSINGLEVALUE('Category',$,IFCLABEL('Steel'),$);
#6857=IFCPROPERTYSINGLEVALUE('MassDensity_kg_m3',$,IFCREAL(7850.),$);
#6858=IFCPROPERTYSET('0WNIaHAAj8wAawtjJdCW6v',#5,'Pset_CDE_Material',$,(#6855,#6856,#6857));
#6859=IFCRELDEFINESBYPROPERTIES('0DpFYM3Ij9CgDYrWxRTabE',#5,$,$,(#6853),#6858);
#6860=IFCPROPERTYSINGLEVALUE('GeometrySource',$,IFCLABEL('Typical dimensions and detailing; position illustrative, chosen on the Rambla''s tree row'),$);
#6861=IFCPROPERTYSINGLEVALUE('Confidence',$,IFCLABEL('Low'),$);
#6862=IFCPROPERTYSINGLEVALUE('Reference',$,IFCLABEL('OSM way 306557216 (tree row) for the line; no OSM node for this object'),$);
#6863=IFCPROPERTYSET('3CkPo17RTAcROPHHqtvJF1',#5,'Pset_CDE_Provenance',$,(#6860,#6861,#6862));
#6864=IFCRELDEFINESBYPROPERTIES('3Dc6v6roDDNxgxJOWH3sq6',#5,$,$,(#6853),#6863);
#6865=IFCPROPERTYSINGLEVALUE('Volume_l',$,IFCINTEGER(60),$);
#6866=IFCPROPERTYSET('38vbUButr90ROSBFuW6ZQQ',#5,'Pset_CDE_Specification',$,(#6865));
#6867=IFCRELDEFINESBYPROPERTIES('2MSnZcItf2rQsx1BDIZy48',#5,$,$,(#6853),#6866);
#6868=IFCPROPERTYSINGLEVALUE('DataStatus',$,IFCLABEL('Illustrative demo values \X2\2014\X0\ not the owner''s as-built register'),$);
#6869=IFCPROPERTYSINGLEVALUE('AssetOwner',$,IFCLABEL('Ajuntament de Barcelona (operator per OSM; register values are demo)'),$);
#6870=IFCPROPERTYSINGLEVALUE('Manufacturer',$,IFCLABEL('Demo street-furniture maker'),$);
#6871=IFCPROPERTYSINGLEVALUE('Model',$,IFCLABEL('Post bin 60 l'),$);
#6872=IFCPROPERTYSINGLEVALUE('SerialNumber',$,IFCLABEL('BCN-MOB-RC-006'),$);
#6873=IFCPROPERTYSINGLEVALUE('LifecycleStatus',$,IFCLABEL('In service'),$);
#6874=IFCPROPERTYSINGLEVALUE('InstallationYear',$,IFCINTEGER(2016),$);
#6875=IFCPROPERTYSINGLEVALUE('LastInspection',$,IFCLABEL('2026-07-08'),$);
#6876=IFCPROPERTYSINGLEVALUE('InspectionInterval_months',$,IFCINTEGER(1),$);
#6877=IFCPROPERTYSINGLEVALUE('NextInspection',$,IFCLABEL('2026-08-08'),$);
#6878=IFCPROPERTYSINGLEVALUE('ConditionIndex_1to5',$,IFCINTEGER(4),$);
#6879=IFCPROPERTYSINGLEVALUE('WarrantyEnd',$,IFCLABEL('2021-12-31 (expired)'),$);
#6880=IFCPROPERTYSINGLEVALUE('MaintenanceContractor',$,IFCLABEL('Demo contractor \X2\2014\X0\ street furniture and paving'),$);
#6881=IFCPROPERTYSINGLEVALUE('MaintenanceStrategy',$,IFCLABEL('Condition-based'),$);
#6882=IFCPROPERTYSINGLEVALUE('EmptyingFrequency',$,IFCLABEL('4\X2\00D7\X0\ daily (demo)'),$);
#6883=IFCPROPERTYSET('35IeVCso97GvHmatX0NrKl',#5,'Pset_CDE_AssetManagement (demo)',$,(#6868,#6869,#6870,#6871,#6872,#6873,#6874,#6875,#6876,#6877,#6878,#6879,#6880,#6881,#6882));
#6884=IFCRELDEFINESBYPROPERTIES('14KnulrUrB78$N8Rfchb4X',#5,$,$,(#6853),#6883);
#6885=IFCCARTESIANPOINT((0.,0.));
#6886=IFCDIRECTION((0.43993916985591486,-0.8980275757606158));
#6887=IFCAXIS2PLACEMENT2D(#6885,#6886);
#6888=IFCRECTANGLEPROFILEDEF(.AREA.,$,#6887,1.4,0.06000000000000005);
#6889=IFCCARTESIANPOINT((-3.2116784757596126,5.665240756196537,0.));
#6890=IFCAXIS2PLACEMENT3D(#6889,$,$);
#6891=IFCDIRECTION((0.,0.,1.));
#6892=IFCEXTRUDEDAREASOLID(#6888,#6890,#6891,0.035);
#6893=IFCCARTESIANPOINT((0.,0.));
#6894=IFCDIRECTION((0.43993916985591486,-0.8980275757606158));
#6895=IFCAXIS2PLACEMENT2D(#6893,#6894);
#6896=IFCRECTANGLEPROFILEDEF(.AREA.,$,#6895,1.4,0.06000000000000005);
#6897=IFCCARTESIANPOINT((-2.008321524240387,6.254759243803463,0.));
#6898=IFCAXIS2PLACEMENT3D(#6897,$,$);
#6899=IFCDIRECTION((0.,0.,1.));
#6900=IFCEXTRUDEDAREASOLID(#6896,#6898,#6899,0.035);
#6901=IFCCARTESIANPOINT((0.,0.));
#6902=IFCDIRECTION((0.43993916985591486,-0.8980275757606158));
#6903=IFCAXIS2PLACEMENT2D(#6901,#6902);
#6904=IFCRECTANGLEPROFILEDEF(.AREA.,$,#6903,0.06000000000000005,1.4);
#6905=IFCCARTESIANPOINT((-2.904759243803463,6.561678475759613,0.));
#6906=IFCAXIS2PLACEMENT3D(#6905,$,$);
#6907=IFCDIRECTION((0.,0.,1.));
#6908=IFCEXTRUDEDAREASOLID(#6904,#6906,#6907,0.035);
#6909=IFCCARTESIANPOINT((0.,0.));
#6910=IFCDIRECTION((0.43993916985591486,-0.8980275757606158));
#6911=IFCAXIS2PLACEMENT2D(#6909,#6910);
#6912=IFCRECTANGLEPROFILEDEF(.AREA.,$,#6911,0.06000000000000005,1.4);
#6913=IFCCARTESIANPOINT((-2.3152407561965367,5.358321524240387,0.));
#6914=IFCAXIS2PLACEMENT3D(#6913,$,$);
#6915=IFCDIRECTION((0.,0.,1.));
#6916=IFCEXTRUDEDAREASOLID(#6912,#6914,#6915,0.035);
#6917=IFCCARTESIANPOINT((0.,0.));
#6918=IFCDIRECTION((1.,0.));
#6919=IFCAXIS2PLACEMENT2D(#6917,#6918);
#6920=IFCCIRCLEHOLLOWPROFILEDEF(.AREA.,$,#6919,0.3,0.04999999999999999);
#6921=IFCCARTESIANPOINT((-2.61,5.96,0.));
#6922=IFCAXIS2PLACEMENT3D(#6921,$,$);
#6923=IFCDIRECTION((0.,0.,1.));
#6924=IFCEXTRUDEDAREASOLID(#6920,#6922,#6923,0.035);
#6925=IFCCARTESIANPOINT((0.,0.));
#6926=IFCDIRECTION((0.43993916985591425,-0.8980275757606161));
#6927=IFCAXIS2PLACEMENT2D(#6925,#6926);
#6928=IFCRECTANGLEPROFILEDEF(.AREA.,$,#6927,0.3600000000000004,0.03);
#6929=IFCCARTESIANPOINT((-2.3988291984691603,5.528946763634904,0.));
#6930=IFCAXIS2PLACEMENT3D(#6929,$,$);
#6931=IFCDIRECTION((0.,0.,1.));
#6932=IFCEXTRUDEDAREASOLID(#6928,#6930,#6931,0.035);
#6933=IFCCARTESIANPOINT((0.,0.));
#6934=IFCDIRECTION((0.9460853588275451,-0.32391741819815));
#6935=IFCAXIS2PLACEMENT2D(#6933,#6934);
#6936=IFCRECTANGLEPROFILEDEF(.AREA.,$,#6935,0.6333809511662432,0.03);
#6937=IFCCARTESIANPOINT((-2.0265581701224127,5.760243213321726,0.));
#6938=IFCAXIS2PLACEMENT3D(#6937,$,$);
#6939=IFCDIRECTION((0.,0.,1.));
#6940=IFCEXTRUDEDAREASOLID(#6936,#6938,#6939,0.035);
#6941=IFCCARTESIANPOINT((0.,0.));
#6942=IFCDIRECTION((0.8980275757606162,0.43993916985591386));
#6943=IFCAXIS2PLACEMENT2D(#6941,#6942);
#6944=IFCRECTANGLEPROFILEDEF(.AREA.,$,#6943,0.35999999999999976,0.03);
#6945=IFCCARTESIANPOINT((-2.1789467636349045,6.171170801530839,0.));
#6946=IFCAXIS2PLACEMENT3D(#6945,$,$);
#6947=IFCDIRECTION((0.,0.,1.));
#6948=IFCEXTRUDEDAREASOLID(#6944,#6946,#6947,0.035);
#6949=IFCCARTESIANPOINT((0.,0.));
#6950=IFCDIRECTION((0.32391741819815,0.9460853588275451));
#6951=IFCAXIS2PLACEMENT2D(#6949,#6950);
#6952=IFCRECTANGLEPROFILEDEF(.AREA.,$,#6951,0.6333809511662417,0.03);
#6953=IFCCARTESIANPOINT((-2.410243213321726,6.543441829877587,0.));
#6954=IFCAXIS2PLACEMENT3D(#6953,$,$);
#6955=IFCDIRECTION((0.,0.,1.));
#6956=IFCEXTRUDEDAREASOLID(#6952,#6954,#6955,0.035);
#6957=IFCCARTESIANPOINT((0.,0.));
#6958=IFCDIRECTION((-0.43993916985591436,0.898027575760616));
#6959=IFCAXIS2PLACEMENT2D(#6957,#6958);
#6960=IFCRECTANGLEPROFILEDEF(.AREA.,$,#6959,0.3600000000000004,0.03);
#6961=IFCCARTESIANPOINT((-2.8211708015308394,6.391053236365096,0.));
#6962=IFCAXIS2PLACEMENT3D(#6961,$,$);
#6963=IFCDIRECTION((0.,0.,1.));
#6964=IFCEXTRUDEDAREASOLID(#6960,#6962,#6963,0.035);
#6965=IFCCARTESIANPOINT((0.,0.));
#6966=IFCDIRECTION((-0.9460853588275452,0.32391741819814984));
#6967=IFCAXIS2PLACEMENT2D(#6965,#6966);
#6968=IFCRECTANGLEPROFILEDEF(.AREA.,$,#6967,0.6333809511662432,0.03);
#6969=IFCCARTESIANPOINT((-3.193441829877587,6.159756786678274,0.));
#6970=IFCAXIS2PLACEMENT3D(#6969,$,$);
#6971=IFCDIRECTION((0.,0.,1.));
#6972=IFCEXTRUDEDAREASOLID(#6968,#6970,#6971,0.035);
#6973=IFCCARTESIANPOINT((0.,0.));
#6974=IFCDIRECTION((-0.8980275757606163,-0.4399391698559137));
#6975=IFCAXIS2PLACEMENT2D(#6973,#6974);
#6976=IFCRECTANGLEPROFILEDEF(.AREA.,$,#6975,0.35999999999999976,0.03);
#6977=IFCCARTESIANPOINT((-3.0410532363650953,5.748829198469161,0.));
#6978=IFCAXIS2PLACEMENT3D(#6977,$,$);
#6979=IFCDIRECTION((0.,0.,1.));
#6980=IFCEXTRUDEDAREASOLID(#6976,#6978,#6979,0.035);
#6981=IFCCARTESIANPOINT((0.,0.));
#6982=IFCDIRECTION((-0.3239174181981501,-0.9460853588275451));
#6983=IFCAXIS2PLACEMENT2D(#6981,#6982);
#6984=IFCRECTANGLEPROFILEDEF(.AREA.,$,#6983,0.6333809511662427,0.03);
#6985=IFCCARTESIANPOINT((-2.8097567866782738,5.376558170122413,0.));
#6986=IFCAXIS2PLACEMENT3D(#6985,$,$);
#6987=IFCDIRECTION((0.,0.,1.));
#6988=IFCEXTRUDEDAREASOLID(#6984,#6986,#6987,0.035);
#6989=IFCCARTESIANPOINT((0.,0.));
#6990=IFCDIRECTION((1.,0.));
#6991=IFCAXIS2PLACEMENT2D(#6989,#6990);
#6992=IFCCIRCLEHOLLOWPROFILEDEF(.AREA.,$,#6991,0.435,0.030000000000000027);
#6993=IFCCARTESIANPOINT((-2.61,5.96,0.));
#6994=IFCAXIS2PLACEMENT3D(#6993,$,$);
#6995=IFCDIRECTION((0.,0.,1.));
#6996=IFCEXTRUDEDAREASOLID(#6992,#6994,#6995,0.035);
#6997=IFCCARTESIANPOINT((0.,0.));
#6998=IFCDIRECTION((1.,0.));
#6999=IFCAXIS2PLACEMENT2D(#6997,#6998);
#7000=IFCCIRCLEHOLLOWPROFILEDEF(.AREA.,$,#6999,0.5650000000000001,0.030000000000000027);
#7001=IFCCARTESIANPOINT((-2.61,5.96,0.));
#7002=IFCAXIS2PLACEMENT3D(#7001,$,$);
#7003=IFCDIRECTION((0.,0.,1.));
#7004=IFCEXTRUDEDAREASOLID(#7000,#7002,#7003,0.035);
#7005=IFCSTYLEDITEM(#6892,(#38),$);
#7006=IFCSTYLEDITEM(#6900,(#38),$);
#7007=IFCSTYLEDITEM(#6908,(#38),$);
#7008=IFCSTYLEDITEM(#6916,(#38),$);
#7009=IFCSTYLEDITEM(#6924,(#38),$);
#7010=IFCSTYLEDITEM(#6932,(#38),$);
#7011=IFCSTYLEDITEM(#6940,(#38),$);
#7012=IFCSTYLEDITEM(#6948,(#38),$);
#7013=IFCSTYLEDITEM(#6956,(#38),$);
#7014=IFCSTYLEDITEM(#6964,(#38),$);
#7015=IFCSTYLEDITEM(#6972,(#38),$);
#7016=IFCSTYLEDITEM(#6980,(#38),$);
#7017=IFCSTYLEDITEM(#6988,(#38),$);
#7018=IFCSTYLEDITEM(#6996,(#38),$);
#7019=IFCSTYLEDITEM(#7004,(#38),$);
#7020=IFCSHAPEREPRESENTATION(#16,'Body','SweptSolid',(#6892,#6900,#6908,#6916,#6924,#6932,#6940,#6948,#6956,#6964,#6972,#6980,#6988,#6996,#7004));
#7021=IFCPRODUCTDEFINITIONSHAPE($,$,(#7020));
#7022=IFCLOCALPLACEMENT(#23,#13);
#7023=IFCCOVERING('2zakUgMQT839jQpuw1a0fc',#5,'Escocell 1 \X2\00B7\X0\ Tree grate',$,'Cast-iron tree grate 1 400 \X2\00D7\X0\ 1 400',#7022,#7021,'RCAN-COV-002',.USERDEFINED.);
#7024=IFCRELASSOCIATESMATERIAL('0$eJQhV7jF1gVnUCqaTmrD',#5,$,$,(#7023),#39);
#7025=IFCPROPERTYSINGLEVALUE('Material',$,IFCLABEL('Cast iron, painted dark grey'),$);
#7026=IFCPROPERTYSINGLEVALUE('Category',$,IFCLABEL('Iron'),$);
#7027=IFCPROPERTYSINGLEVALUE('MassDensity_kg_m3',$,IFCREAL(7200.),$);
#7028=IFCPROPERTYSET('2kQ0h$5sz21RPcmowBV_DE',#5,'Pset_CDE_Material',$,(#7025,#7026,#7027));
#7029=IFCRELDEFINESBYPROPERTIES('0b7M6oDof8eA1_bN7Hv1Yz',#5,$,$,(#7023),#7028);
#7030=IFCPROPERTYSINGLEVALUE('GeometrySource',$,IFCLABEL('On OSM tree row way 306557216 (ODbL); position along it typical'),$);
#7031=IFCPROPERTYSINGLEVALUE('Confidence',$,IFCLABEL('Low'),$);
#7032=IFCPROPERTYSINGLEVALUE('Reference',$,IFCLABEL('OSM tree_row way 306557216 (Platanus), position along it typical (spacing ~6.5 m)'),$);
#7033=IFCPROPERTYSET('0_T7ULYQ105fK5364xA3WV',#5,'Pset_CDE_Provenance',$,(#7030,#7031,#7032));
#7034=IFCRELDEFINESBYPROPERTIES('1EtSYaWpT1oBhMvw4BObZk',#5,$,$,(#7023),#7033);
#7035=IFCPROPERTYSINGLEVALUE('DataStatus',$,IFCLABEL('Illustrative demo values \X2\2014\X0\ not the owner''s as-built register'),$);
#7036=IFCPROPERTYSINGLEVALUE('AssetOwner',$,IFCLABEL('Ajuntament de Barcelona (operator per OSM; register values are demo)'),$);
#7037=IFCPROPERTYSINGLEVALUE('Manufacturer',$,IFCLABEL('Demo foundry'),$);
#7038=IFCPROPERTYSINGLEVALUE('Model',$,IFCLABEL('Tree grate 140\X2\00D7\X0\140, radial'),$);
#7039=IFCPROPERTYSINGLEVALUE('SerialNumber',$,IFCLABEL('BCN-MOB-RC-007'),$);
#7040=IFCPROPERTYSINGLEVALUE('LifecycleStatus',$,IFCLABEL('In service'),$);
#7041=IFCPROPERTYSINGLEVALUE('InstallationYear',$,IFCINTEGER(2016),$);
#7042=IFCPROPERTYSINGLEVALUE('LastInspection',$,IFCLABEL('2026-07-08'),$);
#7043=IFCPROPERTYSINGLEVALUE('InspectionInterval_months',$,IFCINTEGER(12),$);
#7044=IFCPROPERTYSINGLEVALUE('NextInspection',$,IFCLABEL('2027-07-08'),$);
#7045=IFCPROPERTYSINGLEVALUE('ConditionIndex_1to5',$,IFCINTEGER(4),$);
#7046=IFCPROPERTYSINGLEVALUE('WarrantyEnd',$,IFCLABEL('2021-12-31 (expired)'),$);
#7047=IFCPROPERTYSINGLEVALUE('MaintenanceContractor',$,IFCLABEL('Demo contractor \X2\2014\X0\ street furniture and paving'),$);
#7048=IFCPROPERTYSINGLEVALUE('MaintenanceStrategy',$,IFCLABEL('Condition-based'),$);
#7049=IFCPROPERTYSET('3yhCSjDOX6AAly03Kr6_Fa',#5,'Pset_CDE_AssetManagement (demo)',$,(#7035,#7036,#7037,#7038,#7039,#7040,#7041,#7042,#7043,#7044,#7045,#7046,#7047,#7048));
#7050=IFCRELDEFINESBYPROPERTIES('3DdNWmEQjEyBoCmlsx$yB4',#5,$,$,(#7023),#7049);
#7051=IFCCARTESIANPOINT((0.,0.));
#7052=IFCDIRECTION((1.,0.));
#7053=IFCAXIS2PLACEMENT2D(#7051,#7052);
#7054=IFCCIRCLEPROFILEDEF(.AREA.,$,#7053,0.2);
#7055=IFCCARTESIANPOINT((-2.61,5.96,0.));
#7056=IFCAXIS2PLACEMENT3D(#7055,$,$);
#7057=IFCDIRECTION((0.,0.,1.));
#7058=IFCEXTRUDEDAREASOLID(#7054,#7056,#7057,2.8);
#7059=IFCCARTESIANPOINT((0.,0.));
#7060=IFCDIRECTION((1.,0.));
#7061=IFCAXIS2PLACEMENT2D(#7059,#7060);
#7062=IFCCIRCLEPROFILEDEF(.AREA.,$,#7061,0.12);
#7063=IFCCARTESIANPOINT((-2.61,5.96,2.6));
#7064=IFCDIRECTION((0.44410061218382907,-0.30918008638325867,0.8409413299642188));
#7065=IFCDIRECTION((-0.5713639915198069,-0.8206967705520438,0.));
#7066=IFCAXIS2PLACEMENT3D(#7063,#7064,#7065);
#7067=IFCDIRECTION((0.,0.,1.));
#7068=IFCEXTRUDEDAREASOLID(#7062,#7066,#7067,1.9026297590440449);
#7069=IFCCARTESIANPOINT((0.,0.));
#7070=IFCDIRECTION((1.,0.));
#7071=IFCAXIS2PLACEMENT2D(#7069,#7070);
#7072=IFCCIRCLEPROFILEDEF(.AREA.,$,#7071,0.11);
#7073=IFCCARTESIANPOINT((-2.61,5.96,2.6));
#7074=IFCDIRECTION((0.11937441246574548,0.46154358073879165,0.8790490729915326));
#7075=IFCDIRECTION((0.9681419825899585,-0.2504018800783741,0.));
#7076=IFCAXIS2PLACEMENT3D(#7073,#7074,#7075);
#7077=IFCDIRECTION((0.,0.,1.));
#7078=IFCEXTRUDEDAREASOLID(#7072,#7076,#7077,1.9339079605813714);
#7079=IFCCARTESIANPOINT((0.,0.));
#7080=IFCDIRECTION((1.,0.));
#7081=IFCAXIS2PLACEMENT2D(#7079,#7080);
#7082=IFCCIRCLEPROFILEDEF(.AREA.,$,#7081,0.11);
#7083=IFCCARTESIANPOINT((-2.61,5.96,2.6));
#7084=IFCDIRECTION((-0.43616961346389543,-0.27723103269557153,0.8560952183030245));
#7085=IFCDIRECTION((-0.5364189408141475,0.8439518469295676,0.));
#7086=IFCAXIS2PLACEMENT3D(#7083,#7084,#7085);
#7087=IFCDIRECTION((0.,0.,1.));
#7088=IFCEXTRUDEDAREASOLID(#7082,#7086,#7087,1.7521415467935224);
#7089=IFCSTYLEDITEM(#7058,(#218),$);
#7090=IFCSTYLEDITEM(#7068,(#218),$);
#7091=IFCSTYLEDITEM(#7078,(#218),$);
#7092=IFCSTYLEDITEM(#7088,(#218),$);
#7093=IFCSHAPEREPRESENTATION(#16,'Body','SweptSolid',(#7058,#7068,#7078,#7088));
#7094=IFCPRODUCTDEFINITIONSHAPE($,$,(#7093));
#7095=IFCLOCALPLACEMENT(#23,#13);
#7096=IFCGEOGRAPHICELEMENT('3ot9iGBnj7HRO$mP1yyJJY',#5,'Pl\X2\00E0\X0\tan 1 \X2\00B7\X0\ Plane tree 1',$,'Street tree (trunk and first limbs; the crown is in the ICGC mesh)',#7095,#7094,'RCAN-ELM-035',.VEGETATION.);
#7097=IFCRELASSOCIATESMATERIAL('0A07V3h71FvvprrQW5PJb$',#5,$,$,(#7096),#219);
#7098=IFCPROPERTYSINGLEVALUE('Material',$,IFCLABEL('Plane-tree bark'),$);
#7099=IFCPROPERTYSINGLEVALUE('Category',$,IFCLABEL('Wood'),$);
#7100=IFCPROPERTYSINGLEVALUE('MassDensity_kg_m3',$,IFCREAL(700.),$);
#7101=IFCPROPERTYSET('2EcDv6bJn5IA1AaNcKU1ON',#5,'Pset_CDE_Material',$,(#7098,#7099,#7100));
#7102=IFCRELDEFINESBYPROPERTIES('1WoFitDrrCxAKe53BGzXTz',#5,$,$,(#7096),#7101);
#7103=IFCPROPERTYSINGLEVALUE('GeometrySource',$,IFCLABEL('On OSM tree row way 306557216 (Platanus, ODbL); position along it typical'),$);
#7104=IFCPROPERTYSINGLEVALUE('Confidence',$,IFCLABEL('Low'),$);
#7105=IFCPROPERTYSINGLEVALUE('Reference',$,IFCLABEL('OSM tree_row way 306557216 (Platanus), position along it typical (spacing ~6.5 m)'),$);
#7106=IFCPROPERTYSET('1hQsBam4524vXe5trQY0B1',#5,'Pset_CDE_Provenance',$,(#7103,#7104,#7105));
#7107=IFCRELDEFINESBYPROPERTIES('0JOCL200f8m9kZXGMFldEg',#5,$,$,(#7096),#7106);
#7108=IFCPROPERTYSINGLEVALUE('Species',$,IFCLABEL('Platanus \X2\00D7\X0\ hispanica (genus from OSM tree row; species as on La Rambla)'),$);
#7109=IFCPROPERTYSINGLEVALUE('LeafType',$,IFCLABEL('Broadleaved'),$);
#7110=IFCPROPERTYSINGLEVALUE('Trunk_Circumference_cm',$,IFCINTEGER(167),$);
#7111=IFCPROPERTYSINGLEVALUE('Height_m',$,IFCINTEGER(19),$);
#7112=IFCPROPERTYSINGLEVALUE('OSMTreeRow',$,IFCINTEGER(306557216),$);
#7113=IFCPROPERTYSET('2SCsjs7pvD0wQtJdenLdTy',#5,'Pset_CDE_Vegetation',$,(#7108,#7109,#7110,#7111,#7112));
#7114=IFCRELDEFINESBYPROPERTIES('1ZCtpNEML1LemJkpDARjL5',#5,$,$,(#7096),#7113);
#7115=IFCPROPERTYSINGLEVALUE('DataStatus',$,IFCLABEL('Illustrative demo values \X2\2014\X0\ not the owner''s as-built register'),$);
#7116=IFCPROPERTYSINGLEVALUE('AssetOwner',$,IFCLABEL('Ajuntament de Barcelona \X2\2014\X0\ parks and trees (demo)'),$);
#7117=IFCPROPERTYSINGLEVALUE('Manufacturer',$,IFCLABEL('Municipal nursery (demo)'),$);
#7118=IFCPROPERTYSINGLEVALUE('Model',$,IFCLABEL('Platanus \X2\00D7\X0\ hispanica, planting stock 20/25'),$);
#7119=IFCPROPERTYSINGLEVALUE('SerialNumber',$,IFCLABEL('BCN-ARB-RC-001'),$);
#7120=IFCPROPERTYSINGLEVALUE('LifecycleStatus',$,IFCLABEL('In service'),$);
#7121=IFCPROPERTYSINGLEVALUE('InstallationYear',$,IFCINTEGER(1968),$);
#7122=IFCPROPERTYSINGLEVALUE('LastInspection',$,IFCLABEL('2026-07-08'),$);
#7123=IFCPROPERTYSINGLEVALUE('InspectionInterval_months',$,IFCINTEGER(12),$);
#7124=IFCPROPERTYSINGLEVALUE('NextInspection',$,IFCLABEL('2027-07-08'),$);
#7125=IFCPROPERTYSINGLEVALUE('ConditionIndex_1to5',$,IFCINTEGER(4),$);
#7126=IFCPROPERTYSINGLEVALUE('WarrantyEnd',$,IFCLABEL('1970-12-31 (expired)'),$);
#7127=IFCPROPERTYSINGLEVALUE('MaintenanceContractor',$,IFCLABEL('Demo contractor \X2\2014\X0\ urban arboriculture'),$);
#7128=IFCPROPERTYSINGLEVALUE('MaintenanceStrategy',$,IFCLABEL('Condition-based'),$);
#7129=IFCPROPERTYSINGLEVALUE('LastPruning',$,IFCLABEL('2025-12-10'),$);
#7130=IFCPROPERTYSINGLEVALUE('RiskAssessment',$,IFCLABEL('Low (visual tree assessment, demo)'),$);
#7131=IFCPROPERTYSET('3CAPCrqeDFNQYZWQaUtMo$',#5,'Pset_CDE_AssetManagement (demo)',$,(#7115,#7116,#7117,#7118,#7119,#7120,#7121,#7122,#7123,#7124,#7125,#7126,#7127,#7128,#7129,#7130));
#7132=IFCRELDEFINESBYPROPERTIES('3Tc_bs7AXBWQm8St_l6B7S',#5,$,$,(#7096),#7131);
#7133=IFCCARTESIANPOINT((0.,0.));
#7134=IFCDIRECTION((0.43993916985591486,-0.8980275757606158));
#7135=IFCAXIS2PLACEMENT2D(#7133,#7134);
#7136=IFCRECTANGLEPROFILEDEF(.AREA.,$,#7135,1.4,0.06000000000000005);
#7137=IFCCARTESIANPOINT((2.838321524240387,-5.854759243803462,0.));
#7138=IFCAXIS2PLACEMENT3D(#7137,$,$);
#7139=IFCDIRECTION((0.,0.,1.));
#7140=IFCEXTRUDEDAREASOLID(#7136,#7138,#7139,0.035);
#7141=IFCCARTESIANPOINT((0.,0.));
#7142=IFCDIRECTION((0.43993916985591486,-0.8980275757606158));
#7143=IFCAXIS2PLACEMENT2D(#7141,#7142);
#7144=IFCRECTANGLEPROFILEDEF(.AREA.,$,#7143,1.4,0.06000000000000005);
#7145=IFCCARTESIANPOINT((4.041678475759612,-5.265240756196537,0.));
#7146=IFCAXIS2PLACEMENT3D(#7145,$,$);
#7147=IFCDIRECTION((0.,0.,1.));
#7148=IFCEXTRUDEDAREASOLID(#7144,#7146,#7147,0.035);
#7149=IFCCARTESIANPOINT((0.,0.));
#7150=IFCDIRECTION((0.43993916985591486,-0.8980275757606158));
#7151=IFCAXIS2PLACEMENT2D(#7149,#7150);
#7152=IFCRECTANGLEPROFILEDEF(.AREA.,$,#7151,0.06000000000000005,1.4);
#7153=IFCCARTESIANPOINT((3.1452407561965368,-4.958321524240387,0.));
#7154=IFCAXIS2PLACEMENT3D(#7153,$,$);
#7155=IFCDIRECTION((0.,0.,1.));
#7156=IFCEXTRUDEDAREASOLID(#7152,#7154,#7155,0.035);
#7157=IFCCARTESIANPOINT((0.,0.));
#7158=IFCDIRECTION((0.43993916985591486,-0.8980275757606158));
#7159=IFCAXIS2PLACEMENT2D(#7157,#7158);
#7160=IFCRECTANGLEPROFILEDEF(.AREA.,$,#7159,0.06000000000000005,1.4);
#7161=IFCCARTESIANPOINT((3.734759243803463,-6.161678475759612,0.));
#7162=IFCAXIS2PLACEMENT3D(#7161,$,$);
#7163=IFCDIRECTION((0.,0.,1.));
#7164=IFCEXTRUDEDAREASOLID(#7160,#7162,#7163,0.035);
#7165=IFCCARTESIANPOINT((0.,0.));
#7166=IFCDIRECTION((1.,0.));
#7167=IFCAXIS2PLACEMENT2D(#7165,#7166);
#7168=IFCCIRCLEHOLLOWPROFILEDEF(.AREA.,$,#7167,0.3,0.04999999999999999);
#7169=IFCCARTESIANPOINT((3.44,-5.56,0.));
#7170=IFCAXIS2PLACEMENT3D(#7169,$,$);
#7171=IFCDIRECTION((0.,0.,1.));
#7172=IFCEXTRUDEDAREASOLID(#7168,#7170,#7171,0.035);
#7173=IFCCARTESIANPOINT((0.,0.));
#7174=IFCDIRECTION((0.43993916985591425,-0.8980275757606161));
#7175=IFCAXIS2PLACEMENT2D(#7173,#7174);
#7176=IFCRECTANGLEPROFILEDEF(.AREA.,$,#7175,0.3600000000000004,0.03);
#7177=IFCCARTESIANPOINT((3.6511708015308395,-5.9910532363650955,0.));
#7178=IFCAXIS2PLACEMENT3D(#7177,$,$);
#7179=IFCDIRECTION((0.,0.,1.));
#7180=IFCEXTRUDEDAREASOLID(#7176,#7178,#7179,0.035);
#7181=IFCCARTESIANPOINT((0.,0.));
#7182=IFCDIRECTION((0.9460853588275451,-0.32391741819815));
#7183=IFCAXIS2PLACEMENT2D(#7181,#7182);
#7184=IFCRECTANGLEPROFILEDEF(.AREA.,$,#7183,0.6333809511662432,0.03);
#7185=IFCCARTESIANPOINT((4.023441829877587,-5.759756786678274,0.));
#7186=IFCAXIS2PLACEMENT3D(#7185,$,$);
#7187=IFCDIRECTION((0.,0.,1.));
#7188=IFCEXTRUDEDAREASOLID(#7184,#7186,#7187,0.035);
#7189=IFCCARTESIANPOINT((0.,0.));
#7190=IFCDIRECTION((0.898027575760616,0.43993916985591436));
#7191=IFCAXIS2PLACEMENT2D(#7189,#7190);
#7192=IFCRECTANGLEPROFILEDEF(.AREA.,$,#7191,0.3599999999999994,0.03);
#7193=IFCCARTESIANPOINT((3.8710532363650954,-5.3488291984691605,0.));
#7194=IFCAXIS2PLACEMENT3D(#7193,$,$);
#7195=IFCDIRECTION((0.,0.,1.));
#7196=IFCEXTRUDEDAREASOLID(#7192,#7194,#7195,0.035);
#7197=IFCCARTESIANPOINT((0.,0.));
#7198=IFCDIRECTION((0.32391741819815,0.9460853588275451));
#7199=IFCAXIS2PLACEMENT2D(#7197,#7198);
#7200=IFCRECTANGLEPROFILEDEF(.AREA.,$,#7199,0.6333809511662417,0.03);
#7201=IFCCARTESIANPOINT((3.639756786678274,-4.976558170122413,0.));
#7202=IFCAXIS2PLACEMENT3D(#7201,$,$);
#7203=IFCDIRECTION((0.,0.,1.));
#7204=IFCEXTRUDEDAREASOLID(#7200,#7202,#7203,0.035);
#7205=IFCCARTESIANPOINT((0.,0.));
#7206=IFCDIRECTION((-0.43993916985591436,0.898027575760616));
#7207=IFCAXIS2PLACEMENT2D(#7205,#7206);
#7208=IFCRECTANGLEPROFILEDEF(.AREA.,$,#7207,0.3600000000000004,0.03);
#7209=IFCCARTESIANPOINT((3.2288291984691604,-5.128946763634904,0.));
#7210=IFCAXIS2PLACEMENT3D(#7209,$,$);
#7211=IFCDIRECTION((0.,0.,1.));
#7212=IFCEXTRUDEDAREASOLID(#7208,#7210,#7211,0.035);
#7213=IFCCARTESIANPOINT((0.,0.));
#7214=IFCDIRECTION((-0.9460853588275452,0.32391741819814984));
#7215=IFCAXIS2PLACEMENT2D(#7213,#7214);
#7216=IFCRECTANGLEPROFILEDEF(.AREA.,$,#7215,0.6333809511662432,0.03);
#7217=IFCCARTESIANPOINT((2.8565581701224128,-5.360243213321725,0.));
#7218=IFCAXIS2PLACEMENT3D(#7217,$,$);
#7219=IFCDIRECTION((0.,0.,1.));
#7220=IFCEXTRUDEDAREASOLID(#7216,#7218,#7219,0.035);
#7221=IFCCARTESIANPOINT((0.,0.));
#7222=IFCDIRECTION((-0.8980275757606163,-0.4399391698559137));
#7223=IFCAXIS2PLACEMENT2D(#7221,#7222);
#7224=IFCRECTANGLEPROFILEDEF(.AREA.,$,#7223,0.35999999999999976,0.03);
#7225=IFCCARTESIANPOINT((3.0089467636349045,-5.771170801530839,0.));
#7226=IFCAXIS2PLACEMENT3D(#7225,$,$);
#7227=IFCDIRECTION((0.,0.,1.));
#7228=IFCEXTRUDEDAREASOLID(#7224,#7226,#7227,0.035);
#7229=IFCCARTESIANPOINT((0.,0.));
#7230=IFCDIRECTION((-0.3239174181981501,-0.9460853588275451));
#7231=IFCAXIS2PLACEMENT2D(#7229,#7230);
#7232=IFCRECTANGLEPROFILEDEF(.AREA.,$,#7231,0.6333809511662427,0.03);
#7233=IFCCARTESIANPOINT((3.240243213321726,-6.143441829877586,0.));
#7234=IFCAXIS2PLACEMENT3D(#7233,$,$);
#7235=IFCDIRECTION((0.,0.,1.));
#7236=IFCEXTRUDEDAREASOLID(#7232,#7234,#7235,0.035);
#7237=IFCCARTESIANPOINT((0.,0.));
#7238=IFCDIRECTION((1.,0.));
#7239=IFCAXIS2PLACEMENT2D(#7237,#7238);
#7240=IFCCIRCLEHOLLOWPROFILEDEF(.AREA.,$,#7239,0.435,0.030000000000000027);
#7241=IFCCARTESIANPOINT((3.44,-5.56,0.));
#7242=IFCAXIS2PLACEMENT3D(#7241,$,$);
#7243=IFCDIRECTION((0.,0.,1.));
#7244=IFCEXTRUDEDAREASOLID(#7240,#7242,#7243,0.035);
#7245=IFCCARTESIANPOINT((0.,0.));
#7246=IFCDIRECTION((1.,0.));
#7247=IFCAXIS2PLACEMENT2D(#7245,#7246);
#7248=IFCCIRCLEHOLLOWPROFILEDEF(.AREA.,$,#7247,0.5650000000000001,0.030000000000000027);
#7249=IFCCARTESIANPOINT((3.44,-5.56,0.));
#7250=IFCAXIS2PLACEMENT3D(#7249,$,$);
#7251=IFCDIRECTION((0.,0.,1.));
#7252=IFCEXTRUDEDAREASOLID(#7248,#7250,#7251,0.035);
#7253=IFCSTYLEDITEM(#7140,(#38),$);
#7254=IFCSTYLEDITEM(#7148,(#38),$);
#7255=IFCSTYLEDITEM(#7156,(#38),$);
#7256=IFCSTYLEDITEM(#7164,(#38),$);
#7257=IFCSTYLEDITEM(#7172,(#38),$);
#7258=IFCSTYLEDITEM(#7180,(#38),$);
#7259=IFCSTYLEDITEM(#7188,(#38),$);
#7260=IFCSTYLEDITEM(#7196,(#38),$);
#7261=IFCSTYLEDITEM(#7204,(#38),$);
#7262=IFCSTYLEDITEM(#7212,(#38),$);
#7263=IFCSTYLEDITEM(#7220,(#38),$);
#7264=IFCSTYLEDITEM(#7228,(#38),$);
#7265=IFCSTYLEDITEM(#7236,(#38),$);
#7266=IFCSTYLEDITEM(#7244,(#38),$);
#7267=IFCSTYLEDITEM(#7252,(#38),$);
#7268=IFCSHAPEREPRESENTATION(#16,'Body','SweptSolid',(#7140,#7148,#7156,#7164,#7172,#7180,#7188,#7196,#7204,#7212,#7220,#7228,#7236,#7244,#7252));
#7269=IFCPRODUCTDEFINITIONSHAPE($,$,(#7268));
#7270=IFCLOCALPLACEMENT(#23,#13);
#7271=IFCCOVERING('0d_AqajhH85hT9zL6RjyNQ',#5,'Escocell 2 \X2\00B7\X0\ Tree grate',$,'Cast-iron tree grate 1 400 \X2\00D7\X0\ 1 400',#7270,#7269,'RCAN-COV-003',.USERDEFINED.);
#7272=IFCRELASSOCIATESMATERIAL('2PUir1$F9DOAnv$4Jblp_a',#5,$,$,(#7271),#39);
#7273=IFCPROPERTYSINGLEVALUE('Material',$,IFCLABEL('Cast iron, painted dark grey'),$);
#7274=IFCPROPERTYSINGLEVALUE('Category',$,IFCLABEL('Iron'),$);
#7275=IFCPROPERTYSINGLEVALUE('MassDensity_kg_m3',$,IFCREAL(7200.),$);
#7276=IFCPROPERTYSET('1lrLrZFgHAsBgkHiE5IY6v',#5,'Pset_CDE_Material',$,(#7273,#7274,#7275));
#7277=IFCRELDEFINESBYPROPERTIES('3SlZ307RTAXeSuO9FDw6bQ',#5,$,$,(#7271),#7276);
#7278=IFCPROPERTYSINGLEVALUE('GeometrySource',$,IFCLABEL('On OSM tree row way 306557216 (ODbL); position along it typical'),$);
#7279=IFCPROPERTYSINGLEVALUE('Confidence',$,IFCLABEL('Low'),$);
#7280=IFCPROPERTYSINGLEVALUE('Reference',$,IFCLABEL('OSM tree_row way 306557216 (Platanus), position along it typical (spacing ~6.5 m)'),$);
#7281=IFCPROPERTYSET('0lQdhLU9P24gSN2ouFz79A',#5,'Pset_CDE_Provenance',$,(#7278,#7279,#7280));
#7282=IFCRELDEFINESBYPROPERTIES('0UkWrLoNr7NOGuQh8MFrGW',#5,$,$,(#7271),#7281);
#7283=IFCPROPERTYSINGLEVALUE('DataStatus',$,IFCLABEL('Illustrative demo values \X2\2014\X0\ not the owner''s as-built register'),$);
#7284=IFCPROPERTYSINGLEVALUE('AssetOwner',$,IFCLABEL('Ajuntament de Barcelona (operator per OSM; register values are demo)'),$);
#7285=IFCPROPERTYSINGLEVALUE('Manufacturer',$,IFCLABEL('Demo foundry'),$);
#7286=IFCPROPERTYSINGLEVALUE('Model',$,IFCLABEL('Tree grate 140\X2\00D7\X0\140, radial'),$);
#7287=IFCPROPERTYSINGLEVALUE('SerialNumber',$,IFCLABEL('BCN-MOB-RC-008'),$);
#7288=IFCPROPERTYSINGLEVALUE('LifecycleStatus',$,IFCLABEL('In service'),$);
#7289=IFCPROPERTYSINGLEVALUE('InstallationYear',$,IFCINTEGER(2016),$);
#7290=IFCPROPERTYSINGLEVALUE('LastInspection',$,IFCLABEL('2026-07-08'),$);
#7291=IFCPROPERTYSINGLEVALUE('InspectionInterval_months',$,IFCINTEGER(12),$);
#7292=IFCPROPERTYSINGLEVALUE('NextInspection',$,IFCLABEL('2027-07-08'),$);
#7293=IFCPROPERTYSINGLEVALUE('ConditionIndex_1to5',$,IFCINTEGER(4),$);
#7294=IFCPROPERTYSINGLEVALUE('WarrantyEnd',$,IFCLABEL('2021-12-31 (expired)'),$);
#7295=IFCPROPERTYSINGLEVALUE('MaintenanceContractor',$,IFCLABEL('Demo contractor \X2\2014\X0\ street furniture and paving'),$);
#7296=IFCPROPERTYSINGLEVALUE('MaintenanceStrategy',$,IFCLABEL('Condition-based'),$);
#7297=IFCPROPERTYSET('03iKDK03nCgecGWe4M119i',#5,'Pset_CDE_AssetManagement (demo)',$,(#7283,#7284,#7285,#7286,#7287,#7288,#7289,#7290,#7291,#7292,#7293,#7294,#7295,#7296));
#7298=IFCRELDEFINESBYPROPERTIES('2Slld9dLL1h8J4XqR2hw2s',#5,$,$,(#7271),#7297);
#7299=IFCCARTESIANPOINT((0.,0.));
#7300=IFCDIRECTION((1.,0.));
#7301=IFCAXIS2PLACEMENT2D(#7299,#7300);
#7302=IFCCIRCLEPROFILEDEF(.AREA.,$,#7301,0.2);
#7303=IFCCARTESIANPOINT((3.44,-5.56,0.));
#7304=IFCAXIS2PLACEMENT3D(#7303,$,$);
#7305=IFCDIRECTION((0.,0.,1.));
#7306=IFCEXTRUDEDAREASOLID(#7302,#7304,#7305,2.8);
#7307=IFCCARTESIANPOINT((0.,0.));
#7308=IFCDIRECTION((1.,0.));
#7309=IFCAXIS2PLACEMENT2D(#7307,#7308);
#7310=IFCCIRCLEPROFILEDEF(.AREA.,$,#7309,0.12);
#7311=IFCCARTESIANPOINT((3.44,-5.56,2.6));
#7312=IFCDIRECTION((0.44410061218382885,-0.30918008638325867,0.8409413299642188));
#7313=IFCDIRECTION((-0.5713639915198071,-0.8206967705520437,0.));
#7314=IFCAXIS2PLACEMENT3D(#7311,#7312,#7313);
#7315=IFCDIRECTION((0.,0.,1.));
#7316=IFCEXTRUDEDAREASOLID(#7310,#7314,#7315,1.9026297590440449);
#7317=IFCCARTESIANPOINT((0.,0.));
#7318=IFCDIRECTION((1.,0.));
#7319=IFCAXIS2PLACEMENT2D(#7317,#7318);
#7320=IFCCIRCLEPROFILEDEF(.AREA.,$,#7319,0.11);
#7321=IFCCARTESIANPOINT((3.44,-5.56,2.6));
#7322=IFCDIRECTION((0.11937441246574548,0.46154358073879165,0.8790490729915326));
#7323=IFCDIRECTION((0.9681419825899585,-0.2504018800783741,0.));
#7324=IFCAXIS2PLACEMENT3D(#7321,#7322,#7323);
#7325=IFCDIRECTION((0.,0.,1.));
#7326=IFCEXTRUDEDAREASOLID(#7320,#7324,#7325,1.9339079605813714);
#7327=IFCCARTESIANPOINT((0.,0.));
#7328=IFCDIRECTION((1.,0.));
#7329=IFCAXIS2PLACEMENT2D(#7327,#7328);
#7330=IFCCIRCLEPROFILEDEF(.AREA.,$,#7329,0.11);
#7331=IFCCARTESIANPOINT((3.44,-5.56,2.6));
#7332=IFCDIRECTION((-0.43616961346389543,-0.27723103269557153,0.8560952183030245));
#7333=IFCDIRECTION((-0.5364189408141475,0.8439518469295676,0.));
#7334=IFCAXIS2PLACEMENT3D(#7331,#7332,#7333);
#7335=IFCDIRECTION((0.,0.,1.));
#7336=IFCEXTRUDEDAREASOLID(#7330,#7334,#7335,1.7521415467935224);
#7337=IFCSTYLEDITEM(#7306,(#218),$);
#7338=IFCSTYLEDITEM(#7316,(#218),$);
#7339=IFCSTYLEDITEM(#7326,(#218),$);
#7340=IFCSTYLEDITEM(#7336,(#218),$);
#7341=IFCSHAPEREPRESENTATION(#16,'Body','SweptSolid',(#7306,#7316,#7326,#7336));
#7342=IFCPRODUCTDEFINITIONSHAPE($,$,(#7341));
#7343=IFCLOCALPLACEMENT(#23,#13);
#7344=IFCGEOGRAPHICELEMENT('2CtYPWk8v5OAd8Pqs5QMNz',#5,'Pl\X2\00E0\X0\tan 2 \X2\00B7\X0\ Plane tree 2',$,'Street tree (trunk and first limbs; the crown is in the ICGC mesh)',#7343,#7342,'RCAN-ELM-036',.VEGETATION.);
#7345=IFCRELASSOCIATESMATERIAL('33vXCgXcn35ugWSsjANL1A',#5,$,$,(#7344),#219);
#7346=IFCPROPERTYSINGLEVALUE('Material',$,IFCLABEL('Plane-tree bark'),$);
#7347=IFCPROPERTYSINGLEVALUE('Category',$,IFCLABEL('Wood'),$);
#7348=IFCPROPERTYSINGLEVALUE('MassDensity_kg_m3',$,IFCREAL(700.),$);
#7349=IFCPROPERTYSET('3GCVnwB$f0qv9ZPX8BcJiZ',#5,'Pset_CDE_Material',$,(#7346,#7347,#7348));
#7350=IFCRELDEFINESBYPROPERTIES('3oZwWs1953JAEMvx6PlzdN',#5,$,$,(#7344),#7349);
#7351=IFCPROPERTYSINGLEVALUE('GeometrySource',$,IFCLABEL('On OSM tree row way 306557216 (Platanus, ODbL); position along it typical'),$);
#7352=IFCPROPERTYSINGLEVALUE('Confidence',$,IFCLABEL('Low'),$);
#7353=IFCPROPERTYSINGLEVALUE('Reference',$,IFCLABEL('OSM tree_row way 306557216 (Platanus), position along it typical (spacing ~6.5 m)'),$);
#7354=IFCPROPERTYSET('2XuKzSCD53Ceexyt5CseUG',#5,'Pset_CDE_Provenance',$,(#7351,#7352,#7353));
#7355=IFCRELDEFINESBYPROPERTIES('1oRpPZkI170BrMu5mi9xT$',#5,$,$,(#7344),#7354);
#7356=IFCPROPERTYSINGLEVALUE('Species',$,IFCLABEL('Platanus \X2\00D7\X0\ hispanica (genus from OSM tree row; species as on La Rambla)'),$);
#7357=IFCPROPERTYSINGLEVALUE('LeafType',$,IFCLABEL('Broadleaved'),$);
#7358=IFCPROPERTYSINGLEVALUE('Trunk_Circumference_cm',$,IFCINTEGER(184),$);
#7359=IFCPROPERTYSINGLEVALUE('Height_m',$,IFCINTEGER(20),$);
#7360=IFCPROPERTYSINGLEVALUE('OSMTreeRow',$,IFCINTEGER(306557216),$);
#7361=IFCPROPERTYSET('27KYlVJCzDOuedHPETzLB1',#5,'Pset_CDE_Vegetation',$,(#7356,#7357,#7358,#7359,#7360));
#7362=IFCRELDEFINESBYPROPERTIES('1CtWmZ$ibFvgSbadbmL1hc',#5,$,$,(#7344),#7361);
#7363=IFCPROPERTYSINGLEVALUE('DataStatus',$,IFCLABEL('Illustrative demo values \X2\2014\X0\ not the owner''s as-built register'),$);
#7364=IFCPROPERTYSINGLEVALUE('AssetOwner',$,IFCLABEL('Ajuntament de Barcelona \X2\2014\X0\ parks and trees (demo)'),$);
#7365=IFCPROPERTYSINGLEVALUE('Manufacturer',$,IFCLABEL('Municipal nursery (demo)'),$);
#7366=IFCPROPERTYSINGLEVALUE('Model',$,IFCLABEL('Platanus \X2\00D7\X0\ hispanica, planting stock 20/25'),$);
#7367=IFCPROPERTYSINGLEVALUE('SerialNumber',$,IFCLABEL('BCN-ARB-RC-002'),$);
#7368=IFCPROPERTYSINGLEVALUE('LifecycleStatus',$,IFCLABEL('In service'),$);
#7369=IFCPROPERTYSINGLEVALUE('InstallationYear',$,IFCINTEGER(1968),$);
#7370=IFCPROPERTYSINGLEVALUE('LastInspection',$,IFCLABEL('2026-07-08'),$);
#7371=IFCPROPERTYSINGLEVALUE('InspectionInterval_months',$,IFCINTEGER(12),$);
#7372=IFCPROPERTYSINGLEVALUE('NextInspection',$,IFCLABEL('2027-07-08'),$);
#7373=IFCPROPERTYSINGLEVALUE('ConditionIndex_1to5',$,IFCINTEGER(4),$);
#7374=IFCPROPERTYSINGLEVALUE('WarrantyEnd',$,IFCLABEL('1970-12-31 (expired)'),$);
#7375=IFCPROPERTYSINGLEVALUE('MaintenanceContractor',$,IFCLABEL('Demo contractor \X2\2014\X0\ urban arboriculture'),$);
#7376=IFCPROPERTYSINGLEVALUE('MaintenanceStrategy',$,IFCLABEL('Condition-based'),$);
#7377=IFCPROPERTYSINGLEVALUE('LastPruning',$,IFCLABEL('2025-12-10'),$);
#7378=IFCPROPERTYSINGLEVALUE('RiskAssessment',$,IFCLABEL('Low (visual tree assessment, demo)'),$);
#7379=IFCPROPERTYSET('30wd3vnPrD9BxgcLnJhfOM',#5,'Pset_CDE_AssetManagement (demo)',$,(#7363,#7364,#7365,#7366,#7367,#7368,#7369,#7370,#7371,#7372,#7373,#7374,#7375,#7376,#7377,#7378));
#7380=IFCRELDEFINESBYPROPERTIES('1pw4ULPyT1Uhkuet$MU0wN',#5,$,$,(#7344),#7379);
#7381=IFCRELCONTAINEDINSPATIALSTRUCTURE('3bscFuKRTDVBrdcsQauty3',#5,$,$,(#231,#3989,#4031,#5826,#5868),#228);
#7382=IFCRELAGGREGATES('2dnL6xDH50iQjAR7oSEMxE',#5,$,$,#231,(#304,#1193,#1310,#1386,#1466,#1538,#1618,#1691,#1771,#1843,#1923,#1989,#2130,#2171,#3479,#3512));
#7383=IFCRELAGGREGATES('33XXfdfEf7IA1n4QzfKeeF',#5,$,$,#2171,(#2252,#2468,#2525,#2653,#2711,#2765,#2893,#2951,#3005,#3134,#3192,#3246,#3374,#3432));
#7384=IFCRELAGGREGATES('1Brg9OkIT0dPU3gBFTy_FW',#5,$,$,#3512,(#3618,#3664,#3721,#3800,#3843,#3900,#3943));
#7385=IFCRELAGGREGATES('3h$udsr1b6Hwa$QDoqXKN6',#5,$,$,#4031,(#4073,#4149,#4222,#4266,#4306,#4351,#4454,#4833,#5212,#5393,#5471,#5534,#5602,#5647,#5690,#5737,#5782));
#7386=IFCRELAGGREGATES('33vLBVIJf3xueRY_6UhQZD',#5,$,$,#5868,(#6090,#6323,#6556,#6790,#6853,#7023,#7096,#7271,#7344));
#7387=IFCQUANTITYLENGTH('Length',$,$,1.515,$);
#7388=IFCQUANTITYLENGTH('Width',$,$,1.515,$);
#7389=IFCQUANTITYLENGTH('Depth',$,$,0.28,$);
#7390=IFCQUANTITYAREA('GrossArea',$,$,1.902,$);
#7391=IFCQUANTITYVOLUME('NetVolume',$,$,0.458,$);
#7392=IFCQUANTITYWEIGHT('NetWeight',$,$,1214.184,$);
#7393=IFCELEMENTQUANTITY('2rJo_Z98b2KRh5AoC1xIe0',#5,'Qto_SlabBaseQuantities','Computed from the model geometry (openings subtracted)','CDE qto.py',(#7387,#7388,#7389,#7390,#7391,#7392));
#7394=IFCRELDEFINESBYPROPERTIES('3MoWLBCHr6lPcsWHHcUyUS',#5,$,$,(#304),#7393);
#7395=IFCQUANTITYLENGTH('Length',$,$,0.158,$);
#7396=IFCQUANTITYLENGTH('Width',$,$,0.15,$);
#7397=IFCQUANTITYLENGTH('Height',$,$,0.179,$);
#7398=IFCQUANTITYAREA('OuterSurfaceArea',$,$,0.074,$);
#7399=IFCQUANTITYVOLUME('NetVolume',$,$,0.001,$);
#7400=IFCQUANTITYWEIGHT('NetWeight',$,$,4.9,$);
#7401=IFCELEMENTQUANTITY('1jy8f7obP9uu70gGaRHsb$',#5,'Qto_CDE_GeometricQuantities','Computed from the model geometry (openings subtracted)','CDE qto.py',(#7395,#7396,#7397,#7398,#7399,#7400));
#7402=IFCRELDEFINESBYPROPERTIES('0YL_az80n6nR40GzcVaYc5',#5,$,$,(#1771),#7401);
#7403=IFCQUANTITYLENGTH('Length',$,$,0.158,$);
#7404=IFCQUANTITYLENGTH('Width',$,$,0.15,$);
#7405=IFCQUANTITYLENGTH('Height',$,$,0.179,$);
#7406=IFCQUANTITYAREA('OuterSurfaceArea',$,$,0.074,$);
#7407=IFCQUANTITYVOLUME('NetVolume',$,$,0.001,$);
#7408=IFCQUANTITYWEIGHT('NetWeight',$,$,4.9,$);
#7409=IFCELEMENTQUANTITY('2BqjR2he1EiRjaRcPWKPnk',#5,'Qto_CDE_GeometricQuantities','Computed from the model geometry (openings subtracted)','CDE qto.py',(#7403,#7404,#7405,#7406,#7407,#7408));
#7410=IFCRELDEFINESBYPROPERTIES('1xEPEMjHf1uBupIjwxIuLO',#5,$,$,(#1466),#7409);
#7411=IFCQUANTITYLENGTH('Length',$,$,0.924,$);
#7412=IFCQUANTITYLENGTH('Width',$,$,0.924,$);
#7413=IFCQUANTITYLENGTH('Height',$,$,0.94,$);
#7414=IFCQUANTITYAREA('OuterSurfaceArea',$,$,8.288,$);
#7415=IFCQUANTITYVOLUME('NetVolume',$,$,0.475,$);
#7416=IFCQUANTITYWEIGHT('NetWeight',$,$,3421.265,$);
#7417=IFCELEMENTQUANTITY('2Gul65g2PEfwoBhCbLva9t',#5,'Qto_BuildingElementProxyQuantities','Computed from the model geometry (openings subtracted)','CDE qto.py',(#7411,#7412,#7413,#7414,#7415,#7416));
#7418=IFCRELDEFINESBYPROPERTIES('2K$Nt6d9L9nf1VArlA3cSH',#5,$,$,(#1310),#7417);
#7419=IFCQUANTITYLENGTH('Length',$,$,0.42,$);
#7420=IFCQUANTITYLENGTH('Width',$,$,0.419,$);
#7421=IFCQUANTITYLENGTH('Height',$,$,0.25,$);
#7422=IFCQUANTITYAREA('OuterSurfaceArea',$,$,0.436,$);
#7423=IFCQUANTITYVOLUME('NetVolume',$,$,0.007,$);
#7424=IFCQUANTITYWEIGHT('NetWeight',$,$,52.923,$);
#7425=IFCELEMENTQUANTITY('3rpVVokY59BuDMlekJrfrl',#5,'Qto_CDE_GeometricQuantities','Computed from the model geometry (openings subtracted)','CDE qto.py',(#7419,#7420,#7421,#7422,#7423,#7424));
#7426=IFCRELDEFINESBYPROPERTIES('1yvHTVeC12XAMepaJcal3T',#5,$,$,(#1386),#7425);
#7427=IFCQUANTITYLENGTH('Length',$,$,0.42,$);
#7428=IFCQUANTITYLENGTH('Width',$,$,0.419,$);
#7429=IFCQUANTITYLENGTH('Height',$,$,0.25,$);
#7430=IFCQUANTITYAREA('OuterSurfaceArea',$,$,0.436,$);
#7431=IFCQUANTITYVOLUME('NetVolume',$,$,0.007,$);
#7432=IFCQUANTITYWEIGHT('NetWeight',$,$,52.923,$);
#7433=IFCELEMENTQUANTITY('1e4zgkI4TF886vYA83ISmt',#5,'Qto_CDE_GeometricQuantities','Computed from the model geometry (openings subtracted)','CDE qto.py',(#7427,#7428,#7429,#7430,#7431,#7432));
#7434=IFCRELDEFINESBYPROPERTIES('0d$XBULSTBY869w0iGMffz',#5,$,$,(#1691),#7433);
#7435=IFCQUANTITYLENGTH('Length',$,$,0.42,$);
#7436=IFCQUANTITYLENGTH('Width',$,$,0.419,$);
#7437=IFCQUANTITYLENGTH('Height',$,$,0.25,$);
#7438=IFCQUANTITYAREA('OuterSurfaceArea',$,$,0.436,$);
#7439=IFCQUANTITYVOLUME('NetVolume',$,$,0.007,$);
#7440=IFCQUANTITYWEIGHT('NetWeight',$,$,52.923,$);
#7441=IFCELEMENTQUANTITY('2gA3P$TH944wlVV2QPtG00',#5,'Qto_CDE_GeometricQuantities','Computed from the model geometry (openings subtracted)','CDE qto.py',(#7435,#7436,#7437,#7438,#7439,#7440));
#7442=IFCRELDEFINESBYPROPERTIES('2SVCftzAzDKxVfDrGntW7u',#5,$,$,(#1843),#7441);
#7443=IFCQUANTITYLENGTH('Length',$,$,0.355,$);
#7444=IFCQUANTITYLENGTH('Width',$,$,0.319,$);
#7445=IFCQUANTITYLENGTH('Height',$,$,0.192,$);
#7446=IFCQUANTITYAREA('OuterSurfaceArea',$,$,0.252,$);
#7447=IFCQUANTITYVOLUME('NetVolume',$,$,0.003,$);
#7448=IFCQUANTITYWEIGHT('NetWeight',$,$,22.546,$);
#7449=IFCELEMENTQUANTITY('2zIDPKMsL6MgX4gXmhYT3d',#5,'Qto_CDE_GeometricQuantities','Computed from the model geometry (openings subtracted)','CDE qto.py',(#7443,#7444,#7445,#7446,#7447,#7448));
#7450=IFCRELDEFINESBYPROPERTIES('2Y7N19OgzDE98OWfuleXCe',#5,$,$,(#1989),#7449);
#7451=IFCQUANTITYLENGTH('Length',$,$,0.42,$);
#7452=IFCQUANTITYLENGTH('Width',$,$,0.419,$);
#7453=IFCQUANTITYLENGTH('Height',$,$,0.25,$);
#7454=IFCQUANTITYAREA('OuterSurfaceArea',$,$,0.436,$);
#7455=IFCQUANTITYVOLUME('NetVolume',$,$,0.007,$);
#7456=IFCQUANTITYWEIGHT('NetWeight',$,$,52.923,$);
#7457=IFCELEMENTQUANTITY('2EGYzK3nfBoOBRNLBwQox2',#5,'Qto_CDE_GeometricQuantities','Computed from the model geometry (openings subtracted)','CDE qto.py',(#7451,#7452,#7453,#7454,#7455,#7456));
#7458=IFCRELDEFINESBYPROPERTIES('3LvUz5yw9Ctgl8lM79tJ8c',#5,$,$,(#1538),#7457);
#7459=IFCQUANTITYLENGTH('Length',$,$,0.158,$);
#7460=IFCQUANTITYLENGTH('Width',$,$,0.15,$);
#7461=IFCQUANTITYLENGTH('Height',$,$,0.179,$);
#7462=IFCQUANTITYAREA('OuterSurfaceArea',$,$,0.074,$);
#7463=IFCQUANTITYVOLUME('NetVolume',$,$,0.001,$);
#7464=IFCQUANTITYWEIGHT('NetWeight',$,$,4.9,$);
#7465=IFCELEMENTQUANTITY('22NdXlZAz6J8EJnxQJABAm',#5,'Qto_CDE_GeometricQuantities','Computed from the model geometry (openings subtracted)','CDE qto.py',(#7459,#7460,#7461,#7462,#7463,#7464));
#7466=IFCRELDEFINESBYPROPERTIES('2bSOBQFSH4q83UjhrffOYa',#5,$,$,(#1923),#7465);
#7467=IFCQUANTITYLENGTH('Length',$,$,0.29,$);
#7468=IFCQUANTITYLENGTH('Width',$,$,0.289,$);
#7469=IFCQUANTITYLENGTH('Height',$,$,0.36,$);
#7470=IFCQUANTITYAREA('OuterSurfaceArea',$,$,0.376,$);
#7471=IFCQUANTITYVOLUME('NetVolume',$,$,0.017,$);
#7472=IFCQUANTITYWEIGHT('NetWeight',$,$,42.565,$);
#7473=IFCELEMENTQUANTITY('2mPKQ$pdv0DOeb5lkrxJdw',#5,'Qto_CDE_GeometricQuantities','Computed from the model geometry (openings subtracted)','CDE qto.py',(#7467,#7468,#7469,#7470,#7471,#7472));
#7474=IFCRELDEFINESBYPROPERTIES('2dgXcNArD1VxdMfM$jvd9w',#5,$,$,(#2525),#7473);
#7475=IFCQUANTITYLENGTH('Length',$,$,0.158,$);
#7476=IFCQUANTITYLENGTH('Width',$,$,0.15,$);
#7477=IFCQUANTITYLENGTH('Height',$,$,0.179,$);
#7478=IFCQUANTITYAREA('OuterSurfaceArea',$,$,0.074,$);
#7479=IFCQUANTITYVOLUME('NetVolume',$,$,0.001,$);
#7480=IFCQUANTITYWEIGHT('NetWeight',$,$,4.9,$);
#7481=IFCELEMENTQUANTITY('1Y0WHulan38gYvh1tjMRPs',#5,'Qto_CDE_GeometricQuantities','Computed from the model geometry (openings subtracted)','CDE qto.py',(#7475,#7476,#7477,#7478,#7479,#7480));
#7482=IFCRELDEFINESBYPROPERTIES('12TKcNuvL4QgMzkgEmXRi2',#5,$,$,(#1618),#7481);
#7483=IFCQUANTITYLENGTH('Length',$,$,0.1,$);
#7484=IFCQUANTITYLENGTH('Width',$,$,0.099,$);
#7485=IFCQUANTITYLENGTH('Height',$,$,0.1,$);
#7486=IFCQUANTITYAREA('OuterSurfaceArea',$,$,0.031,$);
#7487=IFCQUANTITYVOLUME('NetVolume',$,$,0.,$);
#7488=IFCQUANTITYWEIGHT('NetWeight',$,$,0.597,$);
#7489=IFCELEMENTQUANTITY('1V5ksKpN19ieiwY1IJNYQZ',#5,'Qto_CDE_GeometricQuantities','Computed from the model geometry (openings subtracted)','CDE qto.py',(#7483,#7484,#7485,#7486,#7487,#7488));
#7490=IFCRELDEFINESBYPROPERTIES('3De438oGn92QZnwclxT3HU',#5,$,$,(#2711),#7489);
#7491=IFCQUANTITYLENGTH('Length',$,$,0.29,$);
#7492=IFCQUANTITYLENGTH('Width',$,$,0.289,$);
#7493=IFCQUANTITYLENGTH('Height',$,$,0.36,$);
#7494=IFCQUANTITYAREA('OuterSurfaceArea',$,$,0.376,$);
#7495=IFCQUANTITYVOLUME('NetVolume',$,$,0.017,$);
#7496=IFCQUANTITYWEIGHT('NetWeight',$,$,42.565,$);
#7497=IFCELEMENTQUANTITY('12VnEmZET3pgUWdoCaa1r5',#5,'Qto_CDE_GeometricQuantities','Computed from the model geometry (openings subtracted)','CDE qto.py',(#7491,#7492,#7493,#7494,#7495,#7496));
#7498=IFCRELDEFINESBYPROPERTIES('3Z6qWLz0r7SBSRJ1DrBDo3',#5,$,$,(#2765),#7497);
#7499=IFCQUANTITYLENGTH('Length',$,$,1.24,$);
#7500=IFCQUANTITYAREA('CrossSectionArea',$,$,0.025,$);
#7501=IFCQUANTITYAREA('OuterSurfaceArea',$,$,0.877,$);
#7502=IFCQUANTITYVOLUME('NetVolume',$,$,0.031,$);
#7503=IFCQUANTITYWEIGHT('NetWeight',$,$,220.351,$);
#7504=IFCELEMENTQUANTITY('2NbpO_2Qr6Fu2NMRvN4D2O',#5,'Qto_MemberBaseQuantities','Computed from the model geometry (openings subtracted)','CDE qto.py',(#7499,#7500,#7501,#7502,#7503));
#7505=IFCRELDEFINESBYPROPERTIES('1x6Mw3Q4X3MR7ebqnoMvJc',#5,$,$,(#2252),#7504);
#7506=IFCQUANTITYLENGTH('Length',$,$,0.29,$);
#7507=IFCQUANTITYLENGTH('Width',$,$,0.289,$);
#7508=IFCQUANTITYLENGTH('Height',$,$,0.36,$);
#7509=IFCQUANTITYAREA('OuterSurfaceArea',$,$,0.376,$);
#7510=IFCQUANTITYVOLUME('NetVolume',$,$,0.017,$);
#7511=IFCQUANTITYWEIGHT('NetWeight',$,$,42.565,$);
#7512=IFCELEMENTQUANTITY('2kh1B8W3T9s86gg6OdYz7m',#5,'Qto_CDE_GeometricQuantities','Computed from the model geometry (openings subtracted)','CDE qto.py',(#7506,#7507,#7508,#7509,#7510,#7511));
#7513=IFCRELDEFINESBYPROPERTIES('2wkD8WTwfFDxJB650TkMKq',#5,$,$,(#3005),#7512);
#7514=IFCQUANTITYLENGTH('Length',$,$,0.67,$);
#7515=IFCQUANTITYAREA('CrossSectionArea',$,$,0.014,$);
#7516=IFCQUANTITYAREA('OuterSurfaceArea',$,$,0.424,$);
#7517=IFCQUANTITYVOLUME('NetVolume',$,$,0.009,$);
#7518=IFCQUANTITYWEIGHT('NetWeight',$,$,67.756,$);
#7519=IFCELEMENTQUANTITY('3dHEw30wP7Kglh5vtcEtAc',#5,'Qto_MemberBaseQuantities','Computed from the model geometry (openings subtracted)','CDE qto.py',(#7514,#7515,#7516,#7517,#7518));
#7520=IFCRELDEFINESBYPROPERTIES('1VH1LOWTT2hOUGURdM1mCz',#5,$,$,(#2653),#7519);
#7521=IFCQUANTITYLENGTH('Length',$,$,0.1,$);
#7522=IFCQUANTITYLENGTH('Width',$,$,0.099,$);
#7523=IFCQUANTITYLENGTH('Height',$,$,0.1,$);
#7524=IFCQUANTITYAREA('OuterSurfaceArea',$,$,0.031,$);
#7525=IFCQUANTITYVOLUME('NetVolume',$,$,0.,$);
#7526=IFCQUANTITYWEIGHT('NetWeight',$,$,0.597,$);
#7527=IFCELEMENTQUANTITY('2uVTPLrUr71OxiIFbr1hTd',#5,'Qto_CDE_GeometricQuantities','Computed from the model geometry (openings subtracted)','CDE qto.py',(#7521,#7522,#7523,#7524,#7525,#7526));
#7528=IFCRELDEFINESBYPROPERTIES('3OFQZ9OyfExA9a5YWIWefj',#5,$,$,(#2951),#7527);
#7529=IFCQUANTITYLENGTH('Length',$,$,0.911,$);
#7530=IFCQUANTITYAREA('CrossSectionArea',$,$,0.006,$);
#7531=IFCQUANTITYAREA('OuterSurfaceArea',$,$,0.59,$);
#7532=IFCQUANTITYVOLUME('NetVolume',$,$,0.006,$);
#7533=IFCQUANTITYWEIGHT('NetWeight',$,$,40.248,$);
#7534=IFCELEMENTQUANTITY('2e9R8EYprFkQ_hWXVnT1xM',#5,'Qto_MemberBaseQuantities','Computed from the model geometry (openings subtracted)','CDE qto.py',(#7529,#7530,#7531,#7532,#7533));
#7535=IFCRELDEFINESBYPROPERTIES('0P2pRenbPCgRIC7m4Qh5Ma',#5,$,$,(#2468),#7534);
#7536=IFCQUANTITYLENGTH('Length',$,$,0.1,$);
#7537=IFCQUANTITYLENGTH('Width',$,$,0.099,$);
#7538=IFCQUANTITYLENGTH('Height',$,$,0.1,$);
#7539=IFCQUANTITYAREA('OuterSurfaceArea',$,$,0.031,$);
#7540=IFCQUANTITYVOLUME('NetVolume',$,$,0.,$);
#7541=IFCQUANTITYWEIGHT('NetWeight',$,$,0.597,$);
#7542=IFCELEMENTQUANTITY('3snG47D$LFfuIxYjXVNF8p',#5,'Qto_CDE_GeometricQuantities','Computed from the model geometry (openings subtracted)','CDE qto.py',(#7536,#7537,#7538,#7539,#7540,#7541));
#7543=IFCRELDEFINESBYPROPERTIES('04qTjH5lXAeBUK8KMekMtI',#5,$,$,(#3192),#7542);
#7544=IFCQUANTITYLENGTH('Length',$,$,2.61,$);
#7545=IFCQUANTITYAREA('CrossSectionArea',$,$,0.096,$);
#7546=IFCQUANTITYAREA('OuterSurfaceArea',$,$,4.427,$);
#7547=IFCQUANTITYVOLUME('NetVolume',$,$,0.252,$);
#7548=IFCQUANTITYWEIGHT('NetWeight',$,$,1813.081,$);
#7549=IFCELEMENTQUANTITY('279HuA_mv7oxMPrnwylTSz',#5,'Qto_ColumnBaseQuantities','Computed from the model geometry (openings subtracted)','CDE qto.py',(#7544,#7545,#7546,#7547,#7548));
#7550=IFCRELDEFINESBYPROPERTIES('1N1JmpXO90BBkdgSqF73$j',#5,$,$,(#2130),#7549);
#7551=IFCQUANTITYLENGTH('Length',$,$,0.67,$);
#7552=IFCQUANTITYAREA('CrossSectionArea',$,$,0.014,$);
#7553=IFCQUANTITYAREA('OuterSurfaceArea',$,$,0.424,$);
#7554=IFCQUANTITYVOLUME('NetVolume',$,$,0.009,$);
#7555=IFCQUANTITYWEIGHT('NetWeight',$,$,67.756,$);
#7556=IFCELEMENTQUANTITY('3fAzGlaGr3SR7Ed6LbBuT1',#5,'Qto_MemberBaseQuantities','Computed from the model geometry (openings subtracted)','CDE qto.py',(#7551,#7552,#7553,#7554,#7555));
#7557=IFCRELDEFINESBYPROPERTIES('2spDiH5I54leZGzLyRtplD',#5,$,$,(#2893),#7556);
#7558=IFCQUANTITYLENGTH('Length',$,$,0.29,$);
#7559=IFCQUANTITYLENGTH('Width',$,$,0.289,$);
#7560=IFCQUANTITYLENGTH('Height',$,$,0.36,$);
#7561=IFCQUANTITYAREA('OuterSurfaceArea',$,$,0.376,$);
#7562=IFCQUANTITYVOLUME('NetVolume',$,$,0.017,$);
#7563=IFCQUANTITYWEIGHT('NetWeight',$,$,42.565,$);
#7564=IFCELEMENTQUANTITY('08OfkGWRL3sxK6yDqvbffa',#5,'Qto_CDE_GeometricQuantities','Computed from the model geometry (openings subtracted)','CDE qto.py',(#7558,#7559,#7560,#7561,#7562,#7563));
#7565=IFCRELDEFINESBYPROPERTIES('1sp8bc6zn8EQabokrEBpKB',#5,$,$,(#3246),#7564);
#7566=IFCQUANTITYLENGTH('Length',$,$,0.6,$);
#7567=IFCQUANTITYLENGTH('Width',$,$,0.4,$);
#7568=IFCQUANTITYLENGTH('Height',$,$,0.045,$);
#7569=IFCQUANTITYAREA('OuterSurfaceArea',$,$,0.57,$);
#7570=IFCQUANTITYVOLUME('NetVolume',$,$,0.011,$);
#7571=IFCQUANTITYWEIGHT('NetWeight',$,$,95.04,$);
#7572=IFCELEMENTQUANTITY('3FSJODEJX1euoBm_ZgTv29',#5,'Qto_CDE_GeometricQuantities','Computed from the model geometry (openings subtracted)','CDE qto.py',(#7566,#7567,#7568,#7569,#7570,#7571));
#7573=IFCRELDEFINESBYPROPERTIES('1MO3UFhKDD4uZtLgvIZ9Av',#5,$,$,(#3479),#7572);
#7574=IFCQUANTITYLENGTH('Length',$,$,1.991,$);
#7575=IFCQUANTITYLENGTH('Width',$,$,0.04,$);
#7576=IFCQUANTITYLENGTH('Height',$,$,0.04,$);
#7577=IFCQUANTITYAREA('OuterSurfaceArea',$,$,0.252,$);
#7578=IFCQUANTITYVOLUME('NetVolume',$,$,0.002,$);
#7579=IFCQUANTITYWEIGHT('NetWeight',$,$,2.379,$);
#7580=IFCELEMENTQUANTITY('3D7OwXr9n1BxU1_y1_dIp2',#5,'Qto_CDE_GeometricQuantities','Computed from the model geometry (openings subtracted)','CDE qto.py',(#7574,#7575,#7576,#7577,#7578,#7579));
#7581=IFCRELDEFINESBYPROPERTIES('1VpGmna15Eqx2gnsV3dLhk',#5,$,$,(#3664),#7580);
#7582=IFCQUANTITYLENGTH('Length',$,$,0.1,$);
#7583=IFCQUANTITYLENGTH('Width',$,$,0.099,$);
#7584=IFCQUANTITYLENGTH('Height',$,$,0.1,$);
#7585=IFCQUANTITYAREA('OuterSurfaceArea',$,$,0.031,$);
#7586=IFCQUANTITYVOLUME('NetVolume',$,$,0.,$);
#7587=IFCQUANTITYWEIGHT('NetWeight',$,$,0.597,$);
#7588=IFCELEMENTQUANTITY('3BHRCwDDzA2eHM5ggRfgds',#5,'Qto_CDE_GeometricQuantities','Computed from the model geometry (openings subtracted)','CDE qto.py',(#7582,#7583,#7584,#7585,#7586,#7587));
#7589=IFCRELDEFINESBYPROPERTIES('26GabX96PAA93QZXLZDh_F',#5,$,$,(#3432),#7588);
#7590=IFCQUANTITYLENGTH('Length',$,$,4.862,$);
#7591=IFCQUANTITYLENGTH('Width',$,$,0.11,$);
#7592=IFCQUANTITYLENGTH('Height',$,$,1.054,$);
#7593=IFCQUANTITYAREA('OuterSurfaceArea',$,$,1.828,$);
#7594=IFCQUANTITYVOLUME('NetVolume',$,$,0.049,$);
#7595=IFCQUANTITYWEIGHT('NetWeight',$,$,68.431,$);
#7596=IFCELEMENTQUANTITY('0gCbv2gQ9BQOlbT_YH44pf',#5,'Qto_CDE_GeometricQuantities','Computed from the model geometry (openings subtracted)','CDE qto.py',(#7590,#7591,#7592,#7593,#7594,#7595));
#7597=IFCRELDEFINESBYPROPERTIES('0oxU5l4lz8fP$z1M5_jSjy',#5,$,$,(#3721),#7596);
#7598=IFCQUANTITYLENGTH('Length',$,$,0.18,$);
#7599=IFCQUANTITYLENGTH('Width',$,$,0.14,$);
#7600=IFCQUANTITYLENGTH('Height',$,$,0.14,$);
#7601=IFCQUANTITYAREA('OuterSurfaceArea',$,$,0.14,$);
#7602=IFCQUANTITYVOLUME('NetVolume',$,$,0.004,$);
#7603=IFCQUANTITYWEIGHT('NetWeight',$,$,29.988,$);
#7604=IFCELEMENTQUANTITY('3T0KeaUOr3BPw1q$0PPLpQ',#5,'Qto_CDE_GeometricQuantities','Computed from the model geometry (openings subtracted)','CDE qto.py',(#7598,#7599,#7600,#7601,#7602,#7603));
#7605=IFCRELDEFINESBYPROPERTIES('2KrOeF5bv77h8cPV8j0Euk',#5,$,$,(#3943),#7604);
#7606=IFCQUANTITYLENGTH('Length',$,$,0.12,$);
#7607=IFCQUANTITYLENGTH('Width',$,$,0.08,$);
#7608=IFCQUANTITYLENGTH('Height',$,$,0.34,$);
#7609=IFCQUANTITYAREA('OuterSurfaceArea',$,$,0.064,$);
#7610=IFCQUANTITYVOLUME('NetVolume',$,$,0.001,$);
#7611=IFCQUANTITYWEIGHT('NetWeight',$,$,6.22,$);
#7612=IFCELEMENTQUANTITY('0vtB8h6STCiR5F_ZdlHGfq',#5,'Qto_CDE_GeometricQuantities','Computed from the model geometry (openings subtracted)','CDE qto.py',(#7606,#7607,#7608,#7609,#7610,#7611));
#7613=IFCRELDEFINESBYPROPERTIES('1Oy7FdL5XEMQlv$ODVmeMg',#5,$,$,(#3900),#7612);
#7614=IFCQUANTITYLENGTH('Length',$,$,4.1,$);
#7615=IFCQUANTITYLENGTH('Width',$,$,4.1,$);
#7616=IFCQUANTITYLENGTH('Depth',$,$,0.1,$);
#7617=IFCQUANTITYAREA('GrossArea',$,$,16.81,$);
#7618=IFCQUANTITYVOLUME('NetVolume',$,$,1.681,$);
#7619=IFCQUANTITYWEIGHT('NetWeight',$,$,3866.3,$);
#7620=IFCELEMENTQUANTITY('21A37b98P8Lwg$YoD7T5q_',#5,'Qto_SlabBaseQuantities','Computed from the model geometry (openings subtracted)','CDE qto.py',(#7614,#7615,#7616,#7617,#7618,#7619));
#7621=IFCRELDEFINESBYPROPERTIES('1shR30nIb4VOqklOq5Cu$k',#5,$,$,(#3989),#7620);
#7622=IFCQUANTITYLENGTH('Length',$,$,0.6,$);
#7623=IFCQUANTITYLENGTH('Width',$,$,0.6,$);
#7624=IFCQUANTITYLENGTH('Height',$,$,1.,$);
#7625=IFCQUANTITYAREA('OuterSurfaceArea',$,$,5.587,$);
#7626=IFCQUANTITYVOLUME('NetVolume',$,$,0.148,$);
#7627=IFCQUANTITYWEIGHT('NetWeight',$,$,355.277,$);
#7628=IFCELEMENTQUANTITY('0eTfOsNjL4oAF59upAtb$J',#5,'Qto_CDE_GeometricQuantities','Computed from the model geometry (openings subtracted)','CDE qto.py',(#7622,#7623,#7624,#7625,#7626,#7627));
#7629=IFCRELDEFINESBYPROPERTIES('3TQH0O$Fz8KOsxQIblRyhB',#5,$,$,(#3800),#7628);
#7630=IFCQUANTITYLENGTH('Length',$,$,3.6,$);
#7631=IFCQUANTITYLENGTH('Width',$,$,2.3,$);
#7632=IFCQUANTITYLENGTH('Depth',$,$,0.14,$);
#7633=IFCQUANTITYAREA('GrossArea',$,$,8.28,$);
#7634=IFCQUANTITYVOLUME('NetVolume',$,$,1.159,$);
#7635=IFCQUANTITYWEIGHT('NetWeight',$,$,9099.72,$);
#7636=IFCELEMENTQUANTITY('2ffzl7BafCTgF00uh0n0NK',#5,'Qto_SlabBaseQuantities','Computed from the model geometry (openings subtracted)','CDE qto.py',(#7630,#7631,#7632,#7633,#7634,#7635));
#7637=IFCRELDEFINESBYPROPERTIES('3Ik3f3tRr9ohI84cFk9vFg',#5,$,$,(#4073),#7636);
#7638=IFCQUANTITYLENGTH('Length',$,$,0.751,$);
#7639=IFCQUANTITYLENGTH('Width',$,$,0.579,$);
#7640=IFCQUANTITYLENGTH('Height',$,$,1.689,$);
#7641=IFCQUANTITYAREA('OuterSurfaceArea',$,$,0.267,$);
#7642=IFCQUANTITYVOLUME('NetVolume',$,$,0.002,$);
#7643=IFCQUANTITYWEIGHT('NetWeight',$,$,13.54,$);
#7644=IFCELEMENTQUANTITY('2qNCh_wkP35gMQow5Y6X5R',#5,'Qto_CDE_GeometricQuantities','Computed from the model geometry (openings subtracted)','CDE qto.py',(#7638,#7639,#7640,#7641,#7642,#7643));
#7645=IFCRELDEFINESBYPROPERTIES('0Aq6CCuMDFEv8DKeujdWbk',#5,$,$,(#3618),#7644);
#7646=IFCQUANTITYLENGTH('Length',$,$,3.5,$);
#7647=IFCQUANTITYLENGTH('Width',$,$,0.07,$);
#7648=IFCQUANTITYLENGTH('Height',$,$,0.34,$);
#7649=IFCQUANTITYAREA('OuterSurfaceArea',$,$,2.918,$);
#7650=IFCQUANTITYVOLUME('NetVolume',$,$,0.083,$);
#7651=IFCQUANTITYWEIGHT('NetWeight',$,$,653.905,$);
#7652=IFCELEMENTQUANTITY('0WvM3WZmfAjOswkUr3hT_8',#5,'Qto_CDE_GeometricQuantities','Computed from the model geometry (openings subtracted)','CDE qto.py',(#7646,#7647,#7648,#7649,#7650,#7651));
#7653=IFCRELDEFINESBYPROPERTIES('2OPKwQ71D7lgrlZjexxxtI',#5,$,$,(#4266),#7652);
#7654=IFCQUANTITYLENGTH('Length',$,$,3.3,$);
#7655=IFCQUANTITYLENGTH('Width',$,$,0.18,$);
#7656=IFCQUANTITYLENGTH('Height',$,$,0.18,$);
#7657=IFCQUANTITYAREA('OuterSurfaceArea',$,$,2.441,$);
#7658=IFCQUANTITYVOLUME('NetVolume',$,$,0.107,$);
#7659=IFCQUANTITYWEIGHT('NetWeight',$,$,839.322,$);
#7660=IFCELEMENTQUANTITY('16_iV8Gxv11Ow3X4Ma5hRi',#5,'Qto_CDE_GeometricQuantities','Computed from the model geometry (openings subtracted)','CDE qto.py',(#7654,#7655,#7656,#7657,#7658,#7659));
#7661=IFCRELDEFINESBYPROPERTIES('1p7Vfk3K1AxvK9XMVm5$TJ',#5,$,$,(#4306),#7660);
#7662=IFCQUANTITYLENGTH('Length',$,$,0.67,$);
#7663=IFCQUANTITYAREA('CrossSectionArea',$,$,0.014,$);
#7664=IFCQUANTITYAREA('OuterSurfaceArea',$,$,0.424,$);
#7665=IFCQUANTITYVOLUME('NetVolume',$,$,0.009,$);
#7666=IFCQUANTITYWEIGHT('NetWeight',$,$,67.756,$);
#7667=IFCELEMENTQUANTITY('1o2ShU8mH1lwtIW2JtU7Pd',#5,'Qto_MemberBaseQuantities','Computed from the model geometry (openings subtracted)','CDE qto.py',(#7662,#7663,#7664,#7665,#7666));
#7668=IFCRELDEFINESBYPROPERTIES('0DAmyNeCT72u5JDz5VrPTH',#5,$,$,(#3374),#7667);
#7669=IFCQUANTITYLENGTH('Length',$,$,3.5,$);
#7670=IFCQUANTITYLENGTH('Width',$,$,2.2,$);
#7671=IFCQUANTITYLENGTH('Height',$,$,2.28,$);
#7672=IFCQUANTITYAREA('OuterSurfaceArea',$,$,40.381,$);
#7673=IFCQUANTITYVOLUME('NetVolume',$,$,0.778,$);
#7674=IFCQUANTITYWEIGHT('NetWeight',$,$,6109.184,$);
#7675=IFCELEMENTQUANTITY('1YibB$IoD2Dv9z5HvPtCR7',#5,'Qto_CDE_GeometricQuantities','Computed from the model geometry (openings subtracted)','CDE qto.py',(#7669,#7670,#7671,#7672,#7673,#7674));
#7676=IFCRELDEFINESBYPROPERTIES('2l3lV2dF9ElQGaYuJa59x7',#5,$,$,(#4222),#7675);
#7677=IFCQUANTITYLENGTH('Length',$,$,3.36,$);
#7678=IFCQUANTITYLENGTH('Width',$,$,0.46,$);
#7679=IFCQUANTITYLENGTH('Height',$,$,0.04,$);
#7680=IFCQUANTITYAREA('OuterSurfaceArea',$,$,3.397,$);
#7681=IFCQUANTITYVOLUME('NetVolume',$,$,0.062,$);
#7682=IFCQUANTITYWEIGHT('NetWeight',$,$,494.592,$);
#7683=IFCELEMENTQUANTITY('3qgZEKGeHBwB3MFKbbsL29',#5,'Qto_CDE_GeometricQuantities','Computed from the model geometry (openings subtracted)','CDE qto.py',(#7677,#7678,#7679,#7680,#7681,#7682));
#7684=IFCRELDEFINESBYPROPERTIES('1QzQiCNHD57hJaxDosVKTo',#5,$,$,(#4351),#7683);
#7685=IFCQUANTITYLENGTH('Length',$,$,2.28,$);
#7686=IFCQUANTITYAREA('CrossSectionArea',$,$,0.026,$);
#7687=IFCQUANTITYAREA('OuterSurfaceArea',$,$,2.97,$);
#7688=IFCQUANTITYVOLUME('NetVolume',$,$,0.058,$);
#7689=IFCQUANTITYWEIGHT('NetWeight',$,$,458.189,$);
#7690=IFCELEMENTQUANTITY('0qNoz$En5C0PUBMfN2RWUU',#5,'Qto_ColumnBaseQuantities','Computed from the model geometry (openings subtracted)','CDE qto.py',(#7685,#7686,#7687,#7688,#7689));
#7691=IFCRELDEFINESBYPROPERTIES('2DlJv_C85B6O7V1QyUBTzi',#5,$,$,(#4149),#7690);
#7692=IFCQUANTITYLENGTH('Length',$,$,0.6,$);
#7693=IFCQUANTITYLENGTH('Width',$,$,0.6,$);
#7694=IFCQUANTITYLENGTH('Height',$,$,0.065,$);
#7695=IFCQUANTITYAREA('OuterSurfaceArea',$,$,0.876,$);
#7696=IFCQUANTITYVOLUME('NetVolume',$,$,0.023,$);
#7697=IFCQUANTITYWEIGHT('NetWeight',$,$,168.48,$);
#7698=IFCELEMENTQUANTITY('2Qv$ut$8910R1zBvz8C4Yd',#5,'Qto_CDE_GeometricQuantities','Computed from the model geometry (openings subtracted)','CDE qto.py',(#7692,#7693,#7694,#7695,#7696,#7697));
#7699=IFCRELDEFINESBYPROPERTIES('0_FEaNYbjCnBe7owP9bsfN',#5,$,$,(#3843),#7698);
#7700=IFCQUANTITYLENGTH('Length',$,$,3.5,$);
#7701=IFCQUANTITYLENGTH('Width',$,$,0.99,$);
#7702=IFCQUANTITYLENGTH('Height',$,$,0.56,$);
#7703=IFCQUANTITYAREA('OuterSurfaceArea',$,$,9.715,$);
#7704=IFCQUANTITYVOLUME('NetVolume',$,$,0.239,$);
#7705=IFCQUANTITYWEIGHT('NetWeight',$,$,71.61,$);
#7706=IFCELEMENTQUANTITY('3xfPlz0890fQkB4fU0HEeD',#5,'Qto_CDE_GeometricQuantities','Computed from the model geometry (openings subtracted)','CDE qto.py',(#7700,#7701,#7702,#7703,#7704,#7705));
#7707=IFCRELDEFINESBYPROPERTIES('0JtmRQ0bn3BfEnw6LLX5CZ',#5,$,$,(#5534),#7706);
#7708=IFCQUANTITYAREA('GrossArea',$,$,22.386,$);
#7709=IFCQUANTITYAREA('ProjectedArea',$,$,11.08,$);
#7710=IFCQUANTITYWEIGHT('NetWeight',$,$,21355.533,$);
#7711=IFCELEMENTQUANTITY('0XRagTt7L5M8uPfVLrvvYV',#5,'Qto_RoofBaseQuantities','Computed from the model geometry (openings subtracted)','CDE qto.py',(#7708,#7709,#7710));
#7712=IFCRELDEFINESBYPROPERTIES('2ckPT23Ez7BRaeStgUQihU',#5,$,$,(#5471),#7711);
#7713=IFCQUANTITYLENGTH('Length',$,$,3.26,$);
#7714=IFCQUANTITYLENGTH('Width',$,$,0.28,$);
#7715=IFCQUANTITYLENGTH('Height',$,$,1.85,$);
#7716=IFCQUANTITYAREA('OuterSurfaceArea',$,$,12.306,$);
#7717=IFCQUANTITYVOLUME('NetVolume',$,$,0.114,$);
#7718=IFCQUANTITYWEIGHT('NetWeight',$,$,77.531,$);
#7719=IFCELEMENTQUANTITY('1D1SoR7$D7Yw$Or7NrVphE',#5,'Qto_CDE_GeometricQuantities','Computed from the model geometry (openings subtracted)','CDE qto.py',(#7713,#7714,#7715,#7716,#7717,#7718));
#7720=IFCRELDEFINESBYPROPERTIES('3ZxvvNt7jEC9D5IK371_Pd',#5,$,$,(#4454),#7719);
#7721=IFCQUANTITYLENGTH('Length',$,$,3.,$);
#7722=IFCQUANTITYLENGTH('Width',$,$,0.07,$);
#7723=IFCQUANTITYLENGTH('Height',$,$,0.03,$);
#7724=IFCQUANTITYAREA('OuterSurfaceArea',$,$,0.604,$);
#7725=IFCQUANTITYVOLUME('NetVolume',$,$,0.006,$);
#7726=IFCQUANTITYWEIGHT('NetWeight',$,$,7.56,$);
#7727=IFCELEMENTQUANTITY('2zwB2mmSfCEwHwtDiQ9$0H',#5,'Qto_CDE_GeometricQuantities','Computed from the model geometry (openings subtracted)','CDE qto.py',(#7721,#7722,#7723,#7724,#7725,#7726));
#7728=IFCRELDEFINESBYPROPERTIES('36jztmHzL46Qe9l6FLXdO3',#5,$,$,(#5690),#7727);
#7729=IFCQUANTITYLENGTH('Length',$,$,3.27,$);
#7730=IFCQUANTITYAREA('CrossSectionArea',$,$,0.001,$);
#7731=IFCQUANTITYAREA('OuterSurfaceArea',$,$,0.281,$);
#7732=IFCQUANTITYVOLUME('NetVolume',$,$,0.002,$);
#7733=IFCQUANTITYWEIGHT('NetWeight',$,$,16.196,$);
#7734=IFCELEMENTQUANTITY('39NI3a4NP3lh5Ws2ovGdsR',#5,'Qto_MemberBaseQuantities','Computed from the model geometry (openings subtracted)','CDE qto.py',(#7729,#7730,#7731,#7732,#7733));
#7735=IFCRELDEFINESBYPROPERTIES('0QjjIU4rD01Qva8Lupwkms',#5,$,$,(#5602),#7734);
#7736=IFCQUANTITYLENGTH('Width',$,$,0.8,$);
#7737=IFCQUANTITYLENGTH('Height',$,$,1.96,$);
#7738=IFCQUANTITYAREA('Area',$,$,1.568,$);
#7739=IFCQUANTITYWEIGHT('NetWeight',$,$,369.264,$);
#7740=IFCELEMENTQUANTITY('2fTBVsnwX3aubIHltoUt9A',#5,'Qto_DoorBaseQuantities','Computed from the model geometry (openings subtracted)','CDE qto.py',(#7736,#7737,#7738,#7739));
#7741=IFCRELDEFINESBYPROPERTIES('1XNXit2Yf898IWtpmD7TRl',#5,$,$,(#5737),#7740);
#7742=IFCQUANTITYLENGTH('Length',$,$,0.4,$);
#7743=IFCQUANTITYLENGTH('Width',$,$,0.18,$);
#7744=IFCQUANTITYLENGTH('Height',$,$,0.85,$);
#7745=IFCQUANTITYAREA('OuterSurfaceArea',$,$,1.13,$);
#7746=IFCQUANTITYVOLUME('NetVolume',$,$,0.061,$);
#7747=IFCQUANTITYWEIGHT('NetWeight',$,$,480.42,$);
#7748=IFCELEMENTQUANTITY('33ePA2oYzFOw68YLyiIdti',#5,'Qto_CDE_GeometricQuantities','Computed from the model geometry (openings subtracted)','CDE qto.py',(#7742,#7743,#7744,#7745,#7746,#7747));
#7749=IFCRELDEFINESBYPROPERTIES('2OC8YfbRn0rh4tRPnH69uO',#5,$,$,(#5782),#7748);
#7750=IFCQUANTITYLENGTH('Length',$,$,4.7,$);
#7751=IFCQUANTITYLENGTH('Width',$,$,4.2,$);
#7752=IFCQUANTITYLENGTH('Depth',$,$,0.1,$);
#7753=IFCQUANTITYAREA('GrossArea',$,$,19.74,$);
#7754=IFCQUANTITYVOLUME('NetVolume',$,$,1.974,$);
#7755=IFCQUANTITYWEIGHT('NetWeight',$,$,4540.2,$);
#7756=IFCELEMENTQUANTITY('2_1f1TqdXBYwUbRuoJsvKu',#5,'Qto_SlabBaseQuantities','Computed from the model geometry (openings subtracted)','CDE qto.py',(#7750,#7751,#7752,#7753,#7754,#7755));
#7757=IFCRELDEFINESBYPROPERTIES('366yWSm090dByA80sszgbT',#5,$,$,(#5826),#7756);
#7758=IFCQUANTITYLENGTH('Length',$,$,1.944,$);
#7759=IFCQUANTITYLENGTH('Width',$,$,0.2,$);
#7760=IFCQUANTITYLENGTH('Height',$,$,1.7,$);
#7761=IFCQUANTITYAREA('OuterSurfaceArea',$,$,7.573,$);
#7762=IFCQUANTITYVOLUME('NetVolume',$,$,0.06,$);
#7763=IFCQUANTITYWEIGHT('NetWeight',$,$,471.157,$);
#7764=IFCELEMENTQUANTITY('15uvgXVDP0Q8rCArA0dQhh',#5,'Qto_CDE_GeometricQuantities','Computed from the model geometry (openings subtracted)','CDE qto.py',(#7758,#7759,#7760,#7761,#7762,#7763));
#7765=IFCRELDEFINESBYPROPERTIES('3UH98MF616wuzoy9MyZGOu',#5,$,$,(#5212),#7764);
#7766=IFCQUANTITYLENGTH('Length',$,$,2.4,$);
#7767=IFCQUANTITYLENGTH('Width',$,$,0.02,$);
#7768=IFCQUANTITYLENGTH('Height',$,$,0.22,$);
#7769=IFCQUANTITYAREA('OuterSurfaceArea',$,$,1.161,$);
#7770=IFCQUANTITYVOLUME('NetVolume',$,$,0.011,$);
#7771=IFCQUANTITYWEIGHT('NetWeight',$,$,12.566,$);
#7772=IFCELEMENTQUANTITY('08vrnvpfz3UO0Lxi7puqnI',#5,'Qto_CDE_GeometricQuantities','Computed from the model geometry (openings subtracted)','CDE qto.py',(#7766,#7767,#7768,#7769,#7770,#7771));
#7773=IFCRELDEFINESBYPROPERTIES('0E7epc2TD1s8lN_LTUtYzq',#5,$,$,(#5647),#7772);
#7774=IFCQUANTITYLENGTH('Length',$,$,1.944,$);
#7775=IFCQUANTITYLENGTH('Width',$,$,0.2,$);
#7776=IFCQUANTITYLENGTH('Height',$,$,1.7,$);
#7777=IFCQUANTITYAREA('OuterSurfaceArea',$,$,7.573,$);
#7778=IFCQUANTITYVOLUME('NetVolume',$,$,0.06,$);
#7779=IFCQUANTITYWEIGHT('NetWeight',$,$,471.157,$);
#7780=IFCELEMENTQUANTITY('3ANs62NujBZRLwMUFxRpm8',#5,'Qto_CDE_GeometricQuantities','Computed from the model geometry (openings subtracted)','CDE qto.py',(#7774,#7775,#7776,#7777,#7778,#7779));
#7781=IFCRELDEFINESBYPROPERTIES('3q7sFJGN98pPs5lp3C8QhG',#5,$,$,(#4833),#7780);
#7782=IFCQUANTITYLENGTH('Length',$,$,0.483,$);
#7783=IFCQUANTITYLENGTH('Width',$,$,0.46,$);
#7784=IFCQUANTITYLENGTH('Height',$,$,0.861,$);
#7785=IFCQUANTITYAREA('OuterSurfaceArea',$,$,1.095,$);
#7786=IFCQUANTITYVOLUME('NetVolume',$,$,0.007,$);
#7787=IFCQUANTITYWEIGHT('NetWeight',$,$,56.447,$);
#7788=IFCELEMENTQUANTITY('3po2Xmb6nFHREuQM_bLHG7',#5,'Qto_CDE_GeometricQuantities','Computed from the model geometry (openings subtracted)','CDE qto.py',(#7782,#7783,#7784,#7785,#7786,#7787));
#7789=IFCRELDEFINESBYPROPERTIES('1tVoBDDnDE2QYR3W285YXC',#5,$,$,(#6090),#7788);
#7790=IFCQUANTITYLENGTH('Length',$,$,0.483,$);
#7791=IFCQUANTITYLENGTH('Width',$,$,0.46,$);
#7792=IFCQUANTITYLENGTH('Height',$,$,0.861,$);
#7793=IFCQUANTITYAREA('OuterSurfaceArea',$,$,1.095,$);
#7794=IFCQUANTITYVOLUME('NetVolume',$,$,0.007,$);
#7795=IFCQUANTITYWEIGHT('NetWeight',$,$,56.447,$);
#7796=IFCELEMENTQUANTITY('1Kbd3VD8jFfwp8U1$W9VCc',#5,'Qto_CDE_GeometricQuantities','Computed from the model geometry (openings subtracted)','CDE qto.py',(#7790,#7791,#7792,#7793,#7794,#7795));
#7797=IFCRELDEFINESBYPROPERTIES('3dSFsJTbH5sQTpM9C$3q88',#5,$,$,(#6323),#7796);
#7798=IFCQUANTITYLENGTH('Length',$,$,0.483,$);
#7799=IFCQUANTITYLENGTH('Width',$,$,0.46,$);
#7800=IFCQUANTITYLENGTH('Height',$,$,0.861,$);
#7801=IFCQUANTITYAREA('OuterSurfaceArea',$,$,1.095,$);
#7802=IFCQUANTITYVOLUME('NetVolume',$,$,0.007,$);
#7803=IFCQUANTITYWEIGHT('NetWeight',$,$,56.447,$);
#7804=IFCELEMENTQUANTITY('1WKGy2fM55IPtl6yK8Zqpz',#5,'Qto_CDE_GeometricQuantities','Computed from the model geometry (openings subtracted)','CDE qto.py',(#7798,#7799,#7800,#7801,#7802,#7803));
#7805=IFCRELDEFINESBYPROPERTIES('2W4eyrPkD2IuFfARtgz76g',#5,$,$,(#6790),#7804);
#7806=IFCQUANTITYLENGTH('Length',$,$,1.895,$);
#7807=IFCQUANTITYLENGTH('Width',$,$,1.573,$);
#7808=IFCQUANTITYLENGTH('Height',$,$,4.352,$);
#7809=IFCQUANTITYAREA('OuterSurfaceArea',$,$,7.984,$);
#7810=IFCQUANTITYVOLUME('NetVolume',$,$,0.576,$);
#7811=IFCQUANTITYWEIGHT('NetWeight',$,$,402.921,$);
#7812=IFCELEMENTQUANTITY('0i8ebps2954fzP5sQWPxft',#5,'Qto_CDE_GeometricQuantities','Computed from the model geometry (openings subtracted)','CDE qto.py',(#7806,#7807,#7808,#7809,#7810,#7811));
#7813=IFCRELDEFINESBYPROPERTIES('0ek87Ix_T3W9a_s7t7W$Gr',#5,$,$,(#7096),#7812);
#7814=IFCQUANTITYLENGTH('Length',$,$,1.4,$);
#7815=IFCQUANTITYLENGTH('Width',$,$,1.4,$);
#7816=IFCQUANTITYLENGTH('Height',$,$,0.035,$);
#7817=IFCQUANTITYAREA('OuterSurfaceArea',$,$,2.7,$);
#7818=IFCQUANTITYVOLUME('NetVolume',$,$,0.025,$);
#7819=IFCQUANTITYWEIGHT('NetWeight',$,$,182.501,$);
#7820=IFCELEMENTQUANTITY('0XkXDkSu95twaYdgnFrfL4',#5,'Qto_CDE_GeometricQuantities','Computed from the model geometry (openings subtracted)','CDE qto.py',(#7814,#7815,#7816,#7817,#7818,#7819));
#7821=IFCRELDEFINESBYPROPERTIES('0Jnd_mKQr1BOHc$qYXs5DW',#5,$,$,(#7271),#7820);
#7822=IFCQUANTITYLENGTH('Length',$,$,1.96,$);
#7823=IFCQUANTITYLENGTH('Width',$,$,1.96,$);
#7824=IFCQUANTITYLENGTH('Height',$,$,0.055,$);
#7825=IFCQUANTITYAREA('OuterSurfaceArea',$,$,5.512,$);
#7826=IFCQUANTITYVOLUME('NetVolume',$,$,0.053,$);
#7827=IFCQUANTITYWEIGHT('NetWeight',$,$,382.118,$);
#7828=IFCELEMENTQUANTITY('2CG_AWu1bCgBmvfsjKHnus',#5,'Qto_CDE_GeometricQuantities','Computed from the model geometry (openings subtracted)','CDE qto.py',(#7822,#7823,#7824,#7825,#7826,#7827));
#7829=IFCRELDEFINESBYPROPERTIES('0dF_Ee3nX5RxV1yhmp6MmP',#5,$,$,(#1193),#7828);
#7830=IFCQUANTITYLENGTH('Length',$,$,0.42,$);
#7831=IFCQUANTITYLENGTH('Width',$,$,0.419,$);
#7832=IFCQUANTITYLENGTH('Height',$,$,0.95,$);
#7833=IFCQUANTITYAREA('OuterSurfaceArea',$,$,2.041,$);
#7834=IFCQUANTITYVOLUME('NetVolume',$,$,0.02,$);
#7835=IFCQUANTITYWEIGHT('NetWeight',$,$,160.726,$);
#7836=IFCELEMENTQUANTITY('0zYZ5uSOLB9Qv57XCywTx_',#5,'Qto_CDE_GeometricQuantities','Computed from the model geometry (openings subtracted)','CDE qto.py',(#7830,#7831,#7832,#7833,#7834,#7835));
#7837=IFCRELDEFINESBYPROPERTIES('35i47UOcvBLwmSWtea6qKE',#5,$,$,(#6853),#7836);
#7838=IFCQUANTITYLENGTH('Length',$,$,0.483,$);
#7839=IFCQUANTITYLENGTH('Width',$,$,0.46,$);
#7840=IFCQUANTITYLENGTH('Height',$,$,0.861,$);
#7841=IFCQUANTITYAREA('OuterSurfaceArea',$,$,1.095,$);
#7842=IFCQUANTITYVOLUME('NetVolume',$,$,0.007,$);
#7843=IFCQUANTITYWEIGHT('NetWeight',$,$,56.447,$);
#7844=IFCELEMENTQUANTITY('3vemB7XxTCpOFA08AYiWx3',#5,'Qto_CDE_GeometricQuantities','Computed from the model geometry (openings subtracted)','CDE qto.py',(#7838,#7839,#7840,#7841,#7842,#7843));
#7845=IFCRELDEFINESBYPROPERTIES('1Lf81Q5UL4zQkDs4wx_g7u',#5,$,$,(#6556),#7844);
#7846=IFCQUANTITYLENGTH('Length',$,$,0.67,$);
#7847=IFCQUANTITYAREA('CrossSectionArea',$,$,0.014,$);
#7848=IFCQUANTITYAREA('OuterSurfaceArea',$,$,0.424,$);
#7849=IFCQUANTITYVOLUME('NetVolume',$,$,0.009,$);
#7850=IFCQUANTITYWEIGHT('NetWeight',$,$,67.756,$);
#7851=IFCELEMENTQUANTITY('3NGmFSrt901Agj5W2g$I6O',#5,'Qto_MemberBaseQuantities','Computed from the model geometry (openings subtracted)','CDE qto.py',(#7846,#7847,#7848,#7849,#7850));
#7852=IFCRELDEFINESBYPROPERTIES('3n39OPOqLC_OVeL7ayVGvW',#5,$,$,(#3134),#7851);
#7853=IFCQUANTITYLENGTH('Length',$,$,1.4,$);
#7854=IFCQUANTITYLENGTH('Width',$,$,1.4,$);
#7855=IFCQUANTITYLENGTH('Height',$,$,0.035,$);
#7856=IFCQUANTITYAREA('OuterSurfaceArea',$,$,2.7,$);
#7857=IFCQUANTITYVOLUME('NetVolume',$,$,0.025,$);
#7858=IFCQUANTITYWEIGHT('NetWeight',$,$,182.501,$);
#7859=IFCELEMENTQUANTITY('2dFsaV9MHAy8yVbpja5Lum',#5,'Qto_CDE_GeometricQuantities','Computed from the model geometry (openings subtracted)','CDE qto.py',(#7853,#7854,#7855,#7856,#7857,#7858));
#7860=IFCRELDEFINESBYPROPERTIES('1PT3IBBWf3Z8VVYZ1XHQ1y',#5,$,$,(#7023),#7859);
#7861=IFCQUANTITYLENGTH('Length',$,$,3.82,$);
#7862=IFCQUANTITYLENGTH('Width',$,$,2.18,$);
#7863=IFCQUANTITYLENGTH('Height',$,$,1.62,$);
#7864=IFCQUANTITYAREA('OuterSurfaceArea',$,$,20.355,$);
#7865=IFCQUANTITYVOLUME('NetVolume',$,$,0.629,$);
#7866=IFCQUANTITYWEIGHT('NetWeight',$,$,503.168,$);
#7867=IFCELEMENTQUANTITY('13GjQTnE906xjb3CIkRFAy',#5,'Qto_BuildingElementProxyQuantities','Computed from the model geometry (openings subtracted)','CDE qto.py',(#7861,#7862,#7863,#7864,#7865,#7866));
#7868=IFCRELDEFINESBYPROPERTIES('3ktStf_uf5gQpfrGJpgtJ6',#5,$,$,(#5393),#7867);
#7869=IFCQUANTITYLENGTH('Length',$,$,1.895,$);
#7870=IFCQUANTITYLENGTH('Width',$,$,1.573,$);
#7871=IFCQUANTITYLENGTH('Height',$,$,4.352,$);
#7872=IFCQUANTITYAREA('OuterSurfaceArea',$,$,7.984,$);
#7873=IFCQUANTITYVOLUME('NetVolume',$,$,0.576,$);
#7874=IFCQUANTITYWEIGHT('NetWeight',$,$,402.921,$);
#7875=IFCELEMENTQUANTITY('3Bc43HBnb0R8UrvcXu4L8c',#5,'Qto_CDE_GeometricQuantities','Computed from the model geometry (openings subtracted)','CDE qto.py',(#7869,#7870,#7871,#7872,#7873,#7874));
#7876=IFCRELDEFINESBYPROPERTIES('1X_i_WpV12UQ8boTti8MUz',#5,$,$,(#7344),#7875);
ENDSEC;
END-ISO-10303-21;
