ISO-10303-21;
HEADER;
FILE_DESCRIPTION(('ViewDefinition [CoordinationView]'),'2;1');
FILE_NAME('','2026-10-01T15:31:42',(''),(''),'IfcOpenShell 0.9.0alpha0-8c614fa','IfcOpenShell 0.9.0alpha0-8c614fa','');
FILE_SCHEMA(('IFC4'));
ENDSEC;
DATA;
#1=IFCPERSON($,$,'IFC Viewer Online demo',$,$,$,$,$);
#2=IFCORGANIZATION($,'IFC Viewer Online',$,$,$);
#3=IFCPERSONANDORGANIZATION(#1,#2,$);
#4=IFCAPPLICATION(#2,'2.0','Landmark builder (IfcOpenShell)','landmark-builder');
#5=IFCOWNERHISTORY(#3,#4,$,.ADDED.,1790861502,#3,#4,1790861502);
#6=IFCSIUNIT(*,.LENGTHUNIT.,$,.METRE.);
#7=IFCSIUNIT(*,.AREAUNIT.,$,.SQUARE_METRE.);
#8=IFCSIUNIT(*,.VOLUMEUNIT.,$,.CUBIC_METRE.);
#9=IFCSIUNIT(*,.MASSUNIT.,.KILO.,.GRAM.);
#10=IFCSIUNIT(*,.PLANEANGLEUNIT.,$,.RADIAN.);
#11=IFCUNITASSIGNMENT((#6,#7,#8,#9,#10));
#12=IFCCARTESIANPOINT((0.,0.,0.));
#13=IFCAXIS2PLACEMENT3D(#12,$,$);
#14=IFCDIRECTION((0.,1.));
#15=IFCGEOMETRICREPRESENTATIONCONTEXT($,'Model',3,1.E-05,#13,#14);
#16=IFCGEOMETRICREPRESENTATIONSUBCONTEXT('Body','Model',*,*,*,*,#15,$,.MODEL_VIEW.,$);
#17=IFCPROJECT('2SCbVP_Lj6Kwoc1Xk6hWKh',#5,'Elielinaukio bus terminal \X2\2014\X0\ authored IFC (demo)','Authored from OpenStreetMap (ODbL), City of Helsinki LOD2 (CC BY 4.0) and photographs. Demonstration model, not a survey.',$,$,$,(#15),#11);
#18=IFCSIUNIT(*,.LENGTHUNIT.,$,.METRE.);
#19=IFCPROJECTEDCRS('EPSG:3879','ETRS89 / GK25FIN','ETRS89','N2000',$,$,#18);
#20=IFCMAPCONVERSION(#15,#19,25496645.500512805,6673210.778911537,3.3,1.,0.,1.);
#21=IFCLOCALPLACEMENT($,#13);
#22=IFCSITE('3Sjswu1d9CqedQuzMhqgqk',#5,'Elielinaukio',$,$,#21,$,$,.ELEMENT.,(60,10,18,335999),(24,56,22,451999),3.3,$,$);
#23=IFCLOCALPLACEMENT(#21,#13);
#24=IFCBUILDING('3H8d6FFdvA_wF9uPDkRBLR',#5,'Elielinaukion bussiterminaali','Authored from OpenStreetMap (ODbL), City of Helsinki LOD2 (CC BY 4.0) and photographs. Demonstration model, not a survey.',$,#23,$,$,.ELEMENT.,$,$,$);
#25=IFCRELAGGREGATES('3tdRfNWFr5wxFvLvhdhMEs',#5,$,$,#17,(#22));
#26=IFCRELAGGREGATES('1xzdhc3IX3OfI8vIyUZUg9',#5,$,$,#22,(#24));
#27=IFCCOLOURRGB($,0.47,0.33,0.29);
#28=IFCSURFACESTYLESHADING(#27,0.);
#29=IFCSURFACESTYLE('Red-brown concrete brick pavers',.BOTH.,(#28));
#30=IFCMATERIAL('Red-brown concrete brick pavers','Bus apron, herringbone-free stretcher bond','Concrete');
#31=IFCPROPERTYSINGLEVALUE('MassDensity',$,IFCMASSDENSITYMEASURE(2300.),$);
#32=IFCMATERIALPROPERTIES('Pset_MaterialCommon',$,(#31),#30);
#33=IFCSTYLEDITEM($,(#29),$);
#34=IFCSTYLEDREPRESENTATION(#15,'Style','Material',(#33));
#35=IFCMATERIALDEFINITIONREPRESENTATION($,$,(#34),#30);
#36=IFCCOLOURRGB($,0.36,0.32,0.3);
#37=IFCSURFACESTYLESHADING(#36,0.);
#38=IFCSURFACESTYLE('Dark grey-brown concrete pavers',.BOTH.,(#37));
#39=IFCMATERIAL('Dark grey-brown concrete pavers','Pedestrian island','Concrete');
#40=IFCPROPERTYSINGLEVALUE('MassDensity',$,IFCMASSDENSITYMEASURE(2300.),$);
#41=IFCMATERIALPROPERTIES('Pset_MaterialCommon',$,(#40),#39);
#42=IFCSTYLEDITEM($,(#38),$);
#43=IFCSTYLEDREPRESENTATION(#15,'Style','Material',(#42));
#44=IFCMATERIALDEFINITIONREPRESENTATION($,$,(#43),#39);
#45=IFCCOLOURRGB($,0.66,0.65,0.62);
#46=IFCSURFACESTYLESHADING(#45,0.);
#47=IFCSURFACESTYLE('Grey granite kerb',.BOTH.,(#46));
#48=IFCMATERIAL('Grey granite kerb',$,'Stone');
#49=IFCPROPERTYSINGLEVALUE('MassDensity',$,IFCMASSDENSITYMEASURE(2700.),$);
#50=IFCMATERIALPROPERTIES('Pset_MaterialCommon',$,(#49),#48);
#51=IFCSTYLEDITEM($,(#47),$);
#52=IFCSTYLEDREPRESENTATION(#15,'Style','Material',(#51));
#53=IFCMATERIALDEFINITIONREPRESENTATION($,$,(#52),#48);
#54=IFCCOLOURRGB($,0.92,0.92,0.9);
#55=IFCSURFACESTYLESHADING(#54,0.);
#56=IFCSURFACESTYLE('White road marking',.BOTH.,(#55));
#57=IFCMATERIAL('White road marking',$,'Paint');
#58=IFCSTYLEDITEM($,(#56),$);
#59=IFCSTYLEDREPRESENTATION(#15,'Style','Material',(#58));
#60=IFCMATERIALDEFINITIONREPRESENTATION($,$,(#59),#57);
#61=IFCCOLOURRGB($,0.17,0.19,0.2);
#62=IFCSURFACESTYLESHADING(#61,0.);
#63=IFCSURFACESTYLE('Dark grey painted steel',.BOTH.,(#62));
#64=IFCMATERIAL('Dark grey painted steel','Canopy structure, poles, kiosks','Metal');
#65=IFCPROPERTYSINGLEVALUE('MassDensity',$,IFCMASSDENSITYMEASURE(7850.),$);
#66=IFCMATERIALPROPERTIES('Pset_MaterialCommon',$,(#65),#64);
#67=IFCSTYLEDITEM($,(#63),$);
#68=IFCSTYLEDREPRESENTATION(#15,'Style','Material',(#67));
#69=IFCMATERIALDEFINITIONREPRESENTATION($,$,(#68),#64);
#70=IFCCOLOURRGB($,0.7,0.8,0.84);
#71=IFCSURFACESTYLESHADING(#70,0.55);
#72=IFCSURFACESTYLE('Toughened laminated glass',.BOTH.,(#71));
#73=IFCMATERIAL('Toughened laminated glass',$,'Glass');
#74=IFCPROPERTYSINGLEVALUE('MassDensity',$,IFCMASSDENSITYMEASURE(2500.),$);
#75=IFCMATERIALPROPERTIES('Pset_MaterialCommon',$,(#74),#73);
#76=IFCSTYLEDITEM($,(#72),$);
#77=IFCSTYLEDREPRESENTATION(#15,'Style','Material',(#76));
#78=IFCMATERIALDEFINITIONREPRESENTATION($,$,(#77),#73);
#79=IFCCOLOURRGB($,0.74,0.84,0.86);
#80=IFCSURFACESTYLESHADING(#79,0.6);
#81=IFCSURFACESTYLE('Frameless toughened glass screen',.BOTH.,(#80));
#82=IFCMATERIAL('Frameless toughened glass screen',$,'Glass');
#83=IFCPROPERTYSINGLEVALUE('MassDensity',$,IFCMASSDENSITYMEASURE(2500.),$);
#84=IFCMATERIALPROPERTIES('Pset_MaterialCommon',$,(#83),#82);
#85=IFCSTYLEDITEM($,(#81),$);
#86=IFCSTYLEDREPRESENTATION(#15,'Style','Material',(#85));
#87=IFCMATERIALDEFINITIONREPRESENTATION($,$,(#86),#82);
#88=IFCCOLOURRGB($,0.95,0.95,0.93);
#89=IFCSURFACESTYLESHADING(#88,0.);
#90=IFCSURFACESTYLE('Clock dial',.BOTH.,(#89));
#91=IFCMATERIAL('Clock dial',$,'Metal');
#92=IFCSTYLEDITEM($,(#90),$);
#93=IFCSTYLEDREPRESENTATION(#15,'Style','Material',(#92));
#94=IFCMATERIALDEFINITIONREPRESENTATION($,$,(#93),#91);
#95=IFCCOLOURRGB($,0.06,0.06,0.07);
#96=IFCSURFACESTYLESHADING(#95,0.);
#97=IFCSURFACESTYLE('Clock hands',.BOTH.,(#96));
#98=IFCMATERIAL('Clock hands',$,'Metal');
#99=IFCSTYLEDITEM($,(#97),$);
#100=IFCSTYLEDREPRESENTATION(#15,'Style','Material',(#99));
#101=IFCMATERIALDEFINITIONREPRESENTATION($,$,(#100),#98);
#102=IFCCOLOURRGB($,0.55,0.42,0.28);
#103=IFCSURFACESTYLESHADING(#102,0.);
#104=IFCSURFACESTYLE('Bench slats, oiled wood',.BOTH.,(#103));
#105=IFCMATERIAL('Bench slats, oiled wood',$,'Wood');
#106=IFCPROPERTYSINGLEVALUE('MassDensity',$,IFCMASSDENSITYMEASURE(650.),$);
#107=IFCMATERIALPROPERTIES('Pset_MaterialCommon',$,(#106),#105);
#108=IFCSTYLEDITEM($,(#104),$);
#109=IFCSTYLEDREPRESENTATION(#15,'Style','Material',(#108));
#110=IFCMATERIALDEFINITIONREPRESENTATION($,$,(#109),#105);
#111=IFCCOLOURRGB($,0.,0.47,0.78);
#112=IFCSURFACESTYLESHADING(#111,0.);
#113=IFCSURFACESTYLE('Stop sign, blue panel',.BOTH.,(#112));
#114=IFCMATERIAL('Stop sign, blue panel',$,'Metal');
#115=IFCSTYLEDITEM($,(#113),$);
#116=IFCSTYLEDREPRESENTATION(#15,'Style','Material',(#115));
#117=IFCMATERIALDEFINITIONREPRESENTATION($,$,(#116),#114);
#118=IFCCOLOURRGB($,0.98,0.75,0.05);
#119=IFCSURFACESTYLESHADING(#118,0.);
#120=IFCSURFACESTYLE('Stop sign, yellow panel',.BOTH.,(#119));
#121=IFCMATERIAL('Stop sign, yellow panel',$,'Metal');
#122=IFCSTYLEDITEM($,(#120),$);
#123=IFCSTYLEDREPRESENTATION(#15,'Style','Material',(#122));
#124=IFCMATERIALDEFINITIONREPRESENTATION($,$,(#123),#121);
#125=IFCCOLOURRGB($,0.95,0.95,0.95);
#126=IFCSURFACESTYLESHADING(#125,0.);
#127=IFCSURFACESTYLE('Timetable panel',.BOTH.,(#126));
#128=IFCMATERIAL('Timetable panel',$,'Metal');
#129=IFCSTYLEDITEM($,(#127),$);
#130=IFCSTYLEDREPRESENTATION(#15,'Style','Material',(#129));
#131=IFCMATERIALDEFINITIONREPRESENTATION($,$,(#130),#128);
#132=IFCCOLOURRGB($,0.05,0.1,0.18);
#133=IFCSURFACESTYLESHADING(#132,0.);
#134=IFCSURFACESTYLE('Departure display',.BOTH.,(#133));
#135=IFCMATERIAL('Departure display',$,'Glass');
#136=IFCSTYLEDITEM($,(#134),$);
#137=IFCSTYLEDREPRESENTATION(#15,'Style','Material',(#136));
#138=IFCMATERIALDEFINITIONREPRESENTATION($,$,(#137),#135);
#139=IFCCOLOURRGB($,0.97,0.97,0.92);
#140=IFCSURFACESTYLESHADING(#139,0.);
#141=IFCSURFACESTYLE('Luminaire diffuser',.BOTH.,(#140));
#142=IFCMATERIAL('Luminaire diffuser',$,'Glass');
#143=IFCSTYLEDITEM($,(#141),$);
#144=IFCSTYLEDREPRESENTATION(#15,'Style','Material',(#143));
#145=IFCMATERIALDEFINITIONREPRESENTATION($,$,(#144),#142);
#146=IFCCOLOURRGB($,0.88,0.9,0.86);
#147=IFCSURFACESTYLESHADING(#146,0.);
#148=IFCSURFACESTYLE('Map and information panel',.BOTH.,(#147));
#149=IFCMATERIAL('Map and information panel',$,'Plastic');
#150=IFCSTYLEDITEM($,(#148),$);
#151=IFCSTYLEDREPRESENTATION(#15,'Style','Material',(#150));
#152=IFCMATERIALDEFINITIONREPRESENTATION($,$,(#151),#149);
#153=IFCCARTESIANPOINT((0.,0.,0.));
#154=IFCAXIS2PLACEMENT3D(#153,$,$);
#155=IFCLOCALPLACEMENT(#23,#154);
#156=IFCBUILDINGSTOREY('18YYl6ev9BUfWCF9j_f$Fi',#5,'Ground','Terminal level',$,#155,$,$,.ELEMENT.,0.);
#157=IFCRELAGGREGATES('3v42z7R1vEGvAOIe6Gv7On',#5,$,$,#24,(#156));
#158=IFCCARTESIANPOINT((0.,0.,4.));
#159=IFCAXIS2PLACEMENT3D(#158,$,$);
#160=IFCLOCALPLACEMENT(#23,#159);
#161=IFCBUILDINGSTOREY('0ylFCk$8X6oejKfY6KHXHX',#5,'Canopy','Canopy underside',$,#160,$,$,.ELEMENT.,4.);
#162=IFCRELAGGREGATES('3M3dFqHgz7Ug3$25pIjxKJ',#5,$,$,#24,(#161));
#163=IFCPROPERTYSINGLEVALUE('Name',$,IFCLABEL('Elielinaukio'),$);
#164=IFCPROPERTYSINGLEVALUE('NameSv',$,IFCLABEL('Elielplatsen'),$);
#165=IFCPROPERTYSINGLEVALUE('Bays',$,IFCLABEL('20-36'),$);
#166=IFCPROPERTYSINGLEVALUE('StopCodes',$,IFCLABEL('H2020-H2036'),$);
#167=IFCPROPERTYSINGLEVALUE('Operator',$,IFCLABEL('Helsinki Regional Transport (HSL)'),$);
#168=IFCPROPERTYSINGLEVALUE('Zone',$,IFCLABEL('HSL A'),$);
#169=IFCPROPERTYSINGLEVALUE('Neighbours',$,IFCLABEL('Central Station west wing, Postitalo, Sanomatalo, Vltava'),$);
#170=IFCPROPERTYSINGLEVALUE('Source',$,IFCLABEL('OpenStreetMap (ODbL), retrieved 2026-10-01'),$);
#171=IFCPROPERTYSET('0EzSFeNjvF08VFkphxrwoj',#5,'Pset_CDE_BusTerminal',$,(#163,#164,#165,#166,#167,#168,#169,#170));
#172=IFCRELDEFINESBYPROPERTIES('1QtBOjrwbC6fwQzYhzbKvo',#5,$,$,(#24),#171);
#173=IFCPROPERTYSINGLEVALUE('CRS',$,IFCLABEL('EPSG:3879 (ETRS89 / GK25FIN)'),$);
#174=IFCPROPERTYSINGLEVALUE('HeightSystem',$,IFCLABEL('N2000'),$);
#175=IFCPROPERTYSINGLEVALUE('OriginLatitude',$,IFCREAL(60.1718),$);
#176=IFCPROPERTYSINGLEVALUE('OriginLongitude',$,IFCREAL(24.9396),$);
#177=IFCPROPERTYSINGLEVALUE('OriginElevation_m',$,IFCREAL(3.3),$);
#178=IFCPROPERTYSINGLEVALUE('GroundSource',$,IFCLABEL('LOD2 building bases 3.21-3.36 m'),$);
#179=IFCPROPERTYSET('2TDOiGQR15AwHWVKeXaahV',#5,'Pset_CDE_Georeference',$,(#173,#174,#175,#176,#177,#178));
#180=IFCRELDEFINESBYPROPERTIES('1zzAwT6cb56OdOgyAIZgs_',#5,$,$,(#22),#179);
#181=IFCLOCALPLACEMENT(#23,#13);
#182=IFCELEMENTASSEMBLY('25KZHZEMb0ev$AXshCcfja',#5,'Terminal ground',$,'Apron and pedestrian island',#181,$,'EL-ASM-001',.NOTDEFINED.,.USERDEFINED.);
#183=IFCPROPERTYSINGLEVALUE('GeometrySource',$,IFCLABEL('OpenStreetMap outlines (ODbL)'),$);
#184=IFCPROPERTYSINGLEVALUE('Confidence',$,IFCLABEL('Medium'),$);
#185=IFCPROPERTYSET('2ixBqaVNb1ChZCDxaJkRDF',#5,'Pset_CDE_Provenance',$,(#183,#184));
#186=IFCRELDEFINESBYPROPERTIES('2fCMUo$296gBwwvMLCB5ym',#5,$,$,(#182),#185);
#187=IFCCARTESIANPOINT((-37.87497837468982,35.84371738135815));
#188=IFCCARTESIANPOINT((-40.49553317576647,47.3107745917514));
#189=IFCCARTESIANPOINT((-47.77032666280866,109.86605520825833));
#190=IFCCARTESIANPOINT((-36.00732637941837,110.59049836639315));
#191=IFCCARTESIANPOINT((-29.68159380182624,66.0296838618815));
#192=IFCCARTESIANPOINT((-28.874085683375597,62.85360322520137));
#193=IFCCARTESIANPOINT((-27.932397175580263,60.713561026379466));
#194=IFCCARTESIANPOINT((-26.29606695845723,59.40849298611283));
#195=IFCCARTESIANPOINT((-24.88111673295498,58.81668748520315));
#196=IFCCARTESIANPOINT((-23.049515530467033,58.58102753199637));
#197=IFCCARTESIANPOINT((15.592261090874672,60.239143308252096));
#198=IFCCARTESIANPOINT((27.00079232826829,49.44377259258181));
#199=IFCCARTESIANPOINT((27.511067554354668,42.869808585383));
#200=IFCCARTESIANPOINT((31.92089781537652,-40.294542618095875));
#201=IFCCARTESIANPOINT((32.27876017987728,-49.68717295769602));
#202=IFCCARTESIANPOINT((32.033612113446,-50.67854657303542));
#203=IFCCARTESIANPOINT((28.560429025441408,-54.78662034403533));
#204=IFCCARTESIANPOINT((22.67621159553528,-60.90911661460996));
#205=IFCCARTESIANPOINT((13.771775148808956,-61.34667472075671));
#206=IFCCARTESIANPOINT((13.91972715780139,-63.46369935199618));
#207=IFCCARTESIANPOINT((-8.524645563215017,-64.6353234872222));
#208=IFCCARTESIANPOINT((-8.600450452417135,-62.55178869795054));
#209=IFCCARTESIANPOINT((-13.230288453400135,-62.74808627832681));
#210=IFCCARTESIANPOINT((-24.89602568373084,-53.71271628700197));
#211=IFCCARTESIANPOINT((-25.27235221117735,-52.46451851539314));
#212=IFCCARTESIANPOINT((-36.53480141609907,32.42202874273062));
#213=IFCCARTESIANPOINT((-37.87497837468982,35.84371738135815));
#214=IFCPOLYLINE((#187,#188,#189,#190,#191,#192,#193,#194,#195,#196,#197,#198,#199,#200,#201,#202,#203,#204,#205,#206,#207,#208,#209,#210,#211,#212,#213));
#215=IFCARBITRARYCLOSEDPROFILEDEF(.AREA.,$,#214);
#216=IFCCARTESIANPOINT((0.,0.,-0.12));
#217=IFCAXIS2PLACEMENT3D(#216,$,$);
#218=IFCDIRECTION((0.,0.,1.));
#219=IFCEXTRUDEDAREASOLID(#215,#217,#218,0.12);
#220=IFCSTYLEDITEM(#219,(#29),$);
#221=IFCSHAPEREPRESENTATION(#16,'Body','SweptSolid',(#219));
#222=IFCPRODUCTDEFINITIONSHAPE($,$,(#221));
#223=IFCLOCALPLACEMENT(#23,#13);
#224=IFCSLAB('0a0B5owBvCcgIqbGELq_2I',#5,'Bus apron',$,'Bus apron, brick pavers',#223,#222,'EL-SLB-001',.USERDEFINED.);
#225=IFCRELASSOCIATESMATERIAL('3aBGSVrgTFaONek2m47siU',#5,$,$,(#224),#30);
#226=IFCPROPERTYSINGLEVALUE('Reference',$,IFCLABEL('Bus apron, brick pavers'),$);
#227=IFCPROPERTYSINGLEVALUE('IsExternal',$,IFCBOOLEAN(.T.),$);
#228=IFCPROPERTYSINGLEVALUE('LoadBearing',$,IFCBOOLEAN(.T.),$);
#229=IFCPROPERTYSINGLEVALUE('Status',$,IFCLABEL('EXISTING'),$);
#230=IFCPROPERTYSET('1M5apdpdr2buE_OXZ09ZVw',#5,'Pset_SlabCommon',$,(#226,#227,#228,#229));
#231=IFCRELDEFINESBYPROPERTIES('3jEs1zSZf1wQK3TP8_i1dV',#5,$,$,(#224),#230);
#232=IFCPROPERTYSINGLEVALUE('Material',$,IFCLABEL('Red-brown concrete brick pavers'),$);
#233=IFCPROPERTYSINGLEVALUE('Category',$,IFCLABEL('Concrete'),$);
#234=IFCPROPERTYSINGLEVALUE('Description',$,IFCLABEL('Bus apron, herringbone-free stretcher bond'),$);
#235=IFCPROPERTYSINGLEVALUE('MassDensity_kg_m3',$,IFCREAL(2300.),$);
#236=IFCPROPERTYSET('0TYSKl5H1B7wZvR0zwYJy$',#5,'Pset_CDE_Material',$,(#232,#233,#234,#235));
#237=IFCRELDEFINESBYPROPERTIES('2sbEUMNDf7jQGJKqaSRqhL',#5,$,$,(#224),#236);
#238=IFCPROPERTYSINGLEVALUE('GeometrySource',$,IFCLABEL('OpenStreetMap amenity=bus_station outline (ODbL)'),$);
#239=IFCPROPERTYSINGLEVALUE('Confidence',$,IFCLABEL('Medium'),$);
#240=IFCPROPERTYSINGLEVALUE('Reference',$,IFCLABEL('OSM 33386599'),$);
#241=IFCPROPERTYSET('2aTVbhggr4nQ3gz4yo_rtQ',#5,'Pset_CDE_Provenance',$,(#238,#239,#240));
#242=IFCRELDEFINESBYPROPERTIES('1jemKl_rPF2gpKMIDi_tJO',#5,$,$,(#224),#241);
#243=IFCPROPERTYSINGLEVALUE('Area_m2',$,IFCREAL(8077.),$);
#244=IFCPROPERTYSINGLEVALUE('Surface',$,IFCLABEL('paving_stones'),$);
#245=IFCPROPERTYSET('2sWXey4hL3ZeHvXQeuzSpH',#5,'Pset_CDE_Surface',$,(#243,#244));
#246=IFCRELDEFINESBYPROPERTIES('0kU0mw5_P318wtoKeyZGzs',#5,$,$,(#224),#245);
#247=IFCPROPERTYSINGLEVALUE('AssetClass',$,IFCLABEL('Pavements > Apron'),$);
#248=IFCPROPERTYSINGLEVALUE('InspectionInterval_months',$,IFCINTEGER(12),$);
#249=IFCPROPERTYSINGLEVALUE('DesignServiceLife_years',$,IFCINTEGER(25),$);
#250=IFCPROPERTYSINGLEVALUE('Criticality',$,IFCLABEL('Medium'),$);
#251=IFCPROPERTYSINGLEVALUE('DataStatus',$,IFCLABEL('Demo values \X2\2014\X0\ to be replaced with the owner''s asset register'),$);
#252=IFCPROPERTYSET('1GxxTXubb6mPAQcfShLTuq',#5,'Pset_CDE_AssetManagement (demo)',$,(#247,#248,#249,#250,#251));
#253=IFCRELDEFINESBYPROPERTIES('3_OuL_U8fAOArpiDmZ6YqZ',#5,$,$,(#224),#252);
#254=IFCCARTESIANPOINT((-18.39531740918167,-31.730594322936));
#255=IFCCARTESIANPOINT((-20.71556298150353,-15.372581312628489));
#256=IFCCARTESIANPOINT((-20.5647650672204,-14.527685871813947));
#257=IFCCARTESIANPOINT((-20.024411747931385,-13.868342109575778));
#258=IFCCARTESIANPOINT((-19.368779948865953,-13.359265652323614));
#259=IFCCARTESIANPOINT((-18.525424771898155,-13.02963466583966));
#260=IFCCARTESIANPOINT((-17.741793548357624,-13.040373642750241));
#261=IFCCARTESIANPOINT((-16.981772993280895,-13.200625943607763));
#262=IFCCARTESIANPOINT((-16.211145831127613,-13.744575700242777));
#263=IFCCARTESIANPOINT((-9.084733308588035,-20.369781186693608));
#264=IFCCARTESIANPOINT((-6.619596855188913,-17.726929249138845));
#265=IFCCARTESIANPOINT((-13.965746765090284,-10.894656940263635));
#266=IFCCARTESIANPOINT((-13.278889684570425,-10.006463150420972));
#267=IFCCARTESIANPOINT((-9.444013418684788,-13.396739187564672));
#268=IFCCARTESIANPOINT((-6.852424100154008,-10.727691975295288));
#269=IFCCARTESIANPOINT((-14.318430151735182,-4.165893266969999));
#270=IFCCARTESIANPOINT((-13.642375991450098,-3.3575221252085834));
#271=IFCCARTESIANPOINT((-9.682962389847873,-6.849087075640754));
#272=IFCCARTESIANPOINT((-7.289608664177332,-4.277537992264207));
#273=IFCCARTESIANPOINT((-14.69000813699844,2.5595556585037396));
#274=IFCCARTESIANPOINT((-13.973194645556454,3.4270040850282015));
#275=IFCCARTESIANPOINT((-9.982010116340764,-0.08556932067507902));
#276=IFCCARTESIANPOINT((-7.627251945507641,2.441211501918317));
#277=IFCCARTESIANPOINT((-15.056371073710215,9.290359973203918));
#278=IFCCARTESIANPOINT((-14.30972200142609,10.201167244236917));
#279=IFCCARTESIANPOINT((-10.286623367501434,6.678564245698372));
#280=IFCCARTESIANPOINT((-7.964565958296292,9.159657954423768));
#281=IFCCARTESIANPOINT((-15.422994728365365,16.021400482570638));
#282=IFCCARTESIANPOINT((-14.641139167904198,16.985292442984708));
#283=IFCCARTESIANPOINT((-10.590815567042302,13.429704093018863));
#284=IFCCARTESIANPOINT((-8.30290987240813,15.890534291342721));
#285=IFCCARTESIANPOINT((-15.789401293139946,22.752546172049236));
#286=IFCCARTESIANPOINT((-14.97219316026531,23.77002351424584));
#287=IFCCARTESIANPOINT((-10.889154057293242,20.192588051807757));
#288=IFCCARTESIANPOINT((-8.6385539019019,22.609460858784196));
#289=IFCCARTESIANPOINT((-25.10362836783723,37.523498949940766));
#290=IFCCARTESIANPOINT((-25.368978440660754,38.18147070228218));
#291=IFCCARTESIANPOINT((-25.92892539220597,48.85099590584271));
#292=IFCCARTESIANPOINT((-25.75327934761132,49.43352755046538));
#293=IFCCARTESIANPOINT((-25.39269789893262,49.85028858749951));
#294=IFCCARTESIANPOINT((-24.77470325966202,50.224512637435524));
#295=IFCCARTESIANPOINT((-22.540302073811624,50.4488254758329));
#296=IFCCARTESIANPOINT((7.326293457078586,51.92308000594666));
#297=IFCCARTESIANPOINT((9.2589342516887,51.48066583416126));
#298=IFCCARTESIANPOINT((10.637279823511864,50.844025788898705));
#299=IFCCARTESIANPOINT((14.833834743334696,48.1304139948627));
#300=IFCCARTESIANPOINT((17.496072325663697,45.99126056432407));
#301=IFCCARTESIANPOINT((18.5500079269144,45.06937784863724));
#302=IFCCARTESIANPOINT((18.96897523100825,44.10735370175214));
#303=IFCCARTESIANPOINT((18.96813424054392,43.18292265484751));
#304=IFCCARTESIANPOINT((18.81107649740075,42.574451410152705));
#305=IFCCARTESIANPOINT((18.457330535074703,42.01349129174772));
#306=IFCCARTESIANPOINT((16.460438884017673,40.18614856397012));
#307=IFCCARTESIANPOINT((15.081492719128713,39.46665654762384));
#308=IFCCARTESIANPOINT((14.238835785488854,39.283831903277736));
#309=IFCCARTESIANPOINT((13.251656753412481,39.67722832883855));
#310=IFCCARTESIANPOINT((6.6282121820470055,45.53922154301847));
#311=IFCCARTESIANPOINT((4.283184735199777,42.92910451034314));
#312=IFCCARTESIANPOINT((11.662530460552059,35.96665967936111));
#313=IFCCARTESIANPOINT((10.920627083385234,35.20203400783032));
#314=IFCCARTESIANPOINT((6.844278127682418,38.89728873438563));
#315=IFCCARTESIANPOINT((4.495632021244321,36.0927028640841));
#316=IFCCARTESIANPOINT((11.907107445515308,29.0690988678878));
#317=IFCCARTESIANPOINT((11.269447597619852,28.47026057737471));
#318=IFCCARTESIANPOINT((7.166704664185037,32.023540745311074));
#319=IFCCARTESIANPOINT((4.8387824890311,29.370071802896682));
#320=IFCCARTESIANPOINT((12.405841488131117,22.710311017926944));
#321=IFCCARTESIANPOINT((11.595754233716843,21.77110832558258));
#322=IFCCARTESIANPOINT((7.510872036997443,25.304113567911784));
#323=IFCCARTESIANPOINT((5.233607561034595,22.73359849862655));
#324=IFCCARTESIANPOINT((12.673682118459737,16.007527900385643));
#325=IFCCARTESIANPOINT((11.930074389170596,15.054120694036506));
#326=IFCCARTESIANPOINT((7.915987183350071,18.606930703837104));
#327=IFCCARTESIANPOINT((5.522112110000021,15.994599788039203));
#328=IFCCARTESIANPOINT((13.059856850167444,9.270617612399674));
#329=IFCCARTESIANPOINT((12.282336434330897,8.33154238205389));
#330=IFCCARTESIANPOINT((8.21825904947051,11.99447479762796));
#331=IFCCARTESIANPOINT((5.8643331140620845,9.328365494976678));
#332=IFCCARTESIANPOINT((13.462447187096956,2.5367991734285593));
#333=IFCCARTESIANPOINT((12.633696000476988,1.6052067016175773));
#334=IFCCARTESIANPOINT((8.577952441461752,5.24832820138775));
#335=IFCCARTESIANPOINT((6.220838893043891,2.6919645096210836));
#336=IFCCARTESIANPOINT((13.839490574055429,-4.147690551930412));
#337=IFCCARTESIANPOINT((12.98301880031323,-5.107672067757641));
#338=IFCCARTESIANPOINT((9.032113774182134,-1.3639078397955422));
#339=IFCCARTESIANPOINT((6.546666643076552,-4.073942010913925));
#340=IFCCARTESIANPOINT((14.215186449769446,-10.835442254655373));
#341=IFCCARTESIANPOINT((13.325356030918911,-11.837732274177156));
#342=IFCCARTESIANPOINT((9.327118807358184,-8.074790055380749));
#343=IFCCARTESIANPOINT((7.02465108626329,-10.783429842886674));
#344=IFCCARTESIANPOINT((14.869513847901876,-18.028560156786316));
#345=IFCCARTESIANPOINT((20.05918906674676,-22.69133838379678));
#346=IFCCARTESIANPOINT((14.755906022610302,-27.983528823192977));
#347=IFCCARTESIANPOINT((5.22354749127229,-28.283054078226673));
#348=IFCCARTESIANPOINT((-0.498011271999371,-28.589681761901446));
#349=IFCCARTESIANPOINT((-4.898473906032135,-28.672028238062257));
#350=IFCCARTESIANPOINT((-6.77622953920977,-26.626339598426792));
#351=IFCCARTESIANPOINT((-13.626155347391272,-31.43514797322607));
#352=IFCCARTESIANPOINT((-18.39531740918167,-31.730594322936));
#353=IFCPOLYLINE((#254,#255,#256,#257,#258,#259,#260,#261,#262,#263,#264,#265,#266,#267,#268,#269,#270,#271,#272,#273,#274,#275,#276,#277,#278,#279,#280,#281,#282,#283,#284,#285,#286,#287,#288,#289,#290,#291,#292,#293,#294,#295,#296,#297,#298,#299,#300,#301,#302,#303,#304,#305,#306,#307,#308,#309,#310,#311,#312,#313,#314,#315,#316,#317,#318,#319,#320,#321,#322,#323,#324,#325,#326,#327,#328,#329,#330,#331,#332,#333,#334,#335,#336,#337,#338,#339,#340,#341,#342,#343,#344,#345,#346,#347,#348,#349,#350,#351,#352));
#354=IFCARBITRARYCLOSEDPROFILEDEF(.AREA.,$,#353);
#355=IFCCARTESIANPOINT((0.,0.,0.));
#356=IFCAXIS2PLACEMENT3D(#355,$,$);
#357=IFCDIRECTION((0.,0.,1.));
#358=IFCEXTRUDEDAREASOLID(#354,#356,#357,0.15);
#359=IFCSTYLEDITEM(#358,(#38),$);
#360=IFCSHAPEREPRESENTATION(#16,'Body','SweptSolid',(#358));
#361=IFCPRODUCTDEFINITIONSHAPE($,$,(#360));
#362=IFCLOCALPLACEMENT(#23,#13);
#363=IFCSLAB('3IN0M8gXDFneZp3NIuMXY5',#5,'Pedestrian island',$,'Raised pedestrian island',#362,#361,'EL-SLB-002',.USERDEFINED.);
#364=IFCRELASSOCIATESMATERIAL('0BxgPF2HnDj9ifFB1f5s3P',#5,$,$,(#363),#39);
#365=IFCPROPERTYSINGLEVALUE('Reference',$,IFCLABEL('Raised pedestrian island'),$);
#366=IFCPROPERTYSINGLEVALUE('IsExternal',$,IFCBOOLEAN(.T.),$);
#367=IFCPROPERTYSINGLEVALUE('LoadBearing',$,IFCBOOLEAN(.T.),$);
#368=IFCPROPERTYSINGLEVALUE('Status',$,IFCLABEL('EXISTING'),$);
#369=IFCPROPERTYSET('3VBl9UbbL3hA6qt1HlKfv6',#5,'Pset_SlabCommon',$,(#365,#366,#367,#368));
#370=IFCRELDEFINESBYPROPERTIES('3ueLWHfLr3L9lPTdbc14Io',#5,$,$,(#363),#369);
#371=IFCPROPERTYSINGLEVALUE('Material',$,IFCLABEL('Dark grey-brown concrete pavers'),$);
#372=IFCPROPERTYSINGLEVALUE('Category',$,IFCLABEL('Concrete'),$);
#373=IFCPROPERTYSINGLEVALUE('Description',$,IFCLABEL('Pedestrian island'),$);
#374=IFCPROPERTYSINGLEVALUE('MassDensity_kg_m3',$,IFCREAL(2300.),$);
#375=IFCPROPERTYSET('2W0xvPu550_wFYBg5Gge4G',#5,'Pset_CDE_Material',$,(#371,#372,#373,#374));
#376=IFCRELDEFINESBYPROPERTIES('3PYV1R0517bfNC5tqLVV5w',#5,$,$,(#363),#375);
#377=IFCPROPERTYSINGLEVALUE('GeometrySource',$,IFCLABEL('OpenStreetMap highway=pedestrian area (ODbL)'),$);
#378=IFCPROPERTYSINGLEVALUE('Confidence',$,IFCLABEL('Medium'),$);
#379=IFCPROPERTYSINGLEVALUE('Reference',$,IFCLABEL('OSM 30368517'),$);
#380=IFCPROPERTYSET('3_2OynTLb1LvTVtat10hYS',#5,'Pset_CDE_Provenance',$,(#377,#378,#379));
#381=IFCRELDEFINESBYPROPERTIES('3wUDDcmr14pw0hzEkrIX1A',#5,$,$,(#363),#380);
#382=IFCPROPERTYSINGLEVALUE('Area_m2',$,IFCREAL(2247.7),$);
#383=IFCPROPERTYSINGLEVALUE('KerbHeight_m',$,IFCREAL(0.16),$);
#384=IFCPROPERTYSET('28nrFcA5H3kBl1kJ7cC$HA',#5,'Pset_CDE_Surface',$,(#382,#383));
#385=IFCRELDEFINESBYPROPERTIES('0nMwOV$KHC6xue8upEphOT',#5,$,$,(#363),#384);
#386=IFCPROPERTYSINGLEVALUE('AssetClass',$,IFCLABEL('Pavements > Platforms'),$);
#387=IFCPROPERTYSINGLEVALUE('InspectionInterval_months',$,IFCINTEGER(12),$);
#388=IFCPROPERTYSINGLEVALUE('DesignServiceLife_years',$,IFCINTEGER(25),$);
#389=IFCPROPERTYSINGLEVALUE('Criticality',$,IFCLABEL('Medium'),$);
#390=IFCPROPERTYSINGLEVALUE('DataStatus',$,IFCLABEL('Demo values \X2\2014\X0\ to be replaced with the owner''s asset register'),$);
#391=IFCPROPERTYSET('1rCh9QBYr6teDkS8vQj579',#5,'Pset_CDE_AssetManagement (demo)',$,(#386,#387,#388,#389,#390));
#392=IFCRELDEFINESBYPROPERTIES('0z580dbiD8t8ZIq7gxJW9X',#5,$,$,(#363),#391);
#393=IFCCARTESIANPOINT((-18.65327090024948,-32.048197594471276));
#394=IFCCARTESIANPOINT((-21.01933542639017,-15.36715539637953));
#395=IFCCARTESIANPOINT((-20.8463597856462,-14.398001871071756));
#396=IFCCARTESIANPOINT((-20.23505487293005,-13.652082365006208));
#397=IFCCARTESIANPOINT((-19.51845422387123,-13.095665607601404));
#398=IFCCARTESIANPOINT((-18.579985331743956,-12.728858792223036));
#399=IFCCARTESIANPOINT((-17.70847787335515,-12.740802035667002));
#400=IFCCARTESIANPOINT((-16.859328363090754,-12.919847407378256));
#401=IFCCARTESIANPOINT((-16.021659892052412,-13.511118495836854));
#402=IFCCARTESIANPOINT((-9.099823284894228,-19.946136076003313));
#403=IFCCARTESIANPOINT((-7.043901331722736,-17.741999542340636));
#404=IFCCARTESIANPOINT((-14.370617106556892,-10.927801912650466));
#405=IFCCARTESIANPOINT((-13.320217102766037,-9.569500765763223));
#406=IFCCARTESIANPOINT((-9.459805183112621,-12.982351955026388));
#407=IFCCARTESIANPOINT((-7.2872838862240314,-10.744897945784032));
#408=IFCCARTESIANPOINT((-14.736354142427444,-4.197983940131962));
#409=IFCCARTESIANPOINT((-13.674935705959797,-2.9288252191618085));
#410=IFCCARTESIANPOINT((-9.703591741621494,-6.430910827592015));
#411=IFCCARTESIANPOINT((-7.714350953698158,-4.293562607839704));
#412=IFCCARTESIANPOINT((-15.102089811116457,2.531834132038057));
#413=IFCCARTESIANPOINT((-14.007315747439861,3.8566697416827083));
#414=IFCCARTESIANPOINT((-10.002693623304367,0.33227013796567917));
#415=IFCCARTESIANPOINT((-8.052354514598846,2.4250877862796187));
#416=IFCCARTESIANPOINT((-15.46782410889864,9.261652304790914));
#417=IFCCARTESIANPOINT((-14.345255803316832,10.631028378382325));
#418=IFCCARTESIANPOINT((-10.307345412671566,7.095456287264824));
#419=IFCCARTESIANPOINT((-8.390356808900833,9.143738274462521));
#420=IFCCARTESIANPOINT((-15.833557039499283,15.991470570676029));
#421=IFCCARTESIANPOINT((-14.677633322775364,17.41652352642268));
#422=IFCCARTESIANPOINT((-10.612006280571222,13.847501005977392));
#423=IFCCARTESIANPOINT((-8.72834761813283,15.873530370183289));
#424=IFCCARTESIANPOINT((-16.199288602918386,22.721288941800594));
#425=IFCCARTESIANPOINT((-15.010009583085775,24.20201876759529));
#426=IFCCARTESIANPOINT((-10.911104753613472,20.610682235099375));
#427=IFCCARTESIANPOINT((-9.066347379237413,22.59218104183674));
#428=IFCCARTESIANPOINT((-25.356088489294052,37.347402459941804));
#429=IFCCARTESIANPOINT((-25.666235268115997,38.11645376402885));
#430=IFCCARTESIANPOINT((-26.12905939668417,47.887999785132706));
#431=IFCCARTESIANPOINT((-26.233613550662994,48.87969211675227));
#432=IFCCARTESIANPOINT((-26.022029273211956,49.58141322527081));
#433=IFCCARTESIANPOINT((-25.588591065257788,50.082382306456566));
#434=IFCCARTESIANPOINT((-24.87211500480771,50.51624136604369));
#435=IFCCARTESIANPOINT((-22.56269494816661,50.74808539263904));
#436=IFCCARTESIANPOINT((7.352866932749748,52.22475696634501));
#437=IFCCARTESIANPOINT((9.356350239366293,51.766125745140016));
#438=IFCCARTESIANPOINT((10.7823501303792,51.10747478436679));
#439=IFCCARTESIANPOINT((15.009703982621431,48.37394752446562));
#440=IFCCARTESIANPOINT((17.688868083059788,46.221193347126245));
#441=IFCCARTESIANPOINT((18.798181928694248,45.25087100546807));
#442=IFCCARTESIANPOINT((19.269032087177038,44.169714510440826));
#443=IFCCARTESIANPOINT((19.26809958741069,43.14469487965107));
#444=IFCCARTESIANPOINT((19.089839659631252,42.4540823828429));
#445=IFCCARTESIANPOINT((18.68959092348814,41.819379510357976));
#446=IFCCARTESIANPOINT((16.634011950343847,39.93833239097148));
#447=IFCCARTESIANPOINT((15.18451388925314,39.182028548792005));
#448=IFCCARTESIANPOINT((14.212897840887308,38.97122466005385));
#449=IFCCARTESIANPOINT((13.09200406447053,39.417907167226076));
#450=IFCCARTESIANPOINT((6.652504578232765,45.117102183401585));
#451=IFCCARTESIANPOINT((4.702125269919634,42.94628597609699));
#452=IFCCARTESIANPOINT((12.089687298983335,35.976089026778936));
#453=IFCCARTESIANPOINT((10.933993216603994,34.78499947115779));
#454=IFCCARTESIANPOINT((6.874021217226982,38.465408308431506));
#455=IFCCARTESIANPOINT((4.90682265534997,36.11634293664247));
#456=IFCCARTESIANPOINT((12.344286810606718,29.068110301159322));
#457=IFCCARTESIANPOINT((11.277579464018345,28.06634547933936));
#458=IFCCARTESIANPOINT((7.195263419300318,31.60193444415927));
#459=IFCCARTESIANPOINT((5.261499740183353,29.397678221575916));
#460=IFCCARTESIANPOINT((12.8270070143044,22.73928310815245));
#461=IFCCARTESIANPOINT((11.626718014478683,21.347686518914998));
#462=IFCCARTESIANPOINT((7.5388431288301945,24.883280131034553));
#463=IFCCARTESIANPOINT((5.655106488615274,22.75696872919798));
#464=IFCCARTESIANPOINT((13.081801820546389,16.04299338813871));
#465=IFCCARTESIANPOINT((11.970296688377857,14.617891198955476));
#466=IFCCARTESIANPOINT((7.937954675406218,18.18685827217996));
#467=IFCCARTESIANPOINT((5.9487046636641026,16.016076946631074));
#468=IFCCARTESIANPOINT((13.475332841277122,9.302011207677424));
#469=IFCCARTESIANPOINT((12.313886802643538,7.899237487465143));
#470=IFCCARTESIANPOINT((8.242771357297897,11.568513271398842));
#471=IFCCARTESIANPOINT((6.286783449351788,9.35313531383872));
#472=IFCCARTESIANPOINT((13.885518472641706,2.561013956554234));
#473=IFCCARTESIANPOINT((12.657478205859661,1.1805838756263256));
#474=IFCCARTESIANPOINT((8.597436685115099,4.82756607234478));
#475=IFCCARTESIANPOINT((6.6470880173146725,2.7124565290287137));
#476=IFCCARTESIANPOINT((14.2624500580132,-4.124245253391564));
#477=IFCCARTESIANPOINT((13.001070890575647,-5.538069645874202));
#478=IFCCARTESIANPOINT((9.04658306017518,-1.7909104553982615));
#479=IFCCARTESIANPOINT((6.97397568449378,-4.050748434849083));
#480=IFCCARTESIANPOINT((14.639383044093847,-10.809504366479814));
#481=IFCCARTESIANPOINT((13.344654709100723,-12.267864589579403));
#482=IFCCARTESIANPOINT((9.35131198912859,-8.509528834372759));
#483=IFCCARTESIANPOINT((7.439692072570324,-10.758372419513762));
#484=IFCCARTESIANPOINT((15.071544032543898,-17.80677640903741));
#485=IFCCARTESIANPOINT((20.496068611741066,-22.68056022655219));
#486=IFCCARTESIANPOINT((14.884369645267725,-28.279640310443938));
#487=IFCCARTESIANPOINT((5.236287243664265,-28.58280183468014));
#488=IFCCARTESIANPOINT((-0.48717427998781204,-28.889531490392983));
#489=IFCCARTESIANPOINT((-5.028049744665623,-28.974505531601608));
#490=IFCCARTESIANPOINT((-6.819265116006136,-27.023096694611013));
#491=IFCCARTESIANPOINT((-13.52376003563404,-31.729809178970754));
#492=IFCCARTESIANPOINT((-18.65327090024948,-32.048197594471276));
#493=IFCPOLYLINE((#393,#394,#395,#396,#397,#398,#399,#400,#401,#402,#403,#404,#405,#406,#407,#408,#409,#410,#411,#412,#413,#414,#415,#416,#417,#418,#419,#420,#421,#422,#423,#424,#425,#426,#427,#428,#429,#430,#431,#432,#433,#434,#435,#436,#437,#438,#439,#440,#441,#442,#443,#444,#445,#446,#447,#448,#449,#450,#451,#452,#453,#454,#455,#456,#457,#458,#459,#460,#461,#462,#463,#464,#465,#466,#467,#468,#469,#470,#471,#472,#473,#474,#475,#476,#477,#478,#479,#480,#481,#482,#483,#484,#485,#486,#487,#488,#489,#490,#491,#492));
#494=IFCCARTESIANPOINT((-18.39531740918167,-31.730594322936));
#495=IFCCARTESIANPOINT((-20.71556298150353,-15.372581312628489));
#496=IFCCARTESIANPOINT((-20.5647650672204,-14.527685871813947));
#497=IFCCARTESIANPOINT((-20.024411747931385,-13.868342109575778));
#498=IFCCARTESIANPOINT((-19.368779948865953,-13.359265652323614));
#499=IFCCARTESIANPOINT((-18.525424771898155,-13.02963466583966));
#500=IFCCARTESIANPOINT((-17.741793548357624,-13.040373642750241));
#501=IFCCARTESIANPOINT((-16.981772993280895,-13.200625943607763));
#502=IFCCARTESIANPOINT((-16.211145831127613,-13.744575700242777));
#503=IFCCARTESIANPOINT((-9.084733308588035,-20.369781186693608));
#504=IFCCARTESIANPOINT((-6.619596855188913,-17.726929249138845));
#505=IFCCARTESIANPOINT((-13.965746765090284,-10.894656940263635));
#506=IFCCARTESIANPOINT((-13.278889684570425,-10.006463150420972));
#507=IFCCARTESIANPOINT((-9.444013418684788,-13.396739187564672));
#508=IFCCARTESIANPOINT((-6.852424100154008,-10.727691975295288));
#509=IFCCARTESIANPOINT((-14.318430151735182,-4.165893266969999));
#510=IFCCARTESIANPOINT((-13.642375991450098,-3.3575221252085834));
#511=IFCCARTESIANPOINT((-9.682962389847873,-6.849087075640754));
#512=IFCCARTESIANPOINT((-7.289608664177332,-4.277537992264207));
#513=IFCCARTESIANPOINT((-14.69000813699844,2.5595556585037396));
#514=IFCCARTESIANPOINT((-13.973194645556454,3.4270040850282015));
#515=IFCCARTESIANPOINT((-9.982010116340764,-0.08556932067507902));
#516=IFCCARTESIANPOINT((-7.627251945507641,2.441211501918317));
#517=IFCCARTESIANPOINT((-15.056371073710215,9.290359973203918));
#518=IFCCARTESIANPOINT((-14.30972200142609,10.201167244236917));
#519=IFCCARTESIANPOINT((-10.286623367501434,6.678564245698372));
#520=IFCCARTESIANPOINT((-7.964565958296292,9.159657954423768));
#521=IFCCARTESIANPOINT((-15.422994728365365,16.021400482570638));
#522=IFCCARTESIANPOINT((-14.641139167904198,16.985292442984708));
#523=IFCCARTESIANPOINT((-10.590815567042302,13.429704093018863));
#524=IFCCARTESIANPOINT((-8.30290987240813,15.890534291342721));
#525=IFCCARTESIANPOINT((-15.789401293139946,22.752546172049236));
#526=IFCCARTESIANPOINT((-14.97219316026531,23.77002351424584));
#527=IFCCARTESIANPOINT((-10.889154057293242,20.192588051807757));
#528=IFCCARTESIANPOINT((-8.6385539019019,22.609460858784196));
#529=IFCCARTESIANPOINT((-25.10362836783723,37.523498949940766));
#530=IFCCARTESIANPOINT((-25.368978440660754,38.18147070228218));
#531=IFCCARTESIANPOINT((-25.92892539220597,48.85099590584271));
#532=IFCCARTESIANPOINT((-25.75327934761132,49.43352755046538));
#533=IFCCARTESIANPOINT((-25.39269789893262,49.85028858749951));
#534=IFCCARTESIANPOINT((-24.77470325966202,50.224512637435524));
#535=IFCCARTESIANPOINT((-22.540302073811624,50.4488254758329));
#536=IFCCARTESIANPOINT((7.326293457078586,51.92308000594666));
#537=IFCCARTESIANPOINT((9.2589342516887,51.48066583416126));
#538=IFCCARTESIANPOINT((10.637279823511864,50.844025788898705));
#539=IFCCARTESIANPOINT((14.833834743334696,48.1304139948627));
#540=IFCCARTESIANPOINT((17.496072325663697,45.99126056432407));
#541=IFCCARTESIANPOINT((18.5500079269144,45.06937784863724));
#542=IFCCARTESIANPOINT((18.96897523100825,44.10735370175214));
#543=IFCCARTESIANPOINT((18.96813424054392,43.18292265484751));
#544=IFCCARTESIANPOINT((18.81107649740075,42.574451410152705));
#545=IFCCARTESIANPOINT((18.457330535074703,42.01349129174772));
#546=IFCCARTESIANPOINT((16.460438884017673,40.18614856397012));
#547=IFCCARTESIANPOINT((15.081492719128713,39.46665654762384));
#548=IFCCARTESIANPOINT((14.238835785488854,39.283831903277736));
#549=IFCCARTESIANPOINT((13.251656753412481,39.67722832883855));
#550=IFCCARTESIANPOINT((6.6282121820470055,45.53922154301847));
#551=IFCCARTESIANPOINT((4.283184735199777,42.92910451034314));
#552=IFCCARTESIANPOINT((11.662530460552059,35.96665967936111));
#553=IFCCARTESIANPOINT((10.920627083385234,35.20203400783032));
#554=IFCCARTESIANPOINT((6.844278127682418,38.89728873438563));
#555=IFCCARTESIANPOINT((4.495632021244321,36.0927028640841));
#556=IFCCARTESIANPOINT((11.907107445515308,29.0690988678878));
#557=IFCCARTESIANPOINT((11.269447597619852,28.47026057737471));
#558=IFCCARTESIANPOINT((7.166704664185037,32.023540745311074));
#559=IFCCARTESIANPOINT((4.8387824890311,29.370071802896682));
#560=IFCCARTESIANPOINT((12.405841488131117,22.710311017926944));
#561=IFCCARTESIANPOINT((11.595754233716843,21.77110832558258));
#562=IFCCARTESIANPOINT((7.510872036997443,25.304113567911784));
#563=IFCCARTESIANPOINT((5.233607561034595,22.73359849862655));
#564=IFCCARTESIANPOINT((12.673682118459737,16.007527900385643));
#565=IFCCARTESIANPOINT((11.930074389170596,15.054120694036506));
#566=IFCCARTESIANPOINT((7.915987183350071,18.606930703837104));
#567=IFCCARTESIANPOINT((5.522112110000021,15.994599788039203));
#568=IFCCARTESIANPOINT((13.059856850167444,9.270617612399674));
#569=IFCCARTESIANPOINT((12.282336434330897,8.33154238205389));
#570=IFCCARTESIANPOINT((8.21825904947051,11.99447479762796));
#571=IFCCARTESIANPOINT((5.8643331140620845,9.328365494976678));
#572=IFCCARTESIANPOINT((13.462447187096956,2.5367991734285593));
#573=IFCCARTESIANPOINT((12.633696000476988,1.6052067016175773));
#574=IFCCARTESIANPOINT((8.577952441461752,5.24832820138775));
#575=IFCCARTESIANPOINT((6.220838893043891,2.6919645096210836));
#576=IFCCARTESIANPOINT((13.839490574055429,-4.147690551930412));
#577=IFCCARTESIANPOINT((12.98301880031323,-5.107672067757641));
#578=IFCCARTESIANPOINT((9.032113774182134,-1.3639078397955422));
#579=IFCCARTESIANPOINT((6.546666643076552,-4.073942010913925));
#580=IFCCARTESIANPOINT((14.215186449769446,-10.835442254655373));
#581=IFCCARTESIANPOINT((13.325356030918911,-11.837732274177156));
#582=IFCCARTESIANPOINT((9.327118807358184,-8.074790055380749));
#583=IFCCARTESIANPOINT((7.02465108626329,-10.783429842886674));
#584=IFCCARTESIANPOINT((14.869513847901876,-18.028560156786316));
#585=IFCCARTESIANPOINT((20.05918906674676,-22.69133838379678));
#586=IFCCARTESIANPOINT((14.755906022610302,-27.983528823192977));
#587=IFCCARTESIANPOINT((5.22354749127229,-28.283054078226673));
#588=IFCCARTESIANPOINT((-0.498011271999371,-28.589681761901446));
#589=IFCCARTESIANPOINT((-4.898473906032135,-28.672028238062257));
#590=IFCCARTESIANPOINT((-6.77622953920977,-26.626339598426792));
#591=IFCCARTESIANPOINT((-13.626155347391272,-31.43514797322607));
#592=IFCCARTESIANPOINT((-18.39531740918167,-31.730594322936));
#593=IFCPOLYLINE((#494,#495,#496,#497,#498,#499,#500,#501,#502,#503,#504,#505,#506,#507,#508,#509,#510,#511,#512,#513,#514,#515,#516,#517,#518,#519,#520,#521,#522,#523,#524,#525,#526,#527,#528,#529,#530,#531,#532,#533,#534,#535,#536,#537,#538,#539,#540,#541,#542,#543,#544,#545,#546,#547,#548,#549,#550,#551,#552,#553,#554,#555,#556,#557,#558,#559,#560,#561,#562,#563,#564,#565,#566,#567,#568,#569,#570,#571,#572,#573,#574,#575,#576,#577,#578,#579,#580,#581,#582,#583,#584,#585,#586,#587,#588,#589,#590,#591,#592));
#594=IFCARBITRARYPROFILEDEFWITHVOIDS(.AREA.,$,#493,(#593));
#595=IFCCARTESIANPOINT((0.,0.,0.));
#596=IFCAXIS2PLACEMENT3D(#595,$,$);
#597=IFCDIRECTION((0.,0.,1.));
#598=IFCEXTRUDEDAREASOLID(#594,#596,#597,0.16);
#599=IFCSTYLEDITEM(#598,(#47),$);
#600=IFCSHAPEREPRESENTATION(#16,'Body','SweptSolid',(#598));
#601=IFCPRODUCTDEFINITIONSHAPE($,$,(#600));
#602=IFCLOCALPLACEMENT(#23,#13);
#603=IFCCOVERING('1w2gPGCpX7WucJ$CobrMJh',#5,'Island granite kerb',$,'Granite boarding kerb',#602,#601,'EL-COV-001',.USERDEFINED.);
#604=IFCRELASSOCIATESMATERIAL('2f4QN7un58LvuwSI2Y7hbo',#5,$,$,(#603),#48);
#605=IFCPROPERTYSINGLEVALUE('Material',$,IFCLABEL('Grey granite kerb'),$);
#606=IFCPROPERTYSINGLEVALUE('Category',$,IFCLABEL('Stone'),$);
#607=IFCPROPERTYSINGLEVALUE('MassDensity_kg_m3',$,IFCREAL(2700.),$);
#608=IFCPROPERTYSET('0d9826IwjAEPUZiwxzHPLr',#5,'Pset_CDE_Material',$,(#605,#606,#607));
#609=IFCRELDEFINESBYPROPERTIES('2N$ehPq7fF2Al_RADl2BUN',#5,$,$,(#603),#608);
#610=IFCPROPERTYSINGLEVALUE('GeometrySource',$,IFCLABEL('Island outline; 0.3 m kerb width estimated'),$);
#611=IFCPROPERTYSINGLEVALUE('Confidence',$,IFCLABEL('Low'),$);
#612=IFCPROPERTYSINGLEVALUE('Reference',$,IFCLABEL('PHOTO'),$);
#613=IFCPROPERTYSET('143_MTFBDBzgr1VNwstfua',#5,'Pset_CDE_Provenance',$,(#610,#611,#612));
#614=IFCRELDEFINESBYPROPERTIES('16ckYr4df8GuWxXkr_hGeK',#5,$,$,(#603),#613);
#615=IFCPROPERTYSINGLEVALUE('Height_m',$,IFCREAL(0.16),$);
#616=IFCPROPERTYSINGLEVALUE('Length_m',$,IFCREAL(483.7),$);
#617=IFCPROPERTYSET('2JDcNGMMvBcB6ZAfokZtsj',#5,'Pset_CDE_Kerb',$,(#615,#616));
#618=IFCRELDEFINESBYPROPERTIES('1GQyOfourChuS6mA66Gjd6',#5,$,$,(#603),#617);
#619=IFCCARTESIANPOINT((23.503521734509487,28.15170627958942));
#620=IFCCARTESIANPOINT((23.40953434851406,28.04794515356552));
#621=IFCCARTESIANPOINT((5.716448249634485,44.07443769801539));
#622=IFCCARTESIANPOINT((5.810435635629911,44.178198824039285));
#623=IFCCARTESIANPOINT((23.503521734509487,28.15170627958942));
#624=IFCPOLYLINE((#619,#620,#621,#622,#623));
#625=IFCARBITRARYCLOSEDPROFILEDEF(.AREA.,$,#624);
#626=IFCCARTESIANPOINT((0.,0.,0.));
#627=IFCAXIS2PLACEMENT3D(#626,$,$);
#628=IFCDIRECTION((0.,0.,1.));
#629=IFCEXTRUDEDAREASOLID(#625,#627,#628,0.008);
#630=IFCCARTESIANPOINT((23.852392303776714,21.41100879407553));
#631=IFCCARTESIANPOINT((23.758945022690323,21.306760985189396));
#632=IFCCARTESIANPOINT((5.904825673419262,37.31111567818494));
#633=IFCCARTESIANPOINT((5.998272954505657,37.41536348707108));
#634=IFCCARTESIANPOINT((23.852392303776714,21.41100879407553));
#635=IFCPOLYLINE((#630,#631,#632,#633,#634));
#636=IFCARBITRARYCLOSEDPROFILEDEF(.AREA.,$,#635);
#637=IFCCARTESIANPOINT((0.,0.,0.));
#638=IFCAXIS2PLACEMENT3D(#637,$,$);
#639=IFCDIRECTION((0.,0.,1.));
#640=IFCEXTRUDEDAREASOLID(#636,#638,#639,0.008);
#641=IFCCARTESIANPOINT((24.212592749915878,14.547440438421999));
#642=IFCCARTESIANPOINT((24.119009890534123,14.443314320517148));
#643=IFCCARTESIANPOINT((6.237161518015108,30.51454155344274));
#644=IFCCARTESIANPOINT((6.330744377396861,30.618667671347595));
#645=IFCCARTESIANPOINT((24.212592749915878,14.547440438421999));
#646=IFCPOLYLINE((#641,#642,#643,#644,#645));
#647=IFCARBITRARYCLOSEDPROFILEDEF(.AREA.,$,#646);
#648=IFCCARTESIANPOINT((0.,0.,0.));
#649=IFCAXIS2PLACEMENT3D(#648,$,$);
#650=IFCDIRECTION((0.,0.,1.));
#651=IFCEXTRUDEDAREASOLID(#647,#649,#650,0.008);
#652=IFCCARTESIANPOINT((24.578255238453103,7.5947433261827895));
#653=IFCCARTESIANPOINT((24.484555622121142,7.490722261492782));
#654=IFCCARTESIANPOINT((7.534509552201078,22.758906819049887));
#655=IFCCARTESIANPOINT((7.628209168533042,22.862927883739896));
#656=IFCCARTESIANPOINT((24.578255238453103,7.5947433261827895));
#657=IFCPOLYLINE((#652,#653,#654,#655,#656));
#658=IFCARBITRARYCLOSEDPROFILEDEF(.AREA.,$,#657);
#659=IFCCARTESIANPOINT((0.,0.,0.));
#660=IFCAXIS2PLACEMENT3D(#659,$,$);
#661=IFCDIRECTION((0.,0.,1.));
#662=IFCEXTRUDEDAREASOLID(#658,#660,#661,0.008);
#663=IFCCARTESIANPOINT((24.91650857864998,1.1881417913814398));
#664=IFCCARTESIANPOINT((24.822994477160947,1.083953918657699));
#665=IFCCARTESIANPOINT((8.17237771586396,16.028759153328338));
#666=IFCCARTESIANPOINT((8.265891817352994,16.13294702605208));
#667=IFCCARTESIANPOINT((24.91650857864998,1.1881417913814398));
#668=IFCPOLYLINE((#663,#664,#665,#666,#667));
#669=IFCARBITRARYCLOSEDPROFILEDEF(.AREA.,$,#668);
#670=IFCCARTESIANPOINT((0.,0.,0.));
#671=IFCAXIS2PLACEMENT3D(#670,$,$);
#672=IFCDIRECTION((0.,0.,1.));
#673=IFCEXTRUDEDAREASOLID(#669,#671,#672,0.008);
#674=IFCCARTESIANPOINT((25.259963924620678,-5.38541090621895));
#675=IFCCARTESIANPOINT((25.167032328810166,-5.490118682912525));
#676=IFCCARTESIANPOINT((7.2349802566725705,10.4251673430512));
#677=IFCCARTESIANPOINT((7.327911852483084,10.529875119744773));
#678=IFCCARTESIANPOINT((25.259963924620678,-5.38541090621895));
#679=IFCPOLYLINE((#674,#675,#676,#677,#678));
#680=IFCARBITRARYCLOSEDPROFILEDEF(.AREA.,$,#679);
#681=IFCCARTESIANPOINT((0.,0.,0.));
#682=IFCAXIS2PLACEMENT3D(#681,$,$);
#683=IFCDIRECTION((0.,0.,1.));
#684=IFCEXTRUDEDAREASOLID(#680,#682,#683,0.008);
#685=IFCCARTESIANPOINT((25.620108757573743,-12.271225065716));
#686=IFCCARTESIANPOINT((25.527123089474063,-12.375884826503306));
#687=IFCCARTESIANPOINT((7.500759515505653,3.6397590821389265));
#688=IFCCARTESIANPOINT((7.593745183605332,3.7444188429262333));
#689=IFCCARTESIANPOINT((25.620108757573743,-12.271225065716));
#690=IFCPOLYLINE((#685,#686,#687,#688,#689));
#691=IFCARBITRARYCLOSEDPROFILEDEF(.AREA.,$,#690);
#692=IFCCARTESIANPOINT((0.,0.,0.));
#693=IFCAXIS2PLACEMENT3D(#692,$,$);
#694=IFCDIRECTION((0.,0.,1.));
#695=IFCEXTRUDEDAREASOLID(#691,#693,#694,0.008);
#696=IFCCARTESIANPOINT((25.963893373266913,-18.86737007312161));
#697=IFCCARTESIANPOINT((25.87079636309936,-18.971930805224357));
#698=IFCCARTESIANPOINT((7.933174967064404,-3.0009358828918917));
#699=IFCCARTESIANPOINT((8.026271977231955,-2.8963751507891433));
#700=IFCCARTESIANPOINT((25.963893373266913,-18.86737007312161));
#701=IFCPOLYLINE((#696,#697,#698,#699,#700));
#702=IFCARBITRARYCLOSEDPROFILEDEF(.AREA.,$,#701);
#703=IFCCARTESIANPOINT((0.,0.,0.));
#704=IFCAXIS2PLACEMENT3D(#703,$,$);
#705=IFCDIRECTION((0.,0.,1.));
#706=IFCEXTRUDEDAREASOLID(#702,#704,#705,0.008);
#707=IFCCARTESIANPOINT((26.33536495882498,-25.809145884578268));
#708=IFCCARTESIANPOINT((26.241668978152408,-25.91317022406574));
#709=IFCCARTESIANPOINT((9.51332049575223,-10.84574442916628));
#710=IFCCARTESIANPOINT((9.607016476424798,-10.741720089678802));
#711=IFCCARTESIANPOINT((26.33536495882498,-25.809145884578268));
#712=IFCPOLYLINE((#707,#708,#709,#710,#711));
#713=IFCARBITRARYCLOSEDPROFILEDEF(.AREA.,$,#712);
#714=IFCCARTESIANPOINT((0.,0.,0.));
#715=IFCAXIS2PLACEMENT3D(#714,$,$);
#716=IFCDIRECTION((0.,0.,1.));
#717=IFCEXTRUDEDAREASOLID(#713,#715,#716,0.008);
#718=IFCCARTESIANPOINT((-27.07666734021866,-1.8877742905143238));
#719=IFCCARTESIANPOINT((-26.982879175126914,-1.7838330566909575));
#720=IFCCARTESIANPOINT((-9.023425894111757,-17.988991561348406));
#721=IFCCARTESIANPOINT((-9.117214059203501,-18.09293279517177));
#722=IFCCARTESIANPOINT((-27.07666734021866,-1.8877742905143238));
#723=IFCPOLYLINE((#718,#719,#720,#721,#722));
#724=IFCARBITRARYCLOSEDPROFILEDEF(.AREA.,$,#723);
#725=IFCCARTESIANPOINT((0.,0.,0.));
#726=IFCAXIS2PLACEMENT3D(#725,$,$);
#727=IFCDIRECTION((0.,0.,1.));
#728=IFCEXTRUDEDAREASOLID(#724,#726,#727,0.008);
#729=IFCCARTESIANPOINT((-28.06880805676601,5.622421632735045));
#730=IFCCARTESIANPOINT((-27.97526044363358,5.7265794172603774));
#731=IFCCARTESIANPOINT((-9.261455595141435,-11.080918785398811));
#732=IFCCARTESIANPOINT((-9.355003208273864,-11.185076569924146));
#733=IFCCARTESIANPOINT((-28.06880805676601,5.622421632735045));
#734=IFCPOLYLINE((#729,#730,#731,#732,#733));
#735=IFCARBITRARYCLOSEDPROFILEDEF(.AREA.,$,#734);
#736=IFCCARTESIANPOINT((0.,0.,0.));
#737=IFCAXIS2PLACEMENT3D(#736,$,$);
#738=IFCDIRECTION((0.,0.,1.));
#739=IFCEXTRUDEDAREASOLID(#735,#737,#738,0.008);
#740=IFCCARTESIANPOINT((-28.911363653371417,12.753621322615404));
#741=IFCCARTESIANPOINT((-28.818162248005784,12.858089011581283));
#742=IFCCARTESIANPOINT((-9.566282768269696,-4.317577849654813));
#743=IFCCARTESIANPOINT((-9.659484173635326,-4.422045538620691));
#744=IFCCARTESIANPOINT((-28.911363653371417,12.753621322615404));
#745=IFCPOLYLINE((#740,#741,#742,#743,#744));
#746=IFCARBITRARYCLOSEDPROFILEDEF(.AREA.,$,#745);
#747=IFCCARTESIANPOINT((0.,0.,0.));
#748=IFCAXIS2PLACEMENT3D(#747,$,$);
#749=IFCDIRECTION((0.,0.,1.));
#750=IFCEXTRUDEDAREASOLID(#746,#748,#749,0.008);
#751=IFCCARTESIANPOINT((-29.865249962180066,19.985561274473366));
#752=IFCCARTESIANPOINT((-29.771582342118812,20.089611151705686));
#753=IFCCARTESIANPOINT((-9.99851976651032,2.2895352453768285));
#754=IFCCARTESIANPOINT((-10.092187386571574,2.185485368144509));
#755=IFCCARTESIANPOINT((-29.865249962180066,19.985561274473366));
#756=IFCPOLYLINE((#751,#752,#753,#754,#755));
#757=IFCARBITRARYCLOSEDPROFILEDEF(.AREA.,$,#756);
#758=IFCCARTESIANPOINT((0.,0.,0.));
#759=IFCAXIS2PLACEMENT3D(#758,$,$);
#760=IFCDIRECTION((0.,0.,1.));
#761=IFCEXTRUDEDAREASOLID(#757,#759,#760,0.008);
#762=IFCCARTESIANPOINT((-30.846642226834806,27.418021838734695));
#763=IFCCARTESIANPOINT((-30.75262860868403,27.521759197493246));
#764=IFCCARTESIANPOINT((-10.336335203687637,9.019171169405034));
#765=IFCCARTESIANPOINT((-10.43034882183841,8.915433810646483));
#766=IFCCARTESIANPOINT((-30.846642226834806,27.418021838734695));
#767=IFCPOLYLINE((#762,#763,#764,#765,#766));
#768=IFCARBITRARYCLOSEDPROFILEDEF(.AREA.,$,#767);
#769=IFCCARTESIANPOINT((0.,0.,0.));
#770=IFCAXIS2PLACEMENT3D(#769,$,$);
#771=IFCDIRECTION((0.,0.,1.));
#772=IFCEXTRUDEDAREASOLID(#768,#770,#771,0.008);
#773=IFCCARTESIANPOINT((-31.77807532988146,34.51591557459692));
#774=IFCCARTESIANPOINT((-31.684325531203,34.619891414327824));
#775=IFCCARTESIANPOINT((-10.940750073719471,15.916450037529973));
#776=IFCCARTESIANPOINT((-11.03449987239793,15.812474197799059));
#777=IFCCARTESIANPOINT((-31.77807532988146,34.51591557459692));
#778=IFCPOLYLINE((#773,#774,#775,#776,#777));
#779=IFCARBITRARYCLOSEDPROFILEDEF(.AREA.,$,#778);
#780=IFCCARTESIANPOINT((0.,0.,0.));
#781=IFCAXIS2PLACEMENT3D(#780,$,$);
#782=IFCDIRECTION((0.,0.,1.));
#783=IFCEXTRUDEDAREASOLID(#779,#781,#782,0.008);
#784=IFCCARTESIANPOINT((-32.675125435068324,40.63161601073021));
#785=IFCCARTESIANPOINT((-32.585598014221475,40.739248909587914));
#786=IFCCARTESIANPOINT((-9.81615581728606,21.799970532367876));
#787=IFCCARTESIANPOINT((-9.905683238132909,21.69233763351018));
#788=IFCCARTESIANPOINT((-32.675125435068324,40.63161601073021));
#789=IFCPOLYLINE((#784,#785,#786,#787,#788));
#790=IFCARBITRARYCLOSEDPROFILEDEF(.AREA.,$,#789);
#791=IFCCARTESIANPOINT((0.,0.,0.));
#792=IFCAXIS2PLACEMENT3D(#791,$,$);
#793=IFCDIRECTION((0.,0.,1.));
#794=IFCEXTRUDEDAREASOLID(#790,#792,#793,0.008);
#795=IFCSTYLEDITEM(#629,(#56),$);
#796=IFCSTYLEDITEM(#640,(#56),$);
#797=IFCSTYLEDITEM(#651,(#56),$);
#798=IFCSTYLEDITEM(#662,(#56),$);
#799=IFCSTYLEDITEM(#673,(#56),$);
#800=IFCSTYLEDITEM(#684,(#56),$);
#801=IFCSTYLEDITEM(#695,(#56),$);
#802=IFCSTYLEDITEM(#706,(#56),$);
#803=IFCSTYLEDITEM(#717,(#56),$);
#804=IFCSTYLEDITEM(#728,(#56),$);
#805=IFCSTYLEDITEM(#739,(#56),$);
#806=IFCSTYLEDITEM(#750,(#56),$);
#807=IFCSTYLEDITEM(#761,(#56),$);
#808=IFCSTYLEDITEM(#772,(#56),$);
#809=IFCSTYLEDITEM(#783,(#56),$);
#810=IFCSTYLEDITEM(#794,(#56),$);
#811=IFCSHAPEREPRESENTATION(#16,'Body','SweptSolid',(#629,#640,#651,#662,#673,#684,#695,#706,#717,#728,#739,#750,#761,#772,#783,#794));
#812=IFCPRODUCTDEFINITIONSHAPE($,$,(#811));
#813=IFCLOCALPLACEMENT(#23,#13);
#814=IFCBUILDINGELEMENTPROXY('1jVSCif31CkxsDb8gVPFmy',#5,'Bay markings',$,'White bay lines',#813,#812,'EL-PRX-001',.USERDEFINED.);
#815=IFCRELASSOCIATESMATERIAL('2MeE9m4eP5FP$Kr3hsqvex',#5,$,$,(#814),#57);
#816=IFCPROPERTYSINGLEVALUE('Reference',$,IFCLABEL('White bay lines'),$);
#817=IFCPROPERTYSINGLEVALUE('IsExternal',$,IFCBOOLEAN(.T.),$);
#818=IFCPROPERTYSINGLEVALUE('Status',$,IFCLABEL('EXISTING'),$);
#819=IFCPROPERTYSET('2A$Q2LVK51u88lXCVyHpGx',#5,'Pset_BuildingElementProxyCommon',$,(#816,#817,#818));
#820=IFCRELDEFINESBYPROPERTIES('2883kF2Wn1kux10954Wn68',#5,$,$,(#814),#819);
#821=IFCPROPERTYSINGLEVALUE('Material',$,IFCLABEL('White road marking'),$);
#822=IFCPROPERTYSINGLEVALUE('Category',$,IFCLABEL('Paint'),$);
#823=IFCPROPERTYSET('03YMZdb_nD4O9qvqdRX1A2',#5,'Pset_CDE_Material',$,(#821,#822));
#824=IFCRELDEFINESBYPROPERTIES('05p$49UiP8XeAaF96QL044',#5,$,$,(#814),#823);
#825=IFCPROPERTYSINGLEVALUE('GeometrySource',$,IFCLABEL('OSM bay drive lines (ODbL); photograph'),$);
#826=IFCPROPERTYSINGLEVALUE('Confidence',$,IFCLABEL('Medium'),$);
#827=IFCPROPERTYSINGLEVALUE('Reference',$,IFCLABEL('OSM / PHOTO'),$);
#828=IFCPROPERTYSET('1W7NdoASr9BBljba4bbeH0',#5,'Pset_CDE_Provenance',$,(#825,#826,#827));
#829=IFCRELDEFINESBYPROPERTIES('3ugZhFzdr2j8TkgeYIuXGI',#5,$,$,(#814),#828);
#830=IFCCARTESIANPOINT((-22.065165773163347,-79.70356282695106));
#831=IFCCARTESIANPOINT((-15.354063223426083,-79.5090372599486));
#832=IFCCARTESIANPOINT((-15.345371183629295,-79.80891131425167));
#833=IFCCARTESIANPOINT((-22.046263620128126,-80.00314093464145));
#834=IFCCARTESIANPOINT((-28.503328122500534,-80.63175589943853));
#835=IFCCARTESIANPOINT((-28.532396614249592,-80.3331675158945));
#836=IFCCARTESIANPOINT((-22.065165773163347,-79.70356282695106));
#837=IFCPOLYLINE((#830,#831,#832,#833,#834,#835,#836));
#838=IFCARBITRARYCLOSEDPROFILEDEF(.AREA.,$,#837);
#839=IFCCARTESIANPOINT((0.,0.,0.));
#840=IFCAXIS2PLACEMENT3D(#839,$,$);
#841=IFCDIRECTION((0.,0.,1.));
#842=IFCEXTRUDEDAREASOLID(#838,#840,#841,0.12);
#843=IFCCARTESIANPOINT((-36.55376272095788,-88.47409738674696));
#844=IFCCARTESIANPOINT((-37.71613197258238,-88.5125621653068));
#845=IFCCARTESIANPOINT((-38.33742716813614,-88.41417120671429));
#846=IFCCARTESIANPOINT((-38.74116180144611,-88.0759038343514));
#847=IFCCARTESIANPOINT((-38.87327454822559,-87.4798563903565));
#848=IFCCARTESIANPOINT((-38.81572066391932,-86.81958345216789));
#849=IFCCARTESIANPOINT((-38.41529366610165,-86.45136639986941));
#850=IFCCARTESIANPOINT((-37.96097604736911,-86.25471121796213));
#851=IFCCARTESIANPOINT((-36.86507125405713,-86.12403067388666));
#852=IFCCARTESIANPOINT((-36.55376272095788,-88.47409738674696));
#853=IFCPOLYLINE((#843,#844,#845,#846,#847,#848,#849,#850,#851,#852));
#854=IFCARBITRARYCLOSEDPROFILEDEF(.AREA.,$,#853);
#855=IFCCARTESIANPOINT((0.,0.,0.));
#856=IFCAXIS2PLACEMENT3D(#855,$,$);
#857=IFCDIRECTION((0.,0.,1.));
#858=IFCEXTRUDEDAREASOLID(#854,#856,#857,0.12);
#859=IFCCARTESIANPOINT((-27.870575504952193,-87.27083477404751));
#860=IFCCARTESIANPOINT((-28.16628430179599,-84.98356212721804));
#861=IFCCARTESIANPOINT((-22.172944907229162,-85.20843234217303));
#862=IFCCARTESIANPOINT((-21.7433599817796,-85.4209410144569));
#863=IFCCARTESIANPOINT((-21.605516512984256,-85.97643997756968));
#864=IFCCARTESIANPOINT((-21.71976455379713,-86.31933706183311));
#865=IFCCARTESIANPOINT((-22.09646768839511,-86.46159400254602));
#866=IFCCARTESIANPOINT((-27.870575504952193,-87.27083477404751));
#867=IFCPOLYLINE((#859,#860,#861,#862,#863,#864,#865,#866));
#868=IFCARBITRARYCLOSEDPROFILEDEF(.AREA.,$,#867);
#869=IFCCARTESIANPOINT((0.,0.,0.));
#870=IFCAXIS2PLACEMENT3D(#869,$,$);
#871=IFCDIRECTION((0.,0.,1.));
#872=IFCEXTRUDEDAREASOLID(#868,#870,#871,0.12);
#873=IFCSTYLEDITEM(#842,(#47),$);
#874=IFCSTYLEDITEM(#858,(#47),$);
#875=IFCSTYLEDITEM(#872,(#47),$);
#876=IFCSHAPEREPRESENTATION(#16,'Body','SweptSolid',(#842,#858,#872));
#877=IFCPRODUCTDEFINITIONSHAPE($,$,(#876));
#878=IFCLOCALPLACEMENT(#23,#13);
#879=IFCCOVERING('2x7XKl$MPBjhLKqnuHu7UQ',#5,'Street kerbs',$,'Granite kerb',#878,#877,'EL-COV-002',.USERDEFINED.);
#880=IFCRELASSOCIATESMATERIAL('0lUb_XVrfCX976rJXndgL3',#5,$,$,(#879),#48);
#881=IFCPROPERTYSINGLEVALUE('Material',$,IFCLABEL('Grey granite kerb'),$);
#882=IFCPROPERTYSINGLEVALUE('Category',$,IFCLABEL('Stone'),$);
#883=IFCPROPERTYSINGLEVALUE('MassDensity_kg_m3',$,IFCREAL(2700.),$);
#884=IFCPROPERTYSET('1ks3qBSAfCgvZUOzza8b3c',#5,'Pset_CDE_Material',$,(#881,#882,#883));
#885=IFCRELDEFINESBYPROPERTIES('3u_rIKb3D1UO06dvnG6Xrb',#5,$,$,(#879),#884);
#886=IFCPROPERTYSINGLEVALUE('GeometrySource',$,IFCLABEL('OpenStreetMap barrier=kerb (ODbL)'),$);
#887=IFCPROPERTYSINGLEVALUE('Confidence',$,IFCLABEL('Medium'),$);
#888=IFCPROPERTYSINGLEVALUE('Reference',$,IFCLABEL('OSM'),$);
#889=IFCPROPERTYSET('2v2EQ5qNLD4PRPa16jj8_i',#5,'Pset_CDE_Provenance',$,(#886,#887,#888));
#890=IFCRELDEFINESBYPROPERTIES('11clwOpd52IOkrsslvDfUB',#5,$,$,(#879),#889);
#891=IFCLOCALPLACEMENT(#23,#13);
#892=IFCELEMENTASSEMBLY('2K2Mc9XaD7tBvUvwc0UqMz',#5,'Canopy',$,'Steel and glass bus canopy',#891,$,'EL-ASM-002',.NOTDEFINED.,.USERDEFINED.);
#893=IFCPROPERTYSINGLEVALUE('Length_m',$,IFCREAL(72.8),$);
#894=IFCPROPERTYSINGLEVALUE('Width_m',$,IFCREAL(5.7),$);
#895=IFCPROPERTYSINGLEVALUE('ClearHeight_m',$,IFCREAL(4.),$);
#896=IFCPROPERTYSINGLEVALUE('Structure',$,IFCLABEL('Steel frame, masts with tie rods'),$);
#897=IFCPROPERTYSINGLEVALUE('Roofing',$,IFCLABEL('Laminated glass panels'),$);
#898=IFCPROPERTYSET('2GASAMQln46vhUoAIZWdGi',#5,'Pset_CDE_Canopy',$,(#893,#894,#895,#896,#897));
#899=IFCRELDEFINESBYPROPERTIES('0iy3vq9X563ujdXNWlq7yx',#5,$,$,(#892),#898);
#900=IFCPROPERTYSINGLEVALUE('GeometrySource',$,IFCLABEL('OSM building=roof footprint; section from photographs'),$);
#901=IFCPROPERTYSINGLEVALUE('Confidence',$,IFCLABEL('Medium'),$);
#902=IFCPROPERTYSET('0rlDs_jVH0POu14Pka0muZ',#5,'Pset_CDE_Provenance',$,(#900,#901));
#903=IFCRELDEFINESBYPROPERTIES('2vrT5M23zC4eQwDz_wGvEY',#5,$,$,(#892),#902);
#904=IFCCARTESIANPOINT((0.,0.));
#905=IFCDIRECTION((-0.05240783382526791,0.9986257652162511));
#906=IFCAXIS2PLACEMENT2D(#904,#905);
#907=IFCRECTANGLEPROFILEDEF(.AREA.,$,#906,73.068528623995,6.0316711805687);
#908=IFCCARTESIANPOINT((0.4676714793220376,7.594559044956447,4.38));
#909=IFCAXIS2PLACEMENT3D(#908,$,$);
#910=IFCDIRECTION((0.,0.,1.));
#911=IFCEXTRUDEDAREASOLID(#907,#909,#910,0.03);
#912=IFCSTYLEDITEM(#911,(#72),$);
#913=IFCSHAPEREPRESENTATION(#16,'Body','SweptSolid',(#911));
#914=IFCPRODUCTDEFINITIONSHAPE($,$,(#913));
#915=IFCLOCALPLACEMENT(#23,#13);
#916=IFCROOF('2bdbkhMMnBVBZL56nFjPnk',#5,'Canopy glass roof',$,'Glass roof panels',#915,#914,'EL-ROF-001',.FLAT_ROOF.);
#917=IFCRELASSOCIATESMATERIAL('13rti3orrCPwYPnh1HoeC$',#5,$,$,(#916),#73);
#918=IFCPROPERTYSINGLEVALUE('Reference',$,IFCLABEL('Glass roof panels'),$);
#919=IFCPROPERTYSINGLEVALUE('IsExternal',$,IFCBOOLEAN(.T.),$);
#920=IFCPROPERTYSINGLEVALUE('Status',$,IFCLABEL('EXISTING'),$);
#921=IFCPROPERTYSINGLEVALUE('ProjectedArea',$,IFCREAL(417.1),$);
#922=IFCPROPERTYSET('2ih4JKFM12VunpFUxHcVoZ',#5,'Pset_RoofCommon',$,(#918,#919,#920,#921));
#923=IFCRELDEFINESBYPROPERTIES('3mTGwY9jHAvBmtX47l016C',#5,$,$,(#916),#922);
#924=IFCPROPERTYSINGLEVALUE('Material',$,IFCLABEL('Toughened laminated glass'),$);
#925=IFCPROPERTYSINGLEVALUE('Category',$,IFCLABEL('Glass'),$);
#926=IFCPROPERTYSINGLEVALUE('MassDensity_kg_m3',$,IFCREAL(2500.),$);
#927=IFCPROPERTYSET('0Z9FSyJOzFWOYZWsEmAaV6',#5,'Pset_CDE_Material',$,(#924,#925,#926));
#928=IFCRELDEFINESBYPROPERTIES('3cqLD1xRj9uuGni8GY22kY',#5,$,$,(#916),#927);
#929=IFCPROPERTYSINGLEVALUE('GeometrySource',$,IFCLABEL('OSM building=roof (ODbL)'),$);
#930=IFCPROPERTYSINGLEVALUE('Confidence',$,IFCLABEL('Medium'),$);
#931=IFCPROPERTYSINGLEVALUE('Reference',$,IFCLABEL('OSM 30368518'),$);
#932=IFCPROPERTYSET('0tqzjRIBH2efqKkEx7C2IJ',#5,'Pset_CDE_Provenance',$,(#929,#930,#931));
#933=IFCRELDEFINESBYPROPERTIES('0LDkcLgXjCsurjxLJeJqi5',#5,$,$,(#916),#932);
#934=IFCPROPERTYSINGLEVALUE('AssetClass',$,IFCLABEL('Envelope > Roofs'),$);
#935=IFCPROPERTYSINGLEVALUE('InspectionInterval_months',$,IFCINTEGER(12),$);
#936=IFCPROPERTYSINGLEVALUE('DesignServiceLife_years',$,IFCINTEGER(30),$);
#937=IFCPROPERTYSINGLEVALUE('Criticality',$,IFCLABEL('High'),$);
#938=IFCPROPERTYSINGLEVALUE('DataStatus',$,IFCLABEL('Demo values \X2\2014\X0\ to be replaced with the owner''s asset register'),$);
#939=IFCPROPERTYSET('2X$4B_p7L1xBBwf6EU5mWI',#5,'Pset_CDE_AssetManagement (demo)',$,(#934,#935,#936,#937,#938));
#940=IFCRELDEFINESBYPROPERTIES('3eqNncd6nCO9Zh4j1PoZCh',#5,$,$,(#916),#939);
#941=IFCCARTESIANPOINT((0.,0.));
#942=IFCDIRECTION((-0.05240783382526791,0.9986257652162511));
#943=IFCAXIS2PLACEMENT2D(#941,#942);
#944=IFCRECTANGLEPROFILEDEF(.AREA.,$,#943,73.068528623995,0.22);
#945=IFCCARTESIANPOINT((3.3295687386537134,7.744751280342608,4.));
#946=IFCAXIS2PLACEMENT3D(#945,$,$);
#947=IFCDIRECTION((0.,0.,1.));
#948=IFCEXTRUDEDAREASOLID(#944,#946,#947,0.4);
#949=IFCCARTESIANPOINT((0.,0.));
#950=IFCDIRECTION((-0.05240783382526791,0.9986257652162511));
#951=IFCAXIS2PLACEMENT2D(#949,#950);
#952=IFCRECTANGLEPROFILEDEF(.AREA.,$,#951,73.068528623995,0.22);
#953=IFCCARTESIANPOINT((-2.394225780009638,7.444366809570286,4.));
#954=IFCAXIS2PLACEMENT3D(#953,$,$);
#955=IFCDIRECTION((0.,0.,1.));
#956=IFCEXTRUDEDAREASOLID(#952,#954,#955,0.4);
#957=IFCCARTESIANPOINT((0.,0.));
#958=IFCDIRECTION((-0.05240783382526791,0.9986257652162511));
#959=IFCAXIS2PLACEMENT2D(#957,#958);
#960=IFCRECTANGLEPROFILEDEF(.AREA.,$,#959,72.768528623995,0.36);
#961=IFCCARTESIANPOINT((0.4676714793220376,7.594559044956447,3.85));
#962=IFCAXIS2PLACEMENT3D(#961,$,$);
#963=IFCDIRECTION((0.,0.,1.));
#964=IFCEXTRUDEDAREASOLID(#960,#962,#963,0.53);
#965=IFCCARTESIANPOINT((0.,0.));
#966=IFCDIRECTION((-0.05240783382526791,0.9986257652162511));
#967=IFCAXIS2PLACEMENT2D(#965,#966);
#968=IFCRECTANGLEPROFILEDEF(.AREA.,$,#967,0.12,6.2316711805687);
#969=IFCCARTESIANPOINT((2.3744919572398278,-28.73970474544239,4.08));
#970=IFCAXIS2PLACEMENT3D(#969,$,$);
#971=IFCDIRECTION((0.,0.,1.));
#972=IFCEXTRUDEDAREASOLID(#968,#970,#971,0.3);
#973=IFCCARTESIANPOINT((0.,0.));
#974=IFCDIRECTION((-0.05240783382526791,0.9986257652162511));
#975=IFCAXIS2PLACEMENT2D(#973,#974);
#976=IFCRECTANGLEPROFILEDEF(.AREA.,$,#975,0.12,6.2316711805687);
#977=IFCCARTESIANPOINT((2.295880206501926,-27.24176609761801,4.08));
#978=IFCAXIS2PLACEMENT3D(#977,$,$);
#979=IFCDIRECTION((0.,0.,1.));
#980=IFCEXTRUDEDAREASOLID(#976,#978,#979,0.3);
#981=IFCCARTESIANPOINT((0.,0.));
#982=IFCDIRECTION((-0.05240783382526791,0.9986257652162511));
#983=IFCAXIS2PLACEMENT2D(#981,#982);
#984=IFCRECTANGLEPROFILEDEF(.AREA.,$,#983,0.12,6.2316711805687);
#985=IFCCARTESIANPOINT((2.217268455764024,-25.743827449793635,4.08));
#986=IFCAXIS2PLACEMENT3D(#985,$,$);
#987=IFCDIRECTION((0.,0.,1.));
#988=IFCEXTRUDEDAREASOLID(#984,#986,#987,0.3);
#989=IFCCARTESIANPOINT((0.,0.));
#990=IFCDIRECTION((-0.05240783382526791,0.9986257652162511));
#991=IFCAXIS2PLACEMENT2D(#989,#990);
#992=IFCRECTANGLEPROFILEDEF(.AREA.,$,#991,0.12,6.2316711805687);
#993=IFCCARTESIANPOINT((2.1386567050261225,-24.245888801969258,4.08));
#994=IFCAXIS2PLACEMENT3D(#993,$,$);
#995=IFCDIRECTION((0.,0.,1.));
#996=IFCEXTRUDEDAREASOLID(#992,#994,#995,0.3);
#997=IFCCARTESIANPOINT((0.,0.));
#998=IFCDIRECTION((-0.05240783382526791,0.9986257652162511));
#999=IFCAXIS2PLACEMENT2D(#997,#998);
#1000=IFCRECTANGLEPROFILEDEF(.AREA.,$,#999,0.12,6.2316711805687);
#1001=IFCCARTESIANPOINT((2.0600449542882204,-22.74795015414488,4.08));
#1002=IFCAXIS2PLACEMENT3D(#1001,$,$);
#1003=IFCDIRECTION((0.,0.,1.));
#1004=IFCEXTRUDEDAREASOLID(#1000,#1002,#1003,0.3);
#1005=IFCCARTESIANPOINT((0.,0.));
#1006=IFCDIRECTION((-0.05240783382526791,0.9986257652162511));
#1007=IFCAXIS2PLACEMENT2D(#1005,#1006);
#1008=IFCRECTANGLEPROFILEDEF(.AREA.,$,#1007,0.12,6.2316711805687);
#1009=IFCCARTESIANPOINT((1.9814332035503186,-21.250011506320504,4.08));
#1010=IFCAXIS2PLACEMENT3D(#1009,$,$);
#1011=IFCDIRECTION((0.,0.,1.));
#1012=IFCEXTRUDEDAREASOLID(#1008,#1010,#1011,0.3);
#1013=IFCCARTESIANPOINT((0.,0.));
#1014=IFCDIRECTION((-0.05240783382526791,0.9986257652162511));
#1015=IFCAXIS2PLACEMENT2D(#1013,#1014);
#1016=IFCRECTANGLEPROFILEDEF(.AREA.,$,#1015,0.12,6.2316711805687);
#1017=IFCCARTESIANPOINT((1.9028214528124168,-19.752072858496128,4.08));
#1018=IFCAXIS2PLACEMENT3D(#1017,$,$);
#1019=IFCDIRECTION((0.,0.,1.));
#1020=IFCEXTRUDEDAREASOLID(#1016,#1018,#1019,0.3);
#1021=IFCCARTESIANPOINT((0.,0.));
#1022=IFCDIRECTION((-0.05240783382526791,0.9986257652162511));
#1023=IFCAXIS2PLACEMENT2D(#1021,#1022);
#1024=IFCRECTANGLEPROFILEDEF(.AREA.,$,#1023,0.12,6.2316711805687);
#1025=IFCCARTESIANPOINT((1.824209702074515,-18.25413421067175,4.08));
#1026=IFCAXIS2PLACEMENT3D(#1025,$,$);
#1027=IFCDIRECTION((0.,0.,1.));
#1028=IFCEXTRUDEDAREASOLID(#1024,#1026,#1027,0.3);
#1029=IFCCARTESIANPOINT((0.,0.));
#1030=IFCDIRECTION((-0.05240783382526791,0.9986257652162511));
#1031=IFCAXIS2PLACEMENT2D(#1029,#1030);
#1032=IFCRECTANGLEPROFILEDEF(.AREA.,$,#1031,0.12,6.2316711805687);
#1033=IFCCARTESIANPOINT((1.745597951336613,-16.756195562847374,4.08));
#1034=IFCAXIS2PLACEMENT3D(#1033,$,$);
#1035=IFCDIRECTION((0.,0.,1.));
#1036=IFCEXTRUDEDAREASOLID(#1032,#1034,#1035,0.3);
#1037=IFCCARTESIANPOINT((0.,0.));
#1038=IFCDIRECTION((-0.05240783382526791,0.9986257652162511));
#1039=IFCAXIS2PLACEMENT2D(#1037,#1038);
#1040=IFCRECTANGLEPROFILEDEF(.AREA.,$,#1039,0.12,6.2316711805687);
#1041=IFCCARTESIANPOINT((1.6669862005987113,-15.258256915022997,4.08));
#1042=IFCAXIS2PLACEMENT3D(#1041,$,$);
#1043=IFCDIRECTION((0.,0.,1.));
#1044=IFCEXTRUDEDAREASOLID(#1040,#1042,#1043,0.3);
#1045=IFCCARTESIANPOINT((0.,0.));
#1046=IFCDIRECTION((-0.05240783382526791,0.9986257652162511));
#1047=IFCAXIS2PLACEMENT2D(#1045,#1046);
#1048=IFCRECTANGLEPROFILEDEF(.AREA.,$,#1047,0.12,6.2316711805687);
#1049=IFCCARTESIANPOINT((1.5883744498608092,-13.76031826719862,4.08));
#1050=IFCAXIS2PLACEMENT3D(#1049,$,$);
#1051=IFCDIRECTION((0.,0.,1.));
#1052=IFCEXTRUDEDAREASOLID(#1048,#1050,#1051,0.3);
#1053=IFCCARTESIANPOINT((0.,0.));
#1054=IFCDIRECTION((-0.05240783382526791,0.9986257652162511));
#1055=IFCAXIS2PLACEMENT2D(#1053,#1054);
#1056=IFCRECTANGLEPROFILEDEF(.AREA.,$,#1055,0.12,6.2316711805687);
#1057=IFCCARTESIANPOINT((1.5097626991229074,-12.262379619374244,4.08));
#1058=IFCAXIS2PLACEMENT3D(#1057,$,$);
#1059=IFCDIRECTION((0.,0.,1.));
#1060=IFCEXTRUDEDAREASOLID(#1056,#1058,#1059,0.3);
#1061=IFCCARTESIANPOINT((0.,0.));
#1062=IFCDIRECTION((-0.05240783382526791,0.9986257652162511));
#1063=IFCAXIS2PLACEMENT2D(#1061,#1062);
#1064=IFCRECTANGLEPROFILEDEF(.AREA.,$,#1063,0.12,6.2316711805687);
#1065=IFCCARTESIANPOINT((1.4311509483850056,-10.764440971549867,4.08));
#1066=IFCAXIS2PLACEMENT3D(#1065,$,$);
#1067=IFCDIRECTION((0.,0.,1.));
#1068=IFCEXTRUDEDAREASOLID(#1064,#1066,#1067,0.3);
#1069=IFCCARTESIANPOINT((0.,0.));
#1070=IFCDIRECTION((-0.05240783382526791,0.9986257652162511));
#1071=IFCAXIS2PLACEMENT2D(#1069,#1070);
#1072=IFCRECTANGLEPROFILEDEF(.AREA.,$,#1071,0.12,6.2316711805687);
#1073=IFCCARTESIANPOINT((1.3525391976471037,-9.26650232372549,4.08));
#1074=IFCAXIS2PLACEMENT3D(#1073,$,$);
#1075=IFCDIRECTION((0.,0.,1.));
#1076=IFCEXTRUDEDAREASOLID(#1072,#1074,#1075,0.3);
#1077=IFCCARTESIANPOINT((0.,0.));
#1078=IFCDIRECTION((-0.05240783382526791,0.9986257652162511));
#1079=IFCAXIS2PLACEMENT2D(#1077,#1078);
#1080=IFCRECTANGLEPROFILEDEF(.AREA.,$,#1079,0.12,6.2316711805687);
#1081=IFCCARTESIANPOINT((1.273927446909202,-7.768563675901116,4.08));
#1082=IFCAXIS2PLACEMENT3D(#1081,$,$);
#1083=IFCDIRECTION((0.,0.,1.));
#1084=IFCEXTRUDEDAREASOLID(#1080,#1082,#1083,0.3);
#1085=IFCCARTESIANPOINT((0.,0.));
#1086=IFCDIRECTION((-0.05240783382526791,0.9986257652162511));
#1087=IFCAXIS2PLACEMENT2D(#1085,#1086);
#1088=IFCRECTANGLEPROFILEDEF(.AREA.,$,#1087,0.12,6.2316711805687);
#1089=IFCCARTESIANPOINT((1.1953156961713,-6.270625028076739,4.08));
#1090=IFCAXIS2PLACEMENT3D(#1089,$,$);
#1091=IFCDIRECTION((0.,0.,1.));
#1092=IFCEXTRUDEDAREASOLID(#1088,#1090,#1091,0.3);
#1093=IFCCARTESIANPOINT((0.,0.));
#1094=IFCDIRECTION((-0.05240783382526791,0.9986257652162511));
#1095=IFCAXIS2PLACEMENT2D(#1093,#1094);
#1096=IFCRECTANGLEPROFILEDEF(.AREA.,$,#1095,0.12,6.2316711805687);
#1097=IFCCARTESIANPOINT((1.1167039454333982,-4.772686380252362,4.08));
#1098=IFCAXIS2PLACEMENT3D(#1097,$,$);
#1099=IFCDIRECTION((0.,0.,1.));
#1100=IFCEXTRUDEDAREASOLID(#1096,#1098,#1099,0.3);
#1101=IFCCARTESIANPOINT((0.,0.));
#1102=IFCDIRECTION((-0.05240783382526791,0.9986257652162511));
#1103=IFCAXIS2PLACEMENT2D(#1101,#1102);
#1104=IFCRECTANGLEPROFILEDEF(.AREA.,$,#1103,0.12,6.2316711805687);
#1105=IFCCARTESIANPOINT((1.0380921946954964,-3.2747477324279872,4.08));
#1106=IFCAXIS2PLACEMENT3D(#1105,$,$);
#1107=IFCDIRECTION((0.,0.,1.));
#1108=IFCEXTRUDEDAREASOLID(#1104,#1106,#1107,0.3);
#1109=IFCCARTESIANPOINT((0.,0.));
#1110=IFCDIRECTION((-0.05240783382526791,0.9986257652162511));
#1111=IFCAXIS2PLACEMENT2D(#1109,#1110);
#1112=IFCRECTANGLEPROFILEDEF(.AREA.,$,#1111,0.12,6.2316711805687);
#1113=IFCCARTESIANPOINT((0.9594804439575946,-1.7768090846036104,4.08));
#1114=IFCAXIS2PLACEMENT3D(#1113,$,$);
#1115=IFCDIRECTION((0.,0.,1.));
#1116=IFCEXTRUDEDAREASOLID(#1112,#1114,#1115,0.3);
#1117=IFCCARTESIANPOINT((0.,0.));
#1118=IFCDIRECTION((-0.05240783382526791,0.9986257652162511));
#1119=IFCAXIS2PLACEMENT2D(#1117,#1118);
#1120=IFCRECTANGLEPROFILEDEF(.AREA.,$,#1119,0.12,6.2316711805687);
#1121=IFCCARTESIANPOINT((0.8808686932196927,-0.2788704367792336,4.08));
#1122=IFCAXIS2PLACEMENT3D(#1121,$,$);
#1123=IFCDIRECTION((0.,0.,1.));
#1124=IFCEXTRUDEDAREASOLID(#1120,#1122,#1123,0.3);
#1125=IFCCARTESIANPOINT((0.,0.));
#1126=IFCDIRECTION((-0.05240783382526791,0.9986257652162511));
#1127=IFCAXIS2PLACEMENT2D(#1125,#1126);
#1128=IFCRECTANGLEPROFILEDEF(.AREA.,$,#1127,0.12,6.2316711805687);
#1129=IFCCARTESIANPOINT((0.8022569424817908,1.2190682110451432,4.08));
#1130=IFCAXIS2PLACEMENT3D(#1129,$,$);
#1131=IFCDIRECTION((0.,0.,1.));
#1132=IFCEXTRUDEDAREASOLID(#1128,#1130,#1131,0.3);
#1133=IFCCARTESIANPOINT((0.,0.));
#1134=IFCDIRECTION((-0.05240783382526791,0.9986257652162511));
#1135=IFCAXIS2PLACEMENT2D(#1133,#1134);
#1136=IFCRECTANGLEPROFILEDEF(.AREA.,$,#1135,0.12,6.2316711805687);
#1137=IFCCARTESIANPOINT((0.723645191743889,2.71700685886952,4.08));
#1138=IFCAXIS2PLACEMENT3D(#1137,$,$);
#1139=IFCDIRECTION((0.,0.,1.));
#1140=IFCEXTRUDEDAREASOLID(#1136,#1138,#1139,0.3);
#1141=IFCCARTESIANPOINT((0.,0.));
#1142=IFCDIRECTION((-0.05240783382526791,0.9986257652162511));
#1143=IFCAXIS2PLACEMENT2D(#1141,#1142);
#1144=IFCRECTANGLEPROFILEDEF(.AREA.,$,#1143,0.12,6.2316711805687);
#1145=IFCCARTESIANPOINT((0.6450334410059871,4.214945506693896,4.08));
#1146=IFCAXIS2PLACEMENT3D(#1145,$,$);
#1147=IFCDIRECTION((0.,0.,1.));
#1148=IFCEXTRUDEDAREASOLID(#1144,#1146,#1147,0.3);
#1149=IFCCARTESIANPOINT((0.,0.));
#1150=IFCDIRECTION((-0.05240783382526791,0.9986257652162511));
#1151=IFCAXIS2PLACEMENT2D(#1149,#1150);
#1152=IFCRECTANGLEPROFILEDEF(.AREA.,$,#1151,0.12,6.2316711805687);
#1153=IFCCARTESIANPOINT((0.5664216902680852,5.712884154518273,4.08));
#1154=IFCAXIS2PLACEMENT3D(#1153,$,$);
#1155=IFCDIRECTION((0.,0.,1.));
#1156=IFCEXTRUDEDAREASOLID(#1152,#1154,#1155,0.3);
#1157=IFCCARTESIANPOINT((0.,0.));
#1158=IFCDIRECTION((-0.05240783382526791,0.9986257652162511));
#1159=IFCAXIS2PLACEMENT2D(#1157,#1158);
#1160=IFCRECTANGLEPROFILEDEF(.AREA.,$,#1159,0.12,6.2316711805687);
#1161=IFCCARTESIANPOINT((0.48780993953018337,7.2108228023426495,4.08));
#1162=IFCAXIS2PLACEMENT3D(#1161,$,$);
#1163=IFCDIRECTION((0.,0.,1.));
#1164=IFCEXTRUDEDAREASOLID(#1160,#1162,#1163,0.3);
#1165=IFCCARTESIANPOINT((0.,0.));
#1166=IFCDIRECTION((-0.05240783382526791,0.9986257652162511));
#1167=IFCAXIS2PLACEMENT2D(#1165,#1166);
#1168=IFCRECTANGLEPROFILEDEF(.AREA.,$,#1167,0.12,6.2316711805687);
#1169=IFCCARTESIANPOINT((0.40919818879228154,8.708761450167026,4.08));
#1170=IFCAXIS2PLACEMENT3D(#1169,$,$);
#1171=IFCDIRECTION((0.,0.,1.));
#1172=IFCEXTRUDEDAREASOLID(#1168,#1170,#1171,0.3);
#1173=IFCCARTESIANPOINT((0.,0.));
#1174=IFCDIRECTION((-0.05240783382526791,0.9986257652162511));
#1175=IFCAXIS2PLACEMENT2D(#1173,#1174);
#1176=IFCRECTANGLEPROFILEDEF(.AREA.,$,#1175,0.12,6.2316711805687);
#1177=IFCCARTESIANPOINT((0.3305864380543797,10.206700097991401,4.08));
#1178=IFCAXIS2PLACEMENT3D(#1177,$,$);
#1179=IFCDIRECTION((0.,0.,1.));
#1180=IFCEXTRUDEDAREASOLID(#1176,#1178,#1179,0.3);
#1181=IFCCARTESIANPOINT((0.,0.));
#1182=IFCDIRECTION((-0.05240783382526791,0.9986257652162511));
#1183=IFCAXIS2PLACEMENT2D(#1181,#1182);
#1184=IFCRECTANGLEPROFILEDEF(.AREA.,$,#1183,0.12,6.2316711805687);
#1185=IFCCARTESIANPOINT((0.2519746873164778,11.704638745815778,4.08));
#1186=IFCAXIS2PLACEMENT3D(#1185,$,$);
#1187=IFCDIRECTION((0.,0.,1.));
#1188=IFCEXTRUDEDAREASOLID(#1184,#1186,#1187,0.3);
#1189=IFCCARTESIANPOINT((0.,0.));
#1190=IFCDIRECTION((-0.05240783382526791,0.9986257652162511));
#1191=IFCAXIS2PLACEMENT2D(#1189,#1190);
#1192=IFCRECTANGLEPROFILEDEF(.AREA.,$,#1191,0.12,6.2316711805687);
#1193=IFCCARTESIANPOINT((0.173362936578576,13.202577393640155,4.08));
#1194=IFCAXIS2PLACEMENT3D(#1193,$,$);
#1195=IFCDIRECTION((0.,0.,1.));
#1196=IFCEXTRUDEDAREASOLID(#1192,#1194,#1195,0.3);
#1197=IFCCARTESIANPOINT((0.,0.));
#1198=IFCDIRECTION((-0.05240783382526791,0.9986257652162511));
#1199=IFCAXIS2PLACEMENT2D(#1197,#1198);
#1200=IFCRECTANGLEPROFILEDEF(.AREA.,$,#1199,0.12,6.2316711805687);
#1201=IFCCARTESIANPOINT((0.0947511858406741,14.700516041464532,4.08));
#1202=IFCAXIS2PLACEMENT3D(#1201,$,$);
#1203=IFCDIRECTION((0.,0.,1.));
#1204=IFCEXTRUDEDAREASOLID(#1200,#1202,#1203,0.3);
#1205=IFCCARTESIANPOINT((0.,0.));
#1206=IFCDIRECTION((-0.05240783382526791,0.9986257652162511));
#1207=IFCAXIS2PLACEMENT2D(#1205,#1206);
#1208=IFCRECTANGLEPROFILEDEF(.AREA.,$,#1207,0.12,6.2316711805687);
#1209=IFCCARTESIANPOINT((0.01613943510277227,16.19845468928891,4.08));
#1210=IFCAXIS2PLACEMENT3D(#1209,$,$);
#1211=IFCDIRECTION((0.,0.,1.));
#1212=IFCEXTRUDEDAREASOLID(#1208,#1210,#1211,0.3);
#1213=IFCCARTESIANPOINT((0.,0.));
#1214=IFCDIRECTION((-0.05240783382526791,0.9986257652162511));
#1215=IFCAXIS2PLACEMENT2D(#1213,#1214);
#1216=IFCRECTANGLEPROFILEDEF(.AREA.,$,#1215,0.12,6.2316711805687);
#1217=IFCCARTESIANPOINT((-0.062472315635129616,17.696393337113285,4.08));
#1218=IFCAXIS2PLACEMENT3D(#1217,$,$);
#1219=IFCDIRECTION((0.,0.,1.));
#1220=IFCEXTRUDEDAREASOLID(#1216,#1218,#1219,0.3);
#1221=IFCCARTESIANPOINT((0.,0.));
#1222=IFCDIRECTION((-0.05240783382526791,0.9986257652162511));
#1223=IFCAXIS2PLACEMENT2D(#1221,#1222);
#1224=IFCRECTANGLEPROFILEDEF(.AREA.,$,#1223,0.12,6.2316711805687);
#1225=IFCCARTESIANPOINT((-0.14108406637303145,19.194331984937662,4.08));
#1226=IFCAXIS2PLACEMENT3D(#1225,$,$);
#1227=IFCDIRECTION((0.,0.,1.));
#1228=IFCEXTRUDEDAREASOLID(#1224,#1226,#1227,0.3);
#1229=IFCCARTESIANPOINT((0.,0.));
#1230=IFCDIRECTION((-0.05240783382526791,0.9986257652162511));
#1231=IFCAXIS2PLACEMENT2D(#1229,#1230);
#1232=IFCRECTANGLEPROFILEDEF(.AREA.,$,#1231,0.12,6.2316711805687);
#1233=IFCCARTESIANPOINT((-0.21969581711093328,20.69227063276204,4.08));
#1234=IFCAXIS2PLACEMENT3D(#1233,$,$);
#1235=IFCDIRECTION((0.,0.,1.));
#1236=IFCEXTRUDEDAREASOLID(#1232,#1234,#1235,0.3);
#1237=IFCCARTESIANPOINT((0.,0.));
#1238=IFCDIRECTION((-0.05240783382526791,0.9986257652162511));
#1239=IFCAXIS2PLACEMENT2D(#1237,#1238);
#1240=IFCRECTANGLEPROFILEDEF(.AREA.,$,#1239,0.12,6.2316711805687);
#1241=IFCCARTESIANPOINT((-0.2983075678488351,22.190209280586416,4.08));
#1242=IFCAXIS2PLACEMENT3D(#1241,$,$);
#1243=IFCDIRECTION((0.,0.,1.));
#1244=IFCEXTRUDEDAREASOLID(#1240,#1242,#1243,0.3);
#1245=IFCCARTESIANPOINT((0.,0.));
#1246=IFCDIRECTION((-0.05240783382526791,0.9986257652162511));
#1247=IFCAXIS2PLACEMENT2D(#1245,#1246);
#1248=IFCRECTANGLEPROFILEDEF(.AREA.,$,#1247,0.12,6.2316711805687);
#1249=IFCCARTESIANPOINT((-0.37691931858673705,23.688147928410793,4.08));
#1250=IFCAXIS2PLACEMENT3D(#1249,$,$);
#1251=IFCDIRECTION((0.,0.,1.));
#1252=IFCEXTRUDEDAREASOLID(#1248,#1250,#1251,0.3);
#1253=IFCCARTESIANPOINT((0.,0.));
#1254=IFCDIRECTION((-0.05240783382526791,0.9986257652162511));
#1255=IFCAXIS2PLACEMENT2D(#1253,#1254);
#1256=IFCRECTANGLEPROFILEDEF(.AREA.,$,#1255,0.12,6.2316711805687);
#1257=IFCCARTESIANPOINT((-0.4555310693246389,25.18608657623517,4.08));
#1258=IFCAXIS2PLACEMENT3D(#1257,$,$);
#1259=IFCDIRECTION((0.,0.,1.));
#1260=IFCEXTRUDEDAREASOLID(#1256,#1258,#1259,0.3);
#1261=IFCCARTESIANPOINT((0.,0.));
#1262=IFCDIRECTION((-0.05240783382526791,0.9986257652162511));
#1263=IFCAXIS2PLACEMENT2D(#1261,#1262);
#1264=IFCRECTANGLEPROFILEDEF(.AREA.,$,#1263,0.12,6.2316711805687);
#1265=IFCCARTESIANPOINT((-0.5341428200625409,26.684025224059546,4.08));
#1266=IFCAXIS2PLACEMENT3D(#1265,$,$);
#1267=IFCDIRECTION((0.,0.,1.));
#1268=IFCEXTRUDEDAREASOLID(#1264,#1266,#1267,0.3);
#1269=IFCCARTESIANPOINT((0.,0.));
#1270=IFCDIRECTION((-0.05240783382526791,0.9986257652162511));
#1271=IFCAXIS2PLACEMENT2D(#1269,#1270);
#1272=IFCRECTANGLEPROFILEDEF(.AREA.,$,#1271,0.12,6.2316711805687);
#1273=IFCCARTESIANPOINT((-0.6127545708004427,28.181963871883923,4.08));
#1274=IFCAXIS2PLACEMENT3D(#1273,$,$);
#1275=IFCDIRECTION((0.,0.,1.));
#1276=IFCEXTRUDEDAREASOLID(#1272,#1274,#1275,0.3);
#1277=IFCCARTESIANPOINT((0.,0.));
#1278=IFCDIRECTION((-0.05240783382526791,0.9986257652162511));
#1279=IFCAXIS2PLACEMENT2D(#1277,#1278);
#1280=IFCRECTANGLEPROFILEDEF(.AREA.,$,#1279,0.12,6.2316711805687);
#1281=IFCCARTESIANPOINT((-0.6913663215383445,29.679902519708296,4.08));
#1282=IFCAXIS2PLACEMENT3D(#1281,$,$);
#1283=IFCDIRECTION((0.,0.,1.));
#1284=IFCEXTRUDEDAREASOLID(#1280,#1282,#1283,0.3);
#1285=IFCCARTESIANPOINT((0.,0.));
#1286=IFCDIRECTION((-0.05240783382526791,0.9986257652162511));
#1287=IFCAXIS2PLACEMENT2D(#1285,#1286);
#1288=IFCRECTANGLEPROFILEDEF(.AREA.,$,#1287,0.12,6.2316711805687);
#1289=IFCCARTESIANPOINT((-0.7699780722762464,31.177841167532673,4.08));
#1290=IFCAXIS2PLACEMENT3D(#1289,$,$);
#1291=IFCDIRECTION((0.,0.,1.));
#1292=IFCEXTRUDEDAREASOLID(#1288,#1290,#1291,0.3);
#1293=IFCCARTESIANPOINT((0.,0.));
#1294=IFCDIRECTION((-0.05240783382526791,0.9986257652162511));
#1295=IFCAXIS2PLACEMENT2D(#1293,#1294);
#1296=IFCRECTANGLEPROFILEDEF(.AREA.,$,#1295,0.12,6.2316711805687);
#1297=IFCCARTESIANPOINT((-0.8485898230141482,32.675779815357046,4.08));
#1298=IFCAXIS2PLACEMENT3D(#1297,$,$);
#1299=IFCDIRECTION((0.,0.,1.));
#1300=IFCEXTRUDEDAREASOLID(#1296,#1298,#1299,0.3);
#1301=IFCCARTESIANPOINT((0.,0.));
#1302=IFCDIRECTION((-0.05240783382526791,0.9986257652162511));
#1303=IFCAXIS2PLACEMENT2D(#1301,#1302);
#1304=IFCRECTANGLEPROFILEDEF(.AREA.,$,#1303,0.12,6.2316711805687);
#1305=IFCCARTESIANPOINT((-0.92720157375205,34.17371846318142,4.08));
#1306=IFCAXIS2PLACEMENT3D(#1305,$,$);
#1307=IFCDIRECTION((0.,0.,1.));
#1308=IFCEXTRUDEDAREASOLID(#1304,#1306,#1307,0.3);
#1309=IFCCARTESIANPOINT((0.,0.));
#1310=IFCDIRECTION((-0.05240783382526791,0.9986257652162511));
#1311=IFCAXIS2PLACEMENT2D(#1309,#1310);
#1312=IFCRECTANGLEPROFILEDEF(.AREA.,$,#1311,0.12,6.2316711805687);
#1313=IFCCARTESIANPOINT((-1.0058133244899519,35.6716571110058,4.08));
#1314=IFCAXIS2PLACEMENT3D(#1313,$,$);
#1315=IFCDIRECTION((0.,0.,1.));
#1316=IFCEXTRUDEDAREASOLID(#1312,#1314,#1315,0.3);
#1317=IFCCARTESIANPOINT((0.,0.));
#1318=IFCDIRECTION((-0.05240783382526791,0.9986257652162511));
#1319=IFCAXIS2PLACEMENT2D(#1317,#1318);
#1320=IFCRECTANGLEPROFILEDEF(.AREA.,$,#1319,0.12,6.2316711805687);
#1321=IFCCARTESIANPOINT((-1.0844250752278537,37.16959575883018,4.08));
#1322=IFCAXIS2PLACEMENT3D(#1321,$,$);
#1323=IFCDIRECTION((0.,0.,1.));
#1324=IFCEXTRUDEDAREASOLID(#1320,#1322,#1323,0.3);
#1325=IFCCARTESIANPOINT((0.,0.));
#1326=IFCDIRECTION((-0.05240783382526791,0.9986257652162511));
#1327=IFCAXIS2PLACEMENT2D(#1325,#1326);
#1328=IFCRECTANGLEPROFILEDEF(.AREA.,$,#1327,0.12,6.2316711805687);
#1329=IFCCARTESIANPOINT((-1.1630368259657555,38.66753440665455,4.08));
#1330=IFCAXIS2PLACEMENT3D(#1329,$,$);
#1331=IFCDIRECTION((0.,0.,1.));
#1332=IFCEXTRUDEDAREASOLID(#1328,#1330,#1331,0.3);
#1333=IFCCARTESIANPOINT((0.,0.));
#1334=IFCDIRECTION((-0.05240783382526791,0.9986257652162511));
#1335=IFCAXIS2PLACEMENT2D(#1333,#1334);
#1336=IFCRECTANGLEPROFILEDEF(.AREA.,$,#1335,0.12,6.2316711805687);
#1337=IFCCARTESIANPOINT((-1.2416485767036576,40.16547305447893,4.08));
#1338=IFCAXIS2PLACEMENT3D(#1337,$,$);
#1339=IFCDIRECTION((0.,0.,1.));
#1340=IFCEXTRUDEDAREASOLID(#1336,#1338,#1339,0.3);
#1341=IFCCARTESIANPOINT((0.,0.));
#1342=IFCDIRECTION((-0.05240783382526791,0.9986257652162511));
#1343=IFCAXIS2PLACEMENT2D(#1341,#1342);
#1344=IFCRECTANGLEPROFILEDEF(.AREA.,$,#1343,0.12,6.2316711805687);
#1345=IFCCARTESIANPOINT((-1.3202603274415594,41.66341170230331,4.08));
#1346=IFCAXIS2PLACEMENT3D(#1345,$,$);
#1347=IFCDIRECTION((0.,0.,1.));
#1348=IFCEXTRUDEDAREASOLID(#1344,#1346,#1347,0.3);
#1349=IFCCARTESIANPOINT((0.,0.));
#1350=IFCDIRECTION((-0.05240783382526791,0.9986257652162511));
#1351=IFCAXIS2PLACEMENT2D(#1349,#1350);
#1352=IFCRECTANGLEPROFILEDEF(.AREA.,$,#1351,0.12,6.2316711805687);
#1353=IFCCARTESIANPOINT((-1.3988720781794612,43.161350350127684,4.08));
#1354=IFCAXIS2PLACEMENT3D(#1353,$,$);
#1355=IFCDIRECTION((0.,0.,1.));
#1356=IFCEXTRUDEDAREASOLID(#1352,#1354,#1355,0.3);
#1357=IFCSTYLEDITEM(#948,(#63),$);
#1358=IFCSTYLEDITEM(#956,(#63),$);
#1359=IFCSTYLEDITEM(#964,(#63),$);
#1360=IFCSTYLEDITEM(#972,(#63),$);
#1361=IFCSTYLEDITEM(#980,(#63),$);
#1362=IFCSTYLEDITEM(#988,(#63),$);
#1363=IFCSTYLEDITEM(#996,(#63),$);
#1364=IFCSTYLEDITEM(#1004,(#63),$);
#1365=IFCSTYLEDITEM(#1012,(#63),$);
#1366=IFCSTYLEDITEM(#1020,(#63),$);
#1367=IFCSTYLEDITEM(#1028,(#63),$);
#1368=IFCSTYLEDITEM(#1036,(#63),$);
#1369=IFCSTYLEDITEM(#1044,(#63),$);
#1370=IFCSTYLEDITEM(#1052,(#63),$);
#1371=IFCSTYLEDITEM(#1060,(#63),$);
#1372=IFCSTYLEDITEM(#1068,(#63),$);
#1373=IFCSTYLEDITEM(#1076,(#63),$);
#1374=IFCSTYLEDITEM(#1084,(#63),$);
#1375=IFCSTYLEDITEM(#1092,(#63),$);
#1376=IFCSTYLEDITEM(#1100,(#63),$);
#1377=IFCSTYLEDITEM(#1108,(#63),$);
#1378=IFCSTYLEDITEM(#1116,(#63),$);
#1379=IFCSTYLEDITEM(#1124,(#63),$);
#1380=IFCSTYLEDITEM(#1132,(#63),$);
#1381=IFCSTYLEDITEM(#1140,(#63),$);
#1382=IFCSTYLEDITEM(#1148,(#63),$);
#1383=IFCSTYLEDITEM(#1156,(#63),$);
#1384=IFCSTYLEDITEM(#1164,(#63),$);
#1385=IFCSTYLEDITEM(#1172,(#63),$);
#1386=IFCSTYLEDITEM(#1180,(#63),$);
#1387=IFCSTYLEDITEM(#1188,(#63),$);
#1388=IFCSTYLEDITEM(#1196,(#63),$);
#1389=IFCSTYLEDITEM(#1204,(#63),$);
#1390=IFCSTYLEDITEM(#1212,(#63),$);
#1391=IFCSTYLEDITEM(#1220,(#63),$);
#1392=IFCSTYLEDITEM(#1228,(#63),$);
#1393=IFCSTYLEDITEM(#1236,(#63),$);
#1394=IFCSTYLEDITEM(#1244,(#63),$);
#1395=IFCSTYLEDITEM(#1252,(#63),$);
#1396=IFCSTYLEDITEM(#1260,(#63),$);
#1397=IFCSTYLEDITEM(#1268,(#63),$);
#1398=IFCSTYLEDITEM(#1276,(#63),$);
#1399=IFCSTYLEDITEM(#1284,(#63),$);
#1400=IFCSTYLEDITEM(#1292,(#63),$);
#1401=IFCSTYLEDITEM(#1300,(#63),$);
#1402=IFCSTYLEDITEM(#1308,(#63),$);
#1403=IFCSTYLEDITEM(#1316,(#63),$);
#1404=IFCSTYLEDITEM(#1324,(#63),$);
#1405=IFCSTYLEDITEM(#1332,(#63),$);
#1406=IFCSTYLEDITEM(#1340,(#63),$);
#1407=IFCSTYLEDITEM(#1348,(#63),$);
#1408=IFCSTYLEDITEM(#1356,(#63),$);
#1409=IFCSHAPEREPRESENTATION(#16,'Body','SweptSolid',(#948,#956,#964,#972,#980,#988,#996,#1004,#1012,#1020,#1028,#1036,#1044,#1052,#1060,#1068,#1076,#1084,#1092,#1100,#1108,#1116,#1124,#1132,#1140,#1148,#1156,#1164,#1172,#1180,#1188,#1196,#1204,#1212,#1220,#1228,#1236,#1244,#1252,#1260,#1268,#1276,#1284,#1292,#1300,#1308,#1316,#1324,#1332,#1340,#1348,#1356));
#1410=IFCPRODUCTDEFINITIONSHAPE($,$,(#1409));
#1411=IFCLOCALPLACEMENT(#23,#13);
#1412=IFCBEAM('0q7qf36ef3BeZME33UAhLN',#5,'Canopy steel frame',$,'Edge beams, spine, transverse beams',#1411,#1410,'EL-BEA-001',.BEAM.);
#1413=IFCRELASSOCIATESMATERIAL('1n6BH6oRHE3fotoflBl_ya',#5,$,$,(#1412),#64);
#1414=IFCPROPERTYSINGLEVALUE('Reference',$,IFCLABEL('Edge beams, spine, transverse beams'),$);
#1415=IFCPROPERTYSINGLEVALUE('IsExternal',$,IFCBOOLEAN(.T.),$);
#1416=IFCPROPERTYSINGLEVALUE('LoadBearing',$,IFCBOOLEAN(.T.),$);
#1417=IFCPROPERTYSINGLEVALUE('Status',$,IFCLABEL('EXISTING'),$);
#1418=IFCPROPERTYSET('2gx_Ojj1TFTxTn7Ku2kdYF',#5,'Pset_BeamCommon',$,(#1414,#1415,#1416,#1417));
#1419=IFCRELDEFINESBYPROPERTIES('3bAW_Uq$LEWRjrcxprr9AQ',#5,$,$,(#1412),#1418);
#1420=IFCPROPERTYSINGLEVALUE('Material',$,IFCLABEL('Dark grey painted steel'),$);
#1421=IFCPROPERTYSINGLEVALUE('Category',$,IFCLABEL('Metal'),$);
#1422=IFCPROPERTYSINGLEVALUE('Description',$,IFCLABEL('Canopy structure, poles, kiosks'),$);
#1423=IFCPROPERTYSINGLEVALUE('MassDensity_kg_m3',$,IFCREAL(7850.),$);
#1424=IFCPROPERTYSET('3o7mL5nbD2ouZ$sHcnntPf',#5,'Pset_CDE_Material',$,(#1420,#1421,#1422,#1423));
#1425=IFCRELDEFINESBYPROPERTIES('0Brt_V_S11yeOKl0eaFnle',#5,$,$,(#1412),#1424);
#1426=IFCPROPERTYSINGLEVALUE('GeometrySource',$,IFCLABEL('Photographs: transverse beams every 1.5 m (estimated)'),$);
#1427=IFCPROPERTYSINGLEVALUE('Confidence',$,IFCLABEL('Low'),$);
#1428=IFCPROPERTYSINGLEVALUE('Reference',$,IFCLABEL('PHOTO'),$);
#1429=IFCPROPERTYSET('1lEZ3t42DF8uZ4ZyHmRDuP',#5,'Pset_CDE_Provenance',$,(#1426,#1427,#1428));
#1430=IFCRELDEFINESBYPROPERTIES('3OQc7Ku8bF4eryblL7fNv3',#5,$,$,(#1412),#1429);
#1431=IFCPROPERTYSINGLEVALUE('AssetClass',$,IFCLABEL('Structure > Steel'),$);
#1432=IFCPROPERTYSINGLEVALUE('InspectionInterval_months',$,IFCINTEGER(24),$);
#1433=IFCPROPERTYSINGLEVALUE('DesignServiceLife_years',$,IFCINTEGER(50),$);
#1434=IFCPROPERTYSINGLEVALUE('Criticality',$,IFCLABEL('High'),$);
#1435=IFCPROPERTYSINGLEVALUE('DataStatus',$,IFCLABEL('Demo values \X2\2014\X0\ to be replaced with the owner''s asset register'),$);
#1436=IFCPROPERTYSET('2tZ9c11ob5su_avP8He5KW',#5,'Pset_CDE_AssetManagement (demo)',$,(#1431,#1432,#1433,#1434,#1435));
#1437=IFCRELDEFINESBYPROPERTIES('15nYxrSlP4X83b_0vGMLYH',#5,$,$,(#1412),#1436);
#1438=IFCCARTESIANPOINT((0.,0.));
#1439=IFCDIRECTION((-0.05240783382526791,0.9986257652162511));
#1440=IFCAXIS2PLACEMENT2D(#1438,#1439);
#1441=IFCRECTANGLEPROFILEDEF(.AREA.,$,#1440,0.2,0.2);
#1442=IFCCARTESIANPOINT((2.358642065627314,-22.331729341234297,0.));
#1443=IFCAXIS2PLACEMENT3D(#1442,$,$);
#1444=IFCDIRECTION((0.,0.,1.));
#1445=IFCEXTRUDEDAREASOLID(#1441,#1443,#1444,7.4);
#1446=IFCCARTESIANPOINT((0.,0.));
#1447=IFCDIRECTION((-0.05240783382526791,0.9986257652162511));
#1448=IFCAXIS2PLACEMENT2D(#1446,#1447);
#1449=IFCRECTANGLEPROFILEDEF(.AREA.,$,#1448,0.2,0.2);
#1450=IFCCARTESIANPOINT((1.719521575888913,-22.365270354882465,0.));
#1451=IFCAXIS2PLACEMENT3D(#1450,$,$);
#1452=IFCDIRECTION((0.,0.,1.));
#1453=IFCEXTRUDEDAREASOLID(#1449,#1451,#1452,7.4);
#1454=IFCCARTESIANPOINT((0.,0.));
#1455=IFCDIRECTION((1.,0.));
#1456=IFCAXIS2PLACEMENT2D(#1454,#1455);
#1457=IFCCIRCLEPROFILEDEF(.AREA.,$,#1456,0.025);
#1458=IFCCARTESIANPOINT((2.0390818207581134,-22.34849984805838,7.3));
#1459=IFCDIRECTION((0.5101402572705035,-0.7153158988618774,-0.4775773055196498));
#1460=IFCDIRECTION((1.,0.,0.));
#1461=IFCAXIS2PLACEMENT3D(#1458,#1459,#1460);
#1462=IFCDIRECTION((0.,0.,1.));
#1463=IFCEXTRUDEDAREASOLID(#1457,#1461,#1462,6.072315343469939);
#1464=IFCCARTESIANPOINT((0.,0.));
#1465=IFCDIRECTION((1.,0.));
#1466=IFCAXIS2PLACEMENT2D(#1464,#1465);
#1467=IFCCIRCLEPROFILEDEF(.AREA.,$,#1466,0.025);
#1468=IFCCARTESIANPOINT((2.0390818207581134,-22.34849984805838,7.3));
#1469=IFCDIRECTION((-0.4324646956851459,-0.7647837630589088,-0.4775773055196497));
#1470=IFCDIRECTION((1.,0.,0.));
#1471=IFCAXIS2PLACEMENT3D(#1468,#1469,#1470);
#1472=IFCDIRECTION((0.,0.,1.));
#1473=IFCEXTRUDEDAREASOLID(#1467,#1471,#1472,6.07231534346994);
#1474=IFCCARTESIANPOINT((0.,0.));
#1475=IFCDIRECTION((1.,0.));
#1476=IFCAXIS2PLACEMENT2D(#1474,#1475);
#1477=IFCCIRCLEPROFILEDEF(.AREA.,$,#1476,0.025);
#1478=IFCCARTESIANPOINT((2.0390818207581134,-22.34849984805838,7.3));
#1479=IFCDIRECTION((0.43246469568514595,0.7647837630589088,-0.4775773055196497));
#1480=IFCDIRECTION((1.,0.,0.));
#1481=IFCAXIS2PLACEMENT3D(#1478,#1479,#1480);
#1482=IFCDIRECTION((0.,0.,1.));
#1483=IFCEXTRUDEDAREASOLID(#1477,#1481,#1482,6.07231534346994);
#1484=IFCCARTESIANPOINT((0.,0.));
#1485=IFCDIRECTION((1.,0.));
#1486=IFCAXIS2PLACEMENT2D(#1484,#1485);
#1487=IFCCIRCLEPROFILEDEF(.AREA.,$,#1486,0.025);
#1488=IFCCARTESIANPOINT((2.0390818207581134,-22.34849984805838,7.3));
#1489=IFCDIRECTION((-0.5101402572705035,0.7153158988618774,-0.4775773055196498));
#1490=IFCDIRECTION((1.,0.,0.));
#1491=IFCAXIS2PLACEMENT3D(#1488,#1489,#1490);
#1492=IFCDIRECTION((0.,0.,1.));
#1493=IFCEXTRUDEDAREASOLID(#1487,#1491,#1492,6.072315343469939);
#1494=IFCCARTESIANPOINT((0.,0.));
#1495=IFCDIRECTION((-0.05240783382526791,0.9986257652162511));
#1496=IFCAXIS2PLACEMENT2D(#1494,#1495);
#1497=IFCRECTANGLEPROFILEDEF(.AREA.,$,#1496,0.5,0.9);
#1498=IFCCARTESIANPOINT((2.0390818207581134,-22.34849984805838,7.1));
#1499=IFCAXIS2PLACEMENT3D(#1498,$,$);
#1500=IFCDIRECTION((0.,0.,1.));
#1501=IFCEXTRUDEDAREASOLID(#1497,#1499,#1500,0.3);
#1502=IFCCARTESIANPOINT((0.,0.));
#1503=IFCDIRECTION((-0.05240783382526791,0.9986257652162511));
#1504=IFCAXIS2PLACEMENT2D(#1502,#1503);
#1505=IFCRECTANGLEPROFILEDEF(.AREA.,$,#1504,0.2,0.2);
#1506=IFCCARTESIANPOINT((1.7297480597240988,-10.348220158639284,0.));
#1507=IFCAXIS2PLACEMENT3D(#1506,$,$);
#1508=IFCDIRECTION((0.,0.,1.));
#1509=IFCEXTRUDEDAREASOLID(#1505,#1507,#1508,7.4);
#1510=IFCCARTESIANPOINT((0.,0.));
#1511=IFCDIRECTION((-0.05240783382526791,0.9986257652162511));
#1512=IFCAXIS2PLACEMENT2D(#1510,#1511);
#1513=IFCRECTANGLEPROFILEDEF(.AREA.,$,#1512,0.2,0.2);
#1514=IFCCARTESIANPOINT((1.0906275699856982,-10.381761172287456,0.));
#1515=IFCAXIS2PLACEMENT3D(#1514,$,$);
#1516=IFCDIRECTION((0.,0.,1.));
#1517=IFCEXTRUDEDAREASOLID(#1513,#1515,#1516,7.4);
#1518=IFCCARTESIANPOINT((0.,0.));
#1519=IFCDIRECTION((1.,0.));
#1520=IFCAXIS2PLACEMENT2D(#1518,#1519);
#1521=IFCCIRCLEPROFILEDEF(.AREA.,$,#1520,0.025);
#1522=IFCCARTESIANPOINT((1.4101878148548985,-10.36499066546337,7.3));
#1523=IFCDIRECTION((0.5101402572705037,-0.7153158988618771,-0.47757730551964994));
#1524=IFCDIRECTION((1.,0.,0.));
#1525=IFCAXIS2PLACEMENT3D(#1522,#1523,#1524);
#1526=IFCDIRECTION((0.,0.,1.));
#1527=IFCEXTRUDEDAREASOLID(#1521,#1525,#1526,6.0723153434699375);
#1528=IFCCARTESIANPOINT((0.,0.));
#1529=IFCDIRECTION((1.,0.));
#1530=IFCAXIS2PLACEMENT2D(#1528,#1529);
#1531=IFCCIRCLEPROFILEDEF(.AREA.,$,#1530,0.025);
#1532=IFCCARTESIANPOINT((1.4101878148548985,-10.36499066546337,7.3));
#1533=IFCDIRECTION((-0.43246469568514617,-0.7647837630589086,-0.47757730551964994));
#1534=IFCDIRECTION((1.,0.,0.));
#1535=IFCAXIS2PLACEMENT3D(#1532,#1533,#1534);
#1536=IFCDIRECTION((0.,0.,1.));
#1537=IFCEXTRUDEDAREASOLID(#1531,#1535,#1536,6.0723153434699375);
#1538=IFCCARTESIANPOINT((0.,0.));
#1539=IFCDIRECTION((1.,0.));
#1540=IFCAXIS2PLACEMENT2D(#1538,#1539);
#1541=IFCCIRCLEPROFILEDEF(.AREA.,$,#1540,0.025);
#1542=IFCCARTESIANPOINT((1.4101878148548985,-10.36499066546337,7.3));
#1543=IFCDIRECTION((0.4324646956851459,0.7647837630589088,-0.4775773055196498));
#1544=IFCDIRECTION((1.,0.,0.));
#1545=IFCAXIS2PLACEMENT3D(#1542,#1543,#1544);
#1546=IFCDIRECTION((0.,0.,1.));
#1547=IFCEXTRUDEDAREASOLID(#1541,#1545,#1546,6.072315343469939);
#1548=IFCCARTESIANPOINT((0.,0.));
#1549=IFCDIRECTION((1.,0.));
#1550=IFCAXIS2PLACEMENT2D(#1548,#1549);
#1551=IFCCIRCLEPROFILEDEF(.AREA.,$,#1550,0.025);
#1552=IFCCARTESIANPOINT((1.4101878148548985,-10.36499066546337,7.3));
#1553=IFCDIRECTION((-0.5101402572705035,0.7153158988618773,-0.4775773055196498));
#1554=IFCDIRECTION((1.,0.,0.));
#1555=IFCAXIS2PLACEMENT3D(#1552,#1553,#1554);
#1556=IFCDIRECTION((0.,0.,1.));
#1557=IFCEXTRUDEDAREASOLID(#1551,#1555,#1556,6.072315343469939);
#1558=IFCCARTESIANPOINT((0.,0.));
#1559=IFCDIRECTION((-0.05240783382526791,0.9986257652162511));
#1560=IFCAXIS2PLACEMENT2D(#1558,#1559);
#1561=IFCRECTANGLEPROFILEDEF(.AREA.,$,#1560,0.5,0.9);
#1562=IFCCARTESIANPOINT((1.4101878148548985,-10.36499066546337,7.1));
#1563=IFCAXIS2PLACEMENT3D(#1562,$,$);
#1564=IFCDIRECTION((0.,0.,1.));
#1565=IFCEXTRUDEDAREASOLID(#1561,#1563,#1564,0.3);
#1566=IFCCARTESIANPOINT((0.,0.));
#1567=IFCDIRECTION((-0.05240783382526791,0.9986257652162511));
#1568=IFCAXIS2PLACEMENT2D(#1566,#1567);
#1569=IFCRECTANGLEPROFILEDEF(.AREA.,$,#1568,0.2,0.2);
#1570=IFCCARTESIANPOINT((1.100854053820884,1.635289023955728,0.));
#1571=IFCAXIS2PLACEMENT3D(#1570,$,$);
#1572=IFCDIRECTION((0.,0.,1.));
#1573=IFCEXTRUDEDAREASOLID(#1569,#1571,#1572,7.4);
#1574=IFCCARTESIANPOINT((0.,0.));
#1575=IFCDIRECTION((-0.05240783382526791,0.9986257652162511));
#1576=IFCAXIS2PLACEMENT2D(#1574,#1575);
#1577=IFCRECTANGLEPROFILEDEF(.AREA.,$,#1576,0.2,0.2);
#1578=IFCCARTESIANPOINT((0.46173356408248334,1.6017480103075565,0.));
#1579=IFCAXIS2PLACEMENT3D(#1578,$,$);
#1580=IFCDIRECTION((0.,0.,1.));
#1581=IFCEXTRUDEDAREASOLID(#1577,#1579,#1580,7.4);
#1582=IFCCARTESIANPOINT((0.,0.));
#1583=IFCDIRECTION((1.,0.));
#1584=IFCAXIS2PLACEMENT2D(#1582,#1583);
#1585=IFCCIRCLEPROFILEDEF(.AREA.,$,#1584,0.025);
#1586=IFCCARTESIANPOINT((0.7812938089516837,1.6185185171316423,7.3));
#1587=IFCDIRECTION((0.5101402572705036,-0.7153158988618773,-0.4775773055196498));
#1588=IFCDIRECTION((1.,0.,0.));
#1589=IFCAXIS2PLACEMENT3D(#1586,#1587,#1588);
#1590=IFCDIRECTION((0.,0.,1.));
#1591=IFCEXTRUDEDAREASOLID(#1585,#1589,#1590,6.072315343469939);
#1592=IFCCARTESIANPOINT((0.,0.));
#1593=IFCDIRECTION((1.,0.));
#1594=IFCAXIS2PLACEMENT2D(#1592,#1593);
#1595=IFCCIRCLEPROFILEDEF(.AREA.,$,#1594,0.025);
#1596=IFCCARTESIANPOINT((0.7812938089516837,1.6185185171316423,7.3));
#1597=IFCDIRECTION((-0.43246469568514595,-0.7647837630589088,-0.4775773055196498));
#1598=IFCDIRECTION((1.,0.,0.));
#1599=IFCAXIS2PLACEMENT3D(#1596,#1597,#1598);
#1600=IFCDIRECTION((0.,0.,1.));
#1601=IFCEXTRUDEDAREASOLID(#1595,#1599,#1600,6.072315343469939);
#1602=IFCCARTESIANPOINT((0.,0.));
#1603=IFCDIRECTION((1.,0.));
#1604=IFCAXIS2PLACEMENT2D(#1602,#1603);
#1605=IFCCIRCLEPROFILEDEF(.AREA.,$,#1604,0.025);
#1606=IFCCARTESIANPOINT((0.7812938089516837,1.6185185171316423,7.3));
#1607=IFCDIRECTION((0.43246469568514595,0.7647837630589088,-0.4775773055196498));
#1608=IFCDIRECTION((1.,0.,0.));
#1609=IFCAXIS2PLACEMENT3D(#1606,#1607,#1608);
#1610=IFCDIRECTION((0.,0.,1.));
#1611=IFCEXTRUDEDAREASOLID(#1605,#1609,#1610,6.072315343469939);
#1612=IFCCARTESIANPOINT((0.,0.));
#1613=IFCDIRECTION((1.,0.));
#1614=IFCAXIS2PLACEMENT2D(#1612,#1613);
#1615=IFCCIRCLEPROFILEDEF(.AREA.,$,#1614,0.025);
#1616=IFCCARTESIANPOINT((0.7812938089516837,1.6185185171316423,7.3));
#1617=IFCDIRECTION((-0.5101402572705036,0.7153158988618773,-0.4775773055196498));
#1618=IFCDIRECTION((1.,0.,0.));
#1619=IFCAXIS2PLACEMENT3D(#1616,#1617,#1618);
#1620=IFCDIRECTION((0.,0.,1.));
#1621=IFCEXTRUDEDAREASOLID(#1615,#1619,#1620,6.072315343469939);
#1622=IFCCARTESIANPOINT((0.,0.));
#1623=IFCDIRECTION((-0.05240783382526791,0.9986257652162511));
#1624=IFCAXIS2PLACEMENT2D(#1622,#1623);
#1625=IFCRECTANGLEPROFILEDEF(.AREA.,$,#1624,0.5,0.9);
#1626=IFCCARTESIANPOINT((0.7812938089516837,1.6185185171316423,7.1));
#1627=IFCAXIS2PLACEMENT3D(#1626,$,$);
#1628=IFCDIRECTION((0.,0.,1.));
#1629=IFCEXTRUDEDAREASOLID(#1625,#1627,#1628,0.3);
#1630=IFCCARTESIANPOINT((0.,0.));
#1631=IFCDIRECTION((-0.05240783382526791,0.9986257652162511));
#1632=IFCAXIS2PLACEMENT2D(#1630,#1631);
#1633=IFCRECTANGLEPROFILEDEF(.AREA.,$,#1632,0.2,0.2);
#1634=IFCCARTESIANPOINT((0.4719600479176692,13.618798206550741,0.));
#1635=IFCAXIS2PLACEMENT3D(#1634,$,$);
#1636=IFCDIRECTION((0.,0.,1.));
#1637=IFCEXTRUDEDAREASOLID(#1633,#1635,#1636,7.4);
#1638=IFCCARTESIANPOINT((0.,0.));
#1639=IFCDIRECTION((-0.05240783382526791,0.9986257652162511));
#1640=IFCAXIS2PLACEMENT2D(#1638,#1639);
#1641=IFCRECTANGLEPROFILEDEF(.AREA.,$,#1640,0.2,0.2);
#1642=IFCCARTESIANPOINT((-0.16716044182073142,13.585257192902569,0.));
#1643=IFCAXIS2PLACEMENT3D(#1642,$,$);
#1644=IFCDIRECTION((0.,0.,1.));
#1645=IFCEXTRUDEDAREASOLID(#1641,#1643,#1644,7.4);
#1646=IFCCARTESIANPOINT((0.,0.));
#1647=IFCDIRECTION((1.,0.));
#1648=IFCAXIS2PLACEMENT2D(#1646,#1647);
#1649=IFCCIRCLEPROFILEDEF(.AREA.,$,#1648,0.025);
#1650=IFCCARTESIANPOINT((0.1523998030484689,13.602027699726655,7.3));
#1651=IFCDIRECTION((0.5101402572705035,-0.7153158988618774,-0.4775773055196498));
#1652=IFCDIRECTION((1.,0.,0.));
#1653=IFCAXIS2PLACEMENT3D(#1650,#1651,#1652);
#1654=IFCDIRECTION((0.,0.,1.));
#1655=IFCEXTRUDEDAREASOLID(#1649,#1653,#1654,6.072315343469939);
#1656=IFCCARTESIANPOINT((0.,0.));
#1657=IFCDIRECTION((1.,0.));
#1658=IFCAXIS2PLACEMENT2D(#1656,#1657);
#1659=IFCCIRCLEPROFILEDEF(.AREA.,$,#1658,0.025);
#1660=IFCCARTESIANPOINT((0.1523998030484689,13.602027699726655,7.3));
#1661=IFCDIRECTION((-0.43246469568514595,-0.7647837630589088,-0.4775773055196497));
#1662=IFCDIRECTION((1.,0.,0.));
#1663=IFCAXIS2PLACEMENT3D(#1660,#1661,#1662);
#1664=IFCDIRECTION((0.,0.,1.));
#1665=IFCEXTRUDEDAREASOLID(#1659,#1663,#1664,6.07231534346994);
#1666=IFCCARTESIANPOINT((0.,0.));
#1667=IFCDIRECTION((1.,0.));
#1668=IFCAXIS2PLACEMENT2D(#1666,#1667);
#1669=IFCCIRCLEPROFILEDEF(.AREA.,$,#1668,0.025);
#1670=IFCCARTESIANPOINT((0.1523998030484689,13.602027699726655,7.3));
#1671=IFCDIRECTION((0.4324646956851459,0.7647837630589088,-0.4775773055196497));
#1672=IFCDIRECTION((1.,0.,0.));
#1673=IFCAXIS2PLACEMENT3D(#1670,#1671,#1672);
#1674=IFCDIRECTION((0.,0.,1.));
#1675=IFCEXTRUDEDAREASOLID(#1669,#1673,#1674,6.07231534346994);
#1676=IFCCARTESIANPOINT((0.,0.));
#1677=IFCDIRECTION((1.,0.));
#1678=IFCAXIS2PLACEMENT2D(#1676,#1677);
#1679=IFCCIRCLEPROFILEDEF(.AREA.,$,#1678,0.025);
#1680=IFCCARTESIANPOINT((0.1523998030484689,13.602027699726655,7.3));
#1681=IFCDIRECTION((-0.5101402572705035,0.7153158988618773,-0.4775773055196497));
#1682=IFCDIRECTION((1.,0.,0.));
#1683=IFCAXIS2PLACEMENT3D(#1680,#1681,#1682);
#1684=IFCDIRECTION((0.,0.,1.));
#1685=IFCEXTRUDEDAREASOLID(#1679,#1683,#1684,6.07231534346994);
#1686=IFCCARTESIANPOINT((0.,0.));
#1687=IFCDIRECTION((-0.05240783382526791,0.9986257652162511));
#1688=IFCAXIS2PLACEMENT2D(#1686,#1687);
#1689=IFCRECTANGLEPROFILEDEF(.AREA.,$,#1688,0.5,0.9);
#1690=IFCCARTESIANPOINT((0.1523998030484689,13.602027699726655,7.1));
#1691=IFCAXIS2PLACEMENT3D(#1690,$,$);
#1692=IFCDIRECTION((0.,0.,1.));
#1693=IFCEXTRUDEDAREASOLID(#1689,#1691,#1692,0.3);
#1694=IFCCARTESIANPOINT((0.,0.));
#1695=IFCDIRECTION((-0.05240783382526791,0.9986257652162511));
#1696=IFCAXIS2PLACEMENT2D(#1694,#1695);
#1697=IFCRECTANGLEPROFILEDEF(.AREA.,$,#1696,0.2,0.2);
#1698=IFCCARTESIANPOINT((-0.1569339579855456,25.60230738914575,0.));
#1699=IFCAXIS2PLACEMENT3D(#1698,$,$);
#1700=IFCDIRECTION((0.,0.,1.));
#1701=IFCEXTRUDEDAREASOLID(#1697,#1699,#1700,7.4);
#1702=IFCCARTESIANPOINT((0.,0.));
#1703=IFCDIRECTION((-0.05240783382526791,0.9986257652162511));
#1704=IFCAXIS2PLACEMENT2D(#1702,#1703);
#1705=IFCRECTANGLEPROFILEDEF(.AREA.,$,#1704,0.2,0.2);
#1706=IFCCARTESIANPOINT((-0.7960544477239462,25.56876637549758,0.));
#1707=IFCAXIS2PLACEMENT3D(#1706,$,$);
#1708=IFCDIRECTION((0.,0.,1.));
#1709=IFCEXTRUDEDAREASOLID(#1705,#1707,#1708,7.4);
#1710=IFCCARTESIANPOINT((0.,0.));
#1711=IFCDIRECTION((1.,0.));
#1712=IFCAXIS2PLACEMENT2D(#1710,#1711);
#1713=IFCCIRCLEPROFILEDEF(.AREA.,$,#1712,0.025);
#1714=IFCCARTESIANPOINT((-0.4764942028547459,25.585536882321666,7.3));
#1715=IFCDIRECTION((0.5101402572705035,-0.7153158988618773,-0.4775773055196497));
#1716=IFCDIRECTION((1.,0.,0.));
#1717=IFCAXIS2PLACEMENT3D(#1714,#1715,#1716);
#1718=IFCDIRECTION((0.,0.,1.));
#1719=IFCEXTRUDEDAREASOLID(#1713,#1717,#1718,6.07231534346994);
#1720=IFCCARTESIANPOINT((0.,0.));
#1721=IFCDIRECTION((1.,0.));
#1722=IFCAXIS2PLACEMENT2D(#1720,#1721);
#1723=IFCCIRCLEPROFILEDEF(.AREA.,$,#1722,0.025);
#1724=IFCCARTESIANPOINT((-0.4764942028547459,25.585536882321666,7.3));
#1725=IFCDIRECTION((-0.4324646956851459,-0.7647837630589088,-0.4775773055196497));
#1726=IFCDIRECTION((1.,0.,0.));
#1727=IFCAXIS2PLACEMENT3D(#1724,#1725,#1726);
#1728=IFCDIRECTION((0.,0.,1.));
#1729=IFCEXTRUDEDAREASOLID(#1723,#1727,#1728,6.07231534346994);
#1730=IFCCARTESIANPOINT((0.,0.));
#1731=IFCDIRECTION((1.,0.));
#1732=IFCAXIS2PLACEMENT2D(#1730,#1731);
#1733=IFCCIRCLEPROFILEDEF(.AREA.,$,#1732,0.025);
#1734=IFCCARTESIANPOINT((-0.4764942028547459,25.585536882321666,7.3));
#1735=IFCDIRECTION((0.43246469568514595,0.7647837630589088,-0.4775773055196497));
#1736=IFCDIRECTION((1.,0.,0.));
#1737=IFCAXIS2PLACEMENT3D(#1734,#1735,#1736);
#1738=IFCDIRECTION((0.,0.,1.));
#1739=IFCEXTRUDEDAREASOLID(#1733,#1737,#1738,6.07231534346994);
#1740=IFCCARTESIANPOINT((0.,0.));
#1741=IFCDIRECTION((1.,0.));
#1742=IFCAXIS2PLACEMENT2D(#1740,#1741);
#1743=IFCCIRCLEPROFILEDEF(.AREA.,$,#1742,0.025);
#1744=IFCCARTESIANPOINT((-0.4764942028547459,25.585536882321666,7.3));
#1745=IFCDIRECTION((-0.5101402572705035,0.7153158988618774,-0.4775773055196498));
#1746=IFCDIRECTION((1.,0.,0.));
#1747=IFCAXIS2PLACEMENT3D(#1744,#1745,#1746);
#1748=IFCDIRECTION((0.,0.,1.));
#1749=IFCEXTRUDEDAREASOLID(#1743,#1747,#1748,6.072315343469939);
#1750=IFCCARTESIANPOINT((0.,0.));
#1751=IFCDIRECTION((-0.05240783382526791,0.9986257652162511));
#1752=IFCAXIS2PLACEMENT2D(#1750,#1751);
#1753=IFCRECTANGLEPROFILEDEF(.AREA.,$,#1752,0.5,0.9);
#1754=IFCCARTESIANPOINT((-0.4764942028547459,25.585536882321666,7.1));
#1755=IFCAXIS2PLACEMENT3D(#1754,$,$);
#1756=IFCDIRECTION((0.,0.,1.));
#1757=IFCEXTRUDEDAREASOLID(#1753,#1755,#1756,0.3);
#1758=IFCCARTESIANPOINT((0.,0.));
#1759=IFCDIRECTION((-0.05240783382526791,0.9986257652162511));
#1760=IFCAXIS2PLACEMENT2D(#1758,#1759);
#1761=IFCRECTANGLEPROFILEDEF(.AREA.,$,#1760,0.2,0.2);
#1762=IFCCARTESIANPOINT((-0.7858279638887606,37.585816571740764,0.));
#1763=IFCAXIS2PLACEMENT3D(#1762,$,$);
#1764=IFCDIRECTION((0.,0.,1.));
#1765=IFCEXTRUDEDAREASOLID(#1761,#1763,#1764,7.4);
#1766=IFCCARTESIANPOINT((0.,0.));
#1767=IFCDIRECTION((-0.05240783382526791,0.9986257652162511));
#1768=IFCAXIS2PLACEMENT2D(#1766,#1767);
#1769=IFCRECTANGLEPROFILEDEF(.AREA.,$,#1768,0.2,0.2);
#1770=IFCCARTESIANPOINT((-1.4249484536271613,37.55227555809259,0.));
#1771=IFCAXIS2PLACEMENT3D(#1770,$,$);
#1772=IFCDIRECTION((0.,0.,1.));
#1773=IFCEXTRUDEDAREASOLID(#1769,#1771,#1772,7.4);
#1774=IFCCARTESIANPOINT((0.,0.));
#1775=IFCDIRECTION((1.,0.));
#1776=IFCAXIS2PLACEMENT2D(#1774,#1775);
#1777=IFCCIRCLEPROFILEDEF(.AREA.,$,#1776,0.025);
#1778=IFCCARTESIANPOINT((-1.105388208757961,37.56904606491668,7.3));
#1779=IFCDIRECTION((0.5101402572705034,-0.7153158988618777,-0.4775773055196496));
#1780=IFCDIRECTION((1.,0.,0.));
#1781=IFCAXIS2PLACEMENT3D(#1778,#1779,#1780);
#1782=IFCDIRECTION((0.,0.,1.));
#1783=IFCEXTRUDEDAREASOLID(#1777,#1781,#1782,6.072315343469942);
#1784=IFCCARTESIANPOINT((0.,0.));
#1785=IFCDIRECTION((1.,0.));
#1786=IFCAXIS2PLACEMENT2D(#1784,#1785);
#1787=IFCCIRCLEPROFILEDEF(.AREA.,$,#1786,0.025);
#1788=IFCCARTESIANPOINT((-1.105388208757961,37.56904606491668,7.3));
#1789=IFCDIRECTION((-0.43246469568514617,-0.7647837630589086,-0.47757730551964994));
#1790=IFCDIRECTION((1.,0.,0.));
#1791=IFCAXIS2PLACEMENT3D(#1788,#1789,#1790);
#1792=IFCDIRECTION((0.,0.,1.));
#1793=IFCEXTRUDEDAREASOLID(#1787,#1791,#1792,6.0723153434699375);
#1794=IFCCARTESIANPOINT((0.,0.));
#1795=IFCDIRECTION((1.,0.));
#1796=IFCAXIS2PLACEMENT2D(#1794,#1795);
#1797=IFCCIRCLEPROFILEDEF(.AREA.,$,#1796,0.025);
#1798=IFCCARTESIANPOINT((-1.105388208757961,37.56904606491668,7.3));
#1799=IFCDIRECTION((0.43246469568514617,0.7647837630589086,-0.47757730551964994));
#1800=IFCDIRECTION((1.,0.,0.));
#1801=IFCAXIS2PLACEMENT3D(#1798,#1799,#1800);
#1802=IFCDIRECTION((0.,0.,1.));
#1803=IFCEXTRUDEDAREASOLID(#1797,#1801,#1802,6.0723153434699375);
#1804=IFCCARTESIANPOINT((0.,0.));
#1805=IFCDIRECTION((1.,0.));
#1806=IFCAXIS2PLACEMENT2D(#1804,#1805);
#1807=IFCCIRCLEPROFILEDEF(.AREA.,$,#1806,0.025);
#1808=IFCCARTESIANPOINT((-1.105388208757961,37.56904606491668,7.3));
#1809=IFCDIRECTION((-0.5101402572705035,0.7153158988618777,-0.4775773055196496));
#1810=IFCDIRECTION((1.,0.,0.));
#1811=IFCAXIS2PLACEMENT3D(#1808,#1809,#1810);
#1812=IFCDIRECTION((0.,0.,1.));
#1813=IFCEXTRUDEDAREASOLID(#1807,#1811,#1812,6.072315343469942);
#1814=IFCCARTESIANPOINT((0.,0.));
#1815=IFCDIRECTION((-0.05240783382526791,0.9986257652162511));
#1816=IFCAXIS2PLACEMENT2D(#1814,#1815);
#1817=IFCRECTANGLEPROFILEDEF(.AREA.,$,#1816,0.5,0.9);
#1818=IFCCARTESIANPOINT((-1.105388208757961,37.56904606491668,7.1));
#1819=IFCAXIS2PLACEMENT3D(#1818,$,$);
#1820=IFCDIRECTION((0.,0.,1.));
#1821=IFCEXTRUDEDAREASOLID(#1817,#1819,#1820,0.3);
#1822=IFCSTYLEDITEM(#1445,(#63),$);
#1823=IFCSTYLEDITEM(#1453,(#63),$);
#1824=IFCSTYLEDITEM(#1501,(#63),$);
#1825=IFCSTYLEDITEM(#1509,(#63),$);
#1826=IFCSTYLEDITEM(#1517,(#63),$);
#1827=IFCSTYLEDITEM(#1565,(#63),$);
#1828=IFCSTYLEDITEM(#1573,(#63),$);
#1829=IFCSTYLEDITEM(#1581,(#63),$);
#1830=IFCSTYLEDITEM(#1629,(#63),$);
#1831=IFCSTYLEDITEM(#1637,(#63),$);
#1832=IFCSTYLEDITEM(#1645,(#63),$);
#1833=IFCSTYLEDITEM(#1693,(#63),$);
#1834=IFCSTYLEDITEM(#1701,(#63),$);
#1835=IFCSTYLEDITEM(#1709,(#63),$);
#1836=IFCSTYLEDITEM(#1757,(#63),$);
#1837=IFCSTYLEDITEM(#1765,(#63),$);
#1838=IFCSTYLEDITEM(#1773,(#63),$);
#1839=IFCSTYLEDITEM(#1821,(#63),$);
#1840=IFCSHAPEREPRESENTATION(#16,'Body','SweptSolid',(#1445,#1453,#1501,#1509,#1517,#1565,#1573,#1581,#1629,#1637,#1645,#1693,#1701,#1709,#1757,#1765,#1773,#1821));
#1841=IFCPRODUCTDEFINITIONSHAPE($,$,(#1840));
#1842=IFCLOCALPLACEMENT(#23,#13);
#1843=IFCCOLUMN('3vtmeE8Zf2kAQLzx1ST2Kt',#5,'Canopy columns and masts',$,'Paired columns rising as masts',#1842,#1841,'EL-COL-001',.COLUMN.);
#1844=IFCRELASSOCIATESMATERIAL('0P7fg2grP48ORf4MXz3eiU',#5,$,$,(#1843),#64);
#1845=IFCPROPERTYSINGLEVALUE('Reference',$,IFCLABEL('Paired columns rising as masts'),$);
#1846=IFCPROPERTYSINGLEVALUE('IsExternal',$,IFCBOOLEAN(.T.),$);
#1847=IFCPROPERTYSINGLEVALUE('LoadBearing',$,IFCBOOLEAN(.T.),$);
#1848=IFCPROPERTYSINGLEVALUE('Status',$,IFCLABEL('EXISTING'),$);
#1849=IFCPROPERTYSET('0oq5ORYhT5AQg2wrKbVr97',#5,'Pset_ColumnCommon',$,(#1845,#1846,#1847,#1848));
#1850=IFCRELDEFINESBYPROPERTIES('229uzIp1H72gvvnjIzB3zB',#5,$,$,(#1843),#1849);
#1851=IFCPROPERTYSINGLEVALUE('Material',$,IFCLABEL('Dark grey painted steel'),$);
#1852=IFCPROPERTYSINGLEVALUE('Category',$,IFCLABEL('Metal'),$);
#1853=IFCPROPERTYSINGLEVALUE('Description',$,IFCLABEL('Canopy structure, poles, kiosks'),$);
#1854=IFCPROPERTYSINGLEVALUE('MassDensity_kg_m3',$,IFCREAL(7850.),$);
#1855=IFCPROPERTYSET('2D8zLXh$P5bhe0knje9nZQ',#5,'Pset_CDE_Material',$,(#1851,#1852,#1853,#1854));
#1856=IFCRELDEFINESBYPROPERTIES('3tE6wG5LnDOxrLQBGBlGDe',#5,$,$,(#1843),#1855);
#1857=IFCPROPERTYSINGLEVALUE('GeometrySource',$,IFCLABEL('Night photograph: masts above the roof'),$);
#1858=IFCPROPERTYSINGLEVALUE('Confidence',$,IFCLABEL('Low'),$);
#1859=IFCPROPERTYSINGLEVALUE('Reference',$,IFCLABEL('PHOTO'),$);
#1860=IFCPROPERTYSET('1i0KtqcRP1_9S7o0VYbMqn',#5,'Pset_CDE_Provenance',$,(#1857,#1858,#1859));
#1861=IFCRELDEFINESBYPROPERTIES('3WqdZCKifEtQ9O44n9PHfH',#5,$,$,(#1843),#1860);
#1862=IFCPROPERTYSINGLEVALUE('Count',$,IFCINTEGER(6),$);
#1863=IFCPROPERTYSINGLEVALUE('Spacing_m',$,IFCREAL(12.),$);
#1864=IFCPROPERTYSINGLEVALUE('MastTop_m',$,IFCREAL(7.4),$);
#1865=IFCPROPERTYSET('3JlNqsvJzFovGOvQKFYRas',#5,'Pset_CDE_Structure',$,(#1862,#1863,#1864));
#1866=IFCRELDEFINESBYPROPERTIES('2XMKOHYHL0GwkpHJjUiLeh',#5,$,$,(#1843),#1865);
#1867=IFCSTYLEDITEM(#1463,(#63),$);
#1868=IFCSTYLEDITEM(#1473,(#63),$);
#1869=IFCSTYLEDITEM(#1483,(#63),$);
#1870=IFCSTYLEDITEM(#1493,(#63),$);
#1871=IFCSTYLEDITEM(#1527,(#63),$);
#1872=IFCSTYLEDITEM(#1537,(#63),$);
#1873=IFCSTYLEDITEM(#1547,(#63),$);
#1874=IFCSTYLEDITEM(#1557,(#63),$);
#1875=IFCSTYLEDITEM(#1591,(#63),$);
#1876=IFCSTYLEDITEM(#1601,(#63),$);
#1877=IFCSTYLEDITEM(#1611,(#63),$);
#1878=IFCSTYLEDITEM(#1621,(#63),$);
#1879=IFCSTYLEDITEM(#1655,(#63),$);
#1880=IFCSTYLEDITEM(#1665,(#63),$);
#1881=IFCSTYLEDITEM(#1675,(#63),$);
#1882=IFCSTYLEDITEM(#1685,(#63),$);
#1883=IFCSTYLEDITEM(#1719,(#63),$);
#1884=IFCSTYLEDITEM(#1729,(#63),$);
#1885=IFCSTYLEDITEM(#1739,(#63),$);
#1886=IFCSTYLEDITEM(#1749,(#63),$);
#1887=IFCSTYLEDITEM(#1783,(#63),$);
#1888=IFCSTYLEDITEM(#1793,(#63),$);
#1889=IFCSTYLEDITEM(#1803,(#63),$);
#1890=IFCSTYLEDITEM(#1813,(#63),$);
#1891=IFCSHAPEREPRESENTATION(#16,'Body','SweptSolid',(#1463,#1473,#1483,#1493,#1527,#1537,#1547,#1557,#1591,#1601,#1611,#1621,#1655,#1665,#1675,#1685,#1719,#1729,#1739,#1749,#1783,#1793,#1803,#1813));
#1892=IFCPRODUCTDEFINITIONSHAPE($,$,(#1891));
#1893=IFCLOCALPLACEMENT(#23,#13);
#1894=IFCMEMBER('1A71mydML5eu2dsgTszhDx',#5,'Canopy tie rods',$,'Tie rods from mast heads',#1893,#1892,'EL-MEM-001',.USERDEFINED.);
#1895=IFCRELASSOCIATESMATERIAL('2_4$hst797EONsLjsKbTLe',#5,$,$,(#1894),#64);
#1896=IFCPROPERTYSINGLEVALUE('Reference',$,IFCLABEL('Tie rods from mast heads'),$);
#1897=IFCPROPERTYSINGLEVALUE('IsExternal',$,IFCBOOLEAN(.T.),$);
#1898=IFCPROPERTYSINGLEVALUE('Status',$,IFCLABEL('EXISTING'),$);
#1899=IFCPROPERTYSET('3oUpPT$ErEjRiOGfrwuAGP',#5,'Pset_MemberCommon',$,(#1896,#1897,#1898));
#1900=IFCRELDEFINESBYPROPERTIES('31HlQndv50juWtI5YRt5zB',#5,$,$,(#1894),#1899);
#1901=IFCPROPERTYSINGLEVALUE('Material',$,IFCLABEL('Dark grey painted steel'),$);
#1902=IFCPROPERTYSINGLEVALUE('Category',$,IFCLABEL('Metal'),$);
#1903=IFCPROPERTYSINGLEVALUE('Description',$,IFCLABEL('Canopy structure, poles, kiosks'),$);
#1904=IFCPROPERTYSINGLEVALUE('MassDensity_kg_m3',$,IFCREAL(7850.),$);
#1905=IFCPROPERTYSET('1W$kN1rFHAHh0cAvVw47yt',#5,'Pset_CDE_Material',$,(#1901,#1902,#1903,#1904));
#1906=IFCRELDEFINESBYPROPERTIES('31A7o_lTrFGP9qdBYklF_G',#5,$,$,(#1894),#1905);
#1907=IFCPROPERTYSINGLEVALUE('GeometrySource',$,IFCLABEL('Night photograph'),$);
#1908=IFCPROPERTYSINGLEVALUE('Confidence',$,IFCLABEL('Low'),$);
#1909=IFCPROPERTYSINGLEVALUE('Reference',$,IFCLABEL('PHOTO'),$);
#1910=IFCPROPERTYSET('08tGjEcGT5sgOigofw58LL',#5,'Pset_CDE_Provenance',$,(#1907,#1908,#1909));
#1911=IFCRELDEFINESBYPROPERTIES('0JY9eV$Zr7N8NOm2BIbQTc',#5,$,$,(#1894),#1910);
#1912=IFCCARTESIANPOINT((0.,0.));
#1913=IFCDIRECTION((-0.05240783382526791,0.9986257652162511));
#1914=IFCAXIS2PLACEMENT2D(#1912,#1913);
#1915=IFCRECTANGLEPROFILEDEF(.AREA.,$,#1914,1.4,0.18);
#1916=IFCCARTESIANPOINT((2.217268455764024,-25.743827449793635,3.68));
#1917=IFCAXIS2PLACEMENT3D(#1916,$,$);
#1918=IFCDIRECTION((0.,0.,1.));
#1919=IFCEXTRUDEDAREASOLID(#1915,#1917,#1918,0.08);
#1920=IFCCARTESIANPOINT((0.,0.));
#1921=IFCDIRECTION((-0.05240783382526791,0.9986257652162511));
#1922=IFCAXIS2PLACEMENT2D(#1920,#1921);
#1923=IFCRECTANGLEPROFILEDEF(.AREA.,$,#1922,1.4,0.18);
#1924=IFCCARTESIANPOINT((1.9814332035503186,-21.250011506320504,3.68));
#1925=IFCAXIS2PLACEMENT3D(#1924,$,$);
#1926=IFCDIRECTION((0.,0.,1.));
#1927=IFCEXTRUDEDAREASOLID(#1923,#1925,#1926,0.08);
#1928=IFCCARTESIANPOINT((0.,0.));
#1929=IFCDIRECTION((-0.05240783382526791,0.9986257652162511));
#1930=IFCAXIS2PLACEMENT2D(#1928,#1929);
#1931=IFCRECTANGLEPROFILEDEF(.AREA.,$,#1930,1.4,0.18);
#1932=IFCCARTESIANPOINT((1.745597951336613,-16.756195562847374,3.68));
#1933=IFCAXIS2PLACEMENT3D(#1932,$,$);
#1934=IFCDIRECTION((0.,0.,1.));
#1935=IFCEXTRUDEDAREASOLID(#1931,#1933,#1934,0.08);
#1936=IFCCARTESIANPOINT((0.,0.));
#1937=IFCDIRECTION((-0.05240783382526791,0.9986257652162511));
#1938=IFCAXIS2PLACEMENT2D(#1936,#1937);
#1939=IFCRECTANGLEPROFILEDEF(.AREA.,$,#1938,1.4,0.18);
#1940=IFCCARTESIANPOINT((1.5097626991229074,-12.262379619374244,3.68));
#1941=IFCAXIS2PLACEMENT3D(#1940,$,$);
#1942=IFCDIRECTION((0.,0.,1.));
#1943=IFCEXTRUDEDAREASOLID(#1939,#1941,#1942,0.08);
#1944=IFCCARTESIANPOINT((0.,0.));
#1945=IFCDIRECTION((-0.05240783382526791,0.9986257652162511));
#1946=IFCAXIS2PLACEMENT2D(#1944,#1945);
#1947=IFCRECTANGLEPROFILEDEF(.AREA.,$,#1946,1.4,0.18);
#1948=IFCCARTESIANPOINT((1.273927446909202,-7.768563675901116,3.68));
#1949=IFCAXIS2PLACEMENT3D(#1948,$,$);
#1950=IFCDIRECTION((0.,0.,1.));
#1951=IFCEXTRUDEDAREASOLID(#1947,#1949,#1950,0.08);
#1952=IFCCARTESIANPOINT((0.,0.));
#1953=IFCDIRECTION((-0.05240783382526791,0.9986257652162511));
#1954=IFCAXIS2PLACEMENT2D(#1952,#1953);
#1955=IFCRECTANGLEPROFILEDEF(.AREA.,$,#1954,1.4,0.18);
#1956=IFCCARTESIANPOINT((1.0380921946954964,-3.2747477324279872,3.68));
#1957=IFCAXIS2PLACEMENT3D(#1956,$,$);
#1958=IFCDIRECTION((0.,0.,1.));
#1959=IFCEXTRUDEDAREASOLID(#1955,#1957,#1958,0.08);
#1960=IFCCARTESIANPOINT((0.,0.));
#1961=IFCDIRECTION((-0.05240783382526791,0.9986257652162511));
#1962=IFCAXIS2PLACEMENT2D(#1960,#1961);
#1963=IFCRECTANGLEPROFILEDEF(.AREA.,$,#1962,1.4,0.18);
#1964=IFCCARTESIANPOINT((0.8022569424817908,1.2190682110451432,3.68));
#1965=IFCAXIS2PLACEMENT3D(#1964,$,$);
#1966=IFCDIRECTION((0.,0.,1.));
#1967=IFCEXTRUDEDAREASOLID(#1963,#1965,#1966,0.08);
#1968=IFCCARTESIANPOINT((0.,0.));
#1969=IFCDIRECTION((-0.05240783382526791,0.9986257652162511));
#1970=IFCAXIS2PLACEMENT2D(#1968,#1969);
#1971=IFCRECTANGLEPROFILEDEF(.AREA.,$,#1970,1.4,0.18);
#1972=IFCCARTESIANPOINT((0.5664216902680852,5.712884154518273,3.68));
#1973=IFCAXIS2PLACEMENT3D(#1972,$,$);
#1974=IFCDIRECTION((0.,0.,1.));
#1975=IFCEXTRUDEDAREASOLID(#1971,#1973,#1974,0.08);
#1976=IFCCARTESIANPOINT((0.,0.));
#1977=IFCDIRECTION((-0.05240783382526791,0.9986257652162511));
#1978=IFCAXIS2PLACEMENT2D(#1976,#1977);
#1979=IFCRECTANGLEPROFILEDEF(.AREA.,$,#1978,1.4,0.18);
#1980=IFCCARTESIANPOINT((0.3305864380543797,10.206700097991401,3.68));
#1981=IFCAXIS2PLACEMENT3D(#1980,$,$);
#1982=IFCDIRECTION((0.,0.,1.));
#1983=IFCEXTRUDEDAREASOLID(#1979,#1981,#1982,0.08);
#1984=IFCCARTESIANPOINT((0.,0.));
#1985=IFCDIRECTION((-0.05240783382526791,0.9986257652162511));
#1986=IFCAXIS2PLACEMENT2D(#1984,#1985);
#1987=IFCRECTANGLEPROFILEDEF(.AREA.,$,#1986,1.4,0.18);
#1988=IFCCARTESIANPOINT((0.0947511858406741,14.700516041464532,3.68));
#1989=IFCAXIS2PLACEMENT3D(#1988,$,$);
#1990=IFCDIRECTION((0.,0.,1.));
#1991=IFCEXTRUDEDAREASOLID(#1987,#1989,#1990,0.08);
#1992=IFCCARTESIANPOINT((0.,0.));
#1993=IFCDIRECTION((-0.05240783382526791,0.9986257652162511));
#1994=IFCAXIS2PLACEMENT2D(#1992,#1993);
#1995=IFCRECTANGLEPROFILEDEF(.AREA.,$,#1994,1.4,0.18);
#1996=IFCCARTESIANPOINT((-0.14108406637303145,19.194331984937662,3.68));
#1997=IFCAXIS2PLACEMENT3D(#1996,$,$);
#1998=IFCDIRECTION((0.,0.,1.));
#1999=IFCEXTRUDEDAREASOLID(#1995,#1997,#1998,0.08);
#2000=IFCCARTESIANPOINT((0.,0.));
#2001=IFCDIRECTION((-0.05240783382526791,0.9986257652162511));
#2002=IFCAXIS2PLACEMENT2D(#2000,#2001);
#2003=IFCRECTANGLEPROFILEDEF(.AREA.,$,#2002,1.4,0.18);
#2004=IFCCARTESIANPOINT((-0.37691931858673705,23.688147928410793,3.68));
#2005=IFCAXIS2PLACEMENT3D(#2004,$,$);
#2006=IFCDIRECTION((0.,0.,1.));
#2007=IFCEXTRUDEDAREASOLID(#2003,#2005,#2006,0.08);
#2008=IFCCARTESIANPOINT((0.,0.));
#2009=IFCDIRECTION((-0.05240783382526791,0.9986257652162511));
#2010=IFCAXIS2PLACEMENT2D(#2008,#2009);
#2011=IFCRECTANGLEPROFILEDEF(.AREA.,$,#2010,1.4,0.18);
#2012=IFCCARTESIANPOINT((-0.6127545708004427,28.181963871883923,3.68));
#2013=IFCAXIS2PLACEMENT3D(#2012,$,$);
#2014=IFCDIRECTION((0.,0.,1.));
#2015=IFCEXTRUDEDAREASOLID(#2011,#2013,#2014,0.08);
#2016=IFCCARTESIANPOINT((0.,0.));
#2017=IFCDIRECTION((-0.05240783382526791,0.9986257652162511));
#2018=IFCAXIS2PLACEMENT2D(#2016,#2017);
#2019=IFCRECTANGLEPROFILEDEF(.AREA.,$,#2018,1.4,0.18);
#2020=IFCCARTESIANPOINT((-0.8485898230141482,32.675779815357046,3.68));
#2021=IFCAXIS2PLACEMENT3D(#2020,$,$);
#2022=IFCDIRECTION((0.,0.,1.));
#2023=IFCEXTRUDEDAREASOLID(#2019,#2021,#2022,0.08);
#2024=IFCCARTESIANPOINT((0.,0.));
#2025=IFCDIRECTION((-0.05240783382526791,0.9986257652162511));
#2026=IFCAXIS2PLACEMENT2D(#2024,#2025);
#2027=IFCRECTANGLEPROFILEDEF(.AREA.,$,#2026,1.4,0.18);
#2028=IFCCARTESIANPOINT((-1.0844250752278537,37.16959575883018,3.68));
#2029=IFCAXIS2PLACEMENT3D(#2028,$,$);
#2030=IFCDIRECTION((0.,0.,1.));
#2031=IFCEXTRUDEDAREASOLID(#2027,#2029,#2030,0.08);
#2032=IFCCARTESIANPOINT((0.,0.));
#2033=IFCDIRECTION((-0.05240783382526791,0.9986257652162511));
#2034=IFCAXIS2PLACEMENT2D(#2032,#2033);
#2035=IFCRECTANGLEPROFILEDEF(.AREA.,$,#2034,1.4,0.18);
#2036=IFCCARTESIANPOINT((-1.3202603274415594,41.66341170230331,3.68));
#2037=IFCAXIS2PLACEMENT3D(#2036,$,$);
#2038=IFCDIRECTION((0.,0.,1.));
#2039=IFCEXTRUDEDAREASOLID(#2035,#2037,#2038,0.08);
#2040=IFCSTYLEDITEM(#1919,(#141),$);
#2041=IFCSTYLEDITEM(#1927,(#141),$);
#2042=IFCSTYLEDITEM(#1935,(#141),$);
#2043=IFCSTYLEDITEM(#1943,(#141),$);
#2044=IFCSTYLEDITEM(#1951,(#141),$);
#2045=IFCSTYLEDITEM(#1959,(#141),$);
#2046=IFCSTYLEDITEM(#1967,(#141),$);
#2047=IFCSTYLEDITEM(#1975,(#141),$);
#2048=IFCSTYLEDITEM(#1983,(#141),$);
#2049=IFCSTYLEDITEM(#1991,(#141),$);
#2050=IFCSTYLEDITEM(#1999,(#141),$);
#2051=IFCSTYLEDITEM(#2007,(#141),$);
#2052=IFCSTYLEDITEM(#2015,(#141),$);
#2053=IFCSTYLEDITEM(#2023,(#141),$);
#2054=IFCSTYLEDITEM(#2031,(#141),$);
#2055=IFCSTYLEDITEM(#2039,(#141),$);
#2056=IFCSHAPEREPRESENTATION(#16,'Body','SweptSolid',(#1919,#1927,#1935,#1943,#1951,#1959,#1967,#1975,#1983,#1991,#1999,#2007,#2015,#2023,#2031,#2039));
#2057=IFCPRODUCTDEFINITIONSHAPE($,$,(#2056));
#2058=IFCLOCALPLACEMENT(#23,#13);
#2059=IFCLIGHTFIXTURE('2LGjLT1hD8DutgY82Df9bk',#5,'Canopy luminaires',$,'Linear LED luminaires under the spine',#2058,#2057,'EL-LGT-001',.DIRECTIONSOURCE.);
#2060=IFCRELASSOCIATESMATERIAL('3peJBnlp57sgD2eDAG49pB',#5,$,$,(#2059),#142);
#2061=IFCPROPERTYSINGLEVALUE('Reference',$,IFCLABEL('Linear LED luminaires under the spine'),$);
#2062=IFCPROPERTYSINGLEVALUE('Status',$,IFCLABEL('EXISTING'),$);
#2063=IFCPROPERTYSET('1U3aMFHRr5OBAs21FeqvzY',#5,'Pset_LightFixtureTypeCommon',$,(#2061,#2062));
#2064=IFCRELDEFINESBYPROPERTIES('2cFu_2GALFWAxm4Rki0zZg',#5,$,$,(#2059),#2063);
#2065=IFCPROPERTYSINGLEVALUE('Material',$,IFCLABEL('Luminaire diffuser'),$);
#2066=IFCPROPERTYSINGLEVALUE('Category',$,IFCLABEL('Glass'),$);
#2067=IFCPROPERTYSET('2Kx$OUs$f1XP44G__LwwGm',#5,'Pset_CDE_Material',$,(#2065,#2066));
#2068=IFCRELDEFINESBYPROPERTIES('2mFxVKFe10shRGf8PS5Hn4',#5,$,$,(#2059),#2067);
#2069=IFCPROPERTYSINGLEVALUE('GeometrySource',$,IFCLABEL('Photograph'),$);
#2070=IFCPROPERTYSINGLEVALUE('Confidence',$,IFCLABEL('Low'),$);
#2071=IFCPROPERTYSINGLEVALUE('Reference',$,IFCLABEL('PHOTO'),$);
#2072=IFCPROPERTYSET('12fxOU9gv45AGicdOpH3tx',#5,'Pset_CDE_Provenance',$,(#2069,#2070,#2071));
#2073=IFCRELDEFINESBYPROPERTIES('0ywrKDL6H7uetTk8sQsWPc',#5,$,$,(#2059),#2072);
#2074=IFCPROPERTYSINGLEVALUE('AssetClass',$,IFCLABEL('Systems > Lighting'),$);
#2075=IFCPROPERTYSINGLEVALUE('InspectionInterval_months',$,IFCINTEGER(12),$);
#2076=IFCPROPERTYSINGLEVALUE('DesignServiceLife_years',$,IFCINTEGER(15),$);
#2077=IFCPROPERTYSINGLEVALUE('Criticality',$,IFCLABEL('Medium'),$);
#2078=IFCPROPERTYSINGLEVALUE('DataStatus',$,IFCLABEL('Demo values \X2\2014\X0\ to be replaced with the owner''s asset register'),$);
#2079=IFCPROPERTYSET('0A9YREQH1Fgu8BZiBJSHT3',#5,'Pset_CDE_AssetManagement (demo)',$,(#2074,#2075,#2076,#2077,#2078));
#2080=IFCRELDEFINESBYPROPERTIES('10xruxuHbBcP9vv0EDor1e',#5,$,$,(#2059),#2079);
#2081=IFCCARTESIANPOINT((0.,0.));
#2082=IFCDIRECTION((1.,0.));
#2083=IFCAXIS2PLACEMENT2D(#2081,#2082);
#2084=IFCCIRCLEPROFILEDEF(.AREA.,$,#2083,0.025);
#2085=IFCCARTESIANPOINT((1.6206438234779315,-14.375207789801074,3.1));
#2086=IFCAXIS2PLACEMENT3D(#2085,$,$);
#2087=IFCDIRECTION((0.,0.,1.));
#2088=IFCEXTRUDEDAREASOLID(#2084,#2086,#2087,0.9);
#2089=IFCCARTESIANPOINT((1.6253605285222055,-14.465084108670537,2.7));
#2090=IFCDIRECTION((-0.052407833825267904,0.998625765216251,0.));
#2091=IFCDIRECTION((-0.998625765216251,-0.052407833825267904,0.));
#2092=IFCAXIS2PLACEMENT3D(#2089,#2090,#2091);
#2093=IFCCARTESIANPOINT((0.32,0.));
#2094=IFCCARTESIANPOINT((0.3090962644125019,0.08282209443280664));
#2095=IFCCARTESIANPOINT((0.27712812921102037,0.15999999999999998));
#2096=IFCCARTESIANPOINT((0.22627416997969524,0.22627416997969518));
#2097=IFCCARTESIANPOINT((0.16000000000000003,0.27712812921102037));
#2098=IFCCARTESIANPOINT((0.0828220944328067,0.3090962644125018));
#2099=IFCCARTESIANPOINT((1.959434878635765E-17,0.32));
#2100=IFCCARTESIANPOINT((-0.08282209443280661,0.3090962644125019));
#2101=IFCCARTESIANPOINT((-0.15999999999999992,0.27712812921102037));
#2102=IFCCARTESIANPOINT((-0.22627416997969518,0.22627416997969524));
#2103=IFCCARTESIANPOINT((-0.2771281292110203,0.16000000000000011));
#2104=IFCCARTESIANPOINT((-0.3090962644125018,0.08282209443280673));
#2105=IFCCARTESIANPOINT((-0.32,3.91886975727153E-17));
#2106=IFCCARTESIANPOINT((-0.3090962644125019,-0.08282209443280651));
#2107=IFCCARTESIANPOINT((-0.2771281292110204,-0.15999999999999992));
#2108=IFCCARTESIANPOINT((-0.22627416997969532,-0.22627416997969507));
#2109=IFCCARTESIANPOINT((-0.16000000000000014,-0.2771281292110203));
#2110=IFCCARTESIANPOINT((-0.08282209443280689,-0.3090962644125018));
#2111=IFCCARTESIANPOINT((-5.878304635907295E-17,-0.32));
#2112=IFCCARTESIANPOINT((0.0828220944328065,-0.3090962644125019));
#2113=IFCCARTESIANPOINT((0.15999999999999978,-0.2771281292110205));
#2114=IFCCARTESIANPOINT((0.22627416997969516,-0.22627416997969527));
#2115=IFCCARTESIANPOINT((0.2771281292110203,-0.16000000000000014));
#2116=IFCCARTESIANPOINT((0.3090962644125018,-0.0828220944328069));
#2117=IFCCARTESIANPOINT((0.32,0.));
#2118=IFCPOLYLINE((#2093,#2094,#2095,#2096,#2097,#2098,#2099,#2100,#2101,#2102,#2103,#2104,#2105,#2106,#2107,#2108,#2109,#2110,#2111,#2112,#2113,#2114,#2115,#2116,#2117));
#2119=IFCARBITRARYCLOSEDPROFILEDEF(.AREA.,$,#2118);
#2120=IFCDIRECTION((0.,0.,1.));
#2121=IFCEXTRUDEDAREASOLID(#2119,#2092,#2120,0.06);
#2122=IFCCARTESIANPOINT((1.6190715884631735,-14.345249016844585,2.7));
#2123=IFCDIRECTION((-0.052407833825267904,0.998625765216251,0.));
#2124=IFCDIRECTION((-0.998625765216251,-0.052407833825267904,0.));
#2125=IFCAXIS2PLACEMENT3D(#2122,#2123,#2124);
#2126=IFCCARTESIANPOINT((0.32,0.));
#2127=IFCCARTESIANPOINT((0.3090962644125019,0.08282209443280664));
#2128=IFCCARTESIANPOINT((0.27712812921102037,0.15999999999999998));
#2129=IFCCARTESIANPOINT((0.22627416997969524,0.22627416997969518));
#2130=IFCCARTESIANPOINT((0.16000000000000003,0.27712812921102037));
#2131=IFCCARTESIANPOINT((0.0828220944328067,0.3090962644125018));
#2132=IFCCARTESIANPOINT((1.959434878635765E-17,0.32));
#2133=IFCCARTESIANPOINT((-0.08282209443280661,0.3090962644125019));
#2134=IFCCARTESIANPOINT((-0.15999999999999992,0.27712812921102037));
#2135=IFCCARTESIANPOINT((-0.22627416997969518,0.22627416997969524));
#2136=IFCCARTESIANPOINT((-0.2771281292110203,0.16000000000000011));
#2137=IFCCARTESIANPOINT((-0.3090962644125018,0.08282209443280673));
#2138=IFCCARTESIANPOINT((-0.32,3.91886975727153E-17));
#2139=IFCCARTESIANPOINT((-0.3090962644125019,-0.08282209443280651));
#2140=IFCCARTESIANPOINT((-0.2771281292110204,-0.15999999999999992));
#2141=IFCCARTESIANPOINT((-0.22627416997969532,-0.22627416997969507));
#2142=IFCCARTESIANPOINT((-0.16000000000000014,-0.2771281292110203));
#2143=IFCCARTESIANPOINT((-0.08282209443280689,-0.3090962644125018));
#2144=IFCCARTESIANPOINT((-5.878304635907295E-17,-0.32));
#2145=IFCCARTESIANPOINT((0.0828220944328065,-0.3090962644125019));
#2146=IFCCARTESIANPOINT((0.15999999999999978,-0.2771281292110205));
#2147=IFCCARTESIANPOINT((0.22627416997969516,-0.22627416997969527));
#2148=IFCCARTESIANPOINT((0.2771281292110203,-0.16000000000000014));
#2149=IFCCARTESIANPOINT((0.3090962644125018,-0.0828220944328069));
#2150=IFCCARTESIANPOINT((0.32,0.));
#2151=IFCPOLYLINE((#2126,#2127,#2128,#2129,#2130,#2131,#2132,#2133,#2134,#2135,#2136,#2137,#2138,#2139,#2140,#2141,#2142,#2143,#2144,#2145,#2146,#2147,#2148,#2149,#2150));
#2152=IFCARBITRARYCLOSEDPROFILEDEF(.AREA.,$,#2151);
#2153=IFCDIRECTION((0.,0.,1.));
#2154=IFCEXTRUDEDAREASOLID(#2152,#2125,#2153,0.06);
#2155=IFCSTYLEDITEM(#2088,(#90),$);
#2156=IFCSTYLEDITEM(#2121,(#90),$);
#2157=IFCSTYLEDITEM(#2154,(#90),$);
#2158=IFCSHAPEREPRESENTATION(#16,'Body','SweptSolid',(#2088,#2121,#2154));
#2159=IFCPRODUCTDEFINITIONSHAPE($,$,(#2158));
#2160=IFCLOCALPLACEMENT(#23,#13);
#2161=IFCBUILDINGELEMENTPROXY('0WiDibjTn98wNC1Yzg1vq9',#5,'Canopy clock 1',$,'Double-sided station clock',#2160,#2159,'EL-PRX-002',.USERDEFINED.);
#2162=IFCRELASSOCIATESMATERIAL('0kBDnZ2Ev26OnXNfGyyaVm',#5,$,$,(#2161),#91);
#2163=IFCPROPERTYSINGLEVALUE('Reference',$,IFCLABEL('Double-sided station clock'),$);
#2164=IFCPROPERTYSINGLEVALUE('IsExternal',$,IFCBOOLEAN(.T.),$);
#2165=IFCPROPERTYSINGLEVALUE('Status',$,IFCLABEL('EXISTING'),$);
#2166=IFCPROPERTYSET('0wTCcdot15kui_a1VBCkrC',#5,'Pset_BuildingElementProxyCommon',$,(#2163,#2164,#2165));
#2167=IFCRELDEFINESBYPROPERTIES('1ijOxp7rDEuvNCWFaNOH29',#5,$,$,(#2161),#2166);
#2168=IFCPROPERTYSINGLEVALUE('Material',$,IFCLABEL('Clock dial'),$);
#2169=IFCPROPERTYSINGLEVALUE('Category',$,IFCLABEL('Metal'),$);
#2170=IFCPROPERTYSET('3bHr89A3X0lva24X5J_VK0',#5,'Pset_CDE_Material',$,(#2168,#2169));
#2171=IFCRELDEFINESBYPROPERTIES('2RtMtoRhDBcPDMxQRt6tFx',#5,$,$,(#2161),#2170);
#2172=IFCPROPERTYSINGLEVALUE('GeometrySource',$,IFCLABEL('Photograph: clocks hang from the beams'),$);
#2173=IFCPROPERTYSINGLEVALUE('Confidence',$,IFCLABEL('Medium'),$);
#2174=IFCPROPERTYSINGLEVALUE('Reference',$,IFCLABEL('PHOTO'),$);
#2175=IFCPROPERTYSET('3eQ0vrfxv1_g1Z5fB$EUEX',#5,'Pset_CDE_Provenance',$,(#2172,#2173,#2174));
#2176=IFCRELDEFINESBYPROPERTIES('0XlV_a1GX2Y8TnDvs5s$Tg',#5,$,$,(#2161),#2175);
#2177=IFCPROPERTYSINGLEVALUE('Diameter_m',$,IFCREAL(0.64),$);
#2178=IFCPROPERTYSINGLEVALUE('Faces',$,IFCINTEGER(2),$);
#2179=IFCPROPERTYSET('33vkSf6iLEzRM541i6KoX8',#5,'Pset_CDE_Clock',$,(#2177,#2178));
#2180=IFCRELDEFINESBYPROPERTIES('15SdstJ8vA2ukyQYm5ehd3',#5,$,$,(#2161),#2179);
#2181=IFCPROPERTYSINGLEVALUE('AssetClass',$,IFCLABEL('Systems > Clocks'),$);
#2182=IFCPROPERTYSINGLEVALUE('InspectionInterval_months',$,IFCINTEGER(12),$);
#2183=IFCPROPERTYSINGLEVALUE('DesignServiceLife_years',$,IFCINTEGER(20),$);
#2184=IFCPROPERTYSINGLEVALUE('Criticality',$,IFCLABEL('Medium'),$);
#2185=IFCPROPERTYSINGLEVALUE('DataStatus',$,IFCLABEL('Demo values \X2\2014\X0\ to be replaced with the owner''s asset register'),$);
#2186=IFCPROPERTYSET('3sYmL0Iln26h6acuU4fCKy',#5,'Pset_CDE_AssetManagement (demo)',$,(#2181,#2182,#2183,#2184,#2185));
#2187=IFCRELDEFINESBYPROPERTIES('0Gh9$ec5TCiRTu_lB9J1l5',#5,$,$,(#2161),#2186);
#2188=IFCCARTESIANPOINT((0.,0.));
#2189=IFCDIRECTION((-0.9986257652162511,-0.05240783382526785));
#2190=IFCAXIS2PLACEMENT2D(#2188,#2189);
#2191=IFCRECTANGLEPROFILEDEF(.AREA.,$,#2190,0.03,0.02);
#2192=IFCCARTESIANPOINT((1.6258846068604582,-14.475070366322699,3.));
#2193=IFCAXIS2PLACEMENT3D(#2192,$,$);
#2194=IFCDIRECTION((0.,0.,1.));
#2195=IFCEXTRUDEDAREASOLID(#2191,#2193,#2194,0.26);
#2196=IFCCARTESIANPOINT((0.,0.));
#2197=IFCDIRECTION((-0.9986257652162511,-0.05240783382526785));
#2198=IFCAXIS2PLACEMENT2D(#2196,#2197);
#2199=IFCRECTANGLEPROFILEDEF(.AREA.,$,#2198,0.03,0.02);
#2200=IFCCARTESIANPOINT((1.6154030400954047,-14.275345213279449,3.));
#2201=IFCAXIS2PLACEMENT3D(#2200,$,$);
#2202=IFCDIRECTION((0.,0.,1.));
#2203=IFCEXTRUDEDAREASOLID(#2199,#2201,#2202,0.26);
#2204=IFCCARTESIANPOINT((0.,0.));
#2205=IFCDIRECTION((-0.05240783382526791,0.9986257652162511));
#2206=IFCAXIS2PLACEMENT2D(#2204,#2205);
#2207=IFCRECTANGLEPROFILEDEF(.AREA.,$,#2206,0.03,0.2);
#2208=IFCCARTESIANPOINT((1.545994545643158,-14.47926299302872,3.01));
#2209=IFCAXIS2PLACEMENT3D(#2208,$,$);
#2210=IFCDIRECTION((0.,0.,1.));
#2211=IFCEXTRUDEDAREASOLID(#2207,#2209,#2210,0.025);
#2212=IFCCARTESIANPOINT((0.,0.));
#2213=IFCDIRECTION((-0.05240783382526791,0.9986257652162511));
#2214=IFCAXIS2PLACEMENT2D(#2212,#2213);
#2215=IFCRECTANGLEPROFILEDEF(.AREA.,$,#2214,0.03,0.2);
#2216=IFCCARTESIANPOINT((1.5355129788781046,-14.27953783998547,3.01));
#2217=IFCAXIS2PLACEMENT3D(#2216,$,$);
#2218=IFCDIRECTION((0.,0.,1.));
#2219=IFCEXTRUDEDAREASOLID(#2215,#2217,#2218,0.025);
#2220=IFCSTYLEDITEM(#2195,(#97),$);
#2221=IFCSTYLEDITEM(#2203,(#97),$);
#2222=IFCSTYLEDITEM(#2211,(#97),$);
#2223=IFCSTYLEDITEM(#2219,(#97),$);
#2224=IFCSHAPEREPRESENTATION(#16,'Body','SweptSolid',(#2195,#2203,#2211,#2219));
#2225=IFCPRODUCTDEFINITIONSHAPE($,$,(#2224));
#2226=IFCLOCALPLACEMENT(#23,#13);
#2227=IFCBUILDINGELEMENTPROXY('3EriN4DP548xgoLc1BIMq0',#5,'Canopy clock 1 hands',$,'Clock hands',#2226,#2225,'EL-PRX-003',.USERDEFINED.);
#2228=IFCRELASSOCIATESMATERIAL('0VMpi$VLLBoAHjdTlVtJTb',#5,$,$,(#2227),#98);
#2229=IFCPROPERTYSINGLEVALUE('Reference',$,IFCLABEL('Clock hands'),$);
#2230=IFCPROPERTYSINGLEVALUE('IsExternal',$,IFCBOOLEAN(.T.),$);
#2231=IFCPROPERTYSINGLEVALUE('Status',$,IFCLABEL('EXISTING'),$);
#2232=IFCPROPERTYSET('2SqfVygPX8ZPJEYOsoPG5J',#5,'Pset_BuildingElementProxyCommon',$,(#2229,#2230,#2231));
#2233=IFCRELDEFINESBYPROPERTIES('0nwbB70xD0DwZnm72qHG1z',#5,$,$,(#2227),#2232);
#2234=IFCPROPERTYSINGLEVALUE('Material',$,IFCLABEL('Clock hands'),$);
#2235=IFCPROPERTYSINGLEVALUE('Category',$,IFCLABEL('Metal'),$);
#2236=IFCPROPERTYSET('0wOQcNbJn9uQ44FkpIQqCt',#5,'Pset_CDE_Material',$,(#2234,#2235));
#2237=IFCRELDEFINESBYPROPERTIES('1CRc_Igvv3X8Zq7LqQS$TF',#5,$,$,(#2227),#2236);
#2238=IFCPROPERTYSINGLEVALUE('GeometrySource',$,IFCLABEL('Photograph'),$);
#2239=IFCPROPERTYSINGLEVALUE('Confidence',$,IFCLABEL('Low'),$);
#2240=IFCPROPERTYSINGLEVALUE('Reference',$,IFCLABEL('PHOTO'),$);
#2241=IFCPROPERTYSET('36jfe7QMnAj90WrZVVw02I',#5,'Pset_CDE_Provenance',$,(#2238,#2239,#2240));
#2242=IFCRELDEFINESBYPROPERTIES('0ZdE$kfxzDCA7AjZEhdhO4',#5,$,$,(#2227),#2241);
#2243=IFCCARTESIANPOINT((0.,0.));
#2244=IFCDIRECTION((1.,0.));
#2245=IFCAXIS2PLACEMENT2D(#2243,#2244);
#2246=IFCCIRCLEPROFILEDEF(.AREA.,$,#2245,0.025);
#2247=IFCCARTESIANPOINT((0.3104479778462339,10.5904363406052,3.1));
#2248=IFCAXIS2PLACEMENT3D(#2247,$,$);
#2249=IFCDIRECTION((0.,0.,1.));
#2250=IFCEXTRUDEDAREASOLID(#2246,#2248,#2249,0.9);
#2251=IFCCARTESIANPOINT((0.31516468289050803,10.500560021735737,2.7));
#2252=IFCDIRECTION((-0.052407833825267904,0.998625765216251,0.));
#2253=IFCDIRECTION((-0.998625765216251,-0.052407833825267904,0.));
#2254=IFCAXIS2PLACEMENT3D(#2251,#2252,#2253);
#2255=IFCCARTESIANPOINT((0.32,0.));
#2256=IFCCARTESIANPOINT((0.3090962644125019,0.08282209443280664));
#2257=IFCCARTESIANPOINT((0.27712812921102037,0.15999999999999998));
#2258=IFCCARTESIANPOINT((0.22627416997969524,0.22627416997969518));
#2259=IFCCARTESIANPOINT((0.16000000000000003,0.27712812921102037));
#2260=IFCCARTESIANPOINT((0.0828220944328067,0.3090962644125018));
#2261=IFCCARTESIANPOINT((1.959434878635765E-17,0.32));
#2262=IFCCARTESIANPOINT((-0.08282209443280661,0.3090962644125019));
#2263=IFCCARTESIANPOINT((-0.15999999999999992,0.27712812921102037));
#2264=IFCCARTESIANPOINT((-0.22627416997969518,0.22627416997969524));
#2265=IFCCARTESIANPOINT((-0.2771281292110203,0.16000000000000011));
#2266=IFCCARTESIANPOINT((-0.3090962644125018,0.08282209443280673));
#2267=IFCCARTESIANPOINT((-0.32,3.91886975727153E-17));
#2268=IFCCARTESIANPOINT((-0.3090962644125019,-0.08282209443280651));
#2269=IFCCARTESIANPOINT((-0.2771281292110204,-0.15999999999999992));
#2270=IFCCARTESIANPOINT((-0.22627416997969532,-0.22627416997969507));
#2271=IFCCARTESIANPOINT((-0.16000000000000014,-0.2771281292110203));
#2272=IFCCARTESIANPOINT((-0.08282209443280689,-0.3090962644125018));
#2273=IFCCARTESIANPOINT((-5.878304635907295E-17,-0.32));
#2274=IFCCARTESIANPOINT((0.0828220944328065,-0.3090962644125019));
#2275=IFCCARTESIANPOINT((0.15999999999999978,-0.2771281292110205));
#2276=IFCCARTESIANPOINT((0.22627416997969516,-0.22627416997969527));
#2277=IFCCARTESIANPOINT((0.2771281292110203,-0.16000000000000014));
#2278=IFCCARTESIANPOINT((0.3090962644125018,-0.0828220944328069));
#2279=IFCCARTESIANPOINT((0.32,0.));
#2280=IFCPOLYLINE((#2255,#2256,#2257,#2258,#2259,#2260,#2261,#2262,#2263,#2264,#2265,#2266,#2267,#2268,#2269,#2270,#2271,#2272,#2273,#2274,#2275,#2276,#2277,#2278,#2279));
#2281=IFCARBITRARYCLOSEDPROFILEDEF(.AREA.,$,#2280);
#2282=IFCDIRECTION((0.,0.,1.));
#2283=IFCEXTRUDEDAREASOLID(#2281,#2254,#2282,0.06);
#2284=IFCCARTESIANPOINT((0.3088757428314759,10.620395113561688,2.7));
#2285=IFCDIRECTION((-0.052407833825267904,0.998625765216251,0.));
#2286=IFCDIRECTION((-0.998625765216251,-0.052407833825267904,0.));
#2287=IFCAXIS2PLACEMENT3D(#2284,#2285,#2286);
#2288=IFCCARTESIANPOINT((0.32,0.));
#2289=IFCCARTESIANPOINT((0.3090962644125019,0.08282209443280664));
#2290=IFCCARTESIANPOINT((0.27712812921102037,0.15999999999999998));
#2291=IFCCARTESIANPOINT((0.22627416997969524,0.22627416997969518));
#2292=IFCCARTESIANPOINT((0.16000000000000003,0.27712812921102037));
#2293=IFCCARTESIANPOINT((0.0828220944328067,0.3090962644125018));
#2294=IFCCARTESIANPOINT((1.959434878635765E-17,0.32));
#2295=IFCCARTESIANPOINT((-0.08282209443280661,0.3090962644125019));
#2296=IFCCARTESIANPOINT((-0.15999999999999992,0.27712812921102037));
#2297=IFCCARTESIANPOINT((-0.22627416997969518,0.22627416997969524));
#2298=IFCCARTESIANPOINT((-0.2771281292110203,0.16000000000000011));
#2299=IFCCARTESIANPOINT((-0.3090962644125018,0.08282209443280673));
#2300=IFCCARTESIANPOINT((-0.32,3.91886975727153E-17));
#2301=IFCCARTESIANPOINT((-0.3090962644125019,-0.08282209443280651));
#2302=IFCCARTESIANPOINT((-0.2771281292110204,-0.15999999999999992));
#2303=IFCCARTESIANPOINT((-0.22627416997969532,-0.22627416997969507));
#2304=IFCCARTESIANPOINT((-0.16000000000000014,-0.2771281292110203));
#2305=IFCCARTESIANPOINT((-0.08282209443280689,-0.3090962644125018));
#2306=IFCCARTESIANPOINT((-5.878304635907295E-17,-0.32));
#2307=IFCCARTESIANPOINT((0.0828220944328065,-0.3090962644125019));
#2308=IFCCARTESIANPOINT((0.15999999999999978,-0.2771281292110205));
#2309=IFCCARTESIANPOINT((0.22627416997969516,-0.22627416997969527));
#2310=IFCCARTESIANPOINT((0.2771281292110203,-0.16000000000000014));
#2311=IFCCARTESIANPOINT((0.3090962644125018,-0.0828220944328069));
#2312=IFCCARTESIANPOINT((0.32,0.));
#2313=IFCPOLYLINE((#2288,#2289,#2290,#2291,#2292,#2293,#2294,#2295,#2296,#2297,#2298,#2299,#2300,#2301,#2302,#2303,#2304,#2305,#2306,#2307,#2308,#2309,#2310,#2311,#2312));
#2314=IFCARBITRARYCLOSEDPROFILEDEF(.AREA.,$,#2313);
#2315=IFCDIRECTION((0.,0.,1.));
#2316=IFCEXTRUDEDAREASOLID(#2314,#2287,#2315,0.06);
#2317=IFCSTYLEDITEM(#2250,(#90),$);
#2318=IFCSTYLEDITEM(#2283,(#90),$);
#2319=IFCSTYLEDITEM(#2316,(#90),$);
#2320=IFCSHAPEREPRESENTATION(#16,'Body','SweptSolid',(#2250,#2283,#2316));
#2321=IFCPRODUCTDEFINITIONSHAPE($,$,(#2320));
#2322=IFCLOCALPLACEMENT(#23,#13);
#2323=IFCBUILDINGELEMENTPROXY('3$jjMrNxH7iOmmMQRnLBOA',#5,'Canopy clock 2',$,'Double-sided station clock',#2322,#2321,'EL-PRX-004',.USERDEFINED.);
#2324=IFCRELASSOCIATESMATERIAL('3qtoGjr5PF3w1mfPNnROWn',#5,$,$,(#2323),#91);
#2325=IFCPROPERTYSINGLEVALUE('Reference',$,IFCLABEL('Double-sided station clock'),$);
#2326=IFCPROPERTYSINGLEVALUE('IsExternal',$,IFCBOOLEAN(.T.),$);
#2327=IFCPROPERTYSINGLEVALUE('Status',$,IFCLABEL('EXISTING'),$);
#2328=IFCPROPERTYSET('0hPmjKGcr8gvKAu9Hrx3Xi',#5,'Pset_BuildingElementProxyCommon',$,(#2325,#2326,#2327));
#2329=IFCRELDEFINESBYPROPERTIES('2RgK7uaP5BruW0DWU_Qvr0',#5,$,$,(#2323),#2328);
#2330=IFCPROPERTYSINGLEVALUE('Material',$,IFCLABEL('Clock dial'),$);
#2331=IFCPROPERTYSINGLEVALUE('Category',$,IFCLABEL('Metal'),$);
#2332=IFCPROPERTYSET('2pSXYd0K1B58QdtCHcZaYU',#5,'Pset_CDE_Material',$,(#2330,#2331));
#2333=IFCRELDEFINESBYPROPERTIES('1n3VRkMz95K8Oy2wSc0gBn',#5,$,$,(#2323),#2332);
#2334=IFCPROPERTYSINGLEVALUE('GeometrySource',$,IFCLABEL('Photograph: clocks hang from the beams'),$);
#2335=IFCPROPERTYSINGLEVALUE('Confidence',$,IFCLABEL('Medium'),$);
#2336=IFCPROPERTYSINGLEVALUE('Reference',$,IFCLABEL('PHOTO'),$);
#2337=IFCPROPERTYSET('2dhx_lFiD59RsaFgtdL_BF',#5,'Pset_CDE_Provenance',$,(#2334,#2335,#2336));
#2338=IFCRELDEFINESBYPROPERTIES('2pqNy0gTX1QgrwZ41pTADt',#5,$,$,(#2323),#2337);
#2339=IFCPROPERTYSINGLEVALUE('Diameter_m',$,IFCREAL(0.64),$);
#2340=IFCPROPERTYSINGLEVALUE('Faces',$,IFCINTEGER(2),$);
#2341=IFCPROPERTYSET('1QYQ3J1hvDuuh7B353Bn0o',#5,'Pset_CDE_Clock',$,(#2339,#2340));
#2342=IFCRELDEFINESBYPROPERTIES('1COb0zXhPDyfx1GlDdDiMA',#5,$,$,(#2323),#2341);
#2343=IFCPROPERTYSINGLEVALUE('AssetClass',$,IFCLABEL('Systems > Clocks'),$);
#2344=IFCPROPERTYSINGLEVALUE('InspectionInterval_months',$,IFCINTEGER(12),$);
#2345=IFCPROPERTYSINGLEVALUE('DesignServiceLife_years',$,IFCINTEGER(20),$);
#2346=IFCPROPERTYSINGLEVALUE('Criticality',$,IFCLABEL('Medium'),$);
#2347=IFCPROPERTYSINGLEVALUE('DataStatus',$,IFCLABEL('Demo values \X2\2014\X0\ to be replaced with the owner''s asset register'),$);
#2348=IFCPROPERTYSET('057ZHp6$j4KxrBfON_GkP$',#5,'Pset_CDE_AssetManagement (demo)',$,(#2343,#2344,#2345,#2346,#2347));
#2349=IFCRELDEFINESBYPROPERTIES('1EusH5NCTFiBzofBz$NvQc',#5,$,$,(#2323),#2348);
#2350=IFCCARTESIANPOINT((0.,0.));
#2351=IFCDIRECTION((-0.9986257652162511,-0.05240783382526785));
#2352=IFCAXIS2PLACEMENT2D(#2350,#2351);
#2353=IFCRECTANGLEPROFILEDEF(.AREA.,$,#2352,0.03,0.02);
#2354=IFCCARTESIANPOINT((0.3156887612287607,10.490573764083575,3.));
#2355=IFCAXIS2PLACEMENT3D(#2354,$,$);
#2356=IFCDIRECTION((0.,0.,1.));
#2357=IFCEXTRUDEDAREASOLID(#2353,#2355,#2356,0.26);
#2358=IFCCARTESIANPOINT((0.,0.));
#2359=IFCDIRECTION((-0.9986257652162511,-0.05240783382526785));
#2360=IFCAXIS2PLACEMENT2D(#2358,#2359);
#2361=IFCRECTANGLEPROFILEDEF(.AREA.,$,#2360,0.03,0.02);
#2362=IFCCARTESIANPOINT((0.3052071944637071,10.690298917126825,3.));
#2363=IFCAXIS2PLACEMENT3D(#2362,$,$);
#2364=IFCDIRECTION((0.,0.,1.));
#2365=IFCEXTRUDEDAREASOLID(#2361,#2363,#2364,0.26);
#2366=IFCCARTESIANPOINT((0.,0.));
#2367=IFCDIRECTION((-0.05240783382526791,0.9986257652162511));
#2368=IFCAXIS2PLACEMENT2D(#2366,#2367);
#2369=IFCRECTANGLEPROFILEDEF(.AREA.,$,#2368,0.03,0.2);
#2370=IFCCARTESIANPOINT((0.23579870001146064,10.486381137377553,3.01));
#2371=IFCAXIS2PLACEMENT3D(#2370,$,$);
#2372=IFCDIRECTION((0.,0.,1.));
#2373=IFCEXTRUDEDAREASOLID(#2369,#2371,#2372,0.025);
#2374=IFCCARTESIANPOINT((0.,0.));
#2375=IFCDIRECTION((-0.05240783382526791,0.9986257652162511));
#2376=IFCAXIS2PLACEMENT2D(#2374,#2375);
#2377=IFCRECTANGLEPROFILEDEF(.AREA.,$,#2376,0.03,0.2);
#2378=IFCCARTESIANPOINT((0.225317133246407,10.686106290420803,3.01));
#2379=IFCAXIS2PLACEMENT3D(#2378,$,$);
#2380=IFCDIRECTION((0.,0.,1.));
#2381=IFCEXTRUDEDAREASOLID(#2377,#2379,#2380,0.025);
#2382=IFCSTYLEDITEM(#2357,(#97),$);
#2383=IFCSTYLEDITEM(#2365,(#97),$);
#2384=IFCSTYLEDITEM(#2373,(#97),$);
#2385=IFCSTYLEDITEM(#2381,(#97),$);
#2386=IFCSHAPEREPRESENTATION(#16,'Body','SweptSolid',(#2357,#2365,#2373,#2381));
#2387=IFCPRODUCTDEFINITIONSHAPE($,$,(#2386));
#2388=IFCLOCALPLACEMENT(#23,#13);
#2389=IFCBUILDINGELEMENTPROXY('08B6uSCOTEFxGb7titvtMY',#5,'Canopy clock 2 hands',$,'Clock hands',#2388,#2387,'EL-PRX-005',.USERDEFINED.);
#2390=IFCRELASSOCIATESMATERIAL('1JOp_y7HfEUxhlcZMmZldc',#5,$,$,(#2389),#98);
#2391=IFCPROPERTYSINGLEVALUE('Reference',$,IFCLABEL('Clock hands'),$);
#2392=IFCPROPERTYSINGLEVALUE('IsExternal',$,IFCBOOLEAN(.T.),$);
#2393=IFCPROPERTYSINGLEVALUE('Status',$,IFCLABEL('EXISTING'),$);
#2394=IFCPROPERTYSET('1vLC3CHTP2K9k9OfFmnTNA',#5,'Pset_BuildingElementProxyCommon',$,(#2391,#2392,#2393));
#2395=IFCRELDEFINESBYPROPERTIES('0NutHKLfHE7e8NxIXnMBjk',#5,$,$,(#2389),#2394);
#2396=IFCPROPERTYSINGLEVALUE('Material',$,IFCLABEL('Clock hands'),$);
#2397=IFCPROPERTYSINGLEVALUE('Category',$,IFCLABEL('Metal'),$);
#2398=IFCPROPERTYSET('0lmrbxbvfBmRvcT0u9TYHZ',#5,'Pset_CDE_Material',$,(#2396,#2397));
#2399=IFCRELDEFINESBYPROPERTIES('0oClE92trD2upVjXW3ef59',#5,$,$,(#2389),#2398);
#2400=IFCPROPERTYSINGLEVALUE('GeometrySource',$,IFCLABEL('Photograph'),$);
#2401=IFCPROPERTYSINGLEVALUE('Confidence',$,IFCLABEL('Low'),$);
#2402=IFCPROPERTYSINGLEVALUE('Reference',$,IFCLABEL('PHOTO'),$);
#2403=IFCPROPERTYSET('11IpaljovETebeRq_zuKP2',#5,'Pset_CDE_Provenance',$,(#2400,#2401,#2402));
#2404=IFCRELDEFINESBYPROPERTIES('210oFUl3vF4uCrzQtC3lXb',#5,$,$,(#2389),#2403);
#2405=IFCCARTESIANPOINT((0.,0.));
#2406=IFCDIRECTION((1.,0.));
#2407=IFCAXIS2PLACEMENT2D(#2405,#2406);
#2408=IFCCIRCLEPROFILEDEF(.AREA.,$,#2407,0.025);
#2409=IFCCARTESIANPOINT((-0.894932200134928,33.55882894057897,3.1));
#2410=IFCAXIS2PLACEMENT3D(#2409,$,$);
#2411=IFCDIRECTION((0.,0.,1.));
#2412=IFCEXTRUDEDAREASOLID(#2408,#2410,#2411,0.9);
#2413=IFCCARTESIANPOINT((-0.8902154950906539,33.468952621709505,2.7));
#2414=IFCDIRECTION((-0.052407833825267904,0.998625765216251,0.));
#2415=IFCDIRECTION((-0.998625765216251,-0.052407833825267904,0.));
#2416=IFCAXIS2PLACEMENT3D(#2413,#2414,#2415);
#2417=IFCCARTESIANPOINT((0.32,0.));
#2418=IFCCARTESIANPOINT((0.3090962644125019,0.08282209443280664));
#2419=IFCCARTESIANPOINT((0.27712812921102037,0.15999999999999998));
#2420=IFCCARTESIANPOINT((0.22627416997969524,0.22627416997969518));
#2421=IFCCARTESIANPOINT((0.16000000000000003,0.27712812921102037));
#2422=IFCCARTESIANPOINT((0.0828220944328067,0.3090962644125018));
#2423=IFCCARTESIANPOINT((1.959434878635765E-17,0.32));
#2424=IFCCARTESIANPOINT((-0.08282209443280661,0.3090962644125019));
#2425=IFCCARTESIANPOINT((-0.15999999999999992,0.27712812921102037));
#2426=IFCCARTESIANPOINT((-0.22627416997969518,0.22627416997969524));
#2427=IFCCARTESIANPOINT((-0.2771281292110203,0.16000000000000011));
#2428=IFCCARTESIANPOINT((-0.3090962644125018,0.08282209443280673));
#2429=IFCCARTESIANPOINT((-0.32,3.91886975727153E-17));
#2430=IFCCARTESIANPOINT((-0.3090962644125019,-0.08282209443280651));
#2431=IFCCARTESIANPOINT((-0.2771281292110204,-0.15999999999999992));
#2432=IFCCARTESIANPOINT((-0.22627416997969532,-0.22627416997969507));
#2433=IFCCARTESIANPOINT((-0.16000000000000014,-0.2771281292110203));
#2434=IFCCARTESIANPOINT((-0.08282209443280689,-0.3090962644125018));
#2435=IFCCARTESIANPOINT((-5.878304635907295E-17,-0.32));
#2436=IFCCARTESIANPOINT((0.0828220944328065,-0.3090962644125019));
#2437=IFCCARTESIANPOINT((0.15999999999999978,-0.2771281292110205));
#2438=IFCCARTESIANPOINT((0.22627416997969516,-0.22627416997969527));
#2439=IFCCARTESIANPOINT((0.2771281292110203,-0.16000000000000014));
#2440=IFCCARTESIANPOINT((0.3090962644125018,-0.0828220944328069));
#2441=IFCCARTESIANPOINT((0.32,0.));
#2442=IFCPOLYLINE((#2417,#2418,#2419,#2420,#2421,#2422,#2423,#2424,#2425,#2426,#2427,#2428,#2429,#2430,#2431,#2432,#2433,#2434,#2435,#2436,#2437,#2438,#2439,#2440,#2441));
#2443=IFCARBITRARYCLOSEDPROFILEDEF(.AREA.,$,#2442);
#2444=IFCDIRECTION((0.,0.,1.));
#2445=IFCEXTRUDEDAREASOLID(#2443,#2416,#2444,0.06);
#2446=IFCCARTESIANPOINT((-0.8965044351496861,33.58878771353545,2.7));
#2447=IFCDIRECTION((-0.052407833825267904,0.998625765216251,0.));
#2448=IFCDIRECTION((-0.998625765216251,-0.052407833825267904,0.));
#2449=IFCAXIS2PLACEMENT3D(#2446,#2447,#2448);
#2450=IFCCARTESIANPOINT((0.32,0.));
#2451=IFCCARTESIANPOINT((0.3090962644125019,0.08282209443280664));
#2452=IFCCARTESIANPOINT((0.27712812921102037,0.15999999999999998));
#2453=IFCCARTESIANPOINT((0.22627416997969524,0.22627416997969518));
#2454=IFCCARTESIANPOINT((0.16000000000000003,0.27712812921102037));
#2455=IFCCARTESIANPOINT((0.0828220944328067,0.3090962644125018));
#2456=IFCCARTESIANPOINT((1.959434878635765E-17,0.32));
#2457=IFCCARTESIANPOINT((-0.08282209443280661,0.3090962644125019));
#2458=IFCCARTESIANPOINT((-0.15999999999999992,0.27712812921102037));
#2459=IFCCARTESIANPOINT((-0.22627416997969518,0.22627416997969524));
#2460=IFCCARTESIANPOINT((-0.2771281292110203,0.16000000000000011));
#2461=IFCCARTESIANPOINT((-0.3090962644125018,0.08282209443280673));
#2462=IFCCARTESIANPOINT((-0.32,3.91886975727153E-17));
#2463=IFCCARTESIANPOINT((-0.3090962644125019,-0.08282209443280651));
#2464=IFCCARTESIANPOINT((-0.2771281292110204,-0.15999999999999992));
#2465=IFCCARTESIANPOINT((-0.22627416997969532,-0.22627416997969507));
#2466=IFCCARTESIANPOINT((-0.16000000000000014,-0.2771281292110203));
#2467=IFCCARTESIANPOINT((-0.08282209443280689,-0.3090962644125018));
#2468=IFCCARTESIANPOINT((-5.878304635907295E-17,-0.32));
#2469=IFCCARTESIANPOINT((0.0828220944328065,-0.3090962644125019));
#2470=IFCCARTESIANPOINT((0.15999999999999978,-0.2771281292110205));
#2471=IFCCARTESIANPOINT((0.22627416997969516,-0.22627416997969527));
#2472=IFCCARTESIANPOINT((0.2771281292110203,-0.16000000000000014));
#2473=IFCCARTESIANPOINT((0.3090962644125018,-0.0828220944328069));
#2474=IFCCARTESIANPOINT((0.32,0.));
#2475=IFCPOLYLINE((#2450,#2451,#2452,#2453,#2454,#2455,#2456,#2457,#2458,#2459,#2460,#2461,#2462,#2463,#2464,#2465,#2466,#2467,#2468,#2469,#2470,#2471,#2472,#2473,#2474));
#2476=IFCARBITRARYCLOSEDPROFILEDEF(.AREA.,$,#2475);
#2477=IFCDIRECTION((0.,0.,1.));
#2478=IFCEXTRUDEDAREASOLID(#2476,#2449,#2477,0.06);
#2479=IFCSTYLEDITEM(#2412,(#90),$);
#2480=IFCSTYLEDITEM(#2445,(#90),$);
#2481=IFCSTYLEDITEM(#2478,(#90),$);
#2482=IFCSHAPEREPRESENTATION(#16,'Body','SweptSolid',(#2412,#2445,#2478));
#2483=IFCPRODUCTDEFINITIONSHAPE($,$,(#2482));
#2484=IFCLOCALPLACEMENT(#23,#13);
#2485=IFCBUILDINGELEMENTPROXY('3_c2YGtib0JOkH3akrB4dp',#5,'Canopy clock 3',$,'Double-sided station clock',#2484,#2483,'EL-PRX-006',.USERDEFINED.);
#2486=IFCRELASSOCIATESMATERIAL('1NNNldo5T42wQaIADm3FgQ',#5,$,$,(#2485),#91);
#2487=IFCPROPERTYSINGLEVALUE('Reference',$,IFCLABEL('Double-sided station clock'),$);
#2488=IFCPROPERTYSINGLEVALUE('IsExternal',$,IFCBOOLEAN(.T.),$);
#2489=IFCPROPERTYSINGLEVALUE('Status',$,IFCLABEL('EXISTING'),$);
#2490=IFCPROPERTYSET('0yUNNgJmv7ze8hzdqW$qZJ',#5,'Pset_BuildingElementProxyCommon',$,(#2487,#2488,#2489));
#2491=IFCRELDEFINESBYPROPERTIES('1rTOPB$eP1JxoefH9PRWA_',#5,$,$,(#2485),#2490);
#2492=IFCPROPERTYSINGLEVALUE('Material',$,IFCLABEL('Clock dial'),$);
#2493=IFCPROPERTYSINGLEVALUE('Category',$,IFCLABEL('Metal'),$);
#2494=IFCPROPERTYSET('1wpEy3ZTnEIPNrcvlkAOub',#5,'Pset_CDE_Material',$,(#2492,#2493));
#2495=IFCRELDEFINESBYPROPERTIES('1DT8dDGDn6WuseumBt31KT',#5,$,$,(#2485),#2494);
#2496=IFCPROPERTYSINGLEVALUE('GeometrySource',$,IFCLABEL('Photograph: clocks hang from the beams'),$);
#2497=IFCPROPERTYSINGLEVALUE('Confidence',$,IFCLABEL('Medium'),$);
#2498=IFCPROPERTYSINGLEVALUE('Reference',$,IFCLABEL('PHOTO'),$);
#2499=IFCPROPERTYSET('1mWTAnm7D7VvmDx0pOuc_H',#5,'Pset_CDE_Provenance',$,(#2496,#2497,#2498));
#2500=IFCRELDEFINESBYPROPERTIES('1SjEnux9L6IxEaCHqejZyP',#5,$,$,(#2485),#2499);
#2501=IFCPROPERTYSINGLEVALUE('Diameter_m',$,IFCREAL(0.64),$);
#2502=IFCPROPERTYSINGLEVALUE('Faces',$,IFCINTEGER(2),$);
#2503=IFCPROPERTYSET('2gaQQ3QQ5AEB4ksxBJRJYO',#5,'Pset_CDE_Clock',$,(#2501,#2502));
#2504=IFCRELDEFINESBYPROPERTIES('0KlkMIbYX3lglYYbqxsvxK',#5,$,$,(#2485),#2503);
#2505=IFCPROPERTYSINGLEVALUE('AssetClass',$,IFCLABEL('Systems > Clocks'),$);
#2506=IFCPROPERTYSINGLEVALUE('InspectionInterval_months',$,IFCINTEGER(12),$);
#2507=IFCPROPERTYSINGLEVALUE('DesignServiceLife_years',$,IFCINTEGER(20),$);
#2508=IFCPROPERTYSINGLEVALUE('Criticality',$,IFCLABEL('Medium'),$);
#2509=IFCPROPERTYSINGLEVALUE('DataStatus',$,IFCLABEL('Demo values \X2\2014\X0\ to be replaced with the owner''s asset register'),$);
#2510=IFCPROPERTYSET('0U$RvBtO50NhFZtwLtBO6g',#5,'Pset_CDE_AssetManagement (demo)',$,(#2505,#2506,#2507,#2508,#2509));
#2511=IFCRELDEFINESBYPROPERTIES('0Cr9qRXv9D3egVAEON7bhB',#5,$,$,(#2485),#2510);
#2512=IFCCARTESIANPOINT((0.,0.));
#2513=IFCDIRECTION((-0.9986257652162511,-0.05240783382526785));
#2514=IFCAXIS2PLACEMENT2D(#2512,#2513);
#2515=IFCRECTANGLEPROFILEDEF(.AREA.,$,#2514,0.03,0.02);
#2516=IFCCARTESIANPOINT((-0.8896914167524013,33.458966364057346,3.));
#2517=IFCAXIS2PLACEMENT3D(#2516,$,$);
#2518=IFCDIRECTION((0.,0.,1.));
#2519=IFCEXTRUDEDAREASOLID(#2515,#2517,#2518,0.26);
#2520=IFCCARTESIANPOINT((0.,0.));
#2521=IFCDIRECTION((-0.9986257652162511,-0.05240783382526785));
#2522=IFCAXIS2PLACEMENT2D(#2520,#2521);
#2523=IFCRECTANGLEPROFILEDEF(.AREA.,$,#2522,0.03,0.02);
#2524=IFCCARTESIANPOINT((-0.9001729835174548,33.65869151710059,3.));
#2525=IFCAXIS2PLACEMENT3D(#2524,$,$);
#2526=IFCDIRECTION((0.,0.,1.));
#2527=IFCEXTRUDEDAREASOLID(#2523,#2525,#2526,0.26);
#2528=IFCCARTESIANPOINT((0.,0.));
#2529=IFCDIRECTION((-0.05240783382526791,0.9986257652162511));
#2530=IFCAXIS2PLACEMENT2D(#2528,#2529);
#2531=IFCRECTANGLEPROFILEDEF(.AREA.,$,#2530,0.03,0.2);
#2532=IFCCARTESIANPOINT((-0.9695814779697014,33.454773737351324,3.01));
#2533=IFCAXIS2PLACEMENT3D(#2532,$,$);
#2534=IFCDIRECTION((0.,0.,1.));
#2535=IFCEXTRUDEDAREASOLID(#2531,#2533,#2534,0.025);
#2536=IFCCARTESIANPOINT((0.,0.));
#2537=IFCDIRECTION((-0.05240783382526791,0.9986257652162511));
#2538=IFCAXIS2PLACEMENT2D(#2536,#2537);
#2539=IFCRECTANGLEPROFILEDEF(.AREA.,$,#2538,0.03,0.2);
#2540=IFCCARTESIANPOINT((-0.9800630447347549,33.65449889039457,3.01));
#2541=IFCAXIS2PLACEMENT3D(#2540,$,$);
#2542=IFCDIRECTION((0.,0.,1.));
#2543=IFCEXTRUDEDAREASOLID(#2539,#2541,#2542,0.025);
#2544=IFCSTYLEDITEM(#2519,(#97),$);
#2545=IFCSTYLEDITEM(#2527,(#97),$);
#2546=IFCSTYLEDITEM(#2535,(#97),$);
#2547=IFCSTYLEDITEM(#2543,(#97),$);
#2548=IFCSHAPEREPRESENTATION(#16,'Body','SweptSolid',(#2519,#2527,#2535,#2543));
#2549=IFCPRODUCTDEFINITIONSHAPE($,$,(#2548));
#2550=IFCLOCALPLACEMENT(#23,#13);
#2551=IFCBUILDINGELEMENTPROXY('2ppeMvu$XC9f6k3WE8cJYb',#5,'Canopy clock 3 hands',$,'Clock hands',#2550,#2549,'EL-PRX-007',.USERDEFINED.);
#2552=IFCRELASSOCIATESMATERIAL('0CR$_4UZf2cO9JOZBBFHR8',#5,$,$,(#2551),#98);
#2553=IFCPROPERTYSINGLEVALUE('Reference',$,IFCLABEL('Clock hands'),$);
#2554=IFCPROPERTYSINGLEVALUE('IsExternal',$,IFCBOOLEAN(.T.),$);
#2555=IFCPROPERTYSINGLEVALUE('Status',$,IFCLABEL('EXISTING'),$);
#2556=IFCPROPERTYSET('2Dn5cZ6Mf7g9NbG1U9UBKS',#5,'Pset_BuildingElementProxyCommon',$,(#2553,#2554,#2555));
#2557=IFCRELDEFINESBYPROPERTIES('0wwlybjkXFP9aAlXLxWpB_',#5,$,$,(#2551),#2556);
#2558=IFCPROPERTYSINGLEVALUE('Material',$,IFCLABEL('Clock hands'),$);
#2559=IFCPROPERTYSINGLEVALUE('Category',$,IFCLABEL('Metal'),$);
#2560=IFCPROPERTYSET('2qEgIo9U94qws2ngEdO8xg',#5,'Pset_CDE_Material',$,(#2558,#2559));
#2561=IFCRELDEFINESBYPROPERTIES('1Yh_Xuwr1CowrhX0NxJRvj',#5,$,$,(#2551),#2560);
#2562=IFCPROPERTYSINGLEVALUE('GeometrySource',$,IFCLABEL('Photograph'),$);
#2563=IFCPROPERTYSINGLEVALUE('Confidence',$,IFCLABEL('Low'),$);
#2564=IFCPROPERTYSINGLEVALUE('Reference',$,IFCLABEL('PHOTO'),$);
#2565=IFCPROPERTYSET('3R72dnvPz1VwoncxFgIojW',#5,'Pset_CDE_Provenance',$,(#2562,#2563,#2564));
#2566=IFCRELDEFINESBYPROPERTIES('0PNtkn0sH8tuWIS7jOmDQW',#5,$,$,(#2551),#2565);
#2567=IFCLOCALPLACEMENT(#23,#13);
#2568=IFCELEMENTASSEMBLY('3fCtZcRfrAUgZ5c8LAMGNS',#5,'Waiting area',$,'Wind screens, benches and bins',#2567,$,'EL-ASM-003',.NOTDEFINED.,.USERDEFINED.);
#2569=IFCPROPERTYSINGLEVALUE('GeometrySource',$,IFCLABEL('Photographs'),$);
#2570=IFCPROPERTYSINGLEVALUE('Confidence',$,IFCLABEL('Low'),$);
#2571=IFCPROPERTYSET('3oOvPs8ETCsQNStwaBD1fJ',#5,'Pset_CDE_Provenance',$,(#2569,#2570));
#2572=IFCRELDEFINESBYPROPERTIES('03ZM3vaHv60g_X48JyXQf_',#5,$,$,(#2568),#2571);
#2573=IFCCARTESIANPOINT((0.,0.));
#2574=IFCDIRECTION((-0.05240783382526791,0.9986257652162511));
#2575=IFCAXIS2PLACEMENT2D(#2573,#2574);
#2576=IFCRECTANGLEPROFILEDEF(.AREA.,$,#2575,1.65,0.012);
#2577=IFCCARTESIANPOINT((1.242945446403184,-21.489042534732707,0.24));
#2578=IFCAXIS2PLACEMENT3D(#2577,$,$);
#2579=IFCDIRECTION((0.,0.,1.));
#2580=IFCEXTRUDEDAREASOLID(#2576,#2578,#2579,2.25);
#2581=IFCCARTESIANPOINT((0.,0.));
#2582=IFCDIRECTION((-0.05240783382526791,0.9986257652162511));
#2583=IFCAXIS2PLACEMENT2D(#2581,#2582);
#2584=IFCRECTANGLEPROFILEDEF(.AREA.,$,#2583,0.05,0.05);
#2585=IFCCARTESIANPOINT((1.285919870139904,-22.307915662210032,0.16));
#2586=IFCAXIS2PLACEMENT3D(#2585,$,$);
#2587=IFCDIRECTION((0.,0.,1.));
#2588=IFCEXTRUDEDAREASOLID(#2584,#2586,#2587,2.4);
#2589=IFCCARTESIANPOINT((0.,0.));
#2590=IFCDIRECTION((-0.05240783382526791,0.9986257652162511));
#2591=IFCAXIS2PLACEMENT2D(#2589,#2590);
#2592=IFCRECTANGLEPROFILEDEF(.AREA.,$,#2591,1.65,0.012);
#2593=IFCCARTESIANPOINT((1.151231737208965,-19.741447445604265,0.24));
#2594=IFCAXIS2PLACEMENT3D(#2593,$,$);
#2595=IFCDIRECTION((0.,0.,1.));
#2596=IFCEXTRUDEDAREASOLID(#2592,#2594,#2595,2.25);
#2597=IFCCARTESIANPOINT((0.,0.));
#2598=IFCDIRECTION((-0.05240783382526791,0.9986257652162511));
#2599=IFCAXIS2PLACEMENT2D(#2597,#2598);
#2600=IFCRECTANGLEPROFILEDEF(.AREA.,$,#2599,0.05,0.05);
#2601=IFCCARTESIANPOINT((1.194206160945685,-20.560320573081594,0.16));
#2602=IFCAXIS2PLACEMENT3D(#2601,$,$);
#2603=IFCDIRECTION((0.,0.,1.));
#2604=IFCEXTRUDEDAREASOLID(#2600,#2602,#2603,2.4);
#2605=IFCCARTESIANPOINT((0.,0.));
#2606=IFCDIRECTION((-0.05240783382526791,0.9986257652162511));
#2607=IFCAXIS2PLACEMENT2D(#2605,#2606);
#2608=IFCRECTANGLEPROFILEDEF(.AREA.,$,#2607,1.65,0.012);
#2609=IFCCARTESIANPOINT((1.0595180280147463,-17.993852356475827,0.24));
#2610=IFCAXIS2PLACEMENT3D(#2609,$,$);
#2611=IFCDIRECTION((0.,0.,1.));
#2612=IFCEXTRUDEDAREASOLID(#2608,#2610,#2611,2.25);
#2613=IFCCARTESIANPOINT((0.,0.));
#2614=IFCDIRECTION((-0.05240783382526791,0.9986257652162511));
#2615=IFCAXIS2PLACEMENT2D(#2613,#2614);
#2616=IFCRECTANGLEPROFILEDEF(.AREA.,$,#2615,0.05,0.05);
#2617=IFCCARTESIANPOINT((1.1024924517514663,-18.812725483953155,0.16));
#2618=IFCAXIS2PLACEMENT3D(#2617,$,$);
#2619=IFCDIRECTION((0.,0.,1.));
#2620=IFCEXTRUDEDAREASOLID(#2616,#2618,#2619,2.4);
#2621=IFCCARTESIANPOINT((0.,0.));
#2622=IFCDIRECTION((-0.05240783382526791,0.9986257652162511));
#2623=IFCAXIS2PLACEMENT2D(#2621,#2622);
#2624=IFCRECTANGLEPROFILEDEF(.AREA.,$,#2623,1.65,0.012);
#2625=IFCCARTESIANPOINT((0.9678043188205275,-16.24625726734739,0.24));
#2626=IFCAXIS2PLACEMENT3D(#2625,$,$);
#2627=IFCDIRECTION((0.,0.,1.));
#2628=IFCEXTRUDEDAREASOLID(#2624,#2626,#2627,2.25);
#2629=IFCCARTESIANPOINT((0.,0.));
#2630=IFCDIRECTION((-0.05240783382526791,0.9986257652162511));
#2631=IFCAXIS2PLACEMENT2D(#2629,#2630);
#2632=IFCRECTANGLEPROFILEDEF(.AREA.,$,#2631,0.05,0.05);
#2633=IFCCARTESIANPOINT((1.0107787425572474,-17.065130394824713,0.16));
#2634=IFCAXIS2PLACEMENT3D(#2633,$,$);
#2635=IFCDIRECTION((0.,0.,1.));
#2636=IFCEXTRUDEDAREASOLID(#2632,#2634,#2635,2.4);
#2637=IFCCARTESIANPOINT((0.,0.));
#2638=IFCDIRECTION((-0.05240783382526791,0.9986257652162511));
#2639=IFCAXIS2PLACEMENT2D(#2637,#2638);
#2640=IFCRECTANGLEPROFILEDEF(.AREA.,$,#2639,1.65,0.012);
#2641=IFCCARTESIANPOINT((0.8760906096263087,-14.498662178218952,0.24));
#2642=IFCAXIS2PLACEMENT3D(#2641,$,$);
#2643=IFCDIRECTION((0.,0.,1.));
#2644=IFCEXTRUDEDAREASOLID(#2640,#2642,#2643,2.25);
#2645=IFCCARTESIANPOINT((0.,0.));
#2646=IFCDIRECTION((-0.05240783382526791,0.9986257652162511));
#2647=IFCAXIS2PLACEMENT2D(#2645,#2646);
#2648=IFCRECTANGLEPROFILEDEF(.AREA.,$,#2647,0.05,0.05);
#2649=IFCCARTESIANPOINT((0.9190650333630285,-15.317535305696277,0.16));
#2650=IFCAXIS2PLACEMENT3D(#2649,$,$);
#2651=IFCDIRECTION((0.,0.,1.));
#2652=IFCEXTRUDEDAREASOLID(#2648,#2650,#2651,2.4);
#2653=IFCCARTESIANPOINT((0.,0.));
#2654=IFCDIRECTION((-0.05240783382526791,0.9986257652162511));
#2655=IFCAXIS2PLACEMENT2D(#2653,#2654);
#2656=IFCRECTANGLEPROFILEDEF(.AREA.,$,#2655,1.65,0.012);
#2657=IFCCARTESIANPOINT((0.7843769004320899,-12.75106708909051,0.24));
#2658=IFCAXIS2PLACEMENT3D(#2657,$,$);
#2659=IFCDIRECTION((0.,0.,1.));
#2660=IFCEXTRUDEDAREASOLID(#2656,#2658,#2659,2.25);
#2661=IFCCARTESIANPOINT((0.,0.));
#2662=IFCDIRECTION((-0.05240783382526791,0.9986257652162511));
#2663=IFCAXIS2PLACEMENT2D(#2661,#2662);
#2664=IFCRECTANGLEPROFILEDEF(.AREA.,$,#2663,0.05,0.05);
#2665=IFCCARTESIANPOINT((0.8273513241688096,-13.569940216567838,0.16));
#2666=IFCAXIS2PLACEMENT3D(#2665,$,$);
#2667=IFCDIRECTION((0.,0.,1.));
#2668=IFCEXTRUDEDAREASOLID(#2664,#2666,#2667,2.4);
#2669=IFCCARTESIANPOINT((0.,0.));
#2670=IFCDIRECTION((-0.05240783382526791,0.9986257652162511));
#2671=IFCAXIS2PLACEMENT2D(#2669,#2670);
#2672=IFCRECTANGLEPROFILEDEF(.AREA.,$,#2671,1.65,0.012);
#2673=IFCCARTESIANPOINT((0.6140514404999692,-9.505533352137695,0.24));
#2674=IFCAXIS2PLACEMENT3D(#2673,$,$);
#2675=IFCDIRECTION((0.,0.,1.));
#2676=IFCEXTRUDEDAREASOLID(#2672,#2674,#2675,2.25);
#2677=IFCCARTESIANPOINT((0.,0.));
#2678=IFCDIRECTION((-0.05240783382526791,0.9986257652162511));
#2679=IFCAXIS2PLACEMENT2D(#2677,#2678);
#2680=IFCRECTANGLEPROFILEDEF(.AREA.,$,#2679,0.05,0.05);
#2681=IFCCARTESIANPOINT((0.657025864236689,-10.324406479615023,0.16));
#2682=IFCAXIS2PLACEMENT3D(#2681,$,$);
#2683=IFCDIRECTION((0.,0.,1.));
#2684=IFCEXTRUDEDAREASOLID(#2680,#2682,#2683,2.4);
#2685=IFCCARTESIANPOINT((0.,0.));
#2686=IFCDIRECTION((-0.05240783382526791,0.9986257652162511));
#2687=IFCAXIS2PLACEMENT2D(#2685,#2686);
#2688=IFCRECTANGLEPROFILEDEF(.AREA.,$,#2687,1.65,0.012);
#2689=IFCCARTESIANPOINT((0.5223377313057503,-7.757938263009257,0.24));
#2690=IFCAXIS2PLACEMENT3D(#2689,$,$);
#2691=IFCDIRECTION((0.,0.,1.));
#2692=IFCEXTRUDEDAREASOLID(#2688,#2690,#2691,2.25);
#2693=IFCCARTESIANPOINT((0.,0.));
#2694=IFCDIRECTION((-0.05240783382526791,0.9986257652162511));
#2695=IFCAXIS2PLACEMENT2D(#2693,#2694);
#2696=IFCRECTANGLEPROFILEDEF(.AREA.,$,#2695,0.05,0.05);
#2697=IFCCARTESIANPOINT((0.5653121550424701,-8.576811390486585,0.16));
#2698=IFCAXIS2PLACEMENT3D(#2697,$,$);
#2699=IFCDIRECTION((0.,0.,1.));
#2700=IFCEXTRUDEDAREASOLID(#2696,#2698,#2699,2.4);
#2701=IFCCARTESIANPOINT((0.,0.));
#2702=IFCDIRECTION((-0.05240783382526791,0.9986257652162511));
#2703=IFCAXIS2PLACEMENT2D(#2701,#2702);
#2704=IFCRECTANGLEPROFILEDEF(.AREA.,$,#2703,1.65,0.012);
#2705=IFCCARTESIANPOINT((0.4306240221115315,-6.010343173880819,0.24));
#2706=IFCAXIS2PLACEMENT3D(#2705,$,$);
#2707=IFCDIRECTION((0.,0.,1.));
#2708=IFCEXTRUDEDAREASOLID(#2704,#2706,#2707,2.25);
#2709=IFCCARTESIANPOINT((0.,0.));
#2710=IFCDIRECTION((-0.05240783382526791,0.9986257652162511));
#2711=IFCAXIS2PLACEMENT2D(#2709,#2710);
#2712=IFCRECTANGLEPROFILEDEF(.AREA.,$,#2711,0.05,0.05);
#2713=IFCCARTESIANPOINT((0.4735984458482513,-6.829216301358145,0.16));
#2714=IFCAXIS2PLACEMENT3D(#2713,$,$);
#2715=IFCDIRECTION((0.,0.,1.));
#2716=IFCEXTRUDEDAREASOLID(#2712,#2714,#2715,2.4);
#2717=IFCCARTESIANPOINT((0.,0.));
#2718=IFCDIRECTION((-0.05240783382526791,0.9986257652162511));
#2719=IFCAXIS2PLACEMENT2D(#2717,#2718);
#2720=IFCRECTANGLEPROFILEDEF(.AREA.,$,#2719,1.65,0.012);
#2721=IFCCARTESIANPOINT((0.33891031291731266,-4.262748084752379,0.24));
#2722=IFCAXIS2PLACEMENT3D(#2721,$,$);
#2723=IFCDIRECTION((0.,0.,1.));
#2724=IFCEXTRUDEDAREASOLID(#2720,#2722,#2723,2.25);
#2725=IFCCARTESIANPOINT((0.,0.));
#2726=IFCDIRECTION((-0.05240783382526791,0.9986257652162511));
#2727=IFCAXIS2PLACEMENT2D(#2725,#2726);
#2728=IFCRECTANGLEPROFILEDEF(.AREA.,$,#2727,0.05,0.05);
#2729=IFCCARTESIANPOINT((0.38188473665403244,-5.081621212229705,0.16));
#2730=IFCAXIS2PLACEMENT3D(#2729,$,$);
#2731=IFCDIRECTION((0.,0.,1.));
#2732=IFCEXTRUDEDAREASOLID(#2728,#2730,#2731,2.4);
#2733=IFCCARTESIANPOINT((0.,0.));
#2734=IFCDIRECTION((-0.05240783382526791,0.9986257652162511));
#2735=IFCAXIS2PLACEMENT2D(#2733,#2734);
#2736=IFCRECTANGLEPROFILEDEF(.AREA.,$,#2735,1.65,0.012);
#2737=IFCCARTESIANPOINT((0.24719660372309382,-2.51515299562394,0.24));
#2738=IFCAXIS2PLACEMENT3D(#2737,$,$);
#2739=IFCDIRECTION((0.,0.,1.));
#2740=IFCEXTRUDEDAREASOLID(#2736,#2738,#2739,2.25);
#2741=IFCCARTESIANPOINT((0.,0.));
#2742=IFCDIRECTION((-0.05240783382526791,0.9986257652162511));
#2743=IFCAXIS2PLACEMENT2D(#2741,#2742);
#2744=IFCRECTANGLEPROFILEDEF(.AREA.,$,#2743,0.05,0.05);
#2745=IFCCARTESIANPOINT((0.2901710274598136,-3.3340261231012662,0.16));
#2746=IFCAXIS2PLACEMENT3D(#2745,$,$);
#2747=IFCDIRECTION((0.,0.,1.));
#2748=IFCEXTRUDEDAREASOLID(#2744,#2746,#2747,2.4);
#2749=IFCCARTESIANPOINT((0.,0.));
#2750=IFCDIRECTION((-0.05240783382526791,0.9986257652162511));
#2751=IFCAXIS2PLACEMENT2D(#2749,#2750);
#2752=IFCRECTANGLEPROFILEDEF(.AREA.,$,#2751,1.65,0.012);
#2753=IFCCARTESIANPOINT((0.1554828945288751,-0.7675579064954997,0.24));
#2754=IFCAXIS2PLACEMENT3D(#2753,$,$);
#2755=IFCDIRECTION((0.,0.,1.));
#2756=IFCEXTRUDEDAREASOLID(#2752,#2754,#2755,2.25);
#2757=IFCCARTESIANPOINT((0.,0.));
#2758=IFCDIRECTION((-0.05240783382526791,0.9986257652162511));
#2759=IFCAXIS2PLACEMENT2D(#2757,#2758);
#2760=IFCRECTANGLEPROFILEDEF(.AREA.,$,#2759,0.05,0.05);
#2761=IFCCARTESIANPOINT((0.19845731826559476,-1.5864310339728263,0.16));
#2762=IFCAXIS2PLACEMENT3D(#2761,$,$);
#2763=IFCDIRECTION((0.,0.,1.));
#2764=IFCEXTRUDEDAREASOLID(#2760,#2762,#2763,2.4);
#2765=IFCCARTESIANPOINT((0.,0.));
#2766=IFCDIRECTION((-0.05240783382526791,0.9986257652162511));
#2767=IFCAXIS2PLACEMENT2D(#2765,#2766);
#2768=IFCRECTANGLEPROFILEDEF(.AREA.,$,#2767,1.65,0.012);
#2769=IFCCARTESIANPOINT((-0.014842565403245689,2.4779758304573174,0.24));
#2770=IFCAXIS2PLACEMENT3D(#2769,$,$);
#2771=IFCDIRECTION((0.,0.,1.));
#2772=IFCEXTRUDEDAREASOLID(#2768,#2770,#2771,2.25);
#2773=IFCCARTESIANPOINT((0.,0.));
#2774=IFCDIRECTION((-0.05240783382526791,0.9986257652162511));
#2775=IFCAXIS2PLACEMENT2D(#2773,#2774);
#2776=IFCRECTANGLEPROFILEDEF(.AREA.,$,#2775,0.05,0.05);
#2777=IFCCARTESIANPOINT((0.02813185833347398,1.6591027029799916,0.16));
#2778=IFCAXIS2PLACEMENT3D(#2777,$,$);
#2779=IFCDIRECTION((0.,0.,1.));
#2780=IFCEXTRUDEDAREASOLID(#2776,#2778,#2779,2.4);
#2781=IFCCARTESIANPOINT((0.,0.));
#2782=IFCDIRECTION((-0.05240783382526791,0.9986257652162511));
#2783=IFCAXIS2PLACEMENT2D(#2781,#2782);
#2784=IFCRECTANGLEPROFILEDEF(.AREA.,$,#2783,1.65,0.012);
#2785=IFCCARTESIANPOINT((-0.10655627459746453,4.225570919585756,0.24));
#2786=IFCAXIS2PLACEMENT3D(#2785,$,$);
#2787=IFCDIRECTION((0.,0.,1.));
#2788=IFCEXTRUDEDAREASOLID(#2784,#2786,#2787,2.25);
#2789=IFCCARTESIANPOINT((0.,0.));
#2790=IFCDIRECTION((-0.05240783382526791,0.9986257652162511));
#2791=IFCAXIS2PLACEMENT2D(#2789,#2790);
#2792=IFCRECTANGLEPROFILEDEF(.AREA.,$,#2791,0.05,0.05);
#2793=IFCCARTESIANPOINT((-0.06358185086074486,3.4066977921084303,0.16));
#2794=IFCAXIS2PLACEMENT3D(#2793,$,$);
#2795=IFCDIRECTION((0.,0.,1.));
#2796=IFCEXTRUDEDAREASOLID(#2792,#2794,#2795,2.4);
#2797=IFCCARTESIANPOINT((0.,0.));
#2798=IFCDIRECTION((-0.05240783382526791,0.9986257652162511));
#2799=IFCAXIS2PLACEMENT2D(#2797,#2798);
#2800=IFCRECTANGLEPROFILEDEF(.AREA.,$,#2799,1.65,0.012);
#2801=IFCCARTESIANPOINT((-0.19826998379168337,5.973166008714196,0.24));
#2802=IFCAXIS2PLACEMENT3D(#2801,$,$);
#2803=IFCDIRECTION((0.,0.,1.));
#2804=IFCEXTRUDEDAREASOLID(#2800,#2802,#2803,2.25);
#2805=IFCCARTESIANPOINT((0.,0.));
#2806=IFCDIRECTION((-0.05240783382526791,0.9986257652162511));
#2807=IFCAXIS2PLACEMENT2D(#2805,#2806);
#2808=IFCRECTANGLEPROFILEDEF(.AREA.,$,#2807,0.05,0.05);
#2809=IFCCARTESIANPOINT((-0.1552955600549637,5.15429288123687,0.16));
#2810=IFCAXIS2PLACEMENT3D(#2809,$,$);
#2811=IFCDIRECTION((0.,0.,1.));
#2812=IFCEXTRUDEDAREASOLID(#2808,#2810,#2811,2.4);
#2813=IFCCARTESIANPOINT((0.,0.));
#2814=IFCDIRECTION((-0.05240783382526791,0.9986257652162511));
#2815=IFCAXIS2PLACEMENT2D(#2813,#2814);
#2816=IFCRECTANGLEPROFILEDEF(.AREA.,$,#2815,1.65,0.012);
#2817=IFCCARTESIANPOINT((-0.2899836929859022,7.720761097842635,0.24));
#2818=IFCAXIS2PLACEMENT3D(#2817,$,$);
#2819=IFCDIRECTION((0.,0.,1.));
#2820=IFCEXTRUDEDAREASOLID(#2816,#2818,#2819,2.25);
#2821=IFCCARTESIANPOINT((0.,0.));
#2822=IFCDIRECTION((-0.05240783382526791,0.9986257652162511));
#2823=IFCAXIS2PLACEMENT2D(#2821,#2822);
#2824=IFCRECTANGLEPROFILEDEF(.AREA.,$,#2823,0.05,0.05);
#2825=IFCCARTESIANPOINT((-0.24700926924918254,6.901887970365309,0.16));
#2826=IFCAXIS2PLACEMENT3D(#2825,$,$);
#2827=IFCDIRECTION((0.,0.,1.));
#2828=IFCEXTRUDEDAREASOLID(#2824,#2826,#2827,2.4);
#2829=IFCCARTESIANPOINT((0.,0.));
#2830=IFCDIRECTION((-0.05240783382526791,0.9986257652162511));
#2831=IFCAXIS2PLACEMENT2D(#2829,#2830);
#2832=IFCRECTANGLEPROFILEDEF(.AREA.,$,#2831,1.65,0.012);
#2833=IFCCARTESIANPOINT((-0.38169740218012105,9.468356186971073,0.24));
#2834=IFCAXIS2PLACEMENT3D(#2833,$,$);
#2835=IFCDIRECTION((0.,0.,1.));
#2836=IFCEXTRUDEDAREASOLID(#2832,#2834,#2835,2.25);
#2837=IFCCARTESIANPOINT((0.,0.));
#2838=IFCDIRECTION((-0.05240783382526791,0.9986257652162511));
#2839=IFCAXIS2PLACEMENT2D(#2837,#2838);
#2840=IFCRECTANGLEPROFILEDEF(.AREA.,$,#2839,0.05,0.05);
#2841=IFCCARTESIANPOINT((-0.3387229784434013,8.649483059493749,0.16));
#2842=IFCAXIS2PLACEMENT3D(#2841,$,$);
#2843=IFCDIRECTION((0.,0.,1.));
#2844=IFCEXTRUDEDAREASOLID(#2840,#2842,#2843,2.4);
#2845=IFCCARTESIANPOINT((0.,0.));
#2846=IFCDIRECTION((-0.05240783382526791,0.9986257652162511));
#2847=IFCAXIS2PLACEMENT2D(#2845,#2846);
#2848=IFCRECTANGLEPROFILEDEF(.AREA.,$,#2847,1.65,0.012);
#2849=IFCCARTESIANPOINT((-0.4734111113743399,11.215951276099513,0.24));
#2850=IFCAXIS2PLACEMENT3D(#2849,$,$);
#2851=IFCDIRECTION((0.,0.,1.));
#2852=IFCEXTRUDEDAREASOLID(#2848,#2850,#2851,2.25);
#2853=IFCCARTESIANPOINT((0.,0.));
#2854=IFCDIRECTION((-0.05240783382526791,0.9986257652162511));
#2855=IFCAXIS2PLACEMENT2D(#2853,#2854);
#2856=IFCRECTANGLEPROFILEDEF(.AREA.,$,#2855,0.05,0.05);
#2857=IFCCARTESIANPOINT((-0.43043668763762016,10.397078148622187,0.16));
#2858=IFCAXIS2PLACEMENT3D(#2857,$,$);
#2859=IFCDIRECTION((0.,0.,1.));
#2860=IFCEXTRUDEDAREASOLID(#2856,#2858,#2859,2.4);
#2861=IFCCARTESIANPOINT((0.,0.));
#2862=IFCDIRECTION((-0.05240783382526791,0.9986257652162511));
#2863=IFCAXIS2PLACEMENT2D(#2861,#2862);
#2864=IFCRECTANGLEPROFILEDEF(.AREA.,$,#2863,1.65,0.012);
#2865=IFCCARTESIANPOINT((-0.6437365713064606,14.46148501305233,0.24));
#2866=IFCAXIS2PLACEMENT3D(#2865,$,$);
#2867=IFCDIRECTION((0.,0.,1.));
#2868=IFCEXTRUDEDAREASOLID(#2864,#2866,#2867,2.25);
#2869=IFCCARTESIANPOINT((0.,0.));
#2870=IFCDIRECTION((-0.05240783382526791,0.9986257652162511));
#2871=IFCAXIS2PLACEMENT2D(#2869,#2870);
#2872=IFCRECTANGLEPROFILEDEF(.AREA.,$,#2871,0.05,0.05);
#2873=IFCCARTESIANPOINT((-0.6007621475697409,13.642611885575002,0.16));
#2874=IFCAXIS2PLACEMENT3D(#2873,$,$);
#2875=IFCDIRECTION((0.,0.,1.));
#2876=IFCEXTRUDEDAREASOLID(#2872,#2874,#2875,2.4);
#2877=IFCCARTESIANPOINT((0.,0.));
#2878=IFCDIRECTION((-0.05240783382526791,0.9986257652162511));
#2879=IFCAXIS2PLACEMENT2D(#2877,#2878);
#2880=IFCRECTANGLEPROFILEDEF(.AREA.,$,#2879,1.65,0.012);
#2881=IFCCARTESIANPOINT((-0.7354502805006793,16.20908010218077,0.24));
#2882=IFCAXIS2PLACEMENT3D(#2881,$,$);
#2883=IFCDIRECTION((0.,0.,1.));
#2884=IFCEXTRUDEDAREASOLID(#2880,#2882,#2883,2.25);
#2885=IFCCARTESIANPOINT((0.,0.));
#2886=IFCDIRECTION((-0.05240783382526791,0.9986257652162511));
#2887=IFCAXIS2PLACEMENT2D(#2885,#2886);
#2888=IFCRECTANGLEPROFILEDEF(.AREA.,$,#2887,0.05,0.05);
#2889=IFCCARTESIANPOINT((-0.6924758567639597,15.390206974703442,0.16));
#2890=IFCAXIS2PLACEMENT3D(#2889,$,$);
#2891=IFCDIRECTION((0.,0.,1.));
#2892=IFCEXTRUDEDAREASOLID(#2888,#2890,#2891,2.4);
#2893=IFCCARTESIANPOINT((0.,0.));
#2894=IFCDIRECTION((-0.05240783382526791,0.9986257652162511));
#2895=IFCAXIS2PLACEMENT2D(#2893,#2894);
#2896=IFCRECTANGLEPROFILEDEF(.AREA.,$,#2895,1.65,0.012);
#2897=IFCCARTESIANPOINT((-0.8271639896948981,17.95667519130921,0.24));
#2898=IFCAXIS2PLACEMENT3D(#2897,$,$);
#2899=IFCDIRECTION((0.,0.,1.));
#2900=IFCEXTRUDEDAREASOLID(#2896,#2898,#2899,2.25);
#2901=IFCCARTESIANPOINT((0.,0.));
#2902=IFCDIRECTION((-0.05240783382526791,0.9986257652162511));
#2903=IFCAXIS2PLACEMENT2D(#2901,#2902);
#2904=IFCRECTANGLEPROFILEDEF(.AREA.,$,#2903,0.05,0.05);
#2905=IFCCARTESIANPOINT((-0.7841895659581786,17.137802063831884,0.16));
#2906=IFCAXIS2PLACEMENT3D(#2905,$,$);
#2907=IFCDIRECTION((0.,0.,1.));
#2908=IFCEXTRUDEDAREASOLID(#2904,#2906,#2907,2.4);
#2909=IFCCARTESIANPOINT((0.,0.));
#2910=IFCDIRECTION((-0.05240783382526791,0.9986257652162511));
#2911=IFCAXIS2PLACEMENT2D(#2909,#2910);
#2912=IFCRECTANGLEPROFILEDEF(.AREA.,$,#2911,1.65,0.012);
#2913=IFCCARTESIANPOINT((-0.918877698889117,19.704270280437648,0.24));
#2914=IFCAXIS2PLACEMENT3D(#2913,$,$);
#2915=IFCDIRECTION((0.,0.,1.));
#2916=IFCEXTRUDEDAREASOLID(#2912,#2914,#2915,2.25);
#2917=IFCCARTESIANPOINT((0.,0.));
#2918=IFCDIRECTION((-0.05240783382526791,0.9986257652162511));
#2919=IFCAXIS2PLACEMENT2D(#2917,#2918);
#2920=IFCRECTANGLEPROFILEDEF(.AREA.,$,#2919,0.05,0.05);
#2921=IFCCARTESIANPOINT((-0.8759032751523974,18.885397152960323,0.16));
#2922=IFCAXIS2PLACEMENT3D(#2921,$,$);
#2923=IFCDIRECTION((0.,0.,1.));
#2924=IFCEXTRUDEDAREASOLID(#2920,#2922,#2923,2.4);
#2925=IFCCARTESIANPOINT((0.,0.));
#2926=IFCDIRECTION((-0.05240783382526791,0.9986257652162511));
#2927=IFCAXIS2PLACEMENT2D(#2925,#2926);
#2928=IFCRECTANGLEPROFILEDEF(.AREA.,$,#2927,1.65,0.012);
#2929=IFCCARTESIANPOINT((-1.0105914080833358,21.45186536956609,0.24));
#2930=IFCAXIS2PLACEMENT3D(#2929,$,$);
#2931=IFCDIRECTION((0.,0.,1.));
#2932=IFCEXTRUDEDAREASOLID(#2928,#2930,#2931,2.25);
#2933=IFCCARTESIANPOINT((0.,0.));
#2934=IFCDIRECTION((-0.05240783382526791,0.9986257652162511));
#2935=IFCAXIS2PLACEMENT2D(#2933,#2934);
#2936=IFCRECTANGLEPROFILEDEF(.AREA.,$,#2935,0.05,0.05);
#2937=IFCCARTESIANPOINT((-0.9676169843466162,20.63299224208876,0.16));
#2938=IFCAXIS2PLACEMENT3D(#2937,$,$);
#2939=IFCDIRECTION((0.,0.,1.));
#2940=IFCEXTRUDEDAREASOLID(#2936,#2938,#2939,2.4);
#2941=IFCCARTESIANPOINT((0.,0.));
#2942=IFCDIRECTION((-0.05240783382526791,0.9986257652162511));
#2943=IFCAXIS2PLACEMENT2D(#2941,#2942);
#2944=IFCRECTANGLEPROFILEDEF(.AREA.,$,#2943,1.65,0.012);
#2945=IFCCARTESIANPOINT((-1.1023051172775546,23.199460458694528,0.24));
#2946=IFCAXIS2PLACEMENT3D(#2945,$,$);
#2947=IFCDIRECTION((0.,0.,1.));
#2948=IFCEXTRUDEDAREASOLID(#2944,#2946,#2947,2.25);
#2949=IFCCARTESIANPOINT((0.,0.));
#2950=IFCDIRECTION((-0.05240783382526791,0.9986257652162511));
#2951=IFCAXIS2PLACEMENT2D(#2949,#2950);
#2952=IFCRECTANGLEPROFILEDEF(.AREA.,$,#2951,0.05,0.05);
#2953=IFCCARTESIANPOINT((-1.059330693540835,22.3805873312172,0.16));
#2954=IFCAXIS2PLACEMENT3D(#2953,$,$);
#2955=IFCDIRECTION((0.,0.,1.));
#2956=IFCEXTRUDEDAREASOLID(#2952,#2954,#2955,2.4);
#2957=IFCCARTESIANPOINT((0.,0.));
#2958=IFCDIRECTION((-0.05240783382526791,0.9986257652162511));
#2959=IFCAXIS2PLACEMENT2D(#2957,#2958);
#2960=IFCRECTANGLEPROFILEDEF(.AREA.,$,#2959,1.65,0.012);
#2961=IFCCARTESIANPOINT((-1.272630577209675,26.444994195647343,0.24));
#2962=IFCAXIS2PLACEMENT3D(#2961,$,$);
#2963=IFCDIRECTION((0.,0.,1.));
#2964=IFCEXTRUDEDAREASOLID(#2960,#2962,#2963,2.25);
#2965=IFCCARTESIANPOINT((0.,0.));
#2966=IFCDIRECTION((-0.05240783382526791,0.9986257652162511));
#2967=IFCAXIS2PLACEMENT2D(#2965,#2966);
#2968=IFCRECTANGLEPROFILEDEF(.AREA.,$,#2967,0.05,0.05);
#2969=IFCCARTESIANPOINT((-1.2296561534729555,25.626121068170015,0.16));
#2970=IFCAXIS2PLACEMENT3D(#2969,$,$);
#2971=IFCDIRECTION((0.,0.,1.));
#2972=IFCEXTRUDEDAREASOLID(#2968,#2970,#2971,2.4);
#2973=IFCCARTESIANPOINT((0.,0.));
#2974=IFCDIRECTION((-0.05240783382526791,0.9986257652162511));
#2975=IFCAXIS2PLACEMENT2D(#2973,#2974);
#2976=IFCRECTANGLEPROFILEDEF(.AREA.,$,#2975,1.65,0.012);
#2977=IFCCARTESIANPOINT((-1.3643442864038944,28.19258928477578,0.24));
#2978=IFCAXIS2PLACEMENT3D(#2977,$,$);
#2979=IFCDIRECTION((0.,0.,1.));
#2980=IFCEXTRUDEDAREASOLID(#2976,#2978,#2979,2.25);
#2981=IFCCARTESIANPOINT((0.,0.));
#2982=IFCDIRECTION((-0.05240783382526791,0.9986257652162511));
#2983=IFCAXIS2PLACEMENT2D(#2981,#2982);
#2984=IFCRECTANGLEPROFILEDEF(.AREA.,$,#2983,0.05,0.05);
#2985=IFCCARTESIANPOINT((-1.3213698626671744,27.373716157298457,0.16));
#2986=IFCAXIS2PLACEMENT3D(#2985,$,$);
#2987=IFCDIRECTION((0.,0.,1.));
#2988=IFCEXTRUDEDAREASOLID(#2984,#2986,#2987,2.4);
#2989=IFCCARTESIANPOINT((0.,0.));
#2990=IFCDIRECTION((-0.05240783382526791,0.9986257652162511));
#2991=IFCAXIS2PLACEMENT2D(#2989,#2990);
#2992=IFCRECTANGLEPROFILEDEF(.AREA.,$,#2991,1.65,0.012);
#2993=IFCCARTESIANPOINT((-1.4560579955981132,29.94018437390422,0.24));
#2994=IFCAXIS2PLACEMENT3D(#2993,$,$);
#2995=IFCDIRECTION((0.,0.,1.));
#2996=IFCEXTRUDEDAREASOLID(#2992,#2994,#2995,2.25);
#2997=IFCCARTESIANPOINT((0.,0.));
#2998=IFCDIRECTION((-0.05240783382526791,0.9986257652162511));
#2999=IFCAXIS2PLACEMENT2D(#2997,#2998);
#3000=IFCRECTANGLEPROFILEDEF(.AREA.,$,#2999,0.05,0.05);
#3001=IFCCARTESIANPOINT((-1.4130835718613932,29.121311246426895,0.16));
#3002=IFCAXIS2PLACEMENT3D(#3001,$,$);
#3003=IFCDIRECTION((0.,0.,1.));
#3004=IFCEXTRUDEDAREASOLID(#3000,#3002,#3003,2.4);
#3005=IFCCARTESIANPOINT((0.,0.));
#3006=IFCDIRECTION((-0.05240783382526791,0.9986257652162511));
#3007=IFCAXIS2PLACEMENT2D(#3005,#3006);
#3008=IFCRECTANGLEPROFILEDEF(.AREA.,$,#3007,1.65,0.012);
#3009=IFCCARTESIANPOINT((-1.5477717047923316,31.687779463032662,0.24));
#3010=IFCAXIS2PLACEMENT3D(#3009,$,$);
#3011=IFCDIRECTION((0.,0.,1.));
#3012=IFCEXTRUDEDAREASOLID(#3008,#3010,#3011,2.25);
#3013=IFCCARTESIANPOINT((0.,0.));
#3014=IFCDIRECTION((-0.05240783382526791,0.9986257652162511));
#3015=IFCAXIS2PLACEMENT2D(#3013,#3014);
#3016=IFCRECTANGLEPROFILEDEF(.AREA.,$,#3015,0.05,0.05);
#3017=IFCCARTESIANPOINT((-1.504797281055612,30.868906335555334,0.16));
#3018=IFCAXIS2PLACEMENT3D(#3017,$,$);
#3019=IFCDIRECTION((0.,0.,1.));
#3020=IFCEXTRUDEDAREASOLID(#3016,#3018,#3019,2.4);
#3021=IFCCARTESIANPOINT((0.,0.));
#3022=IFCDIRECTION((-0.05240783382526791,0.9986257652162511));
#3023=IFCAXIS2PLACEMENT2D(#3021,#3022);
#3024=IFCRECTANGLEPROFILEDEF(.AREA.,$,#3023,1.65,0.012);
#3025=IFCCARTESIANPOINT((-1.6394854139865505,33.43537455216109,0.24));
#3026=IFCAXIS2PLACEMENT3D(#3025,$,$);
#3027=IFCDIRECTION((0.,0.,1.));
#3028=IFCEXTRUDEDAREASOLID(#3024,#3026,#3027,2.25);
#3029=IFCCARTESIANPOINT((0.,0.));
#3030=IFCDIRECTION((-0.05240783382526791,0.9986257652162511));
#3031=IFCAXIS2PLACEMENT2D(#3029,#3030);
#3032=IFCRECTANGLEPROFILEDEF(.AREA.,$,#3031,0.05,0.05);
#3033=IFCCARTESIANPOINT((-1.596510990249831,32.61650142468377,0.16));
#3034=IFCAXIS2PLACEMENT3D(#3033,$,$);
#3035=IFCDIRECTION((0.,0.,1.));
#3036=IFCEXTRUDEDAREASOLID(#3032,#3034,#3035,2.4);
#3037=IFCCARTESIANPOINT((0.,0.));
#3038=IFCDIRECTION((-0.05240783382526791,0.9986257652162511));
#3039=IFCAXIS2PLACEMENT2D(#3037,#3038);
#3040=IFCRECTANGLEPROFILEDEF(.AREA.,$,#3039,1.65,0.012);
#3041=IFCCARTESIANPOINT((-1.7311991231807693,35.18296964128953,0.24));
#3042=IFCAXIS2PLACEMENT3D(#3041,$,$);
#3043=IFCDIRECTION((0.,0.,1.));
#3044=IFCEXTRUDEDAREASOLID(#3040,#3042,#3043,2.25);
#3045=IFCCARTESIANPOINT((0.,0.));
#3046=IFCDIRECTION((-0.05240783382526791,0.9986257652162511));
#3047=IFCAXIS2PLACEMENT2D(#3045,#3046);
#3048=IFCRECTANGLEPROFILEDEF(.AREA.,$,#3047,0.05,0.05);
#3049=IFCCARTESIANPOINT((-1.6882246994440497,34.36409651381221,0.16));
#3050=IFCAXIS2PLACEMENT3D(#3049,$,$);
#3051=IFCDIRECTION((0.,0.,1.));
#3052=IFCEXTRUDEDAREASOLID(#3048,#3050,#3051,2.4);
#3053=IFCCARTESIANPOINT((0.,0.));
#3054=IFCDIRECTION((-0.05240783382526791,0.9986257652162511));
#3055=IFCAXIS2PLACEMENT2D(#3053,#3054);
#3056=IFCRECTANGLEPROFILEDEF(.AREA.,$,#3055,1.65,0.012);
#3057=IFCCARTESIANPOINT((-1.9015245831128902,38.42850337824235,0.24));
#3058=IFCAXIS2PLACEMENT3D(#3057,$,$);
#3059=IFCDIRECTION((0.,0.,1.));
#3060=IFCEXTRUDEDAREASOLID(#3056,#3058,#3059,2.25);
#3061=IFCCARTESIANPOINT((0.,0.));
#3062=IFCDIRECTION((-0.05240783382526791,0.9986257652162511));
#3063=IFCAXIS2PLACEMENT2D(#3061,#3062);
#3064=IFCRECTANGLEPROFILEDEF(.AREA.,$,#3063,0.05,0.05);
#3065=IFCCARTESIANPOINT((-1.8585501593761706,37.60963025076502,0.16));
#3066=IFCAXIS2PLACEMENT3D(#3065,$,$);
#3067=IFCDIRECTION((0.,0.,1.));
#3068=IFCEXTRUDEDAREASOLID(#3064,#3066,#3067,2.4);
#3069=IFCCARTESIANPOINT((0.,0.));
#3070=IFCDIRECTION((-0.05240783382526791,0.9986257652162511));
#3071=IFCAXIS2PLACEMENT2D(#3069,#3070);
#3072=IFCRECTANGLEPROFILEDEF(.AREA.,$,#3071,1.65,0.012);
#3073=IFCCARTESIANPOINT((-1.993238292307109,40.17609846737079,0.24));
#3074=IFCAXIS2PLACEMENT3D(#3073,$,$);
#3075=IFCDIRECTION((0.,0.,1.));
#3076=IFCEXTRUDEDAREASOLID(#3072,#3074,#3075,2.25);
#3077=IFCCARTESIANPOINT((0.,0.));
#3078=IFCDIRECTION((-0.05240783382526791,0.9986257652162511));
#3079=IFCAXIS2PLACEMENT2D(#3077,#3078);
#3080=IFCRECTANGLEPROFILEDEF(.AREA.,$,#3079,0.05,0.05);
#3081=IFCCARTESIANPOINT((-1.9502638685703895,39.35722533989346,0.16));
#3082=IFCAXIS2PLACEMENT3D(#3081,$,$);
#3083=IFCDIRECTION((0.,0.,1.));
#3084=IFCEXTRUDEDAREASOLID(#3080,#3082,#3083,2.4);
#3085=IFCCARTESIANPOINT((0.,0.));
#3086=IFCDIRECTION((-0.05240783382526791,0.9986257652162511));
#3087=IFCAXIS2PLACEMENT2D(#3085,#3086);
#3088=IFCRECTANGLEPROFILEDEF(.AREA.,$,#3087,1.65,0.012);
#3089=IFCCARTESIANPOINT((-2.084952001501328,41.92369355649923,0.24));
#3090=IFCAXIS2PLACEMENT3D(#3089,$,$);
#3091=IFCDIRECTION((0.,0.,1.));
#3092=IFCEXTRUDEDAREASOLID(#3088,#3090,#3091,2.25);
#3093=IFCCARTESIANPOINT((0.,0.));
#3094=IFCDIRECTION((-0.05240783382526791,0.9986257652162511));
#3095=IFCAXIS2PLACEMENT2D(#3093,#3094);
#3096=IFCRECTANGLEPROFILEDEF(.AREA.,$,#3095,0.05,0.05);
#3097=IFCCARTESIANPOINT((-2.0419775777646083,41.104820429021906,0.16));
#3098=IFCAXIS2PLACEMENT3D(#3097,$,$);
#3099=IFCDIRECTION((0.,0.,1.));
#3100=IFCEXTRUDEDAREASOLID(#3096,#3098,#3099,2.4);
#3101=IFCSTYLEDITEM(#2580,(#81),$);
#3102=IFCSTYLEDITEM(#2596,(#81),$);
#3103=IFCSTYLEDITEM(#2612,(#81),$);
#3104=IFCSTYLEDITEM(#2628,(#81),$);
#3105=IFCSTYLEDITEM(#2644,(#81),$);
#3106=IFCSTYLEDITEM(#2660,(#81),$);
#3107=IFCSTYLEDITEM(#2676,(#81),$);
#3108=IFCSTYLEDITEM(#2692,(#81),$);
#3109=IFCSTYLEDITEM(#2708,(#81),$);
#3110=IFCSTYLEDITEM(#2724,(#81),$);
#3111=IFCSTYLEDITEM(#2740,(#81),$);
#3112=IFCSTYLEDITEM(#2756,(#81),$);
#3113=IFCSTYLEDITEM(#2772,(#81),$);
#3114=IFCSTYLEDITEM(#2788,(#81),$);
#3115=IFCSTYLEDITEM(#2804,(#81),$);
#3116=IFCSTYLEDITEM(#2820,(#81),$);
#3117=IFCSTYLEDITEM(#2836,(#81),$);
#3118=IFCSTYLEDITEM(#2852,(#81),$);
#3119=IFCSTYLEDITEM(#2868,(#81),$);
#3120=IFCSTYLEDITEM(#2884,(#81),$);
#3121=IFCSTYLEDITEM(#2900,(#81),$);
#3122=IFCSTYLEDITEM(#2916,(#81),$);
#3123=IFCSTYLEDITEM(#2932,(#81),$);
#3124=IFCSTYLEDITEM(#2948,(#81),$);
#3125=IFCSTYLEDITEM(#2964,(#81),$);
#3126=IFCSTYLEDITEM(#2980,(#81),$);
#3127=IFCSTYLEDITEM(#2996,(#81),$);
#3128=IFCSTYLEDITEM(#3012,(#81),$);
#3129=IFCSTYLEDITEM(#3028,(#81),$);
#3130=IFCSTYLEDITEM(#3044,(#81),$);
#3131=IFCSTYLEDITEM(#3060,(#81),$);
#3132=IFCSTYLEDITEM(#3076,(#81),$);
#3133=IFCSTYLEDITEM(#3092,(#81),$);
#3134=IFCSHAPEREPRESENTATION(#16,'Body','SweptSolid',(#2580,#2596,#2612,#2628,#2644,#2660,#2676,#2692,#2708,#2724,#2740,#2756,#2772,#2788,#2804,#2820,#2836,#2852,#2868,#2884,#2900,#2916,#2932,#2948,#2964,#2980,#2996,#3012,#3028,#3044,#3060,#3076,#3092));
#3135=IFCPRODUCTDEFINITIONSHAPE($,$,(#3134));
#3136=IFCLOCALPLACEMENT(#23,#13);
#3137=IFCPLATE('3vo9QKs1581v4jvlkhg0ba',#5,'Glass wind screens',$,'Frameless glass wind screen',#3136,#3135,'EL-PLT-001',.CURTAIN_PANEL.);
#3138=IFCRELASSOCIATESMATERIAL('229HBSjw1A0QeilSlyhYOn',#5,$,$,(#3137),#82);
#3139=IFCPROPERTYSINGLEVALUE('Material',$,IFCLABEL('Frameless toughened glass screen'),$);
#3140=IFCPROPERTYSINGLEVALUE('Category',$,IFCLABEL('Glass'),$);
#3141=IFCPROPERTYSINGLEVALUE('MassDensity_kg_m3',$,IFCREAL(2500.),$);
#3142=IFCPROPERTYSET('2P31NpP41AHB_G6ZfLRGH_',#5,'Pset_CDE_Material',$,(#3139,#3140,#3141));
#3143=IFCRELDEFINESBYPROPERTIES('3bfZzUiX50$hd3dp2$mhBp',#5,$,$,(#3137),#3142);
#3144=IFCPROPERTYSINGLEVALUE('GeometrySource',$,IFCLABEL('Photographs'),$);
#3145=IFCPROPERTYSINGLEVALUE('Confidence',$,IFCLABEL('Low'),$);
#3146=IFCPROPERTYSINGLEVALUE('Reference',$,IFCLABEL('PHOTO'),$);
#3147=IFCPROPERTYSET('00wqjdnlHBmfR11Z806djw',#5,'Pset_CDE_Provenance',$,(#3144,#3145,#3146));
#3148=IFCRELDEFINESBYPROPERTIES('0k29NjiQ9BwOVX6XJx7YMH',#5,$,$,(#3137),#3147);
#3149=IFCPROPERTYSINGLEVALUE('Panels',$,IFCINTEGER(33),$);
#3150=IFCPROPERTYSINGLEVALUE('PanelWidth_m',$,IFCREAL(1.65),$);
#3151=IFCPROPERTYSINGLEVALUE('Height_m',$,IFCREAL(2.25),$);
#3152=IFCPROPERTYSET('2tAeTFgLXBqutQfQFAtD1X',#5,'Pset_CDE_Screen',$,(#3149,#3150,#3151));
#3153=IFCRELDEFINESBYPROPERTIES('27_PZK0Yj1owyCo7dgVX09',#5,$,$,(#3137),#3152);
#3154=IFCPROPERTYSINGLEVALUE('AssetClass',$,IFCLABEL('Furniture > Screens'),$);
#3155=IFCPROPERTYSINGLEVALUE('InspectionInterval_months',$,IFCINTEGER(6),$);
#3156=IFCPROPERTYSINGLEVALUE('DesignServiceLife_years',$,IFCINTEGER(20),$);
#3157=IFCPROPERTYSINGLEVALUE('Criticality',$,IFCLABEL('Medium'),$);
#3158=IFCPROPERTYSINGLEVALUE('DataStatus',$,IFCLABEL('Demo values \X2\2014\X0\ to be replaced with the owner''s asset register'),$);
#3159=IFCPROPERTYSET('2jCIy8eWz8YgI_iodWk3bP',#5,'Pset_CDE_AssetManagement (demo)',$,(#3154,#3155,#3156,#3157,#3158));
#3160=IFCRELDEFINESBYPROPERTIES('3r296G9Gn6MQSnqz4zTy7s',#5,$,$,(#3137),#3159);
#3161=IFCSTYLEDITEM(#2588,(#63),$);
#3162=IFCSTYLEDITEM(#2604,(#63),$);
#3163=IFCSTYLEDITEM(#2620,(#63),$);
#3164=IFCSTYLEDITEM(#2636,(#63),$);
#3165=IFCSTYLEDITEM(#2652,(#63),$);
#3166=IFCSTYLEDITEM(#2668,(#63),$);
#3167=IFCSTYLEDITEM(#2684,(#63),$);
#3168=IFCSTYLEDITEM(#2700,(#63),$);
#3169=IFCSTYLEDITEM(#2716,(#63),$);
#3170=IFCSTYLEDITEM(#2732,(#63),$);
#3171=IFCSTYLEDITEM(#2748,(#63),$);
#3172=IFCSTYLEDITEM(#2764,(#63),$);
#3173=IFCSTYLEDITEM(#2780,(#63),$);
#3174=IFCSTYLEDITEM(#2796,(#63),$);
#3175=IFCSTYLEDITEM(#2812,(#63),$);
#3176=IFCSTYLEDITEM(#2828,(#63),$);
#3177=IFCSTYLEDITEM(#2844,(#63),$);
#3178=IFCSTYLEDITEM(#2860,(#63),$);
#3179=IFCSTYLEDITEM(#2876,(#63),$);
#3180=IFCSTYLEDITEM(#2892,(#63),$);
#3181=IFCSTYLEDITEM(#2908,(#63),$);
#3182=IFCSTYLEDITEM(#2924,(#63),$);
#3183=IFCSTYLEDITEM(#2940,(#63),$);
#3184=IFCSTYLEDITEM(#2956,(#63),$);
#3185=IFCSTYLEDITEM(#2972,(#63),$);
#3186=IFCSTYLEDITEM(#2988,(#63),$);
#3187=IFCSTYLEDITEM(#3004,(#63),$);
#3188=IFCSTYLEDITEM(#3020,(#63),$);
#3189=IFCSTYLEDITEM(#3036,(#63),$);
#3190=IFCSTYLEDITEM(#3052,(#63),$);
#3191=IFCSTYLEDITEM(#3068,(#63),$);
#3192=IFCSTYLEDITEM(#3084,(#63),$);
#3193=IFCSTYLEDITEM(#3100,(#63),$);
#3194=IFCSHAPEREPRESENTATION(#16,'Body','SweptSolid',(#2588,#2604,#2620,#2636,#2652,#2668,#2684,#2700,#2716,#2732,#2748,#2764,#2780,#2796,#2812,#2828,#2844,#2860,#2876,#2892,#2908,#2924,#2940,#2956,#2972,#2988,#3004,#3020,#3036,#3052,#3068,#3084,#3100));
#3195=IFCPRODUCTDEFINITIONSHAPE($,$,(#3194));
#3196=IFCLOCALPLACEMENT(#23,#13);
#3197=IFCMEMBER('0WE3M4aXPCeQEyiD6NiD7j',#5,'Wind screen posts',$,'Screen posts',#3196,#3195,'EL-MEM-002',.POST.);
#3198=IFCRELASSOCIATESMATERIAL('1Ko43ZbfrCDQb3C9ox1XBG',#5,$,$,(#3197),#64);
#3199=IFCPROPERTYSINGLEVALUE('Reference',$,IFCLABEL('Screen posts'),$);
#3200=IFCPROPERTYSINGLEVALUE('IsExternal',$,IFCBOOLEAN(.T.),$);
#3201=IFCPROPERTYSINGLEVALUE('Status',$,IFCLABEL('EXISTING'),$);
#3202=IFCPROPERTYSET('2eGGnM1eHCae5uDnPDJqX5',#5,'Pset_MemberCommon',$,(#3199,#3200,#3201));
#3203=IFCRELDEFINESBYPROPERTIES('3yQespIwz2lh$3N8r_ezr3',#5,$,$,(#3197),#3202);
#3204=IFCPROPERTYSINGLEVALUE('Material',$,IFCLABEL('Dark grey painted steel'),$);
#3205=IFCPROPERTYSINGLEVALUE('Category',$,IFCLABEL('Metal'),$);
#3206=IFCPROPERTYSINGLEVALUE('Description',$,IFCLABEL('Canopy structure, poles, kiosks'),$);
#3207=IFCPROPERTYSINGLEVALUE('MassDensity_kg_m3',$,IFCREAL(7850.),$);
#3208=IFCPROPERTYSET('0QY_k34M15bBn9$aRBWNNU',#5,'Pset_CDE_Material',$,(#3204,#3205,#3206,#3207));
#3209=IFCRELDEFINESBYPROPERTIES('3L_PqZhAz5NuM27jPPyg88',#5,$,$,(#3197),#3208);
#3210=IFCPROPERTYSINGLEVALUE('GeometrySource',$,IFCLABEL('Photographs'),$);
#3211=IFCPROPERTYSINGLEVALUE('Confidence',$,IFCLABEL('Low'),$);
#3212=IFCPROPERTYSINGLEVALUE('Reference',$,IFCLABEL('PHOTO'),$);
#3213=IFCPROPERTYSET('0yVqsfo_56MfY2APKZpc3q',#5,'Pset_CDE_Provenance',$,(#3210,#3211,#3212));
#3214=IFCRELDEFINESBYPROPERTIES('1eV39N63T4L9s1IG955E4c',#5,$,$,(#3197),#3213);
#3215=IFCCARTESIANPOINT((0.,0.));
#3216=IFCDIRECTION((-0.05240783382526791,0.9986257652162511));
#3217=IFCAXIS2PLACEMENT2D(#3215,#3216);
#3218=IFCRECTANGLEPROFILEDEF(.AREA.,$,#3217,1.9,0.46);
#3219=IFCCARTESIANPOINT((1.6247722412848808,-16.3619860401434,0.58));
#3220=IFCAXIS2PLACEMENT3D(#3219,$,$);
#3221=IFCDIRECTION((0.,0.,1.));
#3222=IFCEXTRUDEDAREASOLID(#3218,#3220,#3221,0.05);
#3223=IFCCARTESIANPOINT((0.,0.));
#3224=IFCDIRECTION((-0.05240783382526791,0.9986257652162511));
#3225=IFCAXIS2PLACEMENT2D(#3223,#3224);
#3226=IFCRECTANGLEPROFILEDEF(.AREA.,$,#3225,1.9,0.05);
#3227=IFCCARTESIANPOINT((1.8344836519802934,-16.350980395040093,0.63));
#3228=IFCAXIS2PLACEMENT3D(#3227,$,$);
#3229=IFCDIRECTION((0.,0.,1.));
#3230=IFCEXTRUDEDAREASOLID(#3226,#3228,#3229,0.4);
#3231=IFCCARTESIANPOINT((0.,0.));
#3232=IFCDIRECTION((-0.05240783382526791,0.9986257652162511));
#3233=IFCAXIS2PLACEMENT2D(#3231,#3232);
#3234=IFCRECTANGLEPROFILEDEF(.AREA.,$,#3233,0.06,0.4);
#3235=IFCCARTESIANPOINT((1.6666985083450954,-17.160886652316403,0.16));
#3236=IFCAXIS2PLACEMENT3D(#3235,$,$);
#3237=IFCDIRECTION((0.,0.,1.));
#3238=IFCEXTRUDEDAREASOLID(#3234,#3236,#3237,0.42);
#3239=IFCCARTESIANPOINT((0.,0.));
#3240=IFCDIRECTION((-0.05240783382526791,0.9986257652162511));
#3241=IFCAXIS2PLACEMENT2D(#3239,#3240);
#3242=IFCRECTANGLEPROFILEDEF(.AREA.,$,#3241,0.06,0.4);
#3243=IFCCARTESIANPOINT((1.5828459742246666,-15.563085427970401,0.16));
#3244=IFCAXIS2PLACEMENT3D(#3243,$,$);
#3245=IFCDIRECTION((0.,0.,1.));
#3246=IFCEXTRUDEDAREASOLID(#3242,#3244,#3245,0.42);
#3247=IFCSTYLEDITEM(#3222,(#104),$);
#3248=IFCSTYLEDITEM(#3230,(#104),$);
#3249=IFCSHAPEREPRESENTATION(#16,'Body','SweptSolid',(#3222,#3230));
#3250=IFCPRODUCTDEFINITIONSHAPE($,$,(#3249));
#3251=IFCLOCALPLACEMENT(#23,#13);
#3252=IFCFURNISHINGELEMENT('2OKXIqhkr2NRzrTBbze6z_',#5,'Bench 01',$,'Bench with backrest',#3251,#3250,'EL-ART-001');
#3253=IFCRELASSOCIATESMATERIAL('3yF3WZloj7GRx5grlTVeoD',#5,$,$,(#3252),#105);
#3254=IFCPROPERTYSINGLEVALUE('Reference',$,IFCLABEL('Bench with backrest'),$);
#3255=IFCPROPERTYSINGLEVALUE('Status',$,IFCLABEL('EXISTING'),$);
#3256=IFCPROPERTYSET('02B58Zdy59ePKFft3P8Wxg',#5,'Pset_FurnitureTypeCommon',$,(#3254,#3255));
#3257=IFCRELDEFINESBYPROPERTIES('3HoFxO2rzCrum$dkDwmQs1',#5,$,$,(#3252),#3256);
#3258=IFCPROPERTYSINGLEVALUE('Material',$,IFCLABEL('Bench slats, oiled wood'),$);
#3259=IFCPROPERTYSINGLEVALUE('Category',$,IFCLABEL('Wood'),$);
#3260=IFCPROPERTYSINGLEVALUE('MassDensity_kg_m3',$,IFCREAL(650.),$);
#3261=IFCPROPERTYSET('087KtOiDL7RgeqdCJjZaZ1',#5,'Pset_CDE_Material',$,(#3258,#3259,#3260));
#3262=IFCRELDEFINESBYPROPERTIES('2g9T9ry4PEyeNwVYWe8mXC',#5,$,$,(#3252),#3261);
#3263=IFCPROPERTYSINGLEVALUE('GeometrySource',$,IFCLABEL('Photographs'),$);
#3264=IFCPROPERTYSINGLEVALUE('Confidence',$,IFCLABEL('Low'),$);
#3265=IFCPROPERTYSINGLEVALUE('Reference',$,IFCLABEL('PHOTO'),$);
#3266=IFCPROPERTYSET('0Sp6oT0i5ESh4oeVVs82b4',#5,'Pset_CDE_Provenance',$,(#3263,#3264,#3265));
#3267=IFCRELDEFINESBYPROPERTIES('1o2eV0fmb8TQEZMxmSEalq',#5,$,$,(#3252),#3266);
#3268=IFCPROPERTYSINGLEVALUE('AssetClass',$,IFCLABEL('Furniture > Benches'),$);
#3269=IFCPROPERTYSINGLEVALUE('InspectionInterval_months',$,IFCINTEGER(12),$);
#3270=IFCPROPERTYSINGLEVALUE('DesignServiceLife_years',$,IFCINTEGER(15),$);
#3271=IFCPROPERTYSINGLEVALUE('Criticality',$,IFCLABEL('Low'),$);
#3272=IFCPROPERTYSINGLEVALUE('DataStatus',$,IFCLABEL('Demo values \X2\2014\X0\ to be replaced with the owner''s asset register'),$);
#3273=IFCPROPERTYSET('09q7KNqE97fgm5opK_d0Wf',#5,'Pset_CDE_AssetManagement (demo)',$,(#3268,#3269,#3270,#3271,#3272));
#3274=IFCRELDEFINESBYPROPERTIES('091LPjYtPAKBG7XhkRiUfC',#5,$,$,(#3252),#3273);
#3275=IFCSTYLEDITEM(#3238,(#63),$);
#3276=IFCSTYLEDITEM(#3246,(#63),$);
#3277=IFCSHAPEREPRESENTATION(#16,'Body','SweptSolid',(#3238,#3246));
#3278=IFCPRODUCTDEFINITIONSHAPE($,$,(#3277));
#3279=IFCLOCALPLACEMENT(#23,#13);
#3280=IFCMEMBER('3k_8PT89D0rvgCaUpLZLiV',#5,'Bench 01 frame',$,'Bench frame',#3279,#3278,'EL-MEM-003',.USERDEFINED.);
#3281=IFCRELASSOCIATESMATERIAL('0KBjjT0MX6OBG5pU3k60_V',#5,$,$,(#3280),#64);
#3282=IFCPROPERTYSINGLEVALUE('Reference',$,IFCLABEL('Bench frame'),$);
#3283=IFCPROPERTYSINGLEVALUE('IsExternal',$,IFCBOOLEAN(.T.),$);
#3284=IFCPROPERTYSINGLEVALUE('Status',$,IFCLABEL('EXISTING'),$);
#3285=IFCPROPERTYSET('1Cc1JrsET4quFODaYqrMb0',#5,'Pset_MemberCommon',$,(#3282,#3283,#3284));
#3286=IFCRELDEFINESBYPROPERTIES('0zumNTtcnF3hn1RVW4U0CW',#5,$,$,(#3280),#3285);
#3287=IFCPROPERTYSINGLEVALUE('Material',$,IFCLABEL('Dark grey painted steel'),$);
#3288=IFCPROPERTYSINGLEVALUE('Category',$,IFCLABEL('Metal'),$);
#3289=IFCPROPERTYSINGLEVALUE('Description',$,IFCLABEL('Canopy structure, poles, kiosks'),$);
#3290=IFCPROPERTYSINGLEVALUE('MassDensity_kg_m3',$,IFCREAL(7850.),$);
#3291=IFCPROPERTYSET('1zPhUzhALB_vkeYfR29hoy',#5,'Pset_CDE_Material',$,(#3287,#3288,#3289,#3290));
#3292=IFCRELDEFINESBYPROPERTIES('1_pXYTEKz78A93L6_5_ERU',#5,$,$,(#3280),#3291);
#3293=IFCPROPERTYSINGLEVALUE('GeometrySource',$,IFCLABEL('Photographs'),$);
#3294=IFCPROPERTYSINGLEVALUE('Confidence',$,IFCLABEL('Low'),$);
#3295=IFCPROPERTYSINGLEVALUE('Reference',$,IFCLABEL('PHOTO'),$);
#3296=IFCPROPERTYSET('2ZRt1rF3D0AOTpeSe29GfZ',#5,'Pset_CDE_Provenance',$,(#3293,#3294,#3295));
#3297=IFCRELDEFINESBYPROPERTIES('1YsObKv$bClx_UJIdkw3PG',#5,$,$,(#3280),#3296);
#3298=IFCCARTESIANPOINT((0.,0.));
#3299=IFCDIRECTION((-0.05240783382526791,0.9986257652162511));
#3300=IFCAXIS2PLACEMENT2D(#3298,#3299);
#3301=IFCRECTANGLEPROFILEDEF(.AREA.,$,#3300,1.9,0.46);
#3302=IFCCARTESIANPOINT((0.3265587465037545,-16.430116224116247,0.58));
#3303=IFCAXIS2PLACEMENT3D(#3302,$,$);
#3304=IFCDIRECTION((0.,0.,1.));
#3305=IFCEXTRUDEDAREASOLID(#3301,#3303,#3304,0.05);
#3306=IFCCARTESIANPOINT((0.,0.));
#3307=IFCDIRECTION((-0.05240783382526791,0.9986257652162511));
#3308=IFCAXIS2PLACEMENT2D(#3306,#3307);
#3309=IFCRECTANGLEPROFILEDEF(.AREA.,$,#3308,1.9,0.05);
#3310=IFCCARTESIANPOINT((0.11684733580834195,-16.441121869219554,0.63));
#3311=IFCAXIS2PLACEMENT3D(#3310,$,$);
#3312=IFCDIRECTION((0.,0.,1.));
#3313=IFCEXTRUDEDAREASOLID(#3309,#3311,#3312,0.4);
#3314=IFCCARTESIANPOINT((0.,0.));
#3315=IFCDIRECTION((-0.05240783382526791,0.9986257652162511));
#3316=IFCAXIS2PLACEMENT2D(#3314,#3315);
#3317=IFCRECTANGLEPROFILEDEF(.AREA.,$,#3316,0.06,0.4);
#3318=IFCCARTESIANPOINT((0.368485013563969,-17.22901683628925,0.16));
#3319=IFCAXIS2PLACEMENT3D(#3318,$,$);
#3320=IFCDIRECTION((0.,0.,1.));
#3321=IFCEXTRUDEDAREASOLID(#3317,#3319,#3320,0.42);
#3322=IFCCARTESIANPOINT((0.,0.));
#3323=IFCDIRECTION((-0.05240783382526791,0.9986257652162511));
#3324=IFCAXIS2PLACEMENT2D(#3322,#3323);
#3325=IFCRECTANGLEPROFILEDEF(.AREA.,$,#3324,0.06,0.4);
#3326=IFCCARTESIANPOINT((0.2846324794435402,-15.631215611943249,0.16));
#3327=IFCAXIS2PLACEMENT3D(#3326,$,$);
#3328=IFCDIRECTION((0.,0.,1.));
#3329=IFCEXTRUDEDAREASOLID(#3325,#3327,#3328,0.42);
#3330=IFCSTYLEDITEM(#3305,(#104),$);
#3331=IFCSTYLEDITEM(#3313,(#104),$);
#3332=IFCSHAPEREPRESENTATION(#16,'Body','SweptSolid',(#3305,#3313));
#3333=IFCPRODUCTDEFINITIONSHAPE($,$,(#3332));
#3334=IFCLOCALPLACEMENT(#23,#13);
#3335=IFCFURNISHINGELEMENT('32kJKbSv5C0ORMECCw46Yg',#5,'Bench 02',$,'Bench with backrest',#3334,#3333,'EL-ART-002');
#3336=IFCRELASSOCIATESMATERIAL('1mXMexomv4LPC9UDbtVvwf',#5,$,$,(#3335),#105);
#3337=IFCPROPERTYSINGLEVALUE('Reference',$,IFCLABEL('Bench with backrest'),$);
#3338=IFCPROPERTYSINGLEVALUE('Status',$,IFCLABEL('EXISTING'),$);
#3339=IFCPROPERTYSET('0j$8Y_6S54xefb69HRBOne',#5,'Pset_FurnitureTypeCommon',$,(#3337,#3338));
#3340=IFCRELDEFINESBYPROPERTIES('2NoOF$Ht1C18D6pHlf3pPl',#5,$,$,(#3335),#3339);
#3341=IFCPROPERTYSINGLEVALUE('Material',$,IFCLABEL('Bench slats, oiled wood'),$);
#3342=IFCPROPERTYSINGLEVALUE('Category',$,IFCLABEL('Wood'),$);
#3343=IFCPROPERTYSINGLEVALUE('MassDensity_kg_m3',$,IFCREAL(650.),$);
#3344=IFCPROPERTYSET('1PStcIEIr3GRGZhDg3Tr23',#5,'Pset_CDE_Material',$,(#3341,#3342,#3343));
#3345=IFCRELDEFINESBYPROPERTIES('29eUUrqD58AB4IpiPhRrhV',#5,$,$,(#3335),#3344);
#3346=IFCPROPERTYSINGLEVALUE('GeometrySource',$,IFCLABEL('Photographs'),$);
#3347=IFCPROPERTYSINGLEVALUE('Confidence',$,IFCLABEL('Low'),$);
#3348=IFCPROPERTYSINGLEVALUE('Reference',$,IFCLABEL('PHOTO'),$);
#3349=IFCPROPERTYSET('2d6O2DjD92jhdvs5ha8SRz',#5,'Pset_CDE_Provenance',$,(#3346,#3347,#3348));
#3350=IFCRELDEFINESBYPROPERTIES('3lcD97sZv0dvEW7ZJ7SL9p',#5,$,$,(#3335),#3349);
#3351=IFCPROPERTYSINGLEVALUE('AssetClass',$,IFCLABEL('Furniture > Benches'),$);
#3352=IFCPROPERTYSINGLEVALUE('InspectionInterval_months',$,IFCINTEGER(12),$);
#3353=IFCPROPERTYSINGLEVALUE('DesignServiceLife_years',$,IFCINTEGER(15),$);
#3354=IFCPROPERTYSINGLEVALUE('Criticality',$,IFCLABEL('Low'),$);
#3355=IFCPROPERTYSINGLEVALUE('DataStatus',$,IFCLABEL('Demo values \X2\2014\X0\ to be replaced with the owner''s asset register'),$);
#3356=IFCPROPERTYSET('0SX5t4Jqb2te32bPXgtlQm',#5,'Pset_CDE_AssetManagement (demo)',$,(#3351,#3352,#3353,#3354,#3355));
#3357=IFCRELDEFINESBYPROPERTIES('2aV6zR_7jBtupe1Utn_3LT',#5,$,$,(#3335),#3356);
#3358=IFCSTYLEDITEM(#3321,(#63),$);
#3359=IFCSTYLEDITEM(#3329,(#63),$);
#3360=IFCSHAPEREPRESENTATION(#16,'Body','SweptSolid',(#3321,#3329));
#3361=IFCPRODUCTDEFINITIONSHAPE($,$,(#3360));
#3362=IFCLOCALPLACEMENT(#23,#13);
#3363=IFCMEMBER('2BzLOc9zzDROAZ3xkkiy9j',#5,'Bench 02 frame',$,'Bench frame',#3362,#3361,'EL-MEM-004',.USERDEFINED.);
#3364=IFCRELASSOCIATESMATERIAL('1lnEmtsqP0CfXZyq3Cxrzv',#5,$,$,(#3363),#64);
#3365=IFCPROPERTYSINGLEVALUE('Reference',$,IFCLABEL('Bench frame'),$);
#3366=IFCPROPERTYSINGLEVALUE('IsExternal',$,IFCBOOLEAN(.T.),$);
#3367=IFCPROPERTYSINGLEVALUE('Status',$,IFCLABEL('EXISTING'),$);
#3368=IFCPROPERTYSET('1tV2ZiS4fCG9S6T7UjYJtb',#5,'Pset_MemberCommon',$,(#3365,#3366,#3367));
#3369=IFCRELDEFINESBYPROPERTIES('0MpWGaMFzALf7IWRgnLsKN',#5,$,$,(#3363),#3368);
#3370=IFCPROPERTYSINGLEVALUE('Material',$,IFCLABEL('Dark grey painted steel'),$);
#3371=IFCPROPERTYSINGLEVALUE('Category',$,IFCLABEL('Metal'),$);
#3372=IFCPROPERTYSINGLEVALUE('Description',$,IFCLABEL('Canopy structure, poles, kiosks'),$);
#3373=IFCPROPERTYSINGLEVALUE('MassDensity_kg_m3',$,IFCREAL(7850.),$);
#3374=IFCPROPERTYSET('2Ewj6lPbXE2R_a_jFTBiRI',#5,'Pset_CDE_Material',$,(#3370,#3371,#3372,#3373));
#3375=IFCRELDEFINESBYPROPERTIES('0vcT4RRRjCCRNPMDU0yIhV',#5,$,$,(#3363),#3374);
#3376=IFCPROPERTYSINGLEVALUE('GeometrySource',$,IFCLABEL('Photographs'),$);
#3377=IFCPROPERTYSINGLEVALUE('Confidence',$,IFCLABEL('Low'),$);
#3378=IFCPROPERTYSINGLEVALUE('Reference',$,IFCLABEL('PHOTO'),$);
#3379=IFCPROPERTYSET('0jwlX6ka99k9U$RR2iPvpX',#5,'Pset_CDE_Provenance',$,(#3376,#3377,#3378));
#3380=IFCRELDEFINESBYPROPERTIES('3rOKydd$fE8Rf2w1OUYlTj',#5,$,$,(#3363),#3379);
#3381=IFCCARTESIANPOINT((0.,0.));
#3382=IFCDIRECTION((-0.05240783382526791,0.9986257652162511));
#3383=IFCAXIS2PLACEMENT2D(#3381,#3382);
#3384=IFCRECTANGLEPROFILEDEF(.AREA.,$,#3383,1.9,0.46);
#3385=IFCCARTESIANPOINT((0.9958782353816661,-4.3784768575483906,0.58));
#3386=IFCAXIS2PLACEMENT3D(#3385,$,$);
#3387=IFCDIRECTION((0.,0.,1.));
#3388=IFCEXTRUDEDAREASOLID(#3384,#3386,#3387,0.05);
#3389=IFCCARTESIANPOINT((0.,0.));
#3390=IFCDIRECTION((-0.05240783382526791,0.9986257652162511));
#3391=IFCAXIS2PLACEMENT2D(#3389,#3390);
#3392=IFCRECTANGLEPROFILEDEF(.AREA.,$,#3391,1.9,0.05);
#3393=IFCCARTESIANPOINT((1.2055896460770787,-4.367471212445085,0.63));
#3394=IFCAXIS2PLACEMENT3D(#3393,$,$);
#3395=IFCDIRECTION((0.,0.,1.));
#3396=IFCEXTRUDEDAREASOLID(#3392,#3394,#3395,0.4);
#3397=IFCCARTESIANPOINT((0.,0.));
#3398=IFCDIRECTION((-0.05240783382526791,0.9986257652162511));
#3399=IFCAXIS2PLACEMENT2D(#3397,#3398);
#3400=IFCRECTANGLEPROFILEDEF(.AREA.,$,#3399,0.06,0.4);
#3401=IFCCARTESIANPOINT((1.0378045024418805,-5.177377469721392,0.16));
#3402=IFCAXIS2PLACEMENT3D(#3401,$,$);
#3403=IFCDIRECTION((0.,0.,1.));
#3404=IFCEXTRUDEDAREASOLID(#3400,#3402,#3403,0.42);
#3405=IFCCARTESIANPOINT((0.,0.));
#3406=IFCDIRECTION((-0.05240783382526791,0.9986257652162511));
#3407=IFCAXIS2PLACEMENT2D(#3405,#3406);
#3408=IFCRECTANGLEPROFILEDEF(.AREA.,$,#3407,0.06,0.4);
#3409=IFCCARTESIANPOINT((0.9539519683214516,-3.579576245375389,0.16));
#3410=IFCAXIS2PLACEMENT3D(#3409,$,$);
#3411=IFCDIRECTION((0.,0.,1.));
#3412=IFCEXTRUDEDAREASOLID(#3408,#3410,#3411,0.42);
#3413=IFCSTYLEDITEM(#3388,(#104),$);
#3414=IFCSTYLEDITEM(#3396,(#104),$);
#3415=IFCSHAPEREPRESENTATION(#16,'Body','SweptSolid',(#3388,#3396));
#3416=IFCPRODUCTDEFINITIONSHAPE($,$,(#3415));
#3417=IFCLOCALPLACEMENT(#23,#13);
#3418=IFCFURNISHINGELEMENT('17Zfpt0M933hsChQlkiplD',#5,'Bench 03',$,'Bench with backrest',#3417,#3416,'EL-ART-003');
#3419=IFCRELASSOCIATESMATERIAL('2EF3aGkmT4dfrFy6y2yFPh',#5,$,$,(#3418),#105);
#3420=IFCPROPERTYSINGLEVALUE('Reference',$,IFCLABEL('Bench with backrest'),$);
#3421=IFCPROPERTYSINGLEVALUE('Status',$,IFCLABEL('EXISTING'),$);
#3422=IFCPROPERTYSET('3ulfqc6694lwyrKbVRRecR',#5,'Pset_FurnitureTypeCommon',$,(#3420,#3421));
#3423=IFCRELDEFINESBYPROPERTIES('3bJ5SUZ1XEcfn3KiAeinCt',#5,$,$,(#3418),#3422);
#3424=IFCPROPERTYSINGLEVALUE('Material',$,IFCLABEL('Bench slats, oiled wood'),$);
#3425=IFCPROPERTYSINGLEVALUE('Category',$,IFCLABEL('Wood'),$);
#3426=IFCPROPERTYSINGLEVALUE('MassDensity_kg_m3',$,IFCREAL(650.),$);
#3427=IFCPROPERTYSET('3v3a_iDjfE7QATRHDYFZA9',#5,'Pset_CDE_Material',$,(#3424,#3425,#3426));
#3428=IFCRELDEFINESBYPROPERTIES('2hg_pgA3nFv8rxvik01TPJ',#5,$,$,(#3418),#3427);
#3429=IFCPROPERTYSINGLEVALUE('GeometrySource',$,IFCLABEL('Photographs'),$);
#3430=IFCPROPERTYSINGLEVALUE('Confidence',$,IFCLABEL('Low'),$);
#3431=IFCPROPERTYSINGLEVALUE('Reference',$,IFCLABEL('PHOTO'),$);
#3432=IFCPROPERTYSET('1SxZRdgMrDqfnCo1_SbzIT',#5,'Pset_CDE_Provenance',$,(#3429,#3430,#3431));
#3433=IFCRELDEFINESBYPROPERTIES('2uw3XD5xX8Vu4Tzbcrizr6',#5,$,$,(#3418),#3432);
#3434=IFCPROPERTYSINGLEVALUE('AssetClass',$,IFCLABEL('Furniture > Benches'),$);
#3435=IFCPROPERTYSINGLEVALUE('InspectionInterval_months',$,IFCINTEGER(12),$);
#3436=IFCPROPERTYSINGLEVALUE('DesignServiceLife_years',$,IFCINTEGER(15),$);
#3437=IFCPROPERTYSINGLEVALUE('Criticality',$,IFCLABEL('Low'),$);
#3438=IFCPROPERTYSINGLEVALUE('DataStatus',$,IFCLABEL('Demo values \X2\2014\X0\ to be replaced with the owner''s asset register'),$);
#3439=IFCPROPERTYSET('3ae94z7cr32OMI8Dqm8JmB',#5,'Pset_CDE_AssetManagement (demo)',$,(#3434,#3435,#3436,#3437,#3438));
#3440=IFCRELDEFINESBYPROPERTIES('1lNDa5oQzFuAowPAu07waP',#5,$,$,(#3418),#3439);
#3441=IFCSTYLEDITEM(#3404,(#63),$);
#3442=IFCSTYLEDITEM(#3412,(#63),$);
#3443=IFCSHAPEREPRESENTATION(#16,'Body','SweptSolid',(#3404,#3412));
#3444=IFCPRODUCTDEFINITIONSHAPE($,$,(#3443));
#3445=IFCLOCALPLACEMENT(#23,#13);
#3446=IFCMEMBER('1FfRXmqMzFugO1V900PQ0X',#5,'Bench 03 frame',$,'Bench frame',#3445,#3444,'EL-MEM-005',.USERDEFINED.);
#3447=IFCRELASSOCIATESMATERIAL('1LEs9WyUX8muQWak5L03Ko',#5,$,$,(#3446),#64);
#3448=IFCPROPERTYSINGLEVALUE('Reference',$,IFCLABEL('Bench frame'),$);
#3449=IFCPROPERTYSINGLEVALUE('IsExternal',$,IFCBOOLEAN(.T.),$);
#3450=IFCPROPERTYSINGLEVALUE('Status',$,IFCLABEL('EXISTING'),$);
#3451=IFCPROPERTYSET('0QnpqYIUv1Q8qCJBTAq8N$',#5,'Pset_MemberCommon',$,(#3448,#3449,#3450));
#3452=IFCRELDEFINESBYPROPERTIES('0KHua7V9r0TOrR_O63uIHr',#5,$,$,(#3446),#3451);
#3453=IFCPROPERTYSINGLEVALUE('Material',$,IFCLABEL('Dark grey painted steel'),$);
#3454=IFCPROPERTYSINGLEVALUE('Category',$,IFCLABEL('Metal'),$);
#3455=IFCPROPERTYSINGLEVALUE('Description',$,IFCLABEL('Canopy structure, poles, kiosks'),$);
#3456=IFCPROPERTYSINGLEVALUE('MassDensity_kg_m3',$,IFCREAL(7850.),$);
#3457=IFCPROPERTYSET('276xNd0Ef3TOLeXXjQmwm9',#5,'Pset_CDE_Material',$,(#3453,#3454,#3455,#3456));
#3458=IFCRELDEFINESBYPROPERTIES('09TPbCH_fBQx2rXKo5_3Py',#5,$,$,(#3446),#3457);
#3459=IFCPROPERTYSINGLEVALUE('GeometrySource',$,IFCLABEL('Photographs'),$);
#3460=IFCPROPERTYSINGLEVALUE('Confidence',$,IFCLABEL('Low'),$);
#3461=IFCPROPERTYSINGLEVALUE('Reference',$,IFCLABEL('PHOTO'),$);
#3462=IFCPROPERTYSET('3zmMqjnoX8Dficc7pn8DGg',#5,'Pset_CDE_Provenance',$,(#3459,#3460,#3461));
#3463=IFCRELDEFINESBYPROPERTIES('2XkE2IJKX0t81DbI$Z$_gg',#5,$,$,(#3446),#3462);
#3464=IFCCARTESIANPOINT((0.,0.));
#3465=IFCDIRECTION((-0.05240783382526791,0.9986257652162511));
#3466=IFCAXIS2PLACEMENT2D(#3464,#3465);
#3467=IFCRECTANGLEPROFILEDEF(.AREA.,$,#3466,1.9,0.46);
#3468=IFCCARTESIANPOINT((-0.30233525939946015,-4.446607041521239,0.58));
#3469=IFCAXIS2PLACEMENT3D(#3468,$,$);
#3470=IFCDIRECTION((0.,0.,1.));
#3471=IFCEXTRUDEDAREASOLID(#3467,#3469,#3470,0.05);
#3472=IFCCARTESIANPOINT((0.,0.));
#3473=IFCDIRECTION((-0.05240783382526791,0.9986257652162511));
#3474=IFCAXIS2PLACEMENT2D(#3472,#3473);
#3475=IFCRECTANGLEPROFILEDEF(.AREA.,$,#3474,1.9,0.05);
#3476=IFCCARTESIANPOINT((-0.5120466700948727,-4.457612686624545,0.63));
#3477=IFCAXIS2PLACEMENT3D(#3476,$,$);
#3478=IFCDIRECTION((0.,0.,1.));
#3479=IFCEXTRUDEDAREASOLID(#3475,#3477,#3478,0.4);
#3480=IFCCARTESIANPOINT((0.,0.));
#3481=IFCDIRECTION((-0.05240783382526791,0.9986257652162511));
#3482=IFCAXIS2PLACEMENT2D(#3480,#3481);
#3483=IFCRECTANGLEPROFILEDEF(.AREA.,$,#3482,0.06,0.4);
#3484=IFCCARTESIANPOINT((-0.26040899233924586,-5.245507653694241,0.16));
#3485=IFCAXIS2PLACEMENT3D(#3484,$,$);
#3486=IFCDIRECTION((0.,0.,1.));
#3487=IFCEXTRUDEDAREASOLID(#3483,#3485,#3486,0.42);
#3488=IFCCARTESIANPOINT((0.,0.));
#3489=IFCDIRECTION((-0.05240783382526791,0.9986257652162511));
#3490=IFCAXIS2PLACEMENT2D(#3488,#3489);
#3491=IFCRECTANGLEPROFILEDEF(.AREA.,$,#3490,0.06,0.4);
#3492=IFCCARTESIANPOINT((-0.34426152645967467,-3.6477064293482373,0.16));
#3493=IFCAXIS2PLACEMENT3D(#3492,$,$);
#3494=IFCDIRECTION((0.,0.,1.));
#3495=IFCEXTRUDEDAREASOLID(#3491,#3493,#3494,0.42);
#3496=IFCSTYLEDITEM(#3471,(#104),$);
#3497=IFCSTYLEDITEM(#3479,(#104),$);
#3498=IFCSHAPEREPRESENTATION(#16,'Body','SweptSolid',(#3471,#3479));
#3499=IFCPRODUCTDEFINITIONSHAPE($,$,(#3498));
#3500=IFCLOCALPLACEMENT(#23,#13);
#3501=IFCFURNISHINGELEMENT('2wiCBj5R9618$aaq8wKrbx',#5,'Bench 04',$,'Bench with backrest',#3500,#3499,'EL-ART-004');
#3502=IFCRELASSOCIATESMATERIAL('1PPdGkbbT60BgwdjsfHuRJ',#5,$,$,(#3501),#105);
#3503=IFCPROPERTYSINGLEVALUE('Reference',$,IFCLABEL('Bench with backrest'),$);
#3504=IFCPROPERTYSINGLEVALUE('Status',$,IFCLABEL('EXISTING'),$);
#3505=IFCPROPERTYSET('2tHO7$tZXFZQZcOOiCa8bd',#5,'Pset_FurnitureTypeCommon',$,(#3503,#3504));
#3506=IFCRELDEFINESBYPROPERTIES('2_modD2K19VuslayqawG$d',#5,$,$,(#3501),#3505);
#3507=IFCPROPERTYSINGLEVALUE('Material',$,IFCLABEL('Bench slats, oiled wood'),$);
#3508=IFCPROPERTYSINGLEVALUE('Category',$,IFCLABEL('Wood'),$);
#3509=IFCPROPERTYSINGLEVALUE('MassDensity_kg_m3',$,IFCREAL(650.),$);
#3510=IFCPROPERTYSET('3YC2ZQUWDEnh11jRifnZat',#5,'Pset_CDE_Material',$,(#3507,#3508,#3509));
#3511=IFCRELDEFINESBYPROPERTIES('1rERNurvD0UwtTAHlu9A6E',#5,$,$,(#3501),#3510);
#3512=IFCPROPERTYSINGLEVALUE('GeometrySource',$,IFCLABEL('Photographs'),$);
#3513=IFCPROPERTYSINGLEVALUE('Confidence',$,IFCLABEL('Low'),$);
#3514=IFCPROPERTYSINGLEVALUE('Reference',$,IFCLABEL('PHOTO'),$);
#3515=IFCPROPERTYSET('35tKQANov8oxBFhdqJTYdV',#5,'Pset_CDE_Provenance',$,(#3512,#3513,#3514));
#3516=IFCRELDEFINESBYPROPERTIES('27lTNEOHb8EwQDPV5PN3Qa',#5,$,$,(#3501),#3515);
#3517=IFCPROPERTYSINGLEVALUE('AssetClass',$,IFCLABEL('Furniture > Benches'),$);
#3518=IFCPROPERTYSINGLEVALUE('InspectionInterval_months',$,IFCINTEGER(12),$);
#3519=IFCPROPERTYSINGLEVALUE('DesignServiceLife_years',$,IFCINTEGER(15),$);
#3520=IFCPROPERTYSINGLEVALUE('Criticality',$,IFCLABEL('Low'),$);
#3521=IFCPROPERTYSINGLEVALUE('DataStatus',$,IFCLABEL('Demo values \X2\2014\X0\ to be replaced with the owner''s asset register'),$);
#3522=IFCPROPERTYSET('2ugXZo67P0ZfmPCXmmgVTn',#5,'Pset_CDE_AssetManagement (demo)',$,(#3517,#3518,#3519,#3520,#3521));
#3523=IFCRELDEFINESBYPROPERTIES('25Rs8hv3X1Ov$4EKqYSW3h',#5,$,$,(#3501),#3522);
#3524=IFCSTYLEDITEM(#3487,(#63),$);
#3525=IFCSTYLEDITEM(#3495,(#63),$);
#3526=IFCSHAPEREPRESENTATION(#16,'Body','SweptSolid',(#3487,#3495));
#3527=IFCPRODUCTDEFINITIONSHAPE($,$,(#3526));
#3528=IFCLOCALPLACEMENT(#23,#13);
#3529=IFCMEMBER('2Evpxr4ePCVOsYS8a$AsJi',#5,'Bench 04 frame',$,'Bench frame',#3528,#3527,'EL-MEM-006',.USERDEFINED.);
#3530=IFCRELASSOCIATESMATERIAL('0smEdSKSHBzvyfp0M4bPf$',#5,$,$,(#3529),#64);
#3531=IFCPROPERTYSINGLEVALUE('Reference',$,IFCLABEL('Bench frame'),$);
#3532=IFCPROPERTYSINGLEVALUE('IsExternal',$,IFCBOOLEAN(.T.),$);
#3533=IFCPROPERTYSINGLEVALUE('Status',$,IFCLABEL('EXISTING'),$);
#3534=IFCPROPERTYSET('2uu1vIxPTE19Fk2KomXmPD',#5,'Pset_MemberCommon',$,(#3531,#3532,#3533));
#3535=IFCRELDEFINESBYPROPERTIES('230gLmN5b8YuoWe1W9ur$5',#5,$,$,(#3529),#3534);
#3536=IFCPROPERTYSINGLEVALUE('Material',$,IFCLABEL('Dark grey painted steel'),$);
#3537=IFCPROPERTYSINGLEVALUE('Category',$,IFCLABEL('Metal'),$);
#3538=IFCPROPERTYSINGLEVALUE('Description',$,IFCLABEL('Canopy structure, poles, kiosks'),$);
#3539=IFCPROPERTYSINGLEVALUE('MassDensity_kg_m3',$,IFCREAL(7850.),$);
#3540=IFCPROPERTYSET('2yxYaNNrn5CRzvPRgjPR4j',#5,'Pset_CDE_Material',$,(#3536,#3537,#3538,#3539));
#3541=IFCRELDEFINESBYPROPERTIES('3gEckSbMT1gfYBBM03MPYN',#5,$,$,(#3529),#3540);
#3542=IFCPROPERTYSINGLEVALUE('GeometrySource',$,IFCLABEL('Photographs'),$);
#3543=IFCPROPERTYSINGLEVALUE('Confidence',$,IFCLABEL('Low'),$);
#3544=IFCPROPERTYSINGLEVALUE('Reference',$,IFCLABEL('PHOTO'),$);
#3545=IFCPROPERTYSET('1WQToGz0j1Qv2IQqkHY5u$',#5,'Pset_CDE_Provenance',$,(#3542,#3543,#3544));
#3546=IFCRELDEFINESBYPROPERTIES('2v5NQyi9L6PfbTm$YD$418',#5,$,$,(#3529),#3545);
#3547=IFCCARTESIANPOINT((0.,0.));
#3548=IFCDIRECTION((-0.05240783382526791,0.9986257652162511));
#3549=IFCAXIS2PLACEMENT2D(#3547,#3548);
#3550=IFCRECTANGLEPROFILEDEF(.AREA.,$,#3549,1.9,0.46);
#3551=IFCCARTESIANPOINT((0.3669842294784512,7.605032325046621,0.58));
#3552=IFCAXIS2PLACEMENT3D(#3551,$,$);
#3553=IFCDIRECTION((0.,0.,1.));
#3554=IFCEXTRUDEDAREASOLID(#3550,#3552,#3553,0.05);
#3555=IFCCARTESIANPOINT((0.,0.));
#3556=IFCDIRECTION((-0.05240783382526791,0.9986257652162511));
#3557=IFCAXIS2PLACEMENT2D(#3555,#3556);
#3558=IFCRECTANGLEPROFILEDEF(.AREA.,$,#3557,1.9,0.05);
#3559=IFCCARTESIANPOINT((0.576695640173864,7.616037970149927,0.63));
#3560=IFCAXIS2PLACEMENT3D(#3559,$,$);
#3561=IFCDIRECTION((0.,0.,1.));
#3562=IFCEXTRUDEDAREASOLID(#3558,#3560,#3561,0.4);
#3563=IFCCARTESIANPOINT((0.,0.));
#3564=IFCDIRECTION((-0.05240783382526791,0.9986257652162511));
#3565=IFCAXIS2PLACEMENT2D(#3563,#3564);
#3566=IFCRECTANGLEPROFILEDEF(.AREA.,$,#3565,0.06,0.4);
#3567=IFCCARTESIANPOINT((0.4089104965386655,6.806131712873621,0.16));
#3568=IFCAXIS2PLACEMENT3D(#3567,$,$);
#3569=IFCDIRECTION((0.,0.,1.));
#3570=IFCEXTRUDEDAREASOLID(#3566,#3568,#3569,0.42);
#3571=IFCCARTESIANPOINT((0.,0.));
#3572=IFCDIRECTION((-0.05240783382526791,0.9986257652162511));
#3573=IFCAXIS2PLACEMENT2D(#3571,#3572);
#3574=IFCRECTANGLEPROFILEDEF(.AREA.,$,#3573,0.06,0.4);
#3575=IFCCARTESIANPOINT((0.3250579624182369,8.403932937219622,0.16));
#3576=IFCAXIS2PLACEMENT3D(#3575,$,$);
#3577=IFCDIRECTION((0.,0.,1.));
#3578=IFCEXTRUDEDAREASOLID(#3574,#3576,#3577,0.42);
#3579=IFCSTYLEDITEM(#3554,(#104),$);
#3580=IFCSTYLEDITEM(#3562,(#104),$);
#3581=IFCSHAPEREPRESENTATION(#16,'Body','SweptSolid',(#3554,#3562));
#3582=IFCPRODUCTDEFINITIONSHAPE($,$,(#3581));
#3583=IFCLOCALPLACEMENT(#23,#13);
#3584=IFCFURNISHINGELEMENT('1E4VSSGL5FR9l2N463NuVi',#5,'Bench 05',$,'Bench with backrest',#3583,#3582,'EL-ART-005');
#3585=IFCRELASSOCIATESMATERIAL('3S0Up9o0z0Kw8l5R7ALZ2m',#5,$,$,(#3584),#105);
#3586=IFCPROPERTYSINGLEVALUE('Reference',$,IFCLABEL('Bench with backrest'),$);
#3587=IFCPROPERTYSINGLEVALUE('Status',$,IFCLABEL('EXISTING'),$);
#3588=IFCPROPERTYSET('2mq_0IBB5Af9w4JKo7QIza',#5,'Pset_FurnitureTypeCommon',$,(#3586,#3587));
#3589=IFCRELDEFINESBYPROPERTIES('0h8c7uYvzBReo36VVGrHKs',#5,$,$,(#3584),#3588);
#3590=IFCPROPERTYSINGLEVALUE('Material',$,IFCLABEL('Bench slats, oiled wood'),$);
#3591=IFCPROPERTYSINGLEVALUE('Category',$,IFCLABEL('Wood'),$);
#3592=IFCPROPERTYSINGLEVALUE('MassDensity_kg_m3',$,IFCREAL(650.),$);
#3593=IFCPROPERTYSET('3p2Jl7RvHELheP2n9LlUKu',#5,'Pset_CDE_Material',$,(#3590,#3591,#3592));
#3594=IFCRELDEFINESBYPROPERTIES('3$B_GTqMj07QaBEhJCoYd7',#5,$,$,(#3584),#3593);
#3595=IFCPROPERTYSINGLEVALUE('GeometrySource',$,IFCLABEL('Photographs'),$);
#3596=IFCPROPERTYSINGLEVALUE('Confidence',$,IFCLABEL('Low'),$);
#3597=IFCPROPERTYSINGLEVALUE('Reference',$,IFCLABEL('PHOTO'),$);
#3598=IFCPROPERTYSET('0zeExhCbvCuwNea3DlV1e6',#5,'Pset_CDE_Provenance',$,(#3595,#3596,#3597));
#3599=IFCRELDEFINESBYPROPERTIES('1kbA1qJXLDqxSrTd4hu1DN',#5,$,$,(#3584),#3598);
#3600=IFCPROPERTYSINGLEVALUE('AssetClass',$,IFCLABEL('Furniture > Benches'),$);
#3601=IFCPROPERTYSINGLEVALUE('InspectionInterval_months',$,IFCINTEGER(12),$);
#3602=IFCPROPERTYSINGLEVALUE('DesignServiceLife_years',$,IFCINTEGER(15),$);
#3603=IFCPROPERTYSINGLEVALUE('Criticality',$,IFCLABEL('Low'),$);
#3604=IFCPROPERTYSINGLEVALUE('DataStatus',$,IFCLABEL('Demo values \X2\2014\X0\ to be replaced with the owner''s asset register'),$);
#3605=IFCPROPERTYSET('06tmmsuhLBVxfNm3jW5Ddk',#5,'Pset_CDE_AssetManagement (demo)',$,(#3600,#3601,#3602,#3603,#3604));
#3606=IFCRELDEFINESBYPROPERTIES('1j$upvlw96AetUqpEwDpgF',#5,$,$,(#3584),#3605);
#3607=IFCSTYLEDITEM(#3570,(#63),$);
#3608=IFCSTYLEDITEM(#3578,(#63),$);
#3609=IFCSHAPEREPRESENTATION(#16,'Body','SweptSolid',(#3570,#3578));
#3610=IFCPRODUCTDEFINITIONSHAPE($,$,(#3609));
#3611=IFCLOCALPLACEMENT(#23,#13);
#3612=IFCMEMBER('0NXZA2tof5Rv$6T6349epX',#5,'Bench 05 frame',$,'Bench frame',#3611,#3610,'EL-MEM-007',.USERDEFINED.);
#3613=IFCRELASSOCIATESMATERIAL('2yuZpenPD6excqPRHwAsg5',#5,$,$,(#3612),#64);
#3614=IFCPROPERTYSINGLEVALUE('Reference',$,IFCLABEL('Bench frame'),$);
#3615=IFCPROPERTYSINGLEVALUE('IsExternal',$,IFCBOOLEAN(.T.),$);
#3616=IFCPROPERTYSINGLEVALUE('Status',$,IFCLABEL('EXISTING'),$);
#3617=IFCPROPERTYSET('0aZzwdC059kBFGmOf2z09z',#5,'Pset_MemberCommon',$,(#3614,#3615,#3616));
#3618=IFCRELDEFINESBYPROPERTIES('3Rxxanz31028tvSxBLHs3o',#5,$,$,(#3612),#3617);
#3619=IFCPROPERTYSINGLEVALUE('Material',$,IFCLABEL('Dark grey painted steel'),$);
#3620=IFCPROPERTYSINGLEVALUE('Category',$,IFCLABEL('Metal'),$);
#3621=IFCPROPERTYSINGLEVALUE('Description',$,IFCLABEL('Canopy structure, poles, kiosks'),$);
#3622=IFCPROPERTYSINGLEVALUE('MassDensity_kg_m3',$,IFCREAL(7850.),$);
#3623=IFCPROPERTYSET('1mQIQ6gEL92uvIAMqRYmNN',#5,'Pset_CDE_Material',$,(#3619,#3620,#3621,#3622));
#3624=IFCRELDEFINESBYPROPERTIES('2slDIz0kPFl8_6bEikvXcy',#5,$,$,(#3612),#3623);
#3625=IFCPROPERTYSINGLEVALUE('GeometrySource',$,IFCLABEL('Photographs'),$);
#3626=IFCPROPERTYSINGLEVALUE('Confidence',$,IFCLABEL('Low'),$);
#3627=IFCPROPERTYSINGLEVALUE('Reference',$,IFCLABEL('PHOTO'),$);
#3628=IFCPROPERTYSET('18YM$6jUD8mhdNs9jnCxUK',#5,'Pset_CDE_Provenance',$,(#3625,#3626,#3627));
#3629=IFCRELDEFINESBYPROPERTIES('3zhy7A_8LD4R0ZdAJM$HQ$',#5,$,$,(#3612),#3628);
#3630=IFCCARTESIANPOINT((0.,0.));
#3631=IFCDIRECTION((-0.05240783382526791,0.9986257652162511));
#3632=IFCAXIS2PLACEMENT2D(#3630,#3631);
#3633=IFCRECTANGLEPROFILEDEF(.AREA.,$,#3632,1.9,0.46);
#3634=IFCCARTESIANPOINT((-0.931229265302675,7.536902141073773,0.58));
#3635=IFCAXIS2PLACEMENT3D(#3634,$,$);
#3636=IFCDIRECTION((0.,0.,1.));
#3637=IFCEXTRUDEDAREASOLID(#3633,#3635,#3636,0.05);
#3638=IFCCARTESIANPOINT((0.,0.));
#3639=IFCDIRECTION((-0.05240783382526791,0.9986257652162511));
#3640=IFCAXIS2PLACEMENT2D(#3638,#3639);
#3641=IFCRECTANGLEPROFILEDEF(.AREA.,$,#3640,1.9,0.05);
#3642=IFCCARTESIANPOINT((-1.1409406759980876,7.525896495970467,0.63));
#3643=IFCAXIS2PLACEMENT3D(#3642,$,$);
#3644=IFCDIRECTION((0.,0.,1.));
#3645=IFCEXTRUDEDAREASOLID(#3641,#3643,#3644,0.4);
#3646=IFCCARTESIANPOINT((0.,0.));
#3647=IFCDIRECTION((-0.05240783382526791,0.9986257652162511));
#3648=IFCAXIS2PLACEMENT2D(#3646,#3647);
#3649=IFCRECTANGLEPROFILEDEF(.AREA.,$,#3648,0.06,0.4);
#3650=IFCCARTESIANPOINT((-0.8893029982424607,6.738001528900773,0.16));
#3651=IFCAXIS2PLACEMENT3D(#3650,$,$);
#3652=IFCDIRECTION((0.,0.,1.));
#3653=IFCEXTRUDEDAREASOLID(#3649,#3651,#3652,0.42);
#3654=IFCCARTESIANPOINT((0.,0.));
#3655=IFCDIRECTION((-0.05240783382526791,0.9986257652162511));
#3656=IFCAXIS2PLACEMENT2D(#3654,#3655);
#3657=IFCRECTANGLEPROFILEDEF(.AREA.,$,#3656,0.06,0.4);
#3658=IFCCARTESIANPOINT((-0.9731555323628893,8.335802753246774,0.16));
#3659=IFCAXIS2PLACEMENT3D(#3658,$,$);
#3660=IFCDIRECTION((0.,0.,1.));
#3661=IFCEXTRUDEDAREASOLID(#3657,#3659,#3660,0.42);
#3662=IFCSTYLEDITEM(#3637,(#104),$);
#3663=IFCSTYLEDITEM(#3645,(#104),$);
#3664=IFCSHAPEREPRESENTATION(#16,'Body','SweptSolid',(#3637,#3645));
#3665=IFCPRODUCTDEFINITIONSHAPE($,$,(#3664));
#3666=IFCLOCALPLACEMENT(#23,#13);
#3667=IFCFURNISHINGELEMENT('0c6V3LWlH5KR7Gl0EJ5IVw',#5,'Bench 06',$,'Bench with backrest',#3666,#3665,'EL-ART-006');
#3668=IFCRELASSOCIATESMATERIAL('1oFcGWKBvD_QjFNElKQUSQ',#5,$,$,(#3667),#105);
#3669=IFCPROPERTYSINGLEVALUE('Reference',$,IFCLABEL('Bench with backrest'),$);
#3670=IFCPROPERTYSINGLEVALUE('Status',$,IFCLABEL('EXISTING'),$);
#3671=IFCPROPERTYSET('28NUMpx0j01RT6h99nJd_A',#5,'Pset_FurnitureTypeCommon',$,(#3669,#3670));
#3672=IFCRELDEFINESBYPROPERTIES('1PwbjkWxP0BOjgaX3g6ReN',#5,$,$,(#3667),#3671);
#3673=IFCPROPERTYSINGLEVALUE('Material',$,IFCLABEL('Bench slats, oiled wood'),$);
#3674=IFCPROPERTYSINGLEVALUE('Category',$,IFCLABEL('Wood'),$);
#3675=IFCPROPERTYSINGLEVALUE('MassDensity_kg_m3',$,IFCREAL(650.),$);
#3676=IFCPROPERTYSET('2TZUepBYv6iBDCPv20052X',#5,'Pset_CDE_Material',$,(#3673,#3674,#3675));
#3677=IFCRELDEFINESBYPROPERTIES('2Q4EyR_k5AlOmfQfi6q112',#5,$,$,(#3667),#3676);
#3678=IFCPROPERTYSINGLEVALUE('GeometrySource',$,IFCLABEL('Photographs'),$);
#3679=IFCPROPERTYSINGLEVALUE('Confidence',$,IFCLABEL('Low'),$);
#3680=IFCPROPERTYSINGLEVALUE('Reference',$,IFCLABEL('PHOTO'),$);
#3681=IFCPROPERTYSET('0Wt0au8_D7Pu$gK9jWBCvv',#5,'Pset_CDE_Provenance',$,(#3678,#3679,#3680));
#3682=IFCRELDEFINESBYPROPERTIES('2hAT8izeL64RVEVzjjKbUE',#5,$,$,(#3667),#3681);
#3683=IFCPROPERTYSINGLEVALUE('AssetClass',$,IFCLABEL('Furniture > Benches'),$);
#3684=IFCPROPERTYSINGLEVALUE('InspectionInterval_months',$,IFCINTEGER(12),$);
#3685=IFCPROPERTYSINGLEVALUE('DesignServiceLife_years',$,IFCINTEGER(15),$);
#3686=IFCPROPERTYSINGLEVALUE('Criticality',$,IFCLABEL('Low'),$);
#3687=IFCPROPERTYSINGLEVALUE('DataStatus',$,IFCLABEL('Demo values \X2\2014\X0\ to be replaced with the owner''s asset register'),$);
#3688=IFCPROPERTYSET('2xHT7OuNP3huPla7N9RRx$',#5,'Pset_CDE_AssetManagement (demo)',$,(#3683,#3684,#3685,#3686,#3687));
#3689=IFCRELDEFINESBYPROPERTIES('156uVTFiD3_xZtH1gtl8xH',#5,$,$,(#3667),#3688);
#3690=IFCSTYLEDITEM(#3653,(#63),$);
#3691=IFCSTYLEDITEM(#3661,(#63),$);
#3692=IFCSHAPEREPRESENTATION(#16,'Body','SweptSolid',(#3653,#3661));
#3693=IFCPRODUCTDEFINITIONSHAPE($,$,(#3692));
#3694=IFCLOCALPLACEMENT(#23,#13);
#3695=IFCMEMBER('3CG0PVUSL3m8vDRvvOMbsq',#5,'Bench 06 frame',$,'Bench frame',#3694,#3693,'EL-MEM-008',.USERDEFINED.);
#3696=IFCRELASSOCIATESMATERIAL('1aY$beT3b1uAKwX6$aI3Z_',#5,$,$,(#3695),#64);
#3697=IFCPROPERTYSINGLEVALUE('Reference',$,IFCLABEL('Bench frame'),$);
#3698=IFCPROPERTYSINGLEVALUE('IsExternal',$,IFCBOOLEAN(.T.),$);
#3699=IFCPROPERTYSINGLEVALUE('Status',$,IFCLABEL('EXISTING'),$);
#3700=IFCPROPERTYSET('0Fw3AQM6f3vRUhnPKQjCcJ',#5,'Pset_MemberCommon',$,(#3697,#3698,#3699));
#3701=IFCRELDEFINESBYPROPERTIES('2iNbxTY8v6aeHvot5J7Fbb',#5,$,$,(#3695),#3700);
#3702=IFCPROPERTYSINGLEVALUE('Material',$,IFCLABEL('Dark grey painted steel'),$);
#3703=IFCPROPERTYSINGLEVALUE('Category',$,IFCLABEL('Metal'),$);
#3704=IFCPROPERTYSINGLEVALUE('Description',$,IFCLABEL('Canopy structure, poles, kiosks'),$);
#3705=IFCPROPERTYSINGLEVALUE('MassDensity_kg_m3',$,IFCREAL(7850.),$);
#3706=IFCPROPERTYSET('3uDFdOfRb7mBsXi34bzSL0',#5,'Pset_CDE_Material',$,(#3702,#3703,#3704,#3705));
#3707=IFCRELDEFINESBYPROPERTIES('2bzxCO5AL349byvm1NuVn1',#5,$,$,(#3695),#3706);
#3708=IFCPROPERTYSINGLEVALUE('GeometrySource',$,IFCLABEL('Photographs'),$);
#3709=IFCPROPERTYSINGLEVALUE('Confidence',$,IFCLABEL('Low'),$);
#3710=IFCPROPERTYSINGLEVALUE('Reference',$,IFCLABEL('PHOTO'),$);
#3711=IFCPROPERTYSET('0w7a1eMcX6LwXFURTR2puy',#5,'Pset_CDE_Provenance',$,(#3708,#3709,#3710));
#3712=IFCRELDEFINESBYPROPERTIES('2rrGAWMKb8hft6PPuHlmeD',#5,$,$,(#3695),#3711);
#3713=IFCCARTESIANPOINT((0.,0.));
#3714=IFCDIRECTION((-0.05240783382526791,0.9986257652162511));
#3715=IFCAXIS2PLACEMENT2D(#3713,#3714);
#3716=IFCRECTANGLEPROFILEDEF(.AREA.,$,#3715,1.9,0.46);
#3717=IFCCARTESIANPOINT((-0.26190977642476354,19.588541507641636,0.58));
#3718=IFCAXIS2PLACEMENT3D(#3717,$,$);
#3719=IFCDIRECTION((0.,0.,1.));
#3720=IFCEXTRUDEDAREASOLID(#3716,#3718,#3719,0.05);
#3721=IFCCARTESIANPOINT((0.,0.));
#3722=IFCDIRECTION((-0.05240783382526791,0.9986257652162511));
#3723=IFCAXIS2PLACEMENT2D(#3721,#3722);
#3724=IFCRECTANGLEPROFILEDEF(.AREA.,$,#3723,1.9,0.05);
#3725=IFCCARTESIANPOINT((-0.052198365729350854,19.599547152744943,0.63));
#3726=IFCAXIS2PLACEMENT3D(#3725,$,$);
#3727=IFCDIRECTION((0.,0.,1.));
#3728=IFCEXTRUDEDAREASOLID(#3724,#3726,#3727,0.4);
#3729=IFCCARTESIANPOINT((0.,0.));
#3730=IFCDIRECTION((-0.05240783382526791,0.9986257652162511));
#3731=IFCAXIS2PLACEMENT2D(#3729,#3730);
#3732=IFCRECTANGLEPROFILEDEF(.AREA.,$,#3731,0.06,0.4);
#3733=IFCCARTESIANPOINT((-0.21998350936454927,18.789640895468633,0.16));
#3734=IFCAXIS2PLACEMENT3D(#3733,$,$);
#3735=IFCDIRECTION((0.,0.,1.));
#3736=IFCEXTRUDEDAREASOLID(#3732,#3734,#3735,0.42);
#3737=IFCCARTESIANPOINT((0.,0.));
#3738=IFCDIRECTION((-0.05240783382526791,0.9986257652162511));
#3739=IFCAXIS2PLACEMENT2D(#3737,#3738);
#3740=IFCRECTANGLEPROFILEDEF(.AREA.,$,#3739,0.06,0.4);
#3741=IFCCARTESIANPOINT((-0.30383604348497795,20.387442119814636,0.16));
#3742=IFCAXIS2PLACEMENT3D(#3741,$,$);
#3743=IFCDIRECTION((0.,0.,1.));
#3744=IFCEXTRUDEDAREASOLID(#3740,#3742,#3743,0.42);
#3745=IFCSTYLEDITEM(#3720,(#104),$);
#3746=IFCSTYLEDITEM(#3728,(#104),$);
#3747=IFCSHAPEREPRESENTATION(#16,'Body','SweptSolid',(#3720,#3728));
#3748=IFCPRODUCTDEFINITIONSHAPE($,$,(#3747));
#3749=IFCLOCALPLACEMENT(#23,#13);
#3750=IFCFURNISHINGELEMENT('3EEZg1abnDjBdTJ9zeJKWL',#5,'Bench 07',$,'Bench with backrest',#3749,#3748,'EL-ART-007');
#3751=IFCRELASSOCIATESMATERIAL('2Vw8_zBcHBQPFbJMWGwNoH',#5,$,$,(#3750),#105);
#3752=IFCPROPERTYSINGLEVALUE('Reference',$,IFCLABEL('Bench with backrest'),$);
#3753=IFCPROPERTYSINGLEVALUE('Status',$,IFCLABEL('EXISTING'),$);
#3754=IFCPROPERTYSET('1iPYW2ooDByQmlN9HHeYmV',#5,'Pset_FurnitureTypeCommon',$,(#3752,#3753));
#3755=IFCRELDEFINESBYPROPERTIES('1QC9cD0Bb6kwBxVOJ0gPOn',#5,$,$,(#3750),#3754);
#3756=IFCPROPERTYSINGLEVALUE('Material',$,IFCLABEL('Bench slats, oiled wood'),$);
#3757=IFCPROPERTYSINGLEVALUE('Category',$,IFCLABEL('Wood'),$);
#3758=IFCPROPERTYSINGLEVALUE('MassDensity_kg_m3',$,IFCREAL(650.),$);
#3759=IFCPROPERTYSET('22g96uvWD3wgiNB1Sn1oB_',#5,'Pset_CDE_Material',$,(#3756,#3757,#3758));
#3760=IFCRELDEFINESBYPROPERTIES('2PS0pdY290CfIr7cclGHzd',#5,$,$,(#3750),#3759);
#3761=IFCPROPERTYSINGLEVALUE('GeometrySource',$,IFCLABEL('Photographs'),$);
#3762=IFCPROPERTYSINGLEVALUE('Confidence',$,IFCLABEL('Low'),$);
#3763=IFCPROPERTYSINGLEVALUE('Reference',$,IFCLABEL('PHOTO'),$);
#3764=IFCPROPERTYSET('2gpvgBxcL2AOmLqnLr7Grg',#5,'Pset_CDE_Provenance',$,(#3761,#3762,#3763));
#3765=IFCRELDEFINESBYPROPERTIES('0vIxV7mLX52gFfLeU$lUKX',#5,$,$,(#3750),#3764);
#3766=IFCPROPERTYSINGLEVALUE('AssetClass',$,IFCLABEL('Furniture > Benches'),$);
#3767=IFCPROPERTYSINGLEVALUE('InspectionInterval_months',$,IFCINTEGER(12),$);
#3768=IFCPROPERTYSINGLEVALUE('DesignServiceLife_years',$,IFCINTEGER(15),$);
#3769=IFCPROPERTYSINGLEVALUE('Criticality',$,IFCLABEL('Low'),$);
#3770=IFCPROPERTYSINGLEVALUE('DataStatus',$,IFCLABEL('Demo values \X2\2014\X0\ to be replaced with the owner''s asset register'),$);
#3771=IFCPROPERTYSET('1C4TJK1HnAwRgaYJ_eImJY',#5,'Pset_CDE_AssetManagement (demo)',$,(#3766,#3767,#3768,#3769,#3770));
#3772=IFCRELDEFINESBYPROPERTIES('1zF$bL1vv8eBTDGQmo4q4w',#5,$,$,(#3750),#3771);
#3773=IFCSTYLEDITEM(#3736,(#63),$);
#3774=IFCSTYLEDITEM(#3744,(#63),$);
#3775=IFCSHAPEREPRESENTATION(#16,'Body','SweptSolid',(#3736,#3744));
#3776=IFCPRODUCTDEFINITIONSHAPE($,$,(#3775));
#3777=IFCLOCALPLACEMENT(#23,#13);
#3778=IFCMEMBER('2rUrV3MzfEb92860z_HG7K',#5,'Bench 07 frame',$,'Bench frame',#3777,#3776,'EL-MEM-009',.USERDEFINED.);
#3779=IFCRELASSOCIATESMATERIAL('2pNj2Z0MH4tQ_mn35YwVEB',#5,$,$,(#3778),#64);
#3780=IFCPROPERTYSINGLEVALUE('Reference',$,IFCLABEL('Bench frame'),$);
#3781=IFCPROPERTYSINGLEVALUE('IsExternal',$,IFCBOOLEAN(.T.),$);
#3782=IFCPROPERTYSINGLEVALUE('Status',$,IFCLABEL('EXISTING'),$);
#3783=IFCPROPERTYSET('3uy8x$D6HEy9GgLxkv0b64',#5,'Pset_MemberCommon',$,(#3780,#3781,#3782));
#3784=IFCRELDEFINESBYPROPERTIES('0R3KEkpnD2UBK12CAnmikj',#5,$,$,(#3778),#3783);
#3785=IFCPROPERTYSINGLEVALUE('Material',$,IFCLABEL('Dark grey painted steel'),$);
#3786=IFCPROPERTYSINGLEVALUE('Category',$,IFCLABEL('Metal'),$);
#3787=IFCPROPERTYSINGLEVALUE('Description',$,IFCLABEL('Canopy structure, poles, kiosks'),$);
#3788=IFCPROPERTYSINGLEVALUE('MassDensity_kg_m3',$,IFCREAL(7850.),$);
#3789=IFCPROPERTYSET('0yS2cp4bz1bBOjvAaNYiNT',#5,'Pset_CDE_Material',$,(#3785,#3786,#3787,#3788));
#3790=IFCRELDEFINESBYPROPERTIES('0p65bJu9HD_gfeqlTieDTb',#5,$,$,(#3778),#3789);
#3791=IFCPROPERTYSINGLEVALUE('GeometrySource',$,IFCLABEL('Photographs'),$);
#3792=IFCPROPERTYSINGLEVALUE('Confidence',$,IFCLABEL('Low'),$);
#3793=IFCPROPERTYSINGLEVALUE('Reference',$,IFCLABEL('PHOTO'),$);
#3794=IFCPROPERTYSET('1Ui23Q0vj7lPMhuCTW8ZUN',#5,'Pset_CDE_Provenance',$,(#3791,#3792,#3793));
#3795=IFCRELDEFINESBYPROPERTIES('0OchswHe91Z8c6QLod9z6k',#5,$,$,(#3778),#3794);
#3796=IFCCARTESIANPOINT((0.,0.));
#3797=IFCDIRECTION((-0.05240783382526791,0.9986257652162511));
#3798=IFCAXIS2PLACEMENT2D(#3796,#3797);
#3799=IFCRECTANGLEPROFILEDEF(.AREA.,$,#3798,1.9,0.46);
#3800=IFCCARTESIANPOINT((-1.56012327120589,19.52041132366879,0.58));
#3801=IFCAXIS2PLACEMENT3D(#3800,$,$);
#3802=IFCDIRECTION((0.,0.,1.));
#3803=IFCEXTRUDEDAREASOLID(#3799,#3801,#3802,0.05);
#3804=IFCCARTESIANPOINT((0.,0.));
#3805=IFCDIRECTION((-0.05240783382526791,0.9986257652162511));
#3806=IFCAXIS2PLACEMENT2D(#3804,#3805);
#3807=IFCRECTANGLEPROFILEDEF(.AREA.,$,#3806,1.9,0.05);
#3808=IFCCARTESIANPOINT((-1.7698346819013024,19.509405678565482,0.63));
#3809=IFCAXIS2PLACEMENT3D(#3808,$,$);
#3810=IFCDIRECTION((0.,0.,1.));
#3811=IFCEXTRUDEDAREASOLID(#3807,#3809,#3810,0.4);
#3812=IFCCARTESIANPOINT((0.,0.));
#3813=IFCDIRECTION((-0.05240783382526791,0.9986257652162511));
#3814=IFCAXIS2PLACEMENT2D(#3812,#3813);
#3815=IFCRECTANGLEPROFILEDEF(.AREA.,$,#3814,0.06,0.4);
#3816=IFCCARTESIANPOINT((-1.5181970041456756,18.721510711495785,0.16));
#3817=IFCAXIS2PLACEMENT3D(#3816,$,$);
#3818=IFCDIRECTION((0.,0.,1.));
#3819=IFCEXTRUDEDAREASOLID(#3815,#3817,#3818,0.42);
#3820=IFCCARTESIANPOINT((0.,0.));
#3821=IFCDIRECTION((-0.05240783382526791,0.9986257652162511));
#3822=IFCAXIS2PLACEMENT2D(#3820,#3821);
#3823=IFCRECTANGLEPROFILEDEF(.AREA.,$,#3822,0.06,0.4);
#3824=IFCCARTESIANPOINT((-1.6020495382661042,20.31931193584179,0.16));
#3825=IFCAXIS2PLACEMENT3D(#3824,$,$);
#3826=IFCDIRECTION((0.,0.,1.));
#3827=IFCEXTRUDEDAREASOLID(#3823,#3825,#3826,0.42);
#3828=IFCSTYLEDITEM(#3803,(#104),$);
#3829=IFCSTYLEDITEM(#3811,(#104),$);
#3830=IFCSHAPEREPRESENTATION(#16,'Body','SweptSolid',(#3803,#3811));
#3831=IFCPRODUCTDEFINITIONSHAPE($,$,(#3830));
#3832=IFCLOCALPLACEMENT(#23,#13);
#3833=IFCFURNISHINGELEMENT('0Bye9_zET0GQCfrjysfAQt',#5,'Bench 08',$,'Bench with backrest',#3832,#3831,'EL-ART-008');
#3834=IFCRELASSOCIATESMATERIAL('39qn_ubHzE7BHtwQBcpK4k',#5,$,$,(#3833),#105);
#3835=IFCPROPERTYSINGLEVALUE('Reference',$,IFCLABEL('Bench with backrest'),$);
#3836=IFCPROPERTYSINGLEVALUE('Status',$,IFCLABEL('EXISTING'),$);
#3837=IFCPROPERTYSET('3aC6_eCI15pRG89WV45MWf',#5,'Pset_FurnitureTypeCommon',$,(#3835,#3836));
#3838=IFCRELDEFINESBYPROPERTIES('0EwVKwOSPDphX0jEkwVue_',#5,$,$,(#3833),#3837);
#3839=IFCPROPERTYSINGLEVALUE('Material',$,IFCLABEL('Bench slats, oiled wood'),$);
#3840=IFCPROPERTYSINGLEVALUE('Category',$,IFCLABEL('Wood'),$);
#3841=IFCPROPERTYSINGLEVALUE('MassDensity_kg_m3',$,IFCREAL(650.),$);
#3842=IFCPROPERTYSET('236MQ0Q5r1mOxx5d$i6Wml',#5,'Pset_CDE_Material',$,(#3839,#3840,#3841));
#3843=IFCRELDEFINESBYPROPERTIES('1s5cwqcDnDuOxhmr6Ub$My',#5,$,$,(#3833),#3842);
#3844=IFCPROPERTYSINGLEVALUE('GeometrySource',$,IFCLABEL('Photographs'),$);
#3845=IFCPROPERTYSINGLEVALUE('Confidence',$,IFCLABEL('Low'),$);
#3846=IFCPROPERTYSINGLEVALUE('Reference',$,IFCLABEL('PHOTO'),$);
#3847=IFCPROPERTYSET('3MCXR5zzD1xwYWxeyrD$ts',#5,'Pset_CDE_Provenance',$,(#3844,#3845,#3846));
#3848=IFCRELDEFINESBYPROPERTIES('0bYLNUxbH1eQhkCPusO3V$',#5,$,$,(#3833),#3847);
#3849=IFCPROPERTYSINGLEVALUE('AssetClass',$,IFCLABEL('Furniture > Benches'),$);
#3850=IFCPROPERTYSINGLEVALUE('InspectionInterval_months',$,IFCINTEGER(12),$);
#3851=IFCPROPERTYSINGLEVALUE('DesignServiceLife_years',$,IFCINTEGER(15),$);
#3852=IFCPROPERTYSINGLEVALUE('Criticality',$,IFCLABEL('Low'),$);
#3853=IFCPROPERTYSINGLEVALUE('DataStatus',$,IFCLABEL('Demo values \X2\2014\X0\ to be replaced with the owner''s asset register'),$);
#3854=IFCPROPERTYSET('3g5dE873D0Jv0KycHnEvZi',#5,'Pset_CDE_AssetManagement (demo)',$,(#3849,#3850,#3851,#3852,#3853));
#3855=IFCRELDEFINESBYPROPERTIES('1rIR_aFfb9_h$_E14Akl$H',#5,$,$,(#3833),#3854);
#3856=IFCSTYLEDITEM(#3819,(#63),$);
#3857=IFCSTYLEDITEM(#3827,(#63),$);
#3858=IFCSHAPEREPRESENTATION(#16,'Body','SweptSolid',(#3819,#3827));
#3859=IFCPRODUCTDEFINITIONSHAPE($,$,(#3858));
#3860=IFCLOCALPLACEMENT(#23,#13);
#3861=IFCMEMBER('2g9niBI8j6KvjZUSJyf_1C',#5,'Bench 08 frame',$,'Bench frame',#3860,#3859,'EL-MEM-010',.USERDEFINED.);
#3862=IFCRELASSOCIATESMATERIAL('1pRQD$09r4vfjVG5l8fQku',#5,$,$,(#3861),#64);
#3863=IFCPROPERTYSINGLEVALUE('Reference',$,IFCLABEL('Bench frame'),$);
#3864=IFCPROPERTYSINGLEVALUE('IsExternal',$,IFCBOOLEAN(.T.),$);
#3865=IFCPROPERTYSINGLEVALUE('Status',$,IFCLABEL('EXISTING'),$);
#3866=IFCPROPERTYSET('3CrpLtMs9FROg3UrzmRco3',#5,'Pset_MemberCommon',$,(#3863,#3864,#3865));
#3867=IFCRELDEFINESBYPROPERTIES('104mCYrXjB$A_rVHx816nf',#5,$,$,(#3861),#3866);
#3868=IFCPROPERTYSINGLEVALUE('Material',$,IFCLABEL('Dark grey painted steel'),$);
#3869=IFCPROPERTYSINGLEVALUE('Category',$,IFCLABEL('Metal'),$);
#3870=IFCPROPERTYSINGLEVALUE('Description',$,IFCLABEL('Canopy structure, poles, kiosks'),$);
#3871=IFCPROPERTYSINGLEVALUE('MassDensity_kg_m3',$,IFCREAL(7850.),$);
#3872=IFCPROPERTYSET('11JsVx3ZL3YOrbKZy3eHmA',#5,'Pset_CDE_Material',$,(#3868,#3869,#3870,#3871));
#3873=IFCRELDEFINESBYPROPERTIES('0AGPrZaY1FmfEVfO2LuDRC',#5,$,$,(#3861),#3872);
#3874=IFCPROPERTYSINGLEVALUE('GeometrySource',$,IFCLABEL('Photographs'),$);
#3875=IFCPROPERTYSINGLEVALUE('Confidence',$,IFCLABEL('Low'),$);
#3876=IFCPROPERTYSINGLEVALUE('Reference',$,IFCLABEL('PHOTO'),$);
#3877=IFCPROPERTYSET('1zHCxQtLX2zPm1i3ivDFY7',#5,'Pset_CDE_Provenance',$,(#3874,#3875,#3876));
#3878=IFCRELDEFINESBYPROPERTIES('2UL3cL_i1B8uSL$5t91OYf',#5,$,$,(#3861),#3877);
#3879=IFCCARTESIANPOINT((0.,0.));
#3880=IFCDIRECTION((-0.05240783382526791,0.9986257652162511));
#3881=IFCAXIS2PLACEMENT2D(#3879,#3880);
#3882=IFCRECTANGLEPROFILEDEF(.AREA.,$,#3881,1.9,0.46);
#3883=IFCCARTESIANPOINT((-0.8908037823279785,31.572050690236647,0.58));
#3884=IFCAXIS2PLACEMENT3D(#3883,$,$);
#3885=IFCDIRECTION((0.,0.,1.));
#3886=IFCEXTRUDEDAREASOLID(#3882,#3884,#3885,0.05);
#3887=IFCCARTESIANPOINT((0.,0.));
#3888=IFCDIRECTION((-0.05240783382526791,0.9986257652162511));
#3889=IFCAXIS2PLACEMENT2D(#3887,#3888);
#3890=IFCRECTANGLEPROFILEDEF(.AREA.,$,#3889,1.9,0.05);
#3891=IFCCARTESIANPOINT((-0.6810923716325658,31.583056335339954,0.63));
#3892=IFCAXIS2PLACEMENT3D(#3891,$,$);
#3893=IFCDIRECTION((0.,0.,1.));
#3894=IFCEXTRUDEDAREASOLID(#3890,#3892,#3893,0.4);
#3895=IFCCARTESIANPOINT((0.,0.));
#3896=IFCDIRECTION((-0.05240783382526791,0.9986257652162511));
#3897=IFCAXIS2PLACEMENT2D(#3895,#3896);
#3898=IFCRECTANGLEPROFILEDEF(.AREA.,$,#3897,0.06,0.4);
#3899=IFCCARTESIANPOINT((-0.8488775152677642,30.773150078063647,0.16));
#3900=IFCAXIS2PLACEMENT3D(#3899,$,$);
#3901=IFCDIRECTION((0.,0.,1.));
#3902=IFCEXTRUDEDAREASOLID(#3898,#3900,#3901,0.42);
#3903=IFCCARTESIANPOINT((0.,0.));
#3904=IFCDIRECTION((-0.05240783382526791,0.9986257652162511));
#3905=IFCAXIS2PLACEMENT2D(#3903,#3904);
#3906=IFCRECTANGLEPROFILEDEF(.AREA.,$,#3905,0.06,0.4);
#3907=IFCCARTESIANPOINT((-0.9327300493881928,32.37095130240965,0.16));
#3908=IFCAXIS2PLACEMENT3D(#3907,$,$);
#3909=IFCDIRECTION((0.,0.,1.));
#3910=IFCEXTRUDEDAREASOLID(#3906,#3908,#3909,0.42);
#3911=IFCSTYLEDITEM(#3886,(#104),$);
#3912=IFCSTYLEDITEM(#3894,(#104),$);
#3913=IFCSHAPEREPRESENTATION(#16,'Body','SweptSolid',(#3886,#3894));
#3914=IFCPRODUCTDEFINITIONSHAPE($,$,(#3913));
#3915=IFCLOCALPLACEMENT(#23,#13);
#3916=IFCFURNISHINGELEMENT('1G_3qGqBHEsv_GoLZgQcjS',#5,'Bench 09',$,'Bench with backrest',#3915,#3914,'EL-ART-009');
#3917=IFCRELASSOCIATESMATERIAL('2fwlugAo52muIJju_PfM60',#5,$,$,(#3916),#105);
#3918=IFCPROPERTYSINGLEVALUE('Reference',$,IFCLABEL('Bench with backrest'),$);
#3919=IFCPROPERTYSINGLEVALUE('Status',$,IFCLABEL('EXISTING'),$);
#3920=IFCPROPERTYSET('0_pjOMRi94qRo0xm_O4MXd',#5,'Pset_FurnitureTypeCommon',$,(#3918,#3919));
#3921=IFCRELDEFINESBYPROPERTIES('0vGRUwAJr5SheaL0Ei3q5f',#5,$,$,(#3916),#3920);
#3922=IFCPROPERTYSINGLEVALUE('Material',$,IFCLABEL('Bench slats, oiled wood'),$);
#3923=IFCPROPERTYSINGLEVALUE('Category',$,IFCLABEL('Wood'),$);
#3924=IFCPROPERTYSINGLEVALUE('MassDensity_kg_m3',$,IFCREAL(650.),$);
#3925=IFCPROPERTYSET('3fSVJGfYz2c9eTFzfxHmgL',#5,'Pset_CDE_Material',$,(#3922,#3923,#3924));
#3926=IFCRELDEFINESBYPROPERTIES('35muGnj651$8L$elNwSVwX',#5,$,$,(#3916),#3925);
#3927=IFCPROPERTYSINGLEVALUE('GeometrySource',$,IFCLABEL('Photographs'),$);
#3928=IFCPROPERTYSINGLEVALUE('Confidence',$,IFCLABEL('Low'),$);
#3929=IFCPROPERTYSINGLEVALUE('Reference',$,IFCLABEL('PHOTO'),$);
#3930=IFCPROPERTYSET('3tUWimzy52G8pzZIoe$4KJ',#5,'Pset_CDE_Provenance',$,(#3927,#3928,#3929));
#3931=IFCRELDEFINESBYPROPERTIES('1ohyD4DuLDghuKW0_tfFDz',#5,$,$,(#3916),#3930);
#3932=IFCPROPERTYSINGLEVALUE('AssetClass',$,IFCLABEL('Furniture > Benches'),$);
#3933=IFCPROPERTYSINGLEVALUE('InspectionInterval_months',$,IFCINTEGER(12),$);
#3934=IFCPROPERTYSINGLEVALUE('DesignServiceLife_years',$,IFCINTEGER(15),$);
#3935=IFCPROPERTYSINGLEVALUE('Criticality',$,IFCLABEL('Low'),$);
#3936=IFCPROPERTYSINGLEVALUE('DataStatus',$,IFCLABEL('Demo values \X2\2014\X0\ to be replaced with the owner''s asset register'),$);
#3937=IFCPROPERTYSET('08Vxaoyqj1Guvs795UcnmC',#5,'Pset_CDE_AssetManagement (demo)',$,(#3932,#3933,#3934,#3935,#3936));
#3938=IFCRELDEFINESBYPROPERTIES('3ZWSjySXf6ff2JqJv9m$u9',#5,$,$,(#3916),#3937);
#3939=IFCSTYLEDITEM(#3902,(#63),$);
#3940=IFCSTYLEDITEM(#3910,(#63),$);
#3941=IFCSHAPEREPRESENTATION(#16,'Body','SweptSolid',(#3902,#3910));
#3942=IFCPRODUCTDEFINITIONSHAPE($,$,(#3941));
#3943=IFCLOCALPLACEMENT(#23,#13);
#3944=IFCMEMBER('1UkRrFLTL64fEv8T5Nu3dA',#5,'Bench 09 frame',$,'Bench frame',#3943,#3942,'EL-MEM-011',.USERDEFINED.);
#3945=IFCRELASSOCIATESMATERIAL('33JHbQCsP9ROXo6zgmGhQV',#5,$,$,(#3944),#64);
#3946=IFCPROPERTYSINGLEVALUE('Reference',$,IFCLABEL('Bench frame'),$);
#3947=IFCPROPERTYSINGLEVALUE('IsExternal',$,IFCBOOLEAN(.T.),$);
#3948=IFCPROPERTYSINGLEVALUE('Status',$,IFCLABEL('EXISTING'),$);
#3949=IFCPROPERTYSET('2ovQY6Lt9BxvBUihpr6j5j',#5,'Pset_MemberCommon',$,(#3946,#3947,#3948));
#3950=IFCRELDEFINESBYPROPERTIES('1O7FC45gv9ffYO7YTSpZ$u',#5,$,$,(#3944),#3949);
#3951=IFCPROPERTYSINGLEVALUE('Material',$,IFCLABEL('Dark grey painted steel'),$);
#3952=IFCPROPERTYSINGLEVALUE('Category',$,IFCLABEL('Metal'),$);
#3953=IFCPROPERTYSINGLEVALUE('Description',$,IFCLABEL('Canopy structure, poles, kiosks'),$);
#3954=IFCPROPERTYSINGLEVALUE('MassDensity_kg_m3',$,IFCREAL(7850.),$);
#3955=IFCPROPERTYSET('1Yh99y4OTDJeAde9aE3pDL',#5,'Pset_CDE_Material',$,(#3951,#3952,#3953,#3954));
#3956=IFCRELDEFINESBYPROPERTIES('0Y9vecWkH3mOHyFCf_mrbx',#5,$,$,(#3944),#3955);
#3957=IFCPROPERTYSINGLEVALUE('GeometrySource',$,IFCLABEL('Photographs'),$);
#3958=IFCPROPERTYSINGLEVALUE('Confidence',$,IFCLABEL('Low'),$);
#3959=IFCPROPERTYSINGLEVALUE('Reference',$,IFCLABEL('PHOTO'),$);
#3960=IFCPROPERTYSET('0bXgllvZnDbfbcxsSAlVAe',#5,'Pset_CDE_Provenance',$,(#3957,#3958,#3959));
#3961=IFCRELDEFINESBYPROPERTIES('1plSDZABzD5ensJEfPJgAM',#5,$,$,(#3944),#3960);
#3962=IFCCARTESIANPOINT((0.,0.));
#3963=IFCDIRECTION((-0.05240783382526791,0.9986257652162511));
#3964=IFCAXIS2PLACEMENT2D(#3962,#3963);
#3965=IFCRECTANGLEPROFILEDEF(.AREA.,$,#3964,1.9,0.46);
#3966=IFCCARTESIANPOINT((-2.1890172771091048,31.5039205062638,0.58));
#3967=IFCAXIS2PLACEMENT3D(#3966,$,$);
#3968=IFCDIRECTION((0.,0.,1.));
#3969=IFCEXTRUDEDAREASOLID(#3965,#3967,#3968,0.05);
#3970=IFCCARTESIANPOINT((0.,0.));
#3971=IFCDIRECTION((-0.05240783382526791,0.9986257652162511));
#3972=IFCAXIS2PLACEMENT2D(#3970,#3971);
#3973=IFCRECTANGLEPROFILEDEF(.AREA.,$,#3972,1.9,0.05);
#3974=IFCCARTESIANPOINT((-2.3987286878045175,31.492914861160493,0.63));
#3975=IFCAXIS2PLACEMENT3D(#3974,$,$);
#3976=IFCDIRECTION((0.,0.,1.));
#3977=IFCEXTRUDEDAREASOLID(#3973,#3975,#3976,0.4);
#3978=IFCCARTESIANPOINT((0.,0.));
#3979=IFCDIRECTION((-0.05240783382526791,0.9986257652162511));
#3980=IFCAXIS2PLACEMENT2D(#3978,#3979);
#3981=IFCRECTANGLEPROFILEDEF(.AREA.,$,#3980,0.06,0.4);
#3982=IFCCARTESIANPOINT((-2.1470910100488902,30.7050198940908,0.16));
#3983=IFCAXIS2PLACEMENT3D(#3982,$,$);
#3984=IFCDIRECTION((0.,0.,1.));
#3985=IFCEXTRUDEDAREASOLID(#3981,#3983,#3984,0.42);
#3986=IFCCARTESIANPOINT((0.,0.));
#3987=IFCDIRECTION((-0.05240783382526791,0.9986257652162511));
#3988=IFCAXIS2PLACEMENT2D(#3986,#3987);
#3989=IFCRECTANGLEPROFILEDEF(.AREA.,$,#3988,0.06,0.4);
#3990=IFCCARTESIANPOINT((-2.2309435441693193,32.3028211184368,0.16));
#3991=IFCAXIS2PLACEMENT3D(#3990,$,$);
#3992=IFCDIRECTION((0.,0.,1.));
#3993=IFCEXTRUDEDAREASOLID(#3989,#3991,#3992,0.42);
#3994=IFCSTYLEDITEM(#3969,(#104),$);
#3995=IFCSTYLEDITEM(#3977,(#104),$);
#3996=IFCSHAPEREPRESENTATION(#16,'Body','SweptSolid',(#3969,#3977));
#3997=IFCPRODUCTDEFINITIONSHAPE($,$,(#3996));
#3998=IFCLOCALPLACEMENT(#23,#13);
#3999=IFCFURNISHINGELEMENT('2fod8ahqLFFOugGTHHfh_y',#5,'Bench 10',$,'Bench with backrest',#3998,#3997,'EL-ART-010');
#4000=IFCRELASSOCIATESMATERIAL('1klv7Smu19rxoQCmWvQIwX',#5,$,$,(#3999),#105);
#4001=IFCPROPERTYSINGLEVALUE('Reference',$,IFCLABEL('Bench with backrest'),$);
#4002=IFCPROPERTYSINGLEVALUE('Status',$,IFCLABEL('EXISTING'),$);
#4003=IFCPROPERTYSET('3KJ_ItjuX0COCxWEAyIitT',#5,'Pset_FurnitureTypeCommon',$,(#4001,#4002));
#4004=IFCRELDEFINESBYPROPERTIES('1X9lnRCRHECQLLpnlIe3Vu',#5,$,$,(#3999),#4003);
#4005=IFCPROPERTYSINGLEVALUE('Material',$,IFCLABEL('Bench slats, oiled wood'),$);
#4006=IFCPROPERTYSINGLEVALUE('Category',$,IFCLABEL('Wood'),$);
#4007=IFCPROPERTYSINGLEVALUE('MassDensity_kg_m3',$,IFCREAL(650.),$);
#4008=IFCPROPERTYSET('29kXmTWlbByRKmyOL_eVeV',#5,'Pset_CDE_Material',$,(#4005,#4006,#4007));
#4009=IFCRELDEFINESBYPROPERTIES('0KbzDRDwDF5OR1wS32$7p5',#5,$,$,(#3999),#4008);
#4010=IFCPROPERTYSINGLEVALUE('GeometrySource',$,IFCLABEL('Photographs'),$);
#4011=IFCPROPERTYSINGLEVALUE('Confidence',$,IFCLABEL('Low'),$);
#4012=IFCPROPERTYSINGLEVALUE('Reference',$,IFCLABEL('PHOTO'),$);
#4013=IFCPROPERTYSET('0TMy3MiIDAUQnp8p1Nrtqh',#5,'Pset_CDE_Provenance',$,(#4010,#4011,#4012));
#4014=IFCRELDEFINESBYPROPERTIES('1saK4j1IL5xO9DycTMWI_x',#5,$,$,(#3999),#4013);
#4015=IFCPROPERTYSINGLEVALUE('AssetClass',$,IFCLABEL('Furniture > Benches'),$);
#4016=IFCPROPERTYSINGLEVALUE('InspectionInterval_months',$,IFCINTEGER(12),$);
#4017=IFCPROPERTYSINGLEVALUE('DesignServiceLife_years',$,IFCINTEGER(15),$);
#4018=IFCPROPERTYSINGLEVALUE('Criticality',$,IFCLABEL('Low'),$);
#4019=IFCPROPERTYSINGLEVALUE('DataStatus',$,IFCLABEL('Demo values \X2\2014\X0\ to be replaced with the owner''s asset register'),$);
#4020=IFCPROPERTYSET('2iGRZYILHAbeKD4fkKP6No',#5,'Pset_CDE_AssetManagement (demo)',$,(#4015,#4016,#4017,#4018,#4019));
#4021=IFCRELDEFINESBYPROPERTIES('1yptOdfuL988Ysw5bpZSsq',#5,$,$,(#3999),#4020);
#4022=IFCSTYLEDITEM(#3985,(#63),$);
#4023=IFCSTYLEDITEM(#3993,(#63),$);
#4024=IFCSHAPEREPRESENTATION(#16,'Body','SweptSolid',(#3985,#3993));
#4025=IFCPRODUCTDEFINITIONSHAPE($,$,(#4024));
#4026=IFCLOCALPLACEMENT(#23,#13);
#4027=IFCMEMBER('0gDVSxS4v2kOJi0t5dhk_c',#5,'Bench 10 frame',$,'Bench frame',#4026,#4025,'EL-MEM-012',.USERDEFINED.);
#4028=IFCRELASSOCIATESMATERIAL('1bhhTUCfD29vrXIj2fnwcQ',#5,$,$,(#4027),#64);
#4029=IFCPROPERTYSINGLEVALUE('Reference',$,IFCLABEL('Bench frame'),$);
#4030=IFCPROPERTYSINGLEVALUE('IsExternal',$,IFCBOOLEAN(.T.),$);
#4031=IFCPROPERTYSINGLEVALUE('Status',$,IFCLABEL('EXISTING'),$);
#4032=IFCPROPERTYSET('03HIpBN9n8bBUTpjTNaaen',#5,'Pset_MemberCommon',$,(#4029,#4030,#4031));
#4033=IFCRELDEFINESBYPROPERTIES('3dcDx3LVbEBOJ$wVH_DL83',#5,$,$,(#4027),#4032);
#4034=IFCPROPERTYSINGLEVALUE('Material',$,IFCLABEL('Dark grey painted steel'),$);
#4035=IFCPROPERTYSINGLEVALUE('Category',$,IFCLABEL('Metal'),$);
#4036=IFCPROPERTYSINGLEVALUE('Description',$,IFCLABEL('Canopy structure, poles, kiosks'),$);
#4037=IFCPROPERTYSINGLEVALUE('MassDensity_kg_m3',$,IFCREAL(7850.),$);
#4038=IFCPROPERTYSET('1fRePZ9n16Gv46leG9OtjY',#5,'Pset_CDE_Material',$,(#4034,#4035,#4036,#4037));
#4039=IFCRELDEFINESBYPROPERTIES('2XWGRwCbn6TBUInyVc2aPE',#5,$,$,(#4027),#4038);
#4040=IFCPROPERTYSINGLEVALUE('GeometrySource',$,IFCLABEL('Photographs'),$);
#4041=IFCPROPERTYSINGLEVALUE('Confidence',$,IFCLABEL('Low'),$);
#4042=IFCPROPERTYSINGLEVALUE('Reference',$,IFCLABEL('PHOTO'),$);
#4043=IFCPROPERTYSET('1ypIQOa2fFC9imiDsltUjO',#5,'Pset_CDE_Provenance',$,(#4040,#4041,#4042));
#4044=IFCRELDEFINESBYPROPERTIES('2ehlUVM4HFOO$8V4fsNVCc',#5,$,$,(#4027),#4043);
#4045=IFCCARTESIANPOINT((3.050801338947987,-20.030192035489904));
#4046=IFCCARTESIANPOINT((2.963616235587344,-19.910192035489903));
#4047=IFCCARTESIANPOINT((2.82254777503715,-19.86435611413989));
#4048=IFCCARTESIANPOINT((2.681479314486957,-19.910192035489903));
#4049=IFCCARTESIANPOINT((2.5942942111263134,-20.030192035489904));
#4050=IFCCARTESIANPOINT((2.5942942111263134,-20.178520192789875));
#4051=IFCCARTESIANPOINT((2.6814793144869564,-20.298520192789876));
#4052=IFCCARTESIANPOINT((2.82254777503715,-20.344356114139888));
#4053=IFCCARTESIANPOINT((2.9636162355873434,-20.298520192789876));
#4054=IFCCARTESIANPOINT((3.050801338947987,-20.178520192789875));
#4055=IFCCARTESIANPOINT((3.050801338947987,-20.030192035489904));
#4056=IFCPOLYLINE((#4045,#4046,#4047,#4048,#4049,#4050,#4051,#4052,#4053,#4054,#4055));
#4057=IFCARBITRARYCLOSEDPROFILEDEF(.AREA.,$,#4056);
#4058=IFCCARTESIANPOINT((0.,0.,0.16));
#4059=IFCAXIS2PLACEMENT3D(#4058,$,$);
#4060=IFCDIRECTION((0.,0.,1.));
#4061=IFCEXTRUDEDAREASOLID(#4057,#4059,#4060,0.9);
#4062=IFCCARTESIANPOINT((2.421907333044772,-8.046682852894891));
#4063=IFCCARTESIANPOINT((2.334722229684129,-7.926682852894891));
#4064=IFCCARTESIANPOINT((2.193653769133935,-7.880846931544879));
#4065=IFCCARTESIANPOINT((2.0525853085837413,-7.926682852894891));
#4066=IFCCARTESIANPOINT((1.9654002052230983,-8.046682852894891));
#4067=IFCCARTESIANPOINT((1.965400205223098,-8.195011010194866));
#4068=IFCCARTESIANPOINT((2.0525853085837413,-8.315011010194866));
#4069=IFCCARTESIANPOINT((2.193653769133935,-8.360846931544879));
#4070=IFCCARTESIANPOINT((2.3347222296841283,-8.315011010194866));
#4071=IFCCARTESIANPOINT((2.421907333044772,-8.195011010194866));
#4072=IFCCARTESIANPOINT((2.421907333044772,-8.046682852894891));
#4073=IFCPOLYLINE((#4062,#4063,#4064,#4065,#4066,#4067,#4068,#4069,#4070,#4071,#4072));
#4074=IFCARBITRARYCLOSEDPROFILEDEF(.AREA.,$,#4073);
#4075=IFCCARTESIANPOINT((0.,0.,0.16));
#4076=IFCAXIS2PLACEMENT3D(#4075,$,$);
#4077=IFCDIRECTION((0.,0.,1.));
#4078=IFCEXTRUDEDAREASOLID(#4074,#4076,#4077,0.9);
#4079=IFCCARTESIANPOINT((1.7930133271415571,3.936826329700123));
#4080=IFCCARTESIANPOINT((1.7058282237809137,4.056826329700123));
#4081=IFCCARTESIANPOINT((1.5647597632307202,4.102662251050136));
#4082=IFCCARTESIANPOINT((1.4236913026805267,4.056826329700123));
#4083=IFCCARTESIANPOINT((1.3365061993198832,3.936826329700123));
#4084=IFCCARTESIANPOINT((1.3365061993198832,3.7884981724001485));
#4085=IFCCARTESIANPOINT((1.4236913026805267,3.6684981724001484));
#4086=IFCCARTESIANPOINT((1.5647597632307202,3.6226622510501354));
#4087=IFCCARTESIANPOINT((1.7058282237809137,3.668498172400148));
#4088=IFCCARTESIANPOINT((1.7930133271415571,3.788498172400148));
#4089=IFCCARTESIANPOINT((1.7930133271415571,3.936826329700123));
#4090=IFCPOLYLINE((#4079,#4080,#4081,#4082,#4083,#4084,#4085,#4086,#4087,#4088,#4089));
#4091=IFCARBITRARYCLOSEDPROFILEDEF(.AREA.,$,#4090);
#4092=IFCCARTESIANPOINT((0.,0.,0.16));
#4093=IFCAXIS2PLACEMENT3D(#4092,$,$);
#4094=IFCDIRECTION((0.,0.,1.));
#4095=IFCEXTRUDEDAREASOLID(#4091,#4093,#4094,0.9);
#4096=IFCCARTESIANPOINT((1.1641193212383423,15.920335512295134));
#4097=IFCCARTESIANPOINT((1.076934217877699,16.040335512295133));
#4098=IFCCARTESIANPOINT((0.9358657573275054,16.086171433645145));
#4099=IFCCARTESIANPOINT((0.7947972967773119,16.040335512295133));
#4100=IFCCARTESIANPOINT((0.7076121934166686,15.920335512295134));
#4101=IFCCARTESIANPOINT((0.7076121934166686,15.772007354995159));
#4102=IFCCARTESIANPOINT((0.7947972967773118,15.65200735499516));
#4103=IFCCARTESIANPOINT((0.9358657573275054,15.606171433645146));
#4104=IFCCARTESIANPOINT((1.0769342178776988,15.65200735499516));
#4105=IFCCARTESIANPOINT((1.1641193212383423,15.772007354995159));
#4106=IFCCARTESIANPOINT((1.1641193212383423,15.920335512295134));
#4107=IFCPOLYLINE((#4096,#4097,#4098,#4099,#4100,#4101,#4102,#4103,#4104,#4105,#4106));
#4108=IFCARBITRARYCLOSEDPROFILEDEF(.AREA.,$,#4107);
#4109=IFCCARTESIANPOINT((0.,0.,0.16));
#4110=IFCAXIS2PLACEMENT3D(#4109,$,$);
#4111=IFCDIRECTION((0.,0.,1.));
#4112=IFCEXTRUDEDAREASOLID(#4108,#4110,#4111,0.9);
#4113=IFCCARTESIANPOINT((0.5352253153351273,27.903844694890147));
#4114=IFCCARTESIANPOINT((0.44804021197448396,28.023844694890148));
#4115=IFCCARTESIANPOINT((0.30697175142429045,28.06968061624016));
#4116=IFCCARTESIANPOINT((0.16590329087409694,28.023844694890148));
#4117=IFCCARTESIANPOINT((0.07871818751345361,27.903844694890147));
#4118=IFCCARTESIANPOINT((0.07871818751345355,27.755516537590175));
#4119=IFCCARTESIANPOINT((0.1659032908740969,27.635516537590174));
#4120=IFCCARTESIANPOINT((0.3069717514242904,27.589680616240162));
#4121=IFCCARTESIANPOINT((0.44804021197448396,27.635516537590174));
#4122=IFCCARTESIANPOINT((0.5352253153351273,27.755516537590175));
#4123=IFCCARTESIANPOINT((0.5352253153351273,27.903844694890147));
#4124=IFCPOLYLINE((#4113,#4114,#4115,#4116,#4117,#4118,#4119,#4120,#4121,#4122,#4123));
#4125=IFCARBITRARYCLOSEDPROFILEDEF(.AREA.,$,#4124);
#4126=IFCCARTESIANPOINT((0.,0.,0.16));
#4127=IFCAXIS2PLACEMENT3D(#4126,$,$);
#4128=IFCDIRECTION((0.,0.,1.));
#4129=IFCEXTRUDEDAREASOLID(#4125,#4127,#4128,0.9);
#4130=IFCCARTESIANPOINT((-0.09366869056808758,39.88735387748516));
#4131=IFCCARTESIANPOINT((-0.18085379392873088,40.007353877485166));
#4132=IFCCARTESIANPOINT((-0.3219222544789244,40.05318979883518));
#4133=IFCCARTESIANPOINT((-0.4629907150291179,40.007353877485166));
#4134=IFCCARTESIANPOINT((-0.5501758183897613,39.88735387748516));
#4135=IFCCARTESIANPOINT((-0.5501758183897614,39.73902572018519));
#4136=IFCCARTESIANPOINT((-0.462990715029118,39.619025720185185));
#4137=IFCCARTESIANPOINT((-0.3219222544789245,39.57318979883517));
#4138=IFCCARTESIANPOINT((-0.18085379392873094,39.619025720185185));
#4139=IFCCARTESIANPOINT((-0.09366869056808758,39.73902572018519));
#4140=IFCCARTESIANPOINT((-0.09366869056808758,39.88735387748516));
#4141=IFCPOLYLINE((#4130,#4131,#4132,#4133,#4134,#4135,#4136,#4137,#4138,#4139,#4140));
#4142=IFCARBITRARYCLOSEDPROFILEDEF(.AREA.,$,#4141);
#4143=IFCCARTESIANPOINT((0.,0.,0.16));
#4144=IFCAXIS2PLACEMENT3D(#4143,$,$);
#4145=IFCDIRECTION((0.,0.,1.));
#4146=IFCEXTRUDEDAREASOLID(#4142,#4144,#4145,0.9);
#4147=IFCSTYLEDITEM(#4061,(#63),$);
#4148=IFCSTYLEDITEM(#4078,(#63),$);
#4149=IFCSTYLEDITEM(#4095,(#63),$);
#4150=IFCSTYLEDITEM(#4112,(#63),$);
#4151=IFCSTYLEDITEM(#4129,(#63),$);
#4152=IFCSTYLEDITEM(#4146,(#63),$);
#4153=IFCSHAPEREPRESENTATION(#16,'Body','SweptSolid',(#4061,#4078,#4095,#4112,#4129,#4146));
#4154=IFCPRODUCTDEFINITIONSHAPE($,$,(#4153));
#4155=IFCLOCALPLACEMENT(#23,#13);
#4156=IFCFURNISHINGELEMENT('1fTH3GSaz7i9f6WMsdWp3L',#5,'Waste bins',$,'Steel waste bin',#4155,#4154,'EL-ART-011');
#4157=IFCRELASSOCIATESMATERIAL('1Rinm3uavDdOAcMOqr8QPx',#5,$,$,(#4156),#64);
#4158=IFCPROPERTYSINGLEVALUE('Reference',$,IFCLABEL('Steel waste bin'),$);
#4159=IFCPROPERTYSINGLEVALUE('Status',$,IFCLABEL('EXISTING'),$);
#4160=IFCPROPERTYSET('1Ju2cTzFXFtPQTnbwi1qma',#5,'Pset_FurnitureTypeCommon',$,(#4158,#4159));
#4161=IFCRELDEFINESBYPROPERTIES('2xk1rDKIfCyBzGdz8kzddK',#5,$,$,(#4156),#4160);
#4162=IFCPROPERTYSINGLEVALUE('Material',$,IFCLABEL('Dark grey painted steel'),$);
#4163=IFCPROPERTYSINGLEVALUE('Category',$,IFCLABEL('Metal'),$);
#4164=IFCPROPERTYSINGLEVALUE('Description',$,IFCLABEL('Canopy structure, poles, kiosks'),$);
#4165=IFCPROPERTYSINGLEVALUE('MassDensity_kg_m3',$,IFCREAL(7850.),$);
#4166=IFCPROPERTYSET('29I0uu6QP8Rh08ul6VfFjT',#5,'Pset_CDE_Material',$,(#4162,#4163,#4164,#4165));
#4167=IFCRELDEFINESBYPROPERTIES('2Igb_VB9zCDfVyGEXrQTle',#5,$,$,(#4156),#4166);
#4168=IFCPROPERTYSINGLEVALUE('GeometrySource',$,IFCLABEL('Photographs'),$);
#4169=IFCPROPERTYSINGLEVALUE('Confidence',$,IFCLABEL('Low'),$);
#4170=IFCPROPERTYSINGLEVALUE('Reference',$,IFCLABEL('PHOTO'),$);
#4171=IFCPROPERTYSET('1ioZtIwgL1W9fxE8TsK$Xp',#5,'Pset_CDE_Provenance',$,(#4168,#4169,#4170));
#4172=IFCRELDEFINESBYPROPERTIES('1i8SVWj9HFmQkH4m7J0YoV',#5,$,$,(#4156),#4171);
#4173=IFCPROPERTYSINGLEVALUE('AssetClass',$,IFCLABEL('Furniture > Bins'),$);
#4174=IFCPROPERTYSINGLEVALUE('InspectionInterval_months',$,IFCINTEGER(1),$);
#4175=IFCPROPERTYSINGLEVALUE('DesignServiceLife_years',$,IFCINTEGER(10),$);
#4176=IFCPROPERTYSINGLEVALUE('Criticality',$,IFCLABEL('Low'),$);
#4177=IFCPROPERTYSINGLEVALUE('DataStatus',$,IFCLABEL('Demo values \X2\2014\X0\ to be replaced with the owner''s asset register'),$);
#4178=IFCPROPERTYSET('3sK0GRnGD6vg$yIbCcioiP',#5,'Pset_CDE_AssetManagement (demo)',$,(#4173,#4174,#4175,#4176,#4177));
#4179=IFCRELDEFINESBYPROPERTIES('1vaHurFhn538S9oz_SjeBw',#5,$,$,(#4156),#4178);
#4180=IFCLOCALPLACEMENT(#23,#13);
#4181=IFCELEMENTASSEMBLY('1w08a5PI9E4OJ8_T0dbyHe',#5,'Bus bays',$,'Saw-tooth bus bays 20-36',#4180,$,'EL-ASM-004',.NOTDEFINED.,.USERDEFINED.);
#4182=IFCPROPERTYSINGLEVALUE('GeometrySource',$,IFCLABEL('OpenStreetMap bus stops (ODbL)'),$);
#4183=IFCPROPERTYSINGLEVALUE('Confidence',$,IFCLABEL('Medium'),$);
#4184=IFCPROPERTYSET('1_1HuuannD5QLFOYbPqujz',#5,'Pset_CDE_Provenance',$,(#4182,#4183));
#4185=IFCRELDEFINESBYPROPERTIES('0CLXX$qxb2j919twssVTG8',#5,$,$,(#4181),#4184);
#4186=IFCCARTESIANPOINT((3.285521497983906,-28.672353853887913));
#4187=IFCCARTESIANPOINT((3.2611676734773267,-28.648000029381333));
#4188=IFCCARTESIANPOINT((3.226726164564469,-28.648000029381333));
#4189=IFCCARTESIANPOINT((3.20237234005789,-28.672353853887913));
#4190=IFCCARTESIANPOINT((3.20237234005789,-28.70679536280077));
#4191=IFCCARTESIANPOINT((3.226726164564469,-28.73114918730735));
#4192=IFCCARTESIANPOINT((3.2611676734773267,-28.73114918730735));
#4193=IFCCARTESIANPOINT((3.285521497983906,-28.70679536280077));
#4194=IFCCARTESIANPOINT((3.285521497983906,-28.672353853887913));
#4195=IFCPOLYLINE((#4186,#4187,#4188,#4189,#4190,#4191,#4192,#4193,#4194));
#4196=IFCARBITRARYCLOSEDPROFILEDEF(.AREA.,$,#4195);
#4197=IFCCARTESIANPOINT((0.,0.,0.16));
#4198=IFCAXIS2PLACEMENT3D(#4197,$,$);
#4199=IFCDIRECTION((0.,0.,1.));
#4200=IFCEXTRUDEDAREASOLID(#4196,#4198,#4199,3.5);
#4201=IFCCARTESIANPOINT((2.3821389116267233,-28.721434321492477));
#4202=IFCCARTESIANPOINT((2.3604910676208757,-28.69978647748663));
#4203=IFCCARTESIANPOINT((2.329876393031668,-28.69978647748663));
#4204=IFCCARTESIANPOINT((2.3082285490258205,-28.721434321492477));
#4205=IFCCARTESIANPOINT((2.3082285490258205,-28.752048996081687));
#4206=IFCCARTESIANPOINT((2.329876393031668,-28.773696840087535));
#4207=IFCCARTESIANPOINT((2.3604910676208757,-28.773696840087535));
#4208=IFCCARTESIANPOINT((2.3821389116267233,-28.752048996081687));
#4209=IFCCARTESIANPOINT((2.3821389116267233,-28.721434321492477));
#4210=IFCPOLYLINE((#4201,#4202,#4203,#4204,#4205,#4206,#4207,#4208,#4209));
#4211=IFCARBITRARYCLOSEDPROFILEDEF(.AREA.,$,#4210);
#4212=IFCCARTESIANPOINT((0.,0.,0.16));
#4213=IFCAXIS2PLACEMENT3D(#4212,$,$);
#4214=IFCDIRECTION((0.,0.,1.));
#4215=IFCEXTRUDEDAREASOLID(#4211,#4213,#4214,2.6);
#4216=IFCCARTESIANPOINT((0.,0.));
#4217=IFCDIRECTION((-0.05240783382526791,0.9986257652162511));
#4218=IFCAXIS2PLACEMENT2D(#4216,#4217);
#4219=IFCRECTANGLEPROFILEDEF(.AREA.,$,#4218,0.04,0.6);
#4220=IFCCARTESIANPOINT((3.243946919020898,-28.68957460834434,3.21));
#4221=IFCAXIS2PLACEMENT3D(#4220,$,$);
#4222=IFCDIRECTION((0.,0.,1.));
#4223=IFCEXTRUDEDAREASOLID(#4219,#4221,#4222,0.32);
#4224=IFCCARTESIANPOINT((0.,0.));
#4225=IFCDIRECTION((-0.05240783382526791,0.9986257652162511));
#4226=IFCAXIS2PLACEMENT2D(#4224,#4225);
#4227=IFCRECTANGLEPROFILEDEF(.AREA.,$,#4226,0.04,0.6);
#4228=IFCCARTESIANPOINT((3.243946919020898,-28.68957460834434,2.8600000000000003));
#4229=IFCAXIS2PLACEMENT3D(#4228,$,$);
#4230=IFCDIRECTION((0.,0.,1.));
#4231=IFCEXTRUDEDAREASOLID(#4227,#4229,#4230,0.35);
#4232=IFCCARTESIANPOINT((0.,0.));
#4233=IFCDIRECTION((-0.05240783382526791,0.9986257652162511));
#4234=IFCAXIS2PLACEMENT2D(#4232,#4233);
#4235=IFCRECTANGLEPROFILEDEF(.AREA.,$,#4234,0.04,0.6);
#4236=IFCCARTESIANPOINT((3.243946919020898,-28.68957460834434,2.41));
#4237=IFCAXIS2PLACEMENT3D(#4236,$,$);
#4238=IFCDIRECTION((0.,0.,1.));
#4239=IFCEXTRUDEDAREASOLID(#4235,#4237,#4238,0.45);
#4240=IFCCARTESIANPOINT((0.,0.));
#4241=IFCDIRECTION((-0.05240783382526791,0.9986257652162511));
#4242=IFCAXIS2PLACEMENT2D(#4240,#4241);
#4243=IFCRECTANGLEPROFILEDEF(.AREA.,$,#4242,0.05,0.62);
#4244=IFCCARTESIANPOINT((2.345183730326272,-28.736741658787082,1.3599999999999999));
#4245=IFCAXIS2PLACEMENT3D(#4244,$,$);
#4246=IFCDIRECTION((0.,0.,1.));
#4247=IFCEXTRUDEDAREASOLID(#4243,#4245,#4246,0.95);
#4248=IFCSTYLEDITEM(#4200,(#63),$);
#4249=IFCSTYLEDITEM(#4215,(#63),$);
#4250=IFCSHAPEREPRESENTATION(#16,'Body','SweptSolid',(#4200,#4215));
#4251=IFCPRODUCTDEFINITIONSHAPE($,$,(#4250));
#4252=IFCLOCALPLACEMENT(#23,#13);
#4253=IFCMEMBER('1CRKeKUhT6$Qm_2nm$oIFz',#5,'Bay 20 pole',$,'Stop pole and timetable post',#4252,#4251,'EL-MEM-013',.POST.);
#4254=IFCRELASSOCIATESMATERIAL('3uffhBB9P2fA1HVbQYZBQM',#5,$,$,(#4253),#64);
#4255=IFCPROPERTYSINGLEVALUE('Reference',$,IFCLABEL('Stop pole and timetable post'),$);
#4256=IFCPROPERTYSINGLEVALUE('IsExternal',$,IFCBOOLEAN(.T.),$);
#4257=IFCPROPERTYSINGLEVALUE('Status',$,IFCLABEL('EXISTING'),$);
#4258=IFCPROPERTYSET('1v5EWgEsX3NwXl_VAhVMpo',#5,'Pset_MemberCommon',$,(#4255,#4256,#4257));
#4259=IFCRELDEFINESBYPROPERTIES('2_hZPHsIr1IAoxGYA8qXux',#5,$,$,(#4253),#4258);
#4260=IFCPROPERTYSINGLEVALUE('Material',$,IFCLABEL('Dark grey painted steel'),$);
#4261=IFCPROPERTYSINGLEVALUE('Category',$,IFCLABEL('Metal'),$);
#4262=IFCPROPERTYSINGLEVALUE('Description',$,IFCLABEL('Canopy structure, poles, kiosks'),$);
#4263=IFCPROPERTYSINGLEVALUE('MassDensity_kg_m3',$,IFCREAL(7850.),$);
#4264=IFCPROPERTYSET('1uNLECsDr8AfThKQm_Sp_A',#5,'Pset_CDE_Material',$,(#4260,#4261,#4262,#4263));
#4265=IFCRELDEFINESBYPROPERTIES('0eJk1Kiu15FAdfnsc1wAzU',#5,$,$,(#4253),#4264);
#4266=IFCPROPERTYSINGLEVALUE('GeometrySource',$,IFCLABEL('OpenStreetMap bus_stop position (ODbL)'),$);
#4267=IFCPROPERTYSINGLEVALUE('Confidence',$,IFCLABEL('Medium'),$);
#4268=IFCPROPERTYSINGLEVALUE('Reference',$,IFCLABEL('OSM'),$);
#4269=IFCPROPERTYSET('0NXgu9_K59oxHAEugyvOf3',#5,'Pset_CDE_Provenance',$,(#4266,#4267,#4268));
#4270=IFCRELDEFINESBYPROPERTIES('1uhhfZ6AfDfQp7TXqsoDYG',#5,$,$,(#4253),#4269);
#4271=IFCPROPERTYSINGLEVALUE('BayNumber',$,IFCINTEGER(20),$);
#4272=IFCPROPERTYSINGLEVALUE('StopCode',$,IFCLABEL('H2020'),$);
#4273=IFCPROPERTYSINGLEVALUE('Name',$,IFCLABEL('Elielinaukio, laituri 20'),$);
#4274=IFCPROPERTYSINGLEVALUE('NameSv',$,IFCLABEL('Elielplatsen, plattform 20'),$);
#4275=IFCPROPERTYSINGLEVALUE('Bench',$,IFCLABEL('no'),$);
#4276=IFCPROPERTYSINGLEVALUE('Shelter',$,IFCLABEL('no'),$);
#4277=IFCPROPERTYSINGLEVALUE('InService',$,IFCBOOLEAN(.T.),$);
#4278=IFCPROPERTYSET('0yBwUeHmf4f8NVfUE5Q$rG',#5,'Pset_CDE_BusBay',$,(#4271,#4272,#4273,#4274,#4275,#4276,#4277));
#4279=IFCRELDEFINESBYPROPERTIES('1idbNWMrT2WwY6y4r9r0vf',#5,$,$,(#4253),#4278);
#4280=IFCPROPERTYSINGLEVALUE('AssetClass',$,IFCLABEL('Signs > Stop poles'),$);
#4281=IFCPROPERTYSINGLEVALUE('InspectionInterval_months',$,IFCINTEGER(12),$);
#4282=IFCPROPERTYSINGLEVALUE('DesignServiceLife_years',$,IFCINTEGER(15),$);
#4283=IFCPROPERTYSINGLEVALUE('Criticality',$,IFCLABEL('Medium'),$);
#4284=IFCPROPERTYSINGLEVALUE('DataStatus',$,IFCLABEL('Demo values \X2\2014\X0\ to be replaced with the owner''s asset register'),$);
#4285=IFCPROPERTYSET('0bNq17ZpDCzA8y_vKjBDyX',#5,'Pset_CDE_AssetManagement (demo)',$,(#4280,#4281,#4282,#4283,#4284));
#4286=IFCRELDEFINESBYPROPERTIES('0_8cR7jcX7QPtzNcGHRXQP',#5,$,$,(#4253),#4285);
#4287=IFCSTYLEDITEM(#4223,(#113),$);
#4288=IFCSHAPEREPRESENTATION(#16,'Body','SweptSolid',(#4223));
#4289=IFCPRODUCTDEFINITIONSHAPE($,$,(#4288));
#4290=IFCLOCALPLACEMENT(#23,#13);
#4291=IFCBUILDINGELEMENTPROXY('2X8_9fIADCz9VQXu7uCcCX',#5,'Bay 20 sign (blue)',$,'Stop sign panel',#4290,#4289,'EL-PRX-008',.USERDEFINED.);
#4292=IFCRELASSOCIATESMATERIAL('0xYwN5rPf0dwQena7XIdgZ',#5,$,$,(#4291),#114);
#4293=IFCPROPERTYSINGLEVALUE('Reference',$,IFCLABEL('Stop sign panel'),$);
#4294=IFCPROPERTYSINGLEVALUE('IsExternal',$,IFCBOOLEAN(.T.),$);
#4295=IFCPROPERTYSINGLEVALUE('Status',$,IFCLABEL('EXISTING'),$);
#4296=IFCPROPERTYSET('1x53SVlwz68OgGa6vB4fD7',#5,'Pset_BuildingElementProxyCommon',$,(#4293,#4294,#4295));
#4297=IFCRELDEFINESBYPROPERTIES('1eiC3Si$L13fJ7wif6HlSF',#5,$,$,(#4291),#4296);
#4298=IFCPROPERTYSINGLEVALUE('Material',$,IFCLABEL('Stop sign, blue panel'),$);
#4299=IFCPROPERTYSINGLEVALUE('Category',$,IFCLABEL('Metal'),$);
#4300=IFCPROPERTYSET('2H15JwuKf1chZHYqShJUa2',#5,'Pset_CDE_Material',$,(#4298,#4299));
#4301=IFCRELDEFINESBYPROPERTIES('3B_qPGVRfCaOqPegukFU4r',#5,$,$,(#4291),#4300);
#4302=IFCPROPERTYSINGLEVALUE('GeometrySource',$,IFCLABEL('Photograph: number, bus symbol, lines'),$);
#4303=IFCPROPERTYSINGLEVALUE('Confidence',$,IFCLABEL('Medium'),$);
#4304=IFCPROPERTYSINGLEVALUE('Reference',$,IFCLABEL('PHOTO'),$);
#4305=IFCPROPERTYSET('18f3nPPVnB98O61GEg4lmX',#5,'Pset_CDE_Provenance',$,(#4302,#4303,#4304));
#4306=IFCRELDEFINESBYPROPERTIES('26cJTQXGD8M9JaDdxWFfWd',#5,$,$,(#4291),#4305);
#4307=IFCSTYLEDITEM(#4231,(#120),$);
#4308=IFCSHAPEREPRESENTATION(#16,'Body','SweptSolid',(#4231));
#4309=IFCPRODUCTDEFINITIONSHAPE($,$,(#4308));
#4310=IFCLOCALPLACEMENT(#23,#13);
#4311=IFCBUILDINGELEMENTPROXY('2ZZ3blOUPBbRZ74byH8cgM',#5,'Bay 20 sign (yellow)',$,'Stop sign panel',#4310,#4309,'EL-PRX-009',.USERDEFINED.);
#4312=IFCRELASSOCIATESMATERIAL('02mLuBXrH2bB64O1O8dzwW',#5,$,$,(#4311),#121);
#4313=IFCPROPERTYSINGLEVALUE('Reference',$,IFCLABEL('Stop sign panel'),$);
#4314=IFCPROPERTYSINGLEVALUE('IsExternal',$,IFCBOOLEAN(.T.),$);
#4315=IFCPROPERTYSINGLEVALUE('Status',$,IFCLABEL('EXISTING'),$);
#4316=IFCPROPERTYSET('17nWgltbzBiA5BMuz796Hs',#5,'Pset_BuildingElementProxyCommon',$,(#4313,#4314,#4315));
#4317=IFCRELDEFINESBYPROPERTIES('3kUrwkhLDFnOtWGyclzk19',#5,$,$,(#4311),#4316);
#4318=IFCPROPERTYSINGLEVALUE('Material',$,IFCLABEL('Stop sign, yellow panel'),$);
#4319=IFCPROPERTYSINGLEVALUE('Category',$,IFCLABEL('Metal'),$);
#4320=IFCPROPERTYSET('3HREC642954PE7WNkZ9Vb8',#5,'Pset_CDE_Material',$,(#4318,#4319));
#4321=IFCRELDEFINESBYPROPERTIES('1aoF7xOufE_QjyOXtiytAZ',#5,$,$,(#4311),#4320);
#4322=IFCPROPERTYSINGLEVALUE('GeometrySource',$,IFCLABEL('Photograph: number, bus symbol, lines'),$);
#4323=IFCPROPERTYSINGLEVALUE('Confidence',$,IFCLABEL('Medium'),$);
#4324=IFCPROPERTYSINGLEVALUE('Reference',$,IFCLABEL('PHOTO'),$);
#4325=IFCPROPERTYSET('1E0rlz_dLEtBrBd6Via5KO',#5,'Pset_CDE_Provenance',$,(#4322,#4323,#4324));
#4326=IFCRELDEFINESBYPROPERTIES('3rnLA1NHP2E9ANb0dVlQUN',#5,$,$,(#4311),#4325);
#4327=IFCSTYLEDITEM(#4239,(#127),$);
#4328=IFCSTYLEDITEM(#4247,(#127),$);
#4329=IFCSHAPEREPRESENTATION(#16,'Body','SweptSolid',(#4239,#4247));
#4330=IFCPRODUCTDEFINITIONSHAPE($,$,(#4329));
#4331=IFCLOCALPLACEMENT(#23,#13);
#4332=IFCBUILDINGELEMENTPROXY('18C4z9$m1C0wDFG9wof3dl',#5,'Bay 20 sign (white)',$,'Stop sign panel',#4331,#4330,'EL-PRX-010',.USERDEFINED.);
#4333=IFCRELASSOCIATESMATERIAL('08kBEB9AD43ws6oasbx_Or',#5,$,$,(#4332),#128);
#4334=IFCPROPERTYSINGLEVALUE('Reference',$,IFCLABEL('Stop sign panel'),$);
#4335=IFCPROPERTYSINGLEVALUE('IsExternal',$,IFCBOOLEAN(.T.),$);
#4336=IFCPROPERTYSINGLEVALUE('Status',$,IFCLABEL('EXISTING'),$);
#4337=IFCPROPERTYSET('0GtOsxCsfDlQgQ_3icVagE',#5,'Pset_BuildingElementProxyCommon',$,(#4334,#4335,#4336));
#4338=IFCRELDEFINESBYPROPERTIES('3Dd8UydoX2ZuBji5$vr0am',#5,$,$,(#4332),#4337);
#4339=IFCPROPERTYSINGLEVALUE('Material',$,IFCLABEL('Timetable panel'),$);
#4340=IFCPROPERTYSINGLEVALUE('Category',$,IFCLABEL('Metal'),$);
#4341=IFCPROPERTYSET('052mh7QKHDSfE33VNfxN1o',#5,'Pset_CDE_Material',$,(#4339,#4340));
#4342=IFCRELDEFINESBYPROPERTIES('2DTuSpXq1419LUfW8D$QLF',#5,$,$,(#4332),#4341);
#4343=IFCPROPERTYSINGLEVALUE('GeometrySource',$,IFCLABEL('Photograph: number, bus symbol, lines'),$);
#4344=IFCPROPERTYSINGLEVALUE('Confidence',$,IFCLABEL('Medium'),$);
#4345=IFCPROPERTYSINGLEVALUE('Reference',$,IFCLABEL('PHOTO'),$);
#4346=IFCPROPERTYSET('2RkSlPveXA2wkRFz4vQsdH',#5,'Pset_CDE_Provenance',$,(#4343,#4344,#4345));
#4347=IFCRELDEFINESBYPROPERTIES('2BhTK3uif0JhED3R6RqjO5',#5,$,$,(#4332),#4346);
#4348=IFCCARTESIANPOINT((9.392886568091598,-8.492308079916329));
#4349=IFCCARTESIANPOINT((9.36853274358502,-8.46795425540975));
#4350=IFCCARTESIANPOINT((9.33409123467216,-8.46795425540975));
#4351=IFCCARTESIANPOINT((9.309737410165582,-8.492308079916329));
#4352=IFCCARTESIANPOINT((9.309737410165582,-8.526749588829189));
#4353=IFCCARTESIANPOINT((9.33409123467216,-8.551103413335767));
#4354=IFCCARTESIANPOINT((9.36853274358502,-8.551103413335767));
#4355=IFCCARTESIANPOINT((9.392886568091598,-8.526749588829189));
#4356=IFCCARTESIANPOINT((9.392886568091598,-8.492308079916329));
#4357=IFCPOLYLINE((#4348,#4349,#4350,#4351,#4352,#4353,#4354,#4355,#4356));
#4358=IFCARBITRARYCLOSEDPROFILEDEF(.AREA.,$,#4357);
#4359=IFCCARTESIANPOINT((0.,0.,0.16));
#4360=IFCAXIS2PLACEMENT3D(#4359,$,$);
#4361=IFCDIRECTION((0.,0.,1.));
#4362=IFCEXTRUDEDAREASOLID(#4358,#4360,#4361,3.5);
#4363=IFCCARTESIANPOINT((8.489503981734414,-8.541388547520897));
#4364=IFCCARTESIANPOINT((8.467856137728566,-8.51974070351505));
#4365=IFCCARTESIANPOINT((8.43724146313936,-8.51974070351505));
#4366=IFCCARTESIANPOINT((8.415593619133512,-8.541388547520897));
#4367=IFCCARTESIANPOINT((8.415593619133512,-8.572003222110103));
#4368=IFCCARTESIANPOINT((8.43724146313936,-8.593651066115951));
#4369=IFCCARTESIANPOINT((8.467856137728566,-8.593651066115951));
#4370=IFCCARTESIANPOINT((8.489503981734414,-8.572003222110103));
#4371=IFCCARTESIANPOINT((8.489503981734414,-8.541388547520897));
#4372=IFCPOLYLINE((#4363,#4364,#4365,#4366,#4367,#4368,#4369,#4370,#4371));
#4373=IFCARBITRARYCLOSEDPROFILEDEF(.AREA.,$,#4372);
#4374=IFCCARTESIANPOINT((0.,0.,0.16));
#4375=IFCAXIS2PLACEMENT3D(#4374,$,$);
#4376=IFCDIRECTION((0.,0.,1.));
#4377=IFCEXTRUDEDAREASOLID(#4373,#4375,#4376,2.6);
#4378=IFCCARTESIANPOINT((0.,0.));
#4379=IFCDIRECTION((-0.05240783382526791,0.9986257652162511));
#4380=IFCAXIS2PLACEMENT2D(#4378,#4379);
#4381=IFCRECTANGLEPROFILEDEF(.AREA.,$,#4380,0.04,0.6);
#4382=IFCCARTESIANPOINT((9.35131198912859,-8.509528834372759,3.21));
#4383=IFCAXIS2PLACEMENT3D(#4382,$,$);
#4384=IFCDIRECTION((0.,0.,1.));
#4385=IFCEXTRUDEDAREASOLID(#4381,#4383,#4384,0.32);
#4386=IFCCARTESIANPOINT((0.,0.));
#4387=IFCDIRECTION((-0.05240783382526791,0.9986257652162511));
#4388=IFCAXIS2PLACEMENT2D(#4386,#4387);
#4389=IFCRECTANGLEPROFILEDEF(.AREA.,$,#4388,0.04,0.6);
#4390=IFCCARTESIANPOINT((9.35131198912859,-8.509528834372759,2.8600000000000003));
#4391=IFCAXIS2PLACEMENT3D(#4390,$,$);
#4392=IFCDIRECTION((0.,0.,1.));
#4393=IFCEXTRUDEDAREASOLID(#4389,#4391,#4392,0.35);
#4394=IFCCARTESIANPOINT((0.,0.));
#4395=IFCDIRECTION((-0.05240783382526791,0.9986257652162511));
#4396=IFCAXIS2PLACEMENT2D(#4394,#4395);
#4397=IFCRECTANGLEPROFILEDEF(.AREA.,$,#4396,0.04,0.6);
#4398=IFCCARTESIANPOINT((9.35131198912859,-8.509528834372759,2.41));
#4399=IFCAXIS2PLACEMENT3D(#4398,$,$);
#4400=IFCDIRECTION((0.,0.,1.));
#4401=IFCEXTRUDEDAREASOLID(#4397,#4399,#4400,0.45);
#4402=IFCCARTESIANPOINT((0.,0.));
#4403=IFCDIRECTION((-0.05240783382526791,0.9986257652162511));
#4404=IFCAXIS2PLACEMENT2D(#4402,#4403);
#4405=IFCRECTANGLEPROFILEDEF(.AREA.,$,#4404,0.05,0.62);
#4406=IFCCARTESIANPOINT((8.452548800433963,-8.5566958848155,1.3599999999999999));
#4407=IFCAXIS2PLACEMENT3D(#4406,$,$);
#4408=IFCDIRECTION((0.,0.,1.));
#4409=IFCEXTRUDEDAREASOLID(#4405,#4407,#4408,0.95);
#4410=IFCSTYLEDITEM(#4362,(#63),$);
#4411=IFCSTYLEDITEM(#4377,(#63),$);
#4412=IFCSHAPEREPRESENTATION(#16,'Body','SweptSolid',(#4362,#4377));
#4413=IFCPRODUCTDEFINITIONSHAPE($,$,(#4412));
#4414=IFCLOCALPLACEMENT(#23,#13);
#4415=IFCMEMBER('0qYS082n9EfeZTND_1GCLP',#5,'Bay 21 pole',$,'Stop pole and timetable post',#4414,#4413,'EL-MEM-014',.POST.);
#4416=IFCRELASSOCIATESMATERIAL('0yCkt0BGb3_PMD1OXUktBx',#5,$,$,(#4415),#64);
#4417=IFCPROPERTYSINGLEVALUE('Reference',$,IFCLABEL('Stop pole and timetable post'),$);
#4418=IFCPROPERTYSINGLEVALUE('IsExternal',$,IFCBOOLEAN(.T.),$);
#4419=IFCPROPERTYSINGLEVALUE('Status',$,IFCLABEL('EXISTING'),$);
#4420=IFCPROPERTYSET('1DuF0yQG5DNgcBThaZ$yV9',#5,'Pset_MemberCommon',$,(#4417,#4418,#4419));
#4421=IFCRELDEFINESBYPROPERTIES('37XrhqRhz9BB3Ql4fmnbxP',#5,$,$,(#4415),#4420);
#4422=IFCPROPERTYSINGLEVALUE('Material',$,IFCLABEL('Dark grey painted steel'),$);
#4423=IFCPROPERTYSINGLEVALUE('Category',$,IFCLABEL('Metal'),$);
#4424=IFCPROPERTYSINGLEVALUE('Description',$,IFCLABEL('Canopy structure, poles, kiosks'),$);
#4425=IFCPROPERTYSINGLEVALUE('MassDensity_kg_m3',$,IFCREAL(7850.),$);
#4426=IFCPROPERTYSET('0llMBKbJr0igjfJChK9a88',#5,'Pset_CDE_Material',$,(#4422,#4423,#4424,#4425));
#4427=IFCRELDEFINESBYPROPERTIES('12KjUwRsXD5hpmrd5sw7oE',#5,$,$,(#4415),#4426);
#4428=IFCPROPERTYSINGLEVALUE('GeometrySource',$,IFCLABEL('OpenStreetMap bus_stop position (ODbL)'),$);
#4429=IFCPROPERTYSINGLEVALUE('Confidence',$,IFCLABEL('Medium'),$);
#4430=IFCPROPERTYSINGLEVALUE('Reference',$,IFCLABEL('OSM'),$);
#4431=IFCPROPERTYSET('2cpaMl_cHAchAT35a8cA6V',#5,'Pset_CDE_Provenance',$,(#4428,#4429,#4430));
#4432=IFCRELDEFINESBYPROPERTIES('3hrojqnEPET8Zz6cH1GPfQ',#5,$,$,(#4415),#4431);
#4433=IFCPROPERTYSINGLEVALUE('BayNumber',$,IFCINTEGER(21),$);
#4434=IFCPROPERTYSINGLEVALUE('StopCode',$,IFCLABEL('H2021'),$);
#4435=IFCPROPERTYSINGLEVALUE('Name',$,IFCLABEL('Elielinaukio, laituri 21'),$);
#4436=IFCPROPERTYSINGLEVALUE('NameSv',$,IFCLABEL('Elielplatsen, plattform 21'),$);
#4437=IFCPROPERTYSINGLEVALUE('Bench',$,IFCLABEL('yes'),$);
#4438=IFCPROPERTYSINGLEVALUE('Shelter',$,IFCLABEL('external'),$);
#4439=IFCPROPERTYSINGLEVALUE('Wheelchair',$,IFCLABEL('limited'),$);
#4440=IFCPROPERTYSINGLEVALUE('InService',$,IFCBOOLEAN(.T.),$);
#4441=IFCPROPERTYSET('0EbuFDif11JfmSZ77xaE_i',#5,'Pset_CDE_BusBay',$,(#4433,#4434,#4435,#4436,#4437,#4438,#4439,#4440));
#4442=IFCRELDEFINESBYPROPERTIES('1P$whTcHr8heuDNpeWghb8',#5,$,$,(#4415),#4441);
#4443=IFCPROPERTYSINGLEVALUE('AssetClass',$,IFCLABEL('Signs > Stop poles'),$);
#4444=IFCPROPERTYSINGLEVALUE('InspectionInterval_months',$,IFCINTEGER(12),$);
#4445=IFCPROPERTYSINGLEVALUE('DesignServiceLife_years',$,IFCINTEGER(15),$);
#4446=IFCPROPERTYSINGLEVALUE('Criticality',$,IFCLABEL('Medium'),$);
#4447=IFCPROPERTYSINGLEVALUE('DataStatus',$,IFCLABEL('Demo values \X2\2014\X0\ to be replaced with the owner''s asset register'),$);
#4448=IFCPROPERTYSET('2GNYUdJsz4Ax77oTtIUka3',#5,'Pset_CDE_AssetManagement (demo)',$,(#4443,#4444,#4445,#4446,#4447));
#4449=IFCRELDEFINESBYPROPERTIES('2Gzvy$hxP6w8Kszb$GmSrs',#5,$,$,(#4415),#4448);
#4450=IFCSTYLEDITEM(#4385,(#113),$);
#4451=IFCSHAPEREPRESENTATION(#16,'Body','SweptSolid',(#4385));
#4452=IFCPRODUCTDEFINITIONSHAPE($,$,(#4451));
#4453=IFCLOCALPLACEMENT(#23,#13);
#4454=IFCBUILDINGELEMENTPROXY('0sTRVqT4P4cOGxGjbD1LBM',#5,'Bay 21 sign (blue)',$,'Stop sign panel',#4453,#4452,'EL-PRX-011',.USERDEFINED.);
#4455=IFCRELASSOCIATESMATERIAL('3fjNmPek93aOVJUhzOPj2C',#5,$,$,(#4454),#114);
#4456=IFCPROPERTYSINGLEVALUE('Reference',$,IFCLABEL('Stop sign panel'),$);
#4457=IFCPROPERTYSINGLEVALUE('IsExternal',$,IFCBOOLEAN(.T.),$);
#4458=IFCPROPERTYSINGLEVALUE('Status',$,IFCLABEL('EXISTING'),$);
#4459=IFCPROPERTYSET('0m$zih9sH1OBxg1T$Tz4bK',#5,'Pset_BuildingElementProxyCommon',$,(#4456,#4457,#4458));
#4460=IFCRELDEFINESBYPROPERTIES('1qKv2zbaj9XRNzuNCQtS4H',#5,$,$,(#4454),#4459);
#4461=IFCPROPERTYSINGLEVALUE('Material',$,IFCLABEL('Stop sign, blue panel'),$);
#4462=IFCPROPERTYSINGLEVALUE('Category',$,IFCLABEL('Metal'),$);
#4463=IFCPROPERTYSET('32nFoxHTT7DhaYJz1SZWkv',#5,'Pset_CDE_Material',$,(#4461,#4462));
#4464=IFCRELDEFINESBYPROPERTIES('2yI508xen81P0Dc5YTMrBT',#5,$,$,(#4454),#4463);
#4465=IFCPROPERTYSINGLEVALUE('GeometrySource',$,IFCLABEL('Photograph: number, bus symbol, lines'),$);
#4466=IFCPROPERTYSINGLEVALUE('Confidence',$,IFCLABEL('Medium'),$);
#4467=IFCPROPERTYSINGLEVALUE('Reference',$,IFCLABEL('PHOTO'),$);
#4468=IFCPROPERTYSET('2dJ4N2z6TEJv9hP7TjGFQ5',#5,'Pset_CDE_Provenance',$,(#4465,#4466,#4467));
#4469=IFCRELDEFINESBYPROPERTIES('1txdGyBIbDvwAODivef9vf',#5,$,$,(#4454),#4468);
#4470=IFCSTYLEDITEM(#4393,(#120),$);
#4471=IFCSHAPEREPRESENTATION(#16,'Body','SweptSolid',(#4393));
#4472=IFCPRODUCTDEFINITIONSHAPE($,$,(#4471));
#4473=IFCLOCALPLACEMENT(#23,#13);
#4474=IFCBUILDINGELEMENTPROXY('0tvglcd9P2KgPQmQA4Fio$',#5,'Bay 21 sign (yellow)',$,'Stop sign panel',#4473,#4472,'EL-PRX-012',.USERDEFINED.);
#4475=IFCRELASSOCIATESMATERIAL('2ACTjdwz18QumwCCpB4X24',#5,$,$,(#4474),#121);
#4476=IFCPROPERTYSINGLEVALUE('Reference',$,IFCLABEL('Stop sign panel'),$);
#4477=IFCPROPERTYSINGLEVALUE('IsExternal',$,IFCBOOLEAN(.T.),$);
#4478=IFCPROPERTYSINGLEVALUE('Status',$,IFCLABEL('EXISTING'),$);
#4479=IFCPROPERTYSET('2Uug9_IVP9IuCAHWoXmI0X',#5,'Pset_BuildingElementProxyCommon',$,(#4476,#4477,#4478));
#4480=IFCRELDEFINESBYPROPERTIES('2Q3IHmNOr1YvO3yue0CTOh',#5,$,$,(#4474),#4479);
#4481=IFCPROPERTYSINGLEVALUE('Material',$,IFCLABEL('Stop sign, yellow panel'),$);
#4482=IFCPROPERTYSINGLEVALUE('Category',$,IFCLABEL('Metal'),$);
#4483=IFCPROPERTYSET('0fd0g1K6nCTO$QaH6FiX3K',#5,'Pset_CDE_Material',$,(#4481,#4482));
#4484=IFCRELDEFINESBYPROPERTIES('2QMOkqNFf91Qvfmd9Ek_nT',#5,$,$,(#4474),#4483);
#4485=IFCPROPERTYSINGLEVALUE('GeometrySource',$,IFCLABEL('Photograph: number, bus symbol, lines'),$);
#4486=IFCPROPERTYSINGLEVALUE('Confidence',$,IFCLABEL('Medium'),$);
#4487=IFCPROPERTYSINGLEVALUE('Reference',$,IFCLABEL('PHOTO'),$);
#4488=IFCPROPERTYSET('2BElSGQ5TBFvNMUk5rrMV0',#5,'Pset_CDE_Provenance',$,(#4485,#4486,#4487));
#4489=IFCRELDEFINESBYPROPERTIES('0ITEWJdkr9DPbCgBpKvXvW',#5,$,$,(#4474),#4488);
#4490=IFCSTYLEDITEM(#4401,(#127),$);
#4491=IFCSTYLEDITEM(#4409,(#127),$);
#4492=IFCSHAPEREPRESENTATION(#16,'Body','SweptSolid',(#4401,#4409));
#4493=IFCPRODUCTDEFINITIONSHAPE($,$,(#4492));
#4494=IFCLOCALPLACEMENT(#23,#13);
#4495=IFCBUILDINGELEMENTPROXY('05ZagF3$XFdfVw_NyRzFQh',#5,'Bay 21 sign (white)',$,'Stop sign panel',#4494,#4493,'EL-PRX-013',.USERDEFINED.);
#4496=IFCRELASSOCIATESMATERIAL('3$l0hYqzj9Selxk2K2XzVO',#5,$,$,(#4495),#128);
#4497=IFCPROPERTYSINGLEVALUE('Reference',$,IFCLABEL('Stop sign panel'),$);
#4498=IFCPROPERTYSINGLEVALUE('IsExternal',$,IFCBOOLEAN(.T.),$);
#4499=IFCPROPERTYSINGLEVALUE('Status',$,IFCLABEL('EXISTING'),$);
#4500=IFCPROPERTYSET('3H1S4SrWrCDgo2uVIBuUOR',#5,'Pset_BuildingElementProxyCommon',$,(#4497,#4498,#4499));
#4501=IFCRELDEFINESBYPROPERTIES('0e9zvfESbE7O9PdL2OJbEn',#5,$,$,(#4495),#4500);
#4502=IFCPROPERTYSINGLEVALUE('Material',$,IFCLABEL('Timetable panel'),$);
#4503=IFCPROPERTYSINGLEVALUE('Category',$,IFCLABEL('Metal'),$);
#4504=IFCPROPERTYSET('3HawgPIELF58hOKH5Nkd4t',#5,'Pset_CDE_Material',$,(#4502,#4503));
#4505=IFCRELDEFINESBYPROPERTIES('3NRw3LC$D748Nvl9sk4NuD',#5,$,$,(#4495),#4504);
#4506=IFCPROPERTYSINGLEVALUE('GeometrySource',$,IFCLABEL('Photograph: number, bus symbol, lines'),$);
#4507=IFCPROPERTYSINGLEVALUE('Confidence',$,IFCLABEL('Medium'),$);
#4508=IFCPROPERTYSINGLEVALUE('Reference',$,IFCLABEL('PHOTO'),$);
#4509=IFCPROPERTYSET('1d9gcDLNr8AAevzpNkOMRH',#5,'Pset_CDE_Provenance',$,(#4506,#4507,#4508));
#4510=IFCRELDEFINESBYPROPERTIES('2YwnTPFZXCfw9d2oNkBwx5',#5,$,$,(#4495),#4509);
#4511=IFCCARTESIANPOINT((9.088157639138188,-1.7736897009418324));
#4512=IFCCARTESIANPOINT((9.06380381463161,-1.7493358764352536));
#4513=IFCCARTESIANPOINT((9.02936230571875,-1.7493358764352536));
#4514=IFCCARTESIANPOINT((9.005008481212172,-1.7736897009418324));
#4515=IFCCARTESIANPOINT((9.005008481212172,-1.8081312098546907));
#4516=IFCCARTESIANPOINT((9.02936230571875,-1.8324850343612695));
#4517=IFCCARTESIANPOINT((9.06380381463161,-1.8324850343612695));
#4518=IFCCARTESIANPOINT((9.088157639138188,-1.8081312098546907));
#4519=IFCCARTESIANPOINT((9.088157639138188,-1.7736897009418324));
#4520=IFCPOLYLINE((#4511,#4512,#4513,#4514,#4515,#4516,#4517,#4518,#4519));
#4521=IFCARBITRARYCLOSEDPROFILEDEF(.AREA.,$,#4520);
#4522=IFCCARTESIANPOINT((0.,0.,0.16));
#4523=IFCAXIS2PLACEMENT3D(#4522,$,$);
#4524=IFCDIRECTION((0.,0.,1.));
#4525=IFCEXTRUDEDAREASOLID(#4521,#4523,#4524,3.5);
#4526=IFCCARTESIANPOINT((8.184775052781005,-1.822770168546399));
#4527=IFCCARTESIANPOINT((8.163127208775157,-1.8011223245405512));
#4528=IFCCARTESIANPOINT((8.13251253418595,-1.8011223245405512));
#4529=IFCCARTESIANPOINT((8.110864690180103,-1.822770168546399));
#4530=IFCCARTESIANPOINT((8.110864690180103,-1.8533848431356061));
#4531=IFCCARTESIANPOINT((8.13251253418595,-1.875032687141454));
#4532=IFCCARTESIANPOINT((8.163127208775157,-1.875032687141454));
#4533=IFCCARTESIANPOINT((8.184775052781005,-1.8533848431356061));
#4534=IFCCARTESIANPOINT((8.184775052781005,-1.822770168546399));
#4535=IFCPOLYLINE((#4526,#4527,#4528,#4529,#4530,#4531,#4532,#4533,#4534));
#4536=IFCARBITRARYCLOSEDPROFILEDEF(.AREA.,$,#4535);
#4537=IFCCARTESIANPOINT((0.,0.,0.16));
#4538=IFCAXIS2PLACEMENT3D(#4537,$,$);
#4539=IFCDIRECTION((0.,0.,1.));
#4540=IFCEXTRUDEDAREASOLID(#4536,#4538,#4539,2.6);
#4541=IFCCARTESIANPOINT((0.,0.));
#4542=IFCDIRECTION((-0.05240783382526791,0.9986257652162511));
#4543=IFCAXIS2PLACEMENT2D(#4541,#4542);
#4544=IFCRECTANGLEPROFILEDEF(.AREA.,$,#4543,0.04,0.6);
#4545=IFCCARTESIANPOINT((9.04658306017518,-1.7909104553982615,3.21));
#4546=IFCAXIS2PLACEMENT3D(#4545,$,$);
#4547=IFCDIRECTION((0.,0.,1.));
#4548=IFCEXTRUDEDAREASOLID(#4544,#4546,#4547,0.32);
#4549=IFCCARTESIANPOINT((0.,0.));
#4550=IFCDIRECTION((-0.05240783382526791,0.9986257652162511));
#4551=IFCAXIS2PLACEMENT2D(#4549,#4550);
#4552=IFCRECTANGLEPROFILEDEF(.AREA.,$,#4551,0.04,0.6);
#4553=IFCCARTESIANPOINT((9.04658306017518,-1.7909104553982615,2.8600000000000003));
#4554=IFCAXIS2PLACEMENT3D(#4553,$,$);
#4555=IFCDIRECTION((0.,0.,1.));
#4556=IFCEXTRUDEDAREASOLID(#4552,#4554,#4555,0.35);
#4557=IFCCARTESIANPOINT((0.,0.));
#4558=IFCDIRECTION((-0.05240783382526791,0.9986257652162511));
#4559=IFCAXIS2PLACEMENT2D(#4557,#4558);
#4560=IFCRECTANGLEPROFILEDEF(.AREA.,$,#4559,0.04,0.6);
#4561=IFCCARTESIANPOINT((9.04658306017518,-1.7909104553982615,2.41));
#4562=IFCAXIS2PLACEMENT3D(#4561,$,$);
#4563=IFCDIRECTION((0.,0.,1.));
#4564=IFCEXTRUDEDAREASOLID(#4560,#4562,#4563,0.45);
#4565=IFCCARTESIANPOINT((0.,0.));
#4566=IFCDIRECTION((-0.05240783382526791,0.9986257652162511));
#4567=IFCAXIS2PLACEMENT2D(#4565,#4566);
#4568=IFCRECTANGLEPROFILEDEF(.AREA.,$,#4567,0.05,0.62);
#4569=IFCCARTESIANPOINT((8.147819871480554,-1.8380775058410026,1.3599999999999999));
#4570=IFCAXIS2PLACEMENT3D(#4569,$,$);
#4571=IFCDIRECTION((0.,0.,1.));
#4572=IFCEXTRUDEDAREASOLID(#4568,#4570,#4571,0.95);
#4573=IFCSTYLEDITEM(#4525,(#63),$);
#4574=IFCSTYLEDITEM(#4540,(#63),$);
#4575=IFCSHAPEREPRESENTATION(#16,'Body','SweptSolid',(#4525,#4540));
#4576=IFCPRODUCTDEFINITIONSHAPE($,$,(#4575));
#4577=IFCLOCALPLACEMENT(#23,#13);
#4578=IFCMEMBER('39fX_Wcp91ZQZntoAL8Oqf',#5,'Bay 22 pole',$,'Stop pole and timetable post',#4577,#4576,'EL-MEM-015',.POST.);
#4579=IFCRELASSOCIATESMATERIAL('0POl1YqfvEqu0s6No5bEJr',#5,$,$,(#4578),#64);
#4580=IFCPROPERTYSINGLEVALUE('Reference',$,IFCLABEL('Stop pole and timetable post'),$);
#4581=IFCPROPERTYSINGLEVALUE('IsExternal',$,IFCBOOLEAN(.T.),$);
#4582=IFCPROPERTYSINGLEVALUE('Status',$,IFCLABEL('EXISTING'),$);
#4583=IFCPROPERTYSET('2uls8XFoj53RjcbXIpW9yd',#5,'Pset_MemberCommon',$,(#4580,#4581,#4582));
#4584=IFCRELDEFINESBYPROPERTIES('0esNSR9lr3ZPV0Q3vPkVgj',#5,$,$,(#4578),#4583);
#4585=IFCPROPERTYSINGLEVALUE('Material',$,IFCLABEL('Dark grey painted steel'),$);
#4586=IFCPROPERTYSINGLEVALUE('Category',$,IFCLABEL('Metal'),$);
#4587=IFCPROPERTYSINGLEVALUE('Description',$,IFCLABEL('Canopy structure, poles, kiosks'),$);
#4588=IFCPROPERTYSINGLEVALUE('MassDensity_kg_m3',$,IFCREAL(7850.),$);
#4589=IFCPROPERTYSET('12ZrZ1vdPAzBseGK22uIJG',#5,'Pset_CDE_Material',$,(#4585,#4586,#4587,#4588));
#4590=IFCRELDEFINESBYPROPERTIES('2qNNbphfjDLReWKdGWuzAg',#5,$,$,(#4578),#4589);
#4591=IFCPROPERTYSINGLEVALUE('GeometrySource',$,IFCLABEL('OpenStreetMap bus_stop position (ODbL)'),$);
#4592=IFCPROPERTYSINGLEVALUE('Confidence',$,IFCLABEL('Medium'),$);
#4593=IFCPROPERTYSINGLEVALUE('Reference',$,IFCLABEL('OSM'),$);
#4594=IFCPROPERTYSET('2T7S33BPjBZv7a2spPZ4Iw',#5,'Pset_CDE_Provenance',$,(#4591,#4592,#4593));
#4595=IFCRELDEFINESBYPROPERTIES('0YHRcbCIrEmRgpqoootpBa',#5,$,$,(#4578),#4594);
#4596=IFCPROPERTYSINGLEVALUE('BayNumber',$,IFCINTEGER(22),$);
#4597=IFCPROPERTYSINGLEVALUE('StopCode',$,IFCLABEL('H2022'),$);
#4598=IFCPROPERTYSINGLEVALUE('Name',$,IFCLABEL('Elielinaukio, laituri 22'),$);
#4599=IFCPROPERTYSINGLEVALUE('NameSv',$,IFCLABEL('Elielplatsen, plattform 22'),$);
#4600=IFCPROPERTYSINGLEVALUE('Bench',$,IFCLABEL('yes'),$);
#4601=IFCPROPERTYSINGLEVALUE('Shelter',$,IFCLABEL('external'),$);
#4602=IFCPROPERTYSINGLEVALUE('Wheelchair',$,IFCLABEL('limited'),$);
#4603=IFCPROPERTYSINGLEVALUE('InService',$,IFCBOOLEAN(.T.),$);
#4604=IFCPROPERTYSET('1Ejq5Quv54WQEW$4nbk1ys',#5,'Pset_CDE_BusBay',$,(#4596,#4597,#4598,#4599,#4600,#4601,#4602,#4603));
#4605=IFCRELDEFINESBYPROPERTIES('3VbIdyenDC7ABEn53Qcly0',#5,$,$,(#4578),#4604);
#4606=IFCPROPERTYSINGLEVALUE('AssetClass',$,IFCLABEL('Signs > Stop poles'),$);
#4607=IFCPROPERTYSINGLEVALUE('InspectionInterval_months',$,IFCINTEGER(12),$);
#4608=IFCPROPERTYSINGLEVALUE('DesignServiceLife_years',$,IFCINTEGER(15),$);
#4609=IFCPROPERTYSINGLEVALUE('Criticality',$,IFCLABEL('Medium'),$);
#4610=IFCPROPERTYSINGLEVALUE('DataStatus',$,IFCLABEL('Demo values \X2\2014\X0\ to be replaced with the owner''s asset register'),$);
#4611=IFCPROPERTYSET('1PTswTD1bCOhLbw6oOPwjl',#5,'Pset_CDE_AssetManagement (demo)',$,(#4606,#4607,#4608,#4609,#4610));
#4612=IFCRELDEFINESBYPROPERTIES('05s30U0tDAJwPbOZj3fUSK',#5,$,$,(#4578),#4611);
#4613=IFCSTYLEDITEM(#4548,(#113),$);
#4614=IFCSHAPEREPRESENTATION(#16,'Body','SweptSolid',(#4548));
#4615=IFCPRODUCTDEFINITIONSHAPE($,$,(#4614));
#4616=IFCLOCALPLACEMENT(#23,#13);
#4617=IFCBUILDINGELEMENTPROXY('09DiJPzWj7ohHRlPdWAuhT',#5,'Bay 22 sign (blue)',$,'Stop sign panel',#4616,#4615,'EL-PRX-014',.USERDEFINED.);
#4618=IFCRELASSOCIATESMATERIAL('1rUCAcSTD9v8byxRuY8YQi',#5,$,$,(#4617),#114);
#4619=IFCPROPERTYSINGLEVALUE('Reference',$,IFCLABEL('Stop sign panel'),$);
#4620=IFCPROPERTYSINGLEVALUE('IsExternal',$,IFCBOOLEAN(.T.),$);
#4621=IFCPROPERTYSINGLEVALUE('Status',$,IFCLABEL('EXISTING'),$);
#4622=IFCPROPERTYSET('2$PLlc2A99$QIIKLtMTcuu',#5,'Pset_BuildingElementProxyCommon',$,(#4619,#4620,#4621));
#4623=IFCRELDEFINESBYPROPERTIES('3qgtotvr922hlBe_HSzLOo',#5,$,$,(#4617),#4622);
#4624=IFCPROPERTYSINGLEVALUE('Material',$,IFCLABEL('Stop sign, blue panel'),$);
#4625=IFCPROPERTYSINGLEVALUE('Category',$,IFCLABEL('Metal'),$);
#4626=IFCPROPERTYSET('2AMm6W3Pr9XRTPed86fGSX',#5,'Pset_CDE_Material',$,(#4624,#4625));
#4627=IFCRELDEFINESBYPROPERTIES('0gT6p0Bt5DMQyubvnUpgGn',#5,$,$,(#4617),#4626);
#4628=IFCPROPERTYSINGLEVALUE('GeometrySource',$,IFCLABEL('Photograph: number, bus symbol, lines'),$);
#4629=IFCPROPERTYSINGLEVALUE('Confidence',$,IFCLABEL('Medium'),$);
#4630=IFCPROPERTYSINGLEVALUE('Reference',$,IFCLABEL('PHOTO'),$);
#4631=IFCPROPERTYSET('3nP_lo8wr1aQ1MDybPHcAa',#5,'Pset_CDE_Provenance',$,(#4628,#4629,#4630));
#4632=IFCRELDEFINESBYPROPERTIES('0hmHUOPMnBFhTKEfGf_qya',#5,$,$,(#4617),#4631);
#4633=IFCSTYLEDITEM(#4556,(#120),$);
#4634=IFCSHAPEREPRESENTATION(#16,'Body','SweptSolid',(#4556));
#4635=IFCPRODUCTDEFINITIONSHAPE($,$,(#4634));
#4636=IFCLOCALPLACEMENT(#23,#13);
#4637=IFCBUILDINGELEMENTPROXY('2oBH$SxZLDS8PQ1jvZm0B7',#5,'Bay 22 sign (yellow)',$,'Stop sign panel',#4636,#4635,'EL-PRX-015',.USERDEFINED.);
#4638=IFCRELASSOCIATESMATERIAL('2XiXSeZnfDoOqwSnDjLISz',#5,$,$,(#4637),#121);
#4639=IFCPROPERTYSINGLEVALUE('Reference',$,IFCLABEL('Stop sign panel'),$);
#4640=IFCPROPERTYSINGLEVALUE('IsExternal',$,IFCBOOLEAN(.T.),$);
#4641=IFCPROPERTYSINGLEVALUE('Status',$,IFCLABEL('EXISTING'),$);
#4642=IFCPROPERTYSET('3TD77n9Mz408mE5O8FCKMu',#5,'Pset_BuildingElementProxyCommon',$,(#4639,#4640,#4641));
#4643=IFCRELDEFINESBYPROPERTIES('3axowOjFr5xODfdvU6dHov',#5,$,$,(#4637),#4642);
#4644=IFCPROPERTYSINGLEVALUE('Material',$,IFCLABEL('Stop sign, yellow panel'),$);
#4645=IFCPROPERTYSINGLEVALUE('Category',$,IFCLABEL('Metal'),$);
#4646=IFCPROPERTYSET('1kMC5EtFz0dgqD53YwPVIr',#5,'Pset_CDE_Material',$,(#4644,#4645));
#4647=IFCRELDEFINESBYPROPERTIES('2ALBqPefv6eQlrEZgrIyv_',#5,$,$,(#4637),#4646);
#4648=IFCPROPERTYSINGLEVALUE('GeometrySource',$,IFCLABEL('Photograph: number, bus symbol, lines'),$);
#4649=IFCPROPERTYSINGLEVALUE('Confidence',$,IFCLABEL('Medium'),$);
#4650=IFCPROPERTYSINGLEVALUE('Reference',$,IFCLABEL('PHOTO'),$);
#4651=IFCPROPERTYSET('2CIbz59RzBUf8pTqIMU6H2',#5,'Pset_CDE_Provenance',$,(#4648,#4649,#4650));
#4652=IFCRELDEFINESBYPROPERTIES('2U$Wm4T3n6Xv8Q4qWR8zcq',#5,$,$,(#4637),#4651);
#4653=IFCSTYLEDITEM(#4564,(#127),$);
#4654=IFCSTYLEDITEM(#4572,(#127),$);
#4655=IFCSHAPEREPRESENTATION(#16,'Body','SweptSolid',(#4564,#4572));
#4656=IFCPRODUCTDEFINITIONSHAPE($,$,(#4655));
#4657=IFCLOCALPLACEMENT(#23,#13);
#4658=IFCBUILDINGELEMENTPROXY('2xQyhiJ1jB6vXCzyx0RIc0',#5,'Bay 22 sign (white)',$,'Stop sign panel',#4657,#4656,'EL-PRX-016',.USERDEFINED.);
#4659=IFCRELASSOCIATESMATERIAL('0ecaEBarD00OygqtAiwjhD',#5,$,$,(#4658),#128);
#4660=IFCPROPERTYSINGLEVALUE('Reference',$,IFCLABEL('Stop sign panel'),$);
#4661=IFCPROPERTYSINGLEVALUE('IsExternal',$,IFCBOOLEAN(.T.),$);
#4662=IFCPROPERTYSINGLEVALUE('Status',$,IFCLABEL('EXISTING'),$);
#4663=IFCPROPERTYSET('2RNAL7YHzEs9Y7PfbKl1n0',#5,'Pset_BuildingElementProxyCommon',$,(#4660,#4661,#4662));
#4664=IFCRELDEFINESBYPROPERTIES('3ZknzvjcbD1vUy$scVV9iI',#5,$,$,(#4658),#4663);
#4665=IFCPROPERTYSINGLEVALUE('Material',$,IFCLABEL('Timetable panel'),$);
#4666=IFCPROPERTYSINGLEVALUE('Category',$,IFCLABEL('Metal'),$);
#4667=IFCPROPERTYSET('3YEnDVtmb23QRLFe_jQJpj',#5,'Pset_CDE_Material',$,(#4665,#4666));
#4668=IFCRELDEFINESBYPROPERTIES('1J71BzOwzC_eXd_IxdG_ZZ',#5,$,$,(#4658),#4667);
#4669=IFCPROPERTYSINGLEVALUE('GeometrySource',$,IFCLABEL('Photograph: number, bus symbol, lines'),$);
#4670=IFCPROPERTYSINGLEVALUE('Confidence',$,IFCLABEL('Medium'),$);
#4671=IFCPROPERTYSINGLEVALUE('Reference',$,IFCLABEL('PHOTO'),$);
#4672=IFCPROPERTYSET('3irNrfMKv0ZP1Vj7t8YotN',#5,'Pset_CDE_Provenance',$,(#4669,#4670,#4671));
#4673=IFCRELDEFINESBYPROPERTIES('1l$JwgX21FB9NRcHfGTmdd',#5,$,$,(#4658),#4672);
#4674=IFCCARTESIANPOINT((8.639011264078107,4.844786826801209));
#4675=IFCCARTESIANPOINT((8.614657439571529,4.869140651307788));
#4676=IFCCARTESIANPOINT((8.58021593065867,4.869140651307788));
#4677=IFCCARTESIANPOINT((8.555862106152091,4.844786826801209));
#4678=IFCCARTESIANPOINT((8.555862106152091,4.810345317888351));
#4679=IFCCARTESIANPOINT((8.58021593065867,4.785991493381772));
#4680=IFCCARTESIANPOINT((8.614657439571529,4.785991493381772));
#4681=IFCCARTESIANPOINT((8.639011264078107,4.810345317888351));
#4682=IFCCARTESIANPOINT((8.639011264078107,4.844786826801209));
#4683=IFCPOLYLINE((#4674,#4675,#4676,#4677,#4678,#4679,#4680,#4681,#4682));
#4684=IFCARBITRARYCLOSEDPROFILEDEF(.AREA.,$,#4683);
#4685=IFCCARTESIANPOINT((0.,0.,0.16));
#4686=IFCAXIS2PLACEMENT3D(#4685,$,$);
#4687=IFCDIRECTION((0.,0.,1.));
#4688=IFCEXTRUDEDAREASOLID(#4684,#4686,#4687,3.5);
#4689=IFCCARTESIANPOINT((7.735628677720925,4.795706359196642));
#4690=IFCCARTESIANPOINT((7.713980833715077,4.81735420320249));
#4691=IFCCARTESIANPOINT((7.683366159125869,4.81735420320249));
#4692=IFCCARTESIANPOINT((7.661718315120021,4.795706359196642));
#4693=IFCCARTESIANPOINT((7.661718315120021,4.765091684607435));
#4694=IFCCARTESIANPOINT((7.683366159125869,4.743443840601587));
#4695=IFCCARTESIANPOINT((7.713980833715077,4.743443840601587));
#4696=IFCCARTESIANPOINT((7.735628677720925,4.765091684607435));
#4697=IFCCARTESIANPOINT((7.735628677720925,4.795706359196642));
#4698=IFCPOLYLINE((#4689,#4690,#4691,#4692,#4693,#4694,#4695,#4696,#4697));
#4699=IFCARBITRARYCLOSEDPROFILEDEF(.AREA.,$,#4698);
#4700=IFCCARTESIANPOINT((0.,0.,0.16));
#4701=IFCAXIS2PLACEMENT3D(#4700,$,$);
#4702=IFCDIRECTION((0.,0.,1.));
#4703=IFCEXTRUDEDAREASOLID(#4699,#4701,#4702,2.6);
#4704=IFCCARTESIANPOINT((0.,0.));
#4705=IFCDIRECTION((-0.05240783382526791,0.9986257652162511));
#4706=IFCAXIS2PLACEMENT2D(#4704,#4705);
#4707=IFCRECTANGLEPROFILEDEF(.AREA.,$,#4706,0.04,0.6);
#4708=IFCCARTESIANPOINT((8.597436685115099,4.82756607234478,3.21));
#4709=IFCAXIS2PLACEMENT3D(#4708,$,$);
#4710=IFCDIRECTION((0.,0.,1.));
#4711=IFCEXTRUDEDAREASOLID(#4707,#4709,#4710,0.32);
#4712=IFCCARTESIANPOINT((0.,0.));
#4713=IFCDIRECTION((-0.05240783382526791,0.9986257652162511));
#4714=IFCAXIS2PLACEMENT2D(#4712,#4713);
#4715=IFCRECTANGLEPROFILEDEF(.AREA.,$,#4714,0.04,0.6);
#4716=IFCCARTESIANPOINT((8.597436685115099,4.82756607234478,2.8600000000000003));
#4717=IFCAXIS2PLACEMENT3D(#4716,$,$);
#4718=IFCDIRECTION((0.,0.,1.));
#4719=IFCEXTRUDEDAREASOLID(#4715,#4717,#4718,0.35);
#4720=IFCCARTESIANPOINT((0.,0.));
#4721=IFCDIRECTION((-0.05240783382526791,0.9986257652162511));
#4722=IFCAXIS2PLACEMENT2D(#4720,#4721);
#4723=IFCRECTANGLEPROFILEDEF(.AREA.,$,#4722,0.04,0.6);
#4724=IFCCARTESIANPOINT((8.597436685115099,4.82756607234478,2.41));
#4725=IFCAXIS2PLACEMENT3D(#4724,$,$);
#4726=IFCDIRECTION((0.,0.,1.));
#4727=IFCEXTRUDEDAREASOLID(#4723,#4725,#4726,0.45);
#4728=IFCCARTESIANPOINT((0.,0.));
#4729=IFCDIRECTION((-0.05240783382526791,0.9986257652162511));
#4730=IFCAXIS2PLACEMENT2D(#4728,#4729);
#4731=IFCRECTANGLEPROFILEDEF(.AREA.,$,#4730,0.05,0.62);
#4732=IFCCARTESIANPOINT((7.698673496420473,4.7803990219020385,1.3599999999999999));
#4733=IFCAXIS2PLACEMENT3D(#4732,$,$);
#4734=IFCDIRECTION((0.,0.,1.));
#4735=IFCEXTRUDEDAREASOLID(#4731,#4733,#4734,0.95);
#4736=IFCSTYLEDITEM(#4688,(#63),$);
#4737=IFCSTYLEDITEM(#4703,(#63),$);
#4738=IFCSHAPEREPRESENTATION(#16,'Body','SweptSolid',(#4688,#4703));
#4739=IFCPRODUCTDEFINITIONSHAPE($,$,(#4738));
#4740=IFCLOCALPLACEMENT(#23,#13);
#4741=IFCMEMBER('0l6iKgozj2LgtCRlrHMWSK',#5,'Bay 23 pole',$,'Stop pole and timetable post',#4740,#4739,'EL-MEM-016',.POST.);
#4742=IFCRELASSOCIATESMATERIAL('18PEtCCAL2ZferT0F93oQg',#5,$,$,(#4741),#64);
#4743=IFCPROPERTYSINGLEVALUE('Reference',$,IFCLABEL('Stop pole and timetable post'),$);
#4744=IFCPROPERTYSINGLEVALUE('IsExternal',$,IFCBOOLEAN(.T.),$);
#4745=IFCPROPERTYSINGLEVALUE('Status',$,IFCLABEL('EXISTING'),$);
#4746=IFCPROPERTYSET('12NDi2wEfAVR2sK4lKeAvg',#5,'Pset_MemberCommon',$,(#4743,#4744,#4745));
#4747=IFCRELDEFINESBYPROPERTIES('2GQCkR1mb7p8GrcdrHAHz3',#5,$,$,(#4741),#4746);
#4748=IFCPROPERTYSINGLEVALUE('Material',$,IFCLABEL('Dark grey painted steel'),$);
#4749=IFCPROPERTYSINGLEVALUE('Category',$,IFCLABEL('Metal'),$);
#4750=IFCPROPERTYSINGLEVALUE('Description',$,IFCLABEL('Canopy structure, poles, kiosks'),$);
#4751=IFCPROPERTYSINGLEVALUE('MassDensity_kg_m3',$,IFCREAL(7850.),$);
#4752=IFCPROPERTYSET('14PmQxYA9As8zNX4_BhR2X',#5,'Pset_CDE_Material',$,(#4748,#4749,#4750,#4751));
#4753=IFCRELDEFINESBYPROPERTIES('2Fr3fHv695Yv_4fpYxBqak',#5,$,$,(#4741),#4752);
#4754=IFCPROPERTYSINGLEVALUE('GeometrySource',$,IFCLABEL('OpenStreetMap bus_stop position (ODbL)'),$);
#4755=IFCPROPERTYSINGLEVALUE('Confidence',$,IFCLABEL('Medium'),$);
#4756=IFCPROPERTYSINGLEVALUE('Reference',$,IFCLABEL('OSM'),$);
#4757=IFCPROPERTYSET('0hdyJKSyX3KvH7VBwrHEcG',#5,'Pset_CDE_Provenance',$,(#4754,#4755,#4756));
#4758=IFCRELDEFINESBYPROPERTIES('0ek_njPrz98RPQbllJaePM',#5,$,$,(#4741),#4757);
#4759=IFCPROPERTYSINGLEVALUE('BayNumber',$,IFCINTEGER(23),$);
#4760=IFCPROPERTYSINGLEVALUE('StopCode',$,IFCLABEL('H2023'),$);
#4761=IFCPROPERTYSINGLEVALUE('Name',$,IFCLABEL('Elielinaukio, laituri 23'),$);
#4762=IFCPROPERTYSINGLEVALUE('NameSv',$,IFCLABEL('Elielplatsen, plattform 23'),$);
#4763=IFCPROPERTYSINGLEVALUE('Bench',$,IFCLABEL('yes'),$);
#4764=IFCPROPERTYSINGLEVALUE('Shelter',$,IFCLABEL('external'),$);
#4765=IFCPROPERTYSINGLEVALUE('Wheelchair',$,IFCLABEL('limited'),$);
#4766=IFCPROPERTYSINGLEVALUE('InService',$,IFCBOOLEAN(.T.),$);
#4767=IFCPROPERTYSET('0AVivtm_DB1x22G40VJllG',#5,'Pset_CDE_BusBay',$,(#4759,#4760,#4761,#4762,#4763,#4764,#4765,#4766));
#4768=IFCRELDEFINESBYPROPERTIES('2XfaA8BC1AQ9AgWFCcLN85',#5,$,$,(#4741),#4767);
#4769=IFCPROPERTYSINGLEVALUE('AssetClass',$,IFCLABEL('Signs > Stop poles'),$);
#4770=IFCPROPERTYSINGLEVALUE('InspectionInterval_months',$,IFCINTEGER(12),$);
#4771=IFCPROPERTYSINGLEVALUE('DesignServiceLife_years',$,IFCINTEGER(15),$);
#4772=IFCPROPERTYSINGLEVALUE('Criticality',$,IFCLABEL('Medium'),$);
#4773=IFCPROPERTYSINGLEVALUE('DataStatus',$,IFCLABEL('Demo values \X2\2014\X0\ to be replaced with the owner''s asset register'),$);
#4774=IFCPROPERTYSET('3T98ySUTfEvQf2ss1fU6g$',#5,'Pset_CDE_AssetManagement (demo)',$,(#4769,#4770,#4771,#4772,#4773));
#4775=IFCRELDEFINESBYPROPERTIES('0_83m2W1P5Lxd43VEvgLUD',#5,$,$,(#4741),#4774);
#4776=IFCSTYLEDITEM(#4711,(#113),$);
#4777=IFCSHAPEREPRESENTATION(#16,'Body','SweptSolid',(#4711));
#4778=IFCPRODUCTDEFINITIONSHAPE($,$,(#4777));
#4779=IFCLOCALPLACEMENT(#23,#13);
#4780=IFCBUILDINGELEMENTPROXY('0gE3W4OqfCj9yHRaTMg3qH',#5,'Bay 23 sign (blue)',$,'Stop sign panel',#4779,#4778,'EL-PRX-017',.USERDEFINED.);
#4781=IFCRELASSOCIATESMATERIAL('3FGSk8k8fAjukkMNfJmIB$',#5,$,$,(#4780),#114);
#4782=IFCPROPERTYSINGLEVALUE('Reference',$,IFCLABEL('Stop sign panel'),$);
#4783=IFCPROPERTYSINGLEVALUE('IsExternal',$,IFCBOOLEAN(.T.),$);
#4784=IFCPROPERTYSINGLEVALUE('Status',$,IFCLABEL('EXISTING'),$);
#4785=IFCPROPERTYSET('1FKnrXVB59i8UIXDU3g9Tg',#5,'Pset_BuildingElementProxyCommon',$,(#4782,#4783,#4784));
#4786=IFCRELDEFINESBYPROPERTIES('1giSZAZVPBghol7bNTNxSR',#5,$,$,(#4780),#4785);
#4787=IFCPROPERTYSINGLEVALUE('Material',$,IFCLABEL('Stop sign, blue panel'),$);
#4788=IFCPROPERTYSINGLEVALUE('Category',$,IFCLABEL('Metal'),$);
#4789=IFCPROPERTYSET('1OLzCbeCz5$BnVHkaBg$9H',#5,'Pset_CDE_Material',$,(#4787,#4788));
#4790=IFCRELDEFINESBYPROPERTIES('0FRPT1qU12U8eKEfJJB2SI',#5,$,$,(#4780),#4789);
#4791=IFCPROPERTYSINGLEVALUE('GeometrySource',$,IFCLABEL('Photograph: number, bus symbol, lines'),$);
#4792=IFCPROPERTYSINGLEVALUE('Confidence',$,IFCLABEL('Medium'),$);
#4793=IFCPROPERTYSINGLEVALUE('Reference',$,IFCLABEL('PHOTO'),$);
#4794=IFCPROPERTYSET('1x0DEaHqX4g8_MrzDUzJjZ',#5,'Pset_CDE_Provenance',$,(#4791,#4792,#4793));
#4795=IFCRELDEFINESBYPROPERTIES('3CFV$vObTEped2aztlKpeg',#5,$,$,(#4780),#4794);
#4796=IFCSTYLEDITEM(#4719,(#120),$);
#4797=IFCSHAPEREPRESENTATION(#16,'Body','SweptSolid',(#4719));
#4798=IFCPRODUCTDEFINITIONSHAPE($,$,(#4797));
#4799=IFCLOCALPLACEMENT(#23,#13);
#4800=IFCBUILDINGELEMENTPROXY('0bobgBPiz7PB5r2kb_y1Ug',#5,'Bay 23 sign (yellow)',$,'Stop sign panel',#4799,#4798,'EL-PRX-018',.USERDEFINED.);
#4801=IFCRELASSOCIATESMATERIAL('1g4vmsc9LAEw2DaXwUVImS',#5,$,$,(#4800),#121);
#4802=IFCPROPERTYSINGLEVALUE('Reference',$,IFCLABEL('Stop sign panel'),$);
#4803=IFCPROPERTYSINGLEVALUE('IsExternal',$,IFCBOOLEAN(.T.),$);
#4804=IFCPROPERTYSINGLEVALUE('Status',$,IFCLABEL('EXISTING'),$);
#4805=IFCPROPERTYSET('0uryH0qlT38vENkKS2n_S$',#5,'Pset_BuildingElementProxyCommon',$,(#4802,#4803,#4804));
#4806=IFCRELDEFINESBYPROPERTIES('2qx5jU3$T8P8MmYFeCPtDm',#5,$,$,(#4800),#4805);
#4807=IFCPROPERTYSINGLEVALUE('Material',$,IFCLABEL('Stop sign, yellow panel'),$);
#4808=IFCPROPERTYSINGLEVALUE('Category',$,IFCLABEL('Metal'),$);
#4809=IFCPROPERTYSET('3ppzeRDP18ROQJQFXhvcGw',#5,'Pset_CDE_Material',$,(#4807,#4808));
#4810=IFCRELDEFINESBYPROPERTIES('0tK4iAgNn3tOctD5Hra2ai',#5,$,$,(#4800),#4809);
#4811=IFCPROPERTYSINGLEVALUE('GeometrySource',$,IFCLABEL('Photograph: number, bus symbol, lines'),$);
#4812=IFCPROPERTYSINGLEVALUE('Confidence',$,IFCLABEL('Medium'),$);
#4813=IFCPROPERTYSINGLEVALUE('Reference',$,IFCLABEL('PHOTO'),$);
#4814=IFCPROPERTYSET('1pYxH3Mmf2_uTTqW4F7m9p',#5,'Pset_CDE_Provenance',$,(#4811,#4812,#4813));
#4815=IFCRELDEFINESBYPROPERTIES('1B0CjHWRDCrhiRPGaWC$JU',#5,$,$,(#4800),#4814);
#4816=IFCSTYLEDITEM(#4727,(#127),$);
#4817=IFCSTYLEDITEM(#4735,(#127),$);
#4818=IFCSHAPEREPRESENTATION(#16,'Body','SweptSolid',(#4727,#4735));
#4819=IFCPRODUCTDEFINITIONSHAPE($,$,(#4818));
#4820=IFCLOCALPLACEMENT(#23,#13);
#4821=IFCBUILDINGELEMENTPROXY('1nKr8tdIz4eBus5PYD3cKp',#5,'Bay 23 sign (white)',$,'Stop sign panel',#4820,#4819,'EL-PRX-019',.USERDEFINED.);
#4822=IFCRELASSOCIATESMATERIAL('2RV8m0lun4UOvU_8EDFaJj',#5,$,$,(#4821),#128);
#4823=IFCPROPERTYSINGLEVALUE('Reference',$,IFCLABEL('Stop sign panel'),$);
#4824=IFCPROPERTYSINGLEVALUE('IsExternal',$,IFCBOOLEAN(.T.),$);
#4825=IFCPROPERTYSINGLEVALUE('Status',$,IFCLABEL('EXISTING'),$);
#4826=IFCPROPERTYSET('28afCE31L34uYp7yo6tb38',#5,'Pset_BuildingElementProxyCommon',$,(#4823,#4824,#4825));
#4827=IFCRELDEFINESBYPROPERTIES('040vnS04X2ex5y2ERghfwu',#5,$,$,(#4821),#4826);
#4828=IFCPROPERTYSINGLEVALUE('Material',$,IFCLABEL('Timetable panel'),$);
#4829=IFCPROPERTYSINGLEVALUE('Category',$,IFCLABEL('Metal'),$);
#4830=IFCPROPERTYSET('37z3eDQLXAZBL4VIGDudBn',#5,'Pset_CDE_Material',$,(#4828,#4829));
#4831=IFCRELDEFINESBYPROPERTIES('10gLy$8LH6FeimjCUEbCVA',#5,$,$,(#4821),#4830);
#4832=IFCPROPERTYSINGLEVALUE('GeometrySource',$,IFCLABEL('Photograph: number, bus symbol, lines'),$);
#4833=IFCPROPERTYSINGLEVALUE('Confidence',$,IFCLABEL('Medium'),$);
#4834=IFCPROPERTYSINGLEVALUE('Reference',$,IFCLABEL('PHOTO'),$);
#4835=IFCPROPERTYSET('14STe4uGDDPQ2IxNH0EHZy',#5,'Pset_CDE_Provenance',$,(#4832,#4833,#4834));
#4836=IFCRELDEFINESBYPROPERTIES('1R8nkbAF10ngXCSOg2DcQE',#5,$,$,(#4821),#4835);
#4837=IFCCARTESIANPOINT((8.284345936260905,11.585734025855272));
#4838=IFCCARTESIANPOINT((8.259992111754327,11.61008785036185));
#4839=IFCCARTESIANPOINT((8.225550602841468,11.61008785036185));
#4840=IFCCARTESIANPOINT((8.20119677833489,11.585734025855272));
#4841=IFCCARTESIANPOINT((8.20119677833489,11.551292516942413));
#4842=IFCCARTESIANPOINT((8.225550602841468,11.526938692435834));
#4843=IFCCARTESIANPOINT((8.259992111754327,11.526938692435834));
#4844=IFCCARTESIANPOINT((8.284345936260905,11.551292516942413));
#4845=IFCCARTESIANPOINT((8.284345936260905,11.585734025855272));
#4846=IFCPOLYLINE((#4837,#4838,#4839,#4840,#4841,#4842,#4843,#4844,#4845));
#4847=IFCARBITRARYCLOSEDPROFILEDEF(.AREA.,$,#4846);
#4848=IFCCARTESIANPOINT((0.,0.,0.16));
#4849=IFCAXIS2PLACEMENT3D(#4848,$,$);
#4850=IFCDIRECTION((0.,0.,1.));
#4851=IFCEXTRUDEDAREASOLID(#4847,#4849,#4850,3.5);
#4852=IFCCARTESIANPOINT((7.380963349903723,11.536653558250704));
#4853=IFCCARTESIANPOINT((7.359315505897875,11.558301402256552));
#4854=IFCCARTESIANPOINT((7.328700831308668,11.558301402256552));
#4855=IFCCARTESIANPOINT((7.30705298730282,11.536653558250704));
#4856=IFCCARTESIANPOINT((7.30705298730282,11.506038883661498));
#4857=IFCCARTESIANPOINT((7.328700831308668,11.48439103965565));
#4858=IFCCARTESIANPOINT((7.359315505897875,11.48439103965565));
#4859=IFCCARTESIANPOINT((7.380963349903723,11.506038883661498));
#4860=IFCCARTESIANPOINT((7.380963349903723,11.536653558250704));
#4861=IFCPOLYLINE((#4852,#4853,#4854,#4855,#4856,#4857,#4858,#4859,#4860));
#4862=IFCARBITRARYCLOSEDPROFILEDEF(.AREA.,$,#4861);
#4863=IFCCARTESIANPOINT((0.,0.,0.16));
#4864=IFCAXIS2PLACEMENT3D(#4863,$,$);
#4865=IFCDIRECTION((0.,0.,1.));
#4866=IFCEXTRUDEDAREASOLID(#4862,#4864,#4865,2.6);
#4867=IFCCARTESIANPOINT((0.,0.));
#4868=IFCDIRECTION((-0.05240783382526791,0.9986257652162511));
#4869=IFCAXIS2PLACEMENT2D(#4867,#4868);
#4870=IFCRECTANGLEPROFILEDEF(.AREA.,$,#4869,0.04,0.6);
#4871=IFCCARTESIANPOINT((8.242771357297897,11.568513271398842,3.21));
#4872=IFCAXIS2PLACEMENT3D(#4871,$,$);
#4873=IFCDIRECTION((0.,0.,1.));
#4874=IFCEXTRUDEDAREASOLID(#4870,#4872,#4873,0.32);
#4875=IFCCARTESIANPOINT((0.,0.));
#4876=IFCDIRECTION((-0.05240783382526791,0.9986257652162511));
#4877=IFCAXIS2PLACEMENT2D(#4875,#4876);
#4878=IFCRECTANGLEPROFILEDEF(.AREA.,$,#4877,0.04,0.6);
#4879=IFCCARTESIANPOINT((8.242771357297897,11.568513271398842,2.8600000000000003));
#4880=IFCAXIS2PLACEMENT3D(#4879,$,$);
#4881=IFCDIRECTION((0.,0.,1.));
#4882=IFCEXTRUDEDAREASOLID(#4878,#4880,#4881,0.35);
#4883=IFCCARTESIANPOINT((0.,0.));
#4884=IFCDIRECTION((-0.05240783382526791,0.9986257652162511));
#4885=IFCAXIS2PLACEMENT2D(#4883,#4884);
#4886=IFCRECTANGLEPROFILEDEF(.AREA.,$,#4885,0.04,0.6);
#4887=IFCCARTESIANPOINT((8.242771357297897,11.568513271398842,2.41));
#4888=IFCAXIS2PLACEMENT3D(#4887,$,$);
#4889=IFCDIRECTION((0.,0.,1.));
#4890=IFCEXTRUDEDAREASOLID(#4886,#4888,#4889,0.45);
#4891=IFCCARTESIANPOINT((0.,0.));
#4892=IFCDIRECTION((-0.05240783382526791,0.9986257652162511));
#4893=IFCAXIS2PLACEMENT2D(#4891,#4892);
#4894=IFCRECTANGLEPROFILEDEF(.AREA.,$,#4893,0.05,0.62);
#4895=IFCCARTESIANPOINT((7.344008168603271,11.5213462209561,1.3599999999999999));
#4896=IFCAXIS2PLACEMENT3D(#4895,$,$);
#4897=IFCDIRECTION((0.,0.,1.));
#4898=IFCEXTRUDEDAREASOLID(#4894,#4896,#4897,0.95);
#4899=IFCSTYLEDITEM(#4851,(#63),$);
#4900=IFCSTYLEDITEM(#4866,(#63),$);
#4901=IFCSHAPEREPRESENTATION(#16,'Body','SweptSolid',(#4851,#4866));
#4902=IFCPRODUCTDEFINITIONSHAPE($,$,(#4901));
#4903=IFCLOCALPLACEMENT(#23,#13);
#4904=IFCMEMBER('2hG352vjD5WfVxGQ34jifl',#5,'Bay 24 pole',$,'Stop pole and timetable post',#4903,#4902,'EL-MEM-017',.POST.);
#4905=IFCRELASSOCIATESMATERIAL('1qfSl5wO98LuqrZou7T8OW',#5,$,$,(#4904),#64);
#4906=IFCPROPERTYSINGLEVALUE('Reference',$,IFCLABEL('Stop pole and timetable post'),$);
#4907=IFCPROPERTYSINGLEVALUE('IsExternal',$,IFCBOOLEAN(.T.),$);
#4908=IFCPROPERTYSINGLEVALUE('Status',$,IFCLABEL('EXISTING'),$);
#4909=IFCPROPERTYSET('3bGPJzgKj5iQtiW9oggy7L',#5,'Pset_MemberCommon',$,(#4906,#4907,#4908));
#4910=IFCRELDEFINESBYPROPERTIES('3_SuemPI1BgvFR7eQSduJ5',#5,$,$,(#4904),#4909);
#4911=IFCPROPERTYSINGLEVALUE('Material',$,IFCLABEL('Dark grey painted steel'),$);
#4912=IFCPROPERTYSINGLEVALUE('Category',$,IFCLABEL('Metal'),$);
#4913=IFCPROPERTYSINGLEVALUE('Description',$,IFCLABEL('Canopy structure, poles, kiosks'),$);
#4914=IFCPROPERTYSINGLEVALUE('MassDensity_kg_m3',$,IFCREAL(7850.),$);
#4915=IFCPROPERTYSET('31mTv9NX15JhhonMF$xKnK',#5,'Pset_CDE_Material',$,(#4911,#4912,#4913,#4914));
#4916=IFCRELDEFINESBYPROPERTIES('3yOtYMw1D3gfiSuaYN6ifr',#5,$,$,(#4904),#4915);
#4917=IFCPROPERTYSINGLEVALUE('GeometrySource',$,IFCLABEL('OpenStreetMap bus_stop position (ODbL)'),$);
#4918=IFCPROPERTYSINGLEVALUE('Confidence',$,IFCLABEL('Medium'),$);
#4919=IFCPROPERTYSINGLEVALUE('Reference',$,IFCLABEL('OSM'),$);
#4920=IFCPROPERTYSET('1$KYJz6X10AvkGS6o6BZNS',#5,'Pset_CDE_Provenance',$,(#4917,#4918,#4919));
#4921=IFCRELDEFINESBYPROPERTIES('1iyHpS08n9GhGDBgYWUPOj',#5,$,$,(#4904),#4920);
#4922=IFCPROPERTYSINGLEVALUE('BayNumber',$,IFCINTEGER(24),$);
#4923=IFCPROPERTYSINGLEVALUE('StopCode',$,IFCLABEL('H2024'),$);
#4924=IFCPROPERTYSINGLEVALUE('Name',$,IFCLABEL('Elielinaukio, laituri 24'),$);
#4925=IFCPROPERTYSINGLEVALUE('NameSv',$,IFCLABEL('Elielplatsen, plattform 24'),$);
#4926=IFCPROPERTYSINGLEVALUE('Bench',$,IFCLABEL('yes'),$);
#4927=IFCPROPERTYSINGLEVALUE('Shelter',$,IFCLABEL('external'),$);
#4928=IFCPROPERTYSINGLEVALUE('Wheelchair',$,IFCLABEL('limited'),$);
#4929=IFCPROPERTYSINGLEVALUE('InService',$,IFCBOOLEAN(.T.),$);
#4930=IFCPROPERTYSET('2QcN2h$l102vlglH0rvuiy',#5,'Pset_CDE_BusBay',$,(#4922,#4923,#4924,#4925,#4926,#4927,#4928,#4929));
#4931=IFCRELDEFINESBYPROPERTIES('37P4xaLtz74QgmvFkkDGgU',#5,$,$,(#4904),#4930);
#4932=IFCPROPERTYSINGLEVALUE('AssetClass',$,IFCLABEL('Signs > Stop poles'),$);
#4933=IFCPROPERTYSINGLEVALUE('InspectionInterval_months',$,IFCINTEGER(12),$);
#4934=IFCPROPERTYSINGLEVALUE('DesignServiceLife_years',$,IFCINTEGER(15),$);
#4935=IFCPROPERTYSINGLEVALUE('Criticality',$,IFCLABEL('Medium'),$);
#4936=IFCPROPERTYSINGLEVALUE('DataStatus',$,IFCLABEL('Demo values \X2\2014\X0\ to be replaced with the owner''s asset register'),$);
#4937=IFCPROPERTYSET('0U0Q1NDBj1YBhbM7f_sZIG',#5,'Pset_CDE_AssetManagement (demo)',$,(#4932,#4933,#4934,#4935,#4936));
#4938=IFCRELDEFINESBYPROPERTIES('3jToAhF6v0NfgUsfDkXZ_I',#5,$,$,(#4904),#4937);
#4939=IFCSTYLEDITEM(#4874,(#113),$);
#4940=IFCSHAPEREPRESENTATION(#16,'Body','SweptSolid',(#4874));
#4941=IFCPRODUCTDEFINITIONSHAPE($,$,(#4940));
#4942=IFCLOCALPLACEMENT(#23,#13);
#4943=IFCBUILDINGELEMENTPROXY('0hJzl$NHb3AvVCoHRdXIcs',#5,'Bay 24 sign (blue)',$,'Stop sign panel',#4942,#4941,'EL-PRX-020',.USERDEFINED.);
#4944=IFCRELASSOCIATESMATERIAL('3CvXy76693tushgoqwa1Sj',#5,$,$,(#4943),#114);
#4945=IFCPROPERTYSINGLEVALUE('Reference',$,IFCLABEL('Stop sign panel'),$);
#4946=IFCPROPERTYSINGLEVALUE('IsExternal',$,IFCBOOLEAN(.T.),$);
#4947=IFCPROPERTYSINGLEVALUE('Status',$,IFCLABEL('EXISTING'),$);
#4948=IFCPROPERTYSET('1ZQY7d2Kj3kvqs55mL5uWs',#5,'Pset_BuildingElementProxyCommon',$,(#4945,#4946,#4947));
#4949=IFCRELDEFINESBYPROPERTIES('18fqPuuNP4u8oHZtanHJqD',#5,$,$,(#4943),#4948);
#4950=IFCPROPERTYSINGLEVALUE('Material',$,IFCLABEL('Stop sign, blue panel'),$);
#4951=IFCPROPERTYSINGLEVALUE('Category',$,IFCLABEL('Metal'),$);
#4952=IFCPROPERTYSET('1CeR0xUp58muACI9mhF_As',#5,'Pset_CDE_Material',$,(#4950,#4951));
#4953=IFCRELDEFINESBYPROPERTIES('3U9ROZyHvEGfF4TOLNI6R5',#5,$,$,(#4943),#4952);
#4954=IFCPROPERTYSINGLEVALUE('GeometrySource',$,IFCLABEL('Photograph: number, bus symbol, lines'),$);
#4955=IFCPROPERTYSINGLEVALUE('Confidence',$,IFCLABEL('Medium'),$);
#4956=IFCPROPERTYSINGLEVALUE('Reference',$,IFCLABEL('PHOTO'),$);
#4957=IFCPROPERTYSET('2XqWu0D9fFH8_fC9MHqMaE',#5,'Pset_CDE_Provenance',$,(#4954,#4955,#4956));
#4958=IFCRELDEFINESBYPROPERTIES('0q3sRvhpn6tARCd0guC_a5',#5,$,$,(#4943),#4957);
#4959=IFCSTYLEDITEM(#4882,(#120),$);
#4960=IFCSHAPEREPRESENTATION(#16,'Body','SweptSolid',(#4882));
#4961=IFCPRODUCTDEFINITIONSHAPE($,$,(#4960));
#4962=IFCLOCALPLACEMENT(#23,#13);
#4963=IFCBUILDINGELEMENTPROXY('14t$3qixDDY8Lys9iFv8i0',#5,'Bay 24 sign (yellow)',$,'Stop sign panel',#4962,#4961,'EL-PRX-021',.USERDEFINED.);
#4964=IFCRELASSOCIATESMATERIAL('2eB68oAR9E1R_P0AVoT6Rn',#5,$,$,(#4963),#121);
#4965=IFCPROPERTYSINGLEVALUE('Reference',$,IFCLABEL('Stop sign panel'),$);
#4966=IFCPROPERTYSINGLEVALUE('IsExternal',$,IFCBOOLEAN(.T.),$);
#4967=IFCPROPERTYSINGLEVALUE('Status',$,IFCLABEL('EXISTING'),$);
#4968=IFCPROPERTYSET('3Dn9sfuUnFwA8ZHbM44rZQ',#5,'Pset_BuildingElementProxyCommon',$,(#4965,#4966,#4967));
#4969=IFCRELDEFINESBYPROPERTIES('27w0RbHNXEyBY7zCUgrxc1',#5,$,$,(#4963),#4968);
#4970=IFCPROPERTYSINGLEVALUE('Material',$,IFCLABEL('Stop sign, yellow panel'),$);
#4971=IFCPROPERTYSINGLEVALUE('Category',$,IFCLABEL('Metal'),$);
#4972=IFCPROPERTYSET('2TjUnMcgzCLu$iM87gT1pI',#5,'Pset_CDE_Material',$,(#4970,#4971));
#4973=IFCRELDEFINESBYPROPERTIES('1okwbl1FLENQAxspUBqZH3',#5,$,$,(#4963),#4972);
#4974=IFCPROPERTYSINGLEVALUE('GeometrySource',$,IFCLABEL('Photograph: number, bus symbol, lines'),$);
#4975=IFCPROPERTYSINGLEVALUE('Confidence',$,IFCLABEL('Medium'),$);
#4976=IFCPROPERTYSINGLEVALUE('Reference',$,IFCLABEL('PHOTO'),$);
#4977=IFCPROPERTYSET('3BIM$nP7bClfFvZHCwXQ3V',#5,'Pset_CDE_Provenance',$,(#4974,#4975,#4976));
#4978=IFCRELDEFINESBYPROPERTIES('3heQk1LpX6bef53RvcijpS',#5,$,$,(#4963),#4977);
#4979=IFCSTYLEDITEM(#4890,(#127),$);
#4980=IFCSTYLEDITEM(#4898,(#127),$);
#4981=IFCSHAPEREPRESENTATION(#16,'Body','SweptSolid',(#4890,#4898));
#4982=IFCPRODUCTDEFINITIONSHAPE($,$,(#4981));
#4983=IFCLOCALPLACEMENT(#23,#13);
#4984=IFCBUILDINGELEMENTPROXY('1$ZfrGCAXFXP_BfcuHtlFQ',#5,'Bay 24 sign (white)',$,'Stop sign panel',#4983,#4982,'EL-PRX-022',.USERDEFINED.);
#4985=IFCRELASSOCIATESMATERIAL('3$sEJ3sLT9VAsbnMOqqtAC',#5,$,$,(#4984),#128);
#4986=IFCPROPERTYSINGLEVALUE('Reference',$,IFCLABEL('Stop sign panel'),$);
#4987=IFCPROPERTYSINGLEVALUE('IsExternal',$,IFCBOOLEAN(.T.),$);
#4988=IFCPROPERTYSINGLEVALUE('Status',$,IFCLABEL('EXISTING'),$);
#4989=IFCPROPERTYSET('20bbFXbVv878nuD8b_dFWE',#5,'Pset_BuildingElementProxyCommon',$,(#4986,#4987,#4988));
#4990=IFCRELDEFINESBYPROPERTIES('2lXdJxdhj108q5KsoiEWhm',#5,$,$,(#4984),#4989);
#4991=IFCPROPERTYSINGLEVALUE('Material',$,IFCLABEL('Timetable panel'),$);
#4992=IFCPROPERTYSINGLEVALUE('Category',$,IFCLABEL('Metal'),$);
#4993=IFCPROPERTYSET('29IJrRMWz6i9QYHaocX$BO',#5,'Pset_CDE_Material',$,(#4991,#4992));
#4994=IFCRELDEFINESBYPROPERTIES('1814PtsG9C5Qcq10GiAqER',#5,$,$,(#4984),#4993);
#4995=IFCPROPERTYSINGLEVALUE('GeometrySource',$,IFCLABEL('Photograph: number, bus symbol, lines'),$);
#4996=IFCPROPERTYSINGLEVALUE('Confidence',$,IFCLABEL('Medium'),$);
#4997=IFCPROPERTYSINGLEVALUE('Reference',$,IFCLABEL('PHOTO'),$);
#4998=IFCPROPERTYSET('3c5uXwwDb4EeAI1b$QBgF0',#5,'Pset_CDE_Provenance',$,(#4995,#4996,#4997));
#4999=IFCRELDEFINESBYPROPERTIES('3o7XvuphX6HB5S4WaZpkIu',#5,$,$,(#4984),#4998);
#5000=IFCCARTESIANPOINT((7.9795292543692256,18.20407902663639));
#5001=IFCCARTESIANPOINT((7.9551754298626465,18.22843285114297));
#5002=IFCCARTESIANPOINT((7.920733920949789,18.22843285114297));
#5003=IFCCARTESIANPOINT((7.89638009644321,18.20407902663639));
#5004=IFCCARTESIANPOINT((7.89638009644321,18.169637517723533));
#5005=IFCCARTESIANPOINT((7.920733920949789,18.145283693216953));
#5006=IFCCARTESIANPOINT((7.9551754298626465,18.145283693216953));
#5007=IFCCARTESIANPOINT((7.9795292543692256,18.169637517723533));
#5008=IFCCARTESIANPOINT((7.9795292543692256,18.20407902663639));
#5009=IFCPOLYLINE((#5000,#5001,#5002,#5003,#5004,#5005,#5006,#5007,#5008));
#5010=IFCARBITRARYCLOSEDPROFILEDEF(.AREA.,$,#5009);
#5011=IFCCARTESIANPOINT((0.,0.,0.16));
#5012=IFCAXIS2PLACEMENT3D(#5011,$,$);
#5013=IFCDIRECTION((0.,0.,1.));
#5014=IFCEXTRUDEDAREASOLID(#5010,#5012,#5013,3.5);
#5015=IFCCARTESIANPOINT((7.0761466680120435,18.154998559031824));
#5016=IFCCARTESIANPOINT((7.054498824006195,18.176646403037672));
#5017=IFCCARTESIANPOINT((7.023884149416988,18.176646403037672));
#5018=IFCCARTESIANPOINT((7.00223630541114,18.154998559031824));
#5019=IFCCARTESIANPOINT((7.00223630541114,18.124383884442615));
#5020=IFCCARTESIANPOINT((7.023884149416988,18.102736040436767));
#5021=IFCCARTESIANPOINT((7.054498824006195,18.102736040436767));
#5022=IFCCARTESIANPOINT((7.0761466680120435,18.124383884442615));
#5023=IFCCARTESIANPOINT((7.0761466680120435,18.154998559031824));
#5024=IFCPOLYLINE((#5015,#5016,#5017,#5018,#5019,#5020,#5021,#5022,#5023));
#5025=IFCARBITRARYCLOSEDPROFILEDEF(.AREA.,$,#5024);
#5026=IFCCARTESIANPOINT((0.,0.,0.16));
#5027=IFCAXIS2PLACEMENT3D(#5026,$,$);
#5028=IFCDIRECTION((0.,0.,1.));
#5029=IFCEXTRUDEDAREASOLID(#5025,#5027,#5028,2.6);
#5030=IFCCARTESIANPOINT((0.,0.));
#5031=IFCDIRECTION((-0.05240783382526791,0.9986257652162511));
#5032=IFCAXIS2PLACEMENT2D(#5030,#5031);
#5033=IFCRECTANGLEPROFILEDEF(.AREA.,$,#5032,0.04,0.6);
#5034=IFCCARTESIANPOINT((7.937954675406218,18.18685827217996,3.21));
#5035=IFCAXIS2PLACEMENT3D(#5034,$,$);
#5036=IFCDIRECTION((0.,0.,1.));
#5037=IFCEXTRUDEDAREASOLID(#5033,#5035,#5036,0.32);
#5038=IFCCARTESIANPOINT((0.,0.));
#5039=IFCDIRECTION((-0.05240783382526791,0.9986257652162511));
#5040=IFCAXIS2PLACEMENT2D(#5038,#5039);
#5041=IFCRECTANGLEPROFILEDEF(.AREA.,$,#5040,0.04,0.6);
#5042=IFCCARTESIANPOINT((7.937954675406218,18.18685827217996,2.8600000000000003));
#5043=IFCAXIS2PLACEMENT3D(#5042,$,$);
#5044=IFCDIRECTION((0.,0.,1.));
#5045=IFCEXTRUDEDAREASOLID(#5041,#5043,#5044,0.35);
#5046=IFCCARTESIANPOINT((0.,0.));
#5047=IFCDIRECTION((-0.05240783382526791,0.9986257652162511));
#5048=IFCAXIS2PLACEMENT2D(#5046,#5047);
#5049=IFCRECTANGLEPROFILEDEF(.AREA.,$,#5048,0.04,0.6);
#5050=IFCCARTESIANPOINT((7.937954675406218,18.18685827217996,2.41));
#5051=IFCAXIS2PLACEMENT3D(#5050,$,$);
#5052=IFCDIRECTION((0.,0.,1.));
#5053=IFCEXTRUDEDAREASOLID(#5049,#5051,#5052,0.45);
#5054=IFCCARTESIANPOINT((0.,0.));
#5055=IFCDIRECTION((-0.05240783382526791,0.9986257652162511));
#5056=IFCAXIS2PLACEMENT2D(#5054,#5055);
#5057=IFCRECTANGLEPROFILEDEF(.AREA.,$,#5056,0.05,0.62);
#5058=IFCCARTESIANPOINT((7.039191486711592,18.13969122173722,1.3599999999999999));
#5059=IFCAXIS2PLACEMENT3D(#5058,$,$);
#5060=IFCDIRECTION((0.,0.,1.));
#5061=IFCEXTRUDEDAREASOLID(#5057,#5059,#5060,0.95);
#5062=IFCSTYLEDITEM(#5014,(#63),$);
#5063=IFCSTYLEDITEM(#5029,(#63),$);
#5064=IFCSHAPEREPRESENTATION(#16,'Body','SweptSolid',(#5014,#5029));
#5065=IFCPRODUCTDEFINITIONSHAPE($,$,(#5064));
#5066=IFCLOCALPLACEMENT(#23,#13);
#5067=IFCMEMBER('0_rCFEHofB9vKciFREN0vT',#5,'Bay 25 pole',$,'Stop pole and timetable post',#5066,#5065,'EL-MEM-018',.POST.);
#5068=IFCRELASSOCIATESMATERIAL('35C6xXHQH80vgkTkVJGzAa',#5,$,$,(#5067),#64);
#5069=IFCPROPERTYSINGLEVALUE('Reference',$,IFCLABEL('Stop pole and timetable post'),$);
#5070=IFCPROPERTYSINGLEVALUE('IsExternal',$,IFCBOOLEAN(.T.),$);
#5071=IFCPROPERTYSINGLEVALUE('Status',$,IFCLABEL('EXISTING'),$);
#5072=IFCPROPERTYSET('1S4rcSIEn84RqucloV4$IQ',#5,'Pset_MemberCommon',$,(#5069,#5070,#5071));
#5073=IFCRELDEFINESBYPROPERTIES('10WdkXrWPAgwkLRcUsaDvR',#5,$,$,(#5067),#5072);
#5074=IFCPROPERTYSINGLEVALUE('Material',$,IFCLABEL('Dark grey painted steel'),$);
#5075=IFCPROPERTYSINGLEVALUE('Category',$,IFCLABEL('Metal'),$);
#5076=IFCPROPERTYSINGLEVALUE('Description',$,IFCLABEL('Canopy structure, poles, kiosks'),$);
#5077=IFCPROPERTYSINGLEVALUE('MassDensity_kg_m3',$,IFCREAL(7850.),$);
#5078=IFCPROPERTYSET('26ueLhIaTB8BbDGrwAZuc2',#5,'Pset_CDE_Material',$,(#5074,#5075,#5076,#5077));
#5079=IFCRELDEFINESBYPROPERTIES('3BzepbdaP1RvDl53MLJhvw',#5,$,$,(#5067),#5078);
#5080=IFCPROPERTYSINGLEVALUE('GeometrySource',$,IFCLABEL('OpenStreetMap bus_stop position (ODbL)'),$);
#5081=IFCPROPERTYSINGLEVALUE('Confidence',$,IFCLABEL('Medium'),$);
#5082=IFCPROPERTYSINGLEVALUE('Reference',$,IFCLABEL('OSM'),$);
#5083=IFCPROPERTYSET('0wVNjU6cX4NPAGODCw1QwF',#5,'Pset_CDE_Provenance',$,(#5080,#5081,#5082));
#5084=IFCRELDEFINESBYPROPERTIES('2LlrHjcdfBbQhQDbPi5Jx9',#5,$,$,(#5067),#5083);
#5085=IFCPROPERTYSINGLEVALUE('BayNumber',$,IFCINTEGER(25),$);
#5086=IFCPROPERTYSINGLEVALUE('StopCode',$,IFCLABEL('H2025'),$);
#5087=IFCPROPERTYSINGLEVALUE('Name',$,IFCLABEL('Elielinaukio, laituri 25'),$);
#5088=IFCPROPERTYSINGLEVALUE('NameSv',$,IFCLABEL('Elielplatsen, plattform 25'),$);
#5089=IFCPROPERTYSINGLEVALUE('Bench',$,IFCLABEL('yes'),$);
#5090=IFCPROPERTYSINGLEVALUE('Shelter',$,IFCLABEL('external'),$);
#5091=IFCPROPERTYSINGLEVALUE('Wheelchair',$,IFCLABEL('limited'),$);
#5092=IFCPROPERTYSINGLEVALUE('InService',$,IFCBOOLEAN(.T.),$);
#5093=IFCPROPERTYSET('1Iw5zWB_vFVgvjcwoswJpQ',#5,'Pset_CDE_BusBay',$,(#5085,#5086,#5087,#5088,#5089,#5090,#5091,#5092));
#5094=IFCRELDEFINESBYPROPERTIES('0aUBMrmsX0yQwNgaj0H0g1',#5,$,$,(#5067),#5093);
#5095=IFCPROPERTYSINGLEVALUE('AssetClass',$,IFCLABEL('Signs > Stop poles'),$);
#5096=IFCPROPERTYSINGLEVALUE('InspectionInterval_months',$,IFCINTEGER(12),$);
#5097=IFCPROPERTYSINGLEVALUE('DesignServiceLife_years',$,IFCINTEGER(15),$);
#5098=IFCPROPERTYSINGLEVALUE('Criticality',$,IFCLABEL('Medium'),$);
#5099=IFCPROPERTYSINGLEVALUE('DataStatus',$,IFCLABEL('Demo values \X2\2014\X0\ to be replaced with the owner''s asset register'),$);
#5100=IFCPROPERTYSET('0so4XJGL15$QkpRyFwIdnc',#5,'Pset_CDE_AssetManagement (demo)',$,(#5095,#5096,#5097,#5098,#5099));
#5101=IFCRELDEFINESBYPROPERTIES('3xrp0ODjD5HAS3heKX4MeV',#5,$,$,(#5067),#5100);
#5102=IFCSTYLEDITEM(#5037,(#113),$);
#5103=IFCSHAPEREPRESENTATION(#16,'Body','SweptSolid',(#5037));
#5104=IFCPRODUCTDEFINITIONSHAPE($,$,(#5103));
#5105=IFCLOCALPLACEMENT(#23,#13);
#5106=IFCBUILDINGELEMENTPROXY('2kLLWSD_D8PxFS7HS$8fiF',#5,'Bay 25 sign (blue)',$,'Stop sign panel',#5105,#5104,'EL-PRX-023',.USERDEFINED.);
#5107=IFCRELASSOCIATESMATERIAL('2wZJA44tL2S93nvXz_59Lx',#5,$,$,(#5106),#114);
#5108=IFCPROPERTYSINGLEVALUE('Reference',$,IFCLABEL('Stop sign panel'),$);
#5109=IFCPROPERTYSINGLEVALUE('IsExternal',$,IFCBOOLEAN(.T.),$);
#5110=IFCPROPERTYSINGLEVALUE('Status',$,IFCLABEL('EXISTING'),$);
#5111=IFCPROPERTYSET('1LDo7kQjj2k8Ja3giUXMID',#5,'Pset_BuildingElementProxyCommon',$,(#5108,#5109,#5110));
#5112=IFCRELDEFINESBYPROPERTIES('1JM5NAEtv2EuwHjfrCRyzc',#5,$,$,(#5106),#5111);
#5113=IFCPROPERTYSINGLEVALUE('Material',$,IFCLABEL('Stop sign, blue panel'),$);
#5114=IFCPROPERTYSINGLEVALUE('Category',$,IFCLABEL('Metal'),$);
#5115=IFCPROPERTYSET('23xly3blPEtx6wN8hh6q5_',#5,'Pset_CDE_Material',$,(#5113,#5114));
#5116=IFCRELDEFINESBYPROPERTIES('1lwk2tKZ1FEw$oN$x4s1NF',#5,$,$,(#5106),#5115);
#5117=IFCPROPERTYSINGLEVALUE('GeometrySource',$,IFCLABEL('Photograph: number, bus symbol, lines'),$);
#5118=IFCPROPERTYSINGLEVALUE('Confidence',$,IFCLABEL('Medium'),$);
#5119=IFCPROPERTYSINGLEVALUE('Reference',$,IFCLABEL('PHOTO'),$);
#5120=IFCPROPERTYSET('17JrxS12r4ig6MmkRti5v7',#5,'Pset_CDE_Provenance',$,(#5117,#5118,#5119));
#5121=IFCRELDEFINESBYPROPERTIES('1b5HO_NHD5N8U29wuzLfMD',#5,$,$,(#5106),#5120);
#5122=IFCSTYLEDITEM(#5045,(#120),$);
#5123=IFCSHAPEREPRESENTATION(#16,'Body','SweptSolid',(#5045));
#5124=IFCPRODUCTDEFINITIONSHAPE($,$,(#5123));
#5125=IFCLOCALPLACEMENT(#23,#13);
#5126=IFCBUILDINGELEMENTPROXY('2$lgAW1tf8CfAeo9aLfi4g',#5,'Bay 25 sign (yellow)',$,'Stop sign panel',#5125,#5124,'EL-PRX-024',.USERDEFINED.);
#5127=IFCRELASSOCIATESMATERIAL('3OXmuma$bBnvbJ6T7zC80U',#5,$,$,(#5126),#121);
#5128=IFCPROPERTYSINGLEVALUE('Reference',$,IFCLABEL('Stop sign panel'),$);
#5129=IFCPROPERTYSINGLEVALUE('IsExternal',$,IFCBOOLEAN(.T.),$);
#5130=IFCPROPERTYSINGLEVALUE('Status',$,IFCLABEL('EXISTING'),$);
#5131=IFCPROPERTYSET('1$Frt4hYX8QQdKGt2KwnUC',#5,'Pset_BuildingElementProxyCommon',$,(#5128,#5129,#5130));
#5132=IFCRELDEFINESBYPROPERTIES('3jAHGGb21E7P7t$E652Ym6',#5,$,$,(#5126),#5131);
#5133=IFCPROPERTYSINGLEVALUE('Material',$,IFCLABEL('Stop sign, yellow panel'),$);
#5134=IFCPROPERTYSINGLEVALUE('Category',$,IFCLABEL('Metal'),$);
#5135=IFCPROPERTYSET('1nOK1SLffBQO$pBGpCMGxU',#5,'Pset_CDE_Material',$,(#5133,#5134));
#5136=IFCRELDEFINESBYPROPERTIES('0OlUVwGHbDQ8Ol1XF6EqHB',#5,$,$,(#5126),#5135);
#5137=IFCPROPERTYSINGLEVALUE('GeometrySource',$,IFCLABEL('Photograph: number, bus symbol, lines'),$);
#5138=IFCPROPERTYSINGLEVALUE('Confidence',$,IFCLABEL('Medium'),$);
#5139=IFCPROPERTYSINGLEVALUE('Reference',$,IFCLABEL('PHOTO'),$);
#5140=IFCPROPERTYSET('3IwRROgu1Ai9A5wUHP5yqc',#5,'Pset_CDE_Provenance',$,(#5137,#5138,#5139));
#5141=IFCRELDEFINESBYPROPERTIES('2TFZx0VPj9EusVeR42Y7Dx',#5,$,$,(#5126),#5140);
#5142=IFCSTYLEDITEM(#5053,(#127),$);
#5143=IFCSTYLEDITEM(#5061,(#127),$);
#5144=IFCSHAPEREPRESENTATION(#16,'Body','SweptSolid',(#5053,#5061));
#5145=IFCPRODUCTDEFINITIONSHAPE($,$,(#5144));
#5146=IFCLOCALPLACEMENT(#23,#13);
#5147=IFCBUILDINGELEMENTPROXY('2V_ufTXf13pQ1NwwNoWhb9',#5,'Bay 25 sign (white)',$,'Stop sign panel',#5146,#5145,'EL-PRX-025',.USERDEFINED.);
#5148=IFCRELASSOCIATESMATERIAL('0WM_Ic3mv44BK3ta0GGr3T',#5,$,$,(#5147),#128);
#5149=IFCPROPERTYSINGLEVALUE('Reference',$,IFCLABEL('Stop sign panel'),$);
#5150=IFCPROPERTYSINGLEVALUE('IsExternal',$,IFCBOOLEAN(.T.),$);
#5151=IFCPROPERTYSINGLEVALUE('Status',$,IFCLABEL('EXISTING'),$);
#5152=IFCPROPERTYSET('0l7G91KBfDmxlRjB7_bcOm',#5,'Pset_BuildingElementProxyCommon',$,(#5149,#5150,#5151));
#5153=IFCRELDEFINESBYPROPERTIES('0XbfjRiGP6LR1JsUyCC_rX',#5,$,$,(#5147),#5152);
#5154=IFCPROPERTYSINGLEVALUE('Material',$,IFCLABEL('Timetable panel'),$);
#5155=IFCPROPERTYSINGLEVALUE('Category',$,IFCLABEL('Metal'),$);
#5156=IFCPROPERTYSET('0dmCkBtzPB1BvOkuNTrwLB',#5,'Pset_CDE_Material',$,(#5154,#5155));
#5157=IFCRELDEFINESBYPROPERTIES('1b5ffH1ELDlRXsrwNTR$4D',#5,$,$,(#5147),#5156);
#5158=IFCPROPERTYSINGLEVALUE('GeometrySource',$,IFCLABEL('Photograph: number, bus symbol, lines'),$);
#5159=IFCPROPERTYSINGLEVALUE('Confidence',$,IFCLABEL('Medium'),$);
#5160=IFCPROPERTYSINGLEVALUE('Reference',$,IFCLABEL('PHOTO'),$);
#5161=IFCPROPERTYSET('3CG5sCZ0f84fOZDlC$NVw3',#5,'Pset_CDE_Provenance',$,(#5158,#5159,#5160));
#5162=IFCRELDEFINESBYPROPERTIES('3$nC1vKNT8Gw5axXDjiyu$',#5,$,$,(#5147),#5161);
#5163=IFCCARTESIANPOINT((7.5804177077932025,24.90050088549098));
#5164=IFCCARTESIANPOINT((7.556063883286623,24.92485470999756));
#5165=IFCCARTESIANPOINT((7.521622374373766,24.92485470999756));
#5166=IFCCARTESIANPOINT((7.4972685498671865,24.90050088549098));
#5167=IFCCARTESIANPOINT((7.4972685498671865,24.866059376578125));
#5168=IFCCARTESIANPOINT((7.521622374373766,24.841705552071545));
#5169=IFCCARTESIANPOINT((7.556063883286623,24.841705552071545));
#5170=IFCCARTESIANPOINT((7.5804177077932025,24.866059376578125));
#5171=IFCCARTESIANPOINT((7.5804177077932025,24.90050088549098));
#5172=IFCPOLYLINE((#5163,#5164,#5165,#5166,#5167,#5168,#5169,#5170,#5171));
#5173=IFCARBITRARYCLOSEDPROFILEDEF(.AREA.,$,#5172);
#5174=IFCCARTESIANPOINT((0.,0.,0.16));
#5175=IFCAXIS2PLACEMENT3D(#5174,$,$);
#5176=IFCDIRECTION((0.,0.,1.));
#5177=IFCEXTRUDEDAREASOLID(#5173,#5175,#5176,3.5);
#5178=IFCCARTESIANPOINT((6.67703512143602,24.851420417886416));
#5179=IFCCARTESIANPOINT((6.655387277430172,24.873068261892264));
#5180=IFCCARTESIANPOINT((6.624772602840965,24.873068261892264));
#5181=IFCCARTESIANPOINT((6.603124758835117,24.851420417886416));
#5182=IFCCARTESIANPOINT((6.603124758835117,24.820805743297207));
#5183=IFCCARTESIANPOINT((6.624772602840965,24.79915789929136));
#5184=IFCCARTESIANPOINT((6.655387277430172,24.79915789929136));
#5185=IFCCARTESIANPOINT((6.67703512143602,24.820805743297207));
#5186=IFCCARTESIANPOINT((6.67703512143602,24.851420417886416));
#5187=IFCPOLYLINE((#5178,#5179,#5180,#5181,#5182,#5183,#5184,#5185,#5186));
#5188=IFCARBITRARYCLOSEDPROFILEDEF(.AREA.,$,#5187);
#5189=IFCCARTESIANPOINT((0.,0.,0.16));
#5190=IFCAXIS2PLACEMENT3D(#5189,$,$);
#5191=IFCDIRECTION((0.,0.,1.));
#5192=IFCEXTRUDEDAREASOLID(#5188,#5190,#5191,2.6);
#5193=IFCCARTESIANPOINT((0.,0.));
#5194=IFCDIRECTION((-0.05240783382526791,0.9986257652162511));
#5195=IFCAXIS2PLACEMENT2D(#5193,#5194);
#5196=IFCRECTANGLEPROFILEDEF(.AREA.,$,#5195,0.04,0.6);
#5197=IFCCARTESIANPOINT((7.5388431288301945,24.883280131034553,3.21));
#5198=IFCAXIS2PLACEMENT3D(#5197,$,$);
#5199=IFCDIRECTION((0.,0.,1.));
#5200=IFCEXTRUDEDAREASOLID(#5196,#5198,#5199,0.32);
#5201=IFCCARTESIANPOINT((0.,0.));
#5202=IFCDIRECTION((-0.05240783382526791,0.9986257652162511));
#5203=IFCAXIS2PLACEMENT2D(#5201,#5202);
#5204=IFCRECTANGLEPROFILEDEF(.AREA.,$,#5203,0.04,0.6);
#5205=IFCCARTESIANPOINT((7.5388431288301945,24.883280131034553,2.8600000000000003));
#5206=IFCAXIS2PLACEMENT3D(#5205,$,$);
#5207=IFCDIRECTION((0.,0.,1.));
#5208=IFCEXTRUDEDAREASOLID(#5204,#5206,#5207,0.35);
#5209=IFCCARTESIANPOINT((0.,0.));
#5210=IFCDIRECTION((-0.05240783382526791,0.9986257652162511));
#5211=IFCAXIS2PLACEMENT2D(#5209,#5210);
#5212=IFCRECTANGLEPROFILEDEF(.AREA.,$,#5211,0.04,0.6);
#5213=IFCCARTESIANPOINT((7.5388431288301945,24.883280131034553,2.41));
#5214=IFCAXIS2PLACEMENT3D(#5213,$,$);
#5215=IFCDIRECTION((0.,0.,1.));
#5216=IFCEXTRUDEDAREASOLID(#5212,#5214,#5215,0.45);
#5217=IFCCARTESIANPOINT((0.,0.));
#5218=IFCDIRECTION((-0.05240783382526791,0.9986257652162511));
#5219=IFCAXIS2PLACEMENT2D(#5217,#5218);
#5220=IFCRECTANGLEPROFILEDEF(.AREA.,$,#5219,0.05,0.62);
#5221=IFCCARTESIANPOINT((6.640079940135569,24.83611308059181,1.3599999999999999));
#5222=IFCAXIS2PLACEMENT3D(#5221,$,$);
#5223=IFCDIRECTION((0.,0.,1.));
#5224=IFCEXTRUDEDAREASOLID(#5220,#5222,#5223,0.95);
#5225=IFCSTYLEDITEM(#5177,(#63),$);
#5226=IFCSTYLEDITEM(#5192,(#63),$);
#5227=IFCSHAPEREPRESENTATION(#16,'Body','SweptSolid',(#5177,#5192));
#5228=IFCPRODUCTDEFINITIONSHAPE($,$,(#5227));
#5229=IFCLOCALPLACEMENT(#23,#13);
#5230=IFCMEMBER('33COR2YdP06u2577eW_qZm',#5,'Bay 26 pole',$,'Stop pole and timetable post',#5229,#5228,'EL-MEM-019',.POST.);
#5231=IFCRELASSOCIATESMATERIAL('3CRRw4JDvATfsylrsRzFpx',#5,$,$,(#5230),#64);
#5232=IFCPROPERTYSINGLEVALUE('Reference',$,IFCLABEL('Stop pole and timetable post'),$);
#5233=IFCPROPERTYSINGLEVALUE('IsExternal',$,IFCBOOLEAN(.T.),$);
#5234=IFCPROPERTYSINGLEVALUE('Status',$,IFCLABEL('EXISTING'),$);
#5235=IFCPROPERTYSET('37nay35ETEjReufjgSQuPw',#5,'Pset_MemberCommon',$,(#5232,#5233,#5234));
#5236=IFCRELDEFINESBYPROPERTIES('1kpxabhKbFmw_zyP_j7knI',#5,$,$,(#5230),#5235);
#5237=IFCPROPERTYSINGLEVALUE('Material',$,IFCLABEL('Dark grey painted steel'),$);
#5238=IFCPROPERTYSINGLEVALUE('Category',$,IFCLABEL('Metal'),$);
#5239=IFCPROPERTYSINGLEVALUE('Description',$,IFCLABEL('Canopy structure, poles, kiosks'),$);
#5240=IFCPROPERTYSINGLEVALUE('MassDensity_kg_m3',$,IFCREAL(7850.),$);
#5241=IFCPROPERTYSET('3eX_YOALL9yPunCOZxOV0R',#5,'Pset_CDE_Material',$,(#5237,#5238,#5239,#5240));
#5242=IFCRELDEFINESBYPROPERTIES('2v89bFwQzCeuGkOTLvdI02',#5,$,$,(#5230),#5241);
#5243=IFCPROPERTYSINGLEVALUE('GeometrySource',$,IFCLABEL('OpenStreetMap bus_stop position (ODbL)'),$);
#5244=IFCPROPERTYSINGLEVALUE('Confidence',$,IFCLABEL('Medium'),$);
#5245=IFCPROPERTYSINGLEVALUE('Reference',$,IFCLABEL('OSM'),$);
#5246=IFCPROPERTYSET('1uUCMxzJrEBBbXFRSOptbF',#5,'Pset_CDE_Provenance',$,(#5243,#5244,#5245));
#5247=IFCRELDEFINESBYPROPERTIES('0S4bDj2NzCAROmje_FZIXn',#5,$,$,(#5230),#5246);
#5248=IFCPROPERTYSINGLEVALUE('BayNumber',$,IFCINTEGER(26),$);
#5249=IFCPROPERTYSINGLEVALUE('StopCode',$,IFCLABEL('H2026'),$);
#5250=IFCPROPERTYSINGLEVALUE('Name',$,IFCLABEL('Elielinaukio, laituri 26'),$);
#5251=IFCPROPERTYSINGLEVALUE('NameSv',$,IFCLABEL('Elielplatsen, plattform 26'),$);
#5252=IFCPROPERTYSINGLEVALUE('Bench',$,IFCLABEL('yes'),$);
#5253=IFCPROPERTYSINGLEVALUE('Shelter',$,IFCLABEL('external'),$);
#5254=IFCPROPERTYSINGLEVALUE('Wheelchair',$,IFCLABEL('limited'),$);
#5255=IFCPROPERTYSINGLEVALUE('InService',$,IFCBOOLEAN(.T.),$);
#5256=IFCPROPERTYSET('3OoRKSUhn7wgQpEIt81VQP',#5,'Pset_CDE_BusBay',$,(#5248,#5249,#5250,#5251,#5252,#5253,#5254,#5255));
#5257=IFCRELDEFINESBYPROPERTIES('1Oi6zCSzz5vAyqPqFZQmuB',#5,$,$,(#5230),#5256);
#5258=IFCPROPERTYSINGLEVALUE('AssetClass',$,IFCLABEL('Signs > Stop poles'),$);
#5259=IFCPROPERTYSINGLEVALUE('InspectionInterval_months',$,IFCINTEGER(12),$);
#5260=IFCPROPERTYSINGLEVALUE('DesignServiceLife_years',$,IFCINTEGER(15),$);
#5261=IFCPROPERTYSINGLEVALUE('Criticality',$,IFCLABEL('Medium'),$);
#5262=IFCPROPERTYSINGLEVALUE('DataStatus',$,IFCLABEL('Demo values \X2\2014\X0\ to be replaced with the owner''s asset register'),$);
#5263=IFCPROPERTYSET('3YyXbiR8rFredL41gjwXqm',#5,'Pset_CDE_AssetManagement (demo)',$,(#5258,#5259,#5260,#5261,#5262));
#5264=IFCRELDEFINESBYPROPERTIES('1L_gaOg9LDsRiSg5rlJCBo',#5,$,$,(#5230),#5263);
#5265=IFCSTYLEDITEM(#5200,(#113),$);
#5266=IFCSHAPEREPRESENTATION(#16,'Body','SweptSolid',(#5200));
#5267=IFCPRODUCTDEFINITIONSHAPE($,$,(#5266));
#5268=IFCLOCALPLACEMENT(#23,#13);
#5269=IFCBUILDINGELEMENTPROXY('3JNv285Q53hAo3fP3EbKNd',#5,'Bay 26 sign (blue)',$,'Stop sign panel',#5268,#5267,'EL-PRX-026',.USERDEFINED.);
#5270=IFCRELASSOCIATESMATERIAL('0z9mGMh8XFrOZa5IQ7XnRB',#5,$,$,(#5269),#114);
#5271=IFCPROPERTYSINGLEVALUE('Reference',$,IFCLABEL('Stop sign panel'),$);
#5272=IFCPROPERTYSINGLEVALUE('IsExternal',$,IFCBOOLEAN(.T.),$);
#5273=IFCPROPERTYSINGLEVALUE('Status',$,IFCLABEL('EXISTING'),$);
#5274=IFCPROPERTYSET('2vr8Mm9pD8kR2UL7cVp6k0',#5,'Pset_BuildingElementProxyCommon',$,(#5271,#5272,#5273));
#5275=IFCRELDEFINESBYPROPERTIES('39db9vlMH4fPQMLfRrv5vh',#5,$,$,(#5269),#5274);
#5276=IFCPROPERTYSINGLEVALUE('Material',$,IFCLABEL('Stop sign, blue panel'),$);
#5277=IFCPROPERTYSINGLEVALUE('Category',$,IFCLABEL('Metal'),$);
#5278=IFCPROPERTYSET('0oetCBDmX6puiioVyJa_6d',#5,'Pset_CDE_Material',$,(#5276,#5277));
#5279=IFCRELDEFINESBYPROPERTIES('0MBKuLz3r6uAAX33PFA4rY',#5,$,$,(#5269),#5278);
#5280=IFCPROPERTYSINGLEVALUE('GeometrySource',$,IFCLABEL('Photograph: number, bus symbol, lines'),$);
#5281=IFCPROPERTYSINGLEVALUE('Confidence',$,IFCLABEL('Medium'),$);
#5282=IFCPROPERTYSINGLEVALUE('Reference',$,IFCLABEL('PHOTO'),$);
#5283=IFCPROPERTYSET('2iRVvzDyD8Awe8Kt2B1BhW',#5,'Pset_CDE_Provenance',$,(#5280,#5281,#5282));
#5284=IFCRELDEFINESBYPROPERTIES('1lWgZOxH94UOv5BqGx$rgS',#5,$,$,(#5269),#5283);
#5285=IFCSTYLEDITEM(#5208,(#120),$);
#5286=IFCSHAPEREPRESENTATION(#16,'Body','SweptSolid',(#5208));
#5287=IFCPRODUCTDEFINITIONSHAPE($,$,(#5286));
#5288=IFCLOCALPLACEMENT(#23,#13);
#5289=IFCBUILDINGELEMENTPROXY('2YlPOP7KPALB9EVblfMtG6',#5,'Bay 26 sign (yellow)',$,'Stop sign panel',#5288,#5287,'EL-PRX-027',.USERDEFINED.);
#5290=IFCRELASSOCIATESMATERIAL('1DQBGYwBfD3BjQc8gf1JNm',#5,$,$,(#5289),#121);
#5291=IFCPROPERTYSINGLEVALUE('Reference',$,IFCLABEL('Stop sign panel'),$);
#5292=IFCPROPERTYSINGLEVALUE('IsExternal',$,IFCBOOLEAN(.T.),$);
#5293=IFCPROPERTYSINGLEVALUE('Status',$,IFCLABEL('EXISTING'),$);
#5294=IFCPROPERTYSET('2H7TuTFs1FmPMCXTi_gqM7',#5,'Pset_BuildingElementProxyCommon',$,(#5291,#5292,#5293));
#5295=IFCRELDEFINESBYPROPERTIES('1buQuQp7L0LhDjPTnlUog4',#5,$,$,(#5289),#5294);
#5296=IFCPROPERTYSINGLEVALUE('Material',$,IFCLABEL('Stop sign, yellow panel'),$);
#5297=IFCPROPERTYSINGLEVALUE('Category',$,IFCLABEL('Metal'),$);
#5298=IFCPROPERTYSET('2Nc503reD8cOLKBhsw4spk',#5,'Pset_CDE_Material',$,(#5296,#5297));
#5299=IFCRELDEFINESBYPROPERTIES('3lWf9EsHjAExvf91bvxrKU',#5,$,$,(#5289),#5298);
#5300=IFCPROPERTYSINGLEVALUE('GeometrySource',$,IFCLABEL('Photograph: number, bus symbol, lines'),$);
#5301=IFCPROPERTYSINGLEVALUE('Confidence',$,IFCLABEL('Medium'),$);
#5302=IFCPROPERTYSINGLEVALUE('Reference',$,IFCLABEL('PHOTO'),$);
#5303=IFCPROPERTYSET('0f$eaU7jz0YhF6PBfP1L94',#5,'Pset_CDE_Provenance',$,(#5300,#5301,#5302));
#5304=IFCRELDEFINESBYPROPERTIES('1qjvsmbRPAARofliJ_yxqx',#5,$,$,(#5289),#5303);
#5305=IFCSTYLEDITEM(#5216,(#127),$);
#5306=IFCSTYLEDITEM(#5224,(#127),$);
#5307=IFCSHAPEREPRESENTATION(#16,'Body','SweptSolid',(#5216,#5224));
#5308=IFCPRODUCTDEFINITIONSHAPE($,$,(#5307));
#5309=IFCLOCALPLACEMENT(#23,#13);
#5310=IFCBUILDINGELEMENTPROXY('2FHpEfhy5CdfS1nGrsE7eo',#5,'Bay 26 sign (white)',$,'Stop sign panel',#5309,#5308,'EL-PRX-028',.USERDEFINED.);
#5311=IFCRELASSOCIATESMATERIAL('1EoP0ectbBX9NUT6465CiL',#5,$,$,(#5310),#128);
#5312=IFCPROPERTYSINGLEVALUE('Reference',$,IFCLABEL('Stop sign panel'),$);
#5313=IFCPROPERTYSINGLEVALUE('IsExternal',$,IFCBOOLEAN(.T.),$);
#5314=IFCPROPERTYSINGLEVALUE('Status',$,IFCLABEL('EXISTING'),$);
#5315=IFCPROPERTYSET('1jM0udrjD1fOwBNumCn9yo',#5,'Pset_BuildingElementProxyCommon',$,(#5312,#5313,#5314));
#5316=IFCRELDEFINESBYPROPERTIES('3T2SK8nQPFl92Nr6c25qaD',#5,$,$,(#5310),#5315);
#5317=IFCPROPERTYSINGLEVALUE('Material',$,IFCLABEL('Timetable panel'),$);
#5318=IFCPROPERTYSINGLEVALUE('Category',$,IFCLABEL('Metal'),$);
#5319=IFCPROPERTYSET('2PUCeHYZT2cw__JW2BP3n8',#5,'Pset_CDE_Material',$,(#5317,#5318));
#5320=IFCRELDEFINESBYPROPERTIES('3yRZBFADf0KeIFDycsZ_XB',#5,$,$,(#5310),#5319);
#5321=IFCPROPERTYSINGLEVALUE('GeometrySource',$,IFCLABEL('Photograph: number, bus symbol, lines'),$);
#5322=IFCPROPERTYSINGLEVALUE('Confidence',$,IFCLABEL('Medium'),$);
#5323=IFCPROPERTYSINGLEVALUE('Reference',$,IFCLABEL('PHOTO'),$);
#5324=IFCPROPERTYSET('00qgZPcY1Aj8GHo51gnLye',#5,'Pset_CDE_Provenance',$,(#5321,#5322,#5323));
#5325=IFCRELDEFINESBYPROPERTIES('3MWLQao2z3HRjqGk8r$9uR',#5,$,$,(#5310),#5324);
#5326=IFCCARTESIANPOINT((7.236837998263326,31.619155198615697));
#5327=IFCCARTESIANPOINT((7.212484173756747,31.643509023122277));
#5328=IFCCARTESIANPOINT((7.178042664843889,31.643509023122277));
#5329=IFCCARTESIANPOINT((7.15368884033731,31.619155198615697));
#5330=IFCCARTESIANPOINT((7.15368884033731,31.58471368970284));
#5331=IFCCARTESIANPOINT((7.178042664843889,31.56035986519626));
#5332=IFCCARTESIANPOINT((7.212484173756747,31.56035986519626));
#5333=IFCCARTESIANPOINT((7.236837998263326,31.58471368970284));
#5334=IFCCARTESIANPOINT((7.236837998263326,31.619155198615697));
#5335=IFCPOLYLINE((#5326,#5327,#5328,#5329,#5330,#5331,#5332,#5333,#5334));
#5336=IFCARBITRARYCLOSEDPROFILEDEF(.AREA.,$,#5335);
#5337=IFCCARTESIANPOINT((0.,0.,0.16));
#5338=IFCAXIS2PLACEMENT3D(#5337,$,$);
#5339=IFCDIRECTION((0.,0.,1.));
#5340=IFCEXTRUDEDAREASOLID(#5336,#5338,#5339,3.5);
#5341=IFCCARTESIANPOINT((6.333455411906144,31.570074731011132));
#5342=IFCCARTESIANPOINT((6.311807567900296,31.59172257501698));
#5343=IFCCARTESIANPOINT((6.281192893311088,31.59172257501698));
#5344=IFCCARTESIANPOINT((6.25954504930524,31.570074731011132));
#5345=IFCCARTESIANPOINT((6.25954504930524,31.539460056421923));
#5346=IFCCARTESIANPOINT((6.281192893311088,31.517812212416075));
#5347=IFCCARTESIANPOINT((6.311807567900296,31.517812212416075));
#5348=IFCCARTESIANPOINT((6.333455411906144,31.539460056421923));
#5349=IFCCARTESIANPOINT((6.333455411906144,31.570074731011132));
#5350=IFCPOLYLINE((#5341,#5342,#5343,#5344,#5345,#5346,#5347,#5348,#5349));
#5351=IFCARBITRARYCLOSEDPROFILEDEF(.AREA.,$,#5350);
#5352=IFCCARTESIANPOINT((0.,0.,0.16));
#5353=IFCAXIS2PLACEMENT3D(#5352,$,$);
#5354=IFCDIRECTION((0.,0.,1.));
#5355=IFCEXTRUDEDAREASOLID(#5351,#5353,#5354,2.6);
#5356=IFCCARTESIANPOINT((0.,0.));
#5357=IFCDIRECTION((-0.05240783382526791,0.9986257652162511));
#5358=IFCAXIS2PLACEMENT2D(#5356,#5357);
#5359=IFCRECTANGLEPROFILEDEF(.AREA.,$,#5358,0.04,0.6);
#5360=IFCCARTESIANPOINT((7.195263419300318,31.60193444415927,3.21));
#5361=IFCAXIS2PLACEMENT3D(#5360,$,$);
#5362=IFCDIRECTION((0.,0.,1.));
#5363=IFCEXTRUDEDAREASOLID(#5359,#5361,#5362,0.32);
#5364=IFCCARTESIANPOINT((0.,0.));
#5365=IFCDIRECTION((-0.05240783382526791,0.9986257652162511));
#5366=IFCAXIS2PLACEMENT2D(#5364,#5365);
#5367=IFCRECTANGLEPROFILEDEF(.AREA.,$,#5366,0.04,0.6);
#5368=IFCCARTESIANPOINT((7.195263419300318,31.60193444415927,2.8600000000000003));
#5369=IFCAXIS2PLACEMENT3D(#5368,$,$);
#5370=IFCDIRECTION((0.,0.,1.));
#5371=IFCEXTRUDEDAREASOLID(#5367,#5369,#5370,0.35);
#5372=IFCCARTESIANPOINT((0.,0.));
#5373=IFCDIRECTION((-0.05240783382526791,0.9986257652162511));
#5374=IFCAXIS2PLACEMENT2D(#5372,#5373);
#5375=IFCRECTANGLEPROFILEDEF(.AREA.,$,#5374,0.04,0.6);
#5376=IFCCARTESIANPOINT((7.195263419300318,31.60193444415927,2.41));
#5377=IFCAXIS2PLACEMENT3D(#5376,$,$);
#5378=IFCDIRECTION((0.,0.,1.));
#5379=IFCEXTRUDEDAREASOLID(#5375,#5377,#5378,0.45);
#5380=IFCCARTESIANPOINT((0.,0.));
#5381=IFCDIRECTION((-0.05240783382526791,0.9986257652162511));
#5382=IFCAXIS2PLACEMENT2D(#5380,#5381);
#5383=IFCRECTANGLEPROFILEDEF(.AREA.,$,#5382,0.05,0.62);
#5384=IFCCARTESIANPOINT((6.296500230605692,31.554767393716528,1.3599999999999999));
#5385=IFCAXIS2PLACEMENT3D(#5384,$,$);
#5386=IFCDIRECTION((0.,0.,1.));
#5387=IFCEXTRUDEDAREASOLID(#5383,#5385,#5386,0.95);
#5388=IFCSTYLEDITEM(#5340,(#63),$);
#5389=IFCSTYLEDITEM(#5355,(#63),$);
#5390=IFCSHAPEREPRESENTATION(#16,'Body','SweptSolid',(#5340,#5355));
#5391=IFCPRODUCTDEFINITIONSHAPE($,$,(#5390));
#5392=IFCLOCALPLACEMENT(#23,#13);
#5393=IFCMEMBER('15cKKglDT3geCGYmEJ7JQa',#5,'Bay 27 pole',$,'Stop pole and timetable post',#5392,#5391,'EL-MEM-020',.POST.);
#5394=IFCRELASSOCIATESMATERIAL('2WzS1Nz894_AtwV9N$x7DI',#5,$,$,(#5393),#64);
#5395=IFCPROPERTYSINGLEVALUE('Reference',$,IFCLABEL('Stop pole and timetable post'),$);
#5396=IFCPROPERTYSINGLEVALUE('IsExternal',$,IFCBOOLEAN(.T.),$);
#5397=IFCPROPERTYSINGLEVALUE('Status',$,IFCLABEL('EXISTING'),$);
#5398=IFCPROPERTYSET('1_MTm$3Cn0J9TPHg_qGs9K',#5,'Pset_MemberCommon',$,(#5395,#5396,#5397));
#5399=IFCRELDEFINESBYPROPERTIES('2r5lWnMTbFbhC$rST1BQAN',#5,$,$,(#5393),#5398);
#5400=IFCPROPERTYSINGLEVALUE('Material',$,IFCLABEL('Dark grey painted steel'),$);
#5401=IFCPROPERTYSINGLEVALUE('Category',$,IFCLABEL('Metal'),$);
#5402=IFCPROPERTYSINGLEVALUE('Description',$,IFCLABEL('Canopy structure, poles, kiosks'),$);
#5403=IFCPROPERTYSINGLEVALUE('MassDensity_kg_m3',$,IFCREAL(7850.),$);
#5404=IFCPROPERTYSET('0rL5jgC3r3OhEtcqLWJM$v',#5,'Pset_CDE_Material',$,(#5400,#5401,#5402,#5403));
#5405=IFCRELDEFINESBYPROPERTIES('3JzPd4L8D1XeOVGpKBsRMK',#5,$,$,(#5393),#5404);
#5406=IFCPROPERTYSINGLEVALUE('GeometrySource',$,IFCLABEL('OpenStreetMap bus_stop position (ODbL)'),$);
#5407=IFCPROPERTYSINGLEVALUE('Confidence',$,IFCLABEL('Medium'),$);
#5408=IFCPROPERTYSINGLEVALUE('Reference',$,IFCLABEL('OSM'),$);
#5409=IFCPROPERTYSET('3QoUFSB4T9ePf1BINEso_1',#5,'Pset_CDE_Provenance',$,(#5406,#5407,#5408));
#5410=IFCRELDEFINESBYPROPERTIES('2FjL_9pWv3f9CrgZ94hST1',#5,$,$,(#5393),#5409);
#5411=IFCPROPERTYSINGLEVALUE('BayNumber',$,IFCINTEGER(27),$);
#5412=IFCPROPERTYSINGLEVALUE('StopCode',$,IFCLABEL('H2027'),$);
#5413=IFCPROPERTYSINGLEVALUE('Name',$,IFCLABEL('Elielinaukio, laituri 27'),$);
#5414=IFCPROPERTYSINGLEVALUE('NameSv',$,IFCLABEL('Elielplatsen, plattform 27'),$);
#5415=IFCPROPERTYSINGLEVALUE('Bench',$,IFCLABEL('yes'),$);
#5416=IFCPROPERTYSINGLEVALUE('Shelter',$,IFCLABEL('external'),$);
#5417=IFCPROPERTYSINGLEVALUE('Wheelchair',$,IFCLABEL('limited'),$);
#5418=IFCPROPERTYSINGLEVALUE('InService',$,IFCBOOLEAN(.T.),$);
#5419=IFCPROPERTYSET('3er7RQLe53FvgtA9oywlsR',#5,'Pset_CDE_BusBay',$,(#5411,#5412,#5413,#5414,#5415,#5416,#5417,#5418));
#5420=IFCRELDEFINESBYPROPERTIES('2WcrCFFuz4uvMZDNmYXAvr',#5,$,$,(#5393),#5419);
#5421=IFCPROPERTYSINGLEVALUE('AssetClass',$,IFCLABEL('Signs > Stop poles'),$);
#5422=IFCPROPERTYSINGLEVALUE('InspectionInterval_months',$,IFCINTEGER(12),$);
#5423=IFCPROPERTYSINGLEVALUE('DesignServiceLife_years',$,IFCINTEGER(15),$);
#5424=IFCPROPERTYSINGLEVALUE('Criticality',$,IFCLABEL('Medium'),$);
#5425=IFCPROPERTYSINGLEVALUE('DataStatus',$,IFCLABEL('Demo values \X2\2014\X0\ to be replaced with the owner''s asset register'),$);
#5426=IFCPROPERTYSET('1BB8p4aKzAjfNimcZwguzC',#5,'Pset_CDE_AssetManagement (demo)',$,(#5421,#5422,#5423,#5424,#5425));
#5427=IFCRELDEFINESBYPROPERTIES('1G5qhW0HP5CBEvI$yFEteW',#5,$,$,(#5393),#5426);
#5428=IFCSTYLEDITEM(#5363,(#113),$);
#5429=IFCSHAPEREPRESENTATION(#16,'Body','SweptSolid',(#5363));
#5430=IFCPRODUCTDEFINITIONSHAPE($,$,(#5429));
#5431=IFCLOCALPLACEMENT(#23,#13);
#5432=IFCBUILDINGELEMENTPROXY('2E_wrSyfX79gModRJcZu9u',#5,'Bay 27 sign (blue)',$,'Stop sign panel',#5431,#5430,'EL-PRX-029',.USERDEFINED.);
#5433=IFCRELASSOCIATESMATERIAL('2fhfaLm8n6HhysM6_B0xAh',#5,$,$,(#5432),#114);
#5434=IFCPROPERTYSINGLEVALUE('Reference',$,IFCLABEL('Stop sign panel'),$);
#5435=IFCPROPERTYSINGLEVALUE('IsExternal',$,IFCBOOLEAN(.T.),$);
#5436=IFCPROPERTYSINGLEVALUE('Status',$,IFCLABEL('EXISTING'),$);
#5437=IFCPROPERTYSET('2gyRVWlif7KPU2Slc4s4gb',#5,'Pset_BuildingElementProxyCommon',$,(#5434,#5435,#5436));
#5438=IFCRELDEFINESBYPROPERTIES('1XH$lf0oL4ehzCq1tPxKyK',#5,$,$,(#5432),#5437);
#5439=IFCPROPERTYSINGLEVALUE('Material',$,IFCLABEL('Stop sign, blue panel'),$);
#5440=IFCPROPERTYSINGLEVALUE('Category',$,IFCLABEL('Metal'),$);
#5441=IFCPROPERTYSET('2Fhc7p8s9F8QRFk9vSIAsJ',#5,'Pset_CDE_Material',$,(#5439,#5440));
#5442=IFCRELDEFINESBYPROPERTIES('3UlKC$Ky58YQS2UzTz3eJD',#5,$,$,(#5432),#5441);
#5443=IFCPROPERTYSINGLEVALUE('GeometrySource',$,IFCLABEL('Photograph: number, bus symbol, lines'),$);
#5444=IFCPROPERTYSINGLEVALUE('Confidence',$,IFCLABEL('Medium'),$);
#5445=IFCPROPERTYSINGLEVALUE('Reference',$,IFCLABEL('PHOTO'),$);
#5446=IFCPROPERTYSET('1OHklJGTX74RYgPFQy4Yib',#5,'Pset_CDE_Provenance',$,(#5443,#5444,#5445));
#5447=IFCRELDEFINESBYPROPERTIES('3ZkaY83mP7HxcuqeQ1LqWx',#5,$,$,(#5432),#5446);
#5448=IFCSTYLEDITEM(#5371,(#120),$);
#5449=IFCSHAPEREPRESENTATION(#16,'Body','SweptSolid',(#5371));
#5450=IFCPRODUCTDEFINITIONSHAPE($,$,(#5449));
#5451=IFCLOCALPLACEMENT(#23,#13);
#5452=IFCBUILDINGELEMENTPROXY('1lAvfW8DPAk8yf0T4r60uj',#5,'Bay 27 sign (yellow)',$,'Stop sign panel',#5451,#5450,'EL-PRX-030',.USERDEFINED.);
#5453=IFCRELASSOCIATESMATERIAL('309uUu5TL7DPAgSbhTNY0A',#5,$,$,(#5452),#121);
#5454=IFCPROPERTYSINGLEVALUE('Reference',$,IFCLABEL('Stop sign panel'),$);
#5455=IFCPROPERTYSINGLEVALUE('IsExternal',$,IFCBOOLEAN(.T.),$);
#5456=IFCPROPERTYSINGLEVALUE('Status',$,IFCLABEL('EXISTING'),$);
#5457=IFCPROPERTYSET('0bun9dHhbBeeJR$SAFNkWh',#5,'Pset_BuildingElementProxyCommon',$,(#5454,#5455,#5456));
#5458=IFCRELDEFINESBYPROPERTIES('3vUgHLFij7fwQxulz0dwM8',#5,$,$,(#5452),#5457);
#5459=IFCPROPERTYSINGLEVALUE('Material',$,IFCLABEL('Stop sign, yellow panel'),$);
#5460=IFCPROPERTYSINGLEVALUE('Category',$,IFCLABEL('Metal'),$);
#5461=IFCPROPERTYSET('0jiws3jxDDoxhKvpVOEYg2',#5,'Pset_CDE_Material',$,(#5459,#5460));
#5462=IFCRELDEFINESBYPROPERTIES('0xROK3ai5CUQoyxAdd7evX',#5,$,$,(#5452),#5461);
#5463=IFCPROPERTYSINGLEVALUE('GeometrySource',$,IFCLABEL('Photograph: number, bus symbol, lines'),$);
#5464=IFCPROPERTYSINGLEVALUE('Confidence',$,IFCLABEL('Medium'),$);
#5465=IFCPROPERTYSINGLEVALUE('Reference',$,IFCLABEL('PHOTO'),$);
#5466=IFCPROPERTYSET('1fQzn0mVX149ZGdJimRerN',#5,'Pset_CDE_Provenance',$,(#5463,#5464,#5465));
#5467=IFCRELDEFINESBYPROPERTIES('3fYoXf8RX6JBz2xL8RA_v7',#5,$,$,(#5452),#5466);
#5468=IFCSTYLEDITEM(#5379,(#127),$);
#5469=IFCSTYLEDITEM(#5387,(#127),$);
#5470=IFCSHAPEREPRESENTATION(#16,'Body','SweptSolid',(#5379,#5387));
#5471=IFCPRODUCTDEFINITIONSHAPE($,$,(#5470));
#5472=IFCLOCALPLACEMENT(#23,#13);
#5473=IFCBUILDINGELEMENTPROXY('3W3$OuBp1AnfLTiGrg71$3',#5,'Bay 27 sign (white)',$,'Stop sign panel',#5472,#5471,'EL-PRX-031',.USERDEFINED.);
#5474=IFCRELASSOCIATESMATERIAL('1SsSSxzcLFYOYGGhwkPzWx',#5,$,$,(#5473),#128);
#5475=IFCPROPERTYSINGLEVALUE('Reference',$,IFCLABEL('Stop sign panel'),$);
#5476=IFCPROPERTYSINGLEVALUE('IsExternal',$,IFCBOOLEAN(.T.),$);
#5477=IFCPROPERTYSINGLEVALUE('Status',$,IFCLABEL('EXISTING'),$);
#5478=IFCPROPERTYSET('37JKiskSL8A8lVXPM3_Pmc',#5,'Pset_BuildingElementProxyCommon',$,(#5475,#5476,#5477));
#5479=IFCRELDEFINESBYPROPERTIES('0iYaHWtjTFNRZ1IIeZ5uCX',#5,$,$,(#5473),#5478);
#5480=IFCPROPERTYSINGLEVALUE('Material',$,IFCLABEL('Timetable panel'),$);
#5481=IFCPROPERTYSINGLEVALUE('Category',$,IFCLABEL('Metal'),$);
#5482=IFCPROPERTYSET('1DPlV1gab3evuGdN_4fwX9',#5,'Pset_CDE_Material',$,(#5480,#5481));
#5483=IFCRELDEFINESBYPROPERTIES('0jN6xd9Az7UfQrO0ecs2ie',#5,$,$,(#5473),#5482);
#5484=IFCPROPERTYSINGLEVALUE('GeometrySource',$,IFCLABEL('Photograph: number, bus symbol, lines'),$);
#5485=IFCPROPERTYSINGLEVALUE('Confidence',$,IFCLABEL('Medium'),$);
#5486=IFCPROPERTYSINGLEVALUE('Reference',$,IFCLABEL('PHOTO'),$);
#5487=IFCPROPERTYSET('1x1cGAAtj9kf5wpGo_7ybz',#5,'Pset_CDE_Provenance',$,(#5484,#5485,#5486));
#5488=IFCRELDEFINESBYPROPERTIES('3yw4NdBwfEP8oJzp1zhuK$',#5,$,$,(#5473),#5487);
#5489=IFCCARTESIANPOINT((6.91559579618999,38.48262906288794));
#5490=IFCCARTESIANPOINT((6.891241971683411,38.506982887394514));
#5491=IFCCARTESIANPOINT((6.856800462770553,38.506982887394514));
#5492=IFCCARTESIANPOINT((6.832446638263974,38.48262906288794));
#5493=IFCCARTESIANPOINT((6.832446638263974,38.448187553975075));
#5494=IFCCARTESIANPOINT((6.856800462770553,38.4238337294685));
#5495=IFCCARTESIANPOINT((6.891241971683411,38.4238337294685));
#5496=IFCCARTESIANPOINT((6.91559579618999,38.448187553975075));
#5497=IFCCARTESIANPOINT((6.91559579618999,38.48262906288794));
#5498=IFCPOLYLINE((#5489,#5490,#5491,#5492,#5493,#5494,#5495,#5496,#5497));
#5499=IFCARBITRARYCLOSEDPROFILEDEF(.AREA.,$,#5498);
#5500=IFCCARTESIANPOINT((0.,0.,0.16));
#5501=IFCAXIS2PLACEMENT3D(#5500,$,$);
#5502=IFCDIRECTION((0.,0.,1.));
#5503=IFCEXTRUDEDAREASOLID(#5499,#5501,#5502,3.5);
#5504=IFCCARTESIANPOINT((6.012213209832808,38.43354859528337));
#5505=IFCCARTESIANPOINT((5.99056536582696,38.45519643928922));
#5506=IFCCARTESIANPOINT((5.9599506912377525,38.45519643928922));
#5507=IFCCARTESIANPOINT((5.938302847231904,38.43354859528337));
#5508=IFCCARTESIANPOINT((5.938302847231904,38.40293392069417));
#5509=IFCCARTESIANPOINT((5.9599506912377525,38.38128607668832));
#5510=IFCCARTESIANPOINT((5.99056536582696,38.38128607668832));
#5511=IFCCARTESIANPOINT((6.012213209832808,38.40293392069417));
#5512=IFCCARTESIANPOINT((6.012213209832808,38.43354859528337));
#5513=IFCPOLYLINE((#5504,#5505,#5506,#5507,#5508,#5509,#5510,#5511,#5512));
#5514=IFCARBITRARYCLOSEDPROFILEDEF(.AREA.,$,#5513);
#5515=IFCCARTESIANPOINT((0.,0.,0.16));
#5516=IFCAXIS2PLACEMENT3D(#5515,$,$);
#5517=IFCDIRECTION((0.,0.,1.));
#5518=IFCEXTRUDEDAREASOLID(#5514,#5516,#5517,2.6);
#5519=IFCCARTESIANPOINT((0.,0.));
#5520=IFCDIRECTION((-0.05240783382526791,0.9986257652162511));
#5521=IFCAXIS2PLACEMENT2D(#5519,#5520);
#5522=IFCRECTANGLEPROFILEDEF(.AREA.,$,#5521,0.04,0.6);
#5523=IFCCARTESIANPOINT((6.874021217226982,38.465408308431506,3.21));
#5524=IFCAXIS2PLACEMENT3D(#5523,$,$);
#5525=IFCDIRECTION((0.,0.,1.));
#5526=IFCEXTRUDEDAREASOLID(#5522,#5524,#5525,0.32);
#5527=IFCCARTESIANPOINT((0.,0.));
#5528=IFCDIRECTION((-0.05240783382526791,0.9986257652162511));
#5529=IFCAXIS2PLACEMENT2D(#5527,#5528);
#5530=IFCRECTANGLEPROFILEDEF(.AREA.,$,#5529,0.04,0.6);
#5531=IFCCARTESIANPOINT((6.874021217226982,38.465408308431506,2.8600000000000003));
#5532=IFCAXIS2PLACEMENT3D(#5531,$,$);
#5533=IFCDIRECTION((0.,0.,1.));
#5534=IFCEXTRUDEDAREASOLID(#5530,#5532,#5533,0.35);
#5535=IFCCARTESIANPOINT((0.,0.));
#5536=IFCDIRECTION((-0.05240783382526791,0.9986257652162511));
#5537=IFCAXIS2PLACEMENT2D(#5535,#5536);
#5538=IFCRECTANGLEPROFILEDEF(.AREA.,$,#5537,0.04,0.6);
#5539=IFCCARTESIANPOINT((6.874021217226982,38.465408308431506,2.41));
#5540=IFCAXIS2PLACEMENT3D(#5539,$,$);
#5541=IFCDIRECTION((0.,0.,1.));
#5542=IFCEXTRUDEDAREASOLID(#5538,#5540,#5541,0.45);
#5543=IFCCARTESIANPOINT((0.,0.));
#5544=IFCDIRECTION((-0.05240783382526791,0.9986257652162511));
#5545=IFCAXIS2PLACEMENT2D(#5543,#5544);
#5546=IFCRECTANGLEPROFILEDEF(.AREA.,$,#5545,0.05,0.62);
#5547=IFCCARTESIANPOINT((5.975258028532356,38.41824125798877,1.3599999999999999));
#5548=IFCAXIS2PLACEMENT3D(#5547,$,$);
#5549=IFCDIRECTION((0.,0.,1.));
#5550=IFCEXTRUDEDAREASOLID(#5546,#5548,#5549,0.95);
#5551=IFCSTYLEDITEM(#5503,(#63),$);
#5552=IFCSTYLEDITEM(#5518,(#63),$);
#5553=IFCSHAPEREPRESENTATION(#16,'Body','SweptSolid',(#5503,#5518));
#5554=IFCPRODUCTDEFINITIONSHAPE($,$,(#5553));
#5555=IFCLOCALPLACEMENT(#23,#13);
#5556=IFCMEMBER('0zXSVe4JH14RFa2Xp$$uBD',#5,'Bay 28 pole',$,'Stop pole and timetable post',#5555,#5554,'EL-MEM-021',.POST.);
#5557=IFCRELASSOCIATESMATERIAL('1xsXhBm39FDexjKwfIREQz',#5,$,$,(#5556),#64);
#5558=IFCPROPERTYSINGLEVALUE('Reference',$,IFCLABEL('Stop pole and timetable post'),$);
#5559=IFCPROPERTYSINGLEVALUE('IsExternal',$,IFCBOOLEAN(.T.),$);
#5560=IFCPROPERTYSINGLEVALUE('Status',$,IFCLABEL('EXISTING'),$);
#5561=IFCPROPERTYSET('1crUEvEBb2juawf22t39hP',#5,'Pset_MemberCommon',$,(#5558,#5559,#5560));
#5562=IFCRELDEFINESBYPROPERTIES('1oTdUarjD75PmaA9GtXJKO',#5,$,$,(#5556),#5561);
#5563=IFCPROPERTYSINGLEVALUE('Material',$,IFCLABEL('Dark grey painted steel'),$);
#5564=IFCPROPERTYSINGLEVALUE('Category',$,IFCLABEL('Metal'),$);
#5565=IFCPROPERTYSINGLEVALUE('Description',$,IFCLABEL('Canopy structure, poles, kiosks'),$);
#5566=IFCPROPERTYSINGLEVALUE('MassDensity_kg_m3',$,IFCREAL(7850.),$);
#5567=IFCPROPERTYSET('0i7pOjiFr3LhMU72LJWDrc',#5,'Pset_CDE_Material',$,(#5563,#5564,#5565,#5566));
#5568=IFCRELDEFINESBYPROPERTIES('34Yc1UuxzBGw0xPnLDHkCr',#5,$,$,(#5556),#5567);
#5569=IFCPROPERTYSINGLEVALUE('GeometrySource',$,IFCLABEL('OpenStreetMap bus_stop position (ODbL)'),$);
#5570=IFCPROPERTYSINGLEVALUE('Confidence',$,IFCLABEL('Medium'),$);
#5571=IFCPROPERTYSINGLEVALUE('Reference',$,IFCLABEL('OSM'),$);
#5572=IFCPROPERTYSET('0eQ9h0IlX1N8xuGXhqPlmy',#5,'Pset_CDE_Provenance',$,(#5569,#5570,#5571));
#5573=IFCRELDEFINESBYPROPERTIES('2IpXmRPi5EL9VNkn2tjCH8',#5,$,$,(#5556),#5572);
#5574=IFCPROPERTYSINGLEVALUE('BayNumber',$,IFCINTEGER(28),$);
#5575=IFCPROPERTYSINGLEVALUE('StopCode',$,IFCLABEL('H2028'),$);
#5576=IFCPROPERTYSINGLEVALUE('Name',$,IFCLABEL('Elielinaukio, laituri 28'),$);
#5577=IFCPROPERTYSINGLEVALUE('NameSv',$,IFCLABEL('Elielplatsen, plattform 28'),$);
#5578=IFCPROPERTYSINGLEVALUE('Bench',$,IFCLABEL('yes'),$);
#5579=IFCPROPERTYSINGLEVALUE('Shelter',$,IFCLABEL('external'),$);
#5580=IFCPROPERTYSINGLEVALUE('Wheelchair',$,IFCLABEL('limited'),$);
#5581=IFCPROPERTYSINGLEVALUE('InService',$,IFCBOOLEAN(.T.),$);
#5582=IFCPROPERTYSET('2HbB$XglT2UQyZqnRUii4A',#5,'Pset_CDE_BusBay',$,(#5574,#5575,#5576,#5577,#5578,#5579,#5580,#5581));
#5583=IFCRELDEFINESBYPROPERTIES('1bg23Il_zFWu63S$JGj1eT',#5,$,$,(#5556),#5582);
#5584=IFCPROPERTYSINGLEVALUE('AssetClass',$,IFCLABEL('Signs > Stop poles'),$);
#5585=IFCPROPERTYSINGLEVALUE('InspectionInterval_months',$,IFCINTEGER(12),$);
#5586=IFCPROPERTYSINGLEVALUE('DesignServiceLife_years',$,IFCINTEGER(15),$);
#5587=IFCPROPERTYSINGLEVALUE('Criticality',$,IFCLABEL('Medium'),$);
#5588=IFCPROPERTYSINGLEVALUE('DataStatus',$,IFCLABEL('Demo values \X2\2014\X0\ to be replaced with the owner''s asset register'),$);
#5589=IFCPROPERTYSET('3nr1hdd3P92RMWG5dCQ_JK',#5,'Pset_CDE_AssetManagement (demo)',$,(#5584,#5585,#5586,#5587,#5588));
#5590=IFCRELDEFINESBYPROPERTIES('0DM9KoDUr6c9GO3c55z0IH',#5,$,$,(#5556),#5589);
#5591=IFCSTYLEDITEM(#5526,(#113),$);
#5592=IFCSHAPEREPRESENTATION(#16,'Body','SweptSolid',(#5526));
#5593=IFCPRODUCTDEFINITIONSHAPE($,$,(#5592));
#5594=IFCLOCALPLACEMENT(#23,#13);
#5595=IFCBUILDINGELEMENTPROXY('3YPPdrh8HDOOa6j3t4wLp9',#5,'Bay 28 sign (blue)',$,'Stop sign panel',#5594,#5593,'EL-PRX-032',.USERDEFINED.);
#5596=IFCRELASSOCIATESMATERIAL('24sHOmE6X5APEn7vqQ53JS',#5,$,$,(#5595),#114);
#5597=IFCPROPERTYSINGLEVALUE('Reference',$,IFCLABEL('Stop sign panel'),$);
#5598=IFCPROPERTYSINGLEVALUE('IsExternal',$,IFCBOOLEAN(.T.),$);
#5599=IFCPROPERTYSINGLEVALUE('Status',$,IFCLABEL('EXISTING'),$);
#5600=IFCPROPERTYSET('3PiNF6sr94S8owLy20YOK3',#5,'Pset_BuildingElementProxyCommon',$,(#5597,#5598,#5599));
#5601=IFCRELDEFINESBYPROPERTIES('27iWk2QMrCbOVxk3CAYxEg',#5,$,$,(#5595),#5600);
#5602=IFCPROPERTYSINGLEVALUE('Material',$,IFCLABEL('Stop sign, blue panel'),$);
#5603=IFCPROPERTYSINGLEVALUE('Category',$,IFCLABEL('Metal'),$);
#5604=IFCPROPERTYSET('0vEXBulYfBQfaOY$omvgdz',#5,'Pset_CDE_Material',$,(#5602,#5603));
#5605=IFCRELDEFINESBYPROPERTIES('1vIQRP9YbE5hKlNEGNdUKW',#5,$,$,(#5595),#5604);
#5606=IFCPROPERTYSINGLEVALUE('GeometrySource',$,IFCLABEL('Photograph: number, bus symbol, lines'),$);
#5607=IFCPROPERTYSINGLEVALUE('Confidence',$,IFCLABEL('Medium'),$);
#5608=IFCPROPERTYSINGLEVALUE('Reference',$,IFCLABEL('PHOTO'),$);
#5609=IFCPROPERTYSET('0ccg70dS58kfVTLa8jjd$t',#5,'Pset_CDE_Provenance',$,(#5606,#5607,#5608));
#5610=IFCRELDEFINESBYPROPERTIES('1xyWKBBdj49O51rIa6Ircx',#5,$,$,(#5595),#5609);
#5611=IFCSTYLEDITEM(#5534,(#120),$);
#5612=IFCSHAPEREPRESENTATION(#16,'Body','SweptSolid',(#5534));
#5613=IFCPRODUCTDEFINITIONSHAPE($,$,(#5612));
#5614=IFCLOCALPLACEMENT(#23,#13);
#5615=IFCBUILDINGELEMENTPROXY('2w28rE8E90p9sYKc1FuOvf',#5,'Bay 28 sign (yellow)',$,'Stop sign panel',#5614,#5613,'EL-PRX-033',.USERDEFINED.);
#5616=IFCRELASSOCIATESMATERIAL('0r9LW7GlbD6Pve2r4HVtcD',#5,$,$,(#5615),#121);
#5617=IFCPROPERTYSINGLEVALUE('Reference',$,IFCLABEL('Stop sign panel'),$);
#5618=IFCPROPERTYSINGLEVALUE('IsExternal',$,IFCBOOLEAN(.T.),$);
#5619=IFCPROPERTYSINGLEVALUE('Status',$,IFCLABEL('EXISTING'),$);
#5620=IFCPROPERTYSET('1ZBAueITf78B52MkOvgEeg',#5,'Pset_BuildingElementProxyCommon',$,(#5617,#5618,#5619));
#5621=IFCRELDEFINESBYPROPERTIES('1HU6sb665338nnC2XN9i0D',#5,$,$,(#5615),#5620);
#5622=IFCPROPERTYSINGLEVALUE('Material',$,IFCLABEL('Stop sign, yellow panel'),$);
#5623=IFCPROPERTYSINGLEVALUE('Category',$,IFCLABEL('Metal'),$);
#5624=IFCPROPERTYSET('0Ct$WMl1z4pQd483oMlhPC',#5,'Pset_CDE_Material',$,(#5622,#5623));
#5625=IFCRELDEFINESBYPROPERTIES('3nphCfwxPCt9ZB8VoY2Iqu',#5,$,$,(#5615),#5624);
#5626=IFCPROPERTYSINGLEVALUE('GeometrySource',$,IFCLABEL('Photograph: number, bus symbol, lines'),$);
#5627=IFCPROPERTYSINGLEVALUE('Confidence',$,IFCLABEL('Medium'),$);
#5628=IFCPROPERTYSINGLEVALUE('Reference',$,IFCLABEL('PHOTO'),$);
#5629=IFCPROPERTYSET('0UYtKxGXvE2hlad9hATxqH',#5,'Pset_CDE_Provenance',$,(#5626,#5627,#5628));
#5630=IFCRELDEFINESBYPROPERTIES('3M1udmBl16fhe56HUnWd_M',#5,$,$,(#5615),#5629);
#5631=IFCSTYLEDITEM(#5542,(#127),$);
#5632=IFCSTYLEDITEM(#5550,(#127),$);
#5633=IFCSHAPEREPRESENTATION(#16,'Body','SweptSolid',(#5542,#5550));
#5634=IFCPRODUCTDEFINITIONSHAPE($,$,(#5633));
#5635=IFCLOCALPLACEMENT(#23,#13);
#5636=IFCBUILDINGELEMENTPROXY('2VnLOARpj4sg5UVr$9p$Bn',#5,'Bay 28 sign (white)',$,'Stop sign panel',#5635,#5634,'EL-PRX-034',.USERDEFINED.);
#5637=IFCRELASSOCIATESMATERIAL('04vdt6Pwr5wwsSlBTKwoU3',#5,$,$,(#5636),#128);
#5638=IFCPROPERTYSINGLEVALUE('Reference',$,IFCLABEL('Stop sign panel'),$);
#5639=IFCPROPERTYSINGLEVALUE('IsExternal',$,IFCBOOLEAN(.T.),$);
#5640=IFCPROPERTYSINGLEVALUE('Status',$,IFCLABEL('EXISTING'),$);
#5641=IFCPROPERTYSET('1NbvSDq45BE8WCFJGgVCil',#5,'Pset_BuildingElementProxyCommon',$,(#5638,#5639,#5640));
#5642=IFCRELDEFINESBYPROPERTIES('2FfcM8KyD2zAjV7GAjWO3i',#5,$,$,(#5636),#5641);
#5643=IFCPROPERTYSINGLEVALUE('Material',$,IFCLABEL('Timetable panel'),$);
#5644=IFCPROPERTYSINGLEVALUE('Category',$,IFCLABEL('Metal'),$);
#5645=IFCPROPERTYSET('3UQEIr5Tr9wRnmedhh9Vdc',#5,'Pset_CDE_Material',$,(#5643,#5644));
#5646=IFCRELDEFINESBYPROPERTIES('2KDnBKC4DBd9SV20$6mSpJ',#5,$,$,(#5636),#5645);
#5647=IFCPROPERTYSINGLEVALUE('GeometrySource',$,IFCLABEL('Photograph: number, bus symbol, lines'),$);
#5648=IFCPROPERTYSINGLEVALUE('Confidence',$,IFCLABEL('Medium'),$);
#5649=IFCPROPERTYSINGLEVALUE('Reference',$,IFCLABEL('PHOTO'),$);
#5650=IFCPROPERTYSET('326me$D3nCyPbFOjfQvxbn',#5,'Pset_CDE_Provenance',$,(#5647,#5648,#5649));
#5651=IFCRELDEFINESBYPROPERTIES('1fharS64nB1emY1rtKkSoz',#5,$,$,(#5636),#5650);
#5652=IFCCARTESIANPOINT((6.694079157195773,45.134322937858016));
#5653=IFCCARTESIANPOINT((6.669725332689194,45.15867676236459));
#5654=IFCCARTESIANPOINT((6.635283823776336,45.15867676236459));
#5655=IFCCARTESIANPOINT((6.610929999269757,45.134322937858016));
#5656=IFCCARTESIANPOINT((6.610929999269757,45.09988142894515));
#5657=IFCCARTESIANPOINT((6.635283823776336,45.07552760443858));
#5658=IFCCARTESIANPOINT((6.669725332689194,45.07552760443858));
#5659=IFCCARTESIANPOINT((6.694079157195773,45.09988142894515));
#5660=IFCCARTESIANPOINT((6.694079157195773,45.134322937858016));
#5661=IFCPOLYLINE((#5652,#5653,#5654,#5655,#5656,#5657,#5658,#5659,#5660));
#5662=IFCARBITRARYCLOSEDPROFILEDEF(.AREA.,$,#5661);
#5663=IFCCARTESIANPOINT((0.,0.,0.16));
#5664=IFCAXIS2PLACEMENT3D(#5663,$,$);
#5665=IFCDIRECTION((0.,0.,1.));
#5666=IFCEXTRUDEDAREASOLID(#5662,#5664,#5665,3.5);
#5667=IFCCARTESIANPOINT((5.790696570838591,45.08524247025345));
#5668=IFCCARTESIANPOINT((5.769048726832743,45.106890314259296));
#5669=IFCCARTESIANPOINT((5.7384340522435355,45.106890314259296));
#5670=IFCCARTESIANPOINT((5.7167862082376875,45.08524247025345));
#5671=IFCCARTESIANPOINT((5.7167862082376875,45.054627795664246));
#5672=IFCCARTESIANPOINT((5.7384340522435355,45.0329799516584));
#5673=IFCCARTESIANPOINT((5.769048726832743,45.0329799516584));
#5674=IFCCARTESIANPOINT((5.790696570838591,45.054627795664246));
#5675=IFCCARTESIANPOINT((5.790696570838591,45.08524247025345));
#5676=IFCPOLYLINE((#5667,#5668,#5669,#5670,#5671,#5672,#5673,#5674,#5675));
#5677=IFCARBITRARYCLOSEDPROFILEDEF(.AREA.,$,#5676);
#5678=IFCCARTESIANPOINT((0.,0.,0.16));
#5679=IFCAXIS2PLACEMENT3D(#5678,$,$);
#5680=IFCDIRECTION((0.,0.,1.));
#5681=IFCEXTRUDEDAREASOLID(#5677,#5679,#5680,2.6);
#5682=IFCCARTESIANPOINT((0.,0.));
#5683=IFCDIRECTION((-0.05240783382526791,0.9986257652162511));
#5684=IFCAXIS2PLACEMENT2D(#5682,#5683);
#5685=IFCRECTANGLEPROFILEDEF(.AREA.,$,#5684,0.04,0.6);
#5686=IFCCARTESIANPOINT((6.652504578232765,45.117102183401585,3.21));
#5687=IFCAXIS2PLACEMENT3D(#5686,$,$);
#5688=IFCDIRECTION((0.,0.,1.));
#5689=IFCEXTRUDEDAREASOLID(#5685,#5687,#5688,0.32);
#5690=IFCCARTESIANPOINT((0.,0.));
#5691=IFCDIRECTION((-0.05240783382526791,0.9986257652162511));
#5692=IFCAXIS2PLACEMENT2D(#5690,#5691);
#5693=IFCRECTANGLEPROFILEDEF(.AREA.,$,#5692,0.04,0.6);
#5694=IFCCARTESIANPOINT((6.652504578232765,45.117102183401585,2.8600000000000003));
#5695=IFCAXIS2PLACEMENT3D(#5694,$,$);
#5696=IFCDIRECTION((0.,0.,1.));
#5697=IFCEXTRUDEDAREASOLID(#5693,#5695,#5696,0.35);
#5698=IFCCARTESIANPOINT((0.,0.));
#5699=IFCDIRECTION((-0.05240783382526791,0.9986257652162511));
#5700=IFCAXIS2PLACEMENT2D(#5698,#5699);
#5701=IFCRECTANGLEPROFILEDEF(.AREA.,$,#5700,0.04,0.6);
#5702=IFCCARTESIANPOINT((6.652504578232765,45.117102183401585,2.41));
#5703=IFCAXIS2PLACEMENT3D(#5702,$,$);
#5704=IFCDIRECTION((0.,0.,1.));
#5705=IFCEXTRUDEDAREASOLID(#5701,#5703,#5704,0.45);
#5706=IFCCARTESIANPOINT((0.,0.));
#5707=IFCDIRECTION((-0.05240783382526791,0.9986257652162511));
#5708=IFCAXIS2PLACEMENT2D(#5706,#5707);
#5709=IFCRECTANGLEPROFILEDEF(.AREA.,$,#5708,0.05,0.62);
#5710=IFCCARTESIANPOINT((5.753741389538139,45.06993513295885,1.3599999999999999));
#5711=IFCAXIS2PLACEMENT3D(#5710,$,$);
#5712=IFCDIRECTION((0.,0.,1.));
#5713=IFCEXTRUDEDAREASOLID(#5709,#5711,#5712,0.95);
#5714=IFCSTYLEDITEM(#5666,(#63),$);
#5715=IFCSTYLEDITEM(#5681,(#63),$);
#5716=IFCSHAPEREPRESENTATION(#16,'Body','SweptSolid',(#5666,#5681));
#5717=IFCPRODUCTDEFINITIONSHAPE($,$,(#5716));
#5718=IFCLOCALPLACEMENT(#23,#13);
#5719=IFCMEMBER('2dC3hH6BX648cS4Cc1uQec',#5,'Bay 29 pole',$,'Stop pole and timetable post',#5718,#5717,'EL-MEM-022',.POST.);
#5720=IFCRELASSOCIATESMATERIAL('3YVKSul5DB3xrq0ru$lpl8',#5,$,$,(#5719),#64);
#5721=IFCPROPERTYSINGLEVALUE('Reference',$,IFCLABEL('Stop pole and timetable post'),$);
#5722=IFCPROPERTYSINGLEVALUE('IsExternal',$,IFCBOOLEAN(.T.),$);
#5723=IFCPROPERTYSINGLEVALUE('Status',$,IFCLABEL('EXISTING'),$);
#5724=IFCPROPERTYSET('3SNDSUt35B1xNCVHrJrSo7',#5,'Pset_MemberCommon',$,(#5721,#5722,#5723));
#5725=IFCRELDEFINESBYPROPERTIES('0Oj1rn5Xf91Q0uQKyttmc4',#5,$,$,(#5719),#5724);
#5726=IFCPROPERTYSINGLEVALUE('Material',$,IFCLABEL('Dark grey painted steel'),$);
#5727=IFCPROPERTYSINGLEVALUE('Category',$,IFCLABEL('Metal'),$);
#5728=IFCPROPERTYSINGLEVALUE('Description',$,IFCLABEL('Canopy structure, poles, kiosks'),$);
#5729=IFCPROPERTYSINGLEVALUE('MassDensity_kg_m3',$,IFCREAL(7850.),$);
#5730=IFCPROPERTYSET('25lCtZn9bFo9IWlaQeCxw5',#5,'Pset_CDE_Material',$,(#5726,#5727,#5728,#5729));
#5731=IFCRELDEFINESBYPROPERTIES('2V8tfsShj6GvJSorh5qISJ',#5,$,$,(#5719),#5730);
#5732=IFCPROPERTYSINGLEVALUE('GeometrySource',$,IFCLABEL('OpenStreetMap bus_stop position (ODbL)'),$);
#5733=IFCPROPERTYSINGLEVALUE('Confidence',$,IFCLABEL('Medium'),$);
#5734=IFCPROPERTYSINGLEVALUE('Reference',$,IFCLABEL('OSM'),$);
#5735=IFCPROPERTYSET('39zpVfvz954gpUxujiC6PK',#5,'Pset_CDE_Provenance',$,(#5732,#5733,#5734));
#5736=IFCRELDEFINESBYPROPERTIES('0Wj7m8TuP7IP433snCzf3u',#5,$,$,(#5719),#5735);
#5737=IFCPROPERTYSINGLEVALUE('BayNumber',$,IFCINTEGER(29),$);
#5738=IFCPROPERTYSINGLEVALUE('StopCode',$,IFCLABEL('H2029'),$);
#5739=IFCPROPERTYSINGLEVALUE('Name',$,IFCLABEL('Elielinaukio, laituri 29'),$);
#5740=IFCPROPERTYSINGLEVALUE('NameSv',$,IFCLABEL('Elielplatsen, plattform 29'),$);
#5741=IFCPROPERTYSINGLEVALUE('Bench',$,IFCLABEL('yes'),$);
#5742=IFCPROPERTYSINGLEVALUE('Shelter',$,IFCLABEL('external'),$);
#5743=IFCPROPERTYSINGLEVALUE('Wheelchair',$,IFCLABEL('limited'),$);
#5744=IFCPROPERTYSINGLEVALUE('InService',$,IFCBOOLEAN(.T.),$);
#5745=IFCPROPERTYSET('2ZLdLfvmDBoBAStH1g0nJo',#5,'Pset_CDE_BusBay',$,(#5737,#5738,#5739,#5740,#5741,#5742,#5743,#5744));
#5746=IFCRELDEFINESBYPROPERTIES('3KwZKNDz5FyhxhP5e166dl',#5,$,$,(#5719),#5745);
#5747=IFCPROPERTYSINGLEVALUE('AssetClass',$,IFCLABEL('Signs > Stop poles'),$);
#5748=IFCPROPERTYSINGLEVALUE('InspectionInterval_months',$,IFCINTEGER(12),$);
#5749=IFCPROPERTYSINGLEVALUE('DesignServiceLife_years',$,IFCINTEGER(15),$);
#5750=IFCPROPERTYSINGLEVALUE('Criticality',$,IFCLABEL('Medium'),$);
#5751=IFCPROPERTYSINGLEVALUE('DataStatus',$,IFCLABEL('Demo values \X2\2014\X0\ to be replaced with the owner''s asset register'),$);
#5752=IFCPROPERTYSET('2$8_ueS793lPZN0alewNmO',#5,'Pset_CDE_AssetManagement (demo)',$,(#5747,#5748,#5749,#5750,#5751));
#5753=IFCRELDEFINESBYPROPERTIES('3E4cm9LLH7YxZIjxCEEYem',#5,$,$,(#5719),#5752);
#5754=IFCSTYLEDITEM(#5689,(#113),$);
#5755=IFCSHAPEREPRESENTATION(#16,'Body','SweptSolid',(#5689));
#5756=IFCPRODUCTDEFINITIONSHAPE($,$,(#5755));
#5757=IFCLOCALPLACEMENT(#23,#13);
#5758=IFCBUILDINGELEMENTPROXY('2wD1K168D2bxRb9tGHM0Xw',#5,'Bay 29 sign (blue)',$,'Stop sign panel',#5757,#5756,'EL-PRX-035',.USERDEFINED.);
#5759=IFCRELASSOCIATESMATERIAL('0snq1KNKjCxON423veTphf',#5,$,$,(#5758),#114);
#5760=IFCPROPERTYSINGLEVALUE('Reference',$,IFCLABEL('Stop sign panel'),$);
#5761=IFCPROPERTYSINGLEVALUE('IsExternal',$,IFCBOOLEAN(.T.),$);
#5762=IFCPROPERTYSINGLEVALUE('Status',$,IFCLABEL('EXISTING'),$);
#5763=IFCPROPERTYSET('0ccw5g9S9ElPpZ2uE1oJLC',#5,'Pset_BuildingElementProxyCommon',$,(#5760,#5761,#5762));
#5764=IFCRELDEFINESBYPROPERTIES('3$ScDXGAv5zwAR_jRTjzD5',#5,$,$,(#5758),#5763);
#5765=IFCPROPERTYSINGLEVALUE('Material',$,IFCLABEL('Stop sign, blue panel'),$);
#5766=IFCPROPERTYSINGLEVALUE('Category',$,IFCLABEL('Metal'),$);
#5767=IFCPROPERTYSET('0y6k2QOWj3buMn$5sLElcl',#5,'Pset_CDE_Material',$,(#5765,#5766));
#5768=IFCRELDEFINESBYPROPERTIES('1v5PyQ0gr6jPjDh4JZFDli',#5,$,$,(#5758),#5767);
#5769=IFCPROPERTYSINGLEVALUE('GeometrySource',$,IFCLABEL('Photograph: number, bus symbol, lines'),$);
#5770=IFCPROPERTYSINGLEVALUE('Confidence',$,IFCLABEL('Medium'),$);
#5771=IFCPROPERTYSINGLEVALUE('Reference',$,IFCLABEL('PHOTO'),$);
#5772=IFCPROPERTYSET('2R7LtKk2fFlugVwYGejpvS',#5,'Pset_CDE_Provenance',$,(#5769,#5770,#5771));
#5773=IFCRELDEFINESBYPROPERTIES('0Fe8zE7ez8A9eAFOfozrJD',#5,$,$,(#5758),#5772);
#5774=IFCSTYLEDITEM(#5697,(#120),$);
#5775=IFCSHAPEREPRESENTATION(#16,'Body','SweptSolid',(#5697));
#5776=IFCPRODUCTDEFINITIONSHAPE($,$,(#5775));
#5777=IFCLOCALPLACEMENT(#23,#13);
#5778=IFCBUILDINGELEMENTPROXY('39SOHazGb21v4yr78O64UD',#5,'Bay 29 sign (yellow)',$,'Stop sign panel',#5777,#5776,'EL-PRX-036',.USERDEFINED.);
#5779=IFCRELASSOCIATESMATERIAL('3dgcYIqUj6_8y7tKpE61gC',#5,$,$,(#5778),#121);
#5780=IFCPROPERTYSINGLEVALUE('Reference',$,IFCLABEL('Stop sign panel'),$);
#5781=IFCPROPERTYSINGLEVALUE('IsExternal',$,IFCBOOLEAN(.T.),$);
#5782=IFCPROPERTYSINGLEVALUE('Status',$,IFCLABEL('EXISTING'),$);
#5783=IFCPROPERTYSET('1_MphkQVL2SRQGWA9frZdg',#5,'Pset_BuildingElementProxyCommon',$,(#5780,#5781,#5782));
#5784=IFCRELDEFINESBYPROPERTIES('0rJkrbM1v5URvfX3BOW3X$',#5,$,$,(#5778),#5783);
#5785=IFCPROPERTYSINGLEVALUE('Material',$,IFCLABEL('Stop sign, yellow panel'),$);
#5786=IFCPROPERTYSINGLEVALUE('Category',$,IFCLABEL('Metal'),$);
#5787=IFCPROPERTYSET('1Je3Igz516lgPIzFXty6My',#5,'Pset_CDE_Material',$,(#5785,#5786));
#5788=IFCRELDEFINESBYPROPERTIES('0JORCrTTz1eeOiLZ9N_PaJ',#5,$,$,(#5778),#5787);
#5789=IFCPROPERTYSINGLEVALUE('GeometrySource',$,IFCLABEL('Photograph: number, bus symbol, lines'),$);
#5790=IFCPROPERTYSINGLEVALUE('Confidence',$,IFCLABEL('Medium'),$);
#5791=IFCPROPERTYSINGLEVALUE('Reference',$,IFCLABEL('PHOTO'),$);
#5792=IFCPROPERTYSET('1NBe6jCEv9dRhqHFs3uEsk',#5,'Pset_CDE_Provenance',$,(#5789,#5790,#5791));
#5793=IFCRELDEFINESBYPROPERTIES('1SuLQvIlf6EhAIsTFnll9V',#5,$,$,(#5778),#5792);
#5794=IFCSTYLEDITEM(#5705,(#127),$);
#5795=IFCSTYLEDITEM(#5713,(#127),$);
#5796=IFCSHAPEREPRESENTATION(#16,'Body','SweptSolid',(#5705,#5713));
#5797=IFCPRODUCTDEFINITIONSHAPE($,$,(#5796));
#5798=IFCLOCALPLACEMENT(#23,#13);
#5799=IFCBUILDINGELEMENTPROXY('1V5nu9VdT16hYih00DZfXK',#5,'Bay 29 sign (white)',$,'Stop sign panel',#5798,#5797,'EL-PRX-037',.USERDEFINED.);
#5800=IFCRELASSOCIATESMATERIAL('1HABffIQP0bwbHJA5ots0Q',#5,$,$,(#5799),#128);
#5801=IFCPROPERTYSINGLEVALUE('Reference',$,IFCLABEL('Stop sign panel'),$);
#5802=IFCPROPERTYSINGLEVALUE('IsExternal',$,IFCBOOLEAN(.T.),$);
#5803=IFCPROPERTYSINGLEVALUE('Status',$,IFCLABEL('EXISTING'),$);
#5804=IFCPROPERTYSET('2j9UuS4mz3RgdhbaLrU6DR',#5,'Pset_BuildingElementProxyCommon',$,(#5801,#5802,#5803));
#5805=IFCRELDEFINESBYPROPERTIES('2_2waQ6CTABwz9kC8dvvap',#5,$,$,(#5799),#5804);
#5806=IFCPROPERTYSINGLEVALUE('Material',$,IFCLABEL('Timetable panel'),$);
#5807=IFCPROPERTYSINGLEVALUE('Category',$,IFCLABEL('Metal'),$);
#5808=IFCPROPERTYSET('1pKVR$tEr4OeJpdlLq_Y7B',#5,'Pset_CDE_Material',$,(#5806,#5807));
#5809=IFCRELDEFINESBYPROPERTIES('2yAf9_ZLf77BqWPFK6Aokl',#5,$,$,(#5799),#5808);
#5810=IFCPROPERTYSINGLEVALUE('GeometrySource',$,IFCLABEL('Photograph: number, bus symbol, lines'),$);
#5811=IFCPROPERTYSINGLEVALUE('Confidence',$,IFCLABEL('Medium'),$);
#5812=IFCPROPERTYSINGLEVALUE('Reference',$,IFCLABEL('PHOTO'),$);
#5813=IFCPROPERTYSET('3fN$OKuZr18AK9_w37CA80',#5,'Pset_CDE_Provenance',$,(#5810,#5811,#5812));
#5814=IFCRELDEFINESBYPROPERTIES('2inO9wmU930w5ojoBAOJHm',#5,$,$,(#5799),#5813);
#5815=IFCCARTESIANPOINT((-18.611696321286473,-32.030976840014844));
#5816=IFCCARTESIANPOINT((-18.636050145793053,-32.00662301550827));
#5817=IFCCARTESIANPOINT((-18.67049165470591,-32.00662301550827));
#5818=IFCCARTESIANPOINT((-18.69484547921249,-32.030976840014844));
#5819=IFCCARTESIANPOINT((-18.69484547921249,-32.06541834892771));
#5820=IFCCARTESIANPOINT((-18.67049165470591,-32.089772173434284));
#5821=IFCCARTESIANPOINT((-18.636050145793053,-32.089772173434284));
#5822=IFCCARTESIANPOINT((-18.611696321286473,-32.06541834892771));
#5823=IFCCARTESIANPOINT((-18.611696321286473,-32.030976840014844));
#5824=IFCPOLYLINE((#5815,#5816,#5817,#5818,#5819,#5820,#5821,#5822,#5823));
#5825=IFCARBITRARYCLOSEDPROFILEDEF(.AREA.,$,#5824);
#5826=IFCCARTESIANPOINT((0.,0.,0.16));
#5827=IFCAXIS2PLACEMENT3D(#5826,$,$);
#5828=IFCDIRECTION((0.,0.,1.));
#5829=IFCEXTRUDEDAREASOLID(#5825,#5827,#5828,3.5);
#5830=IFCCARTESIANPOINT((-19.515078907643655,-32.08005730761941));
#5831=IFCCARTESIANPOINT((-19.536726751649503,-32.058409463613565));
#5832=IFCCARTESIANPOINT((-19.567341426238713,-32.058409463613565));
#5833=IFCCARTESIANPOINT((-19.58898927024456,-32.08005730761941));
#5834=IFCCARTESIANPOINT((-19.58898927024456,-32.110671982208615));
#5835=IFCCARTESIANPOINT((-19.567341426238713,-32.13231982621446));
#5836=IFCCARTESIANPOINT((-19.536726751649503,-32.13231982621446));
#5837=IFCCARTESIANPOINT((-19.515078907643655,-32.110671982208615));
#5838=IFCCARTESIANPOINT((-19.515078907643655,-32.08005730761941));
#5839=IFCPOLYLINE((#5830,#5831,#5832,#5833,#5834,#5835,#5836,#5837,#5838));
#5840=IFCARBITRARYCLOSEDPROFILEDEF(.AREA.,$,#5839);
#5841=IFCCARTESIANPOINT((0.,0.,0.16));
#5842=IFCAXIS2PLACEMENT3D(#5841,$,$);
#5843=IFCDIRECTION((0.,0.,1.));
#5844=IFCEXTRUDEDAREASOLID(#5840,#5842,#5843,2.6);
#5845=IFCCARTESIANPOINT((0.,0.));
#5846=IFCDIRECTION((-0.05240783382526791,0.9986257652162511));
#5847=IFCAXIS2PLACEMENT2D(#5845,#5846);
#5848=IFCRECTANGLEPROFILEDEF(.AREA.,$,#5847,0.04,0.6);
#5849=IFCCARTESIANPOINT((-18.65327090024948,-32.048197594471276,3.21));
#5850=IFCAXIS2PLACEMENT3D(#5849,$,$);
#5851=IFCDIRECTION((0.,0.,1.));
#5852=IFCEXTRUDEDAREASOLID(#5848,#5850,#5851,0.32);
#5853=IFCCARTESIANPOINT((0.,0.));
#5854=IFCDIRECTION((-0.05240783382526791,0.9986257652162511));
#5855=IFCAXIS2PLACEMENT2D(#5853,#5854);
#5856=IFCRECTANGLEPROFILEDEF(.AREA.,$,#5855,0.04,0.6);
#5857=IFCCARTESIANPOINT((-18.65327090024948,-32.048197594471276,2.8600000000000003));
#5858=IFCAXIS2PLACEMENT3D(#5857,$,$);
#5859=IFCDIRECTION((0.,0.,1.));
#5860=IFCEXTRUDEDAREASOLID(#5856,#5858,#5859,0.35);
#5861=IFCCARTESIANPOINT((0.,0.));
#5862=IFCDIRECTION((-0.05240783382526791,0.9986257652162511));
#5863=IFCAXIS2PLACEMENT2D(#5861,#5862);
#5864=IFCRECTANGLEPROFILEDEF(.AREA.,$,#5863,0.04,0.6);
#5865=IFCCARTESIANPOINT((-18.65327090024948,-32.048197594471276,2.41));
#5866=IFCAXIS2PLACEMENT3D(#5865,$,$);
#5867=IFCDIRECTION((0.,0.,1.));
#5868=IFCEXTRUDEDAREASOLID(#5864,#5866,#5867,0.45);
#5869=IFCCARTESIANPOINT((0.,0.));
#5870=IFCDIRECTION((-0.05240783382526791,0.9986257652162511));
#5871=IFCAXIS2PLACEMENT2D(#5869,#5870);
#5872=IFCRECTANGLEPROFILEDEF(.AREA.,$,#5871,0.05,0.62);
#5873=IFCCARTESIANPOINT((-19.552034088944108,-32.095364644914014,1.3599999999999999));
#5874=IFCAXIS2PLACEMENT3D(#5873,$,$);
#5875=IFCDIRECTION((0.,0.,1.));
#5876=IFCEXTRUDEDAREASOLID(#5872,#5874,#5875,0.95);
#5877=IFCSTYLEDITEM(#5829,(#63),$);
#5878=IFCSTYLEDITEM(#5844,(#63),$);
#5879=IFCSHAPEREPRESENTATION(#16,'Body','SweptSolid',(#5829,#5844));
#5880=IFCPRODUCTDEFINITIONSHAPE($,$,(#5879));
#5881=IFCLOCALPLACEMENT(#23,#13);
#5882=IFCMEMBER('04aoqIX4H5mQBM18vgbzhh',#5,'Bay 30 pole',$,'Stop pole and timetable post',#5881,#5880,'EL-MEM-023',.POST.);
#5883=IFCRELASSOCIATESMATERIAL('3BU0hiu4T00Piw8iC8NaLu',#5,$,$,(#5882),#64);
#5884=IFCPROPERTYSINGLEVALUE('Reference',$,IFCLABEL('Stop pole and timetable post'),$);
#5885=IFCPROPERTYSINGLEVALUE('IsExternal',$,IFCBOOLEAN(.T.),$);
#5886=IFCPROPERTYSINGLEVALUE('Status',$,IFCLABEL('EXISTING'),$);
#5887=IFCPROPERTYSET('2_lylFWgj23RQ8t03kfqeT',#5,'Pset_MemberCommon',$,(#5884,#5885,#5886));
#5888=IFCRELDEFINESBYPROPERTIES('398IFAtUv3zxqR$sVsY5M4',#5,$,$,(#5882),#5887);
#5889=IFCPROPERTYSINGLEVALUE('Material',$,IFCLABEL('Dark grey painted steel'),$);
#5890=IFCPROPERTYSINGLEVALUE('Category',$,IFCLABEL('Metal'),$);
#5891=IFCPROPERTYSINGLEVALUE('Description',$,IFCLABEL('Canopy structure, poles, kiosks'),$);
#5892=IFCPROPERTYSINGLEVALUE('MassDensity_kg_m3',$,IFCREAL(7850.),$);
#5893=IFCPROPERTYSET('1x65N7U8j1Nhgw_aINzyaS',#5,'Pset_CDE_Material',$,(#5889,#5890,#5891,#5892));
#5894=IFCRELDEFINESBYPROPERTIES('2iwa0s3qv6dPcyAdFIKTkt',#5,$,$,(#5882),#5893);
#5895=IFCPROPERTYSINGLEVALUE('GeometrySource',$,IFCLABEL('OpenStreetMap bus_stop position (ODbL)'),$);
#5896=IFCPROPERTYSINGLEVALUE('Confidence',$,IFCLABEL('Medium'),$);
#5897=IFCPROPERTYSINGLEVALUE('Reference',$,IFCLABEL('OSM'),$);
#5898=IFCPROPERTYSET('0TB0F9uQbC$P7Na8HLmWCg',#5,'Pset_CDE_Provenance',$,(#5895,#5896,#5897));
#5899=IFCRELDEFINESBYPROPERTIES('0mhIKw5DPEuxxovEeke7Wm',#5,$,$,(#5882),#5898);
#5900=IFCPROPERTYSINGLEVALUE('BayNumber',$,IFCINTEGER(30),$);
#5901=IFCPROPERTYSINGLEVALUE('StopCode',$,IFCLABEL('H2037'),$);
#5902=IFCPROPERTYSINGLEVALUE('Name',$,IFCLABEL('Elielinaukio, laituri 30'),$);
#5903=IFCPROPERTYSINGLEVALUE('NameSv',$,IFCLABEL('Elielplatsen, plattform 30'),$);
#5904=IFCPROPERTYSINGLEVALUE('Bench',$,IFCLABEL('no'),$);
#5905=IFCPROPERTYSINGLEVALUE('Shelter',$,IFCLABEL('no'),$);
#5906=IFCPROPERTYSINGLEVALUE('InService',$,IFCBOOLEAN(.T.),$);
#5907=IFCPROPERTYSET('19WOUATQn5UQw_PdQQ1RvF',#5,'Pset_CDE_BusBay',$,(#5900,#5901,#5902,#5903,#5904,#5905,#5906));
#5908=IFCRELDEFINESBYPROPERTIES('1fXqdSn9bBcfu9PWGti7Go',#5,$,$,(#5882),#5907);
#5909=IFCPROPERTYSINGLEVALUE('AssetClass',$,IFCLABEL('Signs > Stop poles'),$);
#5910=IFCPROPERTYSINGLEVALUE('InspectionInterval_months',$,IFCINTEGER(12),$);
#5911=IFCPROPERTYSINGLEVALUE('DesignServiceLife_years',$,IFCINTEGER(15),$);
#5912=IFCPROPERTYSINGLEVALUE('Criticality',$,IFCLABEL('Medium'),$);
#5913=IFCPROPERTYSINGLEVALUE('DataStatus',$,IFCLABEL('Demo values \X2\2014\X0\ to be replaced with the owner''s asset register'),$);
#5914=IFCPROPERTYSET('2sdN0ehP98jut$rdSHZJBQ',#5,'Pset_CDE_AssetManagement (demo)',$,(#5909,#5910,#5911,#5912,#5913));
#5915=IFCRELDEFINESBYPROPERTIES('1q4vVbdNXCjuWptOnV4D5O',#5,$,$,(#5882),#5914);
#5916=IFCSTYLEDITEM(#5852,(#113),$);
#5917=IFCSHAPEREPRESENTATION(#16,'Body','SweptSolid',(#5852));
#5918=IFCPRODUCTDEFINITIONSHAPE($,$,(#5917));
#5919=IFCLOCALPLACEMENT(#23,#13);
#5920=IFCBUILDINGELEMENTPROXY('3vcXVIjtH4Vw7qawLKt9pN',#5,'Bay 30 sign (blue)',$,'Stop sign panel',#5919,#5918,'EL-PRX-038',.USERDEFINED.);
#5921=IFCRELASSOCIATESMATERIAL('1ZLdCiTFL6DhHV90tLPz9V',#5,$,$,(#5920),#114);
#5922=IFCPROPERTYSINGLEVALUE('Reference',$,IFCLABEL('Stop sign panel'),$);
#5923=IFCPROPERTYSINGLEVALUE('IsExternal',$,IFCBOOLEAN(.T.),$);
#5924=IFCPROPERTYSINGLEVALUE('Status',$,IFCLABEL('EXISTING'),$);
#5925=IFCPROPERTYSET('0t4v$9x8D7geldVppNZ6$1',#5,'Pset_BuildingElementProxyCommon',$,(#5922,#5923,#5924));
#5926=IFCRELDEFINESBYPROPERTIES('23OJbiRM550BHddo8njQ$x',#5,$,$,(#5920),#5925);
#5927=IFCPROPERTYSINGLEVALUE('Material',$,IFCLABEL('Stop sign, blue panel'),$);
#5928=IFCPROPERTYSINGLEVALUE('Category',$,IFCLABEL('Metal'),$);
#5929=IFCPROPERTYSET('3wtF5c8S1Btfe_1DMx3zqj',#5,'Pset_CDE_Material',$,(#5927,#5928));
#5930=IFCRELDEFINESBYPROPERTIES('1icON3iAb3oBjI4p97vX9l',#5,$,$,(#5920),#5929);
#5931=IFCPROPERTYSINGLEVALUE('GeometrySource',$,IFCLABEL('Photograph: number, bus symbol, lines'),$);
#5932=IFCPROPERTYSINGLEVALUE('Confidence',$,IFCLABEL('Medium'),$);
#5933=IFCPROPERTYSINGLEVALUE('Reference',$,IFCLABEL('PHOTO'),$);
#5934=IFCPROPERTYSET('2kW8gF6_95rAqoA4eiUUt1',#5,'Pset_CDE_Provenance',$,(#5931,#5932,#5933));
#5935=IFCRELDEFINESBYPROPERTIES('28PTW6BX59_v04uZS0HTf7',#5,$,$,(#5920),#5934);
#5936=IFCSTYLEDITEM(#5860,(#120),$);
#5937=IFCSHAPEREPRESENTATION(#16,'Body','SweptSolid',(#5860));
#5938=IFCPRODUCTDEFINITIONSHAPE($,$,(#5937));
#5939=IFCLOCALPLACEMENT(#23,#13);
#5940=IFCBUILDINGELEMENTPROXY('0SzEaDbWP7zxCL1bXftHhy',#5,'Bay 30 sign (yellow)',$,'Stop sign panel',#5939,#5938,'EL-PRX-039',.USERDEFINED.);
#5941=IFCRELASSOCIATESMATERIAL('0LjQIp1qzF4A9mmjo8oO6L',#5,$,$,(#5940),#121);
#5942=IFCPROPERTYSINGLEVALUE('Reference',$,IFCLABEL('Stop sign panel'),$);
#5943=IFCPROPERTYSINGLEVALUE('IsExternal',$,IFCBOOLEAN(.T.),$);
#5944=IFCPROPERTYSINGLEVALUE('Status',$,IFCLABEL('EXISTING'),$);
#5945=IFCPROPERTYSET('347QGbqIPBbRSSN8Dq8PEz',#5,'Pset_BuildingElementProxyCommon',$,(#5942,#5943,#5944));
#5946=IFCRELDEFINESBYPROPERTIES('0L5jrKqg95nR0$P87f66ac',#5,$,$,(#5940),#5945);
#5947=IFCPROPERTYSINGLEVALUE('Material',$,IFCLABEL('Stop sign, yellow panel'),$);
#5948=IFCPROPERTYSINGLEVALUE('Category',$,IFCLABEL('Metal'),$);
#5949=IFCPROPERTYSET('2A4iDFvqDCWvOcpHyG3YXl',#5,'Pset_CDE_Material',$,(#5947,#5948));
#5950=IFCRELDEFINESBYPROPERTIES('12g7qtqzfBEAX7XEsTuor1',#5,$,$,(#5940),#5949);
#5951=IFCPROPERTYSINGLEVALUE('GeometrySource',$,IFCLABEL('Photograph: number, bus symbol, lines'),$);
#5952=IFCPROPERTYSINGLEVALUE('Confidence',$,IFCLABEL('Medium'),$);
#5953=IFCPROPERTYSINGLEVALUE('Reference',$,IFCLABEL('PHOTO'),$);
#5954=IFCPROPERTYSET('30OVd7IK53P8iG9cDNj56J',#5,'Pset_CDE_Provenance',$,(#5951,#5952,#5953));
#5955=IFCRELDEFINESBYPROPERTIES('1dZg816JzDsxAQ$zCQ2cRp',#5,$,$,(#5940),#5954);
#5956=IFCSTYLEDITEM(#5868,(#127),$);
#5957=IFCSTYLEDITEM(#5876,(#127),$);
#5958=IFCSHAPEREPRESENTATION(#16,'Body','SweptSolid',(#5868,#5876));
#5959=IFCPRODUCTDEFINITIONSHAPE($,$,(#5958));
#5960=IFCLOCALPLACEMENT(#23,#13);
#5961=IFCBUILDINGELEMENTPROXY('3NLXaiG5P5dOc6sJYlDLC_',#5,'Bay 30 sign (white)',$,'Stop sign panel',#5960,#5959,'EL-PRX-040',.USERDEFINED.);
#5962=IFCRELASSOCIATESMATERIAL('23vOgpROnBZvHvYGqNk8mo',#5,$,$,(#5961),#128);
#5963=IFCPROPERTYSINGLEVALUE('Reference',$,IFCLABEL('Stop sign panel'),$);
#5964=IFCPROPERTYSINGLEVALUE('IsExternal',$,IFCBOOLEAN(.T.),$);
#5965=IFCPROPERTYSINGLEVALUE('Status',$,IFCLABEL('EXISTING'),$);
#5966=IFCPROPERTYSET('07eY4d$Y91yfI5ZJj86fvS',#5,'Pset_BuildingElementProxyCommon',$,(#5963,#5964,#5965));
#5967=IFCRELDEFINESBYPROPERTIES('1yTWMAsJz7LxK85qKd_dAJ',#5,$,$,(#5961),#5966);
#5968=IFCPROPERTYSINGLEVALUE('Material',$,IFCLABEL('Timetable panel'),$);
#5969=IFCPROPERTYSINGLEVALUE('Category',$,IFCLABEL('Metal'),$);
#5970=IFCPROPERTYSET('18sFVH7YrAdhD64ZM4qLgF',#5,'Pset_CDE_Material',$,(#5968,#5969));
#5971=IFCRELDEFINESBYPROPERTIES('2fXMZq3Xv2R9DLpYwU$aNI',#5,$,$,(#5961),#5970);
#5972=IFCPROPERTYSINGLEVALUE('GeometrySource',$,IFCLABEL('Photograph: number, bus symbol, lines'),$);
#5973=IFCPROPERTYSINGLEVALUE('Confidence',$,IFCLABEL('Medium'),$);
#5974=IFCPROPERTYSINGLEVALUE('Reference',$,IFCLABEL('PHOTO'),$);
#5975=IFCPROPERTYSET('0kaWrq44P4_fWeuqRlX1CY',#5,'Pset_CDE_Provenance',$,(#5972,#5973,#5974));
#5976=IFCRELDEFINESBYPROPERTIES('2CQhtpyjrC59K8l_Fqs$lJ',#5,$,$,(#5961),#5975);
#5977=IFCCARTESIANPOINT((-9.418230604149613,-12.965131200569958));
#5978=IFCCARTESIANPOINT((-9.442584428656192,-12.94077737606338));
#5979=IFCCARTESIANPOINT((-9.477025937569051,-12.94077737606338));
#5980=IFCCARTESIANPOINT((-9.50137976207563,-12.965131200569958));
#5981=IFCCARTESIANPOINT((-9.50137976207563,-12.999572709482818));
#5982=IFCCARTESIANPOINT((-9.477025937569051,-13.023926533989396));
#5983=IFCCARTESIANPOINT((-9.442584428656192,-13.023926533989396));
#5984=IFCCARTESIANPOINT((-9.418230604149613,-12.999572709482818));
#5985=IFCCARTESIANPOINT((-9.418230604149613,-12.965131200569958));
#5986=IFCPOLYLINE((#5977,#5978,#5979,#5980,#5981,#5982,#5983,#5984,#5985));
#5987=IFCARBITRARYCLOSEDPROFILEDEF(.AREA.,$,#5986);
#5988=IFCCARTESIANPOINT((0.,0.,0.16));
#5989=IFCAXIS2PLACEMENT3D(#5988,$,$);
#5990=IFCDIRECTION((0.,0.,1.));
#5991=IFCEXTRUDEDAREASOLID(#5987,#5989,#5990,3.5);
#5992=IFCCARTESIANPOINT((-10.321613190506797,-13.014211668174527));
#5993=IFCCARTESIANPOINT((-10.343261034512645,-12.992563824168679));
#5994=IFCCARTESIANPOINT((-10.373875709101851,-12.992563824168679));
#5995=IFCCARTESIANPOINT((-10.395523553107699,-13.014211668174527));
#5996=IFCCARTESIANPOINT((-10.395523553107699,-13.044826342763733));
#5997=IFCCARTESIANPOINT((-10.373875709101851,-13.06647418676958));
#5998=IFCCARTESIANPOINT((-10.343261034512645,-13.06647418676958));
#5999=IFCCARTESIANPOINT((-10.321613190506797,-13.044826342763733));
#6000=IFCCARTESIANPOINT((-10.321613190506797,-13.014211668174527));
#6001=IFCPOLYLINE((#5992,#5993,#5994,#5995,#5996,#5997,#5998,#5999,#6000));
#6002=IFCARBITRARYCLOSEDPROFILEDEF(.AREA.,$,#6001);
#6003=IFCCARTESIANPOINT((0.,0.,0.16));
#6004=IFCAXIS2PLACEMENT3D(#6003,$,$);
#6005=IFCDIRECTION((0.,0.,1.));
#6006=IFCEXTRUDEDAREASOLID(#6002,#6004,#6005,2.6);
#6007=IFCCARTESIANPOINT((0.,0.));
#6008=IFCDIRECTION((-0.05240783382526791,0.9986257652162511));
#6009=IFCAXIS2PLACEMENT2D(#6007,#6008);
#6010=IFCRECTANGLEPROFILEDEF(.AREA.,$,#6009,0.04,0.6);
#6011=IFCCARTESIANPOINT((-9.459805183112621,-12.982351955026388,3.21));
#6012=IFCAXIS2PLACEMENT3D(#6011,$,$);
#6013=IFCDIRECTION((0.,0.,1.));
#6014=IFCEXTRUDEDAREASOLID(#6010,#6012,#6013,0.32);
#6015=IFCCARTESIANPOINT((0.,0.));
#6016=IFCDIRECTION((-0.05240783382526791,0.9986257652162511));
#6017=IFCAXIS2PLACEMENT2D(#6015,#6016);
#6018=IFCRECTANGLEPROFILEDEF(.AREA.,$,#6017,0.04,0.6);
#6019=IFCCARTESIANPOINT((-9.459805183112621,-12.982351955026388,2.8600000000000003));
#6020=IFCAXIS2PLACEMENT3D(#6019,$,$);
#6021=IFCDIRECTION((0.,0.,1.));
#6022=IFCEXTRUDEDAREASOLID(#6018,#6020,#6021,0.35);
#6023=IFCCARTESIANPOINT((0.,0.));
#6024=IFCDIRECTION((-0.05240783382526791,0.9986257652162511));
#6025=IFCAXIS2PLACEMENT2D(#6023,#6024);
#6026=IFCRECTANGLEPROFILEDEF(.AREA.,$,#6025,0.04,0.6);
#6027=IFCCARTESIANPOINT((-9.459805183112621,-12.982351955026388,2.41));
#6028=IFCAXIS2PLACEMENT3D(#6027,$,$);
#6029=IFCDIRECTION((0.,0.,1.));
#6030=IFCEXTRUDEDAREASOLID(#6026,#6028,#6029,0.45);
#6031=IFCCARTESIANPOINT((0.,0.));
#6032=IFCDIRECTION((-0.05240783382526791,0.9986257652162511));
#6033=IFCAXIS2PLACEMENT2D(#6031,#6032);
#6034=IFCRECTANGLEPROFILEDEF(.AREA.,$,#6033,0.05,0.62);
#6035=IFCCARTESIANPOINT((-10.358568371807248,-13.02951900546913,1.3599999999999999));
#6036=IFCAXIS2PLACEMENT3D(#6035,$,$);
#6037=IFCDIRECTION((0.,0.,1.));
#6038=IFCEXTRUDEDAREASOLID(#6034,#6036,#6037,0.95);
#6039=IFCSTYLEDITEM(#5991,(#63),$);
#6040=IFCSTYLEDITEM(#6006,(#63),$);
#6041=IFCSHAPEREPRESENTATION(#16,'Body','SweptSolid',(#5991,#6006));
#6042=IFCPRODUCTDEFINITIONSHAPE($,$,(#6041));
#6043=IFCLOCALPLACEMENT(#23,#13);
#6044=IFCMEMBER('2EHYw27X54uA$9loIjAW4x',#5,'Bay 31 pole',$,'Stop pole and timetable post',#6043,#6042,'EL-MEM-024',.POST.);
#6045=IFCRELASSOCIATESMATERIAL('3p3it5Gi145uG627PulIbl',#5,$,$,(#6044),#64);
#6046=IFCPROPERTYSINGLEVALUE('Reference',$,IFCLABEL('Stop pole and timetable post'),$);
#6047=IFCPROPERTYSINGLEVALUE('IsExternal',$,IFCBOOLEAN(.T.),$);
#6048=IFCPROPERTYSINGLEVALUE('Status',$,IFCLABEL('EXISTING'),$);
#6049=IFCPROPERTYSET('3H5xCuUXb0zPO3BWMtcibn',#5,'Pset_MemberCommon',$,(#6046,#6047,#6048));
#6050=IFCRELDEFINESBYPROPERTIES('0aWOI3Zh9D1wR7CNYeVFbS',#5,$,$,(#6044),#6049);
#6051=IFCPROPERTYSINGLEVALUE('Material',$,IFCLABEL('Dark grey painted steel'),$);
#6052=IFCPROPERTYSINGLEVALUE('Category',$,IFCLABEL('Metal'),$);
#6053=IFCPROPERTYSINGLEVALUE('Description',$,IFCLABEL('Canopy structure, poles, kiosks'),$);
#6054=IFCPROPERTYSINGLEVALUE('MassDensity_kg_m3',$,IFCREAL(7850.),$);
#6055=IFCPROPERTYSET('3ihUq81wvCchCDnBTgl1sw',#5,'Pset_CDE_Material',$,(#6051,#6052,#6053,#6054));
#6056=IFCRELDEFINESBYPROPERTIES('1RxSF__Jf2cvC$9ZFqhvf5',#5,$,$,(#6044),#6055);
#6057=IFCPROPERTYSINGLEVALUE('GeometrySource',$,IFCLABEL('OpenStreetMap bus_stop position (ODbL)'),$);
#6058=IFCPROPERTYSINGLEVALUE('Confidence',$,IFCLABEL('Medium'),$);
#6059=IFCPROPERTYSINGLEVALUE('Reference',$,IFCLABEL('OSM'),$);
#6060=IFCPROPERTYSET('2AjcpjvcX85wCx8AAQ9bV6',#5,'Pset_CDE_Provenance',$,(#6057,#6058,#6059));
#6061=IFCRELDEFINESBYPROPERTIES('0vJe_YC89CMfh8Mvv8di$t',#5,$,$,(#6044),#6060);
#6062=IFCPROPERTYSINGLEVALUE('BayNumber',$,IFCINTEGER(31),$);
#6063=IFCPROPERTYSINGLEVALUE('StopCode',$,IFCLABEL('H2031'),$);
#6064=IFCPROPERTYSINGLEVALUE('Name',$,IFCLABEL('Elielinaukio, laituri 31'),$);
#6065=IFCPROPERTYSINGLEVALUE('NameSv',$,IFCLABEL('Elielplatsen, plattform 31'),$);
#6066=IFCPROPERTYSINGLEVALUE('Bench',$,IFCLABEL('yes'),$);
#6067=IFCPROPERTYSINGLEVALUE('Shelter',$,IFCLABEL('external'),$);
#6068=IFCPROPERTYSINGLEVALUE('Wheelchair',$,IFCLABEL('limited'),$);
#6069=IFCPROPERTYSINGLEVALUE('InService',$,IFCBOOLEAN(.F.),$);
#6070=IFCPROPERTYSET('0in3I7Gev8Pu8bYI3uzkdy',#5,'Pset_CDE_BusBay',$,(#6062,#6063,#6064,#6065,#6066,#6067,#6068,#6069));
#6071=IFCRELDEFINESBYPROPERTIES('2uPg5e7kv7EgoQRtLuwVOv',#5,$,$,(#6044),#6070);
#6072=IFCPROPERTYSINGLEVALUE('AssetClass',$,IFCLABEL('Signs > Stop poles'),$);
#6073=IFCPROPERTYSINGLEVALUE('InspectionInterval_months',$,IFCINTEGER(12),$);
#6074=IFCPROPERTYSINGLEVALUE('DesignServiceLife_years',$,IFCINTEGER(15),$);
#6075=IFCPROPERTYSINGLEVALUE('Criticality',$,IFCLABEL('Medium'),$);
#6076=IFCPROPERTYSINGLEVALUE('DataStatus',$,IFCLABEL('Demo values \X2\2014\X0\ to be replaced with the owner''s asset register'),$);
#6077=IFCPROPERTYSET('2wNLY9Vs16ouKkWzJsRz2w',#5,'Pset_CDE_AssetManagement (demo)',$,(#6072,#6073,#6074,#6075,#6076));
#6078=IFCRELDEFINESBYPROPERTIES('2ajBAn11jCehB5fkPP5ZyK',#5,$,$,(#6044),#6077);
#6079=IFCSTYLEDITEM(#6014,(#113),$);
#6080=IFCSHAPEREPRESENTATION(#16,'Body','SweptSolid',(#6014));
#6081=IFCPRODUCTDEFINITIONSHAPE($,$,(#6080));
#6082=IFCLOCALPLACEMENT(#23,#13);
#6083=IFCBUILDINGELEMENTPROXY('1d3QB8dCzE$8pzBZnSWQpr',#5,'Bay 31 sign (blue)',$,'Stop sign panel',#6082,#6081,'EL-PRX-041',.USERDEFINED.);
#6084=IFCRELASSOCIATESMATERIAL('2SYg0arBz1gPBBWau3hZnU',#5,$,$,(#6083),#114);
#6085=IFCPROPERTYSINGLEVALUE('Reference',$,IFCLABEL('Stop sign panel'),$);
#6086=IFCPROPERTYSINGLEVALUE('IsExternal',$,IFCBOOLEAN(.T.),$);
#6087=IFCPROPERTYSINGLEVALUE('Status',$,IFCLABEL('EXISTING'),$);
#6088=IFCPROPERTYSET('19Mbn1CPL6hBLuIoccebA4',#5,'Pset_BuildingElementProxyCommon',$,(#6085,#6086,#6087));
#6089=IFCRELDEFINESBYPROPERTIES('03sJgkRFv6zvqN39vcg$td',#5,$,$,(#6083),#6088);
#6090=IFCPROPERTYSINGLEVALUE('Material',$,IFCLABEL('Stop sign, blue panel'),$);
#6091=IFCPROPERTYSINGLEVALUE('Category',$,IFCLABEL('Metal'),$);
#6092=IFCPROPERTYSET('23QPIXo8L4YBnapxXFFq8h',#5,'Pset_CDE_Material',$,(#6090,#6091));
#6093=IFCRELDEFINESBYPROPERTIES('3OKXJE_a526AWi7L3ylbrL',#5,$,$,(#6083),#6092);
#6094=IFCPROPERTYSINGLEVALUE('GeometrySource',$,IFCLABEL('Photograph: number, bus symbol, lines'),$);
#6095=IFCPROPERTYSINGLEVALUE('Confidence',$,IFCLABEL('Medium'),$);
#6096=IFCPROPERTYSINGLEVALUE('Reference',$,IFCLABEL('PHOTO'),$);
#6097=IFCPROPERTYSET('2JU37cFXzABw15yVr$kSIm',#5,'Pset_CDE_Provenance',$,(#6094,#6095,#6096));
#6098=IFCRELDEFINESBYPROPERTIES('048KA3hnf8BQYKwQ3KkMg3',#5,$,$,(#6083),#6097);
#6099=IFCSTYLEDITEM(#6022,(#120),$);
#6100=IFCSHAPEREPRESENTATION(#16,'Body','SweptSolid',(#6022));
#6101=IFCPRODUCTDEFINITIONSHAPE($,$,(#6100));
#6102=IFCLOCALPLACEMENT(#23,#13);
#6103=IFCBUILDINGELEMENTPROXY('2yvnTPs3HEwgiUMiWLp_UN',#5,'Bay 31 sign (yellow)',$,'Stop sign panel',#6102,#6101,'EL-PRX-042',.USERDEFINED.);
#6104=IFCRELASSOCIATESMATERIAL('3E$nyYRLH4WhAv7G343l0T',#5,$,$,(#6103),#121);
#6105=IFCPROPERTYSINGLEVALUE('Reference',$,IFCLABEL('Stop sign panel'),$);
#6106=IFCPROPERTYSINGLEVALUE('IsExternal',$,IFCBOOLEAN(.T.),$);
#6107=IFCPROPERTYSINGLEVALUE('Status',$,IFCLABEL('EXISTING'),$);
#6108=IFCPROPERTYSET('06UfjBCDj92hIBQ0Cbdc9U',#5,'Pset_BuildingElementProxyCommon',$,(#6105,#6106,#6107));
#6109=IFCRELDEFINESBYPROPERTIES('2R1ysy7nb9TwjJVJttAX5J',#5,$,$,(#6103),#6108);
#6110=IFCPROPERTYSINGLEVALUE('Material',$,IFCLABEL('Stop sign, yellow panel'),$);
#6111=IFCPROPERTYSINGLEVALUE('Category',$,IFCLABEL('Metal'),$);
#6112=IFCPROPERTYSET('2yRFjN2HD1h8y7ohAhe_dd',#5,'Pset_CDE_Material',$,(#6110,#6111));
#6113=IFCRELDEFINESBYPROPERTIES('3zMrDLLOjEBxtPoqx0Jngy',#5,$,$,(#6103),#6112);
#6114=IFCPROPERTYSINGLEVALUE('GeometrySource',$,IFCLABEL('Photograph: number, bus symbol, lines'),$);
#6115=IFCPROPERTYSINGLEVALUE('Confidence',$,IFCLABEL('Medium'),$);
#6116=IFCPROPERTYSINGLEVALUE('Reference',$,IFCLABEL('PHOTO'),$);
#6117=IFCPROPERTYSET('340ZQ3BFb46vLEyuVvKLst',#5,'Pset_CDE_Provenance',$,(#6114,#6115,#6116));
#6118=IFCRELDEFINESBYPROPERTIES('0F0X_7hQ51E9QllEMegYiv',#5,$,$,(#6103),#6117);
#6119=IFCSTYLEDITEM(#6030,(#127),$);
#6120=IFCSTYLEDITEM(#6038,(#127),$);
#6121=IFCSHAPEREPRESENTATION(#16,'Body','SweptSolid',(#6030,#6038));
#6122=IFCPRODUCTDEFINITIONSHAPE($,$,(#6121));
#6123=IFCLOCALPLACEMENT(#23,#13);
#6124=IFCBUILDINGELEMENTPROXY('1mVSNR3db7kwfjiI9TQrwF',#5,'Bay 31 sign (white)',$,'Stop sign panel',#6123,#6122,'EL-PRX-043',.USERDEFINED.);
#6125=IFCRELASSOCIATESMATERIAL('0kAEprrTP9ROJUQe8hOWq8',#5,$,$,(#6124),#128);
#6126=IFCPROPERTYSINGLEVALUE('Reference',$,IFCLABEL('Stop sign panel'),$);
#6127=IFCPROPERTYSINGLEVALUE('IsExternal',$,IFCBOOLEAN(.T.),$);
#6128=IFCPROPERTYSINGLEVALUE('Status',$,IFCLABEL('EXISTING'),$);
#6129=IFCPROPERTYSET('1bgQXlCZXEYBQWVhsrYSHh',#5,'Pset_BuildingElementProxyCommon',$,(#6126,#6127,#6128));
#6130=IFCRELDEFINESBYPROPERTIES('3GaX6VcND5O8SIdQOBj$RZ',#5,$,$,(#6124),#6129);
#6131=IFCPROPERTYSINGLEVALUE('Material',$,IFCLABEL('Timetable panel'),$);
#6132=IFCPROPERTYSINGLEVALUE('Category',$,IFCLABEL('Metal'),$);
#6133=IFCPROPERTYSET('1XM4gCYLf5jfB4XJ$D86IY',#5,'Pset_CDE_Material',$,(#6131,#6132));
#6134=IFCRELDEFINESBYPROPERTIES('1kMWBtdVTE$xrF40OnVKmS',#5,$,$,(#6124),#6133);
#6135=IFCPROPERTYSINGLEVALUE('GeometrySource',$,IFCLABEL('Photograph: number, bus symbol, lines'),$);
#6136=IFCPROPERTYSINGLEVALUE('Confidence',$,IFCLABEL('Medium'),$);
#6137=IFCPROPERTYSINGLEVALUE('Reference',$,IFCLABEL('PHOTO'),$);
#6138=IFCPROPERTYSET('1xUrrVQJP6oAGt6NGnhxiZ',#5,'Pset_CDE_Provenance',$,(#6135,#6136,#6137));
#6139=IFCRELDEFINESBYPROPERTIES('3gFh3TVlH2EOIJDcZqzOkQ',#5,$,$,(#6124),#6138);
#6140=IFCCARTESIANPOINT((-9.662017162658486,-6.413690073135586));
#6141=IFCCARTESIANPOINT((-9.686370987165065,-6.389336248629007));
#6142=IFCCARTESIANPOINT((-9.720812496077924,-6.389336248629007));
#6143=IFCCARTESIANPOINT((-9.745166320584502,-6.413690073135586));
#6144=IFCCARTESIANPOINT((-9.745166320584502,-6.448131582048444));
#6145=IFCCARTESIANPOINT((-9.720812496077924,-6.472485406555023));
#6146=IFCCARTESIANPOINT((-9.686370987165065,-6.472485406555023));
#6147=IFCCARTESIANPOINT((-9.662017162658486,-6.448131582048444));
#6148=IFCCARTESIANPOINT((-9.662017162658486,-6.413690073135586));
#6149=IFCPOLYLINE((#6140,#6141,#6142,#6143,#6144,#6145,#6146,#6147,#6148));
#6150=IFCARBITRARYCLOSEDPROFILEDEF(.AREA.,$,#6149);
#6151=IFCCARTESIANPOINT((0.,0.,0.16));
#6152=IFCAXIS2PLACEMENT3D(#6151,$,$);
#6153=IFCDIRECTION((0.,0.,1.));
#6154=IFCEXTRUDEDAREASOLID(#6150,#6152,#6153,3.5);
#6155=IFCCARTESIANPOINT((-10.56539974901567,-6.462770540740153));
#6156=IFCCARTESIANPOINT((-10.587047593021518,-6.441122696734305));
#6157=IFCCARTESIANPOINT((-10.617662267610724,-6.441122696734305));
#6158=IFCCARTESIANPOINT((-10.639310111616572,-6.462770540740153));
#6159=IFCCARTESIANPOINT((-10.639310111616572,-6.4933852153293605));
#6160=IFCCARTESIANPOINT((-10.617662267610724,-6.515033059335209));
#6161=IFCCARTESIANPOINT((-10.587047593021518,-6.515033059335209));
#6162=IFCCARTESIANPOINT((-10.56539974901567,-6.4933852153293605));
#6163=IFCCARTESIANPOINT((-10.56539974901567,-6.462770540740153));
#6164=IFCPOLYLINE((#6155,#6156,#6157,#6158,#6159,#6160,#6161,#6162,#6163));
#6165=IFCARBITRARYCLOSEDPROFILEDEF(.AREA.,$,#6164);
#6166=IFCCARTESIANPOINT((0.,0.,0.16));
#6167=IFCAXIS2PLACEMENT3D(#6166,$,$);
#6168=IFCDIRECTION((0.,0.,1.));
#6169=IFCEXTRUDEDAREASOLID(#6165,#6167,#6168,2.6);
#6170=IFCCARTESIANPOINT((0.,0.));
#6171=IFCDIRECTION((-0.05240783382526791,0.9986257652162511));
#6172=IFCAXIS2PLACEMENT2D(#6170,#6171);
#6173=IFCRECTANGLEPROFILEDEF(.AREA.,$,#6172,0.04,0.6);
#6174=IFCCARTESIANPOINT((-9.703591741621494,-6.430910827592015,3.21));
#6175=IFCAXIS2PLACEMENT3D(#6174,$,$);
#6176=IFCDIRECTION((0.,0.,1.));
#6177=IFCEXTRUDEDAREASOLID(#6173,#6175,#6176,0.32);
#6178=IFCCARTESIANPOINT((0.,0.));
#6179=IFCDIRECTION((-0.05240783382526791,0.9986257652162511));
#6180=IFCAXIS2PLACEMENT2D(#6178,#6179);
#6181=IFCRECTANGLEPROFILEDEF(.AREA.,$,#6180,0.04,0.6);
#6182=IFCCARTESIANPOINT((-9.703591741621494,-6.430910827592015,2.8600000000000003));
#6183=IFCAXIS2PLACEMENT3D(#6182,$,$);
#6184=IFCDIRECTION((0.,0.,1.));
#6185=IFCEXTRUDEDAREASOLID(#6181,#6183,#6184,0.35);
#6186=IFCCARTESIANPOINT((0.,0.));
#6187=IFCDIRECTION((-0.05240783382526791,0.9986257652162511));
#6188=IFCAXIS2PLACEMENT2D(#6186,#6187);
#6189=IFCRECTANGLEPROFILEDEF(.AREA.,$,#6188,0.04,0.6);
#6190=IFCCARTESIANPOINT((-9.703591741621494,-6.430910827592015,2.41));
#6191=IFCAXIS2PLACEMENT3D(#6190,$,$);
#6192=IFCDIRECTION((0.,0.,1.));
#6193=IFCEXTRUDEDAREASOLID(#6189,#6191,#6192,0.45);
#6194=IFCCARTESIANPOINT((0.,0.));
#6195=IFCDIRECTION((-0.05240783382526791,0.9986257652162511));
#6196=IFCAXIS2PLACEMENT2D(#6194,#6195);
#6197=IFCRECTANGLEPROFILEDEF(.AREA.,$,#6196,0.05,0.62);
#6198=IFCCARTESIANPOINT((-10.602354930316121,-6.478077878034757,1.3599999999999999));
#6199=IFCAXIS2PLACEMENT3D(#6198,$,$);
#6200=IFCDIRECTION((0.,0.,1.));
#6201=IFCEXTRUDEDAREASOLID(#6197,#6199,#6200,0.95);
#6202=IFCSTYLEDITEM(#6154,(#63),$);
#6203=IFCSTYLEDITEM(#6169,(#63),$);
#6204=IFCSHAPEREPRESENTATION(#16,'Body','SweptSolid',(#6154,#6169));
#6205=IFCPRODUCTDEFINITIONSHAPE($,$,(#6204));
#6206=IFCLOCALPLACEMENT(#23,#13);
#6207=IFCMEMBER('3xUaEs9TT6a97TqkS2HBMv',#5,'Bay 32 pole',$,'Stop pole and timetable post',#6206,#6205,'EL-MEM-025',.POST.);
#6208=IFCRELASSOCIATESMATERIAL('3gNhXPS7X5y8tFANgNRcCV',#5,$,$,(#6207),#64);
#6209=IFCPROPERTYSINGLEVALUE('Reference',$,IFCLABEL('Stop pole and timetable post'),$);
#6210=IFCPROPERTYSINGLEVALUE('IsExternal',$,IFCBOOLEAN(.T.),$);
#6211=IFCPROPERTYSINGLEVALUE('Status',$,IFCLABEL('EXISTING'),$);
#6212=IFCPROPERTYSET('3viO1TH9T289bgEqmK_CvA',#5,'Pset_MemberCommon',$,(#6209,#6210,#6211));
#6213=IFCRELDEFINESBYPROPERTIES('0dlCas64H8qeCVHkakOJU$',#5,$,$,(#6207),#6212);
#6214=IFCPROPERTYSINGLEVALUE('Material',$,IFCLABEL('Dark grey painted steel'),$);
#6215=IFCPROPERTYSINGLEVALUE('Category',$,IFCLABEL('Metal'),$);
#6216=IFCPROPERTYSINGLEVALUE('Description',$,IFCLABEL('Canopy structure, poles, kiosks'),$);
#6217=IFCPROPERTYSINGLEVALUE('MassDensity_kg_m3',$,IFCREAL(7850.),$);
#6218=IFCPROPERTYSET('2c0__jOhnE7RWwSfELjMyn',#5,'Pset_CDE_Material',$,(#6214,#6215,#6216,#6217));
#6219=IFCRELDEFINESBYPROPERTIES('27ZoGEi8z3cBf$zNvBL_fX',#5,$,$,(#6207),#6218);
#6220=IFCPROPERTYSINGLEVALUE('GeometrySource',$,IFCLABEL('OpenStreetMap bus_stop position (ODbL)'),$);
#6221=IFCPROPERTYSINGLEVALUE('Confidence',$,IFCLABEL('Medium'),$);
#6222=IFCPROPERTYSINGLEVALUE('Reference',$,IFCLABEL('OSM'),$);
#6223=IFCPROPERTYSET('2eePgn0Vj8HhfxtR_nkPeb',#5,'Pset_CDE_Provenance',$,(#6220,#6221,#6222));
#6224=IFCRELDEFINESBYPROPERTIES('0xC$mUQLX19RFpfNXOpY7k',#5,$,$,(#6207),#6223);
#6225=IFCPROPERTYSINGLEVALUE('BayNumber',$,IFCINTEGER(32),$);
#6226=IFCPROPERTYSINGLEVALUE('StopCode',$,IFCLABEL('H2032'),$);
#6227=IFCPROPERTYSINGLEVALUE('Name',$,IFCLABEL('Elielinaukio, laituri 32'),$);
#6228=IFCPROPERTYSINGLEVALUE('NameSv',$,IFCLABEL('Elielplatsen, plattform 32'),$);
#6229=IFCPROPERTYSINGLEVALUE('Bench',$,IFCLABEL('yes'),$);
#6230=IFCPROPERTYSINGLEVALUE('Shelter',$,IFCLABEL('external'),$);
#6231=IFCPROPERTYSINGLEVALUE('Wheelchair',$,IFCLABEL('limited'),$);
#6232=IFCPROPERTYSINGLEVALUE('InService',$,IFCBOOLEAN(.F.),$);
#6233=IFCPROPERTYSET('2hlzil_cj9rgcetxu07l1g',#5,'Pset_CDE_BusBay',$,(#6225,#6226,#6227,#6228,#6229,#6230,#6231,#6232));
#6234=IFCRELDEFINESBYPROPERTIES('1Vim78FV50khwLFwV2RkvO',#5,$,$,(#6207),#6233);
#6235=IFCPROPERTYSINGLEVALUE('AssetClass',$,IFCLABEL('Signs > Stop poles'),$);
#6236=IFCPROPERTYSINGLEVALUE('InspectionInterval_months',$,IFCINTEGER(12),$);
#6237=IFCPROPERTYSINGLEVALUE('DesignServiceLife_years',$,IFCINTEGER(15),$);
#6238=IFCPROPERTYSINGLEVALUE('Criticality',$,IFCLABEL('Medium'),$);
#6239=IFCPROPERTYSINGLEVALUE('DataStatus',$,IFCLABEL('Demo values \X2\2014\X0\ to be replaced with the owner''s asset register'),$);
#6240=IFCPROPERTYSET('3$ZvzmJSP1ff4xkV3QBaPd',#5,'Pset_CDE_AssetManagement (demo)',$,(#6235,#6236,#6237,#6238,#6239));
#6241=IFCRELDEFINESBYPROPERTIES('1cib0QYXfFhfvM4K3GnlcY',#5,$,$,(#6207),#6240);
#6242=IFCSTYLEDITEM(#6177,(#113),$);
#6243=IFCSHAPEREPRESENTATION(#16,'Body','SweptSolid',(#6177));
#6244=IFCPRODUCTDEFINITIONSHAPE($,$,(#6243));
#6245=IFCLOCALPLACEMENT(#23,#13);
#6246=IFCBUILDINGELEMENTPROXY('0rWqAfxrbAr9qKrsNqLwO0',#5,'Bay 32 sign (blue)',$,'Stop sign panel',#6245,#6244,'EL-PRX-044',.USERDEFINED.);
#6247=IFCRELASSOCIATESMATERIAL('3Glk2$kDDBFegpfgQRccpx',#5,$,$,(#6246),#114);
#6248=IFCPROPERTYSINGLEVALUE('Reference',$,IFCLABEL('Stop sign panel'),$);
#6249=IFCPROPERTYSINGLEVALUE('IsExternal',$,IFCBOOLEAN(.T.),$);
#6250=IFCPROPERTYSINGLEVALUE('Status',$,IFCLABEL('EXISTING'),$);
#6251=IFCPROPERTYSET('22Ma8NmJv82Rrrom$37qEH',#5,'Pset_BuildingElementProxyCommon',$,(#6248,#6249,#6250));
#6252=IFCRELDEFINESBYPROPERTIES('2Y1EZsHjzB$x6zTdt$iWXH',#5,$,$,(#6246),#6251);
#6253=IFCPROPERTYSINGLEVALUE('Material',$,IFCLABEL('Stop sign, blue panel'),$);
#6254=IFCPROPERTYSINGLEVALUE('Category',$,IFCLABEL('Metal'),$);
#6255=IFCPROPERTYSET('0p0QiLWZTBYBibCvI0tW3c',#5,'Pset_CDE_Material',$,(#6253,#6254));
#6256=IFCRELDEFINESBYPROPERTIES('3ULiSxmUv4ewKmiZsT0rUw',#5,$,$,(#6246),#6255);
#6257=IFCPROPERTYSINGLEVALUE('GeometrySource',$,IFCLABEL('Photograph: number, bus symbol, lines'),$);
#6258=IFCPROPERTYSINGLEVALUE('Confidence',$,IFCLABEL('Medium'),$);
#6259=IFCPROPERTYSINGLEVALUE('Reference',$,IFCLABEL('PHOTO'),$);
#6260=IFCPROPERTYSET('27Hh4keDj0_f5108x5X8ay',#5,'Pset_CDE_Provenance',$,(#6257,#6258,#6259));
#6261=IFCRELDEFINESBYPROPERTIES('06wMDfnKf7Xw7cBIrO7R_u',#5,$,$,(#6246),#6260);
#6262=IFCSTYLEDITEM(#6185,(#120),$);
#6263=IFCSHAPEREPRESENTATION(#16,'Body','SweptSolid',(#6185));
#6264=IFCPRODUCTDEFINITIONSHAPE($,$,(#6263));
#6265=IFCLOCALPLACEMENT(#23,#13);
#6266=IFCBUILDINGELEMENTPROXY('3dIl5$zPvAYgEwSbmCM_P4',#5,'Bay 32 sign (yellow)',$,'Stop sign panel',#6265,#6264,'EL-PRX-045',.USERDEFINED.);
#6267=IFCRELASSOCIATESMATERIAL('2rONcWBH19jADhycJ4GkPb',#5,$,$,(#6266),#121);
#6268=IFCPROPERTYSINGLEVALUE('Reference',$,IFCLABEL('Stop sign panel'),$);
#6269=IFCPROPERTYSINGLEVALUE('IsExternal',$,IFCBOOLEAN(.T.),$);
#6270=IFCPROPERTYSINGLEVALUE('Status',$,IFCLABEL('EXISTING'),$);
#6271=IFCPROPERTYSET('0SI0BBQfH50PCCbsRp69p6',#5,'Pset_BuildingElementProxyCommon',$,(#6268,#6269,#6270));
#6272=IFCRELDEFINESBYPROPERTIES('3U$w8fqj50ExBVSfsLFj0E',#5,$,$,(#6266),#6271);
#6273=IFCPROPERTYSINGLEVALUE('Material',$,IFCLABEL('Stop sign, yellow panel'),$);
#6274=IFCPROPERTYSINGLEVALUE('Category',$,IFCLABEL('Metal'),$);
#6275=IFCPROPERTYSET('09a3Ucv_v6uvYTHMjcZQPX',#5,'Pset_CDE_Material',$,(#6273,#6274));
#6276=IFCRELDEFINESBYPROPERTIES('0$FEbla95Eb8CsxKZyt0LN',#5,$,$,(#6266),#6275);
#6277=IFCPROPERTYSINGLEVALUE('GeometrySource',$,IFCLABEL('Photograph: number, bus symbol, lines'),$);
#6278=IFCPROPERTYSINGLEVALUE('Confidence',$,IFCLABEL('Medium'),$);
#6279=IFCPROPERTYSINGLEVALUE('Reference',$,IFCLABEL('PHOTO'),$);
#6280=IFCPROPERTYSET('1IRdvU_xP8ngy1fVQcPsFS',#5,'Pset_CDE_Provenance',$,(#6277,#6278,#6279));
#6281=IFCRELDEFINESBYPROPERTIES('279sbdmw199PFM30KI4IJm',#5,$,$,(#6266),#6280);
#6282=IFCSTYLEDITEM(#6193,(#127),$);
#6283=IFCSTYLEDITEM(#6201,(#127),$);
#6284=IFCSHAPEREPRESENTATION(#16,'Body','SweptSolid',(#6193,#6201));
#6285=IFCPRODUCTDEFINITIONSHAPE($,$,(#6284));
#6286=IFCLOCALPLACEMENT(#23,#13);
#6287=IFCBUILDINGELEMENTPROXY('3MDPdssUPE2BzRIXifc94M',#5,'Bay 32 sign (white)',$,'Stop sign panel',#6286,#6285,'EL-PRX-046',.USERDEFINED.);
#6288=IFCRELASSOCIATESMATERIAL('3TBLJXX$jCxf7Vv2gOKjsL',#5,$,$,(#6287),#128);
#6289=IFCPROPERTYSINGLEVALUE('Reference',$,IFCLABEL('Stop sign panel'),$);
#6290=IFCPROPERTYSINGLEVALUE('IsExternal',$,IFCBOOLEAN(.T.),$);
#6291=IFCPROPERTYSINGLEVALUE('Status',$,IFCLABEL('EXISTING'),$);
#6292=IFCPROPERTYSET('2A8NLasK1EFhdHxAXkrKNL',#5,'Pset_BuildingElementProxyCommon',$,(#6289,#6290,#6291));
#6293=IFCRELDEFINESBYPROPERTIES('3ZfVQK9Fv1cvMOU3ZL3gHb',#5,$,$,(#6287),#6292);
#6294=IFCPROPERTYSINGLEVALUE('Material',$,IFCLABEL('Timetable panel'),$);
#6295=IFCPROPERTYSINGLEVALUE('Category',$,IFCLABEL('Metal'),$);
#6296=IFCPROPERTYSET('1RG12RFan5KQSC0itpRYgD',#5,'Pset_CDE_Material',$,(#6294,#6295));
#6297=IFCRELDEFINESBYPROPERTIES('0HExR7EpP7AvpJ0cHA5U81',#5,$,$,(#6287),#6296);
#6298=IFCPROPERTYSINGLEVALUE('GeometrySource',$,IFCLABEL('Photograph: number, bus symbol, lines'),$);
#6299=IFCPROPERTYSINGLEVALUE('Confidence',$,IFCLABEL('Medium'),$);
#6300=IFCPROPERTYSINGLEVALUE('Reference',$,IFCLABEL('PHOTO'),$);
#6301=IFCPROPERTYSET('1LDDRA_0f5Ku5mtkmus4cM',#5,'Pset_CDE_Provenance',$,(#6298,#6299,#6300));
#6302=IFCRELDEFINESBYPROPERTIES('2SSRW6tqv7VOLJ4cdg1EeK',#5,$,$,(#6287),#6301);
#6303=IFCCARTESIANPOINT((-9.961119044341359,0.3494908924221082));
#6304=IFCCARTESIANPOINT((-9.985472868847937,0.3738447169286871));
#6305=IFCCARTESIANPOINT((-10.019914377760797,0.3738447169286871));
#6306=IFCCARTESIANPOINT((-10.044268202267375,0.34949089242210823));
#6307=IFCCARTESIANPOINT((-10.044268202267375,0.31504938350925016));
#6308=IFCCARTESIANPOINT((-10.019914377760797,0.2906955590026713));
#6309=IFCCARTESIANPOINT((-9.985472868847937,0.2906955590026713));
#6310=IFCCARTESIANPOINT((-9.961119044341359,0.3150493835092501));
#6311=IFCCARTESIANPOINT((-9.961119044341359,0.3494908924221082));
#6312=IFCPOLYLINE((#6303,#6304,#6305,#6306,#6307,#6308,#6309,#6310,#6311));
#6313=IFCARBITRARYCLOSEDPROFILEDEF(.AREA.,$,#6312);
#6314=IFCCARTESIANPOINT((0.,0.,0.16));
#6315=IFCAXIS2PLACEMENT3D(#6314,$,$);
#6316=IFCDIRECTION((0.,0.,1.));
#6317=IFCEXTRUDEDAREASOLID(#6313,#6315,#6316,3.5);
#6318=IFCCARTESIANPOINT((-10.864501630698543,0.30041042481754165));
#6319=IFCCARTESIANPOINT((-10.886149474704391,0.3220582688233895));
#6320=IFCCARTESIANPOINT((-10.916764149293597,0.3220582688233895));
#6321=IFCCARTESIANPOINT((-10.938411993299445,0.30041042481754165));
#6322=IFCCARTESIANPOINT((-10.938411993299445,0.26979575022833446));
#6323=IFCCARTESIANPOINT((-10.916764149293597,0.24814790622248661));
#6324=IFCCARTESIANPOINT((-10.886149474704391,0.2481479062224866));
#6325=IFCCARTESIANPOINT((-10.864501630698543,0.26979575022833446));
#6326=IFCCARTESIANPOINT((-10.864501630698543,0.30041042481754165));
#6327=IFCPOLYLINE((#6318,#6319,#6320,#6321,#6322,#6323,#6324,#6325,#6326));
#6328=IFCARBITRARYCLOSEDPROFILEDEF(.AREA.,$,#6327);
#6329=IFCCARTESIANPOINT((0.,0.,0.16));
#6330=IFCAXIS2PLACEMENT3D(#6329,$,$);
#6331=IFCDIRECTION((0.,0.,1.));
#6332=IFCEXTRUDEDAREASOLID(#6328,#6330,#6331,2.6);
#6333=IFCCARTESIANPOINT((0.,0.));
#6334=IFCDIRECTION((-0.05240783382526791,0.9986257652162511));
#6335=IFCAXIS2PLACEMENT2D(#6333,#6334);
#6336=IFCRECTANGLEPROFILEDEF(.AREA.,$,#6335,0.04,0.6);
#6337=IFCCARTESIANPOINT((-10.002693623304367,0.33227013796567917,3.21));
#6338=IFCAXIS2PLACEMENT3D(#6337,$,$);
#6339=IFCDIRECTION((0.,0.,1.));
#6340=IFCEXTRUDEDAREASOLID(#6336,#6338,#6339,0.32);
#6341=IFCCARTESIANPOINT((0.,0.));
#6342=IFCDIRECTION((-0.05240783382526791,0.9986257652162511));
#6343=IFCAXIS2PLACEMENT2D(#6341,#6342);
#6344=IFCRECTANGLEPROFILEDEF(.AREA.,$,#6343,0.04,0.6);
#6345=IFCCARTESIANPOINT((-10.002693623304367,0.33227013796567917,2.8600000000000003));
#6346=IFCAXIS2PLACEMENT3D(#6345,$,$);
#6347=IFCDIRECTION((0.,0.,1.));
#6348=IFCEXTRUDEDAREASOLID(#6344,#6346,#6347,0.35);
#6349=IFCCARTESIANPOINT((0.,0.));
#6350=IFCDIRECTION((-0.05240783382526791,0.9986257652162511));
#6351=IFCAXIS2PLACEMENT2D(#6349,#6350);
#6352=IFCRECTANGLEPROFILEDEF(.AREA.,$,#6351,0.04,0.6);
#6353=IFCCARTESIANPOINT((-10.002693623304367,0.33227013796567917,2.41));
#6354=IFCAXIS2PLACEMENT3D(#6353,$,$);
#6355=IFCDIRECTION((0.,0.,1.));
#6356=IFCEXTRUDEDAREASOLID(#6352,#6354,#6355,0.45);
#6357=IFCCARTESIANPOINT((0.,0.));
#6358=IFCDIRECTION((-0.05240783382526791,0.9986257652162511));
#6359=IFCAXIS2PLACEMENT2D(#6357,#6358);
#6360=IFCRECTANGLEPROFILEDEF(.AREA.,$,#6359,0.05,0.62);
#6361=IFCCARTESIANPOINT((-10.901456811998994,0.28510308752293806,1.3599999999999999));
#6362=IFCAXIS2PLACEMENT3D(#6361,$,$);
#6363=IFCDIRECTION((0.,0.,1.));
#6364=IFCEXTRUDEDAREASOLID(#6360,#6362,#6363,0.95);
#6365=IFCSTYLEDITEM(#6317,(#63),$);
#6366=IFCSTYLEDITEM(#6332,(#63),$);
#6367=IFCSHAPEREPRESENTATION(#16,'Body','SweptSolid',(#6317,#6332));
#6368=IFCPRODUCTDEFINITIONSHAPE($,$,(#6367));
#6369=IFCLOCALPLACEMENT(#23,#13);
#6370=IFCMEMBER('160q3Yn4DAwecIiluUUDuT',#5,'Bay 33 pole',$,'Stop pole and timetable post',#6369,#6368,'EL-MEM-026',.POST.);
#6371=IFCRELASSOCIATESMATERIAL('3uXZk9Umz8MvRRmFjIJVem',#5,$,$,(#6370),#64);
#6372=IFCPROPERTYSINGLEVALUE('Reference',$,IFCLABEL('Stop pole and timetable post'),$);
#6373=IFCPROPERTYSINGLEVALUE('IsExternal',$,IFCBOOLEAN(.T.),$);
#6374=IFCPROPERTYSINGLEVALUE('Status',$,IFCLABEL('EXISTING'),$);
#6375=IFCPROPERTYSET('2fQEMCuUn7NAvrYRbfwFjK',#5,'Pset_MemberCommon',$,(#6372,#6373,#6374));
#6376=IFCRELDEFINESBYPROPERTIES('1vI9iBH113EPTUCJVHWozJ',#5,$,$,(#6370),#6375);
#6377=IFCPROPERTYSINGLEVALUE('Material',$,IFCLABEL('Dark grey painted steel'),$);
#6378=IFCPROPERTYSINGLEVALUE('Category',$,IFCLABEL('Metal'),$);
#6379=IFCPROPERTYSINGLEVALUE('Description',$,IFCLABEL('Canopy structure, poles, kiosks'),$);
#6380=IFCPROPERTYSINGLEVALUE('MassDensity_kg_m3',$,IFCREAL(7850.),$);
#6381=IFCPROPERTYSET('0PsB4_OavE9h5YP4LwDgHz',#5,'Pset_CDE_Material',$,(#6377,#6378,#6379,#6380));
#6382=IFCRELDEFINESBYPROPERTIES('03qcOgkBn6SvYA91nRKTxf',#5,$,$,(#6370),#6381);
#6383=IFCPROPERTYSINGLEVALUE('GeometrySource',$,IFCLABEL('OpenStreetMap bus_stop position (ODbL)'),$);
#6384=IFCPROPERTYSINGLEVALUE('Confidence',$,IFCLABEL('Medium'),$);
#6385=IFCPROPERTYSINGLEVALUE('Reference',$,IFCLABEL('OSM'),$);
#6386=IFCPROPERTYSET('1gPwV9UUT3R8yhnkRRyWsh',#5,'Pset_CDE_Provenance',$,(#6383,#6384,#6385));
#6387=IFCRELDEFINESBYPROPERTIES('1TnVVJMurBnu1mQAqqZZr6',#5,$,$,(#6370),#6386);
#6388=IFCPROPERTYSINGLEVALUE('BayNumber',$,IFCINTEGER(33),$);
#6389=IFCPROPERTYSINGLEVALUE('StopCode',$,IFCLABEL('H2033'),$);
#6390=IFCPROPERTYSINGLEVALUE('Name',$,IFCLABEL('Elielinaukio, laituri 33'),$);
#6391=IFCPROPERTYSINGLEVALUE('NameSv',$,IFCLABEL('Elielplatsen, plattform 33'),$);
#6392=IFCPROPERTYSINGLEVALUE('Bench',$,IFCLABEL('yes'),$);
#6393=IFCPROPERTYSINGLEVALUE('Shelter',$,IFCLABEL('external'),$);
#6394=IFCPROPERTYSINGLEVALUE('Wheelchair',$,IFCLABEL('limited'),$);
#6395=IFCPROPERTYSINGLEVALUE('InService',$,IFCBOOLEAN(.F.),$);
#6396=IFCPROPERTYSET('0tgp_HB3H6Rfo7H4_zcQed',#5,'Pset_CDE_BusBay',$,(#6388,#6389,#6390,#6391,#6392,#6393,#6394,#6395));
#6397=IFCRELDEFINESBYPROPERTIES('02ZTnezxX8bxsoG3XDgyvQ',#5,$,$,(#6370),#6396);
#6398=IFCPROPERTYSINGLEVALUE('AssetClass',$,IFCLABEL('Signs > Stop poles'),$);
#6399=IFCPROPERTYSINGLEVALUE('InspectionInterval_months',$,IFCINTEGER(12),$);
#6400=IFCPROPERTYSINGLEVALUE('DesignServiceLife_years',$,IFCINTEGER(15),$);
#6401=IFCPROPERTYSINGLEVALUE('Criticality',$,IFCLABEL('Medium'),$);
#6402=IFCPROPERTYSINGLEVALUE('DataStatus',$,IFCLABEL('Demo values \X2\2014\X0\ to be replaced with the owner''s asset register'),$);
#6403=IFCPROPERTYSET('0NXZUHj_jBqQdCIgu_8yPn',#5,'Pset_CDE_AssetManagement (demo)',$,(#6398,#6399,#6400,#6401,#6402));
#6404=IFCRELDEFINESBYPROPERTIES('0bDNTxg6HDZ9Etxu5hYqDv',#5,$,$,(#6370),#6403);
#6405=IFCSTYLEDITEM(#6340,(#113),$);
#6406=IFCSHAPEREPRESENTATION(#16,'Body','SweptSolid',(#6340));
#6407=IFCPRODUCTDEFINITIONSHAPE($,$,(#6406));
#6408=IFCLOCALPLACEMENT(#23,#13);
#6409=IFCBUILDINGELEMENTPROXY('2t5eAlXQH9uh7sF0mTvYFS',#5,'Bay 33 sign (blue)',$,'Stop sign panel',#6408,#6407,'EL-PRX-047',.USERDEFINED.);
#6410=IFCRELASSOCIATESMATERIAL('2K5$Xj5RL2F93Biq8SYig9',#5,$,$,(#6409),#114);
#6411=IFCPROPERTYSINGLEVALUE('Reference',$,IFCLABEL('Stop sign panel'),$);
#6412=IFCPROPERTYSINGLEVALUE('IsExternal',$,IFCBOOLEAN(.T.),$);
#6413=IFCPROPERTYSINGLEVALUE('Status',$,IFCLABEL('EXISTING'),$);
#6414=IFCPROPERTYSET('3Eb43xOIH2mg7p3pplWROV',#5,'Pset_BuildingElementProxyCommon',$,(#6411,#6412,#6413));
#6415=IFCRELDEFINESBYPROPERTIES('3PbMxB4vz82xL$fNrYJxxU',#5,$,$,(#6409),#6414);
#6416=IFCPROPERTYSINGLEVALUE('Material',$,IFCLABEL('Stop sign, blue panel'),$);
#6417=IFCPROPERTYSINGLEVALUE('Category',$,IFCLABEL('Metal'),$);
#6418=IFCPROPERTYSET('1F5F1pbVr9hOxjddUsghg0',#5,'Pset_CDE_Material',$,(#6416,#6417));
#6419=IFCRELDEFINESBYPROPERTIES('2O_oteq2LFsvnPT5nBQ7z9',#5,$,$,(#6409),#6418);
#6420=IFCPROPERTYSINGLEVALUE('GeometrySource',$,IFCLABEL('Photograph: number, bus symbol, lines'),$);
#6421=IFCPROPERTYSINGLEVALUE('Confidence',$,IFCLABEL('Medium'),$);
#6422=IFCPROPERTYSINGLEVALUE('Reference',$,IFCLABEL('PHOTO'),$);
#6423=IFCPROPERTYSET('3kJEgJAyX9wPxxT83KoSSM',#5,'Pset_CDE_Provenance',$,(#6420,#6421,#6422));
#6424=IFCRELDEFINESBYPROPERTIES('1Rw_lidqzCtxx0tSRPVtvX',#5,$,$,(#6409),#6423);
#6425=IFCSTYLEDITEM(#6348,(#120),$);
#6426=IFCSHAPEREPRESENTATION(#16,'Body','SweptSolid',(#6348));
#6427=IFCPRODUCTDEFINITIONSHAPE($,$,(#6426));
#6428=IFCLOCALPLACEMENT(#23,#13);
#6429=IFCBUILDINGELEMENTPROXY('1SGp8tOGfDePnKQpSv1jTp',#5,'Bay 33 sign (yellow)',$,'Stop sign panel',#6428,#6427,'EL-PRX-048',.USERDEFINED.);
#6430=IFCRELASSOCIATESMATERIAL('2McJxx5kb9oOpKQiMTUnid',#5,$,$,(#6429),#121);
#6431=IFCPROPERTYSINGLEVALUE('Reference',$,IFCLABEL('Stop sign panel'),$);
#6432=IFCPROPERTYSINGLEVALUE('IsExternal',$,IFCBOOLEAN(.T.),$);
#6433=IFCPROPERTYSINGLEVALUE('Status',$,IFCLABEL('EXISTING'),$);
#6434=IFCPROPERTYSET('3WqHyUu5T0AfhyrX_eCnh9',#5,'Pset_BuildingElementProxyCommon',$,(#6431,#6432,#6433));
#6435=IFCRELDEFINESBYPROPERTIES('163iEuQYD87hqSstkwBHYj',#5,$,$,(#6429),#6434);
#6436=IFCPROPERTYSINGLEVALUE('Material',$,IFCLABEL('Stop sign, yellow panel'),$);
#6437=IFCPROPERTYSINGLEVALUE('Category',$,IFCLABEL('Metal'),$);
#6438=IFCPROPERTYSET('3_5KqPX8r2VQM6SGWhZh98',#5,'Pset_CDE_Material',$,(#6436,#6437));
#6439=IFCRELDEFINESBYPROPERTIES('1FHdO8H81AOgCIayynZ3wY',#5,$,$,(#6429),#6438);
#6440=IFCPROPERTYSINGLEVALUE('GeometrySource',$,IFCLABEL('Photograph: number, bus symbol, lines'),$);
#6441=IFCPROPERTYSINGLEVALUE('Confidence',$,IFCLABEL('Medium'),$);
#6442=IFCPROPERTYSINGLEVALUE('Reference',$,IFCLABEL('PHOTO'),$);
#6443=IFCPROPERTYSET('1BjNHoOxL15fGWi$6Wgna1',#5,'Pset_CDE_Provenance',$,(#6440,#6441,#6442));
#6444=IFCRELDEFINESBYPROPERTIES('2cklYULfT94hrote_HBo61',#5,$,$,(#6429),#6443);
#6445=IFCSTYLEDITEM(#6356,(#127),$);
#6446=IFCSTYLEDITEM(#6364,(#127),$);
#6447=IFCSHAPEREPRESENTATION(#16,'Body','SweptSolid',(#6356,#6364));
#6448=IFCPRODUCTDEFINITIONSHAPE($,$,(#6447));
#6449=IFCLOCALPLACEMENT(#23,#13);
#6450=IFCBUILDINGELEMENTPROXY('1O1wKu4jr1RfhdjAPvMV$1',#5,'Bay 33 sign (white)',$,'Stop sign panel',#6449,#6448,'EL-PRX-049',.USERDEFINED.);
#6451=IFCRELASSOCIATESMATERIAL('2RI0Dl1PHA3RARXeKnjbqI',#5,$,$,(#6450),#128);
#6452=IFCPROPERTYSINGLEVALUE('Reference',$,IFCLABEL('Stop sign panel'),$);
#6453=IFCPROPERTYSINGLEVALUE('IsExternal',$,IFCBOOLEAN(.T.),$);
#6454=IFCPROPERTYSINGLEVALUE('Status',$,IFCLABEL('EXISTING'),$);
#6455=IFCPROPERTYSET('0ZfrS9xV9618gnUWmcwdcP',#5,'Pset_BuildingElementProxyCommon',$,(#6452,#6453,#6454));
#6456=IFCRELDEFINESBYPROPERTIES('1jYwknQQHAe9ODj3HPUNhu',#5,$,$,(#6450),#6455);
#6457=IFCPROPERTYSINGLEVALUE('Material',$,IFCLABEL('Timetable panel'),$);
#6458=IFCPROPERTYSINGLEVALUE('Category',$,IFCLABEL('Metal'),$);
#6459=IFCPROPERTYSET('3ixrfBxIT9hPQbOVj6yY1Z',#5,'Pset_CDE_Material',$,(#6457,#6458));
#6460=IFCRELDEFINESBYPROPERTIES('2zBvEGjMH94wo_$Hbv_PLE',#5,$,$,(#6450),#6459);
#6461=IFCPROPERTYSINGLEVALUE('GeometrySource',$,IFCLABEL('Photograph: number, bus symbol, lines'),$);
#6462=IFCPROPERTYSINGLEVALUE('Confidence',$,IFCLABEL('Medium'),$);
#6463=IFCPROPERTYSINGLEVALUE('Reference',$,IFCLABEL('PHOTO'),$);
#6464=IFCPROPERTYSET('3fpU3Y9CD66hPKwryNcboL',#5,'Pset_CDE_Provenance',$,(#6461,#6462,#6463));
#6465=IFCRELDEFINESBYPROPERTIES('0M1b1JepLEmPkivw9pM8z_',#5,$,$,(#6450),#6464);
#6466=IFCCARTESIANPOINT((-10.265770833708558,7.112677041721253));
#6467=IFCCARTESIANPOINT((-10.290124658215136,7.137030866227832));
#6468=IFCCARTESIANPOINT((-10.324566167127996,7.137030866227832));
#6469=IFCCARTESIANPOINT((-10.348919991634574,7.112677041721253));
#6470=IFCCARTESIANPOINT((-10.348919991634574,7.078235532808395));
#6471=IFCCARTESIANPOINT((-10.324566167127996,7.053881708301816));
#6472=IFCCARTESIANPOINT((-10.290124658215136,7.053881708301816));
#6473=IFCCARTESIANPOINT((-10.265770833708558,7.078235532808395));
#6474=IFCCARTESIANPOINT((-10.265770833708558,7.112677041721253));
#6475=IFCPOLYLINE((#6466,#6467,#6468,#6469,#6470,#6471,#6472,#6473,#6474));
#6476=IFCARBITRARYCLOSEDPROFILEDEF(.AREA.,$,#6475);
#6477=IFCCARTESIANPOINT((0.,0.,0.16));
#6478=IFCAXIS2PLACEMENT3D(#6477,$,$);
#6479=IFCDIRECTION((0.,0.,1.));
#6480=IFCEXTRUDEDAREASOLID(#6476,#6478,#6479,3.5);
#6481=IFCCARTESIANPOINT((-11.169153420065742,7.063596574116686));
#6482=IFCCARTESIANPOINT((-11.19080126407159,7.085244418122534));
#6483=IFCCARTESIANPOINT((-11.221415938660796,7.085244418122534));
#6484=IFCCARTESIANPOINT((-11.243063782666644,7.063596574116686));
#6485=IFCCARTESIANPOINT((-11.243063782666644,7.032981899527479));
#6486=IFCCARTESIANPOINT((-11.221415938660796,7.011334055521631));
#6487=IFCCARTESIANPOINT((-11.19080126407159,7.011334055521631));
#6488=IFCCARTESIANPOINT((-11.169153420065742,7.032981899527479));
#6489=IFCCARTESIANPOINT((-11.169153420065742,7.063596574116686));
#6490=IFCPOLYLINE((#6481,#6482,#6483,#6484,#6485,#6486,#6487,#6488,#6489));
#6491=IFCARBITRARYCLOSEDPROFILEDEF(.AREA.,$,#6490);
#6492=IFCCARTESIANPOINT((0.,0.,0.16));
#6493=IFCAXIS2PLACEMENT3D(#6492,$,$);
#6494=IFCDIRECTION((0.,0.,1.));
#6495=IFCEXTRUDEDAREASOLID(#6491,#6493,#6494,2.6);
#6496=IFCCARTESIANPOINT((0.,0.));
#6497=IFCDIRECTION((-0.05240783382526791,0.9986257652162511));
#6498=IFCAXIS2PLACEMENT2D(#6496,#6497);
#6499=IFCRECTANGLEPROFILEDEF(.AREA.,$,#6498,0.04,0.6);
#6500=IFCCARTESIANPOINT((-10.307345412671566,7.095456287264824,3.21));
#6501=IFCAXIS2PLACEMENT3D(#6500,$,$);
#6502=IFCDIRECTION((0.,0.,1.));
#6503=IFCEXTRUDEDAREASOLID(#6499,#6501,#6502,0.32);
#6504=IFCCARTESIANPOINT((0.,0.));
#6505=IFCDIRECTION((-0.05240783382526791,0.9986257652162511));
#6506=IFCAXIS2PLACEMENT2D(#6504,#6505);
#6507=IFCRECTANGLEPROFILEDEF(.AREA.,$,#6506,0.04,0.6);
#6508=IFCCARTESIANPOINT((-10.307345412671566,7.095456287264824,2.8600000000000003));
#6509=IFCAXIS2PLACEMENT3D(#6508,$,$);
#6510=IFCDIRECTION((0.,0.,1.));
#6511=IFCEXTRUDEDAREASOLID(#6507,#6509,#6510,0.35);
#6512=IFCCARTESIANPOINT((0.,0.));
#6513=IFCDIRECTION((-0.05240783382526791,0.9986257652162511));
#6514=IFCAXIS2PLACEMENT2D(#6512,#6513);
#6515=IFCRECTANGLEPROFILEDEF(.AREA.,$,#6514,0.04,0.6);
#6516=IFCCARTESIANPOINT((-10.307345412671566,7.095456287264824,2.41));
#6517=IFCAXIS2PLACEMENT3D(#6516,$,$);
#6518=IFCDIRECTION((0.,0.,1.));
#6519=IFCEXTRUDEDAREASOLID(#6515,#6517,#6518,0.45);
#6520=IFCCARTESIANPOINT((0.,0.));
#6521=IFCDIRECTION((-0.05240783382526791,0.9986257652162511));
#6522=IFCAXIS2PLACEMENT2D(#6520,#6521);
#6523=IFCRECTANGLEPROFILEDEF(.AREA.,$,#6522,0.05,0.62);
#6524=IFCCARTESIANPOINT((-11.206108601366193,7.048289236822082,1.3599999999999999));
#6525=IFCAXIS2PLACEMENT3D(#6524,$,$);
#6526=IFCDIRECTION((0.,0.,1.));
#6527=IFCEXTRUDEDAREASOLID(#6523,#6525,#6526,0.95);
#6528=IFCSTYLEDITEM(#6480,(#63),$);
#6529=IFCSTYLEDITEM(#6495,(#63),$);
#6530=IFCSHAPEREPRESENTATION(#16,'Body','SweptSolid',(#6480,#6495));
#6531=IFCPRODUCTDEFINITIONSHAPE($,$,(#6530));
#6532=IFCLOCALPLACEMENT(#23,#13);
#6533=IFCMEMBER('33fPSBOA1DIx3KSLCtC9DQ',#5,'Bay 34 pole',$,'Stop pole and timetable post',#6532,#6531,'EL-MEM-027',.POST.);
#6534=IFCRELASSOCIATESMATERIAL('1qoCZf7Xz2OOg_fhLt5fq8',#5,$,$,(#6533),#64);
#6535=IFCPROPERTYSINGLEVALUE('Reference',$,IFCLABEL('Stop pole and timetable post'),$);
#6536=IFCPROPERTYSINGLEVALUE('IsExternal',$,IFCBOOLEAN(.T.),$);
#6537=IFCPROPERTYSINGLEVALUE('Status',$,IFCLABEL('EXISTING'),$);
#6538=IFCPROPERTYSET('1xygZC0jnFz9rLPohYdyTL',#5,'Pset_MemberCommon',$,(#6535,#6536,#6537));
#6539=IFCRELDEFINESBYPROPERTIES('3$NWec0d96xBy8lUUSBz1m',#5,$,$,(#6533),#6538);
#6540=IFCPROPERTYSINGLEVALUE('Material',$,IFCLABEL('Dark grey painted steel'),$);
#6541=IFCPROPERTYSINGLEVALUE('Category',$,IFCLABEL('Metal'),$);
#6542=IFCPROPERTYSINGLEVALUE('Description',$,IFCLABEL('Canopy structure, poles, kiosks'),$);
#6543=IFCPROPERTYSINGLEVALUE('MassDensity_kg_m3',$,IFCREAL(7850.),$);
#6544=IFCPROPERTYSET('23KQP3y1PAlwHYZ0yOM5eW',#5,'Pset_CDE_Material',$,(#6540,#6541,#6542,#6543));
#6545=IFCRELDEFINESBYPROPERTIES('0iIMUaFkf62OxIG5oKQwPU',#5,$,$,(#6533),#6544);
#6546=IFCPROPERTYSINGLEVALUE('GeometrySource',$,IFCLABEL('OpenStreetMap bus_stop position (ODbL)'),$);
#6547=IFCPROPERTYSINGLEVALUE('Confidence',$,IFCLABEL('Medium'),$);
#6548=IFCPROPERTYSINGLEVALUE('Reference',$,IFCLABEL('OSM'),$);
#6549=IFCPROPERTYSET('30C1ifokLC5xihqwT9RI1k',#5,'Pset_CDE_Provenance',$,(#6546,#6547,#6548));
#6550=IFCRELDEFINESBYPROPERTIES('3$XAuR$OHD$96FBCzLv75c',#5,$,$,(#6533),#6549);
#6551=IFCPROPERTYSINGLEVALUE('BayNumber',$,IFCINTEGER(34),$);
#6552=IFCPROPERTYSINGLEVALUE('StopCode',$,IFCLABEL('H2034'),$);
#6553=IFCPROPERTYSINGLEVALUE('Name',$,IFCLABEL('Elielinaukio, laituri 34'),$);
#6554=IFCPROPERTYSINGLEVALUE('NameSv',$,IFCLABEL('Elielplatsen, plattform 34'),$);
#6555=IFCPROPERTYSINGLEVALUE('Bench',$,IFCLABEL('yes'),$);
#6556=IFCPROPERTYSINGLEVALUE('Shelter',$,IFCLABEL('external'),$);
#6557=IFCPROPERTYSINGLEVALUE('Wheelchair',$,IFCLABEL('limited'),$);
#6558=IFCPROPERTYSINGLEVALUE('InService',$,IFCBOOLEAN(.F.),$);
#6559=IFCPROPERTYSET('104NrEdRP0egHvivSwntR$',#5,'Pset_CDE_BusBay',$,(#6551,#6552,#6553,#6554,#6555,#6556,#6557,#6558));
#6560=IFCRELDEFINESBYPROPERTIES('19xv21uFn9$8B1xj7n74c8',#5,$,$,(#6533),#6559);
#6561=IFCPROPERTYSINGLEVALUE('AssetClass',$,IFCLABEL('Signs > Stop poles'),$);
#6562=IFCPROPERTYSINGLEVALUE('InspectionInterval_months',$,IFCINTEGER(12),$);
#6563=IFCPROPERTYSINGLEVALUE('DesignServiceLife_years',$,IFCINTEGER(15),$);
#6564=IFCPROPERTYSINGLEVALUE('Criticality',$,IFCLABEL('Medium'),$);
#6565=IFCPROPERTYSINGLEVALUE('DataStatus',$,IFCLABEL('Demo values \X2\2014\X0\ to be replaced with the owner''s asset register'),$);
#6566=IFCPROPERTYSET('0aSvS5S211C8Xy$g3WXO5x',#5,'Pset_CDE_AssetManagement (demo)',$,(#6561,#6562,#6563,#6564,#6565));
#6567=IFCRELDEFINESBYPROPERTIES('1N5RkzBhH9HBR2NyHNgGIy',#5,$,$,(#6533),#6566);
#6568=IFCSTYLEDITEM(#6503,(#113),$);
#6569=IFCSHAPEREPRESENTATION(#16,'Body','SweptSolid',(#6503));
#6570=IFCPRODUCTDEFINITIONSHAPE($,$,(#6569));
#6571=IFCLOCALPLACEMENT(#23,#13);
#6572=IFCBUILDINGELEMENTPROXY('2Scc2pyND6uxK1ls0WEer_',#5,'Bay 34 sign (blue)',$,'Stop sign panel',#6571,#6570,'EL-PRX-050',.USERDEFINED.);
#6573=IFCRELASSOCIATESMATERIAL('2MA7KKVkf2nu5INm4YEJms',#5,$,$,(#6572),#114);
#6574=IFCPROPERTYSINGLEVALUE('Reference',$,IFCLABEL('Stop sign panel'),$);
#6575=IFCPROPERTYSINGLEVALUE('IsExternal',$,IFCBOOLEAN(.T.),$);
#6576=IFCPROPERTYSINGLEVALUE('Status',$,IFCLABEL('EXISTING'),$);
#6577=IFCPROPERTYSET('0fR1Nmc2L7$Ptb3vZF4Tpj',#5,'Pset_BuildingElementProxyCommon',$,(#6574,#6575,#6576));
#6578=IFCRELDEFINESBYPROPERTIES('3GnlhzginC0wm8bi7Us2I3',#5,$,$,(#6572),#6577);
#6579=IFCPROPERTYSINGLEVALUE('Material',$,IFCLABEL('Stop sign, blue panel'),$);
#6580=IFCPROPERTYSINGLEVALUE('Category',$,IFCLABEL('Metal'),$);
#6581=IFCPROPERTYSET('3CyPDPodbF5ByjCQmpDGpH',#5,'Pset_CDE_Material',$,(#6579,#6580));
#6582=IFCRELDEFINESBYPROPERTIES('3RZlfnrKv5sO$9qjeXBPP3',#5,$,$,(#6572),#6581);
#6583=IFCPROPERTYSINGLEVALUE('GeometrySource',$,IFCLABEL('Photograph: number, bus symbol, lines'),$);
#6584=IFCPROPERTYSINGLEVALUE('Confidence',$,IFCLABEL('Medium'),$);
#6585=IFCPROPERTYSINGLEVALUE('Reference',$,IFCLABEL('PHOTO'),$);
#6586=IFCPROPERTYSET('3EN9Si8bD1yOl0NNtPKpV2',#5,'Pset_CDE_Provenance',$,(#6583,#6584,#6585));
#6587=IFCRELDEFINESBYPROPERTIES('1SmLYF5dz0tO4DwaD62xBA',#5,$,$,(#6572),#6586);
#6588=IFCSTYLEDITEM(#6511,(#120),$);
#6589=IFCSHAPEREPRESENTATION(#16,'Body','SweptSolid',(#6511));
#6590=IFCPRODUCTDEFINITIONSHAPE($,$,(#6589));
#6591=IFCLOCALPLACEMENT(#23,#13);
#6592=IFCBUILDINGELEMENTPROXY('3EGotd_UL9uvibE9Q2J54c',#5,'Bay 34 sign (yellow)',$,'Stop sign panel',#6591,#6590,'EL-PRX-051',.USERDEFINED.);
#6593=IFCRELASSOCIATESMATERIAL('1lgTfLZ39E5x0F5ri5Dxd1',#5,$,$,(#6592),#121);
#6594=IFCPROPERTYSINGLEVALUE('Reference',$,IFCLABEL('Stop sign panel'),$);
#6595=IFCPROPERTYSINGLEVALUE('IsExternal',$,IFCBOOLEAN(.T.),$);
#6596=IFCPROPERTYSINGLEVALUE('Status',$,IFCLABEL('EXISTING'),$);
#6597=IFCPROPERTYSET('1rzF5ZLAj7s8jLZEd3kPB8',#5,'Pset_BuildingElementProxyCommon',$,(#6594,#6595,#6596));
#6598=IFCRELDEFINESBYPROPERTIES('2C9QLTBEz26Quop3iykoxH',#5,$,$,(#6592),#6597);
#6599=IFCPROPERTYSINGLEVALUE('Material',$,IFCLABEL('Stop sign, yellow panel'),$);
#6600=IFCPROPERTYSINGLEVALUE('Category',$,IFCLABEL('Metal'),$);
#6601=IFCPROPERTYSET('3c0Ia2fGHDvfk$1qiyHJT6',#5,'Pset_CDE_Material',$,(#6599,#6600));
#6602=IFCRELDEFINESBYPROPERTIES('11eCu1Don9UOQQh5Gb4H_I',#5,$,$,(#6592),#6601);
#6603=IFCPROPERTYSINGLEVALUE('GeometrySource',$,IFCLABEL('Photograph: number, bus symbol, lines'),$);
#6604=IFCPROPERTYSINGLEVALUE('Confidence',$,IFCLABEL('Medium'),$);
#6605=IFCPROPERTYSINGLEVALUE('Reference',$,IFCLABEL('PHOTO'),$);
#6606=IFCPROPERTYSET('3jtrCcf2vF$hs5GMCEZKcD',#5,'Pset_CDE_Provenance',$,(#6603,#6604,#6605));
#6607=IFCRELDEFINESBYPROPERTIES('1zFt64w6bDxumvblQ82sHt',#5,$,$,(#6592),#6606);
#6608=IFCSTYLEDITEM(#6519,(#127),$);
#6609=IFCSTYLEDITEM(#6527,(#127),$);
#6610=IFCSHAPEREPRESENTATION(#16,'Body','SweptSolid',(#6519,#6527));
#6611=IFCPRODUCTDEFINITIONSHAPE($,$,(#6610));
#6612=IFCLOCALPLACEMENT(#23,#13);
#6613=IFCBUILDINGELEMENTPROXY('3xZzPr8Gz5_QDpWxRVcnu9',#5,'Bay 34 sign (white)',$,'Stop sign panel',#6612,#6611,'EL-PRX-052',.USERDEFINED.);
#6614=IFCRELASSOCIATESMATERIAL('1H2iZy7cP8xwcoPS95mfAH',#5,$,$,(#6613),#128);
#6615=IFCPROPERTYSINGLEVALUE('Reference',$,IFCLABEL('Stop sign panel'),$);
#6616=IFCPROPERTYSINGLEVALUE('IsExternal',$,IFCBOOLEAN(.T.),$);
#6617=IFCPROPERTYSINGLEVALUE('Status',$,IFCLABEL('EXISTING'),$);
#6618=IFCPROPERTYSET('3HdTjuKaL2Kv4$62Evvvv6',#5,'Pset_BuildingElementProxyCommon',$,(#6615,#6616,#6617));
#6619=IFCRELDEFINESBYPROPERTIES('1fC7g$QczFLAL4qy5LEJPy',#5,$,$,(#6613),#6618);
#6620=IFCPROPERTYSINGLEVALUE('Material',$,IFCLABEL('Timetable panel'),$);
#6621=IFCPROPERTYSINGLEVALUE('Category',$,IFCLABEL('Metal'),$);
#6622=IFCPROPERTYSET('3bxWDe1IL3ahlpu_re00v0',#5,'Pset_CDE_Material',$,(#6620,#6621));
#6623=IFCRELDEFINESBYPROPERTIES('3zwzckTQ95gPzuzftgBQuw',#5,$,$,(#6613),#6622);
#6624=IFCPROPERTYSINGLEVALUE('GeometrySource',$,IFCLABEL('Photograph: number, bus symbol, lines'),$);
#6625=IFCPROPERTYSINGLEVALUE('Confidence',$,IFCLABEL('Medium'),$);
#6626=IFCPROPERTYSINGLEVALUE('Reference',$,IFCLABEL('PHOTO'),$);
#6627=IFCPROPERTYSET('0VD4b6$PXAZeJI2XT6x198',#5,'Pset_CDE_Provenance',$,(#6624,#6625,#6626));
#6628=IFCRELDEFINESBYPROPERTIES('1_cY4itD1EowQV8Om69vMR',#5,$,$,(#6613),#6627);
#6629=IFCCARTESIANPOINT((-10.570431701608214,13.864721760433822));
#6630=IFCCARTESIANPOINT((-10.594785526114793,13.8890755849404));
#6631=IFCCARTESIANPOINT((-10.629227035027652,13.8890755849404));
#6632=IFCCARTESIANPOINT((-10.65358085953423,13.864721760433822));
#6633=IFCCARTESIANPOINT((-10.65358085953423,13.830280251520962));
#6634=IFCCARTESIANPOINT((-10.629227035027652,13.805926427014384));
#6635=IFCCARTESIANPOINT((-10.594785526114793,13.805926427014384));
#6636=IFCCARTESIANPOINT((-10.570431701608214,13.830280251520962));
#6637=IFCCARTESIANPOINT((-10.570431701608214,13.864721760433822));
#6638=IFCPOLYLINE((#6629,#6630,#6631,#6632,#6633,#6634,#6635,#6636,#6637));
#6639=IFCARBITRARYCLOSEDPROFILEDEF(.AREA.,$,#6638);
#6640=IFCCARTESIANPOINT((0.,0.,0.16));
#6641=IFCAXIS2PLACEMENT3D(#6640,$,$);
#6642=IFCDIRECTION((0.,0.,1.));
#6643=IFCEXTRUDEDAREASOLID(#6639,#6641,#6642,3.5);
#6644=IFCCARTESIANPOINT((-11.473814287965398,13.815641292829254));
#6645=IFCCARTESIANPOINT((-11.495462131971246,13.837289136835102));
#6646=IFCCARTESIANPOINT((-11.526076806560452,13.837289136835102));
#6647=IFCCARTESIANPOINT((-11.5477246505663,13.815641292829254));
#6648=IFCCARTESIANPOINT((-11.5477246505663,13.785026618240048));
#6649=IFCCARTESIANPOINT((-11.526076806560452,13.7633787742342));
#6650=IFCCARTESIANPOINT((-11.495462131971246,13.7633787742342));
#6651=IFCCARTESIANPOINT((-11.473814287965398,13.785026618240048));
#6652=IFCCARTESIANPOINT((-11.473814287965398,13.815641292829254));
#6653=IFCPOLYLINE((#6644,#6645,#6646,#6647,#6648,#6649,#6650,#6651,#6652));
#6654=IFCARBITRARYCLOSEDPROFILEDEF(.AREA.,$,#6653);
#6655=IFCCARTESIANPOINT((0.,0.,0.16));
#6656=IFCAXIS2PLACEMENT3D(#6655,$,$);
#6657=IFCDIRECTION((0.,0.,1.));
#6658=IFCEXTRUDEDAREASOLID(#6654,#6656,#6657,2.6);
#6659=IFCCARTESIANPOINT((0.,0.));
#6660=IFCDIRECTION((-0.05240783382526791,0.9986257652162511));
#6661=IFCAXIS2PLACEMENT2D(#6659,#6660);
#6662=IFCRECTANGLEPROFILEDEF(.AREA.,$,#6661,0.04,0.6);
#6663=IFCCARTESIANPOINT((-10.612006280571222,13.847501005977392,3.21));
#6664=IFCAXIS2PLACEMENT3D(#6663,$,$);
#6665=IFCDIRECTION((0.,0.,1.));
#6666=IFCEXTRUDEDAREASOLID(#6662,#6664,#6665,0.32);
#6667=IFCCARTESIANPOINT((0.,0.));
#6668=IFCDIRECTION((-0.05240783382526791,0.9986257652162511));
#6669=IFCAXIS2PLACEMENT2D(#6667,#6668);
#6670=IFCRECTANGLEPROFILEDEF(.AREA.,$,#6669,0.04,0.6);
#6671=IFCCARTESIANPOINT((-10.612006280571222,13.847501005977392,2.8600000000000003));
#6672=IFCAXIS2PLACEMENT3D(#6671,$,$);
#6673=IFCDIRECTION((0.,0.,1.));
#6674=IFCEXTRUDEDAREASOLID(#6670,#6672,#6673,0.35);
#6675=IFCCARTESIANPOINT((0.,0.));
#6676=IFCDIRECTION((-0.05240783382526791,0.9986257652162511));
#6677=IFCAXIS2PLACEMENT2D(#6675,#6676);
#6678=IFCRECTANGLEPROFILEDEF(.AREA.,$,#6677,0.04,0.6);
#6679=IFCCARTESIANPOINT((-10.612006280571222,13.847501005977392,2.41));
#6680=IFCAXIS2PLACEMENT3D(#6679,$,$);
#6681=IFCDIRECTION((0.,0.,1.));
#6682=IFCEXTRUDEDAREASOLID(#6678,#6680,#6681,0.45);
#6683=IFCCARTESIANPOINT((0.,0.));
#6684=IFCDIRECTION((-0.05240783382526791,0.9986257652162511));
#6685=IFCAXIS2PLACEMENT2D(#6683,#6684);
#6686=IFCRECTANGLEPROFILEDEF(.AREA.,$,#6685,0.05,0.62);
#6687=IFCCARTESIANPOINT((-11.510769469265849,13.80033395553465,1.3599999999999999));
#6688=IFCAXIS2PLACEMENT3D(#6687,$,$);
#6689=IFCDIRECTION((0.,0.,1.));
#6690=IFCEXTRUDEDAREASOLID(#6686,#6688,#6689,0.95);
#6691=IFCSTYLEDITEM(#6643,(#63),$);
#6692=IFCSTYLEDITEM(#6658,(#63),$);
#6693=IFCSHAPEREPRESENTATION(#16,'Body','SweptSolid',(#6643,#6658));
#6694=IFCPRODUCTDEFINITIONSHAPE($,$,(#6693));
#6695=IFCLOCALPLACEMENT(#23,#13);
#6696=IFCMEMBER('2bQDGYztLFFPZz9PjYYAzh',#5,'Bay 35 pole',$,'Stop pole and timetable post',#6695,#6694,'EL-MEM-028',.POST.);
#6697=IFCRELASSOCIATESMATERIAL('0_t1znbdj2QfPnT8uG$JBL',#5,$,$,(#6696),#64);
#6698=IFCPROPERTYSINGLEVALUE('Reference',$,IFCLABEL('Stop pole and timetable post'),$);
#6699=IFCPROPERTYSINGLEVALUE('IsExternal',$,IFCBOOLEAN(.T.),$);
#6700=IFCPROPERTYSINGLEVALUE('Status',$,IFCLABEL('EXISTING'),$);
#6701=IFCPROPERTYSET('2gzkO3tbrFNeun5E8$6Bwg',#5,'Pset_MemberCommon',$,(#6698,#6699,#6700));
#6702=IFCRELDEFINESBYPROPERTIES('2D9iWgC1r66QKRebUv48Ji',#5,$,$,(#6696),#6701);
#6703=IFCPROPERTYSINGLEVALUE('Material',$,IFCLABEL('Dark grey painted steel'),$);
#6704=IFCPROPERTYSINGLEVALUE('Category',$,IFCLABEL('Metal'),$);
#6705=IFCPROPERTYSINGLEVALUE('Description',$,IFCLABEL('Canopy structure, poles, kiosks'),$);
#6706=IFCPROPERTYSINGLEVALUE('MassDensity_kg_m3',$,IFCREAL(7850.),$);
#6707=IFCPROPERTYSET('17bVo04418IwttYMhG1zV5',#5,'Pset_CDE_Material',$,(#6703,#6704,#6705,#6706));
#6708=IFCRELDEFINESBYPROPERTIES('0fsynJqwH2kR3edDqEqBRP',#5,$,$,(#6696),#6707);
#6709=IFCPROPERTYSINGLEVALUE('GeometrySource',$,IFCLABEL('OpenStreetMap bus_stop position (ODbL)'),$);
#6710=IFCPROPERTYSINGLEVALUE('Confidence',$,IFCLABEL('Medium'),$);
#6711=IFCPROPERTYSINGLEVALUE('Reference',$,IFCLABEL('OSM'),$);
#6712=IFCPROPERTYSET('3$HxUHwtzEhOxyw2$REs2J',#5,'Pset_CDE_Provenance',$,(#6709,#6710,#6711));
#6713=IFCRELDEFINESBYPROPERTIES('01nGuwHE17HRapdKdiNJT5',#5,$,$,(#6696),#6712);
#6714=IFCPROPERTYSINGLEVALUE('BayNumber',$,IFCINTEGER(35),$);
#6715=IFCPROPERTYSINGLEVALUE('StopCode',$,IFCLABEL('H2035'),$);
#6716=IFCPROPERTYSINGLEVALUE('Name',$,IFCLABEL('Elielinaukio, laituri 35'),$);
#6717=IFCPROPERTYSINGLEVALUE('NameSv',$,IFCLABEL('Elielplatsen, plattform 35'),$);
#6718=IFCPROPERTYSINGLEVALUE('Bench',$,IFCLABEL('yes'),$);
#6719=IFCPROPERTYSINGLEVALUE('Shelter',$,IFCLABEL('external'),$);
#6720=IFCPROPERTYSINGLEVALUE('Wheelchair',$,IFCLABEL('limited'),$);
#6721=IFCPROPERTYSINGLEVALUE('InService',$,IFCBOOLEAN(.F.),$);
#6722=IFCPROPERTYSET('0xxhlQN$DCxvqsodk7mwgG',#5,'Pset_CDE_BusBay',$,(#6714,#6715,#6716,#6717,#6718,#6719,#6720,#6721));
#6723=IFCRELDEFINESBYPROPERTIES('0wisAFDVX4ZQmTyuo92TgZ',#5,$,$,(#6696),#6722);
#6724=IFCPROPERTYSINGLEVALUE('AssetClass',$,IFCLABEL('Signs > Stop poles'),$);
#6725=IFCPROPERTYSINGLEVALUE('InspectionInterval_months',$,IFCINTEGER(12),$);
#6726=IFCPROPERTYSINGLEVALUE('DesignServiceLife_years',$,IFCINTEGER(15),$);
#6727=IFCPROPERTYSINGLEVALUE('Criticality',$,IFCLABEL('Medium'),$);
#6728=IFCPROPERTYSINGLEVALUE('DataStatus',$,IFCLABEL('Demo values \X2\2014\X0\ to be replaced with the owner''s asset register'),$);
#6729=IFCPROPERTYSET('3gH64qj_P6KOZdH1UnO9xQ',#5,'Pset_CDE_AssetManagement (demo)',$,(#6724,#6725,#6726,#6727,#6728));
#6730=IFCRELDEFINESBYPROPERTIES('02kAWRW2j1KQADjkWh0nQt',#5,$,$,(#6696),#6729);
#6731=IFCSTYLEDITEM(#6666,(#113),$);
#6732=IFCSHAPEREPRESENTATION(#16,'Body','SweptSolid',(#6666));
#6733=IFCPRODUCTDEFINITIONSHAPE($,$,(#6732));
#6734=IFCLOCALPLACEMENT(#23,#13);
#6735=IFCBUILDINGELEMENTPROXY('20$cG9LAvBWuhS1MxaeAZL',#5,'Bay 35 sign (blue)',$,'Stop sign panel',#6734,#6733,'EL-PRX-053',.USERDEFINED.);
#6736=IFCRELASSOCIATESMATERIAL('0F3h7$OW94vPA1osWPbMd_',#5,$,$,(#6735),#114);
#6737=IFCPROPERTYSINGLEVALUE('Reference',$,IFCLABEL('Stop sign panel'),$);
#6738=IFCPROPERTYSINGLEVALUE('IsExternal',$,IFCBOOLEAN(.T.),$);
#6739=IFCPROPERTYSINGLEVALUE('Status',$,IFCLABEL('EXISTING'),$);
#6740=IFCPROPERTYSET('2Vbs7A7FL8EwOoJjHIv9m7',#5,'Pset_BuildingElementProxyCommon',$,(#6737,#6738,#6739));
#6741=IFCRELDEFINESBYPROPERTIES('3k64yzHRb04wZJ5Ccpc6aA',#5,$,$,(#6735),#6740);
#6742=IFCPROPERTYSINGLEVALUE('Material',$,IFCLABEL('Stop sign, blue panel'),$);
#6743=IFCPROPERTYSINGLEVALUE('Category',$,IFCLABEL('Metal'),$);
#6744=IFCPROPERTYSET('3F5kNAQxDAxB527Tb1pkvR',#5,'Pset_CDE_Material',$,(#6742,#6743));
#6745=IFCRELDEFINESBYPROPERTIES('3BxVSBgvj2CvAlx1q8HLey',#5,$,$,(#6735),#6744);
#6746=IFCPROPERTYSINGLEVALUE('GeometrySource',$,IFCLABEL('Photograph: number, bus symbol, lines'),$);
#6747=IFCPROPERTYSINGLEVALUE('Confidence',$,IFCLABEL('Medium'),$);
#6748=IFCPROPERTYSINGLEVALUE('Reference',$,IFCLABEL('PHOTO'),$);
#6749=IFCPROPERTYSET('2jFKK1sr592gPszhFfLG9e',#5,'Pset_CDE_Provenance',$,(#6746,#6747,#6748));
#6750=IFCRELDEFINESBYPROPERTIES('1A4EBZrgLDHfIacdn0pqQ9',#5,$,$,(#6735),#6749);
#6751=IFCSTYLEDITEM(#6674,(#120),$);
#6752=IFCSHAPEREPRESENTATION(#16,'Body','SweptSolid',(#6674));
#6753=IFCPRODUCTDEFINITIONSHAPE($,$,(#6752));
#6754=IFCLOCALPLACEMENT(#23,#13);
#6755=IFCBUILDINGELEMENTPROXY('2LiZE9ka92KvfJLOYihbsh',#5,'Bay 35 sign (yellow)',$,'Stop sign panel',#6754,#6753,'EL-PRX-054',.USERDEFINED.);
#6756=IFCRELASSOCIATESMATERIAL('38GvBz8iT2rwwn3n3xnVM6',#5,$,$,(#6755),#121);
#6757=IFCPROPERTYSINGLEVALUE('Reference',$,IFCLABEL('Stop sign panel'),$);
#6758=IFCPROPERTYSINGLEVALUE('IsExternal',$,IFCBOOLEAN(.T.),$);
#6759=IFCPROPERTYSINGLEVALUE('Status',$,IFCLABEL('EXISTING'),$);
#6760=IFCPROPERTYSET('1gwvtVDJD7TPm_PJJVev3Z',#5,'Pset_BuildingElementProxyCommon',$,(#6757,#6758,#6759));
#6761=IFCRELDEFINESBYPROPERTIES('23xRB2OjnAB88rabL3tDsu',#5,$,$,(#6755),#6760);
#6762=IFCPROPERTYSINGLEVALUE('Material',$,IFCLABEL('Stop sign, yellow panel'),$);
#6763=IFCPROPERTYSINGLEVALUE('Category',$,IFCLABEL('Metal'),$);
#6764=IFCPROPERTYSET('1VMZ55K7L5AwnusyG$Ih3g',#5,'Pset_CDE_Material',$,(#6762,#6763));
#6765=IFCRELDEFINESBYPROPERTIES('3xjuyWBxjC9RHfEh9MCMvY',#5,$,$,(#6755),#6764);
#6766=IFCPROPERTYSINGLEVALUE('GeometrySource',$,IFCLABEL('Photograph: number, bus symbol, lines'),$);
#6767=IFCPROPERTYSINGLEVALUE('Confidence',$,IFCLABEL('Medium'),$);
#6768=IFCPROPERTYSINGLEVALUE('Reference',$,IFCLABEL('PHOTO'),$);
#6769=IFCPROPERTYSET('0hHSmM50n3BOnmzI_1XeHQ',#5,'Pset_CDE_Provenance',$,(#6766,#6767,#6768));
#6770=IFCRELDEFINESBYPROPERTIES('0zfyLjvVzBUvvZmC8rnzXn',#5,$,$,(#6755),#6769);
#6771=IFCSTYLEDITEM(#6682,(#127),$);
#6772=IFCSTYLEDITEM(#6690,(#127),$);
#6773=IFCSHAPEREPRESENTATION(#16,'Body','SweptSolid',(#6682,#6690));
#6774=IFCPRODUCTDEFINITIONSHAPE($,$,(#6773));
#6775=IFCLOCALPLACEMENT(#23,#13);
#6776=IFCBUILDINGELEMENTPROXY('0V4uohpoX43gCcef_hBBmA',#5,'Bay 35 sign (white)',$,'Stop sign panel',#6775,#6774,'EL-PRX-055',.USERDEFINED.);
#6777=IFCRELASSOCIATESMATERIAL('0bl2VBb4T44QfC$SQlHxOY',#5,$,$,(#6776),#128);
#6778=IFCPROPERTYSINGLEVALUE('Reference',$,IFCLABEL('Stop sign panel'),$);
#6779=IFCPROPERTYSINGLEVALUE('IsExternal',$,IFCBOOLEAN(.T.),$);
#6780=IFCPROPERTYSINGLEVALUE('Status',$,IFCLABEL('EXISTING'),$);
#6781=IFCPROPERTYSET('2IcR3j5PL4IAOJTWPq1RP1',#5,'Pset_BuildingElementProxyCommon',$,(#6778,#6779,#6780));
#6782=IFCRELDEFINESBYPROPERTIES('2Y$TtGiRX4bO1q0SAVMfIO',#5,$,$,(#6776),#6781);
#6783=IFCPROPERTYSINGLEVALUE('Material',$,IFCLABEL('Timetable panel'),$);
#6784=IFCPROPERTYSINGLEVALUE('Category',$,IFCLABEL('Metal'),$);
#6785=IFCPROPERTYSET('1alP_MPNj21PrNrmL4IXlQ',#5,'Pset_CDE_Material',$,(#6783,#6784));
#6786=IFCRELDEFINESBYPROPERTIES('0iTYqVGjb0O9n1uvc3zb8G',#5,$,$,(#6776),#6785);
#6787=IFCPROPERTYSINGLEVALUE('GeometrySource',$,IFCLABEL('Photograph: number, bus symbol, lines'),$);
#6788=IFCPROPERTYSINGLEVALUE('Confidence',$,IFCLABEL('Medium'),$);
#6789=IFCPROPERTYSINGLEVALUE('Reference',$,IFCLABEL('PHOTO'),$);
#6790=IFCPROPERTYSET('2$DAxOzHPDNxltO64kOjkK',#5,'Pset_CDE_Provenance',$,(#6787,#6788,#6789));
#6791=IFCRELDEFINESBYPROPERTIES('3agQ6JPxTA5hI_Hjdh3uO0',#5,$,$,(#6776),#6790);
#6792=IFCCARTESIANPOINT((-10.869530174650464,20.627902989555803));
#6793=IFCCARTESIANPOINT((-10.893883999157042,20.652256814062383));
#6794=IFCCARTESIANPOINT((-10.928325508069902,20.652256814062383));
#6795=IFCCARTESIANPOINT((-10.95267933257648,20.627902989555803));
#6796=IFCCARTESIANPOINT((-10.95267933257648,20.593461480642947));
#6797=IFCCARTESIANPOINT((-10.928325508069902,20.569107656136367));
#6798=IFCCARTESIANPOINT((-10.893883999157042,20.569107656136367));
#6799=IFCCARTESIANPOINT((-10.869530174650464,20.593461480642947));
#6800=IFCCARTESIANPOINT((-10.869530174650464,20.627902989555803));
#6801=IFCPOLYLINE((#6792,#6793,#6794,#6795,#6796,#6797,#6798,#6799,#6800));
#6802=IFCARBITRARYCLOSEDPROFILEDEF(.AREA.,$,#6801);
#6803=IFCCARTESIANPOINT((0.,0.,0.16));
#6804=IFCAXIS2PLACEMENT3D(#6803,$,$);
#6805=IFCDIRECTION((0.,0.,1.));
#6806=IFCEXTRUDEDAREASOLID(#6802,#6804,#6805,3.5);
#6807=IFCCARTESIANPOINT((-11.772912761007648,20.57882252195124));
#6808=IFCCARTESIANPOINT((-11.794560605013496,20.600470365957086));
#6809=IFCCARTESIANPOINT((-11.825175279602702,20.600470365957086));
#6810=IFCCARTESIANPOINT((-11.84682312360855,20.57882252195124));
#6811=IFCCARTESIANPOINT((-11.84682312360855,20.54820784736203));
#6812=IFCCARTESIANPOINT((-11.825175279602702,20.52656000335618));
#6813=IFCCARTESIANPOINT((-11.794560605013496,20.52656000335618));
#6814=IFCCARTESIANPOINT((-11.772912761007648,20.54820784736203));
#6815=IFCCARTESIANPOINT((-11.772912761007648,20.57882252195124));
#6816=IFCPOLYLINE((#6807,#6808,#6809,#6810,#6811,#6812,#6813,#6814,#6815));
#6817=IFCARBITRARYCLOSEDPROFILEDEF(.AREA.,$,#6816);
#6818=IFCCARTESIANPOINT((0.,0.,0.16));
#6819=IFCAXIS2PLACEMENT3D(#6818,$,$);
#6820=IFCDIRECTION((0.,0.,1.));
#6821=IFCEXTRUDEDAREASOLID(#6817,#6819,#6820,2.6);
#6822=IFCCARTESIANPOINT((0.,0.));
#6823=IFCDIRECTION((-0.05240783382526791,0.9986257652162511));
#6824=IFCAXIS2PLACEMENT2D(#6822,#6823);
#6825=IFCRECTANGLEPROFILEDEF(.AREA.,$,#6824,0.04,0.6);
#6826=IFCCARTESIANPOINT((-10.911104753613472,20.610682235099375,3.21));
#6827=IFCAXIS2PLACEMENT3D(#6826,$,$);
#6828=IFCDIRECTION((0.,0.,1.));
#6829=IFCEXTRUDEDAREASOLID(#6825,#6827,#6828,0.32);
#6830=IFCCARTESIANPOINT((0.,0.));
#6831=IFCDIRECTION((-0.05240783382526791,0.9986257652162511));
#6832=IFCAXIS2PLACEMENT2D(#6830,#6831);
#6833=IFCRECTANGLEPROFILEDEF(.AREA.,$,#6832,0.04,0.6);
#6834=IFCCARTESIANPOINT((-10.911104753613472,20.610682235099375,2.8600000000000003));
#6835=IFCAXIS2PLACEMENT3D(#6834,$,$);
#6836=IFCDIRECTION((0.,0.,1.));
#6837=IFCEXTRUDEDAREASOLID(#6833,#6835,#6836,0.35);
#6838=IFCCARTESIANPOINT((0.,0.));
#6839=IFCDIRECTION((-0.05240783382526791,0.9986257652162511));
#6840=IFCAXIS2PLACEMENT2D(#6838,#6839);
#6841=IFCRECTANGLEPROFILEDEF(.AREA.,$,#6840,0.04,0.6);
#6842=IFCCARTESIANPOINT((-10.911104753613472,20.610682235099375,2.41));
#6843=IFCAXIS2PLACEMENT3D(#6842,$,$);
#6844=IFCDIRECTION((0.,0.,1.));
#6845=IFCEXTRUDEDAREASOLID(#6841,#6843,#6844,0.45);
#6846=IFCCARTESIANPOINT((0.,0.));
#6847=IFCDIRECTION((-0.05240783382526791,0.9986257652162511));
#6848=IFCAXIS2PLACEMENT2D(#6846,#6847);
#6849=IFCRECTANGLEPROFILEDEF(.AREA.,$,#6848,0.05,0.62);
#6850=IFCCARTESIANPOINT((-11.809867942308099,20.563515184656634,1.3599999999999999));
#6851=IFCAXIS2PLACEMENT3D(#6850,$,$);
#6852=IFCDIRECTION((0.,0.,1.));
#6853=IFCEXTRUDEDAREASOLID(#6849,#6851,#6852,0.95);
#6854=IFCSTYLEDITEM(#6806,(#63),$);
#6855=IFCSTYLEDITEM(#6821,(#63),$);
#6856=IFCSHAPEREPRESENTATION(#16,'Body','SweptSolid',(#6806,#6821));
#6857=IFCPRODUCTDEFINITIONSHAPE($,$,(#6856));
#6858=IFCLOCALPLACEMENT(#23,#13);
#6859=IFCMEMBER('2Zf2Q3FY5Bu8HmQnz8$bzU',#5,'Bay 36 pole',$,'Stop pole and timetable post',#6858,#6857,'EL-MEM-029',.POST.);
#6860=IFCRELASSOCIATESMATERIAL('3EmeyfVsj72w7lUzzdqDCp',#5,$,$,(#6859),#64);
#6861=IFCPROPERTYSINGLEVALUE('Reference',$,IFCLABEL('Stop pole and timetable post'),$);
#6862=IFCPROPERTYSINGLEVALUE('IsExternal',$,IFCBOOLEAN(.T.),$);
#6863=IFCPROPERTYSINGLEVALUE('Status',$,IFCLABEL('EXISTING'),$);
#6864=IFCPROPERTYSET('0rixpmNE9CRgMPXzMb4ps5',#5,'Pset_MemberCommon',$,(#6861,#6862,#6863));
#6865=IFCRELDEFINESBYPROPERTIES('3A_zdcZdX5EfOhhVC2OG5Y',#5,$,$,(#6859),#6864);
#6866=IFCPROPERTYSINGLEVALUE('Material',$,IFCLABEL('Dark grey painted steel'),$);
#6867=IFCPROPERTYSINGLEVALUE('Category',$,IFCLABEL('Metal'),$);
#6868=IFCPROPERTYSINGLEVALUE('Description',$,IFCLABEL('Canopy structure, poles, kiosks'),$);
#6869=IFCPROPERTYSINGLEVALUE('MassDensity_kg_m3',$,IFCREAL(7850.),$);
#6870=IFCPROPERTYSET('2OgLj4BHXFo9GfrvaTWcSe',#5,'Pset_CDE_Material',$,(#6866,#6867,#6868,#6869));
#6871=IFCRELDEFINESBYPROPERTIES('1fbKZa_nv1cx0LBNOqOqFk',#5,$,$,(#6859),#6870);
#6872=IFCPROPERTYSINGLEVALUE('GeometrySource',$,IFCLABEL('OpenStreetMap bus_stop position (ODbL)'),$);
#6873=IFCPROPERTYSINGLEVALUE('Confidence',$,IFCLABEL('Medium'),$);
#6874=IFCPROPERTYSINGLEVALUE('Reference',$,IFCLABEL('OSM'),$);
#6875=IFCPROPERTYSET('15QhQKU7LEcvM8tCSl09j_',#5,'Pset_CDE_Provenance',$,(#6872,#6873,#6874));
#6876=IFCRELDEFINESBYPROPERTIES('2P9JwUh_v9mBjHe6mqdNmJ',#5,$,$,(#6859),#6875);
#6877=IFCPROPERTYSINGLEVALUE('BayNumber',$,IFCINTEGER(36),$);
#6878=IFCPROPERTYSINGLEVALUE('StopCode',$,IFCLABEL('H2036'),$);
#6879=IFCPROPERTYSINGLEVALUE('Name',$,IFCLABEL('Elielinaukio, laituri 36'),$);
#6880=IFCPROPERTYSINGLEVALUE('NameSv',$,IFCLABEL('Elielplatsen, plattform 36'),$);
#6881=IFCPROPERTYSINGLEVALUE('Bench',$,IFCLABEL('yes'),$);
#6882=IFCPROPERTYSINGLEVALUE('Shelter',$,IFCLABEL('external'),$);
#6883=IFCPROPERTYSINGLEVALUE('Wheelchair',$,IFCLABEL('limited'),$);
#6884=IFCPROPERTYSINGLEVALUE('InService',$,IFCBOOLEAN(.F.),$);
#6885=IFCPROPERTYSET('3Kqq$by4v269H_Klf4ptdH',#5,'Pset_CDE_BusBay',$,(#6877,#6878,#6879,#6880,#6881,#6882,#6883,#6884));
#6886=IFCRELDEFINESBYPROPERTIES('0kBCtgTanB5OYqVWl6Mn7P',#5,$,$,(#6859),#6885);
#6887=IFCPROPERTYSINGLEVALUE('AssetClass',$,IFCLABEL('Signs > Stop poles'),$);
#6888=IFCPROPERTYSINGLEVALUE('InspectionInterval_months',$,IFCINTEGER(12),$);
#6889=IFCPROPERTYSINGLEVALUE('DesignServiceLife_years',$,IFCINTEGER(15),$);
#6890=IFCPROPERTYSINGLEVALUE('Criticality',$,IFCLABEL('Medium'),$);
#6891=IFCPROPERTYSINGLEVALUE('DataStatus',$,IFCLABEL('Demo values \X2\2014\X0\ to be replaced with the owner''s asset register'),$);
#6892=IFCPROPERTYSET('08lYCiyYv109qOvZpfswxt',#5,'Pset_CDE_AssetManagement (demo)',$,(#6887,#6888,#6889,#6890,#6891));
#6893=IFCRELDEFINESBYPROPERTIES('0KH0nhsSf71PrFVtaByUtW',#5,$,$,(#6859),#6892);
#6894=IFCSTYLEDITEM(#6829,(#113),$);
#6895=IFCSHAPEREPRESENTATION(#16,'Body','SweptSolid',(#6829));
#6896=IFCPRODUCTDEFINITIONSHAPE($,$,(#6895));
#6897=IFCLOCALPLACEMENT(#23,#13);
#6898=IFCBUILDINGELEMENTPROXY('2NUYMSS6D3eAbDilnAF1eu',#5,'Bay 36 sign (blue)',$,'Stop sign panel',#6897,#6896,'EL-PRX-056',.USERDEFINED.);
#6899=IFCRELASSOCIATESMATERIAL('1S1EgnbOv9KAZU_bNbIC_J',#5,$,$,(#6898),#114);
#6900=IFCPROPERTYSINGLEVALUE('Reference',$,IFCLABEL('Stop sign panel'),$);
#6901=IFCPROPERTYSINGLEVALUE('IsExternal',$,IFCBOOLEAN(.T.),$);
#6902=IFCPROPERTYSINGLEVALUE('Status',$,IFCLABEL('EXISTING'),$);
#6903=IFCPROPERTYSET('1S7Cq$r2DA1Q5DadIIvOCe',#5,'Pset_BuildingElementProxyCommon',$,(#6900,#6901,#6902));
#6904=IFCRELDEFINESBYPROPERTIES('0$p5j_VkL33xpdDg3pxMD7',#5,$,$,(#6898),#6903);
#6905=IFCPROPERTYSINGLEVALUE('Material',$,IFCLABEL('Stop sign, blue panel'),$);
#6906=IFCPROPERTYSINGLEVALUE('Category',$,IFCLABEL('Metal'),$);
#6907=IFCPROPERTYSET('3t6SHXyiXF3wfebCwzvkVJ',#5,'Pset_CDE_Material',$,(#6905,#6906));
#6908=IFCRELDEFINESBYPROPERTIES('27W9iXXoTDL9ky8vuJ08Dt',#5,$,$,(#6898),#6907);
#6909=IFCPROPERTYSINGLEVALUE('GeometrySource',$,IFCLABEL('Photograph: number, bus symbol, lines'),$);
#6910=IFCPROPERTYSINGLEVALUE('Confidence',$,IFCLABEL('Medium'),$);
#6911=IFCPROPERTYSINGLEVALUE('Reference',$,IFCLABEL('PHOTO'),$);
#6912=IFCPROPERTYSET('0odIKjPujFAPTw7Zhl$pWd',#5,'Pset_CDE_Provenance',$,(#6909,#6910,#6911));
#6913=IFCRELDEFINESBYPROPERTIES('0AVOgOj49BpefEqjF1lvRe',#5,$,$,(#6898),#6912);
#6914=IFCSTYLEDITEM(#6837,(#120),$);
#6915=IFCSHAPEREPRESENTATION(#16,'Body','SweptSolid',(#6837));
#6916=IFCPRODUCTDEFINITIONSHAPE($,$,(#6915));
#6917=IFCLOCALPLACEMENT(#23,#13);
#6918=IFCBUILDINGELEMENTPROXY('1KLNNNUnP95fhuFay_BOnG',#5,'Bay 36 sign (yellow)',$,'Stop sign panel',#6917,#6916,'EL-PRX-057',.USERDEFINED.);
#6919=IFCRELASSOCIATESMATERIAL('07ystfJFz7Rh$8hOgTgh4h',#5,$,$,(#6918),#121);
#6920=IFCPROPERTYSINGLEVALUE('Reference',$,IFCLABEL('Stop sign panel'),$);
#6921=IFCPROPERTYSINGLEVALUE('IsExternal',$,IFCBOOLEAN(.T.),$);
#6922=IFCPROPERTYSINGLEVALUE('Status',$,IFCLABEL('EXISTING'),$);
#6923=IFCPROPERTYSET('3j4mfDXcn4oAR0Z1ruqDVW',#5,'Pset_BuildingElementProxyCommon',$,(#6920,#6921,#6922));
#6924=IFCRELDEFINESBYPROPERTIES('1KUdoZi2DC8v2M0$sLhqVN',#5,$,$,(#6918),#6923);
#6925=IFCPROPERTYSINGLEVALUE('Material',$,IFCLABEL('Stop sign, yellow panel'),$);
#6926=IFCPROPERTYSINGLEVALUE('Category',$,IFCLABEL('Metal'),$);
#6927=IFCPROPERTYSET('3rhBSpqbjAMftzeGDWUcm5',#5,'Pset_CDE_Material',$,(#6925,#6926));
#6928=IFCRELDEFINESBYPROPERTIES('2u3lyl3BP1y83x7IU0iN49',#5,$,$,(#6918),#6927);
#6929=IFCPROPERTYSINGLEVALUE('GeometrySource',$,IFCLABEL('Photograph: number, bus symbol, lines'),$);
#6930=IFCPROPERTYSINGLEVALUE('Confidence',$,IFCLABEL('Medium'),$);
#6931=IFCPROPERTYSINGLEVALUE('Reference',$,IFCLABEL('PHOTO'),$);
#6932=IFCPROPERTYSET('1AXaOvvCb0AAoYsv3EBbYF',#5,'Pset_CDE_Provenance',$,(#6929,#6930,#6931));
#6933=IFCRELDEFINESBYPROPERTIES('39IvD84GzFBu$EpyHE5ksX',#5,$,$,(#6918),#6932);
#6934=IFCSTYLEDITEM(#6845,(#127),$);
#6935=IFCSTYLEDITEM(#6853,(#127),$);
#6936=IFCSHAPEREPRESENTATION(#16,'Body','SweptSolid',(#6845,#6853));
#6937=IFCPRODUCTDEFINITIONSHAPE($,$,(#6936));
#6938=IFCLOCALPLACEMENT(#23,#13);
#6939=IFCBUILDINGELEMENTPROXY('1V_myKR815fv1nE_JKq2RC',#5,'Bay 36 sign (white)',$,'Stop sign panel',#6938,#6937,'EL-PRX-058',.USERDEFINED.);
#6940=IFCRELASSOCIATESMATERIAL('2zCgheK617oPhPlofBxEqf',#5,$,$,(#6939),#128);
#6941=IFCPROPERTYSINGLEVALUE('Reference',$,IFCLABEL('Stop sign panel'),$);
#6942=IFCPROPERTYSINGLEVALUE('IsExternal',$,IFCBOOLEAN(.T.),$);
#6943=IFCPROPERTYSINGLEVALUE('Status',$,IFCLABEL('EXISTING'),$);
#6944=IFCPROPERTYSET('1S_7NqBcX9GRwrOV3usN08',#5,'Pset_BuildingElementProxyCommon',$,(#6941,#6942,#6943));
#6945=IFCRELDEFINESBYPROPERTIES('0NLcbajuL94wsWOzvjy_fV',#5,$,$,(#6939),#6944);
#6946=IFCPROPERTYSINGLEVALUE('Material',$,IFCLABEL('Timetable panel'),$);
#6947=IFCPROPERTYSINGLEVALUE('Category',$,IFCLABEL('Metal'),$);
#6948=IFCPROPERTYSET('3waqYXFAHEtBO5qF046E9Q',#5,'Pset_CDE_Material',$,(#6946,#6947));
#6949=IFCRELDEFINESBYPROPERTIES('2pbxJCl4P2BfYr_C45e2tJ',#5,$,$,(#6939),#6948);
#6950=IFCPROPERTYSINGLEVALUE('GeometrySource',$,IFCLABEL('Photograph: number, bus symbol, lines'),$);
#6951=IFCPROPERTYSINGLEVALUE('Confidence',$,IFCLABEL('Medium'),$);
#6952=IFCPROPERTYSINGLEVALUE('Reference',$,IFCLABEL('PHOTO'),$);
#6953=IFCPROPERTYSET('3XnIaE3SX57xyz9mjALRZ7',#5,'Pset_CDE_Provenance',$,(#6950,#6951,#6952));
#6954=IFCRELDEFINESBYPROPERTIES('1gH$osYEfF$wgaDqM7WGLO',#5,$,$,(#6939),#6953);
#6955=IFCLOCALPLACEMENT(#23,#13);
#6956=IFCELEMENTASSEMBLY('0P2ba9dqT6Kf1RI_P8oPw5',#5,'Information kiosks',$,'Information kiosks',#6955,$,'EL-ASM-005',.NOTDEFINED.,.USERDEFINED.);
#6957=IFCPROPERTYSINGLEVALUE('GeometrySource',$,IFCLABEL('Photographs (2022-2023)'),$);
#6958=IFCPROPERTYSINGLEVALUE('Confidence',$,IFCLABEL('Low'),$);
#6959=IFCPROPERTYSET('1_hP8eY1T9DBfs2MO2cTPj',#5,'Pset_CDE_Provenance',$,(#6957,#6958));
#6960=IFCRELDEFINESBYPROPERTIES('1RZU0J7_n8oB4KNsQrmeOA',#5,$,$,(#6956),#6959);
#6961=IFCCARTESIANPOINT((0.,0.));
#6962=IFCDIRECTION((-0.05240783382526791,0.9986257652162511));
#6963=IFCAXIS2PLACEMENT2D(#6961,#6962);
#6964=IFCRECTANGLEPROFILEDEF(.AREA.,$,#6963,5.2,0.7);
#6965=IFCCARTESIANPOINT((2.557919375628266,-32.234894923699265,0.16));
#6966=IFCAXIS2PLACEMENT3D(#6965,$,$);
#6967=IFCDIRECTION((0.,0.,1.));
#6968=IFCEXTRUDEDAREASOLID(#6964,#6966,#6967,2.5);
#6969=IFCSTYLEDITEM(#6968,(#63),$);
#6970=IFCSHAPEREPRESENTATION(#16,'Body','SweptSolid',(#6968));
#6971=IFCPRODUCTDEFINITIONSHAPE($,$,(#6970));
#6972=IFCLOCALPLACEMENT(#23,#13);
#6973=IFCBUILDINGELEMENTPROXY('0WYd0RfVX5ahC6WdEcrQ3t',#5,'Information kiosk south',$,'Black steel information kiosk',#6972,#6971,'EL-PRX-059',.USERDEFINED.);
#6974=IFCRELASSOCIATESMATERIAL('0dh4j5J$LAMQ1BP6GrSA6B',#5,$,$,(#6973),#64);
#6975=IFCPROPERTYSINGLEVALUE('Reference',$,IFCLABEL('Black steel information kiosk'),$);
#6976=IFCPROPERTYSINGLEVALUE('IsExternal',$,IFCBOOLEAN(.T.),$);
#6977=IFCPROPERTYSINGLEVALUE('Status',$,IFCLABEL('EXISTING'),$);
#6978=IFCPROPERTYSET('1DNHgry7X4LeMDqdSIGm$u',#5,'Pset_BuildingElementProxyCommon',$,(#6975,#6976,#6977));
#6979=IFCRELDEFINESBYPROPERTIES('1RJVSJJQz3bvQIuB70hOHH',#5,$,$,(#6973),#6978);
#6980=IFCPROPERTYSINGLEVALUE('Material',$,IFCLABEL('Dark grey painted steel'),$);
#6981=IFCPROPERTYSINGLEVALUE('Category',$,IFCLABEL('Metal'),$);
#6982=IFCPROPERTYSINGLEVALUE('Description',$,IFCLABEL('Canopy structure, poles, kiosks'),$);
#6983=IFCPROPERTYSINGLEVALUE('MassDensity_kg_m3',$,IFCREAL(7850.),$);
#6984=IFCPROPERTYSET('0C$Q4cIPL7WhaVZ7SCiAET',#5,'Pset_CDE_Material',$,(#6980,#6981,#6982,#6983));
#6985=IFCRELDEFINESBYPROPERTIES('1cDJzA59LBAvxscoVMQHX_',#5,$,$,(#6973),#6984);
#6986=IFCPROPERTYSINGLEVALUE('GeometrySource',$,IFCLABEL('Photographs: ELIELINAUKIO \X2\00B7\X0\ ELIELPLATSEN'),$);
#6987=IFCPROPERTYSINGLEVALUE('Confidence',$,IFCLABEL('Medium'),$);
#6988=IFCPROPERTYSINGLEVALUE('Reference',$,IFCLABEL('PHOTO'),$);
#6989=IFCPROPERTYSET('3Wo2fV0BvDNvi1j4GfAGmp',#5,'Pset_CDE_Provenance',$,(#6986,#6987,#6988));
#6990=IFCRELDEFINESBYPROPERTIES('3Ba6QK57b6hOY_gSV92Rxo',#5,$,$,(#6973),#6989);
#6991=IFCPROPERTYSINGLEVALUE('Text',$,IFCLABEL('ELIELINAUKIO \X2\00B7\X0\ ELIELPLATSEN'),$);
#6992=IFCPROPERTYSET('2GNu_ePEvD3fB$iNgAXaG3',#5,'Pset_CDE_Sign',$,(#6991));
#6993=IFCRELDEFINESBYPROPERTIES('3kqo4_uPj28QeB$SpQbuvA',#5,$,$,(#6973),#6992);
#6994=IFCPROPERTYSINGLEVALUE('AssetClass',$,IFCLABEL('Signs > Kiosks'),$);
#6995=IFCPROPERTYSINGLEVALUE('InspectionInterval_months',$,IFCINTEGER(12),$);
#6996=IFCPROPERTYSINGLEVALUE('DesignServiceLife_years',$,IFCINTEGER(20),$);
#6997=IFCPROPERTYSINGLEVALUE('Criticality',$,IFCLABEL('Medium'),$);
#6998=IFCPROPERTYSINGLEVALUE('DataStatus',$,IFCLABEL('Demo values \X2\2014\X0\ to be replaced with the owner''s asset register'),$);
#6999=IFCPROPERTYSET('3s3hQHwkH56PuJDWJ8jGt_',#5,'Pset_CDE_AssetManagement (demo)',$,(#6994,#6995,#6996,#6997,#6998));
#7000=IFCRELDEFINESBYPROPERTIES('2W$2d2bLjE_AMMnExq51st',#5,$,$,(#6973),#6999);
#7001=IFCCARTESIANPOINT((0.,0.));
#7002=IFCDIRECTION((-0.05240783382526791,0.9986257652162511));
#7003=IFCAXIS2PLACEMENT2D(#7001,#7002);
#7004=IFCRECTANGLEPROFILEDEF(.AREA.,$,#7003,0.16,0.03);
#7005=IFCCARTESIANPOINT((3.0327218855217057,-34.413004786997924,2.3600000000000003));
#7006=IFCAXIS2PLACEMENT3D(#7005,$,$);
#7007=IFCDIRECTION((0.,0.,1.));
#7008=IFCEXTRUDEDAREASOLID(#7004,#7006,#7007,0.18);
#7009=IFCCARTESIANPOINT((0.,0.));
#7010=IFCDIRECTION((-0.05240783382526791,0.9986257652162511));
#7011=IFCAXIS2PLACEMENT2D(#7009,#7010);
#7012=IFCRECTANGLEPROFILEDEF(.AREA.,$,#7011,0.16,0.03);
#7013=IFCCARTESIANPOINT((3.0222403187566518,-34.21327963395467,2.3600000000000003));
#7014=IFCAXIS2PLACEMENT3D(#7013,$,$);
#7015=IFCDIRECTION((0.,0.,1.));
#7016=IFCEXTRUDEDAREASOLID(#7012,#7014,#7015,0.18);
#7017=IFCCARTESIANPOINT((0.,0.));
#7018=IFCDIRECTION((-0.05240783382526791,0.9986257652162511));
#7019=IFCAXIS2PLACEMENT2D(#7017,#7018);
#7020=IFCRECTANGLEPROFILEDEF(.AREA.,$,#7019,0.16,0.03);
#7021=IFCCARTESIANPOINT((3.0117587519915983,-34.01355448091142,2.3600000000000003));
#7022=IFCAXIS2PLACEMENT3D(#7021,$,$);
#7023=IFCDIRECTION((0.,0.,1.));
#7024=IFCEXTRUDEDAREASOLID(#7020,#7022,#7023,0.18);
#7025=IFCCARTESIANPOINT((0.,0.));
#7026=IFCDIRECTION((-0.05240783382526791,0.9986257652162511));
#7027=IFCAXIS2PLACEMENT2D(#7025,#7026);
#7028=IFCRECTANGLEPROFILEDEF(.AREA.,$,#7027,0.16,0.03);
#7029=IFCCARTESIANPOINT((3.0012771852265447,-33.81382932786817,2.3600000000000003));
#7030=IFCAXIS2PLACEMENT3D(#7029,$,$);
#7031=IFCDIRECTION((0.,0.,1.));
#7032=IFCEXTRUDEDAREASOLID(#7028,#7030,#7031,0.18);
#7033=IFCCARTESIANPOINT((0.,0.));
#7034=IFCDIRECTION((-0.05240783382526791,0.9986257652162511));
#7035=IFCAXIS2PLACEMENT2D(#7033,#7034);
#7036=IFCRECTANGLEPROFILEDEF(.AREA.,$,#7035,0.16,0.03);
#7037=IFCCARTESIANPOINT((2.9907956184614912,-33.61410417482492,2.3600000000000003));
#7038=IFCAXIS2PLACEMENT3D(#7037,$,$);
#7039=IFCDIRECTION((0.,0.,1.));
#7040=IFCEXTRUDEDAREASOLID(#7036,#7038,#7039,0.18);
#7041=IFCCARTESIANPOINT((0.,0.));
#7042=IFCDIRECTION((-0.05240783382526791,0.9986257652162511));
#7043=IFCAXIS2PLACEMENT2D(#7041,#7042);
#7044=IFCRECTANGLEPROFILEDEF(.AREA.,$,#7043,0.16,0.03);
#7045=IFCCARTESIANPOINT((2.9803140516964377,-33.41437902178168,2.3600000000000003));
#7046=IFCAXIS2PLACEMENT3D(#7045,$,$);
#7047=IFCDIRECTION((0.,0.,1.));
#7048=IFCEXTRUDEDAREASOLID(#7044,#7046,#7047,0.18);
#7049=IFCCARTESIANPOINT((0.,0.));
#7050=IFCDIRECTION((-0.05240783382526791,0.9986257652162511));
#7051=IFCAXIS2PLACEMENT2D(#7049,#7050);
#7052=IFCRECTANGLEPROFILEDEF(.AREA.,$,#7051,0.16,0.03);
#7053=IFCCARTESIANPOINT((2.9698324849313837,-33.214653868738424,2.3600000000000003));
#7054=IFCAXIS2PLACEMENT3D(#7053,$,$);
#7055=IFCDIRECTION((0.,0.,1.));
#7056=IFCEXTRUDEDAREASOLID(#7052,#7054,#7055,0.18);
#7057=IFCCARTESIANPOINT((0.,0.));
#7058=IFCDIRECTION((-0.05240783382526791,0.9986257652162511));
#7059=IFCAXIS2PLACEMENT2D(#7057,#7058);
#7060=IFCRECTANGLEPROFILEDEF(.AREA.,$,#7059,0.16,0.03);
#7061=IFCCARTESIANPOINT((2.9593509181663302,-33.01492871569517,2.3600000000000003));
#7062=IFCAXIS2PLACEMENT3D(#7061,$,$);
#7063=IFCDIRECTION((0.,0.,1.));
#7064=IFCEXTRUDEDAREASOLID(#7060,#7062,#7063,0.18);
#7065=IFCCARTESIANPOINT((0.,0.));
#7066=IFCDIRECTION((-0.05240783382526791,0.9986257652162511));
#7067=IFCAXIS2PLACEMENT2D(#7065,#7066);
#7068=IFCRECTANGLEPROFILEDEF(.AREA.,$,#7067,0.16,0.03);
#7069=IFCCARTESIANPOINT((2.9488693514012767,-32.815203562651924,2.3600000000000003));
#7070=IFCAXIS2PLACEMENT3D(#7069,$,$);
#7071=IFCDIRECTION((0.,0.,1.));
#7072=IFCEXTRUDEDAREASOLID(#7068,#7070,#7071,0.18);
#7073=IFCCARTESIANPOINT((0.,0.));
#7074=IFCDIRECTION((-0.05240783382526791,0.9986257652162511));
#7075=IFCAXIS2PLACEMENT2D(#7073,#7074);
#7076=IFCRECTANGLEPROFILEDEF(.AREA.,$,#7075,0.16,0.03);
#7077=IFCCARTESIANPOINT((2.938387784636223,-32.61547840960867,2.3600000000000003));
#7078=IFCAXIS2PLACEMENT3D(#7077,$,$);
#7079=IFCDIRECTION((0.,0.,1.));
#7080=IFCEXTRUDEDAREASOLID(#7076,#7078,#7079,0.18);
#7081=IFCCARTESIANPOINT((0.,0.));
#7082=IFCDIRECTION((-0.05240783382526791,0.9986257652162511));
#7083=IFCAXIS2PLACEMENT2D(#7081,#7082);
#7084=IFCRECTANGLEPROFILEDEF(.AREA.,$,#7083,0.16,0.03);
#7085=IFCCARTESIANPOINT((2.9279062178711697,-32.415753256565424,2.3600000000000003));
#7086=IFCAXIS2PLACEMENT3D(#7085,$,$);
#7087=IFCDIRECTION((0.,0.,1.));
#7088=IFCEXTRUDEDAREASOLID(#7084,#7086,#7087,0.18);
#7089=IFCCARTESIANPOINT((0.,0.));
#7090=IFCDIRECTION((-0.05240783382526791,0.9986257652162511));
#7091=IFCAXIS2PLACEMENT2D(#7089,#7090);
#7092=IFCRECTANGLEPROFILEDEF(.AREA.,$,#7091,0.16,0.03);
#7093=IFCCARTESIANPOINT((2.906943084341062,-32.01630295047892,2.3600000000000003));
#7094=IFCAXIS2PLACEMENT3D(#7093,$,$);
#7095=IFCDIRECTION((0.,0.,1.));
#7096=IFCEXTRUDEDAREASOLID(#7092,#7094,#7095,0.18);
#7097=IFCCARTESIANPOINT((0.,0.));
#7098=IFCDIRECTION((-0.05240783382526791,0.9986257652162511));
#7099=IFCAXIS2PLACEMENT2D(#7097,#7098);
#7100=IFCRECTANGLEPROFILEDEF(.AREA.,$,#7099,0.16,0.03);
#7101=IFCCARTESIANPOINT((2.896461517576009,-31.81657779743567,2.3600000000000003));
#7102=IFCAXIS2PLACEMENT3D(#7101,$,$);
#7103=IFCDIRECTION((0.,0.,1.));
#7104=IFCEXTRUDEDAREASOLID(#7100,#7102,#7103,0.18);
#7105=IFCCARTESIANPOINT((0.,0.));
#7106=IFCDIRECTION((-0.05240783382526791,0.9986257652162511));
#7107=IFCAXIS2PLACEMENT2D(#7105,#7106);
#7108=IFCRECTANGLEPROFILEDEF(.AREA.,$,#7107,0.16,0.03);
#7109=IFCCARTESIANPOINT((2.885979950810955,-31.616852644392416,2.3600000000000003));
#7110=IFCAXIS2PLACEMENT3D(#7109,$,$);
#7111=IFCDIRECTION((0.,0.,1.));
#7112=IFCEXTRUDEDAREASOLID(#7108,#7110,#7111,0.18);
#7113=IFCCARTESIANPOINT((0.,0.));
#7114=IFCDIRECTION((-0.05240783382526791,0.9986257652162511));
#7115=IFCAXIS2PLACEMENT2D(#7113,#7114);
#7116=IFCRECTANGLEPROFILEDEF(.AREA.,$,#7115,0.16,0.03);
#7117=IFCCARTESIANPOINT((2.8754983840459016,-31.41712749134917,2.3600000000000003));
#7118=IFCAXIS2PLACEMENT3D(#7117,$,$);
#7119=IFCDIRECTION((0.,0.,1.));
#7120=IFCEXTRUDEDAREASOLID(#7116,#7118,#7119,0.18);
#7121=IFCCARTESIANPOINT((0.,0.));
#7122=IFCDIRECTION((-0.05240783382526791,0.9986257652162511));
#7123=IFCAXIS2PLACEMENT2D(#7121,#7122);
#7124=IFCRECTANGLEPROFILEDEF(.AREA.,$,#7123,0.16,0.03);
#7125=IFCCARTESIANPOINT((2.865016817280848,-31.217402338305916,2.3600000000000003));
#7126=IFCAXIS2PLACEMENT3D(#7125,$,$);
#7127=IFCDIRECTION((0.,0.,1.));
#7128=IFCEXTRUDEDAREASOLID(#7124,#7126,#7127,0.18);
#7129=IFCCARTESIANPOINT((0.,0.));
#7130=IFCDIRECTION((-0.05240783382526791,0.9986257652162511));
#7131=IFCAXIS2PLACEMENT2D(#7129,#7130);
#7132=IFCRECTANGLEPROFILEDEF(.AREA.,$,#7131,0.16,0.03);
#7133=IFCCARTESIANPOINT((2.8545352505157946,-31.017677185262663,2.3600000000000003));
#7134=IFCAXIS2PLACEMENT3D(#7133,$,$);
#7135=IFCDIRECTION((0.,0.,1.));
#7136=IFCEXTRUDEDAREASOLID(#7132,#7134,#7135,0.18);
#7137=IFCCARTESIANPOINT((0.,0.));
#7138=IFCDIRECTION((-0.05240783382526791,0.9986257652162511));
#7139=IFCAXIS2PLACEMENT2D(#7137,#7138);
#7140=IFCRECTANGLEPROFILEDEF(.AREA.,$,#7139,0.16,0.03);
#7141=IFCCARTESIANPOINT((2.844053683750741,-30.817952032219416,2.3600000000000003));
#7142=IFCAXIS2PLACEMENT3D(#7141,$,$);
#7143=IFCDIRECTION((0.,0.,1.));
#7144=IFCEXTRUDEDAREASOLID(#7140,#7142,#7143,0.18);
#7145=IFCCARTESIANPOINT((0.,0.));
#7146=IFCDIRECTION((-0.05240783382526791,0.9986257652162511));
#7147=IFCAXIS2PLACEMENT2D(#7145,#7146);
#7148=IFCRECTANGLEPROFILEDEF(.AREA.,$,#7147,0.16,0.03);
#7149=IFCCARTESIANPOINT((2.833572116985687,-30.61822687917617,2.3600000000000003));
#7150=IFCAXIS2PLACEMENT3D(#7149,$,$);
#7151=IFCDIRECTION((0.,0.,1.));
#7152=IFCEXTRUDEDAREASOLID(#7148,#7150,#7151,0.18);
#7153=IFCCARTESIANPOINT((0.,0.));
#7154=IFCDIRECTION((-0.05240783382526791,0.9986257652162511));
#7155=IFCAXIS2PLACEMENT2D(#7153,#7154);
#7156=IFCRECTANGLEPROFILEDEF(.AREA.,$,#7155,0.16,0.03);
#7157=IFCCARTESIANPOINT((2.823090550220634,-30.418501726132924,2.3600000000000003));
#7158=IFCAXIS2PLACEMENT3D(#7157,$,$);
#7159=IFCDIRECTION((0.,0.,1.));
#7160=IFCEXTRUDEDAREASOLID(#7156,#7158,#7159,0.18);
#7161=IFCCARTESIANPOINT((0.,0.));
#7162=IFCDIRECTION((-0.05240783382526791,0.9986257652162511));
#7163=IFCAXIS2PLACEMENT2D(#7161,#7162);
#7164=IFCRECTANGLEPROFILEDEF(.AREA.,$,#7163,0.16,0.03);
#7165=IFCCARTESIANPOINT((2.81260898345558,-30.21877657308967,2.3600000000000003));
#7166=IFCAXIS2PLACEMENT3D(#7165,$,$);
#7167=IFCDIRECTION((0.,0.,1.));
#7168=IFCEXTRUDEDAREASOLID(#7164,#7166,#7167,0.18);
#7169=IFCCARTESIANPOINT((0.,0.));
#7170=IFCDIRECTION((-0.05240783382526791,0.9986257652162511));
#7171=IFCAXIS2PLACEMENT2D(#7169,#7170);
#7172=IFCRECTANGLEPROFILEDEF(.AREA.,$,#7171,0.16,0.03);
#7173=IFCCARTESIANPOINT((2.8021274166905266,-30.019051420046416,2.3600000000000003));
#7174=IFCAXIS2PLACEMENT3D(#7173,$,$);
#7175=IFCDIRECTION((0.,0.,1.));
#7176=IFCEXTRUDEDAREASOLID(#7172,#7174,#7175,0.18);
#7177=IFCCARTESIANPOINT((0.,0.));
#7178=IFCDIRECTION((-0.05240783382526791,0.9986257652162511));
#7179=IFCAXIS2PLACEMENT2D(#7177,#7178);
#7180=IFCRECTANGLEPROFILEDEF(.AREA.,$,#7179,0.16,0.03);
#7181=IFCCARTESIANPOINT((2.313711334566005,-34.450738427352114,2.3600000000000003));
#7182=IFCAXIS2PLACEMENT3D(#7181,$,$);
#7183=IFCDIRECTION((0.,0.,1.));
#7184=IFCEXTRUDEDAREASOLID(#7180,#7182,#7183,0.18);
#7185=IFCCARTESIANPOINT((0.,0.));
#7186=IFCDIRECTION((-0.05240783382526791,0.9986257652162511));
#7187=IFCAXIS2PLACEMENT2D(#7185,#7186);
#7188=IFCRECTANGLEPROFILEDEF(.AREA.,$,#7187,0.16,0.03);
#7189=IFCCARTESIANPOINT((2.3032297678009512,-34.25101327430886,2.3600000000000003));
#7190=IFCAXIS2PLACEMENT3D(#7189,$,$);
#7191=IFCDIRECTION((0.,0.,1.));
#7192=IFCEXTRUDEDAREASOLID(#7188,#7190,#7191,0.18);
#7193=IFCCARTESIANPOINT((0.,0.));
#7194=IFCDIRECTION((-0.05240783382526791,0.9986257652162511));
#7195=IFCAXIS2PLACEMENT2D(#7193,#7194);
#7196=IFCRECTANGLEPROFILEDEF(.AREA.,$,#7195,0.16,0.03);
#7197=IFCCARTESIANPOINT((2.2927482010358977,-34.05128812126561,2.3600000000000003));
#7198=IFCAXIS2PLACEMENT3D(#7197,$,$);
#7199=IFCDIRECTION((0.,0.,1.));
#7200=IFCEXTRUDEDAREASOLID(#7196,#7198,#7199,0.18);
#7201=IFCCARTESIANPOINT((0.,0.));
#7202=IFCDIRECTION((-0.05240783382526791,0.9986257652162511));
#7203=IFCAXIS2PLACEMENT2D(#7201,#7202);
#7204=IFCRECTANGLEPROFILEDEF(.AREA.,$,#7203,0.16,0.03);
#7205=IFCCARTESIANPOINT((2.282266634270844,-33.85156296822236,2.3600000000000003));
#7206=IFCAXIS2PLACEMENT3D(#7205,$,$);
#7207=IFCDIRECTION((0.,0.,1.));
#7208=IFCEXTRUDEDAREASOLID(#7204,#7206,#7207,0.18);
#7209=IFCCARTESIANPOINT((0.,0.));
#7210=IFCDIRECTION((-0.05240783382526791,0.9986257652162511));
#7211=IFCAXIS2PLACEMENT2D(#7209,#7210);
#7212=IFCRECTANGLEPROFILEDEF(.AREA.,$,#7211,0.16,0.03);
#7213=IFCCARTESIANPOINT((2.2717850675057907,-33.65183781517911,2.3600000000000003));
#7214=IFCAXIS2PLACEMENT3D(#7213,$,$);
#7215=IFCDIRECTION((0.,0.,1.));
#7216=IFCEXTRUDEDAREASOLID(#7212,#7214,#7215,0.18);
#7217=IFCCARTESIANPOINT((0.,0.));
#7218=IFCDIRECTION((-0.05240783382526791,0.9986257652162511));
#7219=IFCAXIS2PLACEMENT2D(#7217,#7218);
#7220=IFCRECTANGLEPROFILEDEF(.AREA.,$,#7219,0.16,0.03);
#7221=IFCCARTESIANPOINT((2.261303500740737,-33.45211266213587,2.3600000000000003));
#7222=IFCAXIS2PLACEMENT3D(#7221,$,$);
#7223=IFCDIRECTION((0.,0.,1.));
#7224=IFCEXTRUDEDAREASOLID(#7220,#7222,#7223,0.18);
#7225=IFCCARTESIANPOINT((0.,0.));
#7226=IFCDIRECTION((-0.05240783382526791,0.9986257652162511));
#7227=IFCAXIS2PLACEMENT2D(#7225,#7226);
#7228=IFCRECTANGLEPROFILEDEF(.AREA.,$,#7227,0.16,0.03);
#7229=IFCCARTESIANPOINT((2.250821933975683,-33.252387509092614,2.3600000000000003));
#7230=IFCAXIS2PLACEMENT3D(#7229,$,$);
#7231=IFCDIRECTION((0.,0.,1.));
#7232=IFCEXTRUDEDAREASOLID(#7228,#7230,#7231,0.18);
#7233=IFCCARTESIANPOINT((0.,0.));
#7234=IFCDIRECTION((-0.05240783382526791,0.9986257652162511));
#7235=IFCAXIS2PLACEMENT2D(#7233,#7234);
#7236=IFCRECTANGLEPROFILEDEF(.AREA.,$,#7235,0.16,0.03);
#7237=IFCCARTESIANPOINT((2.2403403672106297,-33.05266235604936,2.3600000000000003));
#7238=IFCAXIS2PLACEMENT3D(#7237,$,$);
#7239=IFCDIRECTION((0.,0.,1.));
#7240=IFCEXTRUDEDAREASOLID(#7236,#7238,#7239,0.18);
#7241=IFCCARTESIANPOINT((0.,0.));
#7242=IFCDIRECTION((-0.05240783382526791,0.9986257652162511));
#7243=IFCAXIS2PLACEMENT2D(#7241,#7242);
#7244=IFCRECTANGLEPROFILEDEF(.AREA.,$,#7243,0.16,0.03);
#7245=IFCCARTESIANPOINT((2.229858800445576,-32.852937203006114,2.3600000000000003));
#7246=IFCAXIS2PLACEMENT3D(#7245,$,$);
#7247=IFCDIRECTION((0.,0.,1.));
#7248=IFCEXTRUDEDAREASOLID(#7244,#7246,#7247,0.18);
#7249=IFCCARTESIANPOINT((0.,0.));
#7250=IFCDIRECTION((-0.05240783382526791,0.9986257652162511));
#7251=IFCAXIS2PLACEMENT2D(#7249,#7250);
#7252=IFCRECTANGLEPROFILEDEF(.AREA.,$,#7251,0.16,0.03);
#7253=IFCCARTESIANPOINT((2.2193772336805226,-32.65321204996286,2.3600000000000003));
#7254=IFCAXIS2PLACEMENT3D(#7253,$,$);
#7255=IFCDIRECTION((0.,0.,1.));
#7256=IFCEXTRUDEDAREASOLID(#7252,#7254,#7255,0.18);
#7257=IFCCARTESIANPOINT((0.,0.));
#7258=IFCDIRECTION((-0.05240783382526791,0.9986257652162511));
#7259=IFCAXIS2PLACEMENT2D(#7257,#7258);
#7260=IFCRECTANGLEPROFILEDEF(.AREA.,$,#7259,0.16,0.03);
#7261=IFCCARTESIANPOINT((2.208895666915469,-32.453486896919614,2.3600000000000003));
#7262=IFCAXIS2PLACEMENT3D(#7261,$,$);
#7263=IFCDIRECTION((0.,0.,1.));
#7264=IFCEXTRUDEDAREASOLID(#7260,#7262,#7263,0.18);
#7265=IFCCARTESIANPOINT((0.,0.));
#7266=IFCDIRECTION((-0.05240783382526791,0.9986257652162511));
#7267=IFCAXIS2PLACEMENT2D(#7265,#7266);
#7268=IFCRECTANGLEPROFILEDEF(.AREA.,$,#7267,0.16,0.03);
#7269=IFCCARTESIANPOINT((2.1879325333853616,-32.05403659083311,2.3600000000000003));
#7270=IFCAXIS2PLACEMENT3D(#7269,$,$);
#7271=IFCDIRECTION((0.,0.,1.));
#7272=IFCEXTRUDEDAREASOLID(#7268,#7270,#7271,0.18);
#7273=IFCCARTESIANPOINT((0.,0.));
#7274=IFCDIRECTION((-0.05240783382526791,0.9986257652162511));
#7275=IFCAXIS2PLACEMENT2D(#7273,#7274);
#7276=IFCRECTANGLEPROFILEDEF(.AREA.,$,#7275,0.16,0.03);
#7277=IFCCARTESIANPOINT((2.1774509666203086,-31.85431143778986,2.3600000000000003));
#7278=IFCAXIS2PLACEMENT3D(#7277,$,$);
#7279=IFCDIRECTION((0.,0.,1.));
#7280=IFCEXTRUDEDAREASOLID(#7276,#7278,#7279,0.18);
#7281=IFCCARTESIANPOINT((0.,0.));
#7282=IFCDIRECTION((-0.05240783382526791,0.9986257652162511));
#7283=IFCAXIS2PLACEMENT2D(#7281,#7282);
#7284=IFCRECTANGLEPROFILEDEF(.AREA.,$,#7283,0.16,0.03);
#7285=IFCCARTESIANPOINT((2.1669693998552546,-31.654586284746607,2.3600000000000003));
#7286=IFCAXIS2PLACEMENT3D(#7285,$,$);
#7287=IFCDIRECTION((0.,0.,1.));
#7288=IFCEXTRUDEDAREASOLID(#7284,#7286,#7287,0.18);
#7289=IFCCARTESIANPOINT((0.,0.));
#7290=IFCDIRECTION((-0.05240783382526791,0.9986257652162511));
#7291=IFCAXIS2PLACEMENT2D(#7289,#7290);
#7292=IFCRECTANGLEPROFILEDEF(.AREA.,$,#7291,0.16,0.03);
#7293=IFCCARTESIANPOINT((2.156487833090201,-31.45486113170336,2.3600000000000003));
#7294=IFCAXIS2PLACEMENT3D(#7293,$,$);
#7295=IFCDIRECTION((0.,0.,1.));
#7296=IFCEXTRUDEDAREASOLID(#7292,#7294,#7295,0.18);
#7297=IFCCARTESIANPOINT((0.,0.));
#7298=IFCDIRECTION((-0.05240783382526791,0.9986257652162511));
#7299=IFCAXIS2PLACEMENT2D(#7297,#7298);
#7300=IFCRECTANGLEPROFILEDEF(.AREA.,$,#7299,0.16,0.03);
#7301=IFCCARTESIANPOINT((2.1460062663251476,-31.255135978660107,2.3600000000000003));
#7302=IFCAXIS2PLACEMENT3D(#7301,$,$);
#7303=IFCDIRECTION((0.,0.,1.));
#7304=IFCEXTRUDEDAREASOLID(#7300,#7302,#7303,0.18);
#7305=IFCCARTESIANPOINT((0.,0.));
#7306=IFCDIRECTION((-0.05240783382526791,0.9986257652162511));
#7307=IFCAXIS2PLACEMENT2D(#7305,#7306);
#7308=IFCRECTANGLEPROFILEDEF(.AREA.,$,#7307,0.16,0.03);
#7309=IFCCARTESIANPOINT((2.135524699560094,-31.055410825616853,2.3600000000000003));
#7310=IFCAXIS2PLACEMENT3D(#7309,$,$);
#7311=IFCDIRECTION((0.,0.,1.));
#7312=IFCEXTRUDEDAREASOLID(#7308,#7310,#7311,0.18);
#7313=IFCCARTESIANPOINT((0.,0.));
#7314=IFCDIRECTION((-0.05240783382526791,0.9986257652162511));
#7315=IFCAXIS2PLACEMENT2D(#7313,#7314);
#7316=IFCRECTANGLEPROFILEDEF(.AREA.,$,#7315,0.16,0.03);
#7317=IFCCARTESIANPOINT((2.1250431327950405,-30.855685672573607,2.3600000000000003));
#7318=IFCAXIS2PLACEMENT3D(#7317,$,$);
#7319=IFCDIRECTION((0.,0.,1.));
#7320=IFCEXTRUDEDAREASOLID(#7316,#7318,#7319,0.18);
#7321=IFCCARTESIANPOINT((0.,0.));
#7322=IFCDIRECTION((-0.05240783382526791,0.9986257652162511));
#7323=IFCAXIS2PLACEMENT2D(#7321,#7322);
#7324=IFCRECTANGLEPROFILEDEF(.AREA.,$,#7323,0.16,0.03);
#7325=IFCCARTESIANPOINT((2.1145615660299866,-30.65596051953036,2.3600000000000003));
#7326=IFCAXIS2PLACEMENT3D(#7325,$,$);
#7327=IFCDIRECTION((0.,0.,1.));
#7328=IFCEXTRUDEDAREASOLID(#7324,#7326,#7327,0.18);
#7329=IFCCARTESIANPOINT((0.,0.));
#7330=IFCDIRECTION((-0.05240783382526791,0.9986257652162511));
#7331=IFCAXIS2PLACEMENT2D(#7329,#7330);
#7332=IFCRECTANGLEPROFILEDEF(.AREA.,$,#7331,0.16,0.03);
#7333=IFCCARTESIANPOINT((2.1040799992649335,-30.456235366487114,2.3600000000000003));
#7334=IFCAXIS2PLACEMENT3D(#7333,$,$);
#7335=IFCDIRECTION((0.,0.,1.));
#7336=IFCEXTRUDEDAREASOLID(#7332,#7334,#7335,0.18);
#7337=IFCCARTESIANPOINT((0.,0.));
#7338=IFCDIRECTION((-0.05240783382526791,0.9986257652162511));
#7339=IFCAXIS2PLACEMENT2D(#7337,#7338);
#7340=IFCRECTANGLEPROFILEDEF(.AREA.,$,#7339,0.16,0.03);
#7341=IFCCARTESIANPOINT((2.0935984324998795,-30.25651021344386,2.3600000000000003));
#7342=IFCAXIS2PLACEMENT3D(#7341,$,$);
#7343=IFCDIRECTION((0.,0.,1.));
#7344=IFCEXTRUDEDAREASOLID(#7340,#7342,#7343,0.18);
#7345=IFCCARTESIANPOINT((0.,0.));
#7346=IFCDIRECTION((-0.05240783382526791,0.9986257652162511));
#7347=IFCAXIS2PLACEMENT2D(#7345,#7346);
#7348=IFCRECTANGLEPROFILEDEF(.AREA.,$,#7347,0.16,0.03);
#7349=IFCCARTESIANPOINT((2.083116865734826,-30.056785060400607,2.3600000000000003));
#7350=IFCAXIS2PLACEMENT3D(#7349,$,$);
#7351=IFCDIRECTION((0.,0.,1.));
#7352=IFCEXTRUDEDAREASOLID(#7348,#7350,#7351,0.18);
#7353=IFCSTYLEDITEM(#7008,(#127),$);
#7354=IFCSTYLEDITEM(#7016,(#127),$);
#7355=IFCSTYLEDITEM(#7024,(#127),$);
#7356=IFCSTYLEDITEM(#7032,(#127),$);
#7357=IFCSTYLEDITEM(#7040,(#127),$);
#7358=IFCSTYLEDITEM(#7048,(#127),$);
#7359=IFCSTYLEDITEM(#7056,(#127),$);
#7360=IFCSTYLEDITEM(#7064,(#127),$);
#7361=IFCSTYLEDITEM(#7072,(#127),$);
#7362=IFCSTYLEDITEM(#7080,(#127),$);
#7363=IFCSTYLEDITEM(#7088,(#127),$);
#7364=IFCSTYLEDITEM(#7096,(#127),$);
#7365=IFCSTYLEDITEM(#7104,(#127),$);
#7366=IFCSTYLEDITEM(#7112,(#127),$);
#7367=IFCSTYLEDITEM(#7120,(#127),$);
#7368=IFCSTYLEDITEM(#7128,(#127),$);
#7369=IFCSTYLEDITEM(#7136,(#127),$);
#7370=IFCSTYLEDITEM(#7144,(#127),$);
#7371=IFCSTYLEDITEM(#7152,(#127),$);
#7372=IFCSTYLEDITEM(#7160,(#127),$);
#7373=IFCSTYLEDITEM(#7168,(#127),$);
#7374=IFCSTYLEDITEM(#7176,(#127),$);
#7375=IFCSTYLEDITEM(#7184,(#127),$);
#7376=IFCSTYLEDITEM(#7192,(#127),$);
#7377=IFCSTYLEDITEM(#7200,(#127),$);
#7378=IFCSTYLEDITEM(#7208,(#127),$);
#7379=IFCSTYLEDITEM(#7216,(#127),$);
#7380=IFCSTYLEDITEM(#7224,(#127),$);
#7381=IFCSTYLEDITEM(#7232,(#127),$);
#7382=IFCSTYLEDITEM(#7240,(#127),$);
#7383=IFCSTYLEDITEM(#7248,(#127),$);
#7384=IFCSTYLEDITEM(#7256,(#127),$);
#7385=IFCSTYLEDITEM(#7264,(#127),$);
#7386=IFCSTYLEDITEM(#7272,(#127),$);
#7387=IFCSTYLEDITEM(#7280,(#127),$);
#7388=IFCSTYLEDITEM(#7288,(#127),$);
#7389=IFCSTYLEDITEM(#7296,(#127),$);
#7390=IFCSTYLEDITEM(#7304,(#127),$);
#7391=IFCSTYLEDITEM(#7312,(#127),$);
#7392=IFCSTYLEDITEM(#7320,(#127),$);
#7393=IFCSTYLEDITEM(#7328,(#127),$);
#7394=IFCSTYLEDITEM(#7336,(#127),$);
#7395=IFCSTYLEDITEM(#7344,(#127),$);
#7396=IFCSTYLEDITEM(#7352,(#127),$);
#7397=IFCSHAPEREPRESENTATION(#16,'Body','SweptSolid',(#7008,#7016,#7024,#7032,#7040,#7048,#7056,#7064,#7072,#7080,#7088,#7096,#7104,#7112,#7120,#7128,#7136,#7144,#7152,#7160,#7168,#7176,#7184,#7192,#7200,#7208,#7216,#7224,#7232,#7240,#7248,#7256,#7264,#7272,#7280,#7288,#7296,#7304,#7312,#7320,#7328,#7336,#7344,#7352));
#7398=IFCPRODUCTDEFINITIONSHAPE($,$,(#7397));
#7399=IFCLOCALPLACEMENT(#23,#13);
#7400=IFCBUILDINGELEMENTPROXY('0DrBDd9ib1qgJmt_eQUN19',#5,'Kiosk 1 lettering',$,'Lettering ELIELINAUKIO \X2\00B7\X0\ ELIELPLATSEN',#7399,#7398,'EL-PRX-060',.USERDEFINED.);
#7401=IFCRELASSOCIATESMATERIAL('1Rpfuu65v5qOlyoUjVUIYT',#5,$,$,(#7400),#128);
#7402=IFCPROPERTYSINGLEVALUE('Reference',$,IFCLABEL('Lettering ELIELINAUKIO \X2\00B7\X0\ ELIELPLATSEN'),$);
#7403=IFCPROPERTYSINGLEVALUE('IsExternal',$,IFCBOOLEAN(.T.),$);
#7404=IFCPROPERTYSINGLEVALUE('Status',$,IFCLABEL('EXISTING'),$);
#7405=IFCPROPERTYSET('2b3CQPRVL0hRGwqAXX0frr',#5,'Pset_BuildingElementProxyCommon',$,(#7402,#7403,#7404));
#7406=IFCRELDEFINESBYPROPERTIES('15D40TLq5AcfwHu3NpRvdO',#5,$,$,(#7400),#7405);
#7407=IFCPROPERTYSINGLEVALUE('Material',$,IFCLABEL('Timetable panel'),$);
#7408=IFCPROPERTYSINGLEVALUE('Category',$,IFCLABEL('Metal'),$);
#7409=IFCPROPERTYSET('1NVnvbSRn4Sx2Ku9yiFQeS',#5,'Pset_CDE_Material',$,(#7407,#7408));
#7410=IFCRELDEFINESBYPROPERTIES('0XJLP$p91E8BC7HHG1C0g2',#5,$,$,(#7400),#7409);
#7411=IFCPROPERTYSINGLEVALUE('GeometrySource',$,IFCLABEL('Photograph'),$);
#7412=IFCPROPERTYSINGLEVALUE('Confidence',$,IFCLABEL('Medium'),$);
#7413=IFCPROPERTYSINGLEVALUE('Reference',$,IFCLABEL('PHOTO'),$);
#7414=IFCPROPERTYSET('3kEy5py5942Bg4_c6OFyGT',#5,'Pset_CDE_Provenance',$,(#7411,#7412,#7413));
#7415=IFCRELDEFINESBYPROPERTIES('34rem2oiD6TRTyMQPO$YQc',#5,$,$,(#7400),#7414);
#7416=IFCCARTESIANPOINT((0.,0.));
#7417=IFCDIRECTION((-0.05240783382526791,0.9986257652162511));
#7418=IFCAXIS2PLACEMENT2D(#7416,#7417);
#7419=IFCRECTANGLEPROFILEDEF(.AREA.,$,#7418,1.15,0.03);
#7420=IFCCARTESIANPOINT((3.021745009643761,-34.013030402573165,0.86));
#7421=IFCAXIS2PLACEMENT3D(#7420,$,$);
#7422=IFCDIRECTION((0.,0.,1.));
#7423=IFCEXTRUDEDAREASOLID(#7419,#7421,#7422,1.25);
#7424=IFCCARTESIANPOINT((0.,0.));
#7425=IFCDIRECTION((-0.05240783382526791,0.9986257652162511));
#7426=IFCAXIS2PLACEMENT2D(#7424,#7425);
#7427=IFCRECTANGLEPROFILEDEF(.AREA.,$,#7426,1.15,0.03);
#7428=IFCCARTESIANPOINT((2.953614825670913,-32.71481690779204,0.86));
#7429=IFCAXIS2PLACEMENT3D(#7428,$,$);
#7430=IFCDIRECTION((0.,0.,1.));
#7431=IFCEXTRUDEDAREASOLID(#7427,#7429,#7430,1.25);
#7432=IFCSTYLEDITEM(#7423,(#148),$);
#7433=IFCSTYLEDITEM(#7431,(#148),$);
#7434=IFCSHAPEREPRESENTATION(#16,'Body','SweptSolid',(#7423,#7431));
#7435=IFCPRODUCTDEFINITIONSHAPE($,$,(#7434));
#7436=IFCLOCALPLACEMENT(#23,#13);
#7437=IFCBUILDINGELEMENTPROXY('1rBoD_LU12ngYDEVsVZSQd',#5,'Kiosk 1 maps east',$,'Network map and timetable',#7436,#7435,'EL-PRX-061',.USERDEFINED.);
#7438=IFCRELASSOCIATESMATERIAL('1iDvsNXbnDGvf9DyeJbe4o',#5,$,$,(#7437),#149);
#7439=IFCPROPERTYSINGLEVALUE('Reference',$,IFCLABEL('Network map and timetable'),$);
#7440=IFCPROPERTYSINGLEVALUE('IsExternal',$,IFCBOOLEAN(.T.),$);
#7441=IFCPROPERTYSINGLEVALUE('Status',$,IFCLABEL('EXISTING'),$);
#7442=IFCPROPERTYSET('02XvOBDHT3RB1gR73tthij',#5,'Pset_BuildingElementProxyCommon',$,(#7439,#7440,#7441));
#7443=IFCRELDEFINESBYPROPERTIES('0jWDRBCzr6wQcAtIR9rMca',#5,$,$,(#7437),#7442);
#7444=IFCPROPERTYSINGLEVALUE('Material',$,IFCLABEL('Map and information panel'),$);
#7445=IFCPROPERTYSINGLEVALUE('Category',$,IFCLABEL('Plastic'),$);
#7446=IFCPROPERTYSET('2u0csjXnXCex6S88zb35j8',#5,'Pset_CDE_Material',$,(#7444,#7445));
#7447=IFCRELDEFINESBYPROPERTIES('2ghO4HoQTD2vsflFJqk94o',#5,$,$,(#7437),#7446);
#7448=IFCPROPERTYSINGLEVALUE('GeometrySource',$,IFCLABEL('Photograph'),$);
#7449=IFCPROPERTYSINGLEVALUE('Confidence',$,IFCLABEL('Low'),$);
#7450=IFCPROPERTYSINGLEVALUE('Reference',$,IFCLABEL('PHOTO'),$);
#7451=IFCPROPERTYSET('1eUCxLMufELxc49tzMlKsr',#5,'Pset_CDE_Provenance',$,(#7448,#7449,#7450));
#7452=IFCRELDEFINESBYPROPERTIES('2q54CcH4n9_PUWevkaC33J',#5,$,$,(#7437),#7451);
#7453=IFCCARTESIANPOINT((0.,0.));
#7454=IFCDIRECTION((-0.05240783382526791,0.9986257652162511));
#7455=IFCAXIS2PLACEMENT2D(#7453,#7454);
#7456=IFCRECTANGLEPROFILEDEF(.AREA.,$,#7455,1.5,0.04);
#7457=IFCCARTESIANPOINT((2.859280724785431,-30.91729053040279,1.06));
#7458=IFCAXIS2PLACEMENT3D(#7457,$,$);
#7459=IFCDIRECTION((0.,0.,1.));
#7460=IFCEXTRUDEDAREASOLID(#7456,#7458,#7459,0.95);
#7461=IFCSTYLEDITEM(#7460,(#134),$);
#7462=IFCSHAPEREPRESENTATION(#16,'Body','SweptSolid',(#7460));
#7463=IFCPRODUCTDEFINITIONSHAPE($,$,(#7462));
#7464=IFCLOCALPLACEMENT(#23,#13);
#7465=IFCBUILDINGELEMENTPROXY('28wpJlHr56xhuizh7dK_V6',#5,'Kiosk 1 departure display east',$,'Departure display',#7464,#7463,'EL-PRX-062',.USERDEFINED.);
#7466=IFCRELASSOCIATESMATERIAL('1H8CP0poT1J8XzN$fyQvLz',#5,$,$,(#7465),#135);
#7467=IFCPROPERTYSINGLEVALUE('Reference',$,IFCLABEL('Departure display'),$);
#7468=IFCPROPERTYSINGLEVALUE('IsExternal',$,IFCBOOLEAN(.T.),$);
#7469=IFCPROPERTYSINGLEVALUE('Status',$,IFCLABEL('EXISTING'),$);
#7470=IFCPROPERTYSET('20fCEDW4D8iQRLy_5fzmgA',#5,'Pset_BuildingElementProxyCommon',$,(#7467,#7468,#7469));
#7471=IFCRELDEFINESBYPROPERTIES('0hkB5X6jT2ROIm5TBtDBDB',#5,$,$,(#7465),#7470);
#7472=IFCPROPERTYSINGLEVALUE('Material',$,IFCLABEL('Departure display'),$);
#7473=IFCPROPERTYSINGLEVALUE('Category',$,IFCLABEL('Glass'),$);
#7474=IFCPROPERTYSET('0Xe9cNc5P7uwCb63HIYP5T',#5,'Pset_CDE_Material',$,(#7472,#7473));
#7475=IFCRELDEFINESBYPROPERTIES('15oAcS2WL8ax$tXbtJDefB',#5,$,$,(#7465),#7474);
#7476=IFCPROPERTYSINGLEVALUE('GeometrySource',$,IFCLABEL('Night photograph'),$);
#7477=IFCPROPERTYSINGLEVALUE('Confidence',$,IFCLABEL('Medium'),$);
#7478=IFCPROPERTYSINGLEVALUE('Reference',$,IFCLABEL('PHOTO'),$);
#7479=IFCPROPERTYSET('2pFwtqyfP3OxRDACQRjP1B',#5,'Pset_CDE_Provenance',$,(#7476,#7477,#7478));
#7480=IFCRELDEFINESBYPROPERTIES('05QGXHbYLD2OeNo5pcHi76',#5,$,$,(#7465),#7479);
#7481=IFCPROPERTYSINGLEVALUE('AssetClass',$,IFCLABEL('Systems > Passenger information'),$);
#7482=IFCPROPERTYSINGLEVALUE('InspectionInterval_months',$,IFCINTEGER(6),$);
#7483=IFCPROPERTYSINGLEVALUE('DesignServiceLife_years',$,IFCINTEGER(10),$);
#7484=IFCPROPERTYSINGLEVALUE('Criticality',$,IFCLABEL('High'),$);
#7485=IFCPROPERTYSINGLEVALUE('DataStatus',$,IFCLABEL('Demo values \X2\2014\X0\ to be replaced with the owner''s asset register'),$);
#7486=IFCPROPERTYSET('3iGGPnAw947QAbQIokPuzi',#5,'Pset_CDE_AssetManagement (demo)',$,(#7481,#7482,#7483,#7484,#7485));
#7487=IFCRELDEFINESBYPROPERTIES('0NDHXEAo51tReUorG53KUJ',#5,$,$,(#7465),#7486);
#7488=IFCCARTESIANPOINT((0.,0.));
#7489=IFCDIRECTION((-0.05240783382526791,0.9986257652162511));
#7490=IFCAXIS2PLACEMENT2D(#7488,#7489);
#7491=IFCRECTANGLEPROFILEDEF(.AREA.,$,#7490,1.15,0.03);
#7492=IFCCARTESIANPOINT((2.282761943383735,-34.05181219960386,0.86));
#7493=IFCAXIS2PLACEMENT3D(#7492,$,$);
#7494=IFCDIRECTION((0.,0.,1.));
#7495=IFCEXTRUDEDAREASOLID(#7491,#7493,#7494,1.25);
#7496=IFCCARTESIANPOINT((0.,0.));
#7497=IFCDIRECTION((-0.05240783382526791,0.9986257652162511));
#7498=IFCAXIS2PLACEMENT2D(#7496,#7497);
#7499=IFCRECTANGLEPROFILEDEF(.AREA.,$,#7498,1.15,0.03);
#7500=IFCCARTESIANPOINT((2.214631759410887,-32.753598704822735,0.86));
#7501=IFCAXIS2PLACEMENT3D(#7500,$,$);
#7502=IFCDIRECTION((0.,0.,1.));
#7503=IFCEXTRUDEDAREASOLID(#7499,#7501,#7502,1.25);
#7504=IFCSTYLEDITEM(#7495,(#148),$);
#7505=IFCSTYLEDITEM(#7503,(#148),$);
#7506=IFCSHAPEREPRESENTATION(#16,'Body','SweptSolid',(#7495,#7503));
#7507=IFCPRODUCTDEFINITIONSHAPE($,$,(#7506));
#7508=IFCLOCALPLACEMENT(#23,#13);
#7509=IFCBUILDINGELEMENTPROXY('2BJD6zBZ11nRQQTtAtVkwZ',#5,'Kiosk 1 maps west',$,'Network map and timetable',#7508,#7507,'EL-PRX-063',.USERDEFINED.);
#7510=IFCRELASSOCIATESMATERIAL('2wz$6OF7X3Q9nHAl4_nT_G',#5,$,$,(#7509),#149);
#7511=IFCPROPERTYSINGLEVALUE('Reference',$,IFCLABEL('Network map and timetable'),$);
#7512=IFCPROPERTYSINGLEVALUE('IsExternal',$,IFCBOOLEAN(.T.),$);
#7513=IFCPROPERTYSINGLEVALUE('Status',$,IFCLABEL('EXISTING'),$);
#7514=IFCPROPERTYSET('0E8Bm5fwn7kRCxj0sI1ENg',#5,'Pset_BuildingElementProxyCommon',$,(#7511,#7512,#7513));
#7515=IFCRELDEFINESBYPROPERTIES('18T5Umitn4Dxnu8Ru31i7b',#5,$,$,(#7509),#7514);
#7516=IFCPROPERTYSINGLEVALUE('Material',$,IFCLABEL('Map and information panel'),$);
#7517=IFCPROPERTYSINGLEVALUE('Category',$,IFCLABEL('Plastic'),$);
#7518=IFCPROPERTYSET('0YuLHYjO148PcP87GtC9Fu',#5,'Pset_CDE_Material',$,(#7516,#7517));
#7519=IFCRELDEFINESBYPROPERTIES('11hsBhgwT4dAwde47Odspr',#5,$,$,(#7509),#7518);
#7520=IFCPROPERTYSINGLEVALUE('GeometrySource',$,IFCLABEL('Photograph'),$);
#7521=IFCPROPERTYSINGLEVALUE('Confidence',$,IFCLABEL('Low'),$);
#7522=IFCPROPERTYSINGLEVALUE('Reference',$,IFCLABEL('PHOTO'),$);
#7523=IFCPROPERTYSET('2rjlGHsun4Jev$bh1q95WN',#5,'Pset_CDE_Provenance',$,(#7520,#7521,#7522));
#7524=IFCRELDEFINESBYPROPERTIES('15L9CZnozFjQPS$6ozWAje',#5,$,$,(#7509),#7523);
#7525=IFCCARTESIANPOINT((0.,0.));
#7526=IFCDIRECTION((-0.05240783382526791,0.9986257652162511));
#7527=IFCAXIS2PLACEMENT2D(#7525,#7526);
#7528=IFCRECTANGLEPROFILEDEF(.AREA.,$,#7527,1.5,0.04);
#7529=IFCCARTESIANPOINT((2.1202976585254047,-30.956072327433493,1.06));
#7530=IFCAXIS2PLACEMENT3D(#7529,$,$);
#7531=IFCDIRECTION((0.,0.,1.));
#7532=IFCEXTRUDEDAREASOLID(#7528,#7530,#7531,0.95);
#7533=IFCSTYLEDITEM(#7532,(#134),$);
#7534=IFCSHAPEREPRESENTATION(#16,'Body','SweptSolid',(#7532));
#7535=IFCPRODUCTDEFINITIONSHAPE($,$,(#7534));
#7536=IFCLOCALPLACEMENT(#23,#13);
#7537=IFCBUILDINGELEMENTPROXY('20vFptVCr0yAIYuzawdilB',#5,'Kiosk 1 departure display west',$,'Departure display',#7536,#7535,'EL-PRX-064',.USERDEFINED.);
#7538=IFCRELASSOCIATESMATERIAL('0E8HqbotL1yvTZdXKXtXar',#5,$,$,(#7537),#135);
#7539=IFCPROPERTYSINGLEVALUE('Reference',$,IFCLABEL('Departure display'),$);
#7540=IFCPROPERTYSINGLEVALUE('IsExternal',$,IFCBOOLEAN(.T.),$);
#7541=IFCPROPERTYSINGLEVALUE('Status',$,IFCLABEL('EXISTING'),$);
#7542=IFCPROPERTYSET('2tDqJztbH2vxWOUPs58Ela',#5,'Pset_BuildingElementProxyCommon',$,(#7539,#7540,#7541));
#7543=IFCRELDEFINESBYPROPERTIES('0rwckezBL4c9NL6M_GT9xS',#5,$,$,(#7537),#7542);
#7544=IFCPROPERTYSINGLEVALUE('Material',$,IFCLABEL('Departure display'),$);
#7545=IFCPROPERTYSINGLEVALUE('Category',$,IFCLABEL('Glass'),$);
#7546=IFCPROPERTYSET('0yra4yL_TFMBh4qftW6n7v',#5,'Pset_CDE_Material',$,(#7544,#7545));
#7547=IFCRELDEFINESBYPROPERTIES('2V2bZwnTf9Av5weCrARFIT',#5,$,$,(#7537),#7546);
#7548=IFCPROPERTYSINGLEVALUE('GeometrySource',$,IFCLABEL('Night photograph'),$);
#7549=IFCPROPERTYSINGLEVALUE('Confidence',$,IFCLABEL('Medium'),$);
#7550=IFCPROPERTYSINGLEVALUE('Reference',$,IFCLABEL('PHOTO'),$);
#7551=IFCPROPERTYSET('15$XXgOP9C5eQGW6qc3gkE',#5,'Pset_CDE_Provenance',$,(#7548,#7549,#7550));
#7552=IFCRELDEFINESBYPROPERTIES('0wK$w3pJn5LgtaAF4Qh6EI',#5,$,$,(#7537),#7551);
#7553=IFCPROPERTYSINGLEVALUE('AssetClass',$,IFCLABEL('Systems > Passenger information'),$);
#7554=IFCPROPERTYSINGLEVALUE('InspectionInterval_months',$,IFCINTEGER(6),$);
#7555=IFCPROPERTYSINGLEVALUE('DesignServiceLife_years',$,IFCINTEGER(10),$);
#7556=IFCPROPERTYSINGLEVALUE('Criticality',$,IFCLABEL('High'),$);
#7557=IFCPROPERTYSINGLEVALUE('DataStatus',$,IFCLABEL('Demo values \X2\2014\X0\ to be replaced with the owner''s asset register'),$);
#7558=IFCPROPERTYSET('0dGZQOhnfAqvP0OXB3CKQU',#5,'Pset_CDE_AssetManagement (demo)',$,(#7553,#7554,#7555,#7556,#7557));
#7559=IFCRELDEFINESBYPROPERTIES('2j$ZKG55nBoA3sTFoNeRmb',#5,$,$,(#7537),#7558);
#7560=IFCCARTESIANPOINT((0.,0.));
#7561=IFCDIRECTION((-0.05240783382526791,0.9986257652162511));
#7562=IFCAXIS2PLACEMENT2D(#7560,#7561);
#7563=IFCRECTANGLEPROFILEDEF(.AREA.,$,#7562,5.2,0.7);
#7564=IFCCARTESIANPOINT((-1.5963725000715565,46.92470013100404,0.16));
#7565=IFCAXIS2PLACEMENT3D(#7564,$,$);
#7566=IFCDIRECTION((0.,0.,1.));
#7567=IFCEXTRUDEDAREASOLID(#7563,#7565,#7566,2.5);
#7568=IFCSTYLEDITEM(#7567,(#63),$);
#7569=IFCSHAPEREPRESENTATION(#16,'Body','SweptSolid',(#7567));
#7570=IFCPRODUCTDEFINITIONSHAPE($,$,(#7569));
#7571=IFCLOCALPLACEMENT(#23,#13);
#7572=IFCBUILDINGELEMENTPROXY('2RadkWNdz12uvLfNRAsX8o',#5,'Information kiosk north',$,'Black steel information kiosk',#7571,#7570,'EL-PRX-065',.USERDEFINED.);
#7573=IFCRELASSOCIATESMATERIAL('1HeSc4Q$5E8eRUEbgWAMop',#5,$,$,(#7572),#64);
#7574=IFCPROPERTYSINGLEVALUE('Reference',$,IFCLABEL('Black steel information kiosk'),$);
#7575=IFCPROPERTYSINGLEVALUE('IsExternal',$,IFCBOOLEAN(.T.),$);
#7576=IFCPROPERTYSINGLEVALUE('Status',$,IFCLABEL('EXISTING'),$);
#7577=IFCPROPERTYSET('0rB8I6tCr1aR7smZFrQr7x',#5,'Pset_BuildingElementProxyCommon',$,(#7574,#7575,#7576));
#7578=IFCRELDEFINESBYPROPERTIES('2$IR1RPLzBjQVwFUajQa1m',#5,$,$,(#7572),#7577);
#7579=IFCPROPERTYSINGLEVALUE('Material',$,IFCLABEL('Dark grey painted steel'),$);
#7580=IFCPROPERTYSINGLEVALUE('Category',$,IFCLABEL('Metal'),$);
#7581=IFCPROPERTYSINGLEVALUE('Description',$,IFCLABEL('Canopy structure, poles, kiosks'),$);
#7582=IFCPROPERTYSINGLEVALUE('MassDensity_kg_m3',$,IFCREAL(7850.),$);
#7583=IFCPROPERTYSET('38YzPgryHDLfaJIas3RDwJ',#5,'Pset_CDE_Material',$,(#7579,#7580,#7581,#7582));
#7584=IFCRELDEFINESBYPROPERTIES('2Ex$MjeyDDlxBturdQgskE',#5,$,$,(#7572),#7583);
#7585=IFCPROPERTYSINGLEVALUE('GeometrySource',$,IFCLABEL('Photographs: ELIELINAUKIO \X2\00B7\X0\ ELIELPLATSEN'),$);
#7586=IFCPROPERTYSINGLEVALUE('Confidence',$,IFCLABEL('Medium'),$);
#7587=IFCPROPERTYSINGLEVALUE('Reference',$,IFCLABEL('PHOTO'),$);
#7588=IFCPROPERTYSET('0SO_Hcc$5C_wN4wfiLdhJ_',#5,'Pset_CDE_Provenance',$,(#7585,#7586,#7587));
#7589=IFCRELDEFINESBYPROPERTIES('2GwSMrr791yQT01Rqx318N',#5,$,$,(#7572),#7588);
#7590=IFCPROPERTYSINGLEVALUE('Text',$,IFCLABEL('ELIELINAUKIO \X2\00B7\X0\ ELIELPLATSEN'),$);
#7591=IFCPROPERTYSET('3xxVJ4BljE293FXSSM9BAK',#5,'Pset_CDE_Sign',$,(#7590));
#7592=IFCRELDEFINESBYPROPERTIES('34zQzZZrP7TBOVCDV52XnZ',#5,$,$,(#7572),#7591);
#7593=IFCPROPERTYSINGLEVALUE('AssetClass',$,IFCLABEL('Signs > Kiosks'),$);
#7594=IFCPROPERTYSINGLEVALUE('InspectionInterval_months',$,IFCINTEGER(12),$);
#7595=IFCPROPERTYSINGLEVALUE('DesignServiceLife_years',$,IFCINTEGER(20),$);
#7596=IFCPROPERTYSINGLEVALUE('Criticality',$,IFCLABEL('Medium'),$);
#7597=IFCPROPERTYSINGLEVALUE('DataStatus',$,IFCLABEL('Demo values \X2\2014\X0\ to be replaced with the owner''s asset register'),$);
#7598=IFCPROPERTYSET('1Y6vG8njj5ix1lnHs2D10X',#5,'Pset_CDE_AssetManagement (demo)',$,(#7593,#7594,#7595,#7596,#7597));
#7599=IFCRELDEFINESBYPROPERTIES('2ctJviE3v7kfTOxyhca_1P',#5,$,$,(#7572),#7598);
#7600=IFCCARTESIANPOINT((0.,0.));
#7601=IFCDIRECTION((-0.05240783382526791,0.9986257652162511));
#7602=IFCAXIS2PLACEMENT2D(#7600,#7601);
#7603=IFCRECTANGLEPROFILEDEF(.AREA.,$,#7602,0.16,0.03);
#7604=IFCCARTESIANPOINT((-1.1215699901781166,44.74659026770537,2.3600000000000003));
#7605=IFCAXIS2PLACEMENT3D(#7604,$,$);
#7606=IFCDIRECTION((0.,0.,1.));
#7607=IFCEXTRUDEDAREASOLID(#7603,#7605,#7606,0.18);
#7608=IFCCARTESIANPOINT((0.,0.));
#7609=IFCDIRECTION((-0.05240783382526791,0.9986257652162511));
#7610=IFCAXIS2PLACEMENT2D(#7608,#7609);
#7611=IFCRECTANGLEPROFILEDEF(.AREA.,$,#7610,0.16,0.03);
#7612=IFCCARTESIANPOINT((-1.1320515569431704,44.946315420748626,2.3600000000000003));
#7613=IFCAXIS2PLACEMENT3D(#7612,$,$);
#7614=IFCDIRECTION((0.,0.,1.));
#7615=IFCEXTRUDEDAREASOLID(#7611,#7613,#7614,0.18);
#7616=IFCCARTESIANPOINT((0.,0.));
#7617=IFCDIRECTION((-0.05240783382526791,0.9986257652162511));
#7618=IFCAXIS2PLACEMENT2D(#7616,#7617);
#7619=IFCRECTANGLEPROFILEDEF(.AREA.,$,#7618,0.16,0.03);
#7620=IFCCARTESIANPOINT((-1.1425331237082241,45.14604057379188,2.3600000000000003));
#7621=IFCAXIS2PLACEMENT3D(#7620,$,$);
#7622=IFCDIRECTION((0.,0.,1.));
#7623=IFCEXTRUDEDAREASOLID(#7619,#7621,#7622,0.18);
#7624=IFCCARTESIANPOINT((0.,0.));
#7625=IFCDIRECTION((-0.05240783382526791,0.9986257652162511));
#7626=IFCAXIS2PLACEMENT2D(#7624,#7625);
#7627=IFCRECTANGLEPROFILEDEF(.AREA.,$,#7626,0.16,0.03);
#7628=IFCCARTESIANPOINT((-1.1530146904732774,45.345765726835126,2.3600000000000003));
#7629=IFCAXIS2PLACEMENT3D(#7628,$,$);
#7630=IFCDIRECTION((0.,0.,1.));
#7631=IFCEXTRUDEDAREASOLID(#7627,#7629,#7630,0.18);
#7632=IFCCARTESIANPOINT((0.,0.));
#7633=IFCDIRECTION((-0.05240783382526791,0.9986257652162511));
#7634=IFCAXIS2PLACEMENT2D(#7632,#7633);
#7635=IFCRECTANGLEPROFILEDEF(.AREA.,$,#7634,0.16,0.03);
#7636=IFCCARTESIANPOINT((-1.1634962572383312,45.54549087987838,2.3600000000000003));
#7637=IFCAXIS2PLACEMENT3D(#7636,$,$);
#7638=IFCDIRECTION((0.,0.,1.));
#7639=IFCEXTRUDEDAREASOLID(#7635,#7637,#7638,0.18);
#7640=IFCCARTESIANPOINT((0.,0.));
#7641=IFCDIRECTION((-0.05240783382526791,0.9986257652162511));
#7642=IFCAXIS2PLACEMENT2D(#7640,#7641);
#7643=IFCRECTANGLEPROFILEDEF(.AREA.,$,#7642,0.16,0.03);
#7644=IFCCARTESIANPOINT((-1.1739778240033847,45.745216032921626,2.3600000000000003));
#7645=IFCAXIS2PLACEMENT3D(#7644,$,$);
#7646=IFCDIRECTION((0.,0.,1.));
#7647=IFCEXTRUDEDAREASOLID(#7643,#7645,#7646,0.18);
#7648=IFCCARTESIANPOINT((0.,0.));
#7649=IFCDIRECTION((-0.05240783382526791,0.9986257652162511));
#7650=IFCAXIS2PLACEMENT2D(#7648,#7649);
#7651=IFCRECTANGLEPROFILEDEF(.AREA.,$,#7650,0.16,0.03);
#7652=IFCCARTESIANPOINT((-1.1844593907684382,45.94494118596488,2.3600000000000003));
#7653=IFCAXIS2PLACEMENT3D(#7652,$,$);
#7654=IFCDIRECTION((0.,0.,1.));
#7655=IFCEXTRUDEDAREASOLID(#7651,#7653,#7654,0.18);
#7656=IFCCARTESIANPOINT((0.,0.));
#7657=IFCDIRECTION((-0.05240783382526791,0.9986257652162511));
#7658=IFCAXIS2PLACEMENT2D(#7656,#7657);
#7659=IFCRECTANGLEPROFILEDEF(.AREA.,$,#7658,0.16,0.03);
#7660=IFCCARTESIANPOINT((-1.1949409575334922,46.14466633900813,2.3600000000000003));
#7661=IFCAXIS2PLACEMENT3D(#7660,$,$);
#7662=IFCDIRECTION((0.,0.,1.));
#7663=IFCEXTRUDEDAREASOLID(#7659,#7661,#7662,0.18);
#7664=IFCCARTESIANPOINT((0.,0.));
#7665=IFCDIRECTION((-0.05240783382526791,0.9986257652162511));
#7666=IFCAXIS2PLACEMENT2D(#7664,#7665);
#7667=IFCRECTANGLEPROFILEDEF(.AREA.,$,#7666,0.16,0.03);
#7668=IFCCARTESIANPOINT((-1.2054225242985452,46.34439149205138,2.3600000000000003));
#7669=IFCAXIS2PLACEMENT3D(#7668,$,$);
#7670=IFCDIRECTION((0.,0.,1.));
#7671=IFCEXTRUDEDAREASOLID(#7667,#7669,#7670,0.18);
#7672=IFCCARTESIANPOINT((0.,0.));
#7673=IFCDIRECTION((-0.05240783382526791,0.9986257652162511));
#7674=IFCAXIS2PLACEMENT2D(#7672,#7673);
#7675=IFCRECTANGLEPROFILEDEF(.AREA.,$,#7674,0.16,0.03);
#7676=IFCCARTESIANPOINT((-1.2159040910635992,46.54411664509463,2.3600000000000003));
#7677=IFCAXIS2PLACEMENT3D(#7676,$,$);
#7678=IFCDIRECTION((0.,0.,1.));
#7679=IFCEXTRUDEDAREASOLID(#7675,#7677,#7678,0.18);
#7680=IFCCARTESIANPOINT((0.,0.));
#7681=IFCDIRECTION((-0.05240783382526791,0.9986257652162511));
#7682=IFCAXIS2PLACEMENT2D(#7680,#7681);
#7683=IFCRECTANGLEPROFILEDEF(.AREA.,$,#7682,0.16,0.03);
#7684=IFCCARTESIANPOINT((-1.2263856578286523,46.74384179813788,2.3600000000000003));
#7685=IFCAXIS2PLACEMENT3D(#7684,$,$);
#7686=IFCDIRECTION((0.,0.,1.));
#7687=IFCEXTRUDEDAREASOLID(#7683,#7685,#7686,0.18);
#7688=IFCCARTESIANPOINT((0.,0.));
#7689=IFCDIRECTION((-0.05240783382526791,0.9986257652162511));
#7690=IFCAXIS2PLACEMENT2D(#7688,#7689);
#7691=IFCRECTANGLEPROFILEDEF(.AREA.,$,#7690,0.16,0.03);
#7692=IFCCARTESIANPOINT((-1.2473487913587598,47.143292104224386,2.3600000000000003));
#7693=IFCAXIS2PLACEMENT3D(#7692,$,$);
#7694=IFCDIRECTION((0.,0.,1.));
#7695=IFCEXTRUDEDAREASOLID(#7691,#7693,#7694,0.18);
#7696=IFCCARTESIANPOINT((0.,0.));
#7697=IFCDIRECTION((-0.05240783382526791,0.9986257652162511));
#7698=IFCAXIS2PLACEMENT2D(#7696,#7697);
#7699=IFCRECTANGLEPROFILEDEF(.AREA.,$,#7698,0.16,0.03);
#7700=IFCCARTESIANPOINT((-1.2578303581238133,47.34301725726763,2.3600000000000003));
#7701=IFCAXIS2PLACEMENT3D(#7700,$,$);
#7702=IFCDIRECTION((0.,0.,1.));
#7703=IFCEXTRUDEDAREASOLID(#7699,#7701,#7702,0.18);
#7704=IFCCARTESIANPOINT((0.,0.));
#7705=IFCDIRECTION((-0.05240783382526791,0.9986257652162511));
#7706=IFCAXIS2PLACEMENT2D(#7704,#7705);
#7707=IFCRECTANGLEPROFILEDEF(.AREA.,$,#7706,0.16,0.03);
#7708=IFCCARTESIANPOINT((-1.2683119248888668,47.54274241031088,2.3600000000000003));
#7709=IFCAXIS2PLACEMENT3D(#7708,$,$);
#7710=IFCDIRECTION((0.,0.,1.));
#7711=IFCEXTRUDEDAREASOLID(#7707,#7709,#7710,0.18);
#7712=IFCCARTESIANPOINT((0.,0.));
#7713=IFCDIRECTION((-0.05240783382526791,0.9986257652162511));
#7714=IFCAXIS2PLACEMENT2D(#7712,#7713);
#7715=IFCRECTANGLEPROFILEDEF(.AREA.,$,#7714,0.16,0.03);
#7716=IFCCARTESIANPOINT((-1.2787934916539203,47.742467563354126,2.3600000000000003));
#7717=IFCAXIS2PLACEMENT3D(#7716,$,$);
#7718=IFCDIRECTION((0.,0.,1.));
#7719=IFCEXTRUDEDAREASOLID(#7715,#7717,#7718,0.18);
#7720=IFCCARTESIANPOINT((0.,0.));
#7721=IFCDIRECTION((-0.05240783382526791,0.9986257652162511));
#7722=IFCAXIS2PLACEMENT2D(#7720,#7721);
#7723=IFCRECTANGLEPROFILEDEF(.AREA.,$,#7722,0.16,0.03);
#7724=IFCCARTESIANPOINT((-1.2892750584189743,47.94219271639738,2.3600000000000003));
#7725=IFCAXIS2PLACEMENT3D(#7724,$,$);
#7726=IFCDIRECTION((0.,0.,1.));
#7727=IFCEXTRUDEDAREASOLID(#7723,#7725,#7726,0.18);
#7728=IFCCARTESIANPOINT((0.,0.));
#7729=IFCDIRECTION((-0.05240783382526791,0.9986257652162511));
#7730=IFCAXIS2PLACEMENT2D(#7728,#7729);
#7731=IFCRECTANGLEPROFILEDEF(.AREA.,$,#7730,0.16,0.03);
#7732=IFCCARTESIANPOINT((-1.2997566251840278,48.14191786944063,2.3600000000000003));
#7733=IFCAXIS2PLACEMENT3D(#7732,$,$);
#7734=IFCDIRECTION((0.,0.,1.));
#7735=IFCEXTRUDEDAREASOLID(#7731,#7733,#7734,0.18);
#7736=IFCCARTESIANPOINT((0.,0.));
#7737=IFCDIRECTION((-0.05240783382526791,0.9986257652162511));
#7738=IFCAXIS2PLACEMENT2D(#7736,#7737);
#7739=IFCRECTANGLEPROFILEDEF(.AREA.,$,#7738,0.16,0.03);
#7740=IFCCARTESIANPOINT((-1.3102381919490813,48.34164302248388,2.3600000000000003));
#7741=IFCAXIS2PLACEMENT3D(#7740,$,$);
#7742=IFCDIRECTION((0.,0.,1.));
#7743=IFCEXTRUDEDAREASOLID(#7739,#7741,#7742,0.18);
#7744=IFCCARTESIANPOINT((0.,0.));
#7745=IFCDIRECTION((-0.05240783382526791,0.9986257652162511));
#7746=IFCAXIS2PLACEMENT2D(#7744,#7745);
#7747=IFCRECTANGLEPROFILEDEF(.AREA.,$,#7746,0.16,0.03);
#7748=IFCCARTESIANPOINT((-1.3207197587141348,48.54136817552713,2.3600000000000003));
#7749=IFCAXIS2PLACEMENT3D(#7748,$,$);
#7750=IFCDIRECTION((0.,0.,1.));
#7751=IFCEXTRUDEDAREASOLID(#7747,#7749,#7750,0.18);
#7752=IFCCARTESIANPOINT((0.,0.));
#7753=IFCDIRECTION((-0.05240783382526791,0.9986257652162511));
#7754=IFCAXIS2PLACEMENT2D(#7752,#7753);
#7755=IFCRECTANGLEPROFILEDEF(.AREA.,$,#7754,0.16,0.03);
#7756=IFCCARTESIANPOINT((-1.3312013254791883,48.74109332857038,2.3600000000000003));
#7757=IFCAXIS2PLACEMENT3D(#7756,$,$);
#7758=IFCDIRECTION((0.,0.,1.));
#7759=IFCEXTRUDEDAREASOLID(#7755,#7757,#7758,0.18);
#7760=IFCCARTESIANPOINT((0.,0.));
#7761=IFCDIRECTION((-0.05240783382526791,0.9986257652162511));
#7762=IFCAXIS2PLACEMENT2D(#7760,#7761);
#7763=IFCRECTANGLEPROFILEDEF(.AREA.,$,#7762,0.16,0.03);
#7764=IFCCARTESIANPOINT((-1.3416828922442419,48.94081848161363,2.3600000000000003));
#7765=IFCAXIS2PLACEMENT3D(#7764,$,$);
#7766=IFCDIRECTION((0.,0.,1.));
#7767=IFCEXTRUDEDAREASOLID(#7763,#7765,#7766,0.18);
#7768=IFCCARTESIANPOINT((0.,0.));
#7769=IFCDIRECTION((-0.05240783382526791,0.9986257652162511));
#7770=IFCAXIS2PLACEMENT2D(#7768,#7769);
#7771=IFCRECTANGLEPROFILEDEF(.AREA.,$,#7770,0.16,0.03);
#7772=IFCCARTESIANPOINT((-1.3521644590092958,49.140543634656886,2.3600000000000003));
#7773=IFCAXIS2PLACEMENT3D(#7772,$,$);
#7774=IFCDIRECTION((0.,0.,1.));
#7775=IFCEXTRUDEDAREASOLID(#7771,#7773,#7774,0.18);
#7776=IFCCARTESIANPOINT((0.,0.));
#7777=IFCDIRECTION((-0.05240783382526791,0.9986257652162511));
#7778=IFCAXIS2PLACEMENT2D(#7776,#7777);
#7779=IFCRECTANGLEPROFILEDEF(.AREA.,$,#7778,0.16,0.03);
#7780=IFCCARTESIANPOINT((-1.8405805411338172,44.70885662735118,2.3600000000000003));
#7781=IFCAXIS2PLACEMENT3D(#7780,$,$);
#7782=IFCDIRECTION((0.,0.,1.));
#7783=IFCEXTRUDEDAREASOLID(#7779,#7781,#7782,0.18);
#7784=IFCCARTESIANPOINT((0.,0.));
#7785=IFCDIRECTION((-0.05240783382526791,0.9986257652162511));
#7786=IFCAXIS2PLACEMENT2D(#7784,#7785);
#7787=IFCRECTANGLEPROFILEDEF(.AREA.,$,#7786,0.16,0.03);
#7788=IFCCARTESIANPOINT((-1.851062107898871,44.908581780394435,2.3600000000000003));
#7789=IFCAXIS2PLACEMENT3D(#7788,$,$);
#7790=IFCDIRECTION((0.,0.,1.));
#7791=IFCEXTRUDEDAREASOLID(#7787,#7789,#7790,0.18);
#7792=IFCCARTESIANPOINT((0.,0.));
#7793=IFCDIRECTION((-0.05240783382526791,0.9986257652162511));
#7794=IFCAXIS2PLACEMENT2D(#7792,#7793);
#7795=IFCRECTANGLEPROFILEDEF(.AREA.,$,#7794,0.16,0.03);
#7796=IFCCARTESIANPOINT((-1.8615436746639247,45.10830693343769,2.3600000000000003));
#7797=IFCAXIS2PLACEMENT3D(#7796,$,$);
#7798=IFCDIRECTION((0.,0.,1.));
#7799=IFCEXTRUDEDAREASOLID(#7795,#7797,#7798,0.18);
#7800=IFCCARTESIANPOINT((0.,0.));
#7801=IFCDIRECTION((-0.05240783382526791,0.9986257652162511));
#7802=IFCAXIS2PLACEMENT2D(#7800,#7801);
#7803=IFCRECTANGLEPROFILEDEF(.AREA.,$,#7802,0.16,0.03);
#7804=IFCCARTESIANPOINT((-1.872025241428978,45.308032086480935,2.3600000000000003));
#7805=IFCAXIS2PLACEMENT3D(#7804,$,$);
#7806=IFCDIRECTION((0.,0.,1.));
#7807=IFCEXTRUDEDAREASOLID(#7803,#7805,#7806,0.18);
#7808=IFCCARTESIANPOINT((0.,0.));
#7809=IFCDIRECTION((-0.05240783382526791,0.9986257652162511));
#7810=IFCAXIS2PLACEMENT2D(#7808,#7809);
#7811=IFCRECTANGLEPROFILEDEF(.AREA.,$,#7810,0.16,0.03);
#7812=IFCCARTESIANPOINT((-1.8825068081940317,45.50775723952419,2.3600000000000003));
#7813=IFCAXIS2PLACEMENT3D(#7812,$,$);
#7814=IFCDIRECTION((0.,0.,1.));
#7815=IFCEXTRUDEDAREASOLID(#7811,#7813,#7814,0.18);
#7816=IFCCARTESIANPOINT((0.,0.));
#7817=IFCDIRECTION((-0.05240783382526791,0.9986257652162511));
#7818=IFCAXIS2PLACEMENT2D(#7816,#7817);
#7819=IFCRECTANGLEPROFILEDEF(.AREA.,$,#7818,0.16,0.03);
#7820=IFCCARTESIANPOINT((-1.8929883749590852,45.707482392567435,2.3600000000000003));
#7821=IFCAXIS2PLACEMENT3D(#7820,$,$);
#7822=IFCDIRECTION((0.,0.,1.));
#7823=IFCEXTRUDEDAREASOLID(#7819,#7821,#7822,0.18);
#7824=IFCCARTESIANPOINT((0.,0.));
#7825=IFCDIRECTION((-0.05240783382526791,0.9986257652162511));
#7826=IFCAXIS2PLACEMENT2D(#7824,#7825);
#7827=IFCRECTANGLEPROFILEDEF(.AREA.,$,#7826,0.16,0.03);
#7828=IFCCARTESIANPOINT((-1.9034699417241387,45.90720754561069,2.3600000000000003));
#7829=IFCAXIS2PLACEMENT3D(#7828,$,$);
#7830=IFCDIRECTION((0.,0.,1.));
#7831=IFCEXTRUDEDAREASOLID(#7827,#7829,#7830,0.18);
#7832=IFCCARTESIANPOINT((0.,0.));
#7833=IFCDIRECTION((-0.05240783382526791,0.9986257652162511));
#7834=IFCAXIS2PLACEMENT2D(#7832,#7833);
#7835=IFCRECTANGLEPROFILEDEF(.AREA.,$,#7834,0.16,0.03);
#7836=IFCCARTESIANPOINT((-1.9139515084891927,46.10693269865394,2.3600000000000003));
#7837=IFCAXIS2PLACEMENT3D(#7836,$,$);
#7838=IFCDIRECTION((0.,0.,1.));
#7839=IFCEXTRUDEDAREASOLID(#7835,#7837,#7838,0.18);
#7840=IFCCARTESIANPOINT((0.,0.));
#7841=IFCDIRECTION((-0.05240783382526791,0.9986257652162511));
#7842=IFCAXIS2PLACEMENT2D(#7840,#7841);
#7843=IFCRECTANGLEPROFILEDEF(.AREA.,$,#7842,0.16,0.03);
#7844=IFCCARTESIANPOINT((-1.9244330752542458,46.30665785169719,2.3600000000000003));
#7845=IFCAXIS2PLACEMENT3D(#7844,$,$);
#7846=IFCDIRECTION((0.,0.,1.));
#7847=IFCEXTRUDEDAREASOLID(#7843,#7845,#7846,0.18);
#7848=IFCCARTESIANPOINT((0.,0.));
#7849=IFCDIRECTION((-0.05240783382526791,0.9986257652162511));
#7850=IFCAXIS2PLACEMENT2D(#7848,#7849);
#7851=IFCRECTANGLEPROFILEDEF(.AREA.,$,#7850,0.16,0.03);
#7852=IFCCARTESIANPOINT((-1.9349146420192997,46.50638300474044,2.3600000000000003));
#7853=IFCAXIS2PLACEMENT3D(#7852,$,$);
#7854=IFCDIRECTION((0.,0.,1.));
#7855=IFCEXTRUDEDAREASOLID(#7851,#7853,#7854,0.18);
#7856=IFCCARTESIANPOINT((0.,0.));
#7857=IFCDIRECTION((-0.05240783382526791,0.9986257652162511));
#7858=IFCAXIS2PLACEMENT2D(#7856,#7857);
#7859=IFCRECTANGLEPROFILEDEF(.AREA.,$,#7858,0.16,0.03);
#7860=IFCCARTESIANPOINT((-1.9453962087843528,46.70610815778369,2.3600000000000003));
#7861=IFCAXIS2PLACEMENT3D(#7860,$,$);
#7862=IFCDIRECTION((0.,0.,1.));
#7863=IFCEXTRUDEDAREASOLID(#7859,#7861,#7862,0.18);
#7864=IFCCARTESIANPOINT((0.,0.));
#7865=IFCDIRECTION((-0.05240783382526791,0.9986257652162511));
#7866=IFCAXIS2PLACEMENT2D(#7864,#7865);
#7867=IFCRECTANGLEPROFILEDEF(.AREA.,$,#7866,0.16,0.03);
#7868=IFCCARTESIANPOINT((-1.9663593423144603,47.105558463870196,2.3600000000000003));
#7869=IFCAXIS2PLACEMENT3D(#7868,$,$);
#7870=IFCDIRECTION((0.,0.,1.));
#7871=IFCEXTRUDEDAREASOLID(#7867,#7869,#7870,0.18);
#7872=IFCCARTESIANPOINT((0.,0.));
#7873=IFCDIRECTION((-0.05240783382526791,0.9986257652162511));
#7874=IFCAXIS2PLACEMENT2D(#7872,#7873);
#7875=IFCRECTANGLEPROFILEDEF(.AREA.,$,#7874,0.16,0.03);
#7876=IFCCARTESIANPOINT((-1.9768409090795138,47.30528361691344,2.3600000000000003));
#7877=IFCAXIS2PLACEMENT3D(#7876,$,$);
#7878=IFCDIRECTION((0.,0.,1.));
#7879=IFCEXTRUDEDAREASOLID(#7875,#7877,#7878,0.18);
#7880=IFCCARTESIANPOINT((0.,0.));
#7881=IFCDIRECTION((-0.05240783382526791,0.9986257652162511));
#7882=IFCAXIS2PLACEMENT2D(#7880,#7881);
#7883=IFCRECTANGLEPROFILEDEF(.AREA.,$,#7882,0.16,0.03);
#7884=IFCCARTESIANPOINT((-1.9873224758445673,47.50500876995669,2.3600000000000003));
#7885=IFCAXIS2PLACEMENT3D(#7884,$,$);
#7886=IFCDIRECTION((0.,0.,1.));
#7887=IFCEXTRUDEDAREASOLID(#7883,#7885,#7886,0.18);
#7888=IFCCARTESIANPOINT((0.,0.));
#7889=IFCDIRECTION((-0.05240783382526791,0.9986257652162511));
#7890=IFCAXIS2PLACEMENT2D(#7888,#7889);
#7891=IFCRECTANGLEPROFILEDEF(.AREA.,$,#7890,0.16,0.03);
#7892=IFCCARTESIANPOINT((-1.9978040426096209,47.704733922999935,2.3600000000000003));
#7893=IFCAXIS2PLACEMENT3D(#7892,$,$);
#7894=IFCDIRECTION((0.,0.,1.));
#7895=IFCEXTRUDEDAREASOLID(#7891,#7893,#7894,0.18);
#7896=IFCCARTESIANPOINT((0.,0.));
#7897=IFCDIRECTION((-0.05240783382526791,0.9986257652162511));
#7898=IFCAXIS2PLACEMENT2D(#7896,#7897);
#7899=IFCRECTANGLEPROFILEDEF(.AREA.,$,#7898,0.16,0.03);
#7900=IFCCARTESIANPOINT((-2.008285609374675,47.90445907604319,2.3600000000000003));
#7901=IFCAXIS2PLACEMENT3D(#7900,$,$);
#7902=IFCDIRECTION((0.,0.,1.));
#7903=IFCEXTRUDEDAREASOLID(#7899,#7901,#7902,0.18);
#7904=IFCCARTESIANPOINT((0.,0.));
#7905=IFCDIRECTION((-0.05240783382526791,0.9986257652162511));
#7906=IFCAXIS2PLACEMENT2D(#7904,#7905);
#7907=IFCRECTANGLEPROFILEDEF(.AREA.,$,#7906,0.16,0.03);
#7908=IFCCARTESIANPOINT((-2.0187671761397286,48.10418422908644,2.3600000000000003));
#7909=IFCAXIS2PLACEMENT3D(#7908,$,$);
#7910=IFCDIRECTION((0.,0.,1.));
#7911=IFCEXTRUDEDAREASOLID(#7907,#7909,#7910,0.18);
#7912=IFCCARTESIANPOINT((0.,0.));
#7913=IFCDIRECTION((-0.05240783382526791,0.9986257652162511));
#7914=IFCAXIS2PLACEMENT2D(#7912,#7913);
#7915=IFCRECTANGLEPROFILEDEF(.AREA.,$,#7914,0.16,0.03);
#7916=IFCCARTESIANPOINT((-2.029248742904782,48.30390938212969,2.3600000000000003));
#7917=IFCAXIS2PLACEMENT3D(#7916,$,$);
#7918=IFCDIRECTION((0.,0.,1.));
#7919=IFCEXTRUDEDAREASOLID(#7915,#7917,#7918,0.18);
#7920=IFCCARTESIANPOINT((0.,0.));
#7921=IFCDIRECTION((-0.05240783382526791,0.9986257652162511));
#7922=IFCAXIS2PLACEMENT2D(#7920,#7921);
#7923=IFCRECTANGLEPROFILEDEF(.AREA.,$,#7922,0.16,0.03);
#7924=IFCCARTESIANPOINT((-2.0397303096698356,48.50363453517294,2.3600000000000003));
#7925=IFCAXIS2PLACEMENT3D(#7924,$,$);
#7926=IFCDIRECTION((0.,0.,1.));
#7927=IFCEXTRUDEDAREASOLID(#7923,#7925,#7926,0.18);
#7928=IFCCARTESIANPOINT((0.,0.));
#7929=IFCDIRECTION((-0.05240783382526791,0.9986257652162511));
#7930=IFCAXIS2PLACEMENT2D(#7928,#7929);
#7931=IFCRECTANGLEPROFILEDEF(.AREA.,$,#7930,0.16,0.03);
#7932=IFCCARTESIANPOINT((-2.050211876434889,48.70335968821619,2.3600000000000003));
#7933=IFCAXIS2PLACEMENT3D(#7932,$,$);
#7934=IFCDIRECTION((0.,0.,1.));
#7935=IFCEXTRUDEDAREASOLID(#7931,#7933,#7934,0.18);
#7936=IFCCARTESIANPOINT((0.,0.));
#7937=IFCDIRECTION((-0.05240783382526791,0.9986257652162511));
#7938=IFCAXIS2PLACEMENT2D(#7936,#7937);
#7939=IFCRECTANGLEPROFILEDEF(.AREA.,$,#7938,0.16,0.03);
#7940=IFCCARTESIANPOINT((-2.0606934431999426,48.90308484125944,2.3600000000000003));
#7941=IFCAXIS2PLACEMENT3D(#7940,$,$);
#7942=IFCDIRECTION((0.,0.,1.));
#7943=IFCEXTRUDEDAREASOLID(#7939,#7941,#7942,0.18);
#7944=IFCCARTESIANPOINT((0.,0.));
#7945=IFCDIRECTION((-0.05240783382526791,0.9986257652162511));
#7946=IFCAXIS2PLACEMENT2D(#7944,#7945);
#7947=IFCRECTANGLEPROFILEDEF(.AREA.,$,#7946,0.16,0.03);
#7948=IFCCARTESIANPOINT((-2.0711750099649966,49.102809994302696,2.3600000000000003));
#7949=IFCAXIS2PLACEMENT3D(#7948,$,$);
#7950=IFCDIRECTION((0.,0.,1.));
#7951=IFCEXTRUDEDAREASOLID(#7947,#7949,#7950,0.18);
#7952=IFCSTYLEDITEM(#7607,(#127),$);
#7953=IFCSTYLEDITEM(#7615,(#127),$);
#7954=IFCSTYLEDITEM(#7623,(#127),$);
#7955=IFCSTYLEDITEM(#7631,(#127),$);
#7956=IFCSTYLEDITEM(#7639,(#127),$);
#7957=IFCSTYLEDITEM(#7647,(#127),$);
#7958=IFCSTYLEDITEM(#7655,(#127),$);
#7959=IFCSTYLEDITEM(#7663,(#127),$);
#7960=IFCSTYLEDITEM(#7671,(#127),$);
#7961=IFCSTYLEDITEM(#7679,(#127),$);
#7962=IFCSTYLEDITEM(#7687,(#127),$);
#7963=IFCSTYLEDITEM(#7695,(#127),$);
#7964=IFCSTYLEDITEM(#7703,(#127),$);
#7965=IFCSTYLEDITEM(#7711,(#127),$);
#7966=IFCSTYLEDITEM(#7719,(#127),$);
#7967=IFCSTYLEDITEM(#7727,(#127),$);
#7968=IFCSTYLEDITEM(#7735,(#127),$);
#7969=IFCSTYLEDITEM(#7743,(#127),$);
#7970=IFCSTYLEDITEM(#7751,(#127),$);
#7971=IFCSTYLEDITEM(#7759,(#127),$);
#7972=IFCSTYLEDITEM(#7767,(#127),$);
#7973=IFCSTYLEDITEM(#7775,(#127),$);
#7974=IFCSTYLEDITEM(#7783,(#127),$);
#7975=IFCSTYLEDITEM(#7791,(#127),$);
#7976=IFCSTYLEDITEM(#7799,(#127),$);
#7977=IFCSTYLEDITEM(#7807,(#127),$);
#7978=IFCSTYLEDITEM(#7815,(#127),$);
#7979=IFCSTYLEDITEM(#7823,(#127),$);
#7980=IFCSTYLEDITEM(#7831,(#127),$);
#7981=IFCSTYLEDITEM(#7839,(#127),$);
#7982=IFCSTYLEDITEM(#7847,(#127),$);
#7983=IFCSTYLEDITEM(#7855,(#127),$);
#7984=IFCSTYLEDITEM(#7863,(#127),$);
#7985=IFCSTYLEDITEM(#7871,(#127),$);
#7986=IFCSTYLEDITEM(#7879,(#127),$);
#7987=IFCSTYLEDITEM(#7887,(#127),$);
#7988=IFCSTYLEDITEM(#7895,(#127),$);
#7989=IFCSTYLEDITEM(#7903,(#127),$);
#7990=IFCSTYLEDITEM(#7911,(#127),$);
#7991=IFCSTYLEDITEM(#7919,(#127),$);
#7992=IFCSTYLEDITEM(#7927,(#127),$);
#7993=IFCSTYLEDITEM(#7935,(#127),$);
#7994=IFCSTYLEDITEM(#7943,(#127),$);
#7995=IFCSTYLEDITEM(#7951,(#127),$);
#7996=IFCSHAPEREPRESENTATION(#16,'Body','SweptSolid',(#7607,#7615,#7623,#7631,#7639,#7647,#7655,#7663,#7671,#7679,#7687,#7695,#7703,#7711,#7719,#7727,#7735,#7743,#7751,#7759,#7767,#7775,#7783,#7791,#7799,#7807,#7815,#7823,#7831,#7839,#7847,#7855,#7863,#7871,#7879,#7887,#7895,#7903,#7911,#7919,#7927,#7935,#7943,#7951));
#7997=IFCPRODUCTDEFINITIONSHAPE($,$,(#7996));
#7998=IFCLOCALPLACEMENT(#23,#13);
#7999=IFCBUILDINGELEMENTPROXY('1uVsr64c92_8woE7pmeFUT',#5,'Kiosk 2 lettering',$,'Lettering ELIELINAUKIO \X2\00B7\X0\ ELIELPLATSEN',#7998,#7997,'EL-PRX-066',.USERDEFINED.);
#8000=IFCRELASSOCIATESMATERIAL('30sOW3NGL6xgDwEQsPr2K4',#5,$,$,(#7999),#128);
#8001=IFCPROPERTYSINGLEVALUE('Reference',$,IFCLABEL('Lettering ELIELINAUKIO \X2\00B7\X0\ ELIELPLATSEN'),$);
#8002=IFCPROPERTYSINGLEVALUE('IsExternal',$,IFCBOOLEAN(.T.),$);
#8003=IFCPROPERTYSINGLEVALUE('Status',$,IFCLABEL('EXISTING'),$);
#8004=IFCPROPERTYSET('0JkOfVPWH2x8l_e4s3sUWh',#5,'Pset_BuildingElementProxyCommon',$,(#8001,#8002,#8003));
#8005=IFCRELDEFINESBYPROPERTIES('3czue_vZb7PAExMAPrjRQ4',#5,$,$,(#7999),#8004);
#8006=IFCPROPERTYSINGLEVALUE('Material',$,IFCLABEL('Timetable panel'),$);
#8007=IFCPROPERTYSINGLEVALUE('Category',$,IFCLABEL('Metal'),$);
#8008=IFCPROPERTYSET('2jjuRd1Ef4NOFKVhTAbtii',#5,'Pset_CDE_Material',$,(#8006,#8007));
#8009=IFCRELDEFINESBYPROPERTIES('2SX20Cl2bFh9WbVjSn7jp4',#5,$,$,(#7999),#8008);
#8010=IFCPROPERTYSINGLEVALUE('GeometrySource',$,IFCLABEL('Photograph'),$);
#8011=IFCPROPERTYSINGLEVALUE('Confidence',$,IFCLABEL('Medium'),$);
#8012=IFCPROPERTYSINGLEVALUE('Reference',$,IFCLABEL('PHOTO'),$);
#8013=IFCPROPERTYSET('1k8sQvn5X4OActke2A8Aqn',#5,'Pset_CDE_Provenance',$,(#8010,#8011,#8012));
#8014=IFCRELDEFINESBYPROPERTIES('2dNmBgTvXDfedQ$XAWkUD8',#5,$,$,(#7999),#8013);
#8015=IFCCARTESIANPOINT((0.,0.));
#8016=IFCDIRECTION((-0.05240783382526791,0.9986257652162511));
#8017=IFCAXIS2PLACEMENT2D(#8015,#8016);
#8018=IFCRECTANGLEPROFILEDEF(.AREA.,$,#8017,1.15,0.03);
#8019=IFCCARTESIANPOINT((-1.1325468660560616,45.14656465213013,0.86));
#8020=IFCAXIS2PLACEMENT3D(#8019,$,$);
#8021=IFCDIRECTION((0.,0.,1.));
#8022=IFCEXTRUDEDAREASOLID(#8018,#8020,#8021,1.25);
#8023=IFCCARTESIANPOINT((0.,0.));
#8024=IFCDIRECTION((-0.05240783382526791,0.9986257652162511));
#8025=IFCAXIS2PLACEMENT2D(#8023,#8024);
#8026=IFCRECTANGLEPROFILEDEF(.AREA.,$,#8025,1.15,0.03);
#8027=IFCCARTESIANPOINT((-1.2006770500289097,46.444778146911254,0.86));
#8028=IFCAXIS2PLACEMENT3D(#8027,$,$);
#8029=IFCDIRECTION((0.,0.,1.));
#8030=IFCEXTRUDEDAREASOLID(#8026,#8028,#8029,1.25);
#8031=IFCSTYLEDITEM(#8022,(#148),$);
#8032=IFCSTYLEDITEM(#8030,(#148),$);
#8033=IFCSHAPEREPRESENTATION(#16,'Body','SweptSolid',(#8022,#8030));
#8034=IFCPRODUCTDEFINITIONSHAPE($,$,(#8033));
#8035=IFCLOCALPLACEMENT(#23,#13);
#8036=IFCBUILDINGELEMENTPROXY('11Axhl$9XFSuCr4RT4pZjE',#5,'Kiosk 2 maps east',$,'Network map and timetable',#8035,#8034,'EL-PRX-067',.USERDEFINED.);
#8037=IFCRELASSOCIATESMATERIAL('0T_IaUutrAYQX1iH3Xhx2q',#5,$,$,(#8036),#149);
#8038=IFCPROPERTYSINGLEVALUE('Reference',$,IFCLABEL('Network map and timetable'),$);
#8039=IFCPROPERTYSINGLEVALUE('IsExternal',$,IFCBOOLEAN(.T.),$);
#8040=IFCPROPERTYSINGLEVALUE('Status',$,IFCLABEL('EXISTING'),$);
#8041=IFCPROPERTYSET('0xRE7D3u5EufHDDEat$60v',#5,'Pset_BuildingElementProxyCommon',$,(#8038,#8039,#8040));
#8042=IFCRELDEFINESBYPROPERTIES('1cU7pcHOD8cfzB1h$d8yM1',#5,$,$,(#8036),#8041);
#8043=IFCPROPERTYSINGLEVALUE('Material',$,IFCLABEL('Map and information panel'),$);
#8044=IFCPROPERTYSINGLEVALUE('Category',$,IFCLABEL('Plastic'),$);
#8045=IFCPROPERTYSET('0Q2nhglPXAleGlYJredNnW',#5,'Pset_CDE_Material',$,(#8043,#8044));
#8046=IFCRELDEFINESBYPROPERTIES('0XLRfn3B5EnhUpeXNEWTCa',#5,$,$,(#8036),#8045);
#8047=IFCPROPERTYSINGLEVALUE('GeometrySource',$,IFCLABEL('Photograph'),$);
#8048=IFCPROPERTYSINGLEVALUE('Confidence',$,IFCLABEL('Low'),$);
#8049=IFCPROPERTYSINGLEVALUE('Reference',$,IFCLABEL('PHOTO'),$);
#8050=IFCPROPERTYSET('3CbCdvDJTCDOt$W0SxI0kP',#5,'Pset_CDE_Provenance',$,(#8047,#8048,#8049));
#8051=IFCRELDEFINESBYPROPERTIES('2lu$YXm2f8EhMzxkhIpEFG',#5,$,$,(#8036),#8050);
#8052=IFCCARTESIANPOINT((0.,0.));
#8053=IFCDIRECTION((-0.05240783382526791,0.9986257652162511));
#8054=IFCAXIS2PLACEMENT2D(#8052,#8053);
#8055=IFCRECTANGLEPROFILEDEF(.AREA.,$,#8054,1.5,0.04);
#8056=IFCCARTESIANPOINT((-1.2950111509143918,48.24230452430051,1.06));
#8057=IFCAXIS2PLACEMENT3D(#8056,$,$);
#8058=IFCDIRECTION((0.,0.,1.));
#8059=IFCEXTRUDEDAREASOLID(#8055,#8057,#8058,0.95);
#8060=IFCSTYLEDITEM(#8059,(#134),$);
#8061=IFCSHAPEREPRESENTATION(#16,'Body','SweptSolid',(#8059));
#8062=IFCPRODUCTDEFINITIONSHAPE($,$,(#8061));
#8063=IFCLOCALPLACEMENT(#23,#13);
#8064=IFCBUILDINGELEMENTPROXY('2UNeKGie94hAyAPzdSXjSD',#5,'Kiosk 2 departure display east',$,'Departure display',#8063,#8062,'EL-PRX-068',.USERDEFINED.);
#8065=IFCRELASSOCIATESMATERIAL('0fZeTt_MH8ahSHQKCJeBLB',#5,$,$,(#8064),#135);
#8066=IFCPROPERTYSINGLEVALUE('Reference',$,IFCLABEL('Departure display'),$);
#8067=IFCPROPERTYSINGLEVALUE('IsExternal',$,IFCBOOLEAN(.T.),$);
#8068=IFCPROPERTYSINGLEVALUE('Status',$,IFCLABEL('EXISTING'),$);
#8069=IFCPROPERTYSET('1mcPztydn1D9HOPpr7cn02',#5,'Pset_BuildingElementProxyCommon',$,(#8066,#8067,#8068));
#8070=IFCRELDEFINESBYPROPERTIES('1I$3ftQtbALRsCYx_QvUZh',#5,$,$,(#8064),#8069);
#8071=IFCPROPERTYSINGLEVALUE('Material',$,IFCLABEL('Departure display'),$);
#8072=IFCPROPERTYSINGLEVALUE('Category',$,IFCLABEL('Glass'),$);
#8073=IFCPROPERTYSET('31ylfLNpz33PH3X0WCEEeR',#5,'Pset_CDE_Material',$,(#8071,#8072));
#8074=IFCRELDEFINESBYPROPERTIES('0VmXSPBl17U8q0xHvoyAu1',#5,$,$,(#8064),#8073);
#8075=IFCPROPERTYSINGLEVALUE('GeometrySource',$,IFCLABEL('Night photograph'),$);
#8076=IFCPROPERTYSINGLEVALUE('Confidence',$,IFCLABEL('Medium'),$);
#8077=IFCPROPERTYSINGLEVALUE('Reference',$,IFCLABEL('PHOTO'),$);
#8078=IFCPROPERTYSET('3_TNIARRDFEhfwezwyz1ye',#5,'Pset_CDE_Provenance',$,(#8075,#8076,#8077));
#8079=IFCRELDEFINESBYPROPERTIES('1oh29R$fP8fQeJSZ9Hrfo0',#5,$,$,(#8064),#8078);
#8080=IFCPROPERTYSINGLEVALUE('AssetClass',$,IFCLABEL('Systems > Passenger information'),$);
#8081=IFCPROPERTYSINGLEVALUE('InspectionInterval_months',$,IFCINTEGER(6),$);
#8082=IFCPROPERTYSINGLEVALUE('DesignServiceLife_years',$,IFCINTEGER(10),$);
#8083=IFCPROPERTYSINGLEVALUE('Criticality',$,IFCLABEL('High'),$);
#8084=IFCPROPERTYSINGLEVALUE('DataStatus',$,IFCLABEL('Demo values \X2\2014\X0\ to be replaced with the owner''s asset register'),$);
#8085=IFCPROPERTYSET('3BUccgNyDFsOdIqFQ4KuYR',#5,'Pset_CDE_AssetManagement (demo)',$,(#8080,#8081,#8082,#8083,#8084));
#8086=IFCRELDEFINESBYPROPERTIES('1OcC4SdX9FbR1DBknhs_8S',#5,$,$,(#8064),#8085);
#8087=IFCCARTESIANPOINT((0.,0.));
#8088=IFCDIRECTION((-0.05240783382526791,0.9986257652162511));
#8089=IFCAXIS2PLACEMENT2D(#8087,#8088);
#8090=IFCRECTANGLEPROFILEDEF(.AREA.,$,#8089,1.15,0.03);
#8091=IFCCARTESIANPOINT((-1.8715299323160872,45.10778285509944,0.86));
#8092=IFCAXIS2PLACEMENT3D(#8091,$,$);
#8093=IFCDIRECTION((0.,0.,1.));
#8094=IFCEXTRUDEDAREASOLID(#8090,#8092,#8093,1.25);
#8095=IFCCARTESIANPOINT((0.,0.));
#8096=IFCDIRECTION((-0.05240783382526791,0.9986257652162511));
#8097=IFCAXIS2PLACEMENT2D(#8095,#8096);
#8098=IFCRECTANGLEPROFILEDEF(.AREA.,$,#8097,1.15,0.03);
#8099=IFCCARTESIANPOINT((-1.9396601162889353,46.40599634988056,0.86));
#8100=IFCAXIS2PLACEMENT3D(#8099,$,$);
#8101=IFCDIRECTION((0.,0.,1.));
#8102=IFCEXTRUDEDAREASOLID(#8098,#8100,#8101,1.25);
#8103=IFCSTYLEDITEM(#8094,(#148),$);
#8104=IFCSTYLEDITEM(#8102,(#148),$);
#8105=IFCSHAPEREPRESENTATION(#16,'Body','SweptSolid',(#8094,#8102));
#8106=IFCPRODUCTDEFINITIONSHAPE($,$,(#8105));
#8107=IFCLOCALPLACEMENT(#23,#13);
#8108=IFCBUILDINGELEMENTPROXY('1hv18A4AjB3PDiOdXtLxj$',#5,'Kiosk 2 maps west',$,'Network map and timetable',#8107,#8106,'EL-PRX-069',.USERDEFINED.);
#8109=IFCRELASSOCIATESMATERIAL('3aztNlkZz1lvA6_O2NWE6V',#5,$,$,(#8108),#149);
#8110=IFCPROPERTYSINGLEVALUE('Reference',$,IFCLABEL('Network map and timetable'),$);
#8111=IFCPROPERTYSINGLEVALUE('IsExternal',$,IFCBOOLEAN(.T.),$);
#8112=IFCPROPERTYSINGLEVALUE('Status',$,IFCLABEL('EXISTING'),$);
#8113=IFCPROPERTYSET('0x3HOOw2X2zBxTmUBXeWq1',#5,'Pset_BuildingElementProxyCommon',$,(#8110,#8111,#8112));
#8114=IFCRELDEFINESBYPROPERTIES('1OInaQslD51Q3EmpeDASF4',#5,$,$,(#8108),#8113);
#8115=IFCPROPERTYSINGLEVALUE('Material',$,IFCLABEL('Map and information panel'),$);
#8116=IFCPROPERTYSINGLEVALUE('Category',$,IFCLABEL('Plastic'),$);
#8117=IFCPROPERTYSET('2rmkvymVz8GePpXmwN1eJc',#5,'Pset_CDE_Material',$,(#8115,#8116));
#8118=IFCRELDEFINESBYPROPERTIES('0ty12p7hf8fQVDD4dYhLwH',#5,$,$,(#8108),#8117);
#8119=IFCPROPERTYSINGLEVALUE('GeometrySource',$,IFCLABEL('Photograph'),$);
#8120=IFCPROPERTYSINGLEVALUE('Confidence',$,IFCLABEL('Low'),$);
#8121=IFCPROPERTYSINGLEVALUE('Reference',$,IFCLABEL('PHOTO'),$);
#8122=IFCPROPERTYSET('1cFFZMtgjBd8AGmszcdbL_',#5,'Pset_CDE_Provenance',$,(#8119,#8120,#8121));
#8123=IFCRELDEFINESBYPROPERTIES('1oA9HDX792ihZ_gdQ0gg0N',#5,$,$,(#8108),#8122);
#8124=IFCCARTESIANPOINT((0.,0.));
#8125=IFCDIRECTION((-0.05240783382526791,0.9986257652162511));
#8126=IFCAXIS2PLACEMENT2D(#8124,#8125);
#8127=IFCRECTANGLEPROFILEDEF(.AREA.,$,#8126,1.5,0.04);
#8128=IFCCARTESIANPOINT((-2.0339942171744174,48.203522727269814,1.06));
#8129=IFCAXIS2PLACEMENT3D(#8128,$,$);
#8130=IFCDIRECTION((0.,0.,1.));
#8131=IFCEXTRUDEDAREASOLID(#8127,#8129,#8130,0.95);
#8132=IFCSTYLEDITEM(#8131,(#134),$);
#8133=IFCSHAPEREPRESENTATION(#16,'Body','SweptSolid',(#8131));
#8134=IFCPRODUCTDEFINITIONSHAPE($,$,(#8133));
#8135=IFCLOCALPLACEMENT(#23,#13);
#8136=IFCBUILDINGELEMENTPROXY('1mkt7dvBX0evZrY07kAVSv',#5,'Kiosk 2 departure display west',$,'Departure display',#8135,#8134,'EL-PRX-070',.USERDEFINED.);
#8137=IFCRELASSOCIATESMATERIAL('31EFoomM99OBiTKcaGtpPH',#5,$,$,(#8136),#135);
#8138=IFCPROPERTYSINGLEVALUE('Reference',$,IFCLABEL('Departure display'),$);
#8139=IFCPROPERTYSINGLEVALUE('IsExternal',$,IFCBOOLEAN(.T.),$);
#8140=IFCPROPERTYSINGLEVALUE('Status',$,IFCLABEL('EXISTING'),$);
#8141=IFCPROPERTYSET('16EVe4XbbD0vEWVpm6mXrw',#5,'Pset_BuildingElementProxyCommon',$,(#8138,#8139,#8140));
#8142=IFCRELDEFINESBYPROPERTIES('20CkVBkYbAie$rOkJPf6AI',#5,$,$,(#8136),#8141);
#8143=IFCPROPERTYSINGLEVALUE('Material',$,IFCLABEL('Departure display'),$);
#8144=IFCPROPERTYSINGLEVALUE('Category',$,IFCLABEL('Glass'),$);
#8145=IFCPROPERTYSET('2uwdvXTe10Kh1fcynAjsbV',#5,'Pset_CDE_Material',$,(#8143,#8144));
#8146=IFCRELDEFINESBYPROPERTIES('2onHz7Hn9Bxvb68$LJgmUJ',#5,$,$,(#8136),#8145);
#8147=IFCPROPERTYSINGLEVALUE('GeometrySource',$,IFCLABEL('Night photograph'),$);
#8148=IFCPROPERTYSINGLEVALUE('Confidence',$,IFCLABEL('Medium'),$);
#8149=IFCPROPERTYSINGLEVALUE('Reference',$,IFCLABEL('PHOTO'),$);
#8150=IFCPROPERTYSET('1BFtkmouT49eE83dllXzGM',#5,'Pset_CDE_Provenance',$,(#8147,#8148,#8149));
#8151=IFCRELDEFINESBYPROPERTIES('0Mwn9n1Ab2rOsMqbf8U5Ce',#5,$,$,(#8136),#8150);
#8152=IFCPROPERTYSINGLEVALUE('AssetClass',$,IFCLABEL('Systems > Passenger information'),$);
#8153=IFCPROPERTYSINGLEVALUE('InspectionInterval_months',$,IFCINTEGER(6),$);
#8154=IFCPROPERTYSINGLEVALUE('DesignServiceLife_years',$,IFCINTEGER(10),$);
#8155=IFCPROPERTYSINGLEVALUE('Criticality',$,IFCLABEL('High'),$);
#8156=IFCPROPERTYSINGLEVALUE('DataStatus',$,IFCLABEL('Demo values \X2\2014\X0\ to be replaced with the owner''s asset register'),$);
#8157=IFCPROPERTYSET('0oDDQGL2nEqPw5lf6G7i_y',#5,'Pset_CDE_AssetManagement (demo)',$,(#8152,#8153,#8154,#8155,#8156));
#8158=IFCRELDEFINESBYPROPERTIES('3fx8epFij3sRk8UQJ1HU4Q',#5,$,$,(#8136),#8157);
#8159=IFCCARTESIANPOINT((-19.815224093497743,44.07653668647302));
#8160=IFCCARTESIANPOINT((-19.92346331352698,44.18477590650226));
#8161=IFCCARTESIANPOINT((-20.07653668647302,44.18477590650226));
#8162=IFCCARTESIANPOINT((-20.184775906502257,44.07653668647302));
#8163=IFCCARTESIANPOINT((-20.184775906502257,43.92346331352698));
#8164=IFCCARTESIANPOINT((-20.07653668647302,43.81522409349774));
#8165=IFCCARTESIANPOINT((-19.92346331352698,43.81522409349774));
#8166=IFCCARTESIANPOINT((-19.815224093497743,43.92346331352698));
#8167=IFCCARTESIANPOINT((-19.815224093497743,44.07653668647302));
#8168=IFCPOLYLINE((#8159,#8160,#8161,#8162,#8163,#8164,#8165,#8166,#8167));
#8169=IFCARBITRARYCLOSEDPROFILEDEF(.AREA.,$,#8168);
#8170=IFCCARTESIANPOINT((0.,0.,0.16));
#8171=IFCAXIS2PLACEMENT3D(#8170,$,$);
#8172=IFCDIRECTION((0.,0.,1.));
#8173=IFCEXTRUDEDAREASOLID(#8169,#8171,#8172,15.5);
#8174=IFCCARTESIANPOINT((0.,0.));
#8175=IFCDIRECTION((-0.05240783382526791,0.9986257652162511));
#8176=IFCAXIS2PLACEMENT2D(#8174,#8175);
#8177=IFCRECTANGLEPROFILEDEF(.AREA.,$,#8176,1.6,0.25);
#8178=IFCCARTESIANPOINT((-20.,44.,15.66));
#8179=IFCAXIS2PLACEMENT3D(#8178,$,$);
#8180=IFCDIRECTION((0.,0.,1.));
#8181=IFCEXTRUDEDAREASOLID(#8177,#8179,#8180,0.15);
#8182=IFCCARTESIANPOINT((0.,0.));
#8183=IFCDIRECTION((-0.05240783382526791,0.9986257652162511));
#8184=IFCAXIS2PLACEMENT2D(#8182,#8183);
#8185=IFCRECTANGLEPROFILEDEF(.AREA.,$,#8184,0.45,0.35);
#8186=IFCCARTESIANPOINT((-20.6,44.,15.41));
#8187=IFCAXIS2PLACEMENT3D(#8186,$,$);
#8188=IFCDIRECTION((0.,0.,1.));
#8189=IFCEXTRUDEDAREASOLID(#8185,#8187,#8188,0.25);
#8190=IFCCARTESIANPOINT((0.,0.));
#8191=IFCDIRECTION((-0.05240783382526791,0.9986257652162511));
#8192=IFCAXIS2PLACEMENT2D(#8190,#8191);
#8193=IFCRECTANGLEPROFILEDEF(.AREA.,$,#8192,0.45,0.35);
#8194=IFCCARTESIANPOINT((-19.4,44.,15.41));
#8195=IFCAXIS2PLACEMENT3D(#8194,$,$);
#8196=IFCDIRECTION((0.,0.,1.));
#8197=IFCEXTRUDEDAREASOLID(#8193,#8195,#8196,0.25);
#8198=IFCCARTESIANPOINT((14.184775906502257,44.57653668647302));
#8199=IFCCARTESIANPOINT((14.076536686473018,44.68477590650226));
#8200=IFCCARTESIANPOINT((13.923463313526982,44.68477590650226));
#8201=IFCCARTESIANPOINT((13.815224093497743,44.57653668647302));
#8202=IFCCARTESIANPOINT((13.815224093497743,44.42346331352698));
#8203=IFCCARTESIANPOINT((13.923463313526982,44.31522409349774));
#8204=IFCCARTESIANPOINT((14.076536686473018,44.31522409349774));
#8205=IFCCARTESIANPOINT((14.184775906502257,44.42346331352698));
#8206=IFCCARTESIANPOINT((14.184775906502257,44.57653668647302));
#8207=IFCPOLYLINE((#8198,#8199,#8200,#8201,#8202,#8203,#8204,#8205,#8206));
#8208=IFCARBITRARYCLOSEDPROFILEDEF(.AREA.,$,#8207);
#8209=IFCCARTESIANPOINT((0.,0.,0.16));
#8210=IFCAXIS2PLACEMENT3D(#8209,$,$);
#8211=IFCDIRECTION((0.,0.,1.));
#8212=IFCEXTRUDEDAREASOLID(#8208,#8210,#8211,15.5);
#8213=IFCCARTESIANPOINT((0.,0.));
#8214=IFCDIRECTION((-0.05240783382526791,0.9986257652162511));
#8215=IFCAXIS2PLACEMENT2D(#8213,#8214);
#8216=IFCRECTANGLEPROFILEDEF(.AREA.,$,#8215,1.6,0.25);
#8217=IFCCARTESIANPOINT((14.,44.5,15.66));
#8218=IFCAXIS2PLACEMENT3D(#8217,$,$);
#8219=IFCDIRECTION((0.,0.,1.));
#8220=IFCEXTRUDEDAREASOLID(#8216,#8218,#8219,0.15);
#8221=IFCCARTESIANPOINT((0.,0.));
#8222=IFCDIRECTION((-0.05240783382526791,0.9986257652162511));
#8223=IFCAXIS2PLACEMENT2D(#8221,#8222);
#8224=IFCRECTANGLEPROFILEDEF(.AREA.,$,#8223,0.45,0.35);
#8225=IFCCARTESIANPOINT((13.4,44.5,15.41));
#8226=IFCAXIS2PLACEMENT3D(#8225,$,$);
#8227=IFCDIRECTION((0.,0.,1.));
#8228=IFCEXTRUDEDAREASOLID(#8224,#8226,#8227,0.25);
#8229=IFCCARTESIANPOINT((0.,0.));
#8230=IFCDIRECTION((-0.05240783382526791,0.9986257652162511));
#8231=IFCAXIS2PLACEMENT2D(#8229,#8230);
#8232=IFCRECTANGLEPROFILEDEF(.AREA.,$,#8231,0.45,0.35);
#8233=IFCCARTESIANPOINT((14.6,44.5,15.41));
#8234=IFCAXIS2PLACEMENT3D(#8233,$,$);
#8235=IFCDIRECTION((0.,0.,1.));
#8236=IFCEXTRUDEDAREASOLID(#8232,#8234,#8235,0.25);
#8237=IFCCARTESIANPOINT((-15.315224093497743,-27.92346331352698));
#8238=IFCCARTESIANPOINT((-15.423463313526982,-27.815224093497743));
#8239=IFCCARTESIANPOINT((-15.576536686473018,-27.815224093497743));
#8240=IFCCARTESIANPOINT((-15.684775906502257,-27.92346331352698));
#8241=IFCCARTESIANPOINT((-15.684775906502257,-28.07653668647302));
#8242=IFCCARTESIANPOINT((-15.576536686473018,-28.184775906502257));
#8243=IFCCARTESIANPOINT((-15.423463313526982,-28.184775906502257));
#8244=IFCCARTESIANPOINT((-15.315224093497743,-28.07653668647302));
#8245=IFCCARTESIANPOINT((-15.315224093497743,-27.92346331352698));
#8246=IFCPOLYLINE((#8237,#8238,#8239,#8240,#8241,#8242,#8243,#8244,#8245));
#8247=IFCARBITRARYCLOSEDPROFILEDEF(.AREA.,$,#8246);
#8248=IFCCARTESIANPOINT((0.,0.,0.16));
#8249=IFCAXIS2PLACEMENT3D(#8248,$,$);
#8250=IFCDIRECTION((0.,0.,1.));
#8251=IFCEXTRUDEDAREASOLID(#8247,#8249,#8250,15.5);
#8252=IFCCARTESIANPOINT((0.,0.));
#8253=IFCDIRECTION((-0.05240783382526791,0.9986257652162511));
#8254=IFCAXIS2PLACEMENT2D(#8252,#8253);
#8255=IFCRECTANGLEPROFILEDEF(.AREA.,$,#8254,1.6,0.25);
#8256=IFCCARTESIANPOINT((-15.5,-28.,15.66));
#8257=IFCAXIS2PLACEMENT3D(#8256,$,$);
#8258=IFCDIRECTION((0.,0.,1.));
#8259=IFCEXTRUDEDAREASOLID(#8255,#8257,#8258,0.15);
#8260=IFCCARTESIANPOINT((0.,0.));
#8261=IFCDIRECTION((-0.05240783382526791,0.9986257652162511));
#8262=IFCAXIS2PLACEMENT2D(#8260,#8261);
#8263=IFCRECTANGLEPROFILEDEF(.AREA.,$,#8262,0.45,0.35);
#8264=IFCCARTESIANPOINT((-16.1,-28.,15.41));
#8265=IFCAXIS2PLACEMENT3D(#8264,$,$);
#8266=IFCDIRECTION((0.,0.,1.));
#8267=IFCEXTRUDEDAREASOLID(#8263,#8265,#8266,0.25);
#8268=IFCCARTESIANPOINT((0.,0.));
#8269=IFCDIRECTION((-0.05240783382526791,0.9986257652162511));
#8270=IFCAXIS2PLACEMENT2D(#8268,#8269);
#8271=IFCRECTANGLEPROFILEDEF(.AREA.,$,#8270,0.45,0.35);
#8272=IFCCARTESIANPOINT((-14.9,-28.,15.41));
#8273=IFCAXIS2PLACEMENT3D(#8272,$,$);
#8274=IFCDIRECTION((0.,0.,1.));
#8275=IFCEXTRUDEDAREASOLID(#8271,#8273,#8274,0.25);
#8276=IFCSTYLEDITEM(#8173,(#63),$);
#8277=IFCSTYLEDITEM(#8181,(#63),$);
#8278=IFCSTYLEDITEM(#8189,(#63),$);
#8279=IFCSTYLEDITEM(#8197,(#63),$);
#8280=IFCSTYLEDITEM(#8212,(#63),$);
#8281=IFCSTYLEDITEM(#8220,(#63),$);
#8282=IFCSTYLEDITEM(#8228,(#63),$);
#8283=IFCSTYLEDITEM(#8236,(#63),$);
#8284=IFCSTYLEDITEM(#8251,(#63),$);
#8285=IFCSTYLEDITEM(#8259,(#63),$);
#8286=IFCSTYLEDITEM(#8267,(#63),$);
#8287=IFCSTYLEDITEM(#8275,(#63),$);
#8288=IFCSHAPEREPRESENTATION(#16,'Body','SweptSolid',(#8173,#8181,#8189,#8197,#8212,#8220,#8228,#8236,#8251,#8259,#8267,#8275));
#8289=IFCPRODUCTDEFINITIONSHAPE($,$,(#8288));
#8290=IFCLOCALPLACEMENT(#23,#13);
#8291=IFCLIGHTFIXTURE('2u6dQ_NobFIgBdrvRdrAee',#5,'Floodlight masts',$,'Floodlight mast, 15.5 m',#8290,#8289,'EL-LGT-002',.DIRECTIONSOURCE.);
#8292=IFCRELASSOCIATESMATERIAL('2OZhPGpwv0X8tiUH3gGE_H',#5,$,$,(#8291),#64);
#8293=IFCPROPERTYSINGLEVALUE('Reference',$,IFCLABEL('Floodlight mast, 15.5 m'),$);
#8294=IFCPROPERTYSINGLEVALUE('Status',$,IFCLABEL('EXISTING'),$);
#8295=IFCPROPERTYSET('15E24AowDAFPQMEXuCa7Qv',#5,'Pset_LightFixtureTypeCommon',$,(#8293,#8294));
#8296=IFCRELDEFINESBYPROPERTIES('0bFTbNghL1KfUNKL4hfz2i',#5,$,$,(#8291),#8295);
#8297=IFCPROPERTYSINGLEVALUE('Material',$,IFCLABEL('Dark grey painted steel'),$);
#8298=IFCPROPERTYSINGLEVALUE('Category',$,IFCLABEL('Metal'),$);
#8299=IFCPROPERTYSINGLEVALUE('Description',$,IFCLABEL('Canopy structure, poles, kiosks'),$);
#8300=IFCPROPERTYSINGLEVALUE('MassDensity_kg_m3',$,IFCREAL(7850.),$);
#8301=IFCPROPERTYSET('00yt6iSrP9XRWu7h$jMd0e',#5,'Pset_CDE_Material',$,(#8297,#8298,#8299,#8300));
#8302=IFCRELDEFINESBYPROPERTIES('17wm8Q3tL3vwvkhSmCH2k8',#5,$,$,(#8291),#8301);
#8303=IFCPROPERTYSINGLEVALUE('GeometrySource',$,IFCLABEL('Photographs; positions estimated'),$);
#8304=IFCPROPERTYSINGLEVALUE('Confidence',$,IFCLABEL('Low'),$);
#8305=IFCPROPERTYSINGLEVALUE('Reference',$,IFCLABEL('PHOTO'),$);
#8306=IFCPROPERTYSET('3W5lF8CCX2oxi67vvcyOoa',#5,'Pset_CDE_Provenance',$,(#8303,#8304,#8305));
#8307=IFCRELDEFINESBYPROPERTIES('1fRSMkHMr35ODTJF8oPx9E',#5,$,$,(#8291),#8306);
#8308=IFCPROPERTYSINGLEVALUE('AssetClass',$,IFCLABEL('Systems > Lighting'),$);
#8309=IFCPROPERTYSINGLEVALUE('InspectionInterval_months',$,IFCINTEGER(12),$);
#8310=IFCPROPERTYSINGLEVALUE('DesignServiceLife_years',$,IFCINTEGER(30),$);
#8311=IFCPROPERTYSINGLEVALUE('Criticality',$,IFCLABEL('Medium'),$);
#8312=IFCPROPERTYSINGLEVALUE('DataStatus',$,IFCLABEL('Demo values \X2\2014\X0\ to be replaced with the owner''s asset register'),$);
#8313=IFCPROPERTYSET('12P7dLVgnB3gRCxMF7LQwv',#5,'Pset_CDE_AssetManagement (demo)',$,(#8308,#8309,#8310,#8311,#8312));
#8314=IFCRELDEFINESBYPROPERTIES('1iiQAPEB17AgOTeI42v8GQ',#5,$,$,(#8291),#8313);
#8315=IFCLOCALPLACEMENT(#23,#13);
#8316=IFCELEMENTASSEMBLY('1gaZ5qy5nDHQPZuNIydVtb',#5,'Street furniture',$,'Bollards, lamps and rails',#8315,$,'EL-ASM-006',.NOTDEFINED.,.USERDEFINED.);
#8317=IFCPROPERTYSINGLEVALUE('GeometrySource',$,IFCLABEL('OpenStreetMap nodes (ODbL)'),$);
#8318=IFCPROPERTYSINGLEVALUE('Confidence',$,IFCLABEL('Medium'),$);
#8319=IFCPROPERTYSET('1_hXQhtJv3DwPR38L2XHa1',#5,'Pset_CDE_Provenance',$,(#8317,#8318));
#8320=IFCRELDEFINESBYPROPERTIES('0CPbT2Ahv4PvqaCa$a7mlh',#5,$,$,(#8316),#8319);
#8321=IFCCARTESIANPOINT((3.658362741216687,-64.4190840716774));
#8322=IFCCARTESIANPOINT((3.6204790142064533,-64.38120034466716));
#8323=IFCCARTESIANPOINT((3.5669033336753406,-64.38120034466716));
#8324=IFCCARTESIANPOINT((3.529019606665107,-64.4190840716774));
#8325=IFCCARTESIANPOINT((3.529019606665107,-64.47265975220851));
#8326=IFCCARTESIANPOINT((3.5669033336753406,-64.51054347921875));
#8327=IFCCARTESIANPOINT((3.6204790142064533,-64.51054347921875));
#8328=IFCCARTESIANPOINT((3.658362741216687,-64.47265975220851));
#8329=IFCCARTESIANPOINT((3.658362741216687,-64.4190840716774));
#8330=IFCPOLYLINE((#8321,#8322,#8323,#8324,#8325,#8326,#8327,#8328,#8329));
#8331=IFCARBITRARYCLOSEDPROFILEDEF(.AREA.,$,#8330);
#8332=IFCCARTESIANPOINT((0.,0.,0.));
#8333=IFCAXIS2PLACEMENT3D(#8332,$,$);
#8334=IFCDIRECTION((0.,0.,1.));
#8335=IFCEXTRUDEDAREASOLID(#8331,#8333,#8334,6.);
#8336=IFCCARTESIANPOINT((0.,0.));
#8337=IFCDIRECTION((-0.05240783382526791,0.9986257652162511));
#8338=IFCAXIS2PLACEMENT2D(#8336,#8337);
#8339=IFCRECTANGLEPROFILEDEF(.AREA.,$,#8338,0.7,0.7);
#8340=IFCCARTESIANPOINT((3.593691173940897,-64.44587191194296,6.));
#8341=IFCAXIS2PLACEMENT3D(#8340,$,$);
#8342=IFCDIRECTION((0.,0.,1.));
#8343=IFCEXTRUDEDAREASOLID(#8339,#8341,#8342,0.12);
#8344=IFCCARTESIANPOINT((-8.12559149543974,-51.071888865467386));
#8345=IFCCARTESIANPOINT((-8.163475222449975,-51.034005138457154));
#8346=IFCCARTESIANPOINT((-8.217050902981086,-51.034005138457154));
#8347=IFCCARTESIANPOINT((-8.25493462999132,-51.071888865467386));
#8348=IFCCARTESIANPOINT((-8.25493462999132,-51.1254645459985));
#8349=IFCCARTESIANPOINT((-8.217050902981086,-51.16334827300873));
#8350=IFCCARTESIANPOINT((-8.163475222449975,-51.16334827300873));
#8351=IFCCARTESIANPOINT((-8.12559149543974,-51.1254645459985));
#8352=IFCCARTESIANPOINT((-8.12559149543974,-51.071888865467386));
#8353=IFCPOLYLINE((#8344,#8345,#8346,#8347,#8348,#8349,#8350,#8351,#8352));
#8354=IFCARBITRARYCLOSEDPROFILEDEF(.AREA.,$,#8353);
#8355=IFCCARTESIANPOINT((0.,0.,0.));
#8356=IFCAXIS2PLACEMENT3D(#8355,$,$);
#8357=IFCDIRECTION((0.,0.,1.));
#8358=IFCEXTRUDEDAREASOLID(#8354,#8356,#8357,6.);
#8359=IFCCARTESIANPOINT((0.,0.));
#8360=IFCDIRECTION((-0.05240783382526791,0.9986257652162511));
#8361=IFCAXIS2PLACEMENT2D(#8359,#8360);
#8362=IFCRECTANGLEPROFILEDEF(.AREA.,$,#8361,0.7,0.7);
#8363=IFCCARTESIANPOINT((-8.19026306271553,-51.09867670573294,6.));
#8364=IFCAXIS2PLACEMENT3D(#8363,$,$);
#8365=IFCDIRECTION((0.,0.,1.));
#8366=IFCEXTRUDEDAREASOLID(#8362,#8364,#8365,0.12);
#8367=IFCCARTESIANPOINT((13.374936013117102,-49.977393406007664));
#8368=IFCCARTESIANPOINT((13.337052286106868,-49.93950967899743));
#8369=IFCCARTESIANPOINT((13.283476605575757,-49.93950967899743));
#8370=IFCCARTESIANPOINT((13.245592878565523,-49.977393406007664));
#8371=IFCCARTESIANPOINT((13.245592878565523,-50.030969086538775));
#8372=IFCCARTESIANPOINT((13.283476605575757,-50.06885281354901));
#8373=IFCCARTESIANPOINT((13.337052286106868,-50.06885281354901));
#8374=IFCCARTESIANPOINT((13.374936013117102,-50.030969086538775));
#8375=IFCCARTESIANPOINT((13.374936013117102,-49.977393406007664));
#8376=IFCPOLYLINE((#8367,#8368,#8369,#8370,#8371,#8372,#8373,#8374,#8375));
#8377=IFCARBITRARYCLOSEDPROFILEDEF(.AREA.,$,#8376);
#8378=IFCCARTESIANPOINT((0.,0.,0.));
#8379=IFCAXIS2PLACEMENT3D(#8378,$,$);
#8380=IFCDIRECTION((0.,0.,1.));
#8381=IFCEXTRUDEDAREASOLID(#8377,#8379,#8380,6.);
#8382=IFCCARTESIANPOINT((0.,0.));
#8383=IFCDIRECTION((-0.05240783382526791,0.9986257652162511));
#8384=IFCAXIS2PLACEMENT2D(#8382,#8383);
#8385=IFCRECTANGLEPROFILEDEF(.AREA.,$,#8384,0.7,0.7);
#8386=IFCCARTESIANPOINT((13.310264445841312,-50.00418124627322,6.));
#8387=IFCAXIS2PLACEMENT3D(#8386,$,$);
#8388=IFCDIRECTION((0.,0.,1.));
#8389=IFCEXTRUDEDAREASOLID(#8385,#8387,#8388,0.12);
#8390=IFCCARTESIANPOINT((-27.799667613014908,-45.995538470830994));
#8391=IFCCARTESIANPOINT((-27.837551340025144,-45.95765474382076));
#8392=IFCCARTESIANPOINT((-27.891127020556254,-45.95765474382076));
#8393=IFCCARTESIANPOINT((-27.92901074756649,-45.995538470830994));
#8394=IFCCARTESIANPOINT((-27.92901074756649,-46.049114151362105));
#8395=IFCCARTESIANPOINT((-27.891127020556254,-46.08699787837234));
#8396=IFCCARTESIANPOINT((-27.837551340025144,-46.08699787837234));
#8397=IFCCARTESIANPOINT((-27.799667613014908,-46.049114151362105));
#8398=IFCCARTESIANPOINT((-27.799667613014908,-45.995538470830994));
#8399=IFCPOLYLINE((#8390,#8391,#8392,#8393,#8394,#8395,#8396,#8397,#8398));
#8400=IFCARBITRARYCLOSEDPROFILEDEF(.AREA.,$,#8399);
#8401=IFCCARTESIANPOINT((0.,0.,0.));
#8402=IFCAXIS2PLACEMENT3D(#8401,$,$);
#8403=IFCDIRECTION((0.,0.,1.));
#8404=IFCEXTRUDEDAREASOLID(#8400,#8402,#8403,6.);
#8405=IFCCARTESIANPOINT((0.,0.));
#8406=IFCDIRECTION((-0.05240783382526791,0.9986257652162511));
#8407=IFCAXIS2PLACEMENT2D(#8405,#8406);
#8408=IFCRECTANGLEPROFILEDEF(.AREA.,$,#8407,0.7,0.7);
#8409=IFCCARTESIANPOINT((-27.8643391802907,-46.02232631109655,6.));
#8410=IFCAXIS2PLACEMENT3D(#8409,$,$);
#8411=IFCDIRECTION((0.,0.,1.));
#8412=IFCEXTRUDEDAREASOLID(#8408,#8410,#8411,0.12);
#8413=IFCCARTESIANPOINT((-16.169275128648014,-45.13721076448657));
#8414=IFCCARTESIANPOINT((-16.20715885565825,-45.099327037476336));
#8415=IFCCARTESIANPOINT((-16.26073453618936,-45.099327037476336));
#8416=IFCCARTESIANPOINT((-16.298618263199597,-45.13721076448657));
#8417=IFCCARTESIANPOINT((-16.298618263199597,-45.19078644501768));
#8418=IFCCARTESIANPOINT((-16.26073453618936,-45.22867017202791));
#8419=IFCCARTESIANPOINT((-16.20715885565825,-45.22867017202791));
#8420=IFCCARTESIANPOINT((-16.169275128648014,-45.19078644501768));
#8421=IFCCARTESIANPOINT((-16.169275128648014,-45.13721076448657));
#8422=IFCPOLYLINE((#8413,#8414,#8415,#8416,#8417,#8418,#8419,#8420,#8421));
#8423=IFCARBITRARYCLOSEDPROFILEDEF(.AREA.,$,#8422);
#8424=IFCCARTESIANPOINT((0.,0.,0.));
#8425=IFCAXIS2PLACEMENT3D(#8424,$,$);
#8426=IFCDIRECTION((0.,0.,1.));
#8427=IFCEXTRUDEDAREASOLID(#8423,#8425,#8426,6.);
#8428=IFCCARTESIANPOINT((0.,0.));
#8429=IFCDIRECTION((-0.05240783382526791,0.9986257652162511));
#8430=IFCAXIS2PLACEMENT2D(#8428,#8429);
#8431=IFCRECTANGLEPROFILEDEF(.AREA.,$,#8430,0.7,0.7);
#8432=IFCCARTESIANPOINT((-16.233946695923805,-45.16399860475212,6.));
#8433=IFCAXIS2PLACEMENT3D(#8432,$,$);
#8434=IFCDIRECTION((0.,0.,1.));
#8435=IFCEXTRUDEDAREASOLID(#8431,#8433,#8434,0.12);
#8436=IFCCARTESIANPOINT((22.851097887947827,-43.4459415576721));
#8437=IFCCARTESIANPOINT((22.81321416093759,-43.40805783066187));
#8438=IFCCARTESIANPOINT((22.75963848040648,-43.40805783066187));
#8439=IFCCARTESIANPOINT((22.721754753396244,-43.4459415576721));
#8440=IFCCARTESIANPOINT((22.721754753396244,-43.49951723820321));
#8441=IFCCARTESIANPOINT((22.75963848040648,-43.53740096521344));
#8442=IFCCARTESIANPOINT((22.81321416093759,-43.53740096521344));
#8443=IFCCARTESIANPOINT((22.851097887947827,-43.49951723820321));
#8444=IFCCARTESIANPOINT((22.851097887947827,-43.4459415576721));
#8445=IFCPOLYLINE((#8436,#8437,#8438,#8439,#8440,#8441,#8442,#8443,#8444));
#8446=IFCARBITRARYCLOSEDPROFILEDEF(.AREA.,$,#8445);
#8447=IFCCARTESIANPOINT((0.,0.,0.));
#8448=IFCAXIS2PLACEMENT3D(#8447,$,$);
#8449=IFCDIRECTION((0.,0.,1.));
#8450=IFCEXTRUDEDAREASOLID(#8446,#8448,#8449,6.);
#8451=IFCCARTESIANPOINT((0.,0.));
#8452=IFCDIRECTION((-0.05240783382526791,0.9986257652162511));
#8453=IFCAXIS2PLACEMENT2D(#8451,#8452);
#8454=IFCRECTANGLEPROFILEDEF(.AREA.,$,#8453,0.7,0.7);
#8455=IFCCARTESIANPOINT((22.786426320672035,-43.472729397937655,6.));
#8456=IFCAXIS2PLACEMENT3D(#8455,$,$);
#8457=IFCDIRECTION((0.,0.,1.));
#8458=IFCEXTRUDEDAREASOLID(#8454,#8456,#8457,0.12);
#8459=IFCCARTESIANPOINT((22.094067345007925,-33.51815414198883));
#8460=IFCCARTESIANPOINT((22.05618361799769,-33.4802704149786));
#8461=IFCCARTESIANPOINT((22.00260793746658,-33.4802704149786));
#8462=IFCCARTESIANPOINT((21.964724210456342,-33.51815414198883));
#8463=IFCCARTESIANPOINT((21.964724210456342,-33.57172982251994));
#8464=IFCCARTESIANPOINT((22.00260793746658,-33.609613549530174));
#8465=IFCCARTESIANPOINT((22.05618361799769,-33.609613549530174));
#8466=IFCCARTESIANPOINT((22.094067345007925,-33.57172982251994));
#8467=IFCCARTESIANPOINT((22.094067345007925,-33.51815414198883));
#8468=IFCPOLYLINE((#8459,#8460,#8461,#8462,#8463,#8464,#8465,#8466,#8467));
#8469=IFCARBITRARYCLOSEDPROFILEDEF(.AREA.,$,#8468);
#8470=IFCCARTESIANPOINT((0.,0.,0.));
#8471=IFCAXIS2PLACEMENT3D(#8470,$,$);
#8472=IFCDIRECTION((0.,0.,1.));
#8473=IFCEXTRUDEDAREASOLID(#8469,#8471,#8472,6.);
#8474=IFCCARTESIANPOINT((0.,0.));
#8475=IFCDIRECTION((-0.05240783382526791,0.9986257652162511));
#8476=IFCAXIS2PLACEMENT2D(#8474,#8475);
#8477=IFCRECTANGLEPROFILEDEF(.AREA.,$,#8476,0.7,0.7);
#8478=IFCCARTESIANPOINT((22.029395777732134,-33.544941982254386,6.));
#8479=IFCAXIS2PLACEMENT3D(#8478,$,$);
#8480=IFCDIRECTION((0.,0.,1.));
#8481=IFCEXTRUDEDAREASOLID(#8477,#8479,#8480,0.12);
#8482=IFCCARTESIANPOINT((34.56766078118947,-33.2286496809984));
#8483=IFCCARTESIANPOINT((34.529777054179235,-33.19076595398817));
#8484=IFCCARTESIANPOINT((34.476201373648124,-33.19076595398817));
#8485=IFCCARTESIANPOINT((34.43831764663789,-33.2286496809984));
#8486=IFCCARTESIANPOINT((34.43831764663789,-33.28222536152951));
#8487=IFCCARTESIANPOINT((34.476201373648124,-33.320109088539745));
#8488=IFCCARTESIANPOINT((34.529777054179235,-33.320109088539745));
#8489=IFCCARTESIANPOINT((34.56766078118947,-33.28222536152951));
#8490=IFCCARTESIANPOINT((34.56766078118947,-33.2286496809984));
#8491=IFCPOLYLINE((#8482,#8483,#8484,#8485,#8486,#8487,#8488,#8489,#8490));
#8492=IFCARBITRARYCLOSEDPROFILEDEF(.AREA.,$,#8491);
#8493=IFCCARTESIANPOINT((0.,0.,0.));
#8494=IFCAXIS2PLACEMENT3D(#8493,$,$);
#8495=IFCDIRECTION((0.,0.,1.));
#8496=IFCEXTRUDEDAREASOLID(#8492,#8494,#8495,6.);
#8497=IFCCARTESIANPOINT((0.,0.));
#8498=IFCDIRECTION((-0.05240783382526791,0.9986257652162511));
#8499=IFCAXIS2PLACEMENT2D(#8497,#8498);
#8500=IFCRECTANGLEPROFILEDEF(.AREA.,$,#8499,0.7,0.7);
#8501=IFCCARTESIANPOINT((34.50298921391368,-33.25543752126396,6.));
#8502=IFCAXIS2PLACEMENT3D(#8501,$,$);
#8503=IFCDIRECTION((0.,0.,1.));
#8504=IFCEXTRUDEDAREASOLID(#8500,#8502,#8503,0.12);
#8505=IFCCARTESIANPOINT((-30.32956798876855,-26.428684100073056));
#8506=IFCCARTESIANPOINT((-30.367451715778785,-26.39080037306282));
#8507=IFCCARTESIANPOINT((-30.421027396309896,-26.39080037306282));
#8508=IFCCARTESIANPOINT((-30.45891112332013,-26.428684100073056));
#8509=IFCCARTESIANPOINT((-30.45891112332013,-26.482259780604167));
#8510=IFCCARTESIANPOINT((-30.421027396309896,-26.520143507614403));
#8511=IFCCARTESIANPOINT((-30.367451715778785,-26.520143507614403));
#8512=IFCCARTESIANPOINT((-30.32956798876855,-26.482259780604167));
#8513=IFCCARTESIANPOINT((-30.32956798876855,-26.428684100073056));
#8514=IFCPOLYLINE((#8505,#8506,#8507,#8508,#8509,#8510,#8511,#8512,#8513));
#8515=IFCARBITRARYCLOSEDPROFILEDEF(.AREA.,$,#8514);
#8516=IFCCARTESIANPOINT((0.,0.,0.));
#8517=IFCAXIS2PLACEMENT3D(#8516,$,$);
#8518=IFCDIRECTION((0.,0.,1.));
#8519=IFCEXTRUDEDAREASOLID(#8515,#8517,#8518,6.);
#8520=IFCCARTESIANPOINT((0.,0.));
#8521=IFCDIRECTION((-0.05240783382526791,0.9986257652162511));
#8522=IFCAXIS2PLACEMENT2D(#8520,#8521);
#8523=IFCRECTANGLEPROFILEDEF(.AREA.,$,#8522,0.7,0.7);
#8524=IFCCARTESIANPOINT((-30.39423955604434,-26.45547194033861,6.));
#8525=IFCAXIS2PLACEMENT3D(#8524,$,$);
#8526=IFCDIRECTION((0.,0.,1.));
#8527=IFCEXTRUDEDAREASOLID(#8523,#8525,#8526,0.12);
#8528=IFCCARTESIANPOINT((-18.804861401573152,-25.737390120078103));
#8529=IFCCARTESIANPOINT((-18.84274512858339,-25.699506393067868));
#8530=IFCCARTESIANPOINT((-18.8963208091145,-25.699506393067868));
#8531=IFCCARTESIANPOINT((-18.934204536124735,-25.737390120078103));
#8532=IFCCARTESIANPOINT((-18.934204536124735,-25.790965800609214));
#8533=IFCCARTESIANPOINT((-18.8963208091145,-25.82884952761945));
#8534=IFCCARTESIANPOINT((-18.84274512858339,-25.82884952761945));
#8535=IFCCARTESIANPOINT((-18.804861401573152,-25.790965800609214));
#8536=IFCCARTESIANPOINT((-18.804861401573152,-25.737390120078103));
#8537=IFCPOLYLINE((#8528,#8529,#8530,#8531,#8532,#8533,#8534,#8535,#8536));
#8538=IFCARBITRARYCLOSEDPROFILEDEF(.AREA.,$,#8537);
#8539=IFCCARTESIANPOINT((0.,0.,0.));
#8540=IFCAXIS2PLACEMENT3D(#8539,$,$);
#8541=IFCDIRECTION((0.,0.,1.));
#8542=IFCEXTRUDEDAREASOLID(#8538,#8540,#8541,6.);
#8543=IFCCARTESIANPOINT((0.,0.));
#8544=IFCDIRECTION((-0.05240783382526791,0.9986257652162511));
#8545=IFCAXIS2PLACEMENT2D(#8543,#8544);
#8546=IFCRECTANGLEPROFILEDEF(.AREA.,$,#8545,0.7,0.7);
#8547=IFCCARTESIANPOINT((-18.869532968848944,-25.76417796034366,6.));
#8548=IFCAXIS2PLACEMENT3D(#8547,$,$);
#8549=IFCDIRECTION((0.,0.,1.));
#8550=IFCEXTRUDEDAREASOLID(#8546,#8548,#8549,0.12);
#8551=IFCCARTESIANPOINT((33.51703893263605,-16.459701722983496));
#8552=IFCCARTESIANPOINT((33.479155205625815,-16.42181799597326));
#8553=IFCCARTESIANPOINT((33.425579525094705,-16.42181799597326));
#8554=IFCCARTESIANPOINT((33.38769579808447,-16.459701722983496));
#8555=IFCCARTESIANPOINT((33.38769579808447,-16.513277403514607));
#8556=IFCCARTESIANPOINT((33.425579525094705,-16.551161130524843));
#8557=IFCCARTESIANPOINT((33.479155205625815,-16.551161130524843));
#8558=IFCCARTESIANPOINT((33.51703893263605,-16.513277403514607));
#8559=IFCCARTESIANPOINT((33.51703893263605,-16.459701722983496));
#8560=IFCPOLYLINE((#8551,#8552,#8553,#8554,#8555,#8556,#8557,#8558,#8559));
#8561=IFCARBITRARYCLOSEDPROFILEDEF(.AREA.,$,#8560);
#8562=IFCCARTESIANPOINT((0.,0.,0.));
#8563=IFCAXIS2PLACEMENT3D(#8562,$,$);
#8564=IFCDIRECTION((0.,0.,1.));
#8565=IFCEXTRUDEDAREASOLID(#8561,#8563,#8564,6.);
#8566=IFCCARTESIANPOINT((0.,0.));
#8567=IFCDIRECTION((-0.05240783382526791,0.9986257652162511));
#8568=IFCAXIS2PLACEMENT2D(#8566,#8567);
#8569=IFCRECTANGLEPROFILEDEF(.AREA.,$,#8568,0.7,0.7);
#8570=IFCCARTESIANPOINT((33.45236736536026,-16.48648956324905,6.));
#8571=IFCAXIS2PLACEMENT3D(#8570,$,$);
#8572=IFCDIRECTION((0.,0.,1.));
#8573=IFCEXTRUDEDAREASOLID(#8569,#8571,#8572,0.12);
#8574=IFCCARTESIANPOINT((-32.59280501063201,-6.6615263284484305));
#8575=IFCCARTESIANPOINT((-32.630688737642245,-6.623642601438196));
#8576=IFCCARTESIANPOINT((-32.684264418173356,-6.623642601438196));
#8577=IFCCARTESIANPOINT((-32.72214814518359,-6.6615263284484305));
#8578=IFCCARTESIANPOINT((-32.72214814518359,-6.715102008979543));
#8579=IFCCARTESIANPOINT((-32.684264418173356,-6.752985735989777));
#8580=IFCCARTESIANPOINT((-32.630688737642245,-6.752985735989777));
#8581=IFCCARTESIANPOINT((-32.59280501063201,-6.715102008979543));
#8582=IFCCARTESIANPOINT((-32.59280501063201,-6.6615263284484305));
#8583=IFCPOLYLINE((#8574,#8575,#8576,#8577,#8578,#8579,#8580,#8581,#8582));
#8584=IFCARBITRARYCLOSEDPROFILEDEF(.AREA.,$,#8583);
#8585=IFCCARTESIANPOINT((0.,0.,0.));
#8586=IFCAXIS2PLACEMENT3D(#8585,$,$);
#8587=IFCDIRECTION((0.,0.,1.));
#8588=IFCEXTRUDEDAREASOLID(#8584,#8586,#8587,6.);
#8589=IFCCARTESIANPOINT((0.,0.));
#8590=IFCDIRECTION((-0.05240783382526791,0.9986257652162511));
#8591=IFCAXIS2PLACEMENT2D(#8589,#8590);
#8592=IFCRECTANGLEPROFILEDEF(.AREA.,$,#8591,0.7,0.7);
#8593=IFCCARTESIANPOINT((-32.6574765779078,-6.688314168713987,6.));
#8594=IFCAXIS2PLACEMENT3D(#8593,$,$);
#8595=IFCDIRECTION((0.,0.,1.));
#8596=IFCEXTRUDEDAREASOLID(#8592,#8594,#8595,0.12);
#8597=IFCCARTESIANPOINT((-35.28899767006967,13.106033700953944));
#8598=IFCCARTESIANPOINT((-35.3268813970799,13.143917427964178));
#8599=IFCCARTESIANPOINT((-35.38045707761101,13.143917427964178));
#8600=IFCCARTESIANPOINT((-35.418340804621245,13.106033700953944));
#8601=IFCCARTESIANPOINT((-35.418340804621245,13.052458020422833));
#8602=IFCCARTESIANPOINT((-35.38045707761101,13.014574293412599));
#8603=IFCCARTESIANPOINT((-35.3268813970799,13.014574293412599));
#8604=IFCCARTESIANPOINT((-35.28899767006967,13.052458020422833));
#8605=IFCCARTESIANPOINT((-35.28899767006967,13.106033700953944));
#8606=IFCPOLYLINE((#8597,#8598,#8599,#8600,#8601,#8602,#8603,#8604,#8605));
#8607=IFCARBITRARYCLOSEDPROFILEDEF(.AREA.,$,#8606);
#8608=IFCCARTESIANPOINT((0.,0.,0.));
#8609=IFCAXIS2PLACEMENT3D(#8608,$,$);
#8610=IFCDIRECTION((0.,0.,1.));
#8611=IFCEXTRUDEDAREASOLID(#8607,#8609,#8610,6.);
#8612=IFCCARTESIANPOINT((0.,0.));
#8613=IFCDIRECTION((-0.05240783382526791,0.9986257652162511));
#8614=IFCAXIS2PLACEMENT2D(#8612,#8613);
#8615=IFCRECTANGLEPROFILEDEF(.AREA.,$,#8614,0.7,0.7);
#8616=IFCCARTESIANPOINT((-35.35366923734546,13.079245860688388,6.));
#8617=IFCAXIS2PLACEMENT3D(#8616,$,$);
#8618=IFCDIRECTION((0.,0.,1.));
#8619=IFCEXTRUDEDAREASOLID(#8615,#8617,#8618,0.12);
#8620=IFCCARTESIANPOINT((31.4241158353236,26.2253820527976));
#8621=IFCCARTESIANPOINT((31.386232108313365,26.263265779807835));
#8622=IFCCARTESIANPOINT((31.332656427782254,26.263265779807835));
#8623=IFCCARTESIANPOINT((31.29477270077202,26.2253820527976));
#8624=IFCCARTESIANPOINT((31.29477270077202,26.171806372266488));
#8625=IFCCARTESIANPOINT((31.332656427782254,26.133922645256252));
#8626=IFCCARTESIANPOINT((31.386232108313365,26.133922645256252));
#8627=IFCCARTESIANPOINT((31.4241158353236,26.171806372266488));
#8628=IFCCARTESIANPOINT((31.4241158353236,26.2253820527976));
#8629=IFCPOLYLINE((#8620,#8621,#8622,#8623,#8624,#8625,#8626,#8627,#8628));
#8630=IFCARBITRARYCLOSEDPROFILEDEF(.AREA.,$,#8629);
#8631=IFCCARTESIANPOINT((0.,0.,0.));
#8632=IFCAXIS2PLACEMENT3D(#8631,$,$);
#8633=IFCDIRECTION((0.,0.,1.));
#8634=IFCEXTRUDEDAREASOLID(#8630,#8632,#8633,6.);
#8635=IFCCARTESIANPOINT((0.,0.));
#8636=IFCDIRECTION((-0.05240783382526791,0.9986257652162511));
#8637=IFCAXIS2PLACEMENT2D(#8635,#8636);
#8638=IFCRECTANGLEPROFILEDEF(.AREA.,$,#8637,0.7,0.7);
#8639=IFCCARTESIANPOINT((31.35944426804781,26.198594212532043,6.));
#8640=IFCAXIS2PLACEMENT3D(#8639,$,$);
#8641=IFCDIRECTION((0.,0.,1.));
#8642=IFCEXTRUDEDAREASOLID(#8638,#8640,#8641,0.12);
#8643=IFCCARTESIANPOINT((-37.9130702068958,32.795538854289575));
#8644=IFCCARTESIANPOINT((-37.950953933906035,32.83342258129981));
#8645=IFCCARTESIANPOINT((-38.004529614437146,32.83342258129981));
#8646=IFCCARTESIANPOINT((-38.04241334144738,32.795538854289575));
#8647=IFCCARTESIANPOINT((-38.04241334144738,32.741963173758464));
#8648=IFCCARTESIANPOINT((-38.004529614437146,32.70407944674823));
#8649=IFCCARTESIANPOINT((-37.950953933906035,32.70407944674823));
#8650=IFCCARTESIANPOINT((-37.9130702068958,32.741963173758464));
#8651=IFCCARTESIANPOINT((-37.9130702068958,32.795538854289575));
#8652=IFCPOLYLINE((#8643,#8644,#8645,#8646,#8647,#8648,#8649,#8650,#8651));
#8653=IFCARBITRARYCLOSEDPROFILEDEF(.AREA.,$,#8652);
#8654=IFCCARTESIANPOINT((0.,0.,0.));
#8655=IFCAXIS2PLACEMENT3D(#8654,$,$);
#8656=IFCDIRECTION((0.,0.,1.));
#8657=IFCEXTRUDEDAREASOLID(#8653,#8655,#8656,6.);
#8658=IFCCARTESIANPOINT((0.,0.));
#8659=IFCDIRECTION((-0.05240783382526791,0.9986257652162511));
#8660=IFCAXIS2PLACEMENT2D(#8658,#8659);
#8661=IFCRECTANGLEPROFILEDEF(.AREA.,$,#8660,0.7,0.7);
#8662=IFCCARTESIANPOINT((-37.97774177417159,32.76875101402402,6.));
#8663=IFCAXIS2PLACEMENT3D(#8662,$,$);
#8664=IFCDIRECTION((0.,0.,1.));
#8665=IFCEXTRUDEDAREASOLID(#8661,#8663,#8664,0.12);
#8666=IFCCARTESIANPOINT((30.438592164411812,41.28961967161648));
#8667=IFCCARTESIANPOINT((30.400708437401576,41.32750339862671));
#8668=IFCCARTESIANPOINT((30.347132756870465,41.32750339862671));
#8669=IFCCARTESIANPOINT((30.30924902986023,41.28961967161648));
#8670=IFCCARTESIANPOINT((30.30924902986023,41.23604399108537));
#8671=IFCCARTESIANPOINT((30.347132756870465,41.198160264075135));
#8672=IFCCARTESIANPOINT((30.400708437401576,41.198160264075135));
#8673=IFCCARTESIANPOINT((30.438592164411812,41.23604399108537));
#8674=IFCCARTESIANPOINT((30.438592164411812,41.28961967161648));
#8675=IFCPOLYLINE((#8666,#8667,#8668,#8669,#8670,#8671,#8672,#8673,#8674));
#8676=IFCARBITRARYCLOSEDPROFILEDEF(.AREA.,$,#8675);
#8677=IFCCARTESIANPOINT((0.,0.,0.));
#8678=IFCAXIS2PLACEMENT3D(#8677,$,$);
#8679=IFCDIRECTION((0.,0.,1.));
#8680=IFCEXTRUDEDAREASOLID(#8676,#8678,#8679,6.);
#8681=IFCCARTESIANPOINT((0.,0.));
#8682=IFCDIRECTION((-0.05240783382526791,0.9986257652162511));
#8683=IFCAXIS2PLACEMENT2D(#8681,#8682);
#8684=IFCRECTANGLEPROFILEDEF(.AREA.,$,#8683,0.7,0.7);
#8685=IFCCARTESIANPOINT((30.37392059713602,41.26283183135092,6.));
#8686=IFCAXIS2PLACEMENT3D(#8685,$,$);
#8687=IFCDIRECTION((0.,0.,1.));
#8688=IFCEXTRUDEDAREASOLID(#8684,#8686,#8687,0.12);
#8689=IFCCARTESIANPOINT((-18.80393548066947,59.729260215971394));
#8690=IFCCARTESIANPOINT((-18.841819207679706,59.767143942981626));
#8691=IFCCARTESIANPOINT((-18.895394888210816,59.767143942981626));
#8692=IFCCARTESIANPOINT((-18.933278615221052,59.729260215971394));
#8693=IFCCARTESIANPOINT((-18.933278615221052,59.67568453544028));
#8694=IFCCARTESIANPOINT((-18.895394888210816,59.63780080843005));
#8695=IFCCARTESIANPOINT((-18.841819207679706,59.63780080843005));
#8696=IFCCARTESIANPOINT((-18.80393548066947,59.67568453544028));
#8697=IFCCARTESIANPOINT((-18.80393548066947,59.729260215971394));
#8698=IFCPOLYLINE((#8689,#8690,#8691,#8692,#8693,#8694,#8695,#8696,#8697));
#8699=IFCARBITRARYCLOSEDPROFILEDEF(.AREA.,$,#8698);
#8700=IFCCARTESIANPOINT((0.,0.,0.));
#8701=IFCAXIS2PLACEMENT3D(#8700,$,$);
#8702=IFCDIRECTION((0.,0.,1.));
#8703=IFCEXTRUDEDAREASOLID(#8699,#8701,#8702,6.);
#8704=IFCCARTESIANPOINT((0.,0.));
#8705=IFCDIRECTION((-0.05240783382526791,0.9986257652162511));
#8706=IFCAXIS2PLACEMENT2D(#8704,#8705);
#8707=IFCRECTANGLEPROFILEDEF(.AREA.,$,#8706,0.7,0.7);
#8708=IFCCARTESIANPOINT((-18.86860704794526,59.70247237570584,6.));
#8709=IFCAXIS2PLACEMENT3D(#8708,$,$);
#8710=IFCDIRECTION((0.,0.,1.));
#8711=IFCEXTRUDEDAREASOLID(#8707,#8709,#8710,0.12);
#8712=IFCCARTESIANPOINT((-7.806904179409476,60.354224926296396));
#8713=IFCCARTESIANPOINT((-7.84478790641971,60.39210865330663));
#8714=IFCCARTESIANPOINT((-7.898363586950823,60.39210865330663));
#8715=IFCCARTESIANPOINT((-7.936247313961057,60.354224926296396));
#8716=IFCCARTESIANPOINT((-7.936247313961057,60.300649245765285));
#8717=IFCCARTESIANPOINT((-7.898363586950823,60.26276551875505));
#8718=IFCCARTESIANPOINT((-7.84478790641971,60.26276551875505));
#8719=IFCCARTESIANPOINT((-7.806904179409476,60.300649245765285));
#8720=IFCCARTESIANPOINT((-7.806904179409476,60.354224926296396));
#8721=IFCPOLYLINE((#8712,#8713,#8714,#8715,#8716,#8717,#8718,#8719,#8720));
#8722=IFCARBITRARYCLOSEDPROFILEDEF(.AREA.,$,#8721);
#8723=IFCCARTESIANPOINT((0.,0.,0.));
#8724=IFCAXIS2PLACEMENT3D(#8723,$,$);
#8725=IFCDIRECTION((0.,0.,1.));
#8726=IFCEXTRUDEDAREASOLID(#8722,#8724,#8725,6.);
#8727=IFCCARTESIANPOINT((0.,0.));
#8728=IFCDIRECTION((-0.05240783382526791,0.9986257652162511));
#8729=IFCAXIS2PLACEMENT2D(#8727,#8728);
#8730=IFCRECTANGLEPROFILEDEF(.AREA.,$,#8729,0.7,0.7);
#8731=IFCCARTESIANPOINT((-7.8715757466852665,60.32743708603084,6.));
#8732=IFCAXIS2PLACEMENT3D(#8731,$,$);
#8733=IFCDIRECTION((0.,0.,1.));
#8734=IFCEXTRUDEDAREASOLID(#8730,#8732,#8733,0.12);
#8735=IFCCARTESIANPOINT((3.417855131074456,61.13499583440624));
#8736=IFCCARTESIANPOINT((3.3799714040642224,61.17287956141647));
#8737=IFCCARTESIANPOINT((3.3263957235331096,61.17287956141647));
#8738=IFCCARTESIANPOINT((3.288511996522876,61.13499583440624));
#8739=IFCCARTESIANPOINT((3.288511996522876,61.08142015387513));
#8740=IFCCARTESIANPOINT((3.3263957235331096,61.0435364268649));
#8741=IFCCARTESIANPOINT((3.3799714040642224,61.0435364268649));
#8742=IFCCARTESIANPOINT((3.417855131074456,61.08142015387513));
#8743=IFCCARTESIANPOINT((3.417855131074456,61.13499583440624));
#8744=IFCPOLYLINE((#8735,#8736,#8737,#8738,#8739,#8740,#8741,#8742,#8743));
#8745=IFCARBITRARYCLOSEDPROFILEDEF(.AREA.,$,#8744);
#8746=IFCCARTESIANPOINT((0.,0.,0.));
#8747=IFCAXIS2PLACEMENT3D(#8746,$,$);
#8748=IFCDIRECTION((0.,0.,1.));
#8749=IFCEXTRUDEDAREASOLID(#8745,#8747,#8748,6.);
#8750=IFCCARTESIANPOINT((0.,0.));
#8751=IFCDIRECTION((-0.05240783382526791,0.9986257652162511));
#8752=IFCAXIS2PLACEMENT2D(#8750,#8751);
#8753=IFCRECTANGLEPROFILEDEF(.AREA.,$,#8752,0.7,0.7);
#8754=IFCCARTESIANPOINT((3.353183563798666,61.108207994140685,6.));
#8755=IFCAXIS2PLACEMENT3D(#8754,$,$);
#8756=IFCDIRECTION((0.,0.,1.));
#8757=IFCEXTRUDEDAREASOLID(#8753,#8755,#8756,0.12);
#8758=IFCCARTESIANPOINT((-29.21203202883932,65.69956909163646));
#8759=IFCCARTESIANPOINT((-29.249915755849557,65.7374528186467));
#8760=IFCCARTESIANPOINT((-29.303491436380668,65.7374528186467));
#8761=IFCCARTESIANPOINT((-29.341375163390904,65.69956909163646));
#8762=IFCCARTESIANPOINT((-29.341375163390904,65.64599341110535));
#8763=IFCCARTESIANPOINT((-29.303491436380668,65.60810968409511));
#8764=IFCCARTESIANPOINT((-29.249915755849557,65.60810968409511));
#8765=IFCCARTESIANPOINT((-29.21203202883932,65.64599341110535));
#8766=IFCCARTESIANPOINT((-29.21203202883932,65.69956909163646));
#8767=IFCPOLYLINE((#8758,#8759,#8760,#8761,#8762,#8763,#8764,#8765,#8766));
#8768=IFCARBITRARYCLOSEDPROFILEDEF(.AREA.,$,#8767);
#8769=IFCCARTESIANPOINT((0.,0.,0.));
#8770=IFCAXIS2PLACEMENT3D(#8769,$,$);
#8771=IFCDIRECTION((0.,0.,1.));
#8772=IFCEXTRUDEDAREASOLID(#8768,#8770,#8771,6.);
#8773=IFCCARTESIANPOINT((0.,0.));
#8774=IFCDIRECTION((-0.05240783382526791,0.9986257652162511));
#8775=IFCAXIS2PLACEMENT2D(#8773,#8774);
#8776=IFCRECTANGLEPROFILEDEF(.AREA.,$,#8775,0.7,0.7);
#8777=IFCCARTESIANPOINT((-29.276703596115112,65.6727812513709,6.));
#8778=IFCAXIS2PLACEMENT3D(#8777,$,$);
#8779=IFCDIRECTION((0.,0.,1.));
#8780=IFCEXTRUDEDAREASOLID(#8776,#8778,#8779,0.12);
#8781=IFCCARTESIANPOINT((23.47121558099938,-63.48974517018699));
#8782=IFCCARTESIANPOINT((23.41709597098476,-63.435625560172376));
#8783=IFCCARTESIANPOINT((23.34055928451174,-63.435625560172376));
#8784=IFCCARTESIANPOINT((23.28643967449712,-63.48974517018699));
#8785=IFCCARTESIANPOINT((23.28643967449712,-63.56628185666001));
#8786=IFCCARTESIANPOINT((23.34055928451174,-63.62040146667463));
#8787=IFCCARTESIANPOINT((23.41709597098476,-63.62040146667463));
#8788=IFCCARTESIANPOINT((23.47121558099938,-63.56628185666001));
#8789=IFCCARTESIANPOINT((23.47121558099938,-63.48974517018699));
#8790=IFCPOLYLINE((#8781,#8782,#8783,#8784,#8785,#8786,#8787,#8788,#8789));
#8791=IFCARBITRARYCLOSEDPROFILEDEF(.AREA.,$,#8790);
#8792=IFCCARTESIANPOINT((0.,0.,0.));
#8793=IFCAXIS2PLACEMENT3D(#8792,$,$);
#8794=IFCDIRECTION((0.,0.,1.));
#8795=IFCEXTRUDEDAREASOLID(#8791,#8793,#8794,0.9);
#8796=IFCCARTESIANPOINT((16.781740879117972,-63.862473015982445));
#8797=IFCCARTESIANPOINT((16.727621269103352,-63.80835340596783));
#8798=IFCCARTESIANPOINT((16.651084582630332,-63.80835340596783));
#8799=IFCCARTESIANPOINT((16.596964972615712,-63.862473015982445));
#8800=IFCCARTESIANPOINT((16.596964972615712,-63.939009702455465));
#8801=IFCCARTESIANPOINT((16.651084582630332,-63.99312931247008));
#8802=IFCCARTESIANPOINT((16.727621269103352,-63.99312931247008));
#8803=IFCCARTESIANPOINT((16.781740879117972,-63.939009702455465));
#8804=IFCCARTESIANPOINT((16.781740879117972,-63.862473015982445));
#8805=IFCPOLYLINE((#8796,#8797,#8798,#8799,#8800,#8801,#8802,#8803,#8804));
#8806=IFCARBITRARYCLOSEDPROFILEDEF(.AREA.,$,#8805);
#8807=IFCCARTESIANPOINT((0.,0.,0.));
#8808=IFCAXIS2PLACEMENT3D(#8807,$,$);
#8809=IFCDIRECTION((0.,0.,1.));
#8810=IFCEXTRUDEDAREASOLID(#8806,#8808,#8809,0.9);
#8811=IFCCARTESIANPOINT((18.98565720528317,-63.74192202867174));
#8812=IFCCARTESIANPOINT((18.93153759526855,-63.68780241865712));
#8813=IFCCARTESIANPOINT((18.85500090879553,-63.68780241865712));
#8814=IFCCARTESIANPOINT((18.80088129878091,-63.74192202867174));
#8815=IFCCARTESIANPOINT((18.80088129878091,-63.81845871514476));
#8816=IFCCARTESIANPOINT((18.85500090879553,-63.872578325159374));
#8817=IFCCARTESIANPOINT((18.93153759526855,-63.872578325159374));
#8818=IFCCARTESIANPOINT((18.98565720528317,-63.81845871514476));
#8819=IFCCARTESIANPOINT((18.98565720528317,-63.74192202867174));
#8820=IFCPOLYLINE((#8811,#8812,#8813,#8814,#8815,#8816,#8817,#8818,#8819));
#8821=IFCARBITRARYCLOSEDPROFILEDEF(.AREA.,$,#8820);
#8822=IFCCARTESIANPOINT((0.,0.,0.));
#8823=IFCAXIS2PLACEMENT3D(#8822,$,$);
#8824=IFCDIRECTION((0.,0.,1.));
#8825=IFCEXTRUDEDAREASOLID(#8821,#8823,#8824,0.9);
#8826=IFCCARTESIANPOINT((14.389136196523433,-63.92714315218085));
#8827=IFCCARTESIANPOINT((14.335016586508814,-63.87302354216623));
#8828=IFCCARTESIANPOINT((14.258479900035795,-63.87302354216623));
#8829=IFCCARTESIANPOINT((14.204360290021176,-63.92714315218085));
#8830=IFCCARTESIANPOINT((14.204360290021176,-64.00367983865387));
#8831=IFCCARTESIANPOINT((14.258479900035795,-64.05779944866849));
#8832=IFCCARTESIANPOINT((14.335016586508814,-64.05779944866849));
#8833=IFCCARTESIANPOINT((14.389136196523433,-64.00367983865387));
#8834=IFCCARTESIANPOINT((14.389136196523433,-63.92714315218085));
#8835=IFCPOLYLINE((#8826,#8827,#8828,#8829,#8830,#8831,#8832,#8833,#8834));
#8836=IFCARBITRARYCLOSEDPROFILEDEF(.AREA.,$,#8835);
#8837=IFCCARTESIANPOINT((0.,0.,0.));
#8838=IFCAXIS2PLACEMENT3D(#8837,$,$);
#8839=IFCDIRECTION((0.,0.,1.));
#8840=IFCEXTRUDEDAREASOLID(#8836,#8838,#8839,0.9);
#8841=IFCCARTESIANPOINT((8.815531668662553,-64.20059918922537));
#8842=IFCCARTESIANPOINT((8.761412058647934,-64.14647957921075));
#8843=IFCCARTESIANPOINT((8.684875372174915,-64.14647957921075));
#8844=IFCCARTESIANPOINT((8.630755762160296,-64.20059918922537));
#8845=IFCCARTESIANPOINT((8.630755762160296,-64.27713587569839));
#8846=IFCCARTESIANPOINT((8.684875372174915,-64.33125548571302));
#8847=IFCCARTESIANPOINT((8.761412058647934,-64.33125548571302));
#8848=IFCCARTESIANPOINT((8.815531668662553,-64.27713587569839));
#8849=IFCCARTESIANPOINT((8.815531668662553,-64.20059918922537));
#8850=IFCPOLYLINE((#8841,#8842,#8843,#8844,#8845,#8846,#8847,#8848,#8849));
#8851=IFCARBITRARYCLOSEDPROFILEDEF(.AREA.,$,#8850);
#8852=IFCCARTESIANPOINT((0.,0.,0.));
#8853=IFCAXIS2PLACEMENT3D(#8852,$,$);
#8854=IFCDIRECTION((0.,0.,1.));
#8855=IFCEXTRUDEDAREASOLID(#8851,#8853,#8854,0.9);
#8856=IFCCARTESIANPOINT((6.273004969059949,-64.3096933116501));
#8857=IFCCARTESIANPOINT((6.21888535904533,-64.25557370163547));
#8858=IFCCARTESIANPOINT((6.142348672572312,-64.25557370163547));
#8859=IFCCARTESIANPOINT((6.0882290625576925,-64.3096933116501));
#8860=IFCCARTESIANPOINT((6.0882290625576925,-64.38622999812311));
#8861=IFCCARTESIANPOINT((6.142348672572312,-64.44034960813774));
#8862=IFCCARTESIANPOINT((6.21888535904533,-64.44034960813774));
#8863=IFCCARTESIANPOINT((6.273004969059949,-64.38622999812311));
#8864=IFCCARTESIANPOINT((6.273004969059949,-64.3096933116501));
#8865=IFCPOLYLINE((#8856,#8857,#8858,#8859,#8860,#8861,#8862,#8863,#8864));
#8866=IFCARBITRARYCLOSEDPROFILEDEF(.AREA.,$,#8865);
#8867=IFCCARTESIANPOINT((0.,0.,0.));
#8868=IFCAXIS2PLACEMENT3D(#8867,$,$);
#8869=IFCDIRECTION((0.,0.,1.));
#8870=IFCEXTRUDEDAREASOLID(#8866,#8868,#8869,0.9);
#8871=IFCCARTESIANPOINT((1.0824793218071513,-64.52777979833239));
#8872=IFCCARTESIANPOINT((1.0283597117925316,-64.47366018831777));
#8873=IFCCARTESIANPOINT((0.9518230253195137,-64.47366018831777));
#8874=IFCCARTESIANPOINT((0.897703415304894,-64.52777979833239));
#8875=IFCCARTESIANPOINT((0.897703415304894,-64.60431648480541));
#8876=IFCCARTESIANPOINT((0.9518230253195136,-64.65843609482003));
#8877=IFCCARTESIANPOINT((1.0283597117925316,-64.65843609482003));
#8878=IFCCARTESIANPOINT((1.0824793218071513,-64.60431648480541));
#8879=IFCCARTESIANPOINT((1.0824793218071513,-64.52777979833239));
#8880=IFCPOLYLINE((#8871,#8872,#8873,#8874,#8875,#8876,#8877,#8878,#8879));
#8881=IFCARBITRARYCLOSEDPROFILEDEF(.AREA.,$,#8880);
#8882=IFCCARTESIANPOINT((0.,0.,0.));
#8883=IFCAXIS2PLACEMENT3D(#8882,$,$);
#8884=IFCDIRECTION((0.,0.,1.));
#8885=IFCEXTRUDEDAREASOLID(#8881,#8883,#8884,0.9);
#8886=IFCCARTESIANPOINT((-1.6156431385879464,-64.8149905338248));
#8887=IFCCARTESIANPOINT((-1.6697627486025661,-64.76087092381017));
#8888=IFCCARTESIANPOINT((-1.746299435075584,-64.76087092381017));
#8889=IFCCARTESIANPOINT((-1.8004190450902038,-64.8149905338248));
#8890=IFCCARTESIANPOINT((-1.8004190450902038,-64.89152722029782));
#8891=IFCCARTESIANPOINT((-1.746299435075584,-64.94564683031244));
#8892=IFCCARTESIANPOINT((-1.6697627486025661,-64.94564683031244));
#8893=IFCCARTESIANPOINT((-1.6156431385879464,-64.89152722029782));
#8894=IFCCARTESIANPOINT((-1.6156431385879464,-64.8149905338248));
#8895=IFCPOLYLINE((#8886,#8887,#8888,#8889,#8890,#8891,#8892,#8893,#8894));
#8896=IFCARBITRARYCLOSEDPROFILEDEF(.AREA.,$,#8895);
#8897=IFCCARTESIANPOINT((0.,0.,0.));
#8898=IFCAXIS2PLACEMENT3D(#8897,$,$);
#8899=IFCDIRECTION((0.,0.,1.));
#8900=IFCEXTRUDEDAREASOLID(#8896,#8898,#8899,0.9);
#8901=IFCCARTESIANPOINT((-4.1858650805060815,-64.8572029008826));
#8902=IFCCARTESIANPOINT((-4.239984690520701,-64.80308329086797));
#8903=IFCCARTESIANPOINT((-4.316521376993719,-64.80308329086797));
#8904=IFCCARTESIANPOINT((-4.370640987008338,-64.8572029008826));
#8905=IFCCARTESIANPOINT((-4.370640987008338,-64.93373958735562));
#8906=IFCCARTESIANPOINT((-4.316521376993719,-64.98785919737024));
#8907=IFCCARTESIANPOINT((-4.239984690520701,-64.98785919737024));
#8908=IFCCARTESIANPOINT((-4.1858650805060815,-64.93373958735562));
#8909=IFCCARTESIANPOINT((-4.1858650805060815,-64.8572029008826));
#8910=IFCPOLYLINE((#8901,#8902,#8903,#8904,#8905,#8906,#8907,#8908,#8909));
#8911=IFCARBITRARYCLOSEDPROFILEDEF(.AREA.,$,#8910);
#8912=IFCCARTESIANPOINT((0.,0.,0.));
#8913=IFCAXIS2PLACEMENT3D(#8912,$,$);
#8914=IFCDIRECTION((0.,0.,1.));
#8915=IFCEXTRUDEDAREASOLID(#8911,#8913,#8914,0.9);
#8916=IFCCARTESIANPOINT((-9.465302506983752,-65.17546673149967));
#8917=IFCCARTESIANPOINT((-9.51942211699837,-65.12134712148504));
#8918=IFCCARTESIANPOINT((-9.59595880347139,-65.12134712148504));
#8919=IFCCARTESIANPOINT((-9.650078413486009,-65.17546673149967));
#8920=IFCCARTESIANPOINT((-9.650078413486009,-65.25200341797269));
#8921=IFCCARTESIANPOINT((-9.59595880347139,-65.30612302798731));
#8922=IFCCARTESIANPOINT((-9.51942211699837,-65.30612302798731));
#8923=IFCCARTESIANPOINT((-9.465302506983752,-65.25200341797269));
#8924=IFCCARTESIANPOINT((-9.465302506983752,-65.17546673149967));
#8925=IFCPOLYLINE((#8916,#8917,#8918,#8919,#8920,#8921,#8922,#8923,#8924));
#8926=IFCARBITRARYCLOSEDPROFILEDEF(.AREA.,$,#8925);
#8927=IFCCARTESIANPOINT((0.,0.,0.));
#8928=IFCAXIS2PLACEMENT3D(#8927,$,$);
#8929=IFCDIRECTION((0.,0.,1.));
#8930=IFCEXTRUDEDAREASOLID(#8926,#8928,#8929,0.9);
#8931=IFCCARTESIANPOINT((-12.179967182279105,-65.34009773128831));
#8932=IFCCARTESIANPOINT((-12.234086792293724,-65.28597812127369));
#8933=IFCCARTESIANPOINT((-12.310623478766743,-65.28597812127369));
#8934=IFCCARTESIANPOINT((-12.364743088781362,-65.34009773128831));
#8935=IFCCARTESIANPOINT((-12.364743088781362,-65.41663441776133));
#8936=IFCCARTESIANPOINT((-12.310623478766743,-65.47075402777595));
#8937=IFCCARTESIANPOINT((-12.234086792293724,-65.47075402777595));
#8938=IFCCARTESIANPOINT((-12.179967182279105,-65.41663441776133));
#8939=IFCCARTESIANPOINT((-12.179967182279105,-65.34009773128831));
#8940=IFCPOLYLINE((#8931,#8932,#8933,#8934,#8935,#8936,#8937,#8938,#8939));
#8941=IFCARBITRARYCLOSEDPROFILEDEF(.AREA.,$,#8940);
#8942=IFCCARTESIANPOINT((0.,0.,0.));
#8943=IFCAXIS2PLACEMENT3D(#8942,$,$);
#8944=IFCDIRECTION((0.,0.,1.));
#8945=IFCEXTRUDEDAREASOLID(#8941,#8943,#8944,0.9);
#8946=IFCCARTESIANPOINT((21.261697759329802,-63.66600138911211));
#8947=IFCCARTESIANPOINT((21.207578149315182,-63.611881779097494));
#8948=IFCCARTESIANPOINT((21.131041462842163,-63.611881779097494));
#8949=IFCCARTESIANPOINT((21.076921852827542,-63.66600138911211));
#8950=IFCCARTESIANPOINT((21.076921852827542,-63.74253807558513));
#8951=IFCCARTESIANPOINT((21.131041462842163,-63.79665768559975));
#8952=IFCCARTESIANPOINT((21.207578149315182,-63.79665768559975));
#8953=IFCCARTESIANPOINT((21.261697759329802,-63.74253807558513));
#8954=IFCCARTESIANPOINT((21.261697759329802,-63.66600138911211));
#8955=IFCPOLYLINE((#8946,#8947,#8948,#8949,#8950,#8951,#8952,#8953,#8954));
#8956=IFCARBITRARYCLOSEDPROFILEDEF(.AREA.,$,#8955);
#8957=IFCCARTESIANPOINT((0.,0.,0.));
#8958=IFCAXIS2PLACEMENT3D(#8957,$,$);
#8959=IFCDIRECTION((0.,0.,1.));
#8960=IFCEXTRUDEDAREASOLID(#8956,#8958,#8959,0.9);
#8961=IFCSTYLEDITEM(#8795,(#63),$);
#8962=IFCSTYLEDITEM(#8810,(#63),$);
#8963=IFCSTYLEDITEM(#8825,(#63),$);
#8964=IFCSTYLEDITEM(#8840,(#63),$);
#8965=IFCSTYLEDITEM(#8855,(#63),$);
#8966=IFCSTYLEDITEM(#8870,(#63),$);
#8967=IFCSTYLEDITEM(#8885,(#63),$);
#8968=IFCSTYLEDITEM(#8900,(#63),$);
#8969=IFCSTYLEDITEM(#8915,(#63),$);
#8970=IFCSTYLEDITEM(#8930,(#63),$);
#8971=IFCSTYLEDITEM(#8945,(#63),$);
#8972=IFCSTYLEDITEM(#8960,(#63),$);
#8973=IFCSHAPEREPRESENTATION(#16,'Body','SweptSolid',(#8795,#8810,#8825,#8840,#8855,#8870,#8885,#8900,#8915,#8930,#8945,#8960));
#8974=IFCPRODUCTDEFINITIONSHAPE($,$,(#8973));
#8975=IFCLOCALPLACEMENT(#23,#13);
#8976=IFCMEMBER('2Vm0Cf5z5BwBmNwHFVfutc',#5,'Bollards',$,'Steel bollard',#8975,#8974,'EL-MEM-030',.POST.);
#8977=IFCRELASSOCIATESMATERIAL('0YOHujc_n3m9h03lIyzMIm',#5,$,$,(#8976),#64);
#8978=IFCPROPERTYSINGLEVALUE('Reference',$,IFCLABEL('Steel bollard'),$);
#8979=IFCPROPERTYSINGLEVALUE('IsExternal',$,IFCBOOLEAN(.T.),$);
#8980=IFCPROPERTYSINGLEVALUE('Status',$,IFCLABEL('EXISTING'),$);
#8981=IFCPROPERTYSET('2DLpLOIpTCkxkT9STe4sbp',#5,'Pset_MemberCommon',$,(#8978,#8979,#8980));
#8982=IFCRELDEFINESBYPROPERTIES('2hRtA_G8P75ha8qUzLSdg8',#5,$,$,(#8976),#8981);
#8983=IFCPROPERTYSINGLEVALUE('Material',$,IFCLABEL('Dark grey painted steel'),$);
#8984=IFCPROPERTYSINGLEVALUE('Category',$,IFCLABEL('Metal'),$);
#8985=IFCPROPERTYSINGLEVALUE('Description',$,IFCLABEL('Canopy structure, poles, kiosks'),$);
#8986=IFCPROPERTYSINGLEVALUE('MassDensity_kg_m3',$,IFCREAL(7850.),$);
#8987=IFCPROPERTYSET('2hj1jK3i94NxX7wcBedm6g',#5,'Pset_CDE_Material',$,(#8983,#8984,#8985,#8986));
#8988=IFCRELDEFINESBYPROPERTIES('0DfGQVIET5X8bjWQxCI3Ga',#5,$,$,(#8976),#8987);
#8989=IFCPROPERTYSINGLEVALUE('GeometrySource',$,IFCLABEL('OpenStreetMap barrier=bollard (ODbL)'),$);
#8990=IFCPROPERTYSINGLEVALUE('Confidence',$,IFCLABEL('Medium'),$);
#8991=IFCPROPERTYSINGLEVALUE('Reference',$,IFCLABEL('OSM'),$);
#8992=IFCPROPERTYSET('1RWRg48UfFB91wl3YfpgUB',#5,'Pset_CDE_Provenance',$,(#8989,#8990,#8991));
#8993=IFCRELDEFINESBYPROPERTIES('2dqOJdZDvDyvBK37F4YxzK',#5,$,$,(#8976),#8992);
#8994=IFCPROPERTYSINGLEVALUE('Count',$,IFCINTEGER(12),$);
#8995=IFCPROPERTYSET('39J5SlP$b9FwN0vPpTH4U5',#5,'Pset_CDE_Count',$,(#8994));
#8996=IFCRELDEFINESBYPROPERTIES('19i4vkn5j74RoMkpY2VrOZ',#5,$,$,(#8976),#8995);
#8997=IFCSTYLEDITEM(#8335,(#63),$);
#8998=IFCSTYLEDITEM(#8358,(#63),$);
#8999=IFCSTYLEDITEM(#8381,(#63),$);
#9000=IFCSTYLEDITEM(#8404,(#63),$);
#9001=IFCSTYLEDITEM(#8427,(#63),$);
#9002=IFCSTYLEDITEM(#8450,(#63),$);
#9003=IFCSTYLEDITEM(#8473,(#63),$);
#9004=IFCSTYLEDITEM(#8496,(#63),$);
#9005=IFCSTYLEDITEM(#8519,(#63),$);
#9006=IFCSTYLEDITEM(#8542,(#63),$);
#9007=IFCSTYLEDITEM(#8565,(#63),$);
#9008=IFCSTYLEDITEM(#8588,(#63),$);
#9009=IFCSTYLEDITEM(#8611,(#63),$);
#9010=IFCSTYLEDITEM(#8634,(#63),$);
#9011=IFCSTYLEDITEM(#8657,(#63),$);
#9012=IFCSTYLEDITEM(#8680,(#63),$);
#9013=IFCSTYLEDITEM(#8703,(#63),$);
#9014=IFCSTYLEDITEM(#8726,(#63),$);
#9015=IFCSTYLEDITEM(#8749,(#63),$);
#9016=IFCSTYLEDITEM(#8772,(#63),$);
#9017=IFCSHAPEREPRESENTATION(#16,'Body','SweptSolid',(#8335,#8358,#8381,#8404,#8427,#8450,#8473,#8496,#8519,#8542,#8565,#8588,#8611,#8634,#8657,#8680,#8703,#8726,#8749,#8772));
#9018=IFCPRODUCTDEFINITIONSHAPE($,$,(#9017));
#9019=IFCLOCALPLACEMENT(#23,#13);
#9020=IFCMEMBER('1ymVed2a99y8QeRYJ6lil6',#5,'Street lamp posts',$,'Lamp post, 6 m',#9019,#9018,'EL-MEM-031',.POST.);
#9021=IFCRELASSOCIATESMATERIAL('2HjkxQDTvEVfZa1d5CZq3M',#5,$,$,(#9020),#64);
#9022=IFCPROPERTYSINGLEVALUE('Reference',$,IFCLABEL('Lamp post, 6 m'),$);
#9023=IFCPROPERTYSINGLEVALUE('IsExternal',$,IFCBOOLEAN(.T.),$);
#9024=IFCPROPERTYSINGLEVALUE('Status',$,IFCLABEL('EXISTING'),$);
#9025=IFCPROPERTYSET('128erZQQLB4eRAkrgiQ3aI',#5,'Pset_MemberCommon',$,(#9022,#9023,#9024));
#9026=IFCRELDEFINESBYPROPERTIES('3032R7elDCCve$$T3oX9uy',#5,$,$,(#9020),#9025);
#9027=IFCPROPERTYSINGLEVALUE('Material',$,IFCLABEL('Dark grey painted steel'),$);
#9028=IFCPROPERTYSINGLEVALUE('Category',$,IFCLABEL('Metal'),$);
#9029=IFCPROPERTYSINGLEVALUE('Description',$,IFCLABEL('Canopy structure, poles, kiosks'),$);
#9030=IFCPROPERTYSINGLEVALUE('MassDensity_kg_m3',$,IFCREAL(7850.),$);
#9031=IFCPROPERTYSET('0K4gSSNpv3qfPMkfZUcTHW',#5,'Pset_CDE_Material',$,(#9027,#9028,#9029,#9030));
#9032=IFCRELDEFINESBYPROPERTIES('3n5tEkWNzAqxHK7cMo4whW',#5,$,$,(#9020),#9031);
#9033=IFCPROPERTYSINGLEVALUE('GeometrySource',$,IFCLABEL('OpenStreetMap highway=street_lamp (ODbL); height estimated'),$);
#9034=IFCPROPERTYSINGLEVALUE('Confidence',$,IFCLABEL('Medium'),$);
#9035=IFCPROPERTYSINGLEVALUE('Reference',$,IFCLABEL('OSM'),$);
#9036=IFCPROPERTYSET('3OV3lvQD9FAgX1171RbJWk',#5,'Pset_CDE_Provenance',$,(#9033,#9034,#9035));
#9037=IFCRELDEFINESBYPROPERTIES('3SexdLnDvFuP$5eVHhnZq0',#5,$,$,(#9020),#9036);
#9038=IFCSTYLEDITEM(#8343,(#141),$);
#9039=IFCSTYLEDITEM(#8366,(#141),$);
#9040=IFCSTYLEDITEM(#8389,(#141),$);
#9041=IFCSTYLEDITEM(#8412,(#141),$);
#9042=IFCSTYLEDITEM(#8435,(#141),$);
#9043=IFCSTYLEDITEM(#8458,(#141),$);
#9044=IFCSTYLEDITEM(#8481,(#141),$);
#9045=IFCSTYLEDITEM(#8504,(#141),$);
#9046=IFCSTYLEDITEM(#8527,(#141),$);
#9047=IFCSTYLEDITEM(#8550,(#141),$);
#9048=IFCSTYLEDITEM(#8573,(#141),$);
#9049=IFCSTYLEDITEM(#8596,(#141),$);
#9050=IFCSTYLEDITEM(#8619,(#141),$);
#9051=IFCSTYLEDITEM(#8642,(#141),$);
#9052=IFCSTYLEDITEM(#8665,(#141),$);
#9053=IFCSTYLEDITEM(#8688,(#141),$);
#9054=IFCSTYLEDITEM(#8711,(#141),$);
#9055=IFCSTYLEDITEM(#8734,(#141),$);
#9056=IFCSTYLEDITEM(#8757,(#141),$);
#9057=IFCSTYLEDITEM(#8780,(#141),$);
#9058=IFCSHAPEREPRESENTATION(#16,'Body','SweptSolid',(#8343,#8366,#8389,#8412,#8435,#8458,#8481,#8504,#8527,#8550,#8573,#8596,#8619,#8642,#8665,#8688,#8711,#8734,#8757,#8780));
#9059=IFCPRODUCTDEFINITIONSHAPE($,$,(#9058));
#9060=IFCLOCALPLACEMENT(#23,#13);
#9061=IFCLIGHTFIXTURE('2yMmzKC6554OY$2fkG9ouZ',#5,'Street lamp heads',$,'Square lamp head',#9060,#9059,'EL-LGT-003',.POINTSOURCE.);
#9062=IFCRELASSOCIATESMATERIAL('1JV3FKKSzC2OPxY5QFyR7y',#5,$,$,(#9061),#142);
#9063=IFCPROPERTYSINGLEVALUE('Reference',$,IFCLABEL('Square lamp head'),$);
#9064=IFCPROPERTYSINGLEVALUE('Status',$,IFCLABEL('EXISTING'),$);
#9065=IFCPROPERTYSET('2PCIpQIzj6_ORyKlZm4UKQ',#5,'Pset_LightFixtureTypeCommon',$,(#9063,#9064));
#9066=IFCRELDEFINESBYPROPERTIES('30u8sQGXD4OuuK9sAJY$$L',#5,$,$,(#9061),#9065);
#9067=IFCPROPERTYSINGLEVALUE('Material',$,IFCLABEL('Luminaire diffuser'),$);
#9068=IFCPROPERTYSINGLEVALUE('Category',$,IFCLABEL('Glass'),$);
#9069=IFCPROPERTYSET('3Hr9Zy8gHFNglpBHqGzvP8',#5,'Pset_CDE_Material',$,(#9067,#9068));
#9070=IFCRELDEFINESBYPROPERTIES('2h2$MQSDb9ExEt1tBUaCG1',#5,$,$,(#9061),#9069);
#9071=IFCPROPERTYSINGLEVALUE('GeometrySource',$,IFCLABEL('Photograph'),$);
#9072=IFCPROPERTYSINGLEVALUE('Confidence',$,IFCLABEL('Low'),$);
#9073=IFCPROPERTYSINGLEVALUE('Reference',$,IFCLABEL('PHOTO'),$);
#9074=IFCPROPERTYSET('3kNbtye2DCNPSPj_tXyvip',#5,'Pset_CDE_Provenance',$,(#9071,#9072,#9073));
#9075=IFCRELDEFINESBYPROPERTIES('1UVBEZuevExepuvE0en0ZJ',#5,$,$,(#9061),#9074);
#9076=IFCCARTESIANPOINT((20.516118708419718,-22.658244455824367));
#9077=IFCCARTESIANPOINT((20.518355006449312,-22.66047748244417));
#9078=IFCCARTESIANPOINT((20.52034398897024,-22.66293337032706));
#9079=IFCCARTESIANPOINT((22.349912922665794,-25.182581540425723));
#9080=IFCCARTESIANPOINT((22.35139632408901,-25.184830317371006));
#9081=IFCCARTESIANPOINT((22.352672010226314,-25.187203101055022));
#9082=IFCCARTESIANPOINT((22.35372969411828,-25.18968075767302));
#9083=IFCCARTESIANPOINT((22.354560846745933,-25.192243307739183));
#9084=IFCCARTESIANPOINT((23.140223494082655,-28.045187917448267));
#9085=IFCCARTESIANPOINT((23.140907977832633,-28.0483178162));
#9086=IFCCARTESIANPOINT((23.14125477544453,-28.051502861822353));
#9087=IFCCARTESIANPOINT((24.096937485257648,-45.39972666073064));
#9088=IFCCARTESIANPOINT((24.037028319915272,-45.40302694980581));
#9089=IFCCARTESIANPOINT((23.081522596268428,-28.058015928098897));
#9090=IFCCARTESIANPOINT((22.298160837121905,-25.213426439486653));
#9091=IFCCARTESIANPOINT((20.473657869325788,-22.700755023022804));
#9092=IFCCARTESIANPOINT((15.051493935865246,-17.829092179765233));
#9093=IFCCARTESIANPOINT((15.09159412922255,-17.78446063830959));
#9094=IFCCARTESIANPOINT((20.516118708419718,-22.658244455824367));
#9095=IFCPOLYLINE((#9076,#9077,#9078,#9079,#9080,#9081,#9082,#9083,#9084,#9085,#9086,#9087,#9088,#9089,#9090,#9091,#9092,#9093,#9094));
#9096=IFCARBITRARYCLOSEDPROFILEDEF(.AREA.,$,#9095);
#9097=IFCCARTESIANPOINT((0.,0.,0.45));
#9098=IFCAXIS2PLACEMENT3D(#9097,$,$);
#9099=IFCDIRECTION((0.,0.,1.));
#9100=IFCEXTRUDEDAREASOLID(#9096,#9098,#9099,0.05);
#9101=IFCCARTESIANPOINT((20.516118708419718,-22.658244455824367));
#9102=IFCCARTESIANPOINT((20.518355006449312,-22.66047748244417));
#9103=IFCCARTESIANPOINT((20.52034398897024,-22.66293337032706));
#9104=IFCCARTESIANPOINT((22.349912922665794,-25.182581540425723));
#9105=IFCCARTESIANPOINT((22.35139632408901,-25.184830317371006));
#9106=IFCCARTESIANPOINT((22.352672010226314,-25.187203101055022));
#9107=IFCCARTESIANPOINT((22.35372969411828,-25.18968075767302));
#9108=IFCCARTESIANPOINT((22.354560846745933,-25.192243307739183));
#9109=IFCCARTESIANPOINT((23.140223494082655,-28.045187917448267));
#9110=IFCCARTESIANPOINT((23.140907977832633,-28.0483178162));
#9111=IFCCARTESIANPOINT((23.14125477544453,-28.051502861822353));
#9112=IFCCARTESIANPOINT((24.096937485257648,-45.39972666073064));
#9113=IFCCARTESIANPOINT((24.037028319915272,-45.40302694980581));
#9114=IFCCARTESIANPOINT((23.081522596268428,-28.058015928098897));
#9115=IFCCARTESIANPOINT((22.298160837121905,-25.213426439486653));
#9116=IFCCARTESIANPOINT((20.473657869325788,-22.700755023022804));
#9117=IFCCARTESIANPOINT((15.051493935865246,-17.829092179765233));
#9118=IFCCARTESIANPOINT((15.09159412922255,-17.78446063830959));
#9119=IFCCARTESIANPOINT((20.516118708419718,-22.658244455824367));
#9120=IFCPOLYLINE((#9101,#9102,#9103,#9104,#9105,#9106,#9107,#9108,#9109,#9110,#9111,#9112,#9113,#9114,#9115,#9116,#9117,#9118,#9119));
#9121=IFCARBITRARYCLOSEDPROFILEDEF(.AREA.,$,#9120);
#9122=IFCCARTESIANPOINT((0.,0.,0.95));
#9123=IFCAXIS2PLACEMENT3D(#9122,$,$);
#9124=IFCDIRECTION((0.,0.,1.));
#9125=IFCEXTRUDEDAREASOLID(#9121,#9123,#9124,0.05);
#9126=IFCCARTESIANPOINT((15.101854921676352,-17.789276409037413));
#9127=IFCCARTESIANPOINT((15.071544032543898,-17.77177640903741));
#9128=IFCCARTESIANPOINT((15.041233143411443,-17.789276409037413));
#9129=IFCCARTESIANPOINT((15.041233143411443,-17.82427640903741));
#9130=IFCCARTESIANPOINT((15.071544032543898,-17.84177640903741));
#9131=IFCCARTESIANPOINT((15.101854921676352,-17.82427640903741));
#9132=IFCCARTESIANPOINT((15.101854921676352,-17.789276409037413));
#9133=IFCPOLYLINE((#9126,#9127,#9128,#9129,#9130,#9131,#9132));
#9134=IFCARBITRARYCLOSEDPROFILEDEF(.AREA.,$,#9133);
#9135=IFCCARTESIANPOINT((0.,0.,0.));
#9136=IFCAXIS2PLACEMENT3D(#9135,$,$);
#9137=IFCDIRECTION((0.,0.,1.));
#9138=IFCEXTRUDEDAREASOLID(#9134,#9136,#9137,1.);
#9139=IFCCARTESIANPOINT((16.292029360493512,-18.858614898565524));
#9140=IFCCARTESIANPOINT((16.261718471361057,-18.84111489856552));
#9141=IFCCARTESIANPOINT((16.231407582228602,-18.858614898565524));
#9142=IFCCARTESIANPOINT((16.231407582228602,-18.89361489856552));
#9143=IFCCARTESIANPOINT((16.261718471361057,-18.911114898565522));
#9144=IFCCARTESIANPOINT((16.292029360493512,-18.89361489856552));
#9145=IFCCARTESIANPOINT((16.292029360493512,-18.858614898565524));
#9146=IFCPOLYLINE((#9139,#9140,#9141,#9142,#9143,#9144,#9145));
#9147=IFCARBITRARYCLOSEDPROFILEDEF(.AREA.,$,#9146);
#9148=IFCCARTESIANPOINT((0.,0.,0.));
#9149=IFCAXIS2PLACEMENT3D(#9148,$,$);
#9150=IFCDIRECTION((0.,0.,1.));
#9151=IFCEXTRUDEDAREASOLID(#9147,#9149,#9150,1.);
#9152=IFCCARTESIANPOINT((17.48220379931067,-19.927953388093634));
#9153=IFCCARTESIANPOINT((17.451892910178216,-19.910453388093632));
#9154=IFCCARTESIANPOINT((17.42158202104576,-19.927953388093634));
#9155=IFCCARTESIANPOINT((17.42158202104576,-19.96295338809363));
#9156=IFCCARTESIANPOINT((17.451892910178216,-19.980453388093633));
#9157=IFCCARTESIANPOINT((17.48220379931067,-19.96295338809363));
#9158=IFCCARTESIANPOINT((17.48220379931067,-19.927953388093634));
#9159=IFCPOLYLINE((#9152,#9153,#9154,#9155,#9156,#9157,#9158));
#9160=IFCARBITRARYCLOSEDPROFILEDEF(.AREA.,$,#9159);
#9161=IFCCARTESIANPOINT((0.,0.,0.));
#9162=IFCAXIS2PLACEMENT3D(#9161,$,$);
#9163=IFCDIRECTION((0.,0.,1.));
#9164=IFCEXTRUDEDAREASOLID(#9160,#9162,#9163,1.);
#9165=IFCCARTESIANPOINT((18.67237823812783,-20.99729187762174));
#9166=IFCCARTESIANPOINT((18.642067348995376,-20.97979187762174));
#9167=IFCCARTESIANPOINT((18.61175645986292,-20.99729187762174));
#9168=IFCCARTESIANPOINT((18.61175645986292,-21.032291877621738));
#9169=IFCCARTESIANPOINT((18.642067348995376,-21.04979187762174));
#9170=IFCCARTESIANPOINT((18.67237823812783,-21.032291877621738));
#9171=IFCCARTESIANPOINT((18.67237823812783,-20.99729187762174));
#9172=IFCPOLYLINE((#9165,#9166,#9167,#9168,#9169,#9170,#9171));
#9173=IFCARBITRARYCLOSEDPROFILEDEF(.AREA.,$,#9172);
#9174=IFCCARTESIANPOINT((0.,0.,0.));
#9175=IFCAXIS2PLACEMENT3D(#9174,$,$);
#9176=IFCDIRECTION((0.,0.,1.));
#9177=IFCEXTRUDEDAREASOLID(#9173,#9175,#9176,1.);
#9178=IFCCARTESIANPOINT((19.86255267694499,-22.066630367149852));
#9179=IFCCARTESIANPOINT((19.832241787812535,-22.04913036714985));
#9180=IFCCARTESIANPOINT((19.80193089868008,-22.066630367149852));
#9181=IFCCARTESIANPOINT((19.80193089868008,-22.10163036714985));
#9182=IFCCARTESIANPOINT((19.832241787812535,-22.11913036714985));
#9183=IFCCARTESIANPOINT((19.86255267694499,-22.10163036714985));
#9184=IFCCARTESIANPOINT((19.86255267694499,-22.066630367149852));
#9185=IFCPOLYLINE((#9178,#9179,#9180,#9181,#9182,#9183,#9184));
#9186=IFCARBITRARYCLOSEDPROFILEDEF(.AREA.,$,#9185);
#9187=IFCCARTESIANPOINT((0.,0.,0.));
#9188=IFCAXIS2PLACEMENT3D(#9187,$,$);
#9189=IFCDIRECTION((0.,0.,1.));
#9190=IFCEXTRUDEDAREASOLID(#9186,#9188,#9189,1.);
#9191=IFCCARTESIANPOINT((20.942132729621026,-23.235627809403688));
#9192=IFCCARTESIANPOINT((20.91182184048857,-23.218127809403686));
#9193=IFCCARTESIANPOINT((20.881510951356116,-23.235627809403688));
#9194=IFCCARTESIANPOINT((20.881510951356116,-23.270627809403685));
#9195=IFCCARTESIANPOINT((20.91182184048857,-23.288127809403687));
#9196=IFCCARTESIANPOINT((20.942132729621026,-23.270627809403685));
#9197=IFCCARTESIANPOINT((20.942132729621026,-23.235627809403688));
#9198=IFCPOLYLINE((#9191,#9192,#9193,#9194,#9195,#9196,#9197));
#9199=IFCARBITRARYCLOSEDPROFILEDEF(.AREA.,$,#9198);
#9200=IFCCARTESIANPOINT((0.,0.,0.));
#9201=IFCAXIS2PLACEMENT3D(#9200,$,$);
#9202=IFCDIRECTION((0.,0.,1.));
#9203=IFCEXTRUDEDAREASOLID(#9199,#9201,#9202,1.);
#9204=IFCCARTESIANPOINT((21.882231728294517,-24.530314594959602));
#9205=IFCCARTESIANPOINT((21.851920839162062,-24.5128145949596));
#9206=IFCCARTESIANPOINT((21.821609950029607,-24.530314594959602));
#9207=IFCCARTESIANPOINT((21.821609950029607,-24.5653145949596));
#9208=IFCCARTESIANPOINT((21.851920839162062,-24.5828145949596));
#9209=IFCCARTESIANPOINT((21.882231728294517,-24.5653145949596));
#9210=IFCCARTESIANPOINT((21.882231728294517,-24.530314594959602));
#9211=IFCPOLYLINE((#9204,#9205,#9206,#9207,#9208,#9209,#9210));
#9212=IFCARBITRARYCLOSEDPROFILEDEF(.AREA.,$,#9211);
#9213=IFCCARTESIANPOINT((0.,0.,0.));
#9214=IFCAXIS2PLACEMENT3D(#9213,$,$);
#9215=IFCDIRECTION((0.,0.,1.));
#9216=IFCEXTRUDEDAREASOLID(#9212,#9214,#9215,1.);
#9217=IFCCARTESIANPOINT((22.56669369613697,-25.947979038000522));
#9218=IFCCARTESIANPOINT((22.536382807004514,-25.93047903800052));
#9219=IFCCARTESIANPOINT((22.50607191787206,-25.947979038000522));
#9220=IFCCARTESIANPOINT((22.50607191787206,-25.98297903800052));
#9221=IFCCARTESIANPOINT((22.536382807004514,-26.00047903800052));
#9222=IFCCARTESIANPOINT((22.56669369613697,-25.98297903800052));
#9223=IFCCARTESIANPOINT((22.56669369613697,-25.947979038000522));
#9224=IFCPOLYLINE((#9217,#9218,#9219,#9220,#9221,#9222,#9223));
#9225=IFCARBITRARYCLOSEDPROFILEDEF(.AREA.,$,#9224);
#9226=IFCCARTESIANPOINT((0.,0.,0.));
#9227=IFCAXIS2PLACEMENT3D(#9226,$,$);
#9228=IFCDIRECTION((0.,0.,1.));
#9229=IFCEXTRUDEDAREASOLID(#9225,#9227,#9228,1.);
#9230=IFCCARTESIANPOINT((22.9914984380925,-27.490555107830495));
#9231=IFCCARTESIANPOINT((22.961187548960044,-27.473055107830493));
#9232=IFCCARTESIANPOINT((22.93087665982759,-27.490555107830495));
#9233=IFCCARTESIANPOINT((22.93087665982759,-27.525555107830492));
#9234=IFCCARTESIANPOINT((22.961187548960044,-27.543055107830494));
#9235=IFCCARTESIANPOINT((22.9914984380925,-27.525555107830492));
#9236=IFCCARTESIANPOINT((22.9914984380925,-27.490555107830495));
#9237=IFCPOLYLINE((#9230,#9231,#9232,#9233,#9234,#9235,#9236));
#9238=IFCARBITRARYCLOSEDPROFILEDEF(.AREA.,$,#9237);
#9239=IFCCARTESIANPOINT((0.,0.,0.));
#9240=IFCAXIS2PLACEMENT3D(#9239,$,$);
#9241=IFCDIRECTION((0.,0.,1.));
#9242=IFCEXTRUDEDAREASOLID(#9238,#9240,#9241,1.);
#9243=IFCCARTESIANPOINT((23.198519632493664,-29.068696987937116));
#9244=IFCCARTESIANPOINT((23.16820874336121,-29.051196987937114));
#9245=IFCCARTESIANPOINT((23.137897854228754,-29.068696987937116));
#9246=IFCCARTESIANPOINT((23.137897854228754,-29.103696987937113));
#9247=IFCCARTESIANPOINT((23.16820874336121,-29.121196987937115));
#9248=IFCCARTESIANPOINT((23.198519632493664,-29.103696987937113));
#9249=IFCCARTESIANPOINT((23.198519632493664,-29.068696987937116));
#9250=IFCPOLYLINE((#9243,#9244,#9245,#9246,#9247,#9248,#9249));
#9251=IFCARBITRARYCLOSEDPROFILEDEF(.AREA.,$,#9250);
#9252=IFCCARTESIANPOINT((0.,0.,0.));
#9253=IFCAXIS2PLACEMENT3D(#9252,$,$);
#9254=IFCDIRECTION((0.,0.,1.));
#9255=IFCEXTRUDEDAREASOLID(#9251,#9253,#9254,1.);
#9256=IFCCARTESIANPOINT((23.286527341164717,-30.66627473040052));
#9257=IFCCARTESIANPOINT((23.256216452032263,-30.64877473040052));
#9258=IFCCARTESIANPOINT((23.225905562899808,-30.66627473040052));
#9259=IFCCARTESIANPOINT((23.225905562899808,-30.701274730400517));
#9260=IFCCARTESIANPOINT((23.256216452032263,-30.71877473040052));
#9261=IFCCARTESIANPOINT((23.286527341164717,-30.701274730400517));
#9262=IFCCARTESIANPOINT((23.286527341164717,-30.66627473040052));
#9263=IFCPOLYLINE((#9256,#9257,#9258,#9259,#9260,#9261,#9262));
#9264=IFCARBITRARYCLOSEDPROFILEDEF(.AREA.,$,#9263);
#9265=IFCCARTESIANPOINT((0.,0.,0.));
#9266=IFCAXIS2PLACEMENT3D(#9265,$,$);
#9267=IFCDIRECTION((0.,0.,1.));
#9268=IFCEXTRUDEDAREASOLID(#9264,#9266,#9267,1.);
#9269=IFCCARTESIANPOINT((23.37453504983577,-32.26385247286393));
#9270=IFCCARTESIANPOINT((23.344224160703316,-32.24635247286393));
#9271=IFCCARTESIANPOINT((23.31391327157086,-32.26385247286393));
#9272=IFCCARTESIANPOINT((23.31391327157086,-32.29885247286393));
#9273=IFCCARTESIANPOINT((23.344224160703316,-32.316352472863926));
#9274=IFCCARTESIANPOINT((23.37453504983577,-32.29885247286393));
#9275=IFCCARTESIANPOINT((23.37453504983577,-32.26385247286393));
#9276=IFCPOLYLINE((#9269,#9270,#9271,#9272,#9273,#9274,#9275));
#9277=IFCARBITRARYCLOSEDPROFILEDEF(.AREA.,$,#9276);
#9278=IFCCARTESIANPOINT((0.,0.,0.));
#9279=IFCAXIS2PLACEMENT3D(#9278,$,$);
#9280=IFCDIRECTION((0.,0.,1.));
#9281=IFCEXTRUDEDAREASOLID(#9277,#9279,#9280,1.);
#9282=IFCCARTESIANPOINT((23.462542758506824,-33.86143021532733));
#9283=IFCCARTESIANPOINT((23.43223186937437,-33.84393021532733));
#9284=IFCCARTESIANPOINT((23.401920980241915,-33.86143021532733));
#9285=IFCCARTESIANPOINT((23.401920980241915,-33.89643021532733));
#9286=IFCCARTESIANPOINT((23.43223186937437,-33.913930215327326));
#9287=IFCCARTESIANPOINT((23.462542758506824,-33.89643021532733));
#9288=IFCCARTESIANPOINT((23.462542758506824,-33.86143021532733));
#9289=IFCPOLYLINE((#9282,#9283,#9284,#9285,#9286,#9287,#9288));
#9290=IFCARBITRARYCLOSEDPROFILEDEF(.AREA.,$,#9289);
#9291=IFCCARTESIANPOINT((0.,0.,0.));
#9292=IFCAXIS2PLACEMENT3D(#9291,$,$);
#9293=IFCDIRECTION((0.,0.,1.));
#9294=IFCEXTRUDEDAREASOLID(#9290,#9292,#9293,1.);
#9295=IFCCARTESIANPOINT((23.550550467177878,-35.45900795779074));
#9296=IFCCARTESIANPOINT((23.520239578045423,-35.44150795779074));
#9297=IFCCARTESIANPOINT((23.48992868891297,-35.45900795779074));
#9298=IFCCARTESIANPOINT((23.48992868891297,-35.494007957790735));
#9299=IFCCARTESIANPOINT((23.520239578045423,-35.511507957790734));
#9300=IFCCARTESIANPOINT((23.550550467177878,-35.494007957790735));
#9301=IFCCARTESIANPOINT((23.550550467177878,-35.45900795779074));
#9302=IFCPOLYLINE((#9295,#9296,#9297,#9298,#9299,#9300,#9301));
#9303=IFCARBITRARYCLOSEDPROFILEDEF(.AREA.,$,#9302);
#9304=IFCCARTESIANPOINT((0.,0.,0.));
#9305=IFCAXIS2PLACEMENT3D(#9304,$,$);
#9306=IFCDIRECTION((0.,0.,1.));
#9307=IFCEXTRUDEDAREASOLID(#9303,#9305,#9306,1.);
#9308=IFCCARTESIANPOINT((23.638558175848928,-37.056585700254146));
#9309=IFCCARTESIANPOINT((23.608247286716473,-37.03908570025415));
#9310=IFCCARTESIANPOINT((23.57793639758402,-37.056585700254146));
#9311=IFCCARTESIANPOINT((23.57793639758402,-37.09158570025414));
#9312=IFCCARTESIANPOINT((23.608247286716473,-37.10908570025414));
#9313=IFCCARTESIANPOINT((23.638558175848928,-37.09158570025414));
#9314=IFCCARTESIANPOINT((23.638558175848928,-37.056585700254146));
#9315=IFCPOLYLINE((#9308,#9309,#9310,#9311,#9312,#9313,#9314));
#9316=IFCARBITRARYCLOSEDPROFILEDEF(.AREA.,$,#9315);
#9317=IFCCARTESIANPOINT((0.,0.,0.));
#9318=IFCAXIS2PLACEMENT3D(#9317,$,$);
#9319=IFCDIRECTION((0.,0.,1.));
#9320=IFCEXTRUDEDAREASOLID(#9316,#9318,#9319,1.);
#9321=IFCCARTESIANPOINT((23.72656588451998,-38.65416344271755));
#9322=IFCCARTESIANPOINT((23.696254995387527,-38.63666344271755));
#9323=IFCCARTESIANPOINT((23.665944106255072,-38.65416344271755));
#9324=IFCCARTESIANPOINT((23.665944106255072,-38.68916344271754));
#9325=IFCCARTESIANPOINT((23.696254995387527,-38.70666344271754));
#9326=IFCCARTESIANPOINT((23.72656588451998,-38.68916344271754));
#9327=IFCCARTESIANPOINT((23.72656588451998,-38.65416344271755));
#9328=IFCPOLYLINE((#9321,#9322,#9323,#9324,#9325,#9326,#9327));
#9329=IFCARBITRARYCLOSEDPROFILEDEF(.AREA.,$,#9328);
#9330=IFCCARTESIANPOINT((0.,0.,0.));
#9331=IFCAXIS2PLACEMENT3D(#9330,$,$);
#9332=IFCDIRECTION((0.,0.,1.));
#9333=IFCEXTRUDEDAREASOLID(#9329,#9331,#9332,1.);
#9334=IFCCARTESIANPOINT((23.814573593191035,-40.251741185180954));
#9335=IFCCARTESIANPOINT((23.78426270405858,-40.234241185180956));
#9336=IFCCARTESIANPOINT((23.753951814926126,-40.251741185180954));
#9337=IFCCARTESIANPOINT((23.753951814926126,-40.28674118518095));
#9338=IFCCARTESIANPOINT((23.78426270405858,-40.30424118518095));
#9339=IFCCARTESIANPOINT((23.814573593191035,-40.28674118518095));
#9340=IFCCARTESIANPOINT((23.814573593191035,-40.251741185180954));
#9341=IFCPOLYLINE((#9334,#9335,#9336,#9337,#9338,#9339,#9340));
#9342=IFCARBITRARYCLOSEDPROFILEDEF(.AREA.,$,#9341);
#9343=IFCCARTESIANPOINT((0.,0.,0.));
#9344=IFCAXIS2PLACEMENT3D(#9343,$,$);
#9345=IFCDIRECTION((0.,0.,1.));
#9346=IFCEXTRUDEDAREASOLID(#9342,#9344,#9345,1.);
#9347=IFCCARTESIANPOINT((23.90258130186209,-41.84931892764436));
#9348=IFCCARTESIANPOINT((23.872270412729634,-41.83181892764436));
#9349=IFCCARTESIANPOINT((23.84195952359718,-41.84931892764436));
#9350=IFCCARTESIANPOINT((23.84195952359718,-41.88431892764436));
#9351=IFCCARTESIANPOINT((23.872270412729634,-41.90181892764436));
#9352=IFCCARTESIANPOINT((23.90258130186209,-41.88431892764436));
#9353=IFCCARTESIANPOINT((23.90258130186209,-41.84931892764436));
#9354=IFCPOLYLINE((#9347,#9348,#9349,#9350,#9351,#9352,#9353));
#9355=IFCARBITRARYCLOSEDPROFILEDEF(.AREA.,$,#9354);
#9356=IFCCARTESIANPOINT((0.,0.,0.));
#9357=IFCAXIS2PLACEMENT3D(#9356,$,$);
#9358=IFCDIRECTION((0.,0.,1.));
#9359=IFCEXTRUDEDAREASOLID(#9355,#9357,#9358,1.);
#9360=IFCCARTESIANPOINT((23.990589010533142,-43.44689667010776));
#9361=IFCCARTESIANPOINT((23.960278121400687,-43.429396670107764));
#9362=IFCCARTESIANPOINT((23.929967232268233,-43.44689667010776));
#9363=IFCCARTESIANPOINT((23.929967232268233,-43.48189667010776));
#9364=IFCCARTESIANPOINT((23.960278121400687,-43.49939667010776));
#9365=IFCCARTESIANPOINT((23.990589010533142,-43.48189667010776));
#9366=IFCCARTESIANPOINT((23.990589010533142,-43.44689667010776));
#9367=IFCPOLYLINE((#9360,#9361,#9362,#9363,#9364,#9365,#9366));
#9368=IFCARBITRARYCLOSEDPROFILEDEF(.AREA.,$,#9367);
#9369=IFCCARTESIANPOINT((0.,0.,0.));
#9370=IFCAXIS2PLACEMENT3D(#9369,$,$);
#9371=IFCDIRECTION((0.,0.,1.));
#9372=IFCEXTRUDEDAREASOLID(#9368,#9370,#9371,1.);
#9373=IFCCARTESIANPOINT((24.078596719204196,-45.04447441257118));
#9374=IFCCARTESIANPOINT((24.04828583007174,-45.02697441257118));
#9375=IFCCARTESIANPOINT((24.017974940939286,-45.04447441257118));
#9376=IFCCARTESIANPOINT((24.017974940939286,-45.07947441257117));
#9377=IFCCARTESIANPOINT((24.04828583007174,-45.09697441257117));
#9378=IFCCARTESIANPOINT((24.078596719204196,-45.07947441257117));
#9379=IFCCARTESIANPOINT((24.078596719204196,-45.04447441257118));
#9380=IFCPOLYLINE((#9373,#9374,#9375,#9376,#9377,#9378,#9379));
#9381=IFCARBITRARYCLOSEDPROFILEDEF(.AREA.,$,#9380);
#9382=IFCCARTESIANPOINT((0.,0.,0.));
#9383=IFCAXIS2PLACEMENT3D(#9382,$,$);
#9384=IFCDIRECTION((0.,0.,1.));
#9385=IFCEXTRUDEDAREASOLID(#9381,#9383,#9384,1.);
#9386=IFCSTYLEDITEM(#9100,(#63),$);
#9387=IFCSTYLEDITEM(#9125,(#63),$);
#9388=IFCSTYLEDITEM(#9138,(#63),$);
#9389=IFCSTYLEDITEM(#9151,(#63),$);
#9390=IFCSTYLEDITEM(#9164,(#63),$);
#9391=IFCSTYLEDITEM(#9177,(#63),$);
#9392=IFCSTYLEDITEM(#9190,(#63),$);
#9393=IFCSTYLEDITEM(#9203,(#63),$);
#9394=IFCSTYLEDITEM(#9216,(#63),$);
#9395=IFCSTYLEDITEM(#9229,(#63),$);
#9396=IFCSTYLEDITEM(#9242,(#63),$);
#9397=IFCSTYLEDITEM(#9255,(#63),$);
#9398=IFCSTYLEDITEM(#9268,(#63),$);
#9399=IFCSTYLEDITEM(#9281,(#63),$);
#9400=IFCSTYLEDITEM(#9294,(#63),$);
#9401=IFCSTYLEDITEM(#9307,(#63),$);
#9402=IFCSTYLEDITEM(#9320,(#63),$);
#9403=IFCSTYLEDITEM(#9333,(#63),$);
#9404=IFCSTYLEDITEM(#9346,(#63),$);
#9405=IFCSTYLEDITEM(#9359,(#63),$);
#9406=IFCSTYLEDITEM(#9372,(#63),$);
#9407=IFCSTYLEDITEM(#9385,(#63),$);
#9408=IFCSHAPEREPRESENTATION(#16,'Body','SweptSolid',(#9100,#9125,#9138,#9151,#9164,#9177,#9190,#9203,#9216,#9229,#9242,#9255,#9268,#9281,#9294,#9307,#9320,#9333,#9346,#9359,#9372,#9385));
#9409=IFCPRODUCTDEFINITIONSHAPE($,$,(#9408));
#9410=IFCLOCALPLACEMENT(#23,#13);
#9411=IFCRAILING('0IfDhhsRD4LPmeSRixBgzk',#5,'Guard rail',$,'Pedestrian guard rail',#9410,#9409,'EL-RAL-001',.GUARDRAIL.);
#9412=IFCRELASSOCIATESMATERIAL('1$ksCvf5vFMAiDxbNRg1GK',#5,$,$,(#9411),#64);
#9413=IFCPROPERTYSINGLEVALUE('Reference',$,IFCLABEL('Pedestrian guard rail'),$);
#9414=IFCPROPERTYSINGLEVALUE('IsExternal',$,IFCBOOLEAN(.T.),$);
#9415=IFCPROPERTYSINGLEVALUE('Status',$,IFCLABEL('EXISTING'),$);
#9416=IFCPROPERTYSET('03xoudA0zFPhz$L_ZSrNM9',#5,'Pset_RailingCommon',$,(#9413,#9414,#9415));
#9417=IFCRELDEFINESBYPROPERTIES('1SHnWQM3D4$BvmcofNnFbi',#5,$,$,(#9411),#9416);
#9418=IFCPROPERTYSINGLEVALUE('Material',$,IFCLABEL('Dark grey painted steel'),$);
#9419=IFCPROPERTYSINGLEVALUE('Category',$,IFCLABEL('Metal'),$);
#9420=IFCPROPERTYSINGLEVALUE('Description',$,IFCLABEL('Canopy structure, poles, kiosks'),$);
#9421=IFCPROPERTYSINGLEVALUE('MassDensity_kg_m3',$,IFCREAL(7850.),$);
#9422=IFCPROPERTYSET('2IdVN9TXH79R7myjOnqCwF',#5,'Pset_CDE_Material',$,(#9418,#9419,#9420,#9421));
#9423=IFCRELDEFINESBYPROPERTIES('0KsvoHwN5AMOGSKZRjClKI',#5,$,$,(#9411),#9422);
#9424=IFCPROPERTYSINGLEVALUE('GeometrySource',$,IFCLABEL('OpenStreetMap barrier=guard_rail (ODbL)'),$);
#9425=IFCPROPERTYSINGLEVALUE('Confidence',$,IFCLABEL('Medium'),$);
#9426=IFCPROPERTYSINGLEVALUE('Reference',$,IFCLABEL('OSM'),$);
#9427=IFCPROPERTYSET('0C7z_504TEhvAX_ilXW7r_',#5,'Pset_CDE_Provenance',$,(#9424,#9425,#9426));
#9428=IFCRELDEFINESBYPROPERTIES('3MY1Sk9S513fPowyIqQGBR',#5,$,$,(#9411),#9427);
#9429=IFCRELCONTAINEDINSPATIALSTRUCTURE('11pvq23hX3TOivs$Nsipd3',#5,$,$,(#182,#2568,#4181,#6956,#8316),#156);
#9430=IFCRELCONTAINEDINSPATIALSTRUCTURE('0fkENCWKX7WAXYkqLdZMpc',#5,$,$,(#892),#161);
#9431=IFCRELAGGREGATES('0gCCozeKjB6wqpXGnT7bzU',#5,$,$,#182,(#224,#363,#603,#814,#879));
#9432=IFCRELAGGREGATES('11me$O$wPB9O59aC9OfZ$B',#5,$,$,#892,(#916,#1412,#1843,#1894,#2059,#2161,#2227,#2323,#2389,#2485,#2551));
#9433=IFCRELAGGREGATES('3EMT6NBEz2YwPDRxWh6WrP',#5,$,$,#2568,(#3137,#3197,#3252,#3280,#3335,#3363,#3418,#3446,#3501,#3529,#3584,#3612,#3667,#3695,#3750,#3778,#3833,#3861,#3916,#3944,#3999,#4027,#4156));
#9434=IFCRELAGGREGATES('1hd71uLpTBCviMZoU7COEP',#5,$,$,#4181,(#4253,#4291,#4311,#4332,#4415,#4454,#4474,#4495,#4578,#4617,#4637,#4658,#4741,#4780,#4800,#4821,#4904,#4943,#4963,#4984,#5067,#5106,#5126,#5147,#5230,#5269,#5289,#5310,#5393,#5432,#5452,#5473,#5556,#5595,#5615,#5636,#5719,#5758,#5778,#5799,#5882,#5920,#5940,#5961,#6044,#6083,#6103,#6124,#6207,#6246,#6266,#6287,#6370,#6409,#6429,#6450,#6533,#6572,#6592,#6613,#6696,#6735,#6755,#6776,#6859,#6898,#6918,#6939));
#9435=IFCRELAGGREGATES('1dgvtY7h1FLxtq9ilxR$VO',#5,$,$,#6956,(#6973,#7400,#7437,#7465,#7509,#7537,#7572,#7999,#8036,#8064,#8108,#8136,#8291));
#9436=IFCRELAGGREGATES('3jo7AaAFvDtxyFCPbF703f',#5,$,$,#8316,(#8976,#9020,#9061,#9411));
#9437=IFCQUANTITYAREA('GrossArea',$,$,443.098,$);
#9438=IFCQUANTITYAREA('ProjectedArea',$,$,440.725,$);
#9439=IFCQUANTITYWEIGHT('NetWeight',$,$,33054.4,$);
#9440=IFCELEMENTQUANTITY('0$H_lBJWb1DPFFe0kzu78d',#5,'Qto_RoofBaseQuantities','Computed from the model geometry (openings subtracted)','CDE qto.py',(#9437,#9438,#9439));
#9441=IFCRELDEFINESBYPROPERTIES('1CeReQr6HDGvjhPo8NARzr',#5,$,$,(#916),#9440);
#9442=IFCQUANTITYLENGTH('Length',$,$,7.4,$);
#9443=IFCQUANTITYAREA('CrossSectionArea',$,$,0.589,$);
#9444=IFCQUANTITYAREA('OuterSurfaceArea',$,$,82.44,$);
#9445=IFCQUANTITYVOLUME('NetVolume',$,$,4.362,$);
#9446=IFCQUANTITYWEIGHT('NetWeight',$,$,34241.7,$);
#9447=IFCELEMENTQUANTITY('2SRCBb7Q1CGAUWSaec2mQZ',#5,'Qto_ColumnBaseQuantities','Computed from the model geometry (openings subtracted)','CDE qto.py',(#9442,#9443,#9444,#9445,#9446));
#9448=IFCRELDEFINESBYPROPERTIES('2rwk9u_MHFeg9b5sopBTNM',#5,$,$,(#1843),#9447);
#9449=IFCQUANTITYLENGTH('Length',$,$,69.034,$);
#9450=IFCQUANTITYAREA('CrossSectionArea',$,$,0.004,$);
#9451=IFCQUANTITYAREA('OuterSurfaceArea',$,$,22.93,$);
#9452=IFCQUANTITYVOLUME('NetVolume',$,$,0.283,$);
#9453=IFCQUANTITYWEIGHT('NetWeight',$,$,2224.486,$);
#9454=IFCELEMENTQUANTITY('1AJ7oX3lb14uFOXKtLWUya',#5,'Qto_MemberBaseQuantities','Computed from the model geometry (openings subtracted)','CDE qto.py',(#9449,#9450,#9451,#9452,#9453));
#9455=IFCRELDEFINESBYPROPERTIES('0GZj2WkQ51WAhpSoDjdF53',#5,$,$,(#1894),#9454);
#9456=IFCQUANTITYLENGTH('Length',$,$,179.296,$);
#9457=IFCQUANTITYLENGTH('Width',$,$,67.291,$);
#9458=IFCQUANTITYLENGTH('Depth',$,$,0.12,$);
#9459=IFCQUANTITYAREA('GrossArea',$,$,9335.905,$);
#9460=IFCQUANTITYVOLUME('NetVolume',$,$,969.417,$);
#9461=IFCQUANTITYWEIGHT('NetWeight',$,$,2229658.619,$);
#9462=IFCELEMENTQUANTITY('0XtvKcPij2KQx6damqS9G_',#5,'Qto_SlabBaseQuantities','Computed from the model geometry (openings subtracted)','CDE qto.py',(#9456,#9457,#9458,#9459,#9460,#9461));
#9463=IFCRELDEFINESBYPROPERTIES('1_gOwReyjByRsu6LEHZUsh',#5,$,$,(#224),#9462);
#9464=IFCQUANTITYLENGTH('Length',$,$,68.9,$);
#9465=IFCQUANTITYLENGTH('Width',$,$,0.18,$);
#9466=IFCQUANTITYLENGTH('Height',$,$,0.08,$);
#9467=IFCQUANTITYAREA('OuterSurfaceArea',$,$,12.109,$);
#9468=IFCQUANTITYVOLUME('NetVolume',$,$,0.323,$);
#9469=IFCELEMENTQUANTITY('18lS4A0Kz9vu3lxhqrLnbm',#5,'Qto_CDE_GeometricQuantities','Computed from the model geometry (openings subtracted)','CDE qto.py',(#9464,#9465,#9466,#9467,#9468));
#9470=IFCRELDEFINESBYPROPERTIES('3pFDfgnJTEdQiRP4IW6X4e',#5,$,$,(#2059),#9469);
#9471=IFCQUANTITYLENGTH('Length',$,$,24.391,$);
#9472=IFCQUANTITYLENGTH('Width',$,$,6.963,$);
#9473=IFCQUANTITYLENGTH('Height',$,$,0.12,$);
#9474=IFCQUANTITYAREA('OuterSurfaceArea',$,$,44.916,$);
#9475=IFCQUANTITYVOLUME('NetVolume',$,$,2.327,$);
#9476=IFCQUANTITYWEIGHT('NetWeight',$,$,6283.837,$);
#9477=IFCELEMENTQUANTITY('3NA6HU3LL9I9fweG2YP_KS',#5,'Qto_CDE_GeometricQuantities','Computed from the model geometry (openings subtracted)','CDE qto.py',(#9471,#9472,#9473,#9474,#9475,#9476));
#9478=IFCRELDEFINESBYPROPERTIES('2RqDYeuzr7tPZQjL1T_fNI',#5,$,$,(#879),#9477);
#9479=IFCQUANTITYLENGTH('Length',$,$,0.23,$);
#9480=IFCQUANTITYLENGTH('Width',$,$,0.2,$);
#9481=IFCQUANTITYLENGTH('Height',$,$,0.26,$);
#9482=IFCQUANTITYAREA('OuterSurfaceArea',$,$,0.101,$);
#9483=IFCQUANTITYVOLUME('NetVolume',$,$,0.001,$);
#9484=IFCELEMENTQUANTITY('0dFO5$jb53rBoBDWA7__O0',#5,'Qto_BuildingElementProxyQuantities','Computed from the model geometry (openings subtracted)','CDE qto.py',(#9479,#9480,#9481,#9482,#9483));
#9485=IFCRELDEFINESBYPROPERTIES('0P3aKLq5L3ugnVYwSlNJaP',#5,$,$,(#2389),#9484);
#9486=IFCQUANTITYLENGTH('Length',$,$,0.64,$);
#9487=IFCQUANTITYLENGTH('Width',$,$,0.18,$);
#9488=IFCQUANTITYLENGTH('Height',$,$,1.62,$);
#9489=IFCQUANTITYAREA('OuterSurfaceArea',$,$,1.658,$);
#9490=IFCQUANTITYVOLUME('NetVolume',$,$,0.04,$);
#9491=IFCELEMENTQUANTITY('0ZKK0v8FL5xA21clxvwjhI',#5,'Qto_BuildingElementProxyQuantities','Computed from the model geometry (openings subtracted)','CDE qto.py',(#9486,#9487,#9488,#9489,#9490));
#9492=IFCRELDEFINESBYPROPERTIES('28kXRyWuX0VfupPPuja9ev',#5,$,$,(#2323),#9491);
#9493=IFCQUANTITYLENGTH('Length',$,$,0.23,$);
#9494=IFCQUANTITYLENGTH('Width',$,$,0.2,$);
#9495=IFCQUANTITYLENGTH('Height',$,$,0.26,$);
#9496=IFCQUANTITYAREA('OuterSurfaceArea',$,$,0.101,$);
#9497=IFCQUANTITYVOLUME('NetVolume',$,$,0.001,$);
#9498=IFCELEMENTQUANTITY('2n2wf3rlj5dvNVGZNYhKsO',#5,'Qto_BuildingElementProxyQuantities','Computed from the model geometry (openings subtracted)','CDE qto.py',(#9493,#9494,#9495,#9496,#9497));
#9499=IFCRELDEFINESBYPROPERTIES('15U_IwLjPCjh_HiRx46pXo',#5,$,$,(#2551),#9498);
#9500=IFCQUANTITYLENGTH('Length',$,$,71.635,$);
#9501=IFCQUANTITYLENGTH('Width',$,$,54.841,$);
#9502=IFCQUANTITYLENGTH('Height',$,$,0.008,$);
#9503=IFCQUANTITYAREA('OuterSurfaceArea',$,$,118.006,$);
#9504=IFCQUANTITYVOLUME('NetVolume',$,$,0.446,$);
#9505=IFCELEMENTQUANTITY('2nJ5VREQL4qOJcDm60tuu7',#5,'Qto_BuildingElementProxyQuantities','Computed from the model geometry (openings subtracted)','CDE qto.py',(#9500,#9501,#9502,#9503,#9504));
#9506=IFCRELDEFINESBYPROPERTIES('0NcPTuOln8BfJpVjLZOull',#5,$,$,(#814),#9505);
#9507=IFCQUANTITYLENGTH('Length',$,$,0.64,$);
#9508=IFCQUANTITYLENGTH('Width',$,$,0.18,$);
#9509=IFCQUANTITYLENGTH('Height',$,$,1.62,$);
#9510=IFCQUANTITYAREA('OuterSurfaceArea',$,$,1.658,$);
#9511=IFCQUANTITYVOLUME('NetVolume',$,$,0.04,$);
#9512=IFCELEMENTQUANTITY('1EClN98InF4e2s9tB5mPgV',#5,'Qto_BuildingElementProxyQuantities','Computed from the model geometry (openings subtracted)','CDE qto.py',(#9507,#9508,#9509,#9510,#9511));
#9513=IFCRELDEFINESBYPROPERTIES('2TQ_B6PR53VvUV1EEjliYe',#5,$,$,(#2485),#9512);
#9514=IFCQUANTITYLENGTH('Length',$,$,0.23,$);
#9515=IFCQUANTITYLENGTH('Width',$,$,0.2,$);
#9516=IFCQUANTITYLENGTH('Height',$,$,0.26,$);
#9517=IFCQUANTITYAREA('OuterSurfaceArea',$,$,0.101,$);
#9518=IFCQUANTITYVOLUME('NetVolume',$,$,0.001,$);
#9519=IFCELEMENTQUANTITY('2$spm_SSTBNhx3AFOB75Le',#5,'Qto_BuildingElementProxyQuantities','Computed from the model geometry (openings subtracted)','CDE qto.py',(#9514,#9515,#9516,#9517,#9518));
#9520=IFCRELDEFINESBYPROPERTIES('145Gddu1T15xZQA356J7Hi',#5,$,$,(#2227),#9519);
#9521=IFCQUANTITYLENGTH('Length',$,$,1.66,$);
#9522=IFCQUANTITYAREA('CrossSectionArea',$,$,0.012,$);
#9523=IFCQUANTITYAREA('OuterSurfaceArea',$,$,0.869,$);
#9524=IFCQUANTITYVOLUME('NetVolume',$,$,0.02,$);
#9525=IFCQUANTITYWEIGHT('NetWeight',$,$,158.256,$);
#9526=IFCELEMENTQUANTITY('1BT6VG6mL2C8ams8ke1AgC',#5,'Qto_MemberBaseQuantities','Computed from the model geometry (openings subtracted)','CDE qto.py',(#9521,#9522,#9523,#9524,#9525));
#9527=IFCRELDEFINESBYPROPERTIES('02DJJ8Ihz4MRmN2qPy7nGK',#5,$,$,(#3280),#9526);
#9528=IFCQUANTITYLENGTH('Length',$,$,1.9,$);
#9529=IFCQUANTITYLENGTH('Width',$,$,0.465,$);
#9530=IFCQUANTITYLENGTH('Height',$,$,0.45,$);
#9531=IFCQUANTITYAREA('OuterSurfaceArea',$,$,3.734,$);
#9532=IFCQUANTITYVOLUME('NetVolume',$,$,0.082,$);
#9533=IFCQUANTITYWEIGHT('NetWeight',$,$,53.105,$);
#9534=IFCELEMENTQUANTITY('15qM9IgxX93fBdin3Z5_4E',#5,'Qto_CDE_GeometricQuantities','Computed from the model geometry (openings subtracted)','CDE qto.py',(#9528,#9529,#9530,#9531,#9532,#9533));
#9535=IFCRELDEFINESBYPROPERTIES('2sWnHIjRLDgQm84h$3KLnU',#5,$,$,(#3335),#9534);
#9536=IFCQUANTITYLENGTH('Length',$,$,1.66,$);
#9537=IFCQUANTITYAREA('CrossSectionArea',$,$,0.012,$);
#9538=IFCQUANTITYAREA('OuterSurfaceArea',$,$,0.869,$);
#9539=IFCQUANTITYVOLUME('NetVolume',$,$,0.02,$);
#9540=IFCQUANTITYWEIGHT('NetWeight',$,$,158.256,$);
#9541=IFCELEMENTQUANTITY('2XFOBk3cHCqgionAbO8b$V',#5,'Qto_MemberBaseQuantities','Computed from the model geometry (openings subtracted)','CDE qto.py',(#9536,#9537,#9538,#9539,#9540));
#9542=IFCRELDEFINESBYPROPERTIES('3thvEOjv9Dnh3ZpMmRRQlk',#5,$,$,(#3363),#9541);
#9543=IFCQUANTITYLENGTH('Length',$,$,1.9,$);
#9544=IFCQUANTITYLENGTH('Width',$,$,0.465,$);
#9545=IFCQUANTITYLENGTH('Height',$,$,0.45,$);
#9546=IFCQUANTITYAREA('OuterSurfaceArea',$,$,3.734,$);
#9547=IFCQUANTITYVOLUME('NetVolume',$,$,0.082,$);
#9548=IFCQUANTITYWEIGHT('NetWeight',$,$,53.105,$);
#9549=IFCELEMENTQUANTITY('1uSnsiVN98rAPGr$IGnq3C',#5,'Qto_CDE_GeometricQuantities','Computed from the model geometry (openings subtracted)','CDE qto.py',(#9543,#9544,#9545,#9546,#9547,#9548));
#9550=IFCRELDEFINESBYPROPERTIES('1uPCDW2P91JfJZ8o76LWMr',#5,$,$,(#3252),#9549);
#9551=IFCQUANTITYLENGTH('Length',$,$,1.66,$);
#9552=IFCQUANTITYAREA('CrossSectionArea',$,$,0.012,$);
#9553=IFCQUANTITYAREA('OuterSurfaceArea',$,$,0.869,$);
#9554=IFCQUANTITYVOLUME('NetVolume',$,$,0.02,$);
#9555=IFCQUANTITYWEIGHT('NetWeight',$,$,158.256,$);
#9556=IFCELEMENTQUANTITY('0ndcM8NZPElguWhAqetkTU',#5,'Qto_MemberBaseQuantities','Computed from the model geometry (openings subtracted)','CDE qto.py',(#9551,#9552,#9553,#9554,#9555));
#9557=IFCRELDEFINESBYPROPERTIES('2NjeVJmhvEURu6pQMhAmgG',#5,$,$,(#3446),#9556);
#9558=IFCQUANTITYLENGTH('Length',$,$,1.9,$);
#9559=IFCQUANTITYLENGTH('Width',$,$,0.465,$);
#9560=IFCQUANTITYLENGTH('Height',$,$,0.45,$);
#9561=IFCQUANTITYAREA('OuterSurfaceArea',$,$,3.734,$);
#9562=IFCQUANTITYVOLUME('NetVolume',$,$,0.082,$);
#9563=IFCQUANTITYWEIGHT('NetWeight',$,$,53.105,$);
#9564=IFCELEMENTQUANTITY('0DheXaNtP7lPTrbQ3$_x75',#5,'Qto_CDE_GeometricQuantities','Computed from the model geometry (openings subtracted)','CDE qto.py',(#9558,#9559,#9560,#9561,#9562,#9563));
#9565=IFCRELDEFINESBYPROPERTIES('3jHi5YG3jA9eZfYCWCIx5$',#5,$,$,(#3501),#9564);
#9566=IFCQUANTITYLENGTH('Length',$,$,1.66,$);
#9567=IFCQUANTITYAREA('CrossSectionArea',$,$,0.012,$);
#9568=IFCQUANTITYAREA('OuterSurfaceArea',$,$,0.869,$);
#9569=IFCQUANTITYVOLUME('NetVolume',$,$,0.02,$);
#9570=IFCQUANTITYWEIGHT('NetWeight',$,$,158.256,$);
#9571=IFCELEMENTQUANTITY('2YJcdjk4HEnezK6CHmoouB',#5,'Qto_MemberBaseQuantities','Computed from the model geometry (openings subtracted)','CDE qto.py',(#9566,#9567,#9568,#9569,#9570));
#9572=IFCRELDEFINESBYPROPERTIES('2VHu1_URDFPAwBs0lsA1ll',#5,$,$,(#3529),#9571);
#9573=IFCQUANTITYLENGTH('Length',$,$,1.9,$);
#9574=IFCQUANTITYLENGTH('Width',$,$,0.465,$);
#9575=IFCQUANTITYLENGTH('Height',$,$,0.45,$);
#9576=IFCQUANTITYAREA('OuterSurfaceArea',$,$,3.734,$);
#9577=IFCQUANTITYVOLUME('NetVolume',$,$,0.082,$);
#9578=IFCQUANTITYWEIGHT('NetWeight',$,$,53.105,$);
#9579=IFCELEMENTQUANTITY('1mRiAJ29PBlvSINtll34z2',#5,'Qto_CDE_GeometricQuantities','Computed from the model geometry (openings subtracted)','CDE qto.py',(#9573,#9574,#9575,#9576,#9577,#9578));
#9580=IFCRELDEFINESBYPROPERTIES('0QAygWwXT77RSh44K7hkXF',#5,$,$,(#3584),#9579);
#9581=IFCQUANTITYLENGTH('Length',$,$,0.64,$);
#9582=IFCQUANTITYLENGTH('Width',$,$,0.18,$);
#9583=IFCQUANTITYLENGTH('Height',$,$,1.62,$);
#9584=IFCQUANTITYAREA('OuterSurfaceArea',$,$,1.658,$);
#9585=IFCQUANTITYVOLUME('NetVolume',$,$,0.04,$);
#9586=IFCELEMENTQUANTITY('0BmZiLpQP338m35JENOvj9',#5,'Qto_BuildingElementProxyQuantities','Computed from the model geometry (openings subtracted)','CDE qto.py',(#9581,#9582,#9583,#9584,#9585));
#9587=IFCRELDEFINESBYPROPERTIES('33BDJ40XfFrPaz_r3OKYVo',#5,$,$,(#2161),#9586);
#9588=IFCQUANTITYLENGTH('Length',$,$,1.9,$);
#9589=IFCQUANTITYLENGTH('Width',$,$,0.465,$);
#9590=IFCQUANTITYLENGTH('Height',$,$,0.45,$);
#9591=IFCQUANTITYAREA('OuterSurfaceArea',$,$,3.734,$);
#9592=IFCQUANTITYVOLUME('NetVolume',$,$,0.082,$);
#9593=IFCQUANTITYWEIGHT('NetWeight',$,$,53.105,$);
#9594=IFCELEMENTQUANTITY('0NVLDW19L7IRzdKG16OaT7',#5,'Qto_CDE_GeometricQuantities','Computed from the model geometry (openings subtracted)','CDE qto.py',(#9588,#9589,#9590,#9591,#9592,#9593));
#9595=IFCRELDEFINESBYPROPERTIES('3NAr0UmiHFY8my4oS6Vj6o',#5,$,$,(#3667),#9594);
#9596=IFCQUANTITYLENGTH('Length',$,$,1.66,$);
#9597=IFCQUANTITYAREA('CrossSectionArea',$,$,0.012,$);
#9598=IFCQUANTITYAREA('OuterSurfaceArea',$,$,0.869,$);
#9599=IFCQUANTITYVOLUME('NetVolume',$,$,0.02,$);
#9600=IFCQUANTITYWEIGHT('NetWeight',$,$,158.256,$);
#9601=IFCELEMENTQUANTITY('0Q4qcklfH6FBdu8fufc9IQ',#5,'Qto_MemberBaseQuantities','Computed from the model geometry (openings subtracted)','CDE qto.py',(#9596,#9597,#9598,#9599,#9600));
#9602=IFCRELDEFINESBYPROPERTIES('3AmcV4trr5MBeeXj5pDGUE',#5,$,$,(#3695),#9601);
#9603=IFCQUANTITYLENGTH('Length',$,$,1.9,$);
#9604=IFCQUANTITYLENGTH('Width',$,$,0.465,$);
#9605=IFCQUANTITYLENGTH('Height',$,$,0.45,$);
#9606=IFCQUANTITYAREA('OuterSurfaceArea',$,$,3.734,$);
#9607=IFCQUANTITYVOLUME('NetVolume',$,$,0.082,$);
#9608=IFCQUANTITYWEIGHT('NetWeight',$,$,53.105,$);
#9609=IFCELEMENTQUANTITY('01WuY03bv6K9luHZojco2w',#5,'Qto_CDE_GeometricQuantities','Computed from the model geometry (openings subtracted)','CDE qto.py',(#9603,#9604,#9605,#9606,#9607,#9608));
#9610=IFCRELDEFINESBYPROPERTIES('25jQp5wCfA2hl8aQgiBCys',#5,$,$,(#3750),#9609);
#9611=IFCQUANTITYLENGTH('Length',$,$,1.66,$);
#9612=IFCQUANTITYAREA('CrossSectionArea',$,$,0.012,$);
#9613=IFCQUANTITYAREA('OuterSurfaceArea',$,$,0.869,$);
#9614=IFCQUANTITYVOLUME('NetVolume',$,$,0.02,$);
#9615=IFCQUANTITYWEIGHT('NetWeight',$,$,158.256,$);
#9616=IFCELEMENTQUANTITY('0m8z3ZLoDESgZo0YHoBAz9',#5,'Qto_MemberBaseQuantities','Computed from the model geometry (openings subtracted)','CDE qto.py',(#9611,#9612,#9613,#9614,#9615));
#9617=IFCRELDEFINESBYPROPERTIES('1ejI2UWiDC_PCEnPxqtlCw',#5,$,$,(#3612),#9616);
#9618=IFCQUANTITYLENGTH('Length',$,$,1.9,$);
#9619=IFCQUANTITYLENGTH('Width',$,$,0.465,$);
#9620=IFCQUANTITYLENGTH('Height',$,$,0.45,$);
#9621=IFCQUANTITYAREA('OuterSurfaceArea',$,$,3.734,$);
#9622=IFCQUANTITYVOLUME('NetVolume',$,$,0.082,$);
#9623=IFCQUANTITYWEIGHT('NetWeight',$,$,53.105,$);
#9624=IFCELEMENTQUANTITY('3K6e0bcTPBb8i5sLI8tzLf',#5,'Qto_CDE_GeometricQuantities','Computed from the model geometry (openings subtracted)','CDE qto.py',(#9618,#9619,#9620,#9621,#9622,#9623));
#9625=IFCRELDEFINESBYPROPERTIES('1z$qlq2z99SONX4W4asP$_',#5,$,$,(#3418),#9624);
#9626=IFCQUANTITYLENGTH('Length',$,$,1.66,$);
#9627=IFCQUANTITYAREA('CrossSectionArea',$,$,0.012,$);
#9628=IFCQUANTITYAREA('OuterSurfaceArea',$,$,0.869,$);
#9629=IFCQUANTITYVOLUME('NetVolume',$,$,0.02,$);
#9630=IFCQUANTITYWEIGHT('NetWeight',$,$,158.256,$);
#9631=IFCELEMENTQUANTITY('2E_B$V4NjBKgKQvb7AWyz$',#5,'Qto_MemberBaseQuantities','Computed from the model geometry (openings subtracted)','CDE qto.py',(#9626,#9627,#9628,#9629,#9630));
#9632=IFCRELDEFINESBYPROPERTIES('0xUOncWrX0CgNvcTWMRXjN',#5,$,$,(#3778),#9631);
#9633=IFCQUANTITYLENGTH('Length',$,$,1.9,$);
#9634=IFCQUANTITYLENGTH('Width',$,$,0.465,$);
#9635=IFCQUANTITYLENGTH('Height',$,$,0.45,$);
#9636=IFCQUANTITYAREA('OuterSurfaceArea',$,$,3.734,$);
#9637=IFCQUANTITYVOLUME('NetVolume',$,$,0.082,$);
#9638=IFCQUANTITYWEIGHT('NetWeight',$,$,53.105,$);
#9639=IFCELEMENTQUANTITY('0IlPq$AFf5U8zYywEvqEJv',#5,'Qto_CDE_GeometricQuantities','Computed from the model geometry (openings subtracted)','CDE qto.py',(#9633,#9634,#9635,#9636,#9637,#9638));
#9640=IFCRELDEFINESBYPROPERTIES('1GckON7gD0dvTj0rj$IaJS',#5,$,$,(#3916),#9639);
#9641=IFCQUANTITYLENGTH('Length',$,$,1.9,$);
#9642=IFCQUANTITYLENGTH('Width',$,$,0.465,$);
#9643=IFCQUANTITYLENGTH('Height',$,$,0.45,$);
#9644=IFCQUANTITYAREA('OuterSurfaceArea',$,$,3.734,$);
#9645=IFCQUANTITYVOLUME('NetVolume',$,$,0.082,$);
#9646=IFCQUANTITYWEIGHT('NetWeight',$,$,53.105,$);
#9647=IFCELEMENTQUANTITY('0mA0kU7sj4gv6A8318Yzsl',#5,'Qto_CDE_GeometricQuantities','Computed from the model geometry (openings subtracted)','CDE qto.py',(#9641,#9642,#9643,#9644,#9645,#9646));
#9648=IFCRELDEFINESBYPROPERTIES('38uBccOqf1Dvt$q1s9BXTj',#5,$,$,(#3833),#9647);
#9649=IFCQUANTITYLENGTH('Length',$,$,1.66,$);
#9650=IFCQUANTITYAREA('CrossSectionArea',$,$,0.012,$);
#9651=IFCQUANTITYAREA('OuterSurfaceArea',$,$,0.869,$);
#9652=IFCQUANTITYVOLUME('NetVolume',$,$,0.02,$);
#9653=IFCQUANTITYWEIGHT('NetWeight',$,$,158.256,$);
#9654=IFCELEMENTQUANTITY('09OzyZnNfA9Rm34ANWTChP',#5,'Qto_MemberBaseQuantities','Computed from the model geometry (openings subtracted)','CDE qto.py',(#9649,#9650,#9651,#9652,#9653));
#9655=IFCRELDEFINESBYPROPERTIES('0dFLL53fr0MvVPzgOQQA8U',#5,$,$,(#3861),#9654);
#9656=IFCQUANTITYLENGTH('Length',$,$,65.15,$);
#9657=IFCQUANTITYLENGTH('Width',$,$,0.012,$);
#9658=IFCQUANTITYLENGTH('Height',$,$,2.25,$);
#9659=IFCQUANTITYAREA('OuterSurfaceArea',$,$,248.114,$);
#9660=IFCQUANTITYVOLUME('NetVolume',$,$,1.47,$);
#9661=IFCQUANTITYWEIGHT('NetWeight',$,$,3675.375,$);
#9662=IFCELEMENTQUANTITY('2QgkMqj55FcuRdsX_dj1bF',#5,'Qto_CDE_GeometricQuantities','Computed from the model geometry (openings subtracted)','CDE qto.py',(#9656,#9657,#9658,#9659,#9660,#9661));
#9663=IFCRELDEFINESBYPROPERTIES('3jeLCs_Xr7zBykcGuzdnuC',#5,$,$,(#3137),#9662);
#9664=IFCQUANTITYLENGTH('Length',$,$,1.66,$);
#9665=IFCQUANTITYAREA('CrossSectionArea',$,$,0.012,$);
#9666=IFCQUANTITYAREA('OuterSurfaceArea',$,$,0.869,$);
#9667=IFCQUANTITYVOLUME('NetVolume',$,$,0.02,$);
#9668=IFCQUANTITYWEIGHT('NetWeight',$,$,158.256,$);
#9669=IFCELEMENTQUANTITY('0c4ObOdkP62xaCURobmpky',#5,'Qto_MemberBaseQuantities','Computed from the model geometry (openings subtracted)','CDE qto.py',(#9664,#9665,#9666,#9667,#9668));
#9670=IFCRELDEFINESBYPROPERTIES('0_LBtQQTj06QDOiNu0bZFf',#5,$,$,(#4027),#9669);
#9671=IFCQUANTITYLENGTH('Length',$,$,1.66,$);
#9672=IFCQUANTITYAREA('CrossSectionArea',$,$,0.012,$);
#9673=IFCQUANTITYAREA('OuterSurfaceArea',$,$,0.869,$);
#9674=IFCQUANTITYVOLUME('NetVolume',$,$,0.02,$);
#9675=IFCQUANTITYWEIGHT('NetWeight',$,$,158.256,$);
#9676=IFCELEMENTQUANTITY('1wlgs3jeD4BwGFQKbCYHG1',#5,'Qto_MemberBaseQuantities','Computed from the model geometry (openings subtracted)','CDE qto.py',(#9671,#9672,#9673,#9674,#9675));
#9677=IFCRELDEFINESBYPROPERTIES('1ES0Rd1X5049jv4hUHj5$d',#5,$,$,(#3944),#9676);
#9678=IFCQUANTITYLENGTH('Length',$,$,0.6,$);
#9679=IFCQUANTITYLENGTH('Width',$,$,0.04,$);
#9680=IFCQUANTITYLENGTH('Height',$,$,0.32,$);
#9681=IFCQUANTITYAREA('OuterSurfaceArea',$,$,0.458,$);
#9682=IFCQUANTITYVOLUME('NetVolume',$,$,0.008,$);
#9683=IFCELEMENTQUANTITY('2PMR1EdDX4l9t27lxwDbqO',#5,'Qto_BuildingElementProxyQuantities','Computed from the model geometry (openings subtracted)','CDE qto.py',(#9678,#9679,#9680,#9681,#9682));
#9684=IFCRELDEFINESBYPROPERTIES('0w72k8u212rQv_yDbY3WVt',#5,$,$,(#4291),#9683);
#9685=IFCQUANTITYLENGTH('Length',$,$,0.6,$);
#9686=IFCQUANTITYLENGTH('Width',$,$,0.04,$);
#9687=IFCQUANTITYLENGTH('Height',$,$,0.35,$);
#9688=IFCQUANTITYAREA('OuterSurfaceArea',$,$,0.496,$);
#9689=IFCQUANTITYVOLUME('NetVolume',$,$,0.008,$);
#9690=IFCELEMENTQUANTITY('1j1jGa7Y90Yen9kTymYCxY',#5,'Qto_BuildingElementProxyQuantities','Computed from the model geometry (openings subtracted)','CDE qto.py',(#9685,#9686,#9687,#9688,#9689));
#9691=IFCRELDEFINESBYPROPERTIES('0Wqc6aD2L5ze80RXWy_P8O',#5,$,$,(#4311),#9690);
#9692=IFCQUANTITYLENGTH('Length',$,$,3.5,$);
#9693=IFCQUANTITYAREA('CrossSectionArea',$,$,0.009,$);
#9694=IFCQUANTITYAREA('OuterSurfaceArea',$,$,1.622,$);
#9695=IFCQUANTITYVOLUME('NetVolume',$,$,0.032,$);
#9696=IFCQUANTITYWEIGHT('NetWeight',$,$,249.73,$);
#9697=IFCELEMENTQUANTITY('1e1RV3VNjEWvXnWpLL34v_',#5,'Qto_MemberBaseQuantities','Computed from the model geometry (openings subtracted)','CDE qto.py',(#9692,#9693,#9694,#9695,#9696));
#9698=IFCRELDEFINESBYPROPERTIES('2Hx1ca6jP1WR_qYRnst2oJ',#5,$,$,(#4253),#9697);
#9699=IFCQUANTITYLENGTH('Length',$,$,1.51,$);
#9700=IFCQUANTITYLENGTH('Width',$,$,0.05,$);
#9701=IFCQUANTITYLENGTH('Height',$,$,1.5,$);
#9702=IFCQUANTITYAREA('OuterSurfaceArea',$,$,1.959,$);
#9703=IFCQUANTITYVOLUME('NetVolume',$,$,0.04,$);
#9704=IFCELEMENTQUANTITY('1$T38ZP2b8LuYHZLUTa$g_',#5,'Qto_BuildingElementProxyQuantities','Computed from the model geometry (openings subtracted)','CDE qto.py',(#9699,#9700,#9701,#9702,#9703));
#9705=IFCRELDEFINESBYPROPERTIES('36kjqNEJ5E2PA2zVScv992',#5,$,$,(#4332),#9704);
#9706=IFCQUANTITYLENGTH('Length',$,$,1.9,$);
#9707=IFCQUANTITYLENGTH('Width',$,$,0.465,$);
#9708=IFCQUANTITYLENGTH('Height',$,$,0.45,$);
#9709=IFCQUANTITYAREA('OuterSurfaceArea',$,$,3.734,$);
#9710=IFCQUANTITYVOLUME('NetVolume',$,$,0.082,$);
#9711=IFCQUANTITYWEIGHT('NetWeight',$,$,53.105,$);
#9712=IFCELEMENTQUANTITY('3UXWUVAN16TfXkDVhNTKRU',#5,'Qto_CDE_GeometricQuantities','Computed from the model geometry (openings subtracted)','CDE qto.py',(#9706,#9707,#9708,#9709,#9710,#9711));
#9713=IFCRELDEFINESBYPROPERTIES('0M2NUfJP5ED8ultFqOrmhh',#5,$,$,(#3999),#9712);
#9714=IFCQUANTITYLENGTH('Length',$,$,0.6,$);
#9715=IFCQUANTITYLENGTH('Width',$,$,0.04,$);
#9716=IFCQUANTITYLENGTH('Height',$,$,0.32,$);
#9717=IFCQUANTITYAREA('OuterSurfaceArea',$,$,0.458,$);
#9718=IFCQUANTITYVOLUME('NetVolume',$,$,0.008,$);
#9719=IFCELEMENTQUANTITY('18xQz8pEn3BQtrZVmzk48B',#5,'Qto_BuildingElementProxyQuantities','Computed from the model geometry (openings subtracted)','CDE qto.py',(#9714,#9715,#9716,#9717,#9718));
#9720=IFCRELDEFINESBYPROPERTIES('2hx$Hc4OzAZvIQflhXrzv1',#5,$,$,(#4454),#9719);
#9721=IFCQUANTITYLENGTH('Length',$,$,0.6,$);
#9722=IFCQUANTITYLENGTH('Width',$,$,0.04,$);
#9723=IFCQUANTITYLENGTH('Height',$,$,0.35,$);
#9724=IFCQUANTITYAREA('OuterSurfaceArea',$,$,0.496,$);
#9725=IFCQUANTITYVOLUME('NetVolume',$,$,0.008,$);
#9726=IFCELEMENTQUANTITY('0DuG6W_7P4H8Gxp9wIZJ1Z',#5,'Qto_BuildingElementProxyQuantities','Computed from the model geometry (openings subtracted)','CDE qto.py',(#9721,#9722,#9723,#9724,#9725));
#9727=IFCRELDEFINESBYPROPERTIES('0jKjjq0l11txMO7HlxFqPT',#5,$,$,(#4474),#9726);
#9728=IFCQUANTITYLENGTH('Length',$,$,1.51,$);
#9729=IFCQUANTITYLENGTH('Width',$,$,0.05,$);
#9730=IFCQUANTITYLENGTH('Height',$,$,1.5,$);
#9731=IFCQUANTITYAREA('OuterSurfaceArea',$,$,1.959,$);
#9732=IFCQUANTITYVOLUME('NetVolume',$,$,0.04,$);
#9733=IFCELEMENTQUANTITY('3u6_cA$Q5CIOz2fJase$Ka',#5,'Qto_BuildingElementProxyQuantities','Computed from the model geometry (openings subtracted)','CDE qto.py',(#9728,#9729,#9730,#9731,#9732));
#9734=IFCRELDEFINESBYPROPERTIES('2ueyrSWgL62vmoKDvdLZQQ',#5,$,$,(#4495),#9733);
#9735=IFCQUANTITYLENGTH('Length',$,$,3.5,$);
#9736=IFCQUANTITYAREA('CrossSectionArea',$,$,0.009,$);
#9737=IFCQUANTITYAREA('OuterSurfaceArea',$,$,1.622,$);
#9738=IFCQUANTITYVOLUME('NetVolume',$,$,0.032,$);
#9739=IFCQUANTITYWEIGHT('NetWeight',$,$,249.73,$);
#9740=IFCELEMENTQUANTITY('1xFh6zn9H9pBhpLHJVgsYj',#5,'Qto_MemberBaseQuantities','Computed from the model geometry (openings subtracted)','CDE qto.py',(#9735,#9736,#9737,#9738,#9739));
#9741=IFCRELDEFINESBYPROPERTIES('3n2n1zobD1bAqDOnaRm9qC',#5,$,$,(#4415),#9740);
#9742=IFCQUANTITYLENGTH('Length',$,$,0.6,$);
#9743=IFCQUANTITYLENGTH('Width',$,$,0.04,$);
#9744=IFCQUANTITYLENGTH('Height',$,$,0.32,$);
#9745=IFCQUANTITYAREA('OuterSurfaceArea',$,$,0.458,$);
#9746=IFCQUANTITYVOLUME('NetVolume',$,$,0.008,$);
#9747=IFCELEMENTQUANTITY('2XNw0RtwD15gaGIcnigcrm',#5,'Qto_BuildingElementProxyQuantities','Computed from the model geometry (openings subtracted)','CDE qto.py',(#9742,#9743,#9744,#9745,#9746));
#9748=IFCRELDEFINESBYPROPERTIES('1mLZHOHT11hQ5cPvc5TDmc',#5,$,$,(#4617),#9747);
#9749=IFCQUANTITYLENGTH('Length',$,$,1.51,$);
#9750=IFCQUANTITYLENGTH('Width',$,$,0.05,$);
#9751=IFCQUANTITYLENGTH('Height',$,$,1.5,$);
#9752=IFCQUANTITYAREA('OuterSurfaceArea',$,$,1.959,$);
#9753=IFCQUANTITYVOLUME('NetVolume',$,$,0.04,$);
#9754=IFCELEMENTQUANTITY('0POaocrfz4Ow$E55HblSIz',#5,'Qto_BuildingElementProxyQuantities','Computed from the model geometry (openings subtracted)','CDE qto.py',(#9749,#9750,#9751,#9752,#9753));
#9755=IFCRELDEFINESBYPROPERTIES('0x71Mo7M11$flFgHe99C5b',#5,$,$,(#4658),#9754);
#9756=IFCQUANTITYLENGTH('Length',$,$,60.479,$);
#9757=IFCQUANTITYLENGTH('Width',$,$,0.464,$);
#9758=IFCQUANTITYLENGTH('Height',$,$,0.9,$);
#9759=IFCQUANTITYAREA('OuterSurfaceArea',$,$,10.041,$);
#9760=IFCQUANTITYVOLUME('NetVolume',$,$,0.914,$);
#9761=IFCQUANTITYWEIGHT('NetWeight',$,$,7175.87,$);
#9762=IFCELEMENTQUANTITY('304YXW8PH5KvONQ58eWIuh',#5,'Qto_CDE_GeometricQuantities','Computed from the model geometry (openings subtracted)','CDE qto.py',(#9756,#9757,#9758,#9759,#9760,#9761));
#9763=IFCRELDEFINESBYPROPERTIES('3XTUPLBJjCv80m1BtLHadd',#5,$,$,(#4156),#9762);
#9764=IFCQUANTITYLENGTH('Length',$,$,0.6,$);
#9765=IFCQUANTITYLENGTH('Width',$,$,0.04,$);
#9766=IFCQUANTITYLENGTH('Height',$,$,0.32,$);
#9767=IFCQUANTITYAREA('OuterSurfaceArea',$,$,0.458,$);
#9768=IFCQUANTITYVOLUME('NetVolume',$,$,0.008,$);
#9769=IFCELEMENTQUANTITY('0ojdvNtz99W9W9UuZp1Gm8',#5,'Qto_BuildingElementProxyQuantities','Computed from the model geometry (openings subtracted)','CDE qto.py',(#9764,#9765,#9766,#9767,#9768));
#9770=IFCRELDEFINESBYPROPERTIES('0zbHxZ1xj0EujXzUH3HDSk',#5,$,$,(#4780),#9769);
#9771=IFCQUANTITYLENGTH('Length',$,$,3.5,$);
#9772=IFCQUANTITYAREA('CrossSectionArea',$,$,0.009,$);
#9773=IFCQUANTITYAREA('OuterSurfaceArea',$,$,1.622,$);
#9774=IFCQUANTITYVOLUME('NetVolume',$,$,0.032,$);
#9775=IFCQUANTITYWEIGHT('NetWeight',$,$,249.73,$);
#9776=IFCELEMENTQUANTITY('0KRyWImkX2_fEGminW5zz_',#5,'Qto_MemberBaseQuantities','Computed from the model geometry (openings subtracted)','CDE qto.py',(#9771,#9772,#9773,#9774,#9775));
#9777=IFCRELDEFINESBYPROPERTIES('0B1n2m3PfBE9KgMb64tJSi',#5,$,$,(#4741),#9776);
#9778=IFCQUANTITYLENGTH('Length',$,$,82.284,$);
#9779=IFCQUANTITYLENGTH('Width',$,$,44.588,$);
#9780=IFCQUANTITYLENGTH('Depth',$,$,0.15,$);
#9781=IFCQUANTITYAREA('GrossArea',$,$,3385.838,$);
#9782=IFCQUANTITYVOLUME('NetVolume',$,$,315.481,$);
#9783=IFCQUANTITYWEIGHT('NetWeight',$,$,725605.664,$);
#9784=IFCELEMENTQUANTITY('0GU5zGFfj1bhueMrTlREEP',#5,'Qto_SlabBaseQuantities','Computed from the model geometry (openings subtracted)','CDE qto.py',(#9778,#9779,#9780,#9781,#9782,#9783));
#9785=IFCRELDEFINESBYPROPERTIES('3hSGZI1J92P9eYjUL3nbC_',#5,$,$,(#363),#9784);
#9786=IFCQUANTITYLENGTH('Length',$,$,0.6,$);
#9787=IFCQUANTITYLENGTH('Width',$,$,0.04,$);
#9788=IFCQUANTITYLENGTH('Height',$,$,0.35,$);
#9789=IFCQUANTITYAREA('OuterSurfaceArea',$,$,0.496,$);
#9790=IFCQUANTITYVOLUME('NetVolume',$,$,0.008,$);
#9791=IFCELEMENTQUANTITY('3TliGXzDD2CxNPKgeydByL',#5,'Qto_BuildingElementProxyQuantities','Computed from the model geometry (openings subtracted)','CDE qto.py',(#9786,#9787,#9788,#9789,#9790));
#9792=IFCRELDEFINESBYPROPERTIES('0XXGQhlgDCCuTaPzlPBpKq',#5,$,$,(#4800),#9791);
#9793=IFCQUANTITYLENGTH('Length',$,$,3.5,$);
#9794=IFCQUANTITYAREA('CrossSectionArea',$,$,0.009,$);
#9795=IFCQUANTITYAREA('OuterSurfaceArea',$,$,1.622,$);
#9796=IFCQUANTITYVOLUME('NetVolume',$,$,0.032,$);
#9797=IFCQUANTITYWEIGHT('NetWeight',$,$,249.73,$);
#9798=IFCELEMENTQUANTITY('3$htAUFhb9_P$$mk_tDADb',#5,'Qto_MemberBaseQuantities','Computed from the model geometry (openings subtracted)','CDE qto.py',(#9793,#9794,#9795,#9796,#9797));
#9799=IFCRELDEFINESBYPROPERTIES('2al46w3jz5Ggbf603qYKZP',#5,$,$,(#4904),#9798);
#9800=IFCQUANTITYLENGTH('Length',$,$,1.51,$);
#9801=IFCQUANTITYLENGTH('Width',$,$,0.05,$);
#9802=IFCQUANTITYLENGTH('Height',$,$,1.5,$);
#9803=IFCQUANTITYAREA('OuterSurfaceArea',$,$,1.959,$);
#9804=IFCQUANTITYVOLUME('NetVolume',$,$,0.04,$);
#9805=IFCELEMENTQUANTITY('1y_4fooiz7DBr8JilwHjor',#5,'Qto_BuildingElementProxyQuantities','Computed from the model geometry (openings subtracted)','CDE qto.py',(#9800,#9801,#9802,#9803,#9804));
#9806=IFCRELDEFINESBYPROPERTIES('1DZaCwIqrE6vMxGJB_nXfX',#5,$,$,(#4821),#9805);
#9807=IFCQUANTITYLENGTH('Length',$,$,0.6,$);
#9808=IFCQUANTITYLENGTH('Width',$,$,0.04,$);
#9809=IFCQUANTITYLENGTH('Height',$,$,0.35,$);
#9810=IFCQUANTITYAREA('OuterSurfaceArea',$,$,0.496,$);
#9811=IFCQUANTITYVOLUME('NetVolume',$,$,0.008,$);
#9812=IFCELEMENTQUANTITY('2d8cKfjz5BrPF49yIG03eJ',#5,'Qto_BuildingElementProxyQuantities','Computed from the model geometry (openings subtracted)','CDE qto.py',(#9807,#9808,#9809,#9810,#9811));
#9813=IFCRELDEFINESBYPROPERTIES('2O6PkAl7n3XRovX62rF1PG',#5,$,$,(#4963),#9812);
#9814=IFCQUANTITYLENGTH('Length',$,$,0.6,$);
#9815=IFCQUANTITYLENGTH('Width',$,$,0.04,$);
#9816=IFCQUANTITYLENGTH('Height',$,$,0.32,$);
#9817=IFCQUANTITYAREA('OuterSurfaceArea',$,$,0.458,$);
#9818=IFCQUANTITYVOLUME('NetVolume',$,$,0.008,$);
#9819=IFCELEMENTQUANTITY('2wFJTf0Hr6awx5t6xsPp7Q',#5,'Qto_BuildingElementProxyQuantities','Computed from the model geometry (openings subtracted)','CDE qto.py',(#9814,#9815,#9816,#9817,#9818));
#9820=IFCRELDEFINESBYPROPERTIES('1nJorpIar3hBEz_7wk$oKu',#5,$,$,(#4943),#9819);
#9821=IFCQUANTITYLENGTH('Length',$,$,0.6,$);
#9822=IFCQUANTITYLENGTH('Width',$,$,0.04,$);
#9823=IFCQUANTITYLENGTH('Height',$,$,0.32,$);
#9824=IFCQUANTITYAREA('OuterSurfaceArea',$,$,0.458,$);
#9825=IFCQUANTITYVOLUME('NetVolume',$,$,0.008,$);
#9826=IFCELEMENTQUANTITY('2QM4GyQgXC_heK8YWO2GpU',#5,'Qto_BuildingElementProxyQuantities','Computed from the model geometry (openings subtracted)','CDE qto.py',(#9821,#9822,#9823,#9824,#9825));
#9827=IFCRELDEFINESBYPROPERTIES('0SBj28ZIfB1ul8ONz4SZfl',#5,$,$,(#5106),#9826);
#9828=IFCQUANTITYLENGTH('Length',$,$,1.51,$);
#9829=IFCQUANTITYLENGTH('Width',$,$,0.05,$);
#9830=IFCQUANTITYLENGTH('Height',$,$,1.5,$);
#9831=IFCQUANTITYAREA('OuterSurfaceArea',$,$,1.959,$);
#9832=IFCQUANTITYVOLUME('NetVolume',$,$,0.04,$);
#9833=IFCELEMENTQUANTITY('2Tagi34E1FqfGpT6hjJ1KR',#5,'Qto_BuildingElementProxyQuantities','Computed from the model geometry (openings subtracted)','CDE qto.py',(#9828,#9829,#9830,#9831,#9832));
#9834=IFCRELDEFINESBYPROPERTIES('2oUwn4ftfCpAkGAPpnX9OO',#5,$,$,(#4984),#9833);
#9835=IFCQUANTITYLENGTH('Length',$,$,0.6,$);
#9836=IFCQUANTITYLENGTH('Width',$,$,0.04,$);
#9837=IFCQUANTITYLENGTH('Height',$,$,0.35,$);
#9838=IFCQUANTITYAREA('OuterSurfaceArea',$,$,0.496,$);
#9839=IFCQUANTITYVOLUME('NetVolume',$,$,0.008,$);
#9840=IFCELEMENTQUANTITY('3IlEpXh2n00R9BkXJedqKY',#5,'Qto_BuildingElementProxyQuantities','Computed from the model geometry (openings subtracted)','CDE qto.py',(#9835,#9836,#9837,#9838,#9839));
#9841=IFCRELDEFINESBYPROPERTIES('0lhZnOnjfAJe93CEQ9REdV',#5,$,$,(#4637),#9840);
#9842=IFCQUANTITYLENGTH('Length',$,$,0.6,$);
#9843=IFCQUANTITYLENGTH('Width',$,$,0.04,$);
#9844=IFCQUANTITYLENGTH('Height',$,$,0.35,$);
#9845=IFCQUANTITYAREA('OuterSurfaceArea',$,$,0.496,$);
#9846=IFCQUANTITYVOLUME('NetVolume',$,$,0.008,$);
#9847=IFCELEMENTQUANTITY('0sfhfBej517BvIOI2EbdHl',#5,'Qto_BuildingElementProxyQuantities','Computed from the model geometry (openings subtracted)','CDE qto.py',(#9842,#9843,#9844,#9845,#9846));
#9848=IFCRELDEFINESBYPROPERTIES('0efUPBwyX49hepJZQmBg8D',#5,$,$,(#5126),#9847);
#9849=IFCQUANTITYLENGTH('Length',$,$,3.5,$);
#9850=IFCQUANTITYAREA('CrossSectionArea',$,$,0.009,$);
#9851=IFCQUANTITYAREA('OuterSurfaceArea',$,$,1.622,$);
#9852=IFCQUANTITYVOLUME('NetVolume',$,$,0.032,$);
#9853=IFCQUANTITYWEIGHT('NetWeight',$,$,249.73,$);
#9854=IFCELEMENTQUANTITY('3vRqHZbXf8YPHxqUQw_Ptp',#5,'Qto_MemberBaseQuantities','Computed from the model geometry (openings subtracted)','CDE qto.py',(#9849,#9850,#9851,#9852,#9853));
#9855=IFCRELDEFINESBYPROPERTIES('2BxbytaGf4OBcJa9BzvZVA',#5,$,$,(#5230),#9854);
#9856=IFCQUANTITYLENGTH('Length',$,$,0.6,$);
#9857=IFCQUANTITYLENGTH('Width',$,$,0.04,$);
#9858=IFCQUANTITYLENGTH('Height',$,$,0.32,$);
#9859=IFCQUANTITYAREA('OuterSurfaceArea',$,$,0.458,$);
#9860=IFCQUANTITYVOLUME('NetVolume',$,$,0.008,$);
#9861=IFCELEMENTQUANTITY('1w97PR3216Af$zzn3h4U8F',#5,'Qto_BuildingElementProxyQuantities','Computed from the model geometry (openings subtracted)','CDE qto.py',(#9856,#9857,#9858,#9859,#9860));
#9862=IFCRELDEFINESBYPROPERTIES('3Sip$EusXBDua6X0KW5kZQ',#5,$,$,(#5269),#9861);
#9863=IFCQUANTITYLENGTH('Length',$,$,1.51,$);
#9864=IFCQUANTITYLENGTH('Width',$,$,0.05,$);
#9865=IFCQUANTITYLENGTH('Height',$,$,1.5,$);
#9866=IFCQUANTITYAREA('OuterSurfaceArea',$,$,1.959,$);
#9867=IFCQUANTITYVOLUME('NetVolume',$,$,0.04,$);
#9868=IFCELEMENTQUANTITY('3fkbr_EhX5FfucMdOXcoeL',#5,'Qto_BuildingElementProxyQuantities','Computed from the model geometry (openings subtracted)','CDE qto.py',(#9863,#9864,#9865,#9866,#9867));
#9869=IFCRELDEFINESBYPROPERTIES('2toT46oxTA4QKvtvHsQDBa',#5,$,$,(#5310),#9868);
#9870=IFCQUANTITYLENGTH('Length',$,$,3.5,$);
#9871=IFCQUANTITYAREA('CrossSectionArea',$,$,0.009,$);
#9872=IFCQUANTITYAREA('OuterSurfaceArea',$,$,1.622,$);
#9873=IFCQUANTITYVOLUME('NetVolume',$,$,0.032,$);
#9874=IFCQUANTITYWEIGHT('NetWeight',$,$,249.73,$);
#9875=IFCELEMENTQUANTITY('0v2eU2Rer2vAEth_KvLVgx',#5,'Qto_MemberBaseQuantities','Computed from the model geometry (openings subtracted)','CDE qto.py',(#9870,#9871,#9872,#9873,#9874));
#9876=IFCRELDEFINESBYPROPERTIES('3nbpHB5sD6jvMl4B0JHYSp',#5,$,$,(#5393),#9875);
#9877=IFCQUANTITYLENGTH('Length',$,$,0.6,$);
#9878=IFCQUANTITYLENGTH('Width',$,$,0.04,$);
#9879=IFCQUANTITYLENGTH('Height',$,$,0.32,$);
#9880=IFCQUANTITYAREA('OuterSurfaceArea',$,$,0.458,$);
#9881=IFCQUANTITYVOLUME('NetVolume',$,$,0.008,$);
#9882=IFCELEMENTQUANTITY('2HfJLBTrHFlRJ9hkXGIRMo',#5,'Qto_BuildingElementProxyQuantities','Computed from the model geometry (openings subtracted)','CDE qto.py',(#9877,#9878,#9879,#9880,#9881));
#9883=IFCRELDEFINESBYPROPERTIES('3yKoJpt6jA5xqJkbTzL1GM',#5,$,$,(#5432),#9882);
#9884=IFCQUANTITYLENGTH('Length',$,$,3.5,$);
#9885=IFCQUANTITYAREA('CrossSectionArea',$,$,0.009,$);
#9886=IFCQUANTITYAREA('OuterSurfaceArea',$,$,1.622,$);
#9887=IFCQUANTITYVOLUME('NetVolume',$,$,0.032,$);
#9888=IFCQUANTITYWEIGHT('NetWeight',$,$,249.73,$);
#9889=IFCELEMENTQUANTITY('1lqpZYUXvCOAAkN14mCXW2',#5,'Qto_MemberBaseQuantities','Computed from the model geometry (openings subtracted)','CDE qto.py',(#9884,#9885,#9886,#9887,#9888));
#9890=IFCRELDEFINESBYPROPERTIES('2afz4q9J18vvWdHs9CZvXK',#5,$,$,(#4578),#9889);
#9891=IFCQUANTITYLENGTH('Length',$,$,0.6,$);
#9892=IFCQUANTITYLENGTH('Width',$,$,0.04,$);
#9893=IFCQUANTITYLENGTH('Height',$,$,0.35,$);
#9894=IFCQUANTITYAREA('OuterSurfaceArea',$,$,0.496,$);
#9895=IFCQUANTITYVOLUME('NetVolume',$,$,0.008,$);
#9896=IFCELEMENTQUANTITY('1$l6k_w$bB8BY6sIOGKc8l',#5,'Qto_BuildingElementProxyQuantities','Computed from the model geometry (openings subtracted)','CDE qto.py',(#9891,#9892,#9893,#9894,#9895));
#9897=IFCRELDEFINESBYPROPERTIES('1S7IbFgHr12feM2s$$apjl',#5,$,$,(#5452),#9896);
#9898=IFCQUANTITYLENGTH('Length',$,$,0.6,$);
#9899=IFCQUANTITYLENGTH('Width',$,$,0.04,$);
#9900=IFCQUANTITYLENGTH('Height',$,$,0.35,$);
#9901=IFCQUANTITYAREA('OuterSurfaceArea',$,$,0.496,$);
#9902=IFCQUANTITYVOLUME('NetVolume',$,$,0.008,$);
#9903=IFCELEMENTQUANTITY('1e$26oS8f8Lfqp08iGGXid',#5,'Qto_BuildingElementProxyQuantities','Computed from the model geometry (openings subtracted)','CDE qto.py',(#9898,#9899,#9900,#9901,#9902));
#9904=IFCRELDEFINESBYPROPERTIES('0nYd9GJa53OgKF_p1E8lTH',#5,$,$,(#5289),#9903);
#9905=IFCQUANTITYLENGTH('Length',$,$,1.51,$);
#9906=IFCQUANTITYLENGTH('Width',$,$,0.05,$);
#9907=IFCQUANTITYLENGTH('Height',$,$,1.5,$);
#9908=IFCQUANTITYAREA('OuterSurfaceArea',$,$,1.959,$);
#9909=IFCQUANTITYVOLUME('NetVolume',$,$,0.04,$);
#9910=IFCELEMENTQUANTITY('0fmLT1Sqz2uePZqlyDbc6h',#5,'Qto_BuildingElementProxyQuantities','Computed from the model geometry (openings subtracted)','CDE qto.py',(#9905,#9906,#9907,#9908,#9909));
#9911=IFCRELDEFINESBYPROPERTIES('3h48MFXujAkxuYicddeYSB',#5,$,$,(#5473),#9910);
#9912=IFCQUANTITYLENGTH('Length',$,$,3.5,$);
#9913=IFCQUANTITYAREA('CrossSectionArea',$,$,0.009,$);
#9914=IFCQUANTITYAREA('OuterSurfaceArea',$,$,1.622,$);
#9915=IFCQUANTITYVOLUME('NetVolume',$,$,0.032,$);
#9916=IFCQUANTITYWEIGHT('NetWeight',$,$,249.73,$);
#9917=IFCELEMENTQUANTITY('0Z_a2jFB96RvcQKodM64cI',#5,'Qto_MemberBaseQuantities','Computed from the model geometry (openings subtracted)','CDE qto.py',(#9912,#9913,#9914,#9915,#9916));
#9918=IFCRELDEFINESBYPROPERTIES('2C8UK8W2D5xgrKvy677sOR',#5,$,$,(#5067),#9917);
#9919=IFCQUANTITYLENGTH('Length',$,$,3.5,$);
#9920=IFCQUANTITYAREA('CrossSectionArea',$,$,0.009,$);
#9921=IFCQUANTITYAREA('OuterSurfaceArea',$,$,1.622,$);
#9922=IFCQUANTITYVOLUME('NetVolume',$,$,0.032,$);
#9923=IFCQUANTITYWEIGHT('NetWeight',$,$,249.73,$);
#9924=IFCELEMENTQUANTITY('3Njsbf_zT7Xgoq8NTccfeW',#5,'Qto_MemberBaseQuantities','Computed from the model geometry (openings subtracted)','CDE qto.py',(#9919,#9920,#9921,#9922,#9923));
#9925=IFCRELDEFINESBYPROPERTIES('21ExZ$Wv18ZxaOCfHi_Kqf',#5,$,$,(#5556),#9924);
#9926=IFCQUANTITYLENGTH('Length',$,$,1.51,$);
#9927=IFCQUANTITYLENGTH('Width',$,$,0.05,$);
#9928=IFCQUANTITYLENGTH('Height',$,$,1.5,$);
#9929=IFCQUANTITYAREA('OuterSurfaceArea',$,$,1.959,$);
#9930=IFCQUANTITYVOLUME('NetVolume',$,$,0.04,$);
#9931=IFCELEMENTQUANTITY('12D08mvQT4tBjBzmvz2gNK',#5,'Qto_BuildingElementProxyQuantities','Computed from the model geometry (openings subtracted)','CDE qto.py',(#9926,#9927,#9928,#9929,#9930));
#9932=IFCRELDEFINESBYPROPERTIES('3ndtW9VNXCPRe$dzGF76yO',#5,$,$,(#5147),#9931);
#9933=IFCQUANTITYLENGTH('Length',$,$,63.55,$);
#9934=IFCQUANTITYAREA('CrossSectionArea',$,$,0.003,$);
#9935=IFCQUANTITYAREA('OuterSurfaceArea',$,$,16.005,$);
#9936=IFCQUANTITYVOLUME('NetVolume',$,$,0.198,$);
#9937=IFCQUANTITYWEIGHT('NetWeight',$,$,1554.3,$);
#9938=IFCELEMENTQUANTITY('0FrQXZhTj88OGip3ElD0nB',#5,'Qto_MemberBaseQuantities','Computed from the model geometry (openings subtracted)','CDE qto.py',(#9933,#9934,#9935,#9936,#9937));
#9939=IFCRELDEFINESBYPROPERTIES('2cWkuoAZnCmg4FGi72Jkwb',#5,$,$,(#3197),#9938);
#9940=IFCQUANTITYLENGTH('Length',$,$,0.6,$);
#9941=IFCQUANTITYLENGTH('Width',$,$,0.04,$);
#9942=IFCQUANTITYLENGTH('Height',$,$,0.35,$);
#9943=IFCQUANTITYAREA('OuterSurfaceArea',$,$,0.496,$);
#9944=IFCQUANTITYVOLUME('NetVolume',$,$,0.008,$);
#9945=IFCELEMENTQUANTITY('1uP_Ny5MvDduhRagbz4aI3',#5,'Qto_BuildingElementProxyQuantities','Computed from the model geometry (openings subtracted)','CDE qto.py',(#9940,#9941,#9942,#9943,#9944));
#9946=IFCRELDEFINESBYPROPERTIES('05EFUyNMHCchmlftDMuJmq',#5,$,$,(#5778),#9945);
#9947=IFCQUANTITYLENGTH('Length',$,$,0.6,$);
#9948=IFCQUANTITYLENGTH('Width',$,$,0.04,$);
#9949=IFCQUANTITYLENGTH('Height',$,$,0.35,$);
#9950=IFCQUANTITYAREA('OuterSurfaceArea',$,$,0.496,$);
#9951=IFCQUANTITYVOLUME('NetVolume',$,$,0.008,$);
#9952=IFCELEMENTQUANTITY('14aIOUPu597gr$MUn7nSwg',#5,'Qto_BuildingElementProxyQuantities','Computed from the model geometry (openings subtracted)','CDE qto.py',(#9947,#9948,#9949,#9950,#9951));
#9953=IFCRELDEFINESBYPROPERTIES('0xx8pbpgf86hoKtM7DK7Mq',#5,$,$,(#5615),#9952);
#9954=IFCQUANTITYLENGTH('Length',$,$,1.51,$);
#9955=IFCQUANTITYLENGTH('Width',$,$,0.05,$);
#9956=IFCQUANTITYLENGTH('Height',$,$,1.5,$);
#9957=IFCQUANTITYAREA('OuterSurfaceArea',$,$,1.959,$);
#9958=IFCQUANTITYVOLUME('NetVolume',$,$,0.04,$);
#9959=IFCELEMENTQUANTITY('0Aqx9GZHDF1PHKT3RBlaPJ',#5,'Qto_BuildingElementProxyQuantities','Computed from the model geometry (openings subtracted)','CDE qto.py',(#9954,#9955,#9956,#9957,#9958));
#9960=IFCRELDEFINESBYPROPERTIES('2qlEqmtuTA_QrZaqt3nRC1',#5,$,$,(#5799),#9959);
#9961=IFCQUANTITYLENGTH('Length',$,$,0.6,$);
#9962=IFCQUANTITYLENGTH('Width',$,$,0.04,$);
#9963=IFCQUANTITYLENGTH('Height',$,$,0.32,$);
#9964=IFCQUANTITYAREA('OuterSurfaceArea',$,$,0.458,$);
#9965=IFCQUANTITYVOLUME('NetVolume',$,$,0.008,$);
#9966=IFCELEMENTQUANTITY('1cXaDyqMjAU8bTz8CC0qxB',#5,'Qto_BuildingElementProxyQuantities','Computed from the model geometry (openings subtracted)','CDE qto.py',(#9961,#9962,#9963,#9964,#9965));
#9967=IFCRELDEFINESBYPROPERTIES('27mR$EByjEG9BaHCmDXNTw',#5,$,$,(#5595),#9966);
#9968=IFCQUANTITYLENGTH('Length',$,$,0.6,$);
#9969=IFCQUANTITYLENGTH('Width',$,$,0.04,$);
#9970=IFCQUANTITYLENGTH('Height',$,$,0.32,$);
#9971=IFCQUANTITYAREA('OuterSurfaceArea',$,$,0.458,$);
#9972=IFCQUANTITYVOLUME('NetVolume',$,$,0.008,$);
#9973=IFCELEMENTQUANTITY('1k35l_XRX5MAZeY4_msMmZ',#5,'Qto_BuildingElementProxyQuantities','Computed from the model geometry (openings subtracted)','CDE qto.py',(#9968,#9969,#9970,#9971,#9972));
#9974=IFCRELDEFINESBYPROPERTIES('2jMrqOrJzFGw$Q683HlmEM',#5,$,$,(#5920),#9973);
#9975=IFCQUANTITYLENGTH('Length',$,$,82.887,$);
#9976=IFCQUANTITYLENGTH('Width',$,$,45.192,$);
#9977=IFCQUANTITYLENGTH('Height',$,$,0.16,$);
#9978=IFCQUANTITYAREA('OuterSurfaceArea',$,$,443.752,$);
#9979=IFCQUANTITYVOLUME('NetVolume',$,$,23.138,$);
#9980=IFCQUANTITYWEIGHT('NetWeight',$,$,62472.587,$);
#9981=IFCELEMENTQUANTITY('31IVMd_Xf5G8tU9$SUHAze',#5,'Qto_CDE_GeometricQuantities','Computed from the model geometry (openings subtracted)','CDE qto.py',(#9975,#9976,#9977,#9978,#9979,#9980));
#9982=IFCRELDEFINESBYPROPERTIES('0_T5cAYM5ASh7vgJX9VcVx',#5,$,$,(#603),#9981);
#9983=IFCQUANTITYLENGTH('Length',$,$,0.6,$);
#9984=IFCQUANTITYLENGTH('Width',$,$,0.04,$);
#9985=IFCQUANTITYLENGTH('Height',$,$,0.32,$);
#9986=IFCQUANTITYAREA('OuterSurfaceArea',$,$,0.458,$);
#9987=IFCQUANTITYVOLUME('NetVolume',$,$,0.008,$);
#9988=IFCELEMENTQUANTITY('1rVwMwdML49xXzJvtlbXsD',#5,'Qto_BuildingElementProxyQuantities','Computed from the model geometry (openings subtracted)','CDE qto.py',(#9983,#9984,#9985,#9986,#9987));
#9989=IFCRELDEFINESBYPROPERTIES('3FUzyqvI18dAWfGKca$sDT',#5,$,$,(#5758),#9988);
#9990=IFCQUANTITYLENGTH('Length',$,$,0.6,$);
#9991=IFCQUANTITYLENGTH('Width',$,$,0.04,$);
#9992=IFCQUANTITYLENGTH('Height',$,$,0.32,$);
#9993=IFCQUANTITYAREA('OuterSurfaceArea',$,$,0.458,$);
#9994=IFCQUANTITYVOLUME('NetVolume',$,$,0.008,$);
#9995=IFCELEMENTQUANTITY('3KHf3f7393jvBTAaed4yy7',#5,'Qto_BuildingElementProxyQuantities','Computed from the model geometry (openings subtracted)','CDE qto.py',(#9990,#9991,#9992,#9993,#9994));
#9996=IFCRELDEFINESBYPROPERTIES('3VNFNpP5TChgJU9jEoG0Y_',#5,$,$,(#6083),#9995);
#9997=IFCQUANTITYLENGTH('Length',$,$,1.51,$);
#9998=IFCQUANTITYLENGTH('Width',$,$,0.05,$);
#9999=IFCQUANTITYLENGTH('Height',$,$,1.5,$);
#10000=IFCQUANTITYAREA('OuterSurfaceArea',$,$,1.959,$);
#10001=IFCQUANTITYVOLUME('NetVolume',$,$,0.04,$);
#10002=IFCELEMENTQUANTITY('3GJM9DUiH1VB0w8FyQNBEJ',#5,'Qto_BuildingElementProxyQuantities','Computed from the model geometry (openings subtracted)','CDE qto.py',(#9997,#9998,#9999,#10000,#10001));
#10003=IFCRELDEFINESBYPROPERTIES('0HK44gYCL1ExkC0Q9dMANB',#5,$,$,(#5636),#10002);
#10004=IFCQUANTITYLENGTH('Length',$,$,0.6,$);
#10005=IFCQUANTITYLENGTH('Width',$,$,0.04,$);
#10006=IFCQUANTITYLENGTH('Height',$,$,0.35,$);
#10007=IFCQUANTITYAREA('OuterSurfaceArea',$,$,0.496,$);
#10008=IFCQUANTITYVOLUME('NetVolume',$,$,0.008,$);
#10009=IFCELEMENTQUANTITY('1FV6w4g_b4Bg1h76YpNbOl',#5,'Qto_BuildingElementProxyQuantities','Computed from the model geometry (openings subtracted)','CDE qto.py',(#10004,#10005,#10006,#10007,#10008));
#10010=IFCRELDEFINESBYPROPERTIES('2l$Z5QRHj93fhXAo8k_7O4',#5,$,$,(#6103),#10009);
#10011=IFCQUANTITYLENGTH('Length',$,$,3.5,$);
#10012=IFCQUANTITYAREA('CrossSectionArea',$,$,0.009,$);
#10013=IFCQUANTITYAREA('OuterSurfaceArea',$,$,1.622,$);
#10014=IFCQUANTITYVOLUME('NetVolume',$,$,0.032,$);
#10015=IFCQUANTITYWEIGHT('NetWeight',$,$,249.73,$);
#10016=IFCELEMENTQUANTITY('3Iqs5svqz7$8Xcjgc7KGGZ',#5,'Qto_MemberBaseQuantities','Computed from the model geometry (openings subtracted)','CDE qto.py',(#10011,#10012,#10013,#10014,#10015));
#10017=IFCRELDEFINESBYPROPERTIES('0W2MpDMlv3hhDpEn9NjGjq',#5,$,$,(#6044),#10016);
#10018=IFCQUANTITYLENGTH('Length',$,$,0.6,$);
#10019=IFCQUANTITYLENGTH('Width',$,$,0.04,$);
#10020=IFCQUANTITYLENGTH('Height',$,$,0.35,$);
#10021=IFCQUANTITYAREA('OuterSurfaceArea',$,$,0.496,$);
#10022=IFCQUANTITYVOLUME('NetVolume',$,$,0.008,$);
#10023=IFCELEMENTQUANTITY('3ZMDbDgJz9mQCuUj$c6wLX',#5,'Qto_BuildingElementProxyQuantities','Computed from the model geometry (openings subtracted)','CDE qto.py',(#10018,#10019,#10020,#10021,#10022));
#10024=IFCRELDEFINESBYPROPERTIES('3voUe12DT2CRjNiAIa90$H',#5,$,$,(#5940),#10023);
#10025=IFCQUANTITYLENGTH('Length',$,$,0.6,$);
#10026=IFCQUANTITYLENGTH('Width',$,$,0.04,$);
#10027=IFCQUANTITYLENGTH('Height',$,$,0.35,$);
#10028=IFCQUANTITYAREA('OuterSurfaceArea',$,$,0.496,$);
#10029=IFCQUANTITYVOLUME('NetVolume',$,$,0.008,$);
#10030=IFCELEMENTQUANTITY('1KeHuy2BD7de36MHZy$786',#5,'Qto_BuildingElementProxyQuantities','Computed from the model geometry (openings subtracted)','CDE qto.py',(#10025,#10026,#10027,#10028,#10029));
#10031=IFCRELDEFINESBYPROPERTIES('1vno9RhezCOe7p_SqmRWXC',#5,$,$,(#6266),#10030);
#10032=IFCQUANTITYLENGTH('Length',$,$,3.5,$);
#10033=IFCQUANTITYAREA('CrossSectionArea',$,$,0.009,$);
#10034=IFCQUANTITYAREA('OuterSurfaceArea',$,$,1.622,$);
#10035=IFCQUANTITYVOLUME('NetVolume',$,$,0.032,$);
#10036=IFCQUANTITYWEIGHT('NetWeight',$,$,249.73,$);
#10037=IFCELEMENTQUANTITY('1_yZiv0zb08wa4KSJ$puln',#5,'Qto_MemberBaseQuantities','Computed from the model geometry (openings subtracted)','CDE qto.py',(#10032,#10033,#10034,#10035,#10036));
#10038=IFCRELDEFINESBYPROPERTIES('36uzP4pG5A4AUVw8UH3gCJ',#5,$,$,(#5882),#10037);
#10039=IFCQUANTITYLENGTH('Length',$,$,3.5,$);
#10040=IFCQUANTITYAREA('CrossSectionArea',$,$,0.009,$);
#10041=IFCQUANTITYAREA('OuterSurfaceArea',$,$,1.622,$);
#10042=IFCQUANTITYVOLUME('NetVolume',$,$,0.032,$);
#10043=IFCQUANTITYWEIGHT('NetWeight',$,$,249.73,$);
#10044=IFCELEMENTQUANTITY('2iOBAoSMXEj8EOI8HDLLug',#5,'Qto_MemberBaseQuantities','Computed from the model geometry (openings subtracted)','CDE qto.py',(#10039,#10040,#10041,#10042,#10043));
#10045=IFCRELDEFINESBYPROPERTIES('0cJQlcYP5C5AQ6A$B175EM',#5,$,$,(#6207),#10044);
#10046=IFCQUANTITYLENGTH('Length',$,$,0.6,$);
#10047=IFCQUANTITYLENGTH('Width',$,$,0.04,$);
#10048=IFCQUANTITYLENGTH('Height',$,$,0.32,$);
#10049=IFCQUANTITYAREA('OuterSurfaceArea',$,$,0.458,$);
#10050=IFCQUANTITYVOLUME('NetVolume',$,$,0.008,$);
#10051=IFCELEMENTQUANTITY('1_$Oe3P5L9NPEzyxXBS$0g',#5,'Qto_BuildingElementProxyQuantities','Computed from the model geometry (openings subtracted)','CDE qto.py',(#10046,#10047,#10048,#10049,#10050));
#10052=IFCRELDEFINESBYPROPERTIES('3LDvAdUFz2EeXamsBGvCKh',#5,$,$,(#6409),#10051);
#10053=IFCQUANTITYLENGTH('Length',$,$,1.51,$);
#10054=IFCQUANTITYLENGTH('Width',$,$,0.05,$);
#10055=IFCQUANTITYLENGTH('Height',$,$,1.5,$);
#10056=IFCQUANTITYAREA('OuterSurfaceArea',$,$,1.959,$);
#10057=IFCQUANTITYVOLUME('NetVolume',$,$,0.04,$);
#10058=IFCELEMENTQUANTITY('3baTxDVbfEnht_E2DMvYzW',#5,'Qto_BuildingElementProxyQuantities','Computed from the model geometry (openings subtracted)','CDE qto.py',(#10053,#10054,#10055,#10056,#10057));
#10059=IFCRELDEFINESBYPROPERTIES('0f_KfH9gT21wAAsAjq2v5F',#5,$,$,(#6287),#10058);
#10060=IFCQUANTITYLENGTH('Length',$,$,1.51,$);
#10061=IFCQUANTITYLENGTH('Width',$,$,0.05,$);
#10062=IFCQUANTITYLENGTH('Height',$,$,1.5,$);
#10063=IFCQUANTITYAREA('OuterSurfaceArea',$,$,1.959,$);
#10064=IFCQUANTITYVOLUME('NetVolume',$,$,0.04,$);
#10065=IFCELEMENTQUANTITY('3nHnc8v7j6qfy13NayWYcv',#5,'Qto_BuildingElementProxyQuantities','Computed from the model geometry (openings subtracted)','CDE qto.py',(#10060,#10061,#10062,#10063,#10064));
#10066=IFCRELDEFINESBYPROPERTIES('36RO3rfdTA7B8V858iGhIY',#5,$,$,(#5961),#10065);
#10067=IFCQUANTITYLENGTH('Length',$,$,3.5,$);
#10068=IFCQUANTITYAREA('CrossSectionArea',$,$,0.009,$);
#10069=IFCQUANTITYAREA('OuterSurfaceArea',$,$,1.622,$);
#10070=IFCQUANTITYVOLUME('NetVolume',$,$,0.032,$);
#10071=IFCQUANTITYWEIGHT('NetWeight',$,$,249.73,$);
#10072=IFCELEMENTQUANTITY('3itAlr9$TE9uirp_ihrz1R',#5,'Qto_MemberBaseQuantities','Computed from the model geometry (openings subtracted)','CDE qto.py',(#10067,#10068,#10069,#10070,#10071));
#10073=IFCRELDEFINESBYPROPERTIES('3sSpMuFMf4OhQ3Zxpiy7wN',#5,$,$,(#5719),#10072);
#10074=IFCQUANTITYLENGTH('Length',$,$,0.6,$);
#10075=IFCQUANTITYLENGTH('Width',$,$,0.04,$);
#10076=IFCQUANTITYLENGTH('Height',$,$,0.35,$);
#10077=IFCQUANTITYAREA('OuterSurfaceArea',$,$,0.496,$);
#10078=IFCQUANTITYVOLUME('NetVolume',$,$,0.008,$);
#10079=IFCELEMENTQUANTITY('2QugSsj9fDlvyiO0uSo4b6',#5,'Qto_BuildingElementProxyQuantities','Computed from the model geometry (openings subtracted)','CDE qto.py',(#10074,#10075,#10076,#10077,#10078));
#10080=IFCRELDEFINESBYPROPERTIES('30PWDHETzD7wQ9WvVd0JBR',#5,$,$,(#6429),#10079);
#10081=IFCQUANTITYLENGTH('Length',$,$,0.6,$);
#10082=IFCQUANTITYLENGTH('Width',$,$,0.04,$);
#10083=IFCQUANTITYLENGTH('Height',$,$,0.35,$);
#10084=IFCQUANTITYAREA('OuterSurfaceArea',$,$,0.496,$);
#10085=IFCQUANTITYVOLUME('NetVolume',$,$,0.008,$);
#10086=IFCELEMENTQUANTITY('25AM3cZpn4TwAMFC2ErOZp',#5,'Qto_BuildingElementProxyQuantities','Computed from the model geometry (openings subtracted)','CDE qto.py',(#10081,#10082,#10083,#10084,#10085));
#10087=IFCRELDEFINESBYPROPERTIES('0nktq0yojB9PgrVNEYTtMw',#5,$,$,(#6592),#10086);
#10088=IFCQUANTITYLENGTH('Length',$,$,0.6,$);
#10089=IFCQUANTITYLENGTH('Width',$,$,0.04,$);
#10090=IFCQUANTITYLENGTH('Height',$,$,0.32,$);
#10091=IFCQUANTITYAREA('OuterSurfaceArea',$,$,0.458,$);
#10092=IFCQUANTITYVOLUME('NetVolume',$,$,0.008,$);
#10093=IFCELEMENTQUANTITY('3OjZU7FtfBbwychGK$zuIP',#5,'Qto_BuildingElementProxyQuantities','Computed from the model geometry (openings subtracted)','CDE qto.py',(#10088,#10089,#10090,#10091,#10092));
#10094=IFCRELDEFINESBYPROPERTIES('04ZQ8IEDr9TPAjVpF3GyMJ',#5,$,$,(#6246),#10093);
#10095=IFCQUANTITYLENGTH('Length',$,$,0.6,$);
#10096=IFCQUANTITYLENGTH('Width',$,$,0.04,$);
#10097=IFCQUANTITYLENGTH('Height',$,$,0.32,$);
#10098=IFCQUANTITYAREA('OuterSurfaceArea',$,$,0.458,$);
#10099=IFCQUANTITYVOLUME('NetVolume',$,$,0.008,$);
#10100=IFCELEMENTQUANTITY('25$TvdFJrACBySZHolr62c',#5,'Qto_BuildingElementProxyQuantities','Computed from the model geometry (openings subtracted)','CDE qto.py',(#10095,#10096,#10097,#10098,#10099));
#10101=IFCRELDEFINESBYPROPERTIES('2OXe0GG4P7zwWd663S2Alj',#5,$,$,(#6572),#10100);
#10102=IFCQUANTITYLENGTH('Length',$,$,0.6,$);
#10103=IFCQUANTITYLENGTH('Width',$,$,0.04,$);
#10104=IFCQUANTITYLENGTH('Height',$,$,0.32,$);
#10105=IFCQUANTITYAREA('OuterSurfaceArea',$,$,0.458,$);
#10106=IFCQUANTITYVOLUME('NetVolume',$,$,0.008,$);
#10107=IFCELEMENTQUANTITY('1zb2R7bw58iem5BIJWweaj',#5,'Qto_BuildingElementProxyQuantities','Computed from the model geometry (openings subtracted)','CDE qto.py',(#10102,#10103,#10104,#10105,#10106));
#10108=IFCRELDEFINESBYPROPERTIES('2Qhd9Xtu9Ch9JakbfXjghT',#5,$,$,(#6735),#10107);
#10109=IFCQUANTITYLENGTH('Length',$,$,1.51,$);
#10110=IFCQUANTITYLENGTH('Width',$,$,0.05,$);
#10111=IFCQUANTITYLENGTH('Height',$,$,1.5,$);
#10112=IFCQUANTITYAREA('OuterSurfaceArea',$,$,1.959,$);
#10113=IFCQUANTITYVOLUME('NetVolume',$,$,0.04,$);
#10114=IFCELEMENTQUANTITY('2bw_eH9Xf20uR90VEag3dr',#5,'Qto_BuildingElementProxyQuantities','Computed from the model geometry (openings subtracted)','CDE qto.py',(#10109,#10110,#10111,#10112,#10113));
#10115=IFCRELDEFINESBYPROPERTIES('38wR1r7UPFHAyB4Msx6798',#5,$,$,(#6613),#10114);
#10116=IFCQUANTITYLENGTH('Length',$,$,0.6,$);
#10117=IFCQUANTITYLENGTH('Width',$,$,0.04,$);
#10118=IFCQUANTITYLENGTH('Height',$,$,0.35,$);
#10119=IFCQUANTITYAREA('OuterSurfaceArea',$,$,0.496,$);
#10120=IFCQUANTITYVOLUME('NetVolume',$,$,0.008,$);
#10121=IFCELEMENTQUANTITY('2a3OcUf_bCHB0$a_InTStS',#5,'Qto_BuildingElementProxyQuantities','Computed from the model geometry (openings subtracted)','CDE qto.py',(#10116,#10117,#10118,#10119,#10120));
#10122=IFCRELDEFINESBYPROPERTIES('2Or_j97XDFIPESYXEBY_bL',#5,$,$,(#6755),#10121);
#10123=IFCQUANTITYLENGTH('Length',$,$,1.51,$);
#10124=IFCQUANTITYLENGTH('Width',$,$,0.05,$);
#10125=IFCQUANTITYLENGTH('Height',$,$,1.5,$);
#10126=IFCQUANTITYAREA('OuterSurfaceArea',$,$,1.959,$);
#10127=IFCQUANTITYVOLUME('NetVolume',$,$,0.04,$);
#10128=IFCELEMENTQUANTITY('3xIduvA$j6EfYYqLhzrtjM',#5,'Qto_BuildingElementProxyQuantities','Computed from the model geometry (openings subtracted)','CDE qto.py',(#10123,#10124,#10125,#10126,#10127));
#10129=IFCRELDEFINESBYPROPERTIES('1udLLpzmjFPvLWOixYG78N',#5,$,$,(#6776),#10128);
#10130=IFCQUANTITYLENGTH('Length',$,$,0.6,$);
#10131=IFCQUANTITYLENGTH('Width',$,$,0.04,$);
#10132=IFCQUANTITYLENGTH('Height',$,$,0.32,$);
#10133=IFCQUANTITYAREA('OuterSurfaceArea',$,$,0.458,$);
#10134=IFCQUANTITYVOLUME('NetVolume',$,$,0.008,$);
#10135=IFCELEMENTQUANTITY('15fxxeWFrAlh2IWtuGI5Qn',#5,'Qto_BuildingElementProxyQuantities','Computed from the model geometry (openings subtracted)','CDE qto.py',(#10130,#10131,#10132,#10133,#10134));
#10136=IFCRELDEFINESBYPROPERTIES('2r3ZhSh_r4zQHtcZdqkH1q',#5,$,$,(#6898),#10135);
#10137=IFCQUANTITYLENGTH('Length',$,$,3.5,$);
#10138=IFCQUANTITYAREA('CrossSectionArea',$,$,0.009,$);
#10139=IFCQUANTITYAREA('OuterSurfaceArea',$,$,1.622,$);
#10140=IFCQUANTITYVOLUME('NetVolume',$,$,0.032,$);
#10141=IFCQUANTITYWEIGHT('NetWeight',$,$,249.73,$);
#10142=IFCELEMENTQUANTITY('0hSz9GWaXFq89I9x$V8pic',#5,'Qto_MemberBaseQuantities','Computed from the model geometry (openings subtracted)','CDE qto.py',(#10137,#10138,#10139,#10140,#10141));
#10143=IFCRELDEFINESBYPROPERTIES('2Klde0U0D0nR13iioF69Hf',#5,$,$,(#6533),#10142);
#10144=IFCQUANTITYLENGTH('Length',$,$,1.51,$);
#10145=IFCQUANTITYLENGTH('Width',$,$,0.05,$);
#10146=IFCQUANTITYLENGTH('Height',$,$,1.5,$);
#10147=IFCQUANTITYAREA('OuterSurfaceArea',$,$,1.959,$);
#10148=IFCQUANTITYVOLUME('NetVolume',$,$,0.04,$);
#10149=IFCELEMENTQUANTITY('2eGPDvDXbC$R4NswSJmTwP',#5,'Qto_BuildingElementProxyQuantities','Computed from the model geometry (openings subtracted)','CDE qto.py',(#10144,#10145,#10146,#10147,#10148));
#10150=IFCRELDEFINESBYPROPERTIES('2OMTxAAdn0DP9uKZ6MXB3S',#5,$,$,(#6939),#10149);
#10151=IFCQUANTITYLENGTH('Length',$,$,5.2,$);
#10152=IFCQUANTITYLENGTH('Width',$,$,0.7,$);
#10153=IFCQUANTITYLENGTH('Height',$,$,2.5,$);
#10154=IFCQUANTITYAREA('OuterSurfaceArea',$,$,36.78,$);
#10155=IFCQUANTITYVOLUME('NetVolume',$,$,9.1,$);
#10156=IFCQUANTITYWEIGHT('NetWeight',$,$,71435.,$);
#10157=IFCELEMENTQUANTITY('2EPUdciXfCZf280l0FjMe2',#5,'Qto_BuildingElementProxyQuantities','Computed from the model geometry (openings subtracted)','CDE qto.py',(#10151,#10152,#10153,#10154,#10155,#10156));
#10158=IFCRELDEFINESBYPROPERTIES('2TDp3jG5vDNPbL4$qclXg_',#5,$,$,(#6973),#10157);
#10159=IFCQUANTITYLENGTH('Length',$,$,1.51,$);
#10160=IFCQUANTITYLENGTH('Width',$,$,0.05,$);
#10161=IFCQUANTITYLENGTH('Height',$,$,1.5,$);
#10162=IFCQUANTITYAREA('OuterSurfaceArea',$,$,1.959,$);
#10163=IFCQUANTITYVOLUME('NetVolume',$,$,0.04,$);
#10164=IFCELEMENTQUANTITY('2yIRBTY4f24vM6ldCJ7PxP',#5,'Qto_BuildingElementProxyQuantities','Computed from the model geometry (openings subtracted)','CDE qto.py',(#10159,#10160,#10161,#10162,#10163));
#10165=IFCRELDEFINESBYPROPERTIES('2W4bN8oH52F9dT6k_Bd$3G',#5,$,$,(#6450),#10164);
#10166=IFCQUANTITYLENGTH('Length',$,$,0.6,$);
#10167=IFCQUANTITYLENGTH('Width',$,$,0.04,$);
#10168=IFCQUANTITYLENGTH('Height',$,$,0.35,$);
#10169=IFCQUANTITYAREA('OuterSurfaceArea',$,$,0.496,$);
#10170=IFCQUANTITYVOLUME('NetVolume',$,$,0.008,$);
#10171=IFCELEMENTQUANTITY('3oNaBiLiD8_grycdJRiPyI',#5,'Qto_BuildingElementProxyQuantities','Computed from the model geometry (openings subtracted)','CDE qto.py',(#10166,#10167,#10168,#10169,#10170));
#10172=IFCRELDEFINESBYPROPERTIES('0sfpYnDBH3Dhj5jxCu4BT7',#5,$,$,(#6918),#10171);
#10173=IFCQUANTITYLENGTH('Length',$,$,3.5,$);
#10174=IFCQUANTITYAREA('CrossSectionArea',$,$,0.009,$);
#10175=IFCQUANTITYAREA('OuterSurfaceArea',$,$,1.622,$);
#10176=IFCQUANTITYVOLUME('NetVolume',$,$,0.032,$);
#10177=IFCQUANTITYWEIGHT('NetWeight',$,$,249.73,$);
#10178=IFCELEMENTQUANTITY('3GjT5M1RP5nenBJJH_TdIc',#5,'Qto_MemberBaseQuantities','Computed from the model geometry (openings subtracted)','CDE qto.py',(#10173,#10174,#10175,#10176,#10177));
#10179=IFCRELDEFINESBYPROPERTIES('28Z8TdhbbBtB$sYO5shYBS',#5,$,$,(#6370),#10178);
#10180=IFCQUANTITYLENGTH('Length',$,$,1.51,$);
#10181=IFCQUANTITYLENGTH('Width',$,$,0.05,$);
#10182=IFCQUANTITYLENGTH('Height',$,$,1.5,$);
#10183=IFCQUANTITYAREA('OuterSurfaceArea',$,$,1.959,$);
#10184=IFCQUANTITYVOLUME('NetVolume',$,$,0.04,$);
#10185=IFCELEMENTQUANTITY('32wmVzkvfFoBy1lobr34Hr',#5,'Qto_BuildingElementProxyQuantities','Computed from the model geometry (openings subtracted)','CDE qto.py',(#10180,#10181,#10182,#10183,#10184));
#10186=IFCRELDEFINESBYPROPERTIES('0y1DM37YP4$v8poiTISzBp',#5,$,$,(#6124),#10185);
#10187=IFCQUANTITYLENGTH('Length',$,$,2.45,$);
#10188=IFCQUANTITYLENGTH('Width',$,$,0.03,$);
#10189=IFCQUANTITYLENGTH('Height',$,$,1.25,$);
#10190=IFCQUANTITYAREA('OuterSurfaceArea',$,$,6.038,$);
#10191=IFCQUANTITYVOLUME('NetVolume',$,$,0.086,$);
#10192=IFCELEMENTQUANTITY('0EwQTHXEP9a86stq4zJpeT',#5,'Qto_BuildingElementProxyQuantities','Computed from the model geometry (openings subtracted)','CDE qto.py',(#10187,#10188,#10189,#10190,#10191));
#10193=IFCRELDEFINESBYPROPERTIES('0MGq0MhOvBAO2tbqZ5Ga89',#5,$,$,(#7437),#10192);
#10194=IFCQUANTITYLENGTH('Length',$,$,1.5,$);
#10195=IFCQUANTITYLENGTH('Width',$,$,0.04,$);
#10196=IFCQUANTITYLENGTH('Height',$,$,0.95,$);
#10197=IFCQUANTITYAREA('OuterSurfaceArea',$,$,3.046,$);
#10198=IFCQUANTITYVOLUME('NetVolume',$,$,0.057,$);
#10199=IFCELEMENTQUANTITY('2te8TqksLCMBUgubYVZpQn',#5,'Qto_BuildingElementProxyQuantities','Computed from the model geometry (openings subtracted)','CDE qto.py',(#10194,#10195,#10196,#10197,#10198));
#10200=IFCRELDEFINESBYPROPERTIES('3VRlNyRA58jAjFbtVwoUXS',#5,$,$,(#7465),#10199);
#10201=IFCQUANTITYLENGTH('Length',$,$,3.5,$);
#10202=IFCQUANTITYAREA('CrossSectionArea',$,$,0.009,$);
#10203=IFCQUANTITYAREA('OuterSurfaceArea',$,$,1.622,$);
#10204=IFCQUANTITYVOLUME('NetVolume',$,$,0.032,$);
#10205=IFCQUANTITYWEIGHT('NetWeight',$,$,249.73,$);
#10206=IFCELEMENTQUANTITY('1zluNU7s9DGgGbm54KX2Tm',#5,'Qto_MemberBaseQuantities','Computed from the model geometry (openings subtracted)','CDE qto.py',(#10201,#10202,#10203,#10204,#10205));
#10207=IFCRELDEFINESBYPROPERTIES('2EZKtXkfj7iQ9fTNcT0a8G',#5,$,$,(#6696),#10206);
#10208=IFCQUANTITYLENGTH('Length',$,$,73.069,$);
#10209=IFCQUANTITYAREA('CrossSectionArea',$,$,0.516,$);
#10210=IFCQUANTITYAREA('OuterSurfaceArea',$,$,571.495,$);
#10211=IFCQUANTITYVOLUME('NetVolume',$,$,37.737,$);
#10212=IFCQUANTITYWEIGHT('NetWeight',$,$,296235.169,$);
#10213=IFCELEMENTQUANTITY('1_9iOu$Nj689aEjs$PaT2_',#5,'Qto_BeamBaseQuantities','Computed from the model geometry (openings subtracted)','CDE qto.py',(#10208,#10209,#10210,#10211,#10212));
#10214=IFCRELDEFINESBYPROPERTIES('1StAQY2cn8zwUQNUqiNzEM',#5,$,$,(#1412),#10213);
#10215=IFCQUANTITYLENGTH('Length',$,$,3.5,$);
#10216=IFCQUANTITYAREA('CrossSectionArea',$,$,0.009,$);
#10217=IFCQUANTITYAREA('OuterSurfaceArea',$,$,1.622,$);
#10218=IFCQUANTITYVOLUME('NetVolume',$,$,0.032,$);
#10219=IFCQUANTITYWEIGHT('NetWeight',$,$,249.73,$);
#10220=IFCELEMENTQUANTITY('1SBUuEINv2rRliD03EuLnA',#5,'Qto_MemberBaseQuantities','Computed from the model geometry (openings subtracted)','CDE qto.py',(#10215,#10216,#10217,#10218,#10219));
#10221=IFCRELDEFINESBYPROPERTIES('36B8mlvlzEYOZEOOray1oF',#5,$,$,(#6859),#10220);
#10222=IFCQUANTITYLENGTH('Length',$,$,1.5,$);
#10223=IFCQUANTITYLENGTH('Width',$,$,0.04,$);
#10224=IFCQUANTITYLENGTH('Height',$,$,0.95,$);
#10225=IFCQUANTITYAREA('OuterSurfaceArea',$,$,3.046,$);
#10226=IFCQUANTITYVOLUME('NetVolume',$,$,0.057,$);
#10227=IFCELEMENTQUANTITY('0L1asFv_vEZhm6lD8Q2Mo9',#5,'Qto_BuildingElementProxyQuantities','Computed from the model geometry (openings subtracted)','CDE qto.py',(#10222,#10223,#10224,#10225,#10226));
#10228=IFCRELDEFINESBYPROPERTIES('0GOmABlY98KQibGc7lMNpj',#5,$,$,(#7537),#10227);
#10229=IFCQUANTITYLENGTH('Length',$,$,5.2,$);
#10230=IFCQUANTITYLENGTH('Width',$,$,0.7,$);
#10231=IFCQUANTITYLENGTH('Height',$,$,2.5,$);
#10232=IFCQUANTITYAREA('OuterSurfaceArea',$,$,36.78,$);
#10233=IFCQUANTITYVOLUME('NetVolume',$,$,9.1,$);
#10234=IFCQUANTITYWEIGHT('NetWeight',$,$,71435.,$);
#10235=IFCELEMENTQUANTITY('2ridAq6orF2ux_z54rT28r',#5,'Qto_BuildingElementProxyQuantities','Computed from the model geometry (openings subtracted)','CDE qto.py',(#10229,#10230,#10231,#10232,#10233,#10234));
#10236=IFCRELDEFINESBYPROPERTIES('39iS4TesbB7wn20MHK6A1P',#5,$,$,(#7572),#10235);
#10237=IFCQUANTITYLENGTH('Length',$,$,2.45,$);
#10238=IFCQUANTITYLENGTH('Width',$,$,0.03,$);
#10239=IFCQUANTITYLENGTH('Height',$,$,1.25,$);
#10240=IFCQUANTITYAREA('OuterSurfaceArea',$,$,6.038,$);
#10241=IFCQUANTITYVOLUME('NetVolume',$,$,0.086,$);
#10242=IFCELEMENTQUANTITY('3IvN50dUvFlenuxIdi4Hsr',#5,'Qto_BuildingElementProxyQuantities','Computed from the model geometry (openings subtracted)','CDE qto.py',(#10237,#10238,#10239,#10240,#10241));
#10243=IFCRELDEFINESBYPROPERTIES('0jIaD3TZf2Pw7V6xYtAF42',#5,$,$,(#8036),#10242);
#10244=IFCQUANTITYLENGTH('Length',$,$,1.5,$);
#10245=IFCQUANTITYLENGTH('Width',$,$,0.04,$);
#10246=IFCQUANTITYLENGTH('Height',$,$,0.95,$);
#10247=IFCQUANTITYAREA('OuterSurfaceArea',$,$,3.046,$);
#10248=IFCQUANTITYVOLUME('NetVolume',$,$,0.057,$);
#10249=IFCELEMENTQUANTITY('0BXxJ6Uub1_PbEiLurtI3s',#5,'Qto_BuildingElementProxyQuantities','Computed from the model geometry (openings subtracted)','CDE qto.py',(#10244,#10245,#10246,#10247,#10248));
#10250=IFCRELDEFINESBYPROPERTIES('2WKDyPF5LCTO4pBTLTYTxM',#5,$,$,(#8064),#10249);
#10251=IFCQUANTITYLENGTH('Length',$,$,1.5,$);
#10252=IFCQUANTITYLENGTH('Width',$,$,0.04,$);
#10253=IFCQUANTITYLENGTH('Height',$,$,0.95,$);
#10254=IFCQUANTITYAREA('OuterSurfaceArea',$,$,3.046,$);
#10255=IFCQUANTITYVOLUME('NetVolume',$,$,0.057,$);
#10256=IFCELEMENTQUANTITY('1NmO2luOP9zf8L0620Ila0',#5,'Qto_BuildingElementProxyQuantities','Computed from the model geometry (openings subtracted)','CDE qto.py',(#10251,#10252,#10253,#10254,#10255));
#10257=IFCRELDEFINESBYPROPERTIES('3HDQC8bB98ohKeDvWF0JCy',#5,$,$,(#8136),#10256);
#10258=IFCQUANTITYLENGTH('Length',$,$,2.45,$);
#10259=IFCQUANTITYLENGTH('Width',$,$,0.03,$);
#10260=IFCQUANTITYLENGTH('Height',$,$,1.25,$);
#10261=IFCQUANTITYAREA('OuterSurfaceArea',$,$,6.038,$);
#10262=IFCQUANTITYVOLUME('NetVolume',$,$,0.086,$);
#10263=IFCELEMENTQUANTITY('3Z2WRXJTf0YgnG$VTEIjLU',#5,'Qto_BuildingElementProxyQuantities','Computed from the model geometry (openings subtracted)','CDE qto.py',(#10258,#10259,#10260,#10261,#10262));
#10264=IFCRELDEFINESBYPROPERTIES('3VOu5OqJ164BN9vQI0KmO6',#5,$,$,(#8108),#10263);
#10265=IFCQUANTITYLENGTH('Length',$,$,35.888,$);
#10266=IFCQUANTITYAREA('CrossSectionArea',$,$,0.009,$);
#10267=IFCQUANTITYAREA('OuterSurfaceArea',$,$,7.292,$);
#10268=IFCQUANTITYVOLUME('NetVolume',$,$,0.305,$);
#10269=IFCQUANTITYWEIGHT('NetWeight',$,$,2397.941,$);
#10270=IFCELEMENTQUANTITY('0HxRW$nXrAhf$AP75fXuvv',#5,'Qto_MemberBaseQuantities','Computed from the model geometry (openings subtracted)','CDE qto.py',(#10265,#10266,#10267,#10268,#10269));
#10271=IFCRELDEFINESBYPROPERTIES('3f_7xfo4j0KvVwRkQldai1',#5,$,$,(#8976),#10270);
#10272=IFCQUANTITYLENGTH('Length',$,$,2.45,$);
#10273=IFCQUANTITYLENGTH('Width',$,$,0.03,$);
#10274=IFCQUANTITYLENGTH('Height',$,$,1.25,$);
#10275=IFCQUANTITYAREA('OuterSurfaceArea',$,$,6.038,$);
#10276=IFCQUANTITYVOLUME('NetVolume',$,$,0.086,$);
#10277=IFCELEMENTQUANTITY('27antEWrv36wW7xnCOWkvb',#5,'Qto_BuildingElementProxyQuantities','Computed from the model geometry (openings subtracted)','CDE qto.py',(#10272,#10273,#10274,#10275,#10276));
#10278=IFCRELDEFINESBYPROPERTIES('0nv5pRmHf7Hgy0aFM0X4CJ',#5,$,$,(#7509),#10277);
#10279=IFCQUANTITYLENGTH('Length',$,$,4.56,$);
#10280=IFCQUANTITYLENGTH('Width',$,$,0.75,$);
#10281=IFCQUANTITYLENGTH('Height',$,$,0.18,$);
#10282=IFCQUANTITYAREA('OuterSurfaceArea',$,$,3.432,$);
#10283=IFCQUANTITYVOLUME('NetVolume',$,$,0.038,$);
#10284=IFCELEMENTQUANTITY('1YPB4TwtD02fVRgTPUWbfv',#5,'Qto_BuildingElementProxyQuantities','Computed from the model geometry (openings subtracted)','CDE qto.py',(#10279,#10280,#10281,#10282,#10283));
#10285=IFCRELDEFINESBYPROPERTIES('1KiAmgg_j6URmFjVPuMvnn',#5,$,$,(#7400),#10284);
#10286=IFCQUANTITYLENGTH('Length',$,$,4.56,$);
#10287=IFCQUANTITYLENGTH('Width',$,$,0.75,$);
#10288=IFCQUANTITYLENGTH('Height',$,$,0.18,$);
#10289=IFCQUANTITYAREA('OuterSurfaceArea',$,$,3.432,$);
#10290=IFCQUANTITYVOLUME('NetVolume',$,$,0.038,$);
#10291=IFCELEMENTQUANTITY('1qGwOG5FD0xRTZwpIpRF83',#5,'Qto_BuildingElementProxyQuantities','Computed from the model geometry (openings subtracted)','CDE qto.py',(#10286,#10287,#10288,#10289,#10290));
#10292=IFCRELDEFINESBYPROPERTIES('2qmXOgxZ97_B83uGhURlNR',#5,$,$,(#7999),#10291);
#10293=IFCQUANTITYLENGTH('Length',$,$,131.805,$);
#10294=IFCQUANTITYAREA('CrossSectionArea',$,$,0.013,$);
#10295=IFCQUANTITYAREA('OuterSurfaceArea',$,$,51.987,$);
#10296=IFCQUANTITYVOLUME('NetVolume',$,$,1.663,$);
#10297=IFCQUANTITYWEIGHT('NetWeight',$,$,13055.454,$);
#10298=IFCELEMENTQUANTITY('2MpBbwg41EZPXUYr1RRvu3',#5,'Qto_MemberBaseQuantities','Computed from the model geometry (openings subtracted)','CDE qto.py',(#10293,#10294,#10295,#10296,#10297));
#10299=IFCRELDEFINESBYPROPERTIES('2PGdARnv18SedP2e9BCf_W',#5,$,$,(#9020),#10298);
#10300=IFCQUANTITYLENGTH('Length',$,$,132.373,$);
#10301=IFCQUANTITYLENGTH('Width',$,$,69.594,$);
#10302=IFCQUANTITYLENGTH('Height',$,$,0.12,$);
#10303=IFCQUANTITYAREA('OuterSurfaceArea',$,$,26.32,$);
#10304=IFCQUANTITYVOLUME('NetVolume',$,$,1.176,$);
#10305=IFCELEMENTQUANTITY('1SNbKu6tnADhEtQxQhICn6',#5,'Qto_CDE_GeometricQuantities','Computed from the model geometry (openings subtracted)','CDE qto.py',(#10300,#10301,#10302,#10303,#10304));
#10306=IFCRELDEFINESBYPROPERTIES('2r9hls5YLCLuu5NT4z2XMJ',#5,$,$,(#9061),#10305);
#10307=IFCQUANTITYLENGTH('Length',$,$,73.743,$);
#10308=IFCQUANTITYLENGTH('Width',$,$,35.517,$);
#10309=IFCQUANTITYLENGTH('Height',$,$,15.65,$);
#10310=IFCQUANTITYAREA('OuterSurfaceArea',$,$,65.977,$);
#10311=IFCQUANTITYVOLUME('NetVolume',$,$,5.677,$);
#10312=IFCQUANTITYWEIGHT('NetWeight',$,$,44565.427,$);
#10313=IFCELEMENTQUANTITY('3XInHwaAr5YRPvp6sbTjzf',#5,'Qto_CDE_GeometricQuantities','Computed from the model geometry (openings subtracted)','CDE qto.py',(#10307,#10308,#10309,#10310,#10311,#10312));
#10314=IFCRELDEFINESBYPROPERTIES('03hEU__gf0m9qr1KggzvBc',#5,$,$,(#8291),#10313);
#10315=IFCQUANTITYLENGTH('Length',$,$,29.065,$);
#10316=IFCQUANTITYLENGTH('Width',$,$,4.668,$);
#10317=IFCQUANTITYLENGTH('Height',$,$,1.,$);
#10318=IFCQUANTITYAREA('OuterSurfaceArea',$,$,17.865,$);
#10319=IFCQUANTITYVOLUME('NetVolume',$,$,0.248,$);
#10320=IFCQUANTITYWEIGHT('NetWeight',$,$,1947.523,$);
#10321=IFCELEMENTQUANTITY('0S1I_0Wbn4rQA2DIpwcghQ',#5,'Qto_RailingBaseQuantities','Computed from the model geometry (openings subtracted)','CDE qto.py',(#10315,#10316,#10317,#10318,#10319,#10320));
#10322=IFCRELDEFINESBYPROPERTIES('0OkrFRdWj4VQk9xTdaZwuz',#5,$,$,(#9411),#10321);
ENDSEC;
END-ISO-10303-21;
